column,unit,meaning,tables
accounting_offered_kw,kW,Literal named model/output field; equations and criteria in current Supplementary Methods,economic_price_sensitivity.csv;economic_primary.csv;reserve_life_sensitivity.csv
accounting_scale_factor,see table context,Literal named model/output field; equations and criteria in current Supplementary Methods,economic_price_sensitivity.csv;economic_primary.csv;reserve_life_sensitivity.csv
achieved_tolerance_confidence,see table context,Literal named model/output field; equations and criteria in current Supplementary Methods,control_pi_boundaries.csv;pi_boundaries.csv
action_fraction,fraction,Literal named model/output field; equations and criteria in current Supplementary Methods,hourly_full/*.parquet
actual_dc_peak_fraction_of_pcc,see table context,Literal named model/output field; equations and criteria in current Supplementary Methods,hourly_full/*.parquet
actual_dc_peak_kw,kW,Literal named model/output field; equations and criteria in current Supplementary Methods,control_pi_scenarios.csv;hourly_full/*.parquet;pi_scenarios.csv
all_scenarios_optimal,see table context,Literal named model/output field; equations and criteria in current Supplementary Methods,renewable_paired_comparisons.csv
analysis,see table context,Literal named model/output field; equations and criteria in current Supplementary Methods,control_renewable_scenarios.csv;renewable_paired_comparisons.csv;renewable_scenarios.csv
annual_independent_units,see table context,Literal named model/output field; equations and criteria in current Supplementary Methods,economic_price_sensitivity.csv;economic_primary.csv;reserve_life_sensitivity.csv
arrival_gpu_h,GPU-h,Literal named model/output field; equations and criteria in current Supplementary Methods,hourly_full/*.parquet;hourly_plot_csv/control_confirm_f10_g20_single_fixed_primary_request_H4_N0.csv;hourly_plot_csv/control_confirm_f10_g20_single_fixed_primary_request_H8_N0.csv;hourly_plot_csv/control_confirm_f10_g30_single_fixed_primary_request_H4_N0.csv;hourly_plot_csv/control_confirm_f10_g30_single_fixed_primary_request_H8_N0.csv;hourly_plot_csv/control_confirm_f10_rigid150_single_fixed_primary_request_H4_N0.csv;hourly_plot_csv/control_confirm_f10_rigid150_single_fixed_primary_request_H8_N0.csv;hourly_plot_csv/control_confirm_f10_rigid225_single_fixed_primary_request_H4_N0.csv;hourly_plot_csv/control_confirm_f10_rigid225_single_fixed_primary_request_H8_N0.csv;hourly_plot_csv/repeat_confirm_f05_H4G8_fresh0_H4_N0.csv;hourly_plot_csv/repeat_confirm_f05_H4G8_fresh1_H4_N0.csv;hourly_plot_csv/repeat_confirm_f05_H4G8_fresh2_H4_N0.csv;hourly_plot_csv/repeat_confirm_f05_H4G8_fresh3_H4_N0.csv;hourly_plot_csv/repeat_confirm_f05_H4G8_single_offer_repeated_H4_N0.csv;hourly_plot_csv/repeat_confirm_f05_H8G12_fresh0_H8_N0.csv;hourly_plot_csv/repeat_confirm_f05_H8G12_fresh1_H8_N0.csv;hourly_plot_csv/repeat_confirm_f05_H8G12_fresh2_H8_N0.csv;hourly_plot_csv/repeat_confirm_f05_H8G12_fresh3_H8_N0.csv;hourly_plot_csv/repeat_confirm_f05_H8G12_single_offer_repeated_H8_N0.csv;hourly_plot_csv/repeat_confirm_f10_H4G8_fresh0_H4_N0.csv;hourly_plot_csv/repeat_confirm_f10_H4G8_fresh1_H4_N0.csv;hourly_plot_csv/repeat_confirm_f10_H4G8_fresh2_H4_N0.csv;hourly_plot_csv/repeat_confirm_f10_H4G8_fresh3_H4_N0.csv;hourly_plot_csv/repeat_confirm_f10_H4G8_single_offer_repeated_H4_N0.csv;hourly_plot_csv/repeat_confirm_f10_H8G12_fresh0_H8_N0.csv;hourly_plot_csv/repeat_confirm_f10_H8G12_fresh1_H8_N0.csv;hourly_plot_csv/repeat_confirm_f10_H8G12_fresh2_H8_N0.csv;hourly_plot_csv/repeat_confirm_f10_H8G12_fresh3_H8_N0.csv;hourly_plot_csv/repeat_confirm_f10_H8G12_single_offer_repeated_H8_N0.csv;hourly_plot_csv/repeat_confirm_f20_H4G8_fresh0_H4_N0.csv;hourly_plot_csv/repeat_confirm_f20_H4G8_fresh1_H4_N0.csv;hourly_plot_csv/repeat_confirm_f20_H4G8_fresh2_H4_N0.csv;hourly_plot_csv/repeat_confirm_f20_H4G8_fresh3_H4_N0.csv;hourly_plot_csv/repeat_confirm_f20_H4G8_single_offer_repeated_H4_N0.csv;hourly_plot_csv/repeat_confirm_f20_H8G12_fresh0_H8_N0.csv;hourly_plot_csv/repeat_confirm_f20_H8G12_fresh1_H8_N0.csv;hourly_plot_csv/repeat_confirm_f20_H8G12_fresh2_H8_N0.csv;hourly_plot_csv/repeat_confirm_f20_H8G12_fresh3_H8_N0.csv;hourly_plot_csv/repeat_confirm_f20_H8G12_single_offer_repeated_H8_N0.csv;hourly_plot_csv/repeat_confirm_f40_H4G8_fresh0_H4_N0.csv;hourly_plot_csv/repeat_confirm_f40_H4G8_fresh1_H4_N0.csv;hourly_plot_csv/repeat_confirm_f40_H4G8_fresh2_H4_N0.csv;hourly_plot_csv/repeat_confirm_f40_H4G8_fresh3_H4_N0.csv;hourly_plot_csv/repeat_confirm_f40_H4G8_single_offer_repeated_H4_N0.csv;hourly_plot_csv/repeat_confirm_f40_H8G12_fresh0_H8_N0.csv;hourly_plot_csv/repeat_confirm_f40_H8G12_fresh1_H8_N0.csv;hourly_plot_csv/repeat_confirm_f40_H8G12_fresh2_H8_N0.csv;hourly_plot_csv/repeat_confirm_f40_H8G12_fresh3_H8_N0.csv;hourly_plot_csv/repeat_confirm_f40_H8G12_single_offer_repeated_H8_N0.csv;hourly_plot_csv/repeat_confirm_f60_H4G8_fresh0_H4_N0.csv;hourly_plot_csv/repeat_confirm_f60_H4G8_fresh1_H4_N0.csv;hourly_plot_csv/repeat_confirm_f60_H4G8_fresh2_H4_N0.csv;hourly_plot_csv/repeat_confirm_f60_H4G8_fresh3_H4_N0.csv;hourly_plot_csv/repeat_confirm_f60_H4G8_single_offer_repeated_H4_N0.csv;hourly_plot_csv/repeat_confirm_f60_H8G12_fresh0_H8_N0.csv;hourly_plot_csv/repeat_confirm_f60_H8G12_fresh1_H8_N0.csv;hourly_plot_csv/repeat_confirm_f60_H8G12_fresh2_H8_N0.csv;hourly_plot_csv/repeat_confirm_f60_H8G12_fresh3_H8_N0.csv;hourly_plot_csv/repeat_confirm_f60_H8G12_single_offer_repeated_H8_N0.csv;hourly_plot_csv/repeat_dev_f05_H4G8_fraction0p25_H4_N0.csv;hourly_plot_csv/repeat_dev_f05_H4G8_fraction0p5_H4_N0.csv;hourly_plot_csv/repeat_dev_f05_H4G8_fraction0p75_H4_N0.csv;hourly_plot_csv/repeat_dev_f05_H4G8_fraction1p0_H4_N0.csv;hourly_plot_csv/repeat_dev_f05_H8G12_fraction0p25_H8_N0.csv;hourly_plot_csv/repeat_dev_f05_H8G12_fraction0p5_H8_N0.csv;hourly_plot_csv/repeat_dev_f05_H8G12_fraction0p75_H8_N0.csv;hourly_plot_csv/repeat_dev_f05_H8G12_fraction1p0_H8_N0.csv;hourly_plot_csv/repeat_dev_f10_H4G8_fraction0p25_H4_N0.csv;hourly_plot_csv/repeat_dev_f10_H4G8_fraction0p5_H4_N0.csv;hourly_plot_csv/repeat_dev_f10_H4G8_fraction0p75_H4_N0.csv;hourly_plot_csv/repeat_dev_f10_H4G8_fraction1p0_H4_N0.csv;hourly_plot_csv/repeat_dev_f10_H8G12_fraction0p25_H8_N0.csv;hourly_plot_csv/repeat_dev_f10_H8G12_fraction0p5_H8_N0.csv;hourly_plot_csv/repeat_dev_f10_H8G12_fraction0p75_H8_N0.csv;hourly_plot_csv/repeat_dev_f10_H8G12_fraction1p0_H8_N0.csv;hourly_plot_csv/repeat_dev_f20_H4G8_fraction0p25_H4_N0.csv;hourly_plot_csv/repeat_dev_f20_H4G8_fraction0p5_H4_N0.csv;hourly_plot_csv/repeat_dev_f20_H4G8_fraction0p75_H4_N0.csv;hourly_plot_csv/repeat_dev_f20_H4G8_fraction1p0_H4_N0.csv;hourly_plot_csv/repeat_dev_f20_H8G12_fraction0p25_H8_N0.csv;hourly_plot_csv/repeat_dev_f20_H8G12_fraction0p5_H8_N0.csv;hourly_plot_csv/repeat_dev_f20_H8G12_fraction0p75_H8_N0.csv;hourly_plot_csv/repeat_dev_f20_H8G12_fraction1p0_H8_N0.csv;hourly_plot_csv/repeat_dev_f40_H4G8_fraction0p25_H4_N0.csv;hourly_plot_csv/repeat_dev_f40_H4G8_fraction0p5_H4_N0.csv;hourly_plot_csv/repeat_dev_f40_H4G8_fraction0p75_H4_N0.csv;hourly_plot_csv/repeat_dev_f40_H4G8_fraction1p0_H4_N0.csv;hourly_plot_csv/repeat_dev_f40_H8G12_fraction0p25_H8_N0.csv;hourly_plot_csv/repeat_dev_f40_H8G12_fraction0p5_H8_N0.csv;hourly_plot_csv/repeat_dev_f40_H8G12_fraction0p75_H8_N0.csv;hourly_plot_csv/repeat_dev_f40_H8G12_fraction1p0_H8_N0.csv;hourly_plot_csv/repeat_dev_f60_H4G8_fraction0p25_H4_N0.csv;hourly_plot_csv/repeat_dev_f60_H4G8_fraction0p5_H4_N0.csv;hourly_plot_csv/repeat_dev_f60_H4G8_fraction0p75_H4_N0.csv;hourly_plot_csv/repeat_dev_f60_H4G8_fraction1p0_H4_N0.csv;hourly_plot_csv/repeat_dev_f60_H8G12_fraction0p25_H8_N0.csv;hourly_plot_csv/repeat_dev_f60_H8G12_fraction0p5_H8_N0.csv;hourly_plot_csv/repeat_dev_f60_H8G12_fraction0p75_H8_N0.csv;hourly_plot_csv/repeat_dev_f60_H8G12_fraction1p0_H8_N0.csv;hourly_plot_csv/single_confirm_f05_single_selected_H4_N0.csv;hourly_plot_csv/single_confirm_f05_single_selected_H4_N2.csv;hourly_plot_csv/single_confirm_f05_single_selected_H4_N6.csv;hourly_plot_csv/single_confirm_f05_single_selected_H8_N0.csv;hourly_plot_csv/single_confirm_f05_single_selected_H8_N2.csv;hourly_plot_csv/single_confirm_f05_single_selected_H8_N6.csv;hourly_plot_csv/single_confirm_f10_single_selected_H4_N0.csv;hourly_plot_csv/single_confirm_f10_single_selected_H4_N2.csv;hourly_plot_csv/single_confirm_f10_single_selected_H4_N6.csv;hourly_plot_csv/single_confirm_f10_single_selected_H8_N0.csv;hourly_plot_csv/single_confirm_f10_single_selected_H8_N2.csv;hourly_plot_csv/single_confirm_f10_single_selected_H8_N6.csv;hourly_plot_csv/single_confirm_f20_single_selected_H4_N0.csv;hourly_plot_csv/single_confirm_f20_single_selected_H4_N2.csv;hourly_plot_csv/single_confirm_f20_single_selected_H4_N6.csv;hourly_plot_csv/single_confirm_f20_single_selected_H8_N0.csv;hourly_plot_csv/single_confirm_f20_single_selected_H8_N2.csv;hourly_plot_csv/single_confirm_f20_single_selected_H8_N6.csv;hourly_plot_csv/single_confirm_f40_single_selected_H4_N0.csv;hourly_plot_csv/single_confirm_f40_single_selected_H4_N2.csv;hourly_plot_csv/single_confirm_f40_single_selected_H4_N6.csv;hourly_plot_csv/single_confirm_f40_single_selected_H8_N0.csv;hourly_plot_csv/single_confirm_f40_single_selected_H8_N2.csv;hourly_plot_csv/single_confirm_f40_single_selected_H8_N6.csv;hourly_plot_csv/single_confirm_f60_single_selected_H4_N0.csv;hourly_plot_csv/single_confirm_f60_single_selected_H4_N2.csv;hourly_plot_csv/single_confirm_f60_single_selected_H4_N6.csv;hourly_plot_csv/single_confirm_f60_single_selected_H8_N0.csv;hourly_plot_csv/single_confirm_f60_single_selected_H8_N2.csv;hourly_plot_csv/single_confirm_f60_single_selected_H8_N6.csv;hourly_plot_csv/single_dev_f05_single_fraction0p5_H4_N0.csv;hourly_plot_csv/single_dev_f05_single_fraction0p5_H8_N0.csv;hourly_plot_csv/single_dev_f05_single_fraction0p75_H4_N0.csv;hourly_plot_csv/single_dev_f05_single_fraction0p75_H8_N0.csv;hourly_plot_csv/single_dev_f05_single_fraction0p9_H4_N0.csv;hourly_plot_csv/single_dev_f05_single_fraction0p9_H8_N0.csv;hourly_plot_csv/single_dev_f05_single_fraction1p0_H4_N0.csv;hourly_plot_csv/single_dev_f05_single_fraction1p0_H8_N0.csv;hourly_plot_csv/single_dev_f10_single_fraction0p5_H4_N0.csv;hourly_plot_csv/single_dev_f10_single_fraction0p5_H8_N0.csv;hourly_plot_csv/single_dev_f10_single_fraction0p75_H4_N0.csv;hourly_plot_csv/single_dev_f10_single_fraction0p75_H8_N0.csv;hourly_plot_csv/single_dev_f10_single_fraction0p9_H4_N0.csv;hourly_plot_csv/single_dev_f10_single_fraction0p9_H8_N0.csv;hourly_plot_csv/single_dev_f10_single_fraction1p0_H4_N0.csv;hourly_plot_csv/single_dev_f10_single_fraction1p0_H8_N0.csv;hourly_plot_csv/single_dev_f20_single_fraction0p5_H4_N0.csv;hourly_plot_csv/single_dev_f20_single_fraction0p5_H8_N0.csv;hourly_plot_csv/single_dev_f20_single_fraction0p75_H4_N0.csv;hourly_plot_csv/single_dev_f20_single_fraction0p75_H8_N0.csv;hourly_plot_csv/single_dev_f20_single_fraction0p9_H4_N0.csv;hourly_plot_csv/single_dev_f20_single_fraction0p9_H8_N0.csv;hourly_plot_csv/single_dev_f20_single_fraction1p0_H4_N0.csv;hourly_plot_csv/single_dev_f20_single_fraction1p0_H8_N0.csv;hourly_plot_csv/single_dev_f40_single_fraction0p5_H4_N0.csv;hourly_plot_csv/single_dev_f40_single_fraction0p5_H8_N0.csv;hourly_plot_csv/single_dev_f40_single_fraction0p75_H4_N0.csv;hourly_plot_csv/single_dev_f40_single_fraction0p75_H8_N0.csv;hourly_plot_csv/single_dev_f40_single_fraction0p9_H4_N0.csv;hourly_plot_csv/single_dev_f40_single_fraction0p9_H8_N0.csv;hourly_plot_csv/single_dev_f40_single_fraction1p0_H4_N0.csv;hourly_plot_csv/single_dev_f40_single_fraction1p0_H8_N0.csv;hourly_plot_csv/single_dev_f60_single_fraction0p5_H4_N0.csv;hourly_plot_csv/single_dev_f60_single_fraction0p5_H8_N0.csv;hourly_plot_csv/single_dev_f60_single_fraction0p75_H4_N0.csv;hourly_plot_csv/single_dev_f60_single_fraction0p75_H8_N0.csv;hourly_plot_csv/single_dev_f60_single_fraction0p9_H4_N0.csv;hourly_plot_csv/single_dev_f60_single_fraction0p9_H8_N0.csv;hourly_plot_csv/single_dev_f60_single_fraction1p0_H4_N0.csv;hourly_plot_csv/single_dev_f60_single_fraction1p0_H8_N0.csv
arrived_offline_inference_gpu_h,GPU-h,Literal named model/output field; equations and criteria in current Supplementary Methods,hourly_full/*.parquet
arrived_training_gpu_h,GPU-h,Literal named model/output field; equations and criteria in current Supplementary Methods,hourly_full/*.parquet
artifact,see table context,Literal named model/output field; equations and criteria in current Supplementary Methods,control_scenario_index.csv;scenario_index.csv
background_community_peak_kw,kW,Literal named model/output field; equations and criteria in current Supplementary Methods,hourly_full/*.parquet
backlog_excess_gpu_h,GPU-h,Literal named model/output field; equations and criteria in current Supplementary Methods,hourly_full/*.parquet
backlog_gpu_h,GPU-h,Literal named model/output field; equations and criteria in current Supplementary Methods,hourly_full/*.parquet;hourly_plot_csv/control_confirm_f10_g20_single_fixed_primary_request_H4_N0.csv;hourly_plot_csv/control_confirm_f10_g20_single_fixed_primary_request_H8_N0.csv;hourly_plot_csv/control_confirm_f10_g30_single_fixed_primary_request_H4_N0.csv;hourly_plot_csv/control_confirm_f10_g30_single_fixed_primary_request_H8_N0.csv;hourly_plot_csv/control_confirm_f10_rigid150_single_fixed_primary_request_H4_N0.csv;hourly_plot_csv/control_confirm_f10_rigid150_single_fixed_primary_request_H8_N0.csv;hourly_plot_csv/control_confirm_f10_rigid225_single_fixed_primary_request_H4_N0.csv;hourly_plot_csv/control_confirm_f10_rigid225_single_fixed_primary_request_H8_N0.csv;hourly_plot_csv/repeat_confirm_f05_H4G8_fresh0_H4_N0.csv;hourly_plot_csv/repeat_confirm_f05_H4G8_fresh1_H4_N0.csv;hourly_plot_csv/repeat_confirm_f05_H4G8_fresh2_H4_N0.csv;hourly_plot_csv/repeat_confirm_f05_H4G8_fresh3_H4_N0.csv;hourly_plot_csv/repeat_confirm_f05_H4G8_single_offer_repeated_H4_N0.csv;hourly_plot_csv/repeat_confirm_f05_H8G12_fresh0_H8_N0.csv;hourly_plot_csv/repeat_confirm_f05_H8G12_fresh1_H8_N0.csv;hourly_plot_csv/repeat_confirm_f05_H8G12_fresh2_H8_N0.csv;hourly_plot_csv/repeat_confirm_f05_H8G12_fresh3_H8_N0.csv;hourly_plot_csv/repeat_confirm_f05_H8G12_single_offer_repeated_H8_N0.csv;hourly_plot_csv/repeat_confirm_f10_H4G8_fresh0_H4_N0.csv;hourly_plot_csv/repeat_confirm_f10_H4G8_fresh1_H4_N0.csv;hourly_plot_csv/repeat_confirm_f10_H4G8_fresh2_H4_N0.csv;hourly_plot_csv/repeat_confirm_f10_H4G8_fresh3_H4_N0.csv;hourly_plot_csv/repeat_confirm_f10_H4G8_single_offer_repeated_H4_N0.csv;hourly_plot_csv/repeat_confirm_f10_H8G12_fresh0_H8_N0.csv;hourly_plot_csv/repeat_confirm_f10_H8G12_fresh1_H8_N0.csv;hourly_plot_csv/repeat_confirm_f10_H8G12_fresh2_H8_N0.csv;hourly_plot_csv/repeat_confirm_f10_H8G12_fresh3_H8_N0.csv;hourly_plot_csv/repeat_confirm_f10_H8G12_single_offer_repeated_H8_N0.csv;hourly_plot_csv/repeat_confirm_f20_H4G8_fresh0_H4_N0.csv;hourly_plot_csv/repeat_confirm_f20_H4G8_fresh1_H4_N0.csv;hourly_plot_csv/repeat_confirm_f20_H4G8_fresh2_H4_N0.csv;hourly_plot_csv/repeat_confirm_f20_H4G8_fresh3_H4_N0.csv;hourly_plot_csv/repeat_confirm_f20_H4G8_single_offer_repeated_H4_N0.csv;hourly_plot_csv/repeat_confirm_f20_H8G12_fresh0_H8_N0.csv;hourly_plot_csv/repeat_confirm_f20_H8G12_fresh1_H8_N0.csv;hourly_plot_csv/repeat_confirm_f20_H8G12_fresh2_H8_N0.csv;hourly_plot_csv/repeat_confirm_f20_H8G12_fresh3_H8_N0.csv;hourly_plot_csv/repeat_confirm_f20_H8G12_single_offer_repeated_H8_N0.csv;hourly_plot_csv/repeat_confirm_f40_H4G8_fresh0_H4_N0.csv;hourly_plot_csv/repeat_confirm_f40_H4G8_fresh1_H4_N0.csv;hourly_plot_csv/repeat_confirm_f40_H4G8_fresh2_H4_N0.csv;hourly_plot_csv/repeat_confirm_f40_H4G8_fresh3_H4_N0.csv;hourly_plot_csv/repeat_confirm_f40_H4G8_single_offer_repeated_H4_N0.csv;hourly_plot_csv/repeat_confirm_f40_H8G12_fresh0_H8_N0.csv;hourly_plot_csv/repeat_confirm_f40_H8G12_fresh1_H8_N0.csv;hourly_plot_csv/repeat_confirm_f40_H8G12_fresh2_H8_N0.csv;hourly_plot_csv/repeat_confirm_f40_H8G12_fresh3_H8_N0.csv;hourly_plot_csv/repeat_confirm_f40_H8G12_single_offer_repeated_H8_N0.csv;hourly_plot_csv/repeat_confirm_f60_H4G8_fresh0_H4_N0.csv;hourly_plot_csv/repeat_confirm_f60_H4G8_fresh1_H4_N0.csv;hourly_plot_csv/repeat_confirm_f60_H4G8_fresh2_H4_N0.csv;hourly_plot_csv/repeat_confirm_f60_H4G8_fresh3_H4_N0.csv;hourly_plot_csv/repeat_confirm_f60_H4G8_single_offer_repeated_H4_N0.csv;hourly_plot_csv/repeat_confirm_f60_H8G12_fresh0_H8_N0.csv;hourly_plot_csv/repeat_confirm_f60_H8G12_fresh1_H8_N0.csv;hourly_plot_csv/repeat_confirm_f60_H8G12_fresh2_H8_N0.csv;hourly_plot_csv/repeat_confirm_f60_H8G12_fresh3_H8_N0.csv;hourly_plot_csv/repeat_confirm_f60_H8G12_single_offer_repeated_H8_N0.csv;hourly_plot_csv/repeat_dev_f05_H4G8_fraction0p25_H4_N0.csv;hourly_plot_csv/repeat_dev_f05_H4G8_fraction0p5_H4_N0.csv;hourly_plot_csv/repeat_dev_f05_H4G8_fraction0p75_H4_N0.csv;hourly_plot_csv/repeat_dev_f05_H4G8_fraction1p0_H4_N0.csv;hourly_plot_csv/repeat_dev_f05_H8G12_fraction0p25_H8_N0.csv;hourly_plot_csv/repeat_dev_f05_H8G12_fraction0p5_H8_N0.csv;hourly_plot_csv/repeat_dev_f05_H8G12_fraction0p75_H8_N0.csv;hourly_plot_csv/repeat_dev_f05_H8G12_fraction1p0_H8_N0.csv;hourly_plot_csv/repeat_dev_f10_H4G8_fraction0p25_H4_N0.csv;hourly_plot_csv/repeat_dev_f10_H4G8_fraction0p5_H4_N0.csv;hourly_plot_csv/repeat_dev_f10_H4G8_fraction0p75_H4_N0.csv;hourly_plot_csv/repeat_dev_f10_H4G8_fraction1p0_H4_N0.csv;hourly_plot_csv/repeat_dev_f10_H8G12_fraction0p25_H8_N0.csv;hourly_plot_csv/repeat_dev_f10_H8G12_fraction0p5_H8_N0.csv;hourly_plot_csv/repeat_dev_f10_H8G12_fraction0p75_H8_N0.csv;hourly_plot_csv/repeat_dev_f10_H8G12_fraction1p0_H8_N0.csv;hourly_plot_csv/repeat_dev_f20_H4G8_fraction0p25_H4_N0.csv;hourly_plot_csv/repeat_dev_f20_H4G8_fraction0p5_H4_N0.csv;hourly_plot_csv/repeat_dev_f20_H4G8_fraction0p75_H4_N0.csv;hourly_plot_csv/repeat_dev_f20_H4G8_fraction1p0_H4_N0.csv;hourly_plot_csv/repeat_dev_f20_H8G12_fraction0p25_H8_N0.csv;hourly_plot_csv/repeat_dev_f20_H8G12_fraction0p5_H8_N0.csv;hourly_plot_csv/repeat_dev_f20_H8G12_fraction0p75_H8_N0.csv;hourly_plot_csv/repeat_dev_f20_H8G12_fraction1p0_H8_N0.csv;hourly_plot_csv/repeat_dev_f40_H4G8_fraction0p25_H4_N0.csv;hourly_plot_csv/repeat_dev_f40_H4G8_fraction0p5_H4_N0.csv;hourly_plot_csv/repeat_dev_f40_H4G8_fraction0p75_H4_N0.csv;hourly_plot_csv/repeat_dev_f40_H4G8_fraction1p0_H4_N0.csv;hourly_plot_csv/repeat_dev_f40_H8G12_fraction0p25_H8_N0.csv;hourly_plot_csv/repeat_dev_f40_H8G12_fraction0p5_H8_N0.csv;hourly_plot_csv/repeat_dev_f40_H8G12_fraction0p75_H8_N0.csv;hourly_plot_csv/repeat_dev_f40_H8G12_fraction1p0_H8_N0.csv;hourly_plot_csv/repeat_dev_f60_H4G8_fraction0p25_H4_N0.csv;hourly_plot_csv/repeat_dev_f60_H4G8_fraction0p5_H4_N0.csv;hourly_plot_csv/repeat_dev_f60_H4G8_fraction0p75_H4_N0.csv;hourly_plot_csv/repeat_dev_f60_H4G8_fraction1p0_H4_N0.csv;hourly_plot_csv/repeat_dev_f60_H8G12_fraction0p25_H8_N0.csv;hourly_plot_csv/repeat_dev_f60_H8G12_fraction0p5_H8_N0.csv;hourly_plot_csv/repeat_dev_f60_H8G12_fraction0p75_H8_N0.csv;hourly_plot_csv/repeat_dev_f60_H8G12_fraction1p0_H8_N0.csv;hourly_plot_csv/single_confirm_f05_single_selected_H4_N0.csv;hourly_plot_csv/single_confirm_f05_single_selected_H4_N2.csv;hourly_plot_csv/single_confirm_f05_single_selected_H4_N6.csv;hourly_plot_csv/single_confirm_f05_single_selected_H8_N0.csv;hourly_plot_csv/single_confirm_f05_single_selected_H8_N2.csv;hourly_plot_csv/single_confirm_f05_single_selected_H8_N6.csv;hourly_plot_csv/single_confirm_f10_single_selected_H4_N0.csv;hourly_plot_csv/single_confirm_f10_single_selected_H4_N2.csv;hourly_plot_csv/single_confirm_f10_single_selected_H4_N6.csv;hourly_plot_csv/single_confirm_f10_single_selected_H8_N0.csv;hourly_plot_csv/single_confirm_f10_single_selected_H8_N2.csv;hourly_plot_csv/single_confirm_f10_single_selected_H8_N6.csv;hourly_plot_csv/single_confirm_f20_single_selected_H4_N0.csv;hourly_plot_csv/single_confirm_f20_single_selected_H4_N2.csv;hourly_plot_csv/single_confirm_f20_single_selected_H4_N6.csv;hourly_plot_csv/single_confirm_f20_single_selected_H8_N0.csv;hourly_plot_csv/single_confirm_f20_single_selected_H8_N2.csv;hourly_plot_csv/single_confirm_f20_single_selected_H8_N6.csv;hourly_plot_csv/single_confirm_f40_single_selected_H4_N0.csv;hourly_plot_csv/single_confirm_f40_single_selected_H4_N2.csv;hourly_plot_csv/single_confirm_f40_single_selected_H4_N6.csv;hourly_plot_csv/single_confirm_f40_single_selected_H8_N0.csv;hourly_plot_csv/single_confirm_f40_single_selected_H8_N2.csv;hourly_plot_csv/single_confirm_f40_single_selected_H8_N6.csv;hourly_plot_csv/single_confirm_f60_single_selected_H4_N0.csv;hourly_plot_csv/single_confirm_f60_single_selected_H4_N2.csv;hourly_plot_csv/single_confirm_f60_single_selected_H4_N6.csv;hourly_plot_csv/single_confirm_f60_single_selected_H8_N0.csv;hourly_plot_csv/single_confirm_f60_single_selected_H8_N2.csv;hourly_plot_csv/single_confirm_f60_single_selected_H8_N6.csv;hourly_plot_csv/single_dev_f05_single_fraction0p5_H4_N0.csv;hourly_plot_csv/single_dev_f05_single_fraction0p5_H8_N0.csv;hourly_plot_csv/single_dev_f05_single_fraction0p75_H4_N0.csv;hourly_plot_csv/single_dev_f05_single_fraction0p75_H8_N0.csv;hourly_plot_csv/single_dev_f05_single_fraction0p9_H4_N0.csv;hourly_plot_csv/single_dev_f05_single_fraction0p9_H8_N0.csv;hourly_plot_csv/single_dev_f05_single_fraction1p0_H4_N0.csv;hourly_plot_csv/single_dev_f05_single_fraction1p0_H8_N0.csv;hourly_plot_csv/single_dev_f10_single_fraction0p5_H4_N0.csv;hourly_plot_csv/single_dev_f10_single_fraction0p5_H8_N0.csv;hourly_plot_csv/single_dev_f10_single_fraction0p75_H4_N0.csv;hourly_plot_csv/single_dev_f10_single_fraction0p75_H8_N0.csv;hourly_plot_csv/single_dev_f10_single_fraction0p9_H4_N0.csv;hourly_plot_csv/single_dev_f10_single_fraction0p9_H8_N0.csv;hourly_plot_csv/single_dev_f10_single_fraction1p0_H4_N0.csv;hourly_plot_csv/single_dev_f10_single_fraction1p0_H8_N0.csv;hourly_plot_csv/single_dev_f20_single_fraction0p5_H4_N0.csv;hourly_plot_csv/single_dev_f20_single_fraction0p5_H8_N0.csv;hourly_plot_csv/single_dev_f20_single_fraction0p75_H4_N0.csv;hourly_plot_csv/single_dev_f20_single_fraction0p75_H8_N0.csv;hourly_plot_csv/single_dev_f20_single_fraction0p9_H4_N0.csv;hourly_plot_csv/single_dev_f20_single_fraction0p9_H8_N0.csv;hourly_plot_csv/single_dev_f20_single_fraction1p0_H4_N0.csv;hourly_plot_csv/single_dev_f20_single_fraction1p0_H8_N0.csv;hourly_plot_csv/single_dev_f40_single_fraction0p5_H4_N0.csv;hourly_plot_csv/single_dev_f40_single_fraction0p5_H8_N0.csv;hourly_plot_csv/single_dev_f40_single_fraction0p75_H4_N0.csv;hourly_plot_csv/single_dev_f40_single_fraction0p75_H8_N0.csv;hourly_plot_csv/single_dev_f40_single_fraction0p9_H4_N0.csv;hourly_plot_csv/single_dev_f40_single_fraction0p9_H8_N0.csv;hourly_plot_csv/single_dev_f40_single_fraction1p0_H4_N0.csv;hourly_plot_csv/single_dev_f40_single_fraction1p0_H8_N0.csv;hourly_plot_csv/single_dev_f60_single_fraction0p5_H4_N0.csv;hourly_plot_csv/single_dev_f60_single_fraction0p5_H8_N0.csv;hourly_plot_csv/single_dev_f60_single_fraction0p75_H4_N0.csv;hourly_plot_csv/single_dev_f60_single_fraction0p75_H8_N0.csv;hourly_plot_csv/single_dev_f60_single_fraction0p9_H4_N0.csv;hourly_plot_csv/single_dev_f60_single_fraction0p9_H8_N0.csv;hourly_plot_csv/single_dev_f60_single_fraction1p0_H4_N0.csv;hourly_plot_csv/single_dev_f60_single_fraction1p0_H8_N0.csv
backlog_offline_inference_gpu_h,GPU-h,Literal named model/output field; equations and criteria in current Supplementary Methods,hourly_full/*.parquet
backlog_training_gpu_h,GPU-h,Literal named model/output field; equations and criteria in current Supplementary Methods,hourly_full/*.parquet
baseline_backlog_gpu_h,GPU-h,Literal named model/output field; equations and criteria in current Supplementary Methods,hourly_full/*.parquet
baseline_deadline_miss_rate,fraction,Literal named model/output field; equations and criteria in current Supplementary Methods,scenario_index.csv
baseline_pcc_power_kw,kW,Literal named model/output field; equations and criteria in current Supplementary Methods,hourly_full/*.parquet
baseline_service_feasible,see table context,Literal named model/output field; equations and criteria in current Supplementary Methods,control_scenario_index.csv;scenario_index.csv
bess_dispatch_mode,see table context,Literal named model/output field; equations and criteria in current Supplementary Methods,control_renewable_scenarios.csv;renewable_scenarios.csv
bess_enabled,see table context,Literal named model/output field; equations and criteria in current Supplementary Methods,control_renewable_scenarios.csv;renewable_paired_comparisons.csv;renewable_scenarios.csv
calibration_artifact_id,see table context,Literal named model/output field; equations and criteria in current Supplementary Methods,hourly_full/*.parquet
calibration_artifact_sha256,see table context,Literal named model/output field; equations and criteria in current Supplementary Methods,hourly_full/*.parquet
calibration_power_case,see table context,Literal named model/output field; equations and criteria in current Supplementary Methods,hourly_full/*.parquet
calibration_role,see table context,Literal named model/output field; equations and criteria in current Supplementary Methods,calibration_run_means.csv
capacity_kw,kW,Literal named model/output field; equations and criteria in current Supplementary Methods,all_trial_event_outcomes.csv;control_causal_summary.csv;control_confirmation_ledgers.csv;repeat_confirm_summary.csv;repeat_dev_summary.csv;repeat_selected.csv;repeated_confirmation_ledgers.csv;single_confirm_summary.csv;single_confirmation_ledgers.csv;single_dev_summary.csv;single_selected.csv
capacity_layer,see table context,Literal named model/output field; equations and criteria in current Supplementary Methods,control_pi_boundaries.csv;control_pi_scenarios.csv;control_renewable_scenarios.csv;pi_boundaries.csv;pi_scenarios.csv;renewable_scenarios.csv
capacity_payment_expected_break_even,see table context,Literal named model/output field; equations and criteria in current Supplementary Methods,economic_primary.csv;reserve_life_sensitivity.csv
capped_delivered_energy_kwh,kWh,Literal named model/output field; equations and criteria in current Supplementary Methods,control_confirmation_ledgers.csv;repeated_confirmation_ledgers.csv;single_confirmation_ledgers.csv
case,identifier,Declared workload / control configuration,all_trial_event_outcomes.csv;control_causal_summary.csv;control_confirmation_ledgers.csv;control_pi_boundaries.csv;control_pi_scenarios.csv;control_renewable_scenarios.csv;control_scenario_index.csv;economic_price_sensitivity.csv;economic_primary.csv;failure_attribution_counts.csv;hourly_full/*.parquet;hourly_plot_csv/control_confirm_f10_g20_single_fixed_primary_request_H4_N0.csv;hourly_plot_csv/control_confirm_f10_g20_single_fixed_primary_request_H8_N0.csv;hourly_plot_csv/control_confirm_f10_g30_single_fixed_primary_request_H4_N0.csv;hourly_plot_csv/control_confirm_f10_g30_single_fixed_primary_request_H8_N0.csv;hourly_plot_csv/control_confirm_f10_rigid150_single_fixed_primary_request_H4_N0.csv;hourly_plot_csv/control_confirm_f10_rigid150_single_fixed_primary_request_H8_N0.csv;hourly_plot_csv/control_confirm_f10_rigid225_single_fixed_primary_request_H4_N0.csv;hourly_plot_csv/control_confirm_f10_rigid225_single_fixed_primary_request_H8_N0.csv;hourly_plot_csv/repeat_confirm_f05_H4G8_fresh0_H4_N0.csv;hourly_plot_csv/repeat_confirm_f05_H4G8_fresh1_H4_N0.csv;hourly_plot_csv/repeat_confirm_f05_H4G8_fresh2_H4_N0.csv;hourly_plot_csv/repeat_confirm_f05_H4G8_fresh3_H4_N0.csv;hourly_plot_csv/repeat_confirm_f05_H4G8_single_offer_repeated_H4_N0.csv;hourly_plot_csv/repeat_confirm_f05_H8G12_fresh0_H8_N0.csv;hourly_plot_csv/repeat_confirm_f05_H8G12_fresh1_H8_N0.csv;hourly_plot_csv/repeat_confirm_f05_H8G12_fresh2_H8_N0.csv;hourly_plot_csv/repeat_confirm_f05_H8G12_fresh3_H8_N0.csv;hourly_plot_csv/repeat_confirm_f05_H8G12_single_offer_repeated_H8_N0.csv;hourly_plot_csv/repeat_confirm_f10_H4G8_fresh0_H4_N0.csv;hourly_plot_csv/repeat_confirm_f10_H4G8_fresh1_H4_N0.csv;hourly_plot_csv/repeat_confirm_f10_H4G8_fresh2_H4_N0.csv;hourly_plot_csv/repeat_confirm_f10_H4G8_fresh3_H4_N0.csv;hourly_plot_csv/repeat_confirm_f10_H4G8_single_offer_repeated_H4_N0.csv;hourly_plot_csv/repeat_confirm_f10_H8G12_fresh0_H8_N0.csv;hourly_plot_csv/repeat_confirm_f10_H8G12_fresh1_H8_N0.csv;hourly_plot_csv/repeat_confirm_f10_H8G12_fresh2_H8_N0.csv;hourly_plot_csv/repeat_confirm_f10_H8G12_fresh3_H8_N0.csv;hourly_plot_csv/repeat_confirm_f10_H8G12_single_offer_repeated_H8_N0.csv;hourly_plot_csv/repeat_confirm_f20_H4G8_fresh0_H4_N0.csv;hourly_plot_csv/repeat_confirm_f20_H4G8_fresh1_H4_N0.csv;hourly_plot_csv/repeat_confirm_f20_H4G8_fresh2_H4_N0.csv;hourly_plot_csv/repeat_confirm_f20_H4G8_fresh3_H4_N0.csv;hourly_plot_csv/repeat_confirm_f20_H4G8_single_offer_repeated_H4_N0.csv;hourly_plot_csv/repeat_confirm_f20_H8G12_fresh0_H8_N0.csv;hourly_plot_csv/repeat_confirm_f20_H8G12_fresh1_H8_N0.csv;hourly_plot_csv/repeat_confirm_f20_H8G12_fresh2_H8_N0.csv;hourly_plot_csv/repeat_confirm_f20_H8G12_fresh3_H8_N0.csv;hourly_plot_csv/repeat_confirm_f20_H8G12_single_offer_repeated_H8_N0.csv;hourly_plot_csv/repeat_confirm_f40_H4G8_fresh0_H4_N0.csv;hourly_plot_csv/repeat_confirm_f40_H4G8_fresh1_H4_N0.csv;hourly_plot_csv/repeat_confirm_f40_H4G8_fresh2_H4_N0.csv;hourly_plot_csv/repeat_confirm_f40_H4G8_fresh3_H4_N0.csv;hourly_plot_csv/repeat_confirm_f40_H4G8_single_offer_repeated_H4_N0.csv;hourly_plot_csv/repeat_confirm_f40_H8G12_fresh0_H8_N0.csv;hourly_plot_csv/repeat_confirm_f40_H8G12_fresh1_H8_N0.csv;hourly_plot_csv/repeat_confirm_f40_H8G12_fresh2_H8_N0.csv;hourly_plot_csv/repeat_confirm_f40_H8G12_fresh3_H8_N0.csv;hourly_plot_csv/repeat_confirm_f40_H8G12_single_offer_repeated_H8_N0.csv;hourly_plot_csv/repeat_confirm_f60_H4G8_fresh0_H4_N0.csv;hourly_plot_csv/repeat_confirm_f60_H4G8_fresh1_H4_N0.csv;hourly_plot_csv/repeat_confirm_f60_H4G8_fresh2_H4_N0.csv;hourly_plot_csv/repeat_confirm_f60_H4G8_fresh3_H4_N0.csv;hourly_plot_csv/repeat_confirm_f60_H4G8_single_offer_repeated_H4_N0.csv;hourly_plot_csv/repeat_confirm_f60_H8G12_fresh0_H8_N0.csv;hourly_plot_csv/repeat_confirm_f60_H8G12_fresh1_H8_N0.csv;hourly_plot_csv/repeat_confirm_f60_H8G12_fresh2_H8_N0.csv;hourly_plot_csv/repeat_confirm_f60_H8G12_fresh3_H8_N0.csv;hourly_plot_csv/repeat_confirm_f60_H8G12_single_offer_repeated_H8_N0.csv;hourly_plot_csv/repeat_dev_f05_H4G8_fraction0p25_H4_N0.csv;hourly_plot_csv/repeat_dev_f05_H4G8_fraction0p5_H4_N0.csv;hourly_plot_csv/repeat_dev_f05_H4G8_fraction0p75_H4_N0.csv;hourly_plot_csv/repeat_dev_f05_H4G8_fraction1p0_H4_N0.csv;hourly_plot_csv/repeat_dev_f05_H8G12_fraction0p25_H8_N0.csv;hourly_plot_csv/repeat_dev_f05_H8G12_fraction0p5_H8_N0.csv;hourly_plot_csv/repeat_dev_f05_H8G12_fraction0p75_H8_N0.csv;hourly_plot_csv/repeat_dev_f05_H8G12_fraction1p0_H8_N0.csv;hourly_plot_csv/repeat_dev_f10_H4G8_fraction0p25_H4_N0.csv;hourly_plot_csv/repeat_dev_f10_H4G8_fraction0p5_H4_N0.csv;hourly_plot_csv/repeat_dev_f10_H4G8_fraction0p75_H4_N0.csv;hourly_plot_csv/repeat_dev_f10_H4G8_fraction1p0_H4_N0.csv;hourly_plot_csv/repeat_dev_f10_H8G12_fraction0p25_H8_N0.csv;hourly_plot_csv/repeat_dev_f10_H8G12_fraction0p5_H8_N0.csv;hourly_plot_csv/repeat_dev_f10_H8G12_fraction0p75_H8_N0.csv;hourly_plot_csv/repeat_dev_f10_H8G12_fraction1p0_H8_N0.csv;hourly_plot_csv/repeat_dev_f20_H4G8_fraction0p25_H4_N0.csv;hourly_plot_csv/repeat_dev_f20_H4G8_fraction0p5_H4_N0.csv;hourly_plot_csv/repeat_dev_f20_H4G8_fraction0p75_H4_N0.csv;hourly_plot_csv/repeat_dev_f20_H4G8_fraction1p0_H4_N0.csv;hourly_plot_csv/repeat_dev_f20_H8G12_fraction0p25_H8_N0.csv;hourly_plot_csv/repeat_dev_f20_H8G12_fraction0p5_H8_N0.csv;hourly_plot_csv/repeat_dev_f20_H8G12_fraction0p75_H8_N0.csv;hourly_plot_csv/repeat_dev_f20_H8G12_fraction1p0_H8_N0.csv;hourly_plot_csv/repeat_dev_f40_H4G8_fraction0p25_H4_N0.csv;hourly_plot_csv/repeat_dev_f40_H4G8_fraction0p5_H4_N0.csv;hourly_plot_csv/repeat_dev_f40_H4G8_fraction0p75_H4_N0.csv;hourly_plot_csv/repeat_dev_f40_H4G8_fraction1p0_H4_N0.csv;hourly_plot_csv/repeat_dev_f40_H8G12_fraction0p25_H8_N0.csv;hourly_plot_csv/repeat_dev_f40_H8G12_fraction0p5_H8_N0.csv;hourly_plot_csv/repeat_dev_f40_H8G12_fraction0p75_H8_N0.csv;hourly_plot_csv/repeat_dev_f40_H8G12_fraction1p0_H8_N0.csv;hourly_plot_csv/repeat_dev_f60_H4G8_fraction0p25_H4_N0.csv;hourly_plot_csv/repeat_dev_f60_H4G8_fraction0p5_H4_N0.csv;hourly_plot_csv/repeat_dev_f60_H4G8_fraction0p75_H4_N0.csv;hourly_plot_csv/repeat_dev_f60_H4G8_fraction1p0_H4_N0.csv;hourly_plot_csv/repeat_dev_f60_H8G12_fraction0p25_H8_N0.csv;hourly_plot_csv/repeat_dev_f60_H8G12_fraction0p5_H8_N0.csv;hourly_plot_csv/repeat_dev_f60_H8G12_fraction0p75_H8_N0.csv;hourly_plot_csv/repeat_dev_f60_H8G12_fraction1p0_H8_N0.csv;hourly_plot_csv/single_confirm_f05_single_selected_H4_N0.csv;hourly_plot_csv/single_confirm_f05_single_selected_H4_N2.csv;hourly_plot_csv/single_confirm_f05_single_selected_H4_N6.csv;hourly_plot_csv/single_confirm_f05_single_selected_H8_N0.csv;hourly_plot_csv/single_confirm_f05_single_selected_H8_N2.csv;hourly_plot_csv/single_confirm_f05_single_selected_H8_N6.csv;hourly_plot_csv/single_confirm_f10_single_selected_H4_N0.csv;hourly_plot_csv/single_confirm_f10_single_selected_H4_N2.csv;hourly_plot_csv/single_confirm_f10_single_selected_H4_N6.csv;hourly_plot_csv/single_confirm_f10_single_selected_H8_N0.csv;hourly_plot_csv/single_confirm_f10_single_selected_H8_N2.csv;hourly_plot_csv/single_confirm_f10_single_selected_H8_N6.csv;hourly_plot_csv/single_confirm_f20_single_selected_H4_N0.csv;hourly_plot_csv/single_confirm_f20_single_selected_H4_N2.csv;hourly_plot_csv/single_confirm_f20_single_selected_H4_N6.csv;hourly_plot_csv/single_confirm_f20_single_selected_H8_N0.csv;hourly_plot_csv/single_confirm_f20_single_selected_H8_N2.csv;hourly_plot_csv/single_confirm_f20_single_selected_H8_N6.csv;hourly_plot_csv/single_confirm_f40_single_selected_H4_N0.csv;hourly_plot_csv/single_confirm_f40_single_selected_H4_N2.csv;hourly_plot_csv/single_confirm_f40_single_selected_H4_N6.csv;hourly_plot_csv/single_confirm_f40_single_selected_H8_N0.csv;hourly_plot_csv/single_confirm_f40_single_selected_H8_N2.csv;hourly_plot_csv/single_confirm_f40_single_selected_H8_N6.csv;hourly_plot_csv/single_confirm_f60_single_selected_H4_N0.csv;hourly_plot_csv/single_confirm_f60_single_selected_H4_N2.csv;hourly_plot_csv/single_confirm_f60_single_selected_H4_N6.csv;hourly_plot_csv/single_confirm_f60_single_selected_H8_N0.csv;hourly_plot_csv/single_confirm_f60_single_selected_H8_N2.csv;hourly_plot_csv/single_confirm_f60_single_selected_H8_N6.csv;hourly_plot_csv/single_dev_f05_single_fraction0p5_H4_N0.csv;hourly_plot_csv/single_dev_f05_single_fraction0p5_H8_N0.csv;hourly_plot_csv/single_dev_f05_single_fraction0p75_H4_N0.csv;hourly_plot_csv/single_dev_f05_single_fraction0p75_H8_N0.csv;hourly_plot_csv/single_dev_f05_single_fraction0p9_H4_N0.csv;hourly_plot_csv/single_dev_f05_single_fraction0p9_H8_N0.csv;hourly_plot_csv/single_dev_f05_single_fraction1p0_H4_N0.csv;hourly_plot_csv/single_dev_f05_single_fraction1p0_H8_N0.csv;hourly_plot_csv/single_dev_f10_single_fraction0p5_H4_N0.csv;hourly_plot_csv/single_dev_f10_single_fraction0p5_H8_N0.csv;hourly_plot_csv/single_dev_f10_single_fraction0p75_H4_N0.csv;hourly_plot_csv/single_dev_f10_single_fraction0p75_H8_N0.csv;hourly_plot_csv/single_dev_f10_single_fraction0p9_H4_N0.csv;hourly_plot_csv/single_dev_f10_single_fraction0p9_H8_N0.csv;hourly_plot_csv/single_dev_f10_single_fraction1p0_H4_N0.csv;hourly_plot_csv/single_dev_f10_single_fraction1p0_H8_N0.csv;hourly_plot_csv/single_dev_f20_single_fraction0p5_H4_N0.csv;hourly_plot_csv/single_dev_f20_single_fraction0p5_H8_N0.csv;hourly_plot_csv/single_dev_f20_single_fraction0p75_H4_N0.csv;hourly_plot_csv/single_dev_f20_single_fraction0p75_H8_N0.csv;hourly_plot_csv/single_dev_f20_single_fraction0p9_H4_N0.csv;hourly_plot_csv/single_dev_f20_single_fraction0p9_H8_N0.csv;hourly_plot_csv/single_dev_f20_single_fraction1p0_H4_N0.csv;hourly_plot_csv/single_dev_f20_single_fraction1p0_H8_N0.csv;hourly_plot_csv/single_dev_f40_single_fraction0p5_H4_N0.csv;hourly_plot_csv/single_dev_f40_single_fraction0p5_H8_N0.csv;hourly_plot_csv/single_dev_f40_single_fraction0p75_H4_N0.csv;hourly_plot_csv/single_dev_f40_single_fraction0p75_H8_N0.csv;hourly_plot_csv/single_dev_f40_single_fraction0p9_H4_N0.csv;hourly_plot_csv/single_dev_f40_single_fraction0p9_H8_N0.csv;hourly_plot_csv/single_dev_f40_single_fraction1p0_H4_N0.csv;hourly_plot_csv/single_dev_f40_single_fraction1p0_H8_N0.csv;hourly_plot_csv/single_dev_f60_single_fraction0p5_H4_N0.csv;hourly_plot_csv/single_dev_f60_single_fraction0p5_H8_N0.csv;hourly_plot_csv/single_dev_f60_single_fraction0p75_H4_N0.csv;hourly_plot_csv/single_dev_f60_single_fraction0p75_H8_N0.csv;hourly_plot_csv/single_dev_f60_single_fraction0p9_H4_N0.csv;hourly_plot_csv/single_dev_f60_single_fraction0p9_H8_N0.csv;hourly_plot_csv/single_dev_f60_single_fraction1p0_H4_N0.csv;hourly_plot_csv/single_dev_f60_single_fraction1p0_H8_N0.csv;notice_paired_comparisons.csv;pi_boundaries.csv;pi_scenarios.csv;ready_hourly_curves.csv;recovery_inputs/reconstruction_index.csv;renewable_paired_comparisons.csv;renewable_scenarios.csv;repeat_confirm_summary.csv;repeat_dev_summary.csv;repeat_paired_comparisons.csv;repeat_selected.csv;repeated_confirmation_ledgers.csv;reserve_life_sensitivity.csv;scenario_index.csv;single_confirm_summary.csv;single_confirmation_ledgers.csv;single_dev_summary.csv;single_selected.csv
community_episode_start,see table context,Literal named model/output field; equations and criteria in current Supplementary Methods,hourly_full/*.parquet
community_gross_power_kw,kW,Literal named model/output field; equations and criteria in current Supplementary Methods,hourly_full/*.parquet
community_power_kw,kW,Literal named model/output field; equations and criteria in current Supplementary Methods,hourly_full/*.parquet
community_profile_id,see table context,Literal named model/output field; equations and criteria in current Supplementary Methods,hourly_full/*.parquet
community_source,see table context,Literal named model/output field; equations and criteria in current Supplementary Methods,hourly_full/*.parquet
completed_recovery_event_count,see table context,Literal named model/output field; equations and criteria in current Supplementary Methods,hourly_full/*.parquet
compute_debt_kwh,kWh,"Legacy total controlled queue dynamic energy, not baseline-subtracted",hourly_full/*.parquet;hourly_plot_csv/control_confirm_f10_g20_single_fixed_primary_request_H4_N0.csv;hourly_plot_csv/control_confirm_f10_g20_single_fixed_primary_request_H8_N0.csv;hourly_plot_csv/control_confirm_f10_g30_single_fixed_primary_request_H4_N0.csv;hourly_plot_csv/control_confirm_f10_g30_single_fixed_primary_request_H8_N0.csv;hourly_plot_csv/control_confirm_f10_rigid150_single_fixed_primary_request_H4_N0.csv;hourly_plot_csv/control_confirm_f10_rigid150_single_fixed_primary_request_H8_N0.csv;hourly_plot_csv/control_confirm_f10_rigid225_single_fixed_primary_request_H4_N0.csv;hourly_plot_csv/control_confirm_f10_rigid225_single_fixed_primary_request_H8_N0.csv;hourly_plot_csv/repeat_confirm_f05_H4G8_fresh0_H4_N0.csv;hourly_plot_csv/repeat_confirm_f05_H4G8_fresh1_H4_N0.csv;hourly_plot_csv/repeat_confirm_f05_H4G8_fresh2_H4_N0.csv;hourly_plot_csv/repeat_confirm_f05_H4G8_fresh3_H4_N0.csv;hourly_plot_csv/repeat_confirm_f05_H4G8_single_offer_repeated_H4_N0.csv;hourly_plot_csv/repeat_confirm_f05_H8G12_fresh0_H8_N0.csv;hourly_plot_csv/repeat_confirm_f05_H8G12_fresh1_H8_N0.csv;hourly_plot_csv/repeat_confirm_f05_H8G12_fresh2_H8_N0.csv;hourly_plot_csv/repeat_confirm_f05_H8G12_fresh3_H8_N0.csv;hourly_plot_csv/repeat_confirm_f05_H8G12_single_offer_repeated_H8_N0.csv;hourly_plot_csv/repeat_confirm_f10_H4G8_fresh0_H4_N0.csv;hourly_plot_csv/repeat_confirm_f10_H4G8_fresh1_H4_N0.csv;hourly_plot_csv/repeat_confirm_f10_H4G8_fresh2_H4_N0.csv;hourly_plot_csv/repeat_confirm_f10_H4G8_fresh3_H4_N0.csv;hourly_plot_csv/repeat_confirm_f10_H4G8_single_offer_repeated_H4_N0.csv;hourly_plot_csv/repeat_confirm_f10_H8G12_fresh0_H8_N0.csv;hourly_plot_csv/repeat_confirm_f10_H8G12_fresh1_H8_N0.csv;hourly_plot_csv/repeat_confirm_f10_H8G12_fresh2_H8_N0.csv;hourly_plot_csv/repeat_confirm_f10_H8G12_fresh3_H8_N0.csv;hourly_plot_csv/repeat_confirm_f10_H8G12_single_offer_repeated_H8_N0.csv;hourly_plot_csv/repeat_confirm_f20_H4G8_fresh0_H4_N0.csv;hourly_plot_csv/repeat_confirm_f20_H4G8_fresh1_H4_N0.csv;hourly_plot_csv/repeat_confirm_f20_H4G8_fresh2_H4_N0.csv;hourly_plot_csv/repeat_confirm_f20_H4G8_fresh3_H4_N0.csv;hourly_plot_csv/repeat_confirm_f20_H4G8_single_offer_repeated_H4_N0.csv;hourly_plot_csv/repeat_confirm_f20_H8G12_fresh0_H8_N0.csv;hourly_plot_csv/repeat_confirm_f20_H8G12_fresh1_H8_N0.csv;hourly_plot_csv/repeat_confirm_f20_H8G12_fresh2_H8_N0.csv;hourly_plot_csv/repeat_confirm_f20_H8G12_fresh3_H8_N0.csv;hourly_plot_csv/repeat_confirm_f20_H8G12_single_offer_repeated_H8_N0.csv;hourly_plot_csv/repeat_confirm_f40_H4G8_fresh0_H4_N0.csv;hourly_plot_csv/repeat_confirm_f40_H4G8_fresh1_H4_N0.csv;hourly_plot_csv/repeat_confirm_f40_H4G8_fresh2_H4_N0.csv;hourly_plot_csv/repeat_confirm_f40_H4G8_fresh3_H4_N0.csv;hourly_plot_csv/repeat_confirm_f40_H4G8_single_offer_repeated_H4_N0.csv;hourly_plot_csv/repeat_confirm_f40_H8G12_fresh0_H8_N0.csv;hourly_plot_csv/repeat_confirm_f40_H8G12_fresh1_H8_N0.csv;hourly_plot_csv/repeat_confirm_f40_H8G12_fresh2_H8_N0.csv;hourly_plot_csv/repeat_confirm_f40_H8G12_fresh3_H8_N0.csv;hourly_plot_csv/repeat_confirm_f40_H8G12_single_offer_repeated_H8_N0.csv;hourly_plot_csv/repeat_confirm_f60_H4G8_fresh0_H4_N0.csv;hourly_plot_csv/repeat_confirm_f60_H4G8_fresh1_H4_N0.csv;hourly_plot_csv/repeat_confirm_f60_H4G8_fresh2_H4_N0.csv;hourly_plot_csv/repeat_confirm_f60_H4G8_fresh3_H4_N0.csv;hourly_plot_csv/repeat_confirm_f60_H4G8_single_offer_repeated_H4_N0.csv;hourly_plot_csv/repeat_confirm_f60_H8G12_fresh0_H8_N0.csv;hourly_plot_csv/repeat_confirm_f60_H8G12_fresh1_H8_N0.csv;hourly_plot_csv/repeat_confirm_f60_H8G12_fresh2_H8_N0.csv;hourly_plot_csv/repeat_confirm_f60_H8G12_fresh3_H8_N0.csv;hourly_plot_csv/repeat_confirm_f60_H8G12_single_offer_repeated_H8_N0.csv;hourly_plot_csv/repeat_dev_f05_H4G8_fraction0p25_H4_N0.csv;hourly_plot_csv/repeat_dev_f05_H4G8_fraction0p5_H4_N0.csv;hourly_plot_csv/repeat_dev_f05_H4G8_fraction0p75_H4_N0.csv;hourly_plot_csv/repeat_dev_f05_H4G8_fraction1p0_H4_N0.csv;hourly_plot_csv/repeat_dev_f05_H8G12_fraction0p25_H8_N0.csv;hourly_plot_csv/repeat_dev_f05_H8G12_fraction0p5_H8_N0.csv;hourly_plot_csv/repeat_dev_f05_H8G12_fraction0p75_H8_N0.csv;hourly_plot_csv/repeat_dev_f05_H8G12_fraction1p0_H8_N0.csv;hourly_plot_csv/repeat_dev_f10_H4G8_fraction0p25_H4_N0.csv;hourly_plot_csv/repeat_dev_f10_H4G8_fraction0p5_H4_N0.csv;hourly_plot_csv/repeat_dev_f10_H4G8_fraction0p75_H4_N0.csv;hourly_plot_csv/repeat_dev_f10_H4G8_fraction1p0_H4_N0.csv;hourly_plot_csv/repeat_dev_f10_H8G12_fraction0p25_H8_N0.csv;hourly_plot_csv/repeat_dev_f10_H8G12_fraction0p5_H8_N0.csv;hourly_plot_csv/repeat_dev_f10_H8G12_fraction0p75_H8_N0.csv;hourly_plot_csv/repeat_dev_f10_H8G12_fraction1p0_H8_N0.csv;hourly_plot_csv/repeat_dev_f20_H4G8_fraction0p25_H4_N0.csv;hourly_plot_csv/repeat_dev_f20_H4G8_fraction0p5_H4_N0.csv;hourly_plot_csv/repeat_dev_f20_H4G8_fraction0p75_H4_N0.csv;hourly_plot_csv/repeat_dev_f20_H4G8_fraction1p0_H4_N0.csv;hourly_plot_csv/repeat_dev_f20_H8G12_fraction0p25_H8_N0.csv;hourly_plot_csv/repeat_dev_f20_H8G12_fraction0p5_H8_N0.csv;hourly_plot_csv/repeat_dev_f20_H8G12_fraction0p75_H8_N0.csv;hourly_plot_csv/repeat_dev_f20_H8G12_fraction1p0_H8_N0.csv;hourly_plot_csv/repeat_dev_f40_H4G8_fraction0p25_H4_N0.csv;hourly_plot_csv/repeat_dev_f40_H4G8_fraction0p5_H4_N0.csv;hourly_plot_csv/repeat_dev_f40_H4G8_fraction0p75_H4_N0.csv;hourly_plot_csv/repeat_dev_f40_H4G8_fraction1p0_H4_N0.csv;hourly_plot_csv/repeat_dev_f40_H8G12_fraction0p25_H8_N0.csv;hourly_plot_csv/repeat_dev_f40_H8G12_fraction0p5_H8_N0.csv;hourly_plot_csv/repeat_dev_f40_H8G12_fraction0p75_H8_N0.csv;hourly_plot_csv/repeat_dev_f40_H8G12_fraction1p0_H8_N0.csv;hourly_plot_csv/repeat_dev_f60_H4G8_fraction0p25_H4_N0.csv;hourly_plot_csv/repeat_dev_f60_H4G8_fraction0p5_H4_N0.csv;hourly_plot_csv/repeat_dev_f60_H4G8_fraction0p75_H4_N0.csv;hourly_plot_csv/repeat_dev_f60_H4G8_fraction1p0_H4_N0.csv;hourly_plot_csv/repeat_dev_f60_H8G12_fraction0p25_H8_N0.csv;hourly_plot_csv/repeat_dev_f60_H8G12_fraction0p5_H8_N0.csv;hourly_plot_csv/repeat_dev_f60_H8G12_fraction0p75_H8_N0.csv;hourly_plot_csv/repeat_dev_f60_H8G12_fraction1p0_H8_N0.csv;hourly_plot_csv/single_confirm_f05_single_selected_H4_N0.csv;hourly_plot_csv/single_confirm_f05_single_selected_H4_N2.csv;hourly_plot_csv/single_confirm_f05_single_selected_H4_N6.csv;hourly_plot_csv/single_confirm_f05_single_selected_H8_N0.csv;hourly_plot_csv/single_confirm_f05_single_selected_H8_N2.csv;hourly_plot_csv/single_confirm_f05_single_selected_H8_N6.csv;hourly_plot_csv/single_confirm_f10_single_selected_H4_N0.csv;hourly_plot_csv/single_confirm_f10_single_selected_H4_N2.csv;hourly_plot_csv/single_confirm_f10_single_selected_H4_N6.csv;hourly_plot_csv/single_confirm_f10_single_selected_H8_N0.csv;hourly_plot_csv/single_confirm_f10_single_selected_H8_N2.csv;hourly_plot_csv/single_confirm_f10_single_selected_H8_N6.csv;hourly_plot_csv/single_confirm_f20_single_selected_H4_N0.csv;hourly_plot_csv/single_confirm_f20_single_selected_H4_N2.csv;hourly_plot_csv/single_confirm_f20_single_selected_H4_N6.csv;hourly_plot_csv/single_confirm_f20_single_selected_H8_N0.csv;hourly_plot_csv/single_confirm_f20_single_selected_H8_N2.csv;hourly_plot_csv/single_confirm_f20_single_selected_H8_N6.csv;hourly_plot_csv/single_confirm_f40_single_selected_H4_N0.csv;hourly_plot_csv/single_confirm_f40_single_selected_H4_N2.csv;hourly_plot_csv/single_confirm_f40_single_selected_H4_N6.csv;hourly_plot_csv/single_confirm_f40_single_selected_H8_N0.csv;hourly_plot_csv/single_confirm_f40_single_selected_H8_N2.csv;hourly_plot_csv/single_confirm_f40_single_selected_H8_N6.csv;hourly_plot_csv/single_confirm_f60_single_selected_H4_N0.csv;hourly_plot_csv/single_confirm_f60_single_selected_H4_N2.csv;hourly_plot_csv/single_confirm_f60_single_selected_H4_N6.csv;hourly_plot_csv/single_confirm_f60_single_selected_H8_N0.csv;hourly_plot_csv/single_confirm_f60_single_selected_H8_N2.csv;hourly_plot_csv/single_confirm_f60_single_selected_H8_N6.csv;hourly_plot_csv/single_dev_f05_single_fraction0p5_H4_N0.csv;hourly_plot_csv/single_dev_f05_single_fraction0p5_H8_N0.csv;hourly_plot_csv/single_dev_f05_single_fraction0p75_H4_N0.csv;hourly_plot_csv/single_dev_f05_single_fraction0p75_H8_N0.csv;hourly_plot_csv/single_dev_f05_single_fraction0p9_H4_N0.csv;hourly_plot_csv/single_dev_f05_single_fraction0p9_H8_N0.csv;hourly_plot_csv/single_dev_f05_single_fraction1p0_H4_N0.csv;hourly_plot_csv/single_dev_f05_single_fraction1p0_H8_N0.csv;hourly_plot_csv/single_dev_f10_single_fraction0p5_H4_N0.csv;hourly_plot_csv/single_dev_f10_single_fraction0p5_H8_N0.csv;hourly_plot_csv/single_dev_f10_single_fraction0p75_H4_N0.csv;hourly_plot_csv/single_dev_f10_single_fraction0p75_H8_N0.csv;hourly_plot_csv/single_dev_f10_single_fraction0p9_H4_N0.csv;hourly_plot_csv/single_dev_f10_single_fraction0p9_H8_N0.csv;hourly_plot_csv/single_dev_f10_single_fraction1p0_H4_N0.csv;hourly_plot_csv/single_dev_f10_single_fraction1p0_H8_N0.csv;hourly_plot_csv/single_dev_f20_single_fraction0p5_H4_N0.csv;hourly_plot_csv/single_dev_f20_single_fraction0p5_H8_N0.csv;hourly_plot_csv/single_dev_f20_single_fraction0p75_H4_N0.csv;hourly_plot_csv/single_dev_f20_single_fraction0p75_H8_N0.csv;hourly_plot_csv/single_dev_f20_single_fraction0p9_H4_N0.csv;hourly_plot_csv/single_dev_f20_single_fraction0p9_H8_N0.csv;hourly_plot_csv/single_dev_f20_single_fraction1p0_H4_N0.csv;hourly_plot_csv/single_dev_f20_single_fraction1p0_H8_N0.csv;hourly_plot_csv/single_dev_f40_single_fraction0p5_H4_N0.csv;hourly_plot_csv/single_dev_f40_single_fraction0p5_H8_N0.csv;hourly_plot_csv/single_dev_f40_single_fraction0p75_H4_N0.csv;hourly_plot_csv/single_dev_f40_single_fraction0p75_H8_N0.csv;hourly_plot_csv/single_dev_f40_single_fraction0p9_H4_N0.csv;hourly_plot_csv/single_dev_f40_single_fraction0p9_H8_N0.csv;hourly_plot_csv/single_dev_f40_single_fraction1p0_H4_N0.csv;hourly_plot_csv/single_dev_f40_single_fraction1p0_H8_N0.csv;hourly_plot_csv/single_dev_f60_single_fraction0p5_H4_N0.csv;hourly_plot_csv/single_dev_f60_single_fraction0p5_H8_N0.csv;hourly_plot_csv/single_dev_f60_single_fraction0p75_H4_N0.csv;hourly_plot_csv/single_dev_f60_single_fraction0p75_H8_N0.csv;hourly_plot_csv/single_dev_f60_single_fraction0p9_H4_N0.csv;hourly_plot_csv/single_dev_f60_single_fraction0p9_H8_N0.csv;hourly_plot_csv/single_dev_f60_single_fraction1p0_H4_N0.csv;hourly_plot_csv/single_dev_f60_single_fraction1p0_H8_N0.csv
confidence_level,see table context,Literal named model/output field; equations and criteria in current Supplementary Methods,calibration_class_summary.csv;control_pi_boundaries.csv;pi_boundaries.csv
conservation_error_gpu_h,GPU-h,Literal named model/output field; equations and criteria in current Supplementary Methods,hourly_full/*.parquet
contracted_energy_kwh,kWh,Literal named model/output field; equations and criteria in current Supplementary Methods,control_confirmation_ledgers.csv;repeated_confirmation_ledgers.csv;single_confirmation_ledgers.csv
controller,see table context,Literal named model/output field; equations and criteria in current Supplementary Methods,hourly_full/*.parquet
dc_energy_kwh,kWh,Literal named model/output field; equations and criteria in current Supplementary Methods,hourly_full/*.parquet
dc_operation,see table context,Literal named model/output field; equations and criteria in current Supplementary Methods,control_renewable_scenarios.csv;renewable_scenarios.csv
dc_peak_sizing_error_kw,kW,Literal named model/output field; equations and criteria in current Supplementary Methods,hourly_full/*.parquet
dc_power_kw,kW,Literal named model/output field; equations and criteria in current Supplementary Methods,hourly_full/*.parquet;hourly_plot_csv/control_confirm_f10_g20_single_fixed_primary_request_H4_N0.csv;hourly_plot_csv/control_confirm_f10_g20_single_fixed_primary_request_H8_N0.csv;hourly_plot_csv/control_confirm_f10_g30_single_fixed_primary_request_H4_N0.csv;hourly_plot_csv/control_confirm_f10_g30_single_fixed_primary_request_H8_N0.csv;hourly_plot_csv/control_confirm_f10_rigid150_single_fixed_primary_request_H4_N0.csv;hourly_plot_csv/control_confirm_f10_rigid150_single_fixed_primary_request_H8_N0.csv;hourly_plot_csv/control_confirm_f10_rigid225_single_fixed_primary_request_H4_N0.csv;hourly_plot_csv/control_confirm_f10_rigid225_single_fixed_primary_request_H8_N0.csv;hourly_plot_csv/repeat_confirm_f05_H4G8_fresh0_H4_N0.csv;hourly_plot_csv/repeat_confirm_f05_H4G8_fresh1_H4_N0.csv;hourly_plot_csv/repeat_confirm_f05_H4G8_fresh2_H4_N0.csv;hourly_plot_csv/repeat_confirm_f05_H4G8_fresh3_H4_N0.csv;hourly_plot_csv/repeat_confirm_f05_H4G8_single_offer_repeated_H4_N0.csv;hourly_plot_csv/repeat_confirm_f05_H8G12_fresh0_H8_N0.csv;hourly_plot_csv/repeat_confirm_f05_H8G12_fresh1_H8_N0.csv;hourly_plot_csv/repeat_confirm_f05_H8G12_fresh2_H8_N0.csv;hourly_plot_csv/repeat_confirm_f05_H8G12_fresh3_H8_N0.csv;hourly_plot_csv/repeat_confirm_f05_H8G12_single_offer_repeated_H8_N0.csv;hourly_plot_csv/repeat_confirm_f10_H4G8_fresh0_H4_N0.csv;hourly_plot_csv/repeat_confirm_f10_H4G8_fresh1_H4_N0.csv;hourly_plot_csv/repeat_confirm_f10_H4G8_fresh2_H4_N0.csv;hourly_plot_csv/repeat_confirm_f10_H4G8_fresh3_H4_N0.csv;hourly_plot_csv/repeat_confirm_f10_H4G8_single_offer_repeated_H4_N0.csv;hourly_plot_csv/repeat_confirm_f10_H8G12_fresh0_H8_N0.csv;hourly_plot_csv/repeat_confirm_f10_H8G12_fresh1_H8_N0.csv;hourly_plot_csv/repeat_confirm_f10_H8G12_fresh2_H8_N0.csv;hourly_plot_csv/repeat_confirm_f10_H8G12_fresh3_H8_N0.csv;hourly_plot_csv/repeat_confirm_f10_H8G12_single_offer_repeated_H8_N0.csv;hourly_plot_csv/repeat_confirm_f20_H4G8_fresh0_H4_N0.csv;hourly_plot_csv/repeat_confirm_f20_H4G8_fresh1_H4_N0.csv;hourly_plot_csv/repeat_confirm_f20_H4G8_fresh2_H4_N0.csv;hourly_plot_csv/repeat_confirm_f20_H4G8_fresh3_H4_N0.csv;hourly_plot_csv/repeat_confirm_f20_H4G8_single_offer_repeated_H4_N0.csv;hourly_plot_csv/repeat_confirm_f20_H8G12_fresh0_H8_N0.csv;hourly_plot_csv/repeat_confirm_f20_H8G12_fresh1_H8_N0.csv;hourly_plot_csv/repeat_confirm_f20_H8G12_fresh2_H8_N0.csv;hourly_plot_csv/repeat_confirm_f20_H8G12_fresh3_H8_N0.csv;hourly_plot_csv/repeat_confirm_f20_H8G12_single_offer_repeated_H8_N0.csv;hourly_plot_csv/repeat_confirm_f40_H4G8_fresh0_H4_N0.csv;hourly_plot_csv/repeat_confirm_f40_H4G8_fresh1_H4_N0.csv;hourly_plot_csv/repeat_confirm_f40_H4G8_fresh2_H4_N0.csv;hourly_plot_csv/repeat_confirm_f40_H4G8_fresh3_H4_N0.csv;hourly_plot_csv/repeat_confirm_f40_H4G8_single_offer_repeated_H4_N0.csv;hourly_plot_csv/repeat_confirm_f40_H8G12_fresh0_H8_N0.csv;hourly_plot_csv/repeat_confirm_f40_H8G12_fresh1_H8_N0.csv;hourly_plot_csv/repeat_confirm_f40_H8G12_fresh2_H8_N0.csv;hourly_plot_csv/repeat_confirm_f40_H8G12_fresh3_H8_N0.csv;hourly_plot_csv/repeat_confirm_f40_H8G12_single_offer_repeated_H8_N0.csv;hourly_plot_csv/repeat_confirm_f60_H4G8_fresh0_H4_N0.csv;hourly_plot_csv/repeat_confirm_f60_H4G8_fresh1_H4_N0.csv;hourly_plot_csv/repeat_confirm_f60_H4G8_fresh2_H4_N0.csv;hourly_plot_csv/repeat_confirm_f60_H4G8_fresh3_H4_N0.csv;hourly_plot_csv/repeat_confirm_f60_H4G8_single_offer_repeated_H4_N0.csv;hourly_plot_csv/repeat_confirm_f60_H8G12_fresh0_H8_N0.csv;hourly_plot_csv/repeat_confirm_f60_H8G12_fresh1_H8_N0.csv;hourly_plot_csv/repeat_confirm_f60_H8G12_fresh2_H8_N0.csv;hourly_plot_csv/repeat_confirm_f60_H8G12_fresh3_H8_N0.csv;hourly_plot_csv/repeat_confirm_f60_H8G12_single_offer_repeated_H8_N0.csv;hourly_plot_csv/repeat_dev_f05_H4G8_fraction0p25_H4_N0.csv;hourly_plot_csv/repeat_dev_f05_H4G8_fraction0p5_H4_N0.csv;hourly_plot_csv/repeat_dev_f05_H4G8_fraction0p75_H4_N0.csv;hourly_plot_csv/repeat_dev_f05_H4G8_fraction1p0_H4_N0.csv;hourly_plot_csv/repeat_dev_f05_H8G12_fraction0p25_H8_N0.csv;hourly_plot_csv/repeat_dev_f05_H8G12_fraction0p5_H8_N0.csv;hourly_plot_csv/repeat_dev_f05_H8G12_fraction0p75_H8_N0.csv;hourly_plot_csv/repeat_dev_f05_H8G12_fraction1p0_H8_N0.csv;hourly_plot_csv/repeat_dev_f10_H4G8_fraction0p25_H4_N0.csv;hourly_plot_csv/repeat_dev_f10_H4G8_fraction0p5_H4_N0.csv;hourly_plot_csv/repeat_dev_f10_H4G8_fraction0p75_H4_N0.csv;hourly_plot_csv/repeat_dev_f10_H4G8_fraction1p0_H4_N0.csv;hourly_plot_csv/repeat_dev_f10_H8G12_fraction0p25_H8_N0.csv;hourly_plot_csv/repeat_dev_f10_H8G12_fraction0p5_H8_N0.csv;hourly_plot_csv/repeat_dev_f10_H8G12_fraction0p75_H8_N0.csv;hourly_plot_csv/repeat_dev_f10_H8G12_fraction1p0_H8_N0.csv;hourly_plot_csv/repeat_dev_f20_H4G8_fraction0p25_H4_N0.csv;hourly_plot_csv/repeat_dev_f20_H4G8_fraction0p5_H4_N0.csv;hourly_plot_csv/repeat_dev_f20_H4G8_fraction0p75_H4_N0.csv;hourly_plot_csv/repeat_dev_f20_H4G8_fraction1p0_H4_N0.csv;hourly_plot_csv/repeat_dev_f20_H8G12_fraction0p25_H8_N0.csv;hourly_plot_csv/repeat_dev_f20_H8G12_fraction0p5_H8_N0.csv;hourly_plot_csv/repeat_dev_f20_H8G12_fraction0p75_H8_N0.csv;hourly_plot_csv/repeat_dev_f20_H8G12_fraction1p0_H8_N0.csv;hourly_plot_csv/repeat_dev_f40_H4G8_fraction0p25_H4_N0.csv;hourly_plot_csv/repeat_dev_f40_H4G8_fraction0p5_H4_N0.csv;hourly_plot_csv/repeat_dev_f40_H4G8_fraction0p75_H4_N0.csv;hourly_plot_csv/repeat_dev_f40_H4G8_fraction1p0_H4_N0.csv;hourly_plot_csv/repeat_dev_f40_H8G12_fraction0p25_H8_N0.csv;hourly_plot_csv/repeat_dev_f40_H8G12_fraction0p5_H8_N0.csv;hourly_plot_csv/repeat_dev_f40_H8G12_fraction0p75_H8_N0.csv;hourly_plot_csv/repeat_dev_f40_H8G12_fraction1p0_H8_N0.csv;hourly_plot_csv/repeat_dev_f60_H4G8_fraction0p25_H4_N0.csv;hourly_plot_csv/repeat_dev_f60_H4G8_fraction0p5_H4_N0.csv;hourly_plot_csv/repeat_dev_f60_H4G8_fraction0p75_H4_N0.csv;hourly_plot_csv/repeat_dev_f60_H4G8_fraction1p0_H4_N0.csv;hourly_plot_csv/repeat_dev_f60_H8G12_fraction0p25_H8_N0.csv;hourly_plot_csv/repeat_dev_f60_H8G12_fraction0p5_H8_N0.csv;hourly_plot_csv/repeat_dev_f60_H8G12_fraction0p75_H8_N0.csv;hourly_plot_csv/repeat_dev_f60_H8G12_fraction1p0_H8_N0.csv;hourly_plot_csv/single_confirm_f05_single_selected_H4_N0.csv;hourly_plot_csv/single_confirm_f05_single_selected_H4_N2.csv;hourly_plot_csv/single_confirm_f05_single_selected_H4_N6.csv;hourly_plot_csv/single_confirm_f05_single_selected_H8_N0.csv;hourly_plot_csv/single_confirm_f05_single_selected_H8_N2.csv;hourly_plot_csv/single_confirm_f05_single_selected_H8_N6.csv;hourly_plot_csv/single_confirm_f10_single_selected_H4_N0.csv;hourly_plot_csv/single_confirm_f10_single_selected_H4_N2.csv;hourly_plot_csv/single_confirm_f10_single_selected_H4_N6.csv;hourly_plot_csv/single_confirm_f10_single_selected_H8_N0.csv;hourly_plot_csv/single_confirm_f10_single_selected_H8_N2.csv;hourly_plot_csv/single_confirm_f10_single_selected_H8_N6.csv;hourly_plot_csv/single_confirm_f20_single_selected_H4_N0.csv;hourly_plot_csv/single_confirm_f20_single_selected_H4_N2.csv;hourly_plot_csv/single_confirm_f20_single_selected_H4_N6.csv;hourly_plot_csv/single_confirm_f20_single_selected_H8_N0.csv;hourly_plot_csv/single_confirm_f20_single_selected_H8_N2.csv;hourly_plot_csv/single_confirm_f20_single_selected_H8_N6.csv;hourly_plot_csv/single_confirm_f40_single_selected_H4_N0.csv;hourly_plot_csv/single_confirm_f40_single_selected_H4_N2.csv;hourly_plot_csv/single_confirm_f40_single_selected_H4_N6.csv;hourly_plot_csv/single_confirm_f40_single_selected_H8_N0.csv;hourly_plot_csv/single_confirm_f40_single_selected_H8_N2.csv;hourly_plot_csv/single_confirm_f40_single_selected_H8_N6.csv;hourly_plot_csv/single_confirm_f60_single_selected_H4_N0.csv;hourly_plot_csv/single_confirm_f60_single_selected_H4_N2.csv;hourly_plot_csv/single_confirm_f60_single_selected_H4_N6.csv;hourly_plot_csv/single_confirm_f60_single_selected_H8_N0.csv;hourly_plot_csv/single_confirm_f60_single_selected_H8_N2.csv;hourly_plot_csv/single_confirm_f60_single_selected_H8_N6.csv;hourly_plot_csv/single_dev_f05_single_fraction0p5_H4_N0.csv;hourly_plot_csv/single_dev_f05_single_fraction0p5_H8_N0.csv;hourly_plot_csv/single_dev_f05_single_fraction0p75_H4_N0.csv;hourly_plot_csv/single_dev_f05_single_fraction0p75_H8_N0.csv;hourly_plot_csv/single_dev_f05_single_fraction0p9_H4_N0.csv;hourly_plot_csv/single_dev_f05_single_fraction0p9_H8_N0.csv;hourly_plot_csv/single_dev_f05_single_fraction1p0_H4_N0.csv;hourly_plot_csv/single_dev_f05_single_fraction1p0_H8_N0.csv;hourly_plot_csv/single_dev_f10_single_fraction0p5_H4_N0.csv;hourly_plot_csv/single_dev_f10_single_fraction0p5_H8_N0.csv;hourly_plot_csv/single_dev_f10_single_fraction0p75_H4_N0.csv;hourly_plot_csv/single_dev_f10_single_fraction0p75_H8_N0.csv;hourly_plot_csv/single_dev_f10_single_fraction0p9_H4_N0.csv;hourly_plot_csv/single_dev_f10_single_fraction0p9_H8_N0.csv;hourly_plot_csv/single_dev_f10_single_fraction1p0_H4_N0.csv;hourly_plot_csv/single_dev_f10_single_fraction1p0_H8_N0.csv;hourly_plot_csv/single_dev_f20_single_fraction0p5_H4_N0.csv;hourly_plot_csv/single_dev_f20_single_fraction0p5_H8_N0.csv;hourly_plot_csv/single_dev_f20_single_fraction0p75_H4_N0.csv;hourly_plot_csv/single_dev_f20_single_fraction0p75_H8_N0.csv;hourly_plot_csv/single_dev_f20_single_fraction0p9_H4_N0.csv;hourly_plot_csv/single_dev_f20_single_fraction0p9_H8_N0.csv;hourly_plot_csv/single_dev_f20_single_fraction1p0_H4_N0.csv;hourly_plot_csv/single_dev_f20_single_fraction1p0_H8_N0.csv;hourly_plot_csv/single_dev_f40_single_fraction0p5_H4_N0.csv;hourly_plot_csv/single_dev_f40_single_fraction0p5_H8_N0.csv;hourly_plot_csv/single_dev_f40_single_fraction0p75_H4_N0.csv;hourly_plot_csv/single_dev_f40_single_fraction0p75_H8_N0.csv;hourly_plot_csv/single_dev_f40_single_fraction0p9_H4_N0.csv;hourly_plot_csv/single_dev_f40_single_fraction0p9_H8_N0.csv;hourly_plot_csv/single_dev_f40_single_fraction1p0_H4_N0.csv;hourly_plot_csv/single_dev_f40_single_fraction1p0_H8_N0.csv;hourly_plot_csv/single_dev_f60_single_fraction0p5_H4_N0.csv;hourly_plot_csv/single_dev_f60_single_fraction0p5_H8_N0.csv;hourly_plot_csv/single_dev_f60_single_fraction0p75_H4_N0.csv;hourly_plot_csv/single_dev_f60_single_fraction0p75_H8_N0.csv;hourly_plot_csv/single_dev_f60_single_fraction0p9_H4_N0.csv;hourly_plot_csv/single_dev_f60_single_fraction0p9_H8_N0.csv;hourly_plot_csv/single_dev_f60_single_fraction1p0_H4_N0.csv;hourly_plot_csv/single_dev_f60_single_fraction1p0_H8_N0.csv
dc_scale_of_reference_mix,see table context,Literal named model/output field; equations and criteria in current Supplementary Methods,control_renewable_scenarios.csv;renewable_scenarios.csv
deadline_feasibility_violation_cost,see table context,Literal named model/output field; equations and criteria in current Supplementary Methods,hourly_full/*.parquet
deadline_miss_fraction,fraction,Literal named model/output field; equations and criteria in current Supplementary Methods,control_renewable_scenarios.csv;renewable_scenarios.csv
deadline_miss_gpu_h,GPU-h,Literal named model/output field; equations and criteria in current Supplementary Methods,control_pi_scenarios.csv;control_renewable_scenarios.csv;pi_scenarios.csv;renewable_scenarios.csv
deadline_miss_rate,fraction,Literal named model/output field; equations and criteria in current Supplementary Methods,all_trial_event_outcomes.csv
deadline_miss_rate_so_far,see table context,Literal named model/output field; equations and criteria in current Supplementary Methods,hourly_full/*.parquet
deadline_violation_cost,see table context,Literal named model/output field; equations and criteria in current Supplementary Methods,hourly_full/*.parquet
decision_backlog_gpu_h,GPU-h,Literal named model/output field; equations and criteria in current Supplementary Methods,hourly_full/*.parquet
decision_compute_debt_kwh,kWh,Literal named model/output field; equations and criteria in current Supplementary Methods,hourly_full/*.parquet
decision_event_notice_remaining_hours,see table context,Literal named model/output field; equations and criteria in current Supplementary Methods,hourly_full/*.parquet
decision_event_request_reference_kw,kW,Literal named model/output field; equations and criteria in current Supplementary Methods,hourly_full/*.parquet
decision_remaining_by_deadline_gpu_h,GPU-h,Literal named model/output field; equations and criteria in current Supplementary Methods,hourly_full/*.parquet
deferred_work_gpu_h,GPU-h,Positive execution shortfall during event hours; not permanent lost work,control_confirmation_ledgers.csv;repeated_confirmation_ledgers.csv;single_confirmation_ledgers.csv
delay_exposure_gpu_h_h,GPU-h²,Positive paired excess backlog integrated once per hour,control_confirmation_ledgers.csv;repeated_confirmation_ledgers.csv;single_confirmation_ledgers.csv
delay_price,see table context,Literal named model/output field; equations and criteria in current Supplementary Methods,economic_price_sensitivity.csv;economic_primary.csv;reserve_life_sensitivity.csv
delivered_reduction_kw,kW,Literal named model/output field; equations and criteria in current Supplementary Methods,hourly_full/*.parquet;hourly_plot_csv/control_confirm_f10_g20_single_fixed_primary_request_H4_N0.csv;hourly_plot_csv/control_confirm_f10_g20_single_fixed_primary_request_H8_N0.csv;hourly_plot_csv/control_confirm_f10_g30_single_fixed_primary_request_H4_N0.csv;hourly_plot_csv/control_confirm_f10_g30_single_fixed_primary_request_H8_N0.csv;hourly_plot_csv/control_confirm_f10_rigid150_single_fixed_primary_request_H4_N0.csv;hourly_plot_csv/control_confirm_f10_rigid150_single_fixed_primary_request_H8_N0.csv;hourly_plot_csv/control_confirm_f10_rigid225_single_fixed_primary_request_H4_N0.csv;hourly_plot_csv/control_confirm_f10_rigid225_single_fixed_primary_request_H8_N0.csv;hourly_plot_csv/repeat_confirm_f05_H4G8_fresh0_H4_N0.csv;hourly_plot_csv/repeat_confirm_f05_H4G8_fresh1_H4_N0.csv;hourly_plot_csv/repeat_confirm_f05_H4G8_fresh2_H4_N0.csv;hourly_plot_csv/repeat_confirm_f05_H4G8_fresh3_H4_N0.csv;hourly_plot_csv/repeat_confirm_f05_H4G8_single_offer_repeated_H4_N0.csv;hourly_plot_csv/repeat_confirm_f05_H8G12_fresh0_H8_N0.csv;hourly_plot_csv/repeat_confirm_f05_H8G12_fresh1_H8_N0.csv;hourly_plot_csv/repeat_confirm_f05_H8G12_fresh2_H8_N0.csv;hourly_plot_csv/repeat_confirm_f05_H8G12_fresh3_H8_N0.csv;hourly_plot_csv/repeat_confirm_f05_H8G12_single_offer_repeated_H8_N0.csv;hourly_plot_csv/repeat_confirm_f10_H4G8_fresh0_H4_N0.csv;hourly_plot_csv/repeat_confirm_f10_H4G8_fresh1_H4_N0.csv;hourly_plot_csv/repeat_confirm_f10_H4G8_fresh2_H4_N0.csv;hourly_plot_csv/repeat_confirm_f10_H4G8_fresh3_H4_N0.csv;hourly_plot_csv/repeat_confirm_f10_H4G8_single_offer_repeated_H4_N0.csv;hourly_plot_csv/repeat_confirm_f10_H8G12_fresh0_H8_N0.csv;hourly_plot_csv/repeat_confirm_f10_H8G12_fresh1_H8_N0.csv;hourly_plot_csv/repeat_confirm_f10_H8G12_fresh2_H8_N0.csv;hourly_plot_csv/repeat_confirm_f10_H8G12_fresh3_H8_N0.csv;hourly_plot_csv/repeat_confirm_f10_H8G12_single_offer_repeated_H8_N0.csv;hourly_plot_csv/repeat_confirm_f20_H4G8_fresh0_H4_N0.csv;hourly_plot_csv/repeat_confirm_f20_H4G8_fresh1_H4_N0.csv;hourly_plot_csv/repeat_confirm_f20_H4G8_fresh2_H4_N0.csv;hourly_plot_csv/repeat_confirm_f20_H4G8_fresh3_H4_N0.csv;hourly_plot_csv/repeat_confirm_f20_H4G8_single_offer_repeated_H4_N0.csv;hourly_plot_csv/repeat_confirm_f20_H8G12_fresh0_H8_N0.csv;hourly_plot_csv/repeat_confirm_f20_H8G12_fresh1_H8_N0.csv;hourly_plot_csv/repeat_confirm_f20_H8G12_fresh2_H8_N0.csv;hourly_plot_csv/repeat_confirm_f20_H8G12_fresh3_H8_N0.csv;hourly_plot_csv/repeat_confirm_f20_H8G12_single_offer_repeated_H8_N0.csv;hourly_plot_csv/repeat_confirm_f40_H4G8_fresh0_H4_N0.csv;hourly_plot_csv/repeat_confirm_f40_H4G8_fresh1_H4_N0.csv;hourly_plot_csv/repeat_confirm_f40_H4G8_fresh2_H4_N0.csv;hourly_plot_csv/repeat_confirm_f40_H4G8_fresh3_H4_N0.csv;hourly_plot_csv/repeat_confirm_f40_H4G8_single_offer_repeated_H4_N0.csv;hourly_plot_csv/repeat_confirm_f40_H8G12_fresh0_H8_N0.csv;hourly_plot_csv/repeat_confirm_f40_H8G12_fresh1_H8_N0.csv;hourly_plot_csv/repeat_confirm_f40_H8G12_fresh2_H8_N0.csv;hourly_plot_csv/repeat_confirm_f40_H8G12_fresh3_H8_N0.csv;hourly_plot_csv/repeat_confirm_f40_H8G12_single_offer_repeated_H8_N0.csv;hourly_plot_csv/repeat_confirm_f60_H4G8_fresh0_H4_N0.csv;hourly_plot_csv/repeat_confirm_f60_H4G8_fresh1_H4_N0.csv;hourly_plot_csv/repeat_confirm_f60_H4G8_fresh2_H4_N0.csv;hourly_plot_csv/repeat_confirm_f60_H4G8_fresh3_H4_N0.csv;hourly_plot_csv/repeat_confirm_f60_H4G8_single_offer_repeated_H4_N0.csv;hourly_plot_csv/repeat_confirm_f60_H8G12_fresh0_H8_N0.csv;hourly_plot_csv/repeat_confirm_f60_H8G12_fresh1_H8_N0.csv;hourly_plot_csv/repeat_confirm_f60_H8G12_fresh2_H8_N0.csv;hourly_plot_csv/repeat_confirm_f60_H8G12_fresh3_H8_N0.csv;hourly_plot_csv/repeat_confirm_f60_H8G12_single_offer_repeated_H8_N0.csv;hourly_plot_csv/repeat_dev_f05_H4G8_fraction0p25_H4_N0.csv;hourly_plot_csv/repeat_dev_f05_H4G8_fraction0p5_H4_N0.csv;hourly_plot_csv/repeat_dev_f05_H4G8_fraction0p75_H4_N0.csv;hourly_plot_csv/repeat_dev_f05_H4G8_fraction1p0_H4_N0.csv;hourly_plot_csv/repeat_dev_f05_H8G12_fraction0p25_H8_N0.csv;hourly_plot_csv/repeat_dev_f05_H8G12_fraction0p5_H8_N0.csv;hourly_plot_csv/repeat_dev_f05_H8G12_fraction0p75_H8_N0.csv;hourly_plot_csv/repeat_dev_f05_H8G12_fraction1p0_H8_N0.csv;hourly_plot_csv/repeat_dev_f10_H4G8_fraction0p25_H4_N0.csv;hourly_plot_csv/repeat_dev_f10_H4G8_fraction0p5_H4_N0.csv;hourly_plot_csv/repeat_dev_f10_H4G8_fraction0p75_H4_N0.csv;hourly_plot_csv/repeat_dev_f10_H4G8_fraction1p0_H4_N0.csv;hourly_plot_csv/repeat_dev_f10_H8G12_fraction0p25_H8_N0.csv;hourly_plot_csv/repeat_dev_f10_H8G12_fraction0p5_H8_N0.csv;hourly_plot_csv/repeat_dev_f10_H8G12_fraction0p75_H8_N0.csv;hourly_plot_csv/repeat_dev_f10_H8G12_fraction1p0_H8_N0.csv;hourly_plot_csv/repeat_dev_f20_H4G8_fraction0p25_H4_N0.csv;hourly_plot_csv/repeat_dev_f20_H4G8_fraction0p5_H4_N0.csv;hourly_plot_csv/repeat_dev_f20_H4G8_fraction0p75_H4_N0.csv;hourly_plot_csv/repeat_dev_f20_H4G8_fraction1p0_H4_N0.csv;hourly_plot_csv/repeat_dev_f20_H8G12_fraction0p25_H8_N0.csv;hourly_plot_csv/repeat_dev_f20_H8G12_fraction0p5_H8_N0.csv;hourly_plot_csv/repeat_dev_f20_H8G12_fraction0p75_H8_N0.csv;hourly_plot_csv/repeat_dev_f20_H8G12_fraction1p0_H8_N0.csv;hourly_plot_csv/repeat_dev_f40_H4G8_fraction0p25_H4_N0.csv;hourly_plot_csv/repeat_dev_f40_H4G8_fraction0p5_H4_N0.csv;hourly_plot_csv/repeat_dev_f40_H4G8_fraction0p75_H4_N0.csv;hourly_plot_csv/repeat_dev_f40_H4G8_fraction1p0_H4_N0.csv;hourly_plot_csv/repeat_dev_f40_H8G12_fraction0p25_H8_N0.csv;hourly_plot_csv/repeat_dev_f40_H8G12_fraction0p5_H8_N0.csv;hourly_plot_csv/repeat_dev_f40_H8G12_fraction0p75_H8_N0.csv;hourly_plot_csv/repeat_dev_f40_H8G12_fraction1p0_H8_N0.csv;hourly_plot_csv/repeat_dev_f60_H4G8_fraction0p25_H4_N0.csv;hourly_plot_csv/repeat_dev_f60_H4G8_fraction0p5_H4_N0.csv;hourly_plot_csv/repeat_dev_f60_H4G8_fraction0p75_H4_N0.csv;hourly_plot_csv/repeat_dev_f60_H4G8_fraction1p0_H4_N0.csv;hourly_plot_csv/repeat_dev_f60_H8G12_fraction0p25_H8_N0.csv;hourly_plot_csv/repeat_dev_f60_H8G12_fraction0p5_H8_N0.csv;hourly_plot_csv/repeat_dev_f60_H8G12_fraction0p75_H8_N0.csv;hourly_plot_csv/repeat_dev_f60_H8G12_fraction1p0_H8_N0.csv;hourly_plot_csv/single_confirm_f05_single_selected_H4_N0.csv;hourly_plot_csv/single_confirm_f05_single_selected_H4_N2.csv;hourly_plot_csv/single_confirm_f05_single_selected_H4_N6.csv;hourly_plot_csv/single_confirm_f05_single_selected_H8_N0.csv;hourly_plot_csv/single_confirm_f05_single_selected_H8_N2.csv;hourly_plot_csv/single_confirm_f05_single_selected_H8_N6.csv;hourly_plot_csv/single_confirm_f10_single_selected_H4_N0.csv;hourly_plot_csv/single_confirm_f10_single_selected_H4_N2.csv;hourly_plot_csv/single_confirm_f10_single_selected_H4_N6.csv;hourly_plot_csv/single_confirm_f10_single_selected_H8_N0.csv;hourly_plot_csv/single_confirm_f10_single_selected_H8_N2.csv;hourly_plot_csv/single_confirm_f10_single_selected_H8_N6.csv;hourly_plot_csv/single_confirm_f20_single_selected_H4_N0.csv;hourly_plot_csv/single_confirm_f20_single_selected_H4_N2.csv;hourly_plot_csv/single_confirm_f20_single_selected_H4_N6.csv;hourly_plot_csv/single_confirm_f20_single_selected_H8_N0.csv;hourly_plot_csv/single_confirm_f20_single_selected_H8_N2.csv;hourly_plot_csv/single_confirm_f20_single_selected_H8_N6.csv;hourly_plot_csv/single_confirm_f40_single_selected_H4_N0.csv;hourly_plot_csv/single_confirm_f40_single_selected_H4_N2.csv;hourly_plot_csv/single_confirm_f40_single_selected_H4_N6.csv;hourly_plot_csv/single_confirm_f40_single_selected_H8_N0.csv;hourly_plot_csv/single_confirm_f40_single_selected_H8_N2.csv;hourly_plot_csv/single_confirm_f40_single_selected_H8_N6.csv;hourly_plot_csv/single_confirm_f60_single_selected_H4_N0.csv;hourly_plot_csv/single_confirm_f60_single_selected_H4_N2.csv;hourly_plot_csv/single_confirm_f60_single_selected_H4_N6.csv;hourly_plot_csv/single_confirm_f60_single_selected_H8_N0.csv;hourly_plot_csv/single_confirm_f60_single_selected_H8_N2.csv;hourly_plot_csv/single_confirm_f60_single_selected_H8_N6.csv;hourly_plot_csv/single_dev_f05_single_fraction0p5_H4_N0.csv;hourly_plot_csv/single_dev_f05_single_fraction0p5_H8_N0.csv;hourly_plot_csv/single_dev_f05_single_fraction0p75_H4_N0.csv;hourly_plot_csv/single_dev_f05_single_fraction0p75_H8_N0.csv;hourly_plot_csv/single_dev_f05_single_fraction0p9_H4_N0.csv;hourly_plot_csv/single_dev_f05_single_fraction0p9_H8_N0.csv;hourly_plot_csv/single_dev_f05_single_fraction1p0_H4_N0.csv;hourly_plot_csv/single_dev_f05_single_fraction1p0_H8_N0.csv;hourly_plot_csv/single_dev_f10_single_fraction0p5_H4_N0.csv;hourly_plot_csv/single_dev_f10_single_fraction0p5_H8_N0.csv;hourly_plot_csv/single_dev_f10_single_fraction0p75_H4_N0.csv;hourly_plot_csv/single_dev_f10_single_fraction0p75_H8_N0.csv;hourly_plot_csv/single_dev_f10_single_fraction0p9_H4_N0.csv;hourly_plot_csv/single_dev_f10_single_fraction0p9_H8_N0.csv;hourly_plot_csv/single_dev_f10_single_fraction1p0_H4_N0.csv;hourly_plot_csv/single_dev_f10_single_fraction1p0_H8_N0.csv;hourly_plot_csv/single_dev_f20_single_fraction0p5_H4_N0.csv;hourly_plot_csv/single_dev_f20_single_fraction0p5_H8_N0.csv;hourly_plot_csv/single_dev_f20_single_fraction0p75_H4_N0.csv;hourly_plot_csv/single_dev_f20_single_fraction0p75_H8_N0.csv;hourly_plot_csv/single_dev_f20_single_fraction0p9_H4_N0.csv;hourly_plot_csv/single_dev_f20_single_fraction0p9_H8_N0.csv;hourly_plot_csv/single_dev_f20_single_fraction1p0_H4_N0.csv;hourly_plot_csv/single_dev_f20_single_fraction1p0_H8_N0.csv;hourly_plot_csv/single_dev_f40_single_fraction0p5_H4_N0.csv;hourly_plot_csv/single_dev_f40_single_fraction0p5_H8_N0.csv;hourly_plot_csv/single_dev_f40_single_fraction0p75_H4_N0.csv;hourly_plot_csv/single_dev_f40_single_fraction0p75_H8_N0.csv;hourly_plot_csv/single_dev_f40_single_fraction0p9_H4_N0.csv;hourly_plot_csv/single_dev_f40_single_fraction0p9_H8_N0.csv;hourly_plot_csv/single_dev_f40_single_fraction1p0_H4_N0.csv;hourly_plot_csv/single_dev_f40_single_fraction1p0_H8_N0.csv;hourly_plot_csv/single_dev_f60_single_fraction0p5_H4_N0.csv;hourly_plot_csv/single_dev_f60_single_fraction0p5_H8_N0.csv;hourly_plot_csv/single_dev_f60_single_fraction0p75_H4_N0.csv;hourly_plot_csv/single_dev_f60_single_fraction0p75_H8_N0.csv;hourly_plot_csv/single_dev_f60_single_fraction0p9_H4_N0.csv;hourly_plot_csv/single_dev_f60_single_fraction0p9_H8_N0.csv;hourly_plot_csv/single_dev_f60_single_fraction1p0_H4_N0.csv;hourly_plot_csv/single_dev_f60_single_fraction1p0_H8_N0.csv
delivery_ratio,fraction,Literal named model/output field; equations and criteria in current Supplementary Methods,all_trial_event_outcomes.csv;hourly_full/*.parquet
delivery_violation_cost,see table context,Literal named model/output field; equations and criteria in current Supplementary Methods,hourly_full/*.parquet
development_source_sha256,see table context,Literal named model/output field; equations and criteria in current Supplementary Methods,repeat_selected.csv;single_selected.csv
difference_of_all_scenario_minima,kW for hosting,"min(flexible) minus min(rigid), not minimum paired gain",renewable_paired_comparisons.csv
dr_events_path,see table context,Literal named model/output field; equations and criteria in current Supplementary Methods,hourly_full/*.parquet
dr_source,see table context,Literal named model/output field; equations and criteria in current Supplementary Methods,hourly_full/*.parquet
dr_tracking_error_fraction,fraction,Literal named model/output field; equations and criteria in current Supplementary Methods,hourly_full/*.parquet
duration_h,h,"Actual requested call duration, verified against event outcome",all_trial_event_outcomes.csv;control_causal_summary.csv;control_confirmation_ledgers.csv;control_pi_boundaries.csv;control_pi_scenarios.csv;economic_price_sensitivity.csv;economic_primary.csv;failure_attribution_counts.csv;hourly_full/*.parquet;hourly_plot_csv/control_confirm_f10_g20_single_fixed_primary_request_H4_N0.csv;hourly_plot_csv/control_confirm_f10_g20_single_fixed_primary_request_H8_N0.csv;hourly_plot_csv/control_confirm_f10_g30_single_fixed_primary_request_H4_N0.csv;hourly_plot_csv/control_confirm_f10_g30_single_fixed_primary_request_H8_N0.csv;hourly_plot_csv/control_confirm_f10_rigid150_single_fixed_primary_request_H4_N0.csv;hourly_plot_csv/control_confirm_f10_rigid150_single_fixed_primary_request_H8_N0.csv;hourly_plot_csv/control_confirm_f10_rigid225_single_fixed_primary_request_H4_N0.csv;hourly_plot_csv/control_confirm_f10_rigid225_single_fixed_primary_request_H8_N0.csv;hourly_plot_csv/repeat_confirm_f05_H4G8_fresh0_H4_N0.csv;hourly_plot_csv/repeat_confirm_f05_H4G8_fresh1_H4_N0.csv;hourly_plot_csv/repeat_confirm_f05_H4G8_fresh2_H4_N0.csv;hourly_plot_csv/repeat_confirm_f05_H4G8_fresh3_H4_N0.csv;hourly_plot_csv/repeat_confirm_f05_H4G8_single_offer_repeated_H4_N0.csv;hourly_plot_csv/repeat_confirm_f05_H8G12_fresh0_H8_N0.csv;hourly_plot_csv/repeat_confirm_f05_H8G12_fresh1_H8_N0.csv;hourly_plot_csv/repeat_confirm_f05_H8G12_fresh2_H8_N0.csv;hourly_plot_csv/repeat_confirm_f05_H8G12_fresh3_H8_N0.csv;hourly_plot_csv/repeat_confirm_f05_H8G12_single_offer_repeated_H8_N0.csv;hourly_plot_csv/repeat_confirm_f10_H4G8_fresh0_H4_N0.csv;hourly_plot_csv/repeat_confirm_f10_H4G8_fresh1_H4_N0.csv;hourly_plot_csv/repeat_confirm_f10_H4G8_fresh2_H4_N0.csv;hourly_plot_csv/repeat_confirm_f10_H4G8_fresh3_H4_N0.csv;hourly_plot_csv/repeat_confirm_f10_H4G8_single_offer_repeated_H4_N0.csv;hourly_plot_csv/repeat_confirm_f10_H8G12_fresh0_H8_N0.csv;hourly_plot_csv/repeat_confirm_f10_H8G12_fresh1_H8_N0.csv;hourly_plot_csv/repeat_confirm_f10_H8G12_fresh2_H8_N0.csv;hourly_plot_csv/repeat_confirm_f10_H8G12_fresh3_H8_N0.csv;hourly_plot_csv/repeat_confirm_f10_H8G12_single_offer_repeated_H8_N0.csv;hourly_plot_csv/repeat_confirm_f20_H4G8_fresh0_H4_N0.csv;hourly_plot_csv/repeat_confirm_f20_H4G8_fresh1_H4_N0.csv;hourly_plot_csv/repeat_confirm_f20_H4G8_fresh2_H4_N0.csv;hourly_plot_csv/repeat_confirm_f20_H4G8_fresh3_H4_N0.csv;hourly_plot_csv/repeat_confirm_f20_H4G8_single_offer_repeated_H4_N0.csv;hourly_plot_csv/repeat_confirm_f20_H8G12_fresh0_H8_N0.csv;hourly_plot_csv/repeat_confirm_f20_H8G12_fresh1_H8_N0.csv;hourly_plot_csv/repeat_confirm_f20_H8G12_fresh2_H8_N0.csv;hourly_plot_csv/repeat_confirm_f20_H8G12_fresh3_H8_N0.csv;hourly_plot_csv/repeat_confirm_f20_H8G12_single_offer_repeated_H8_N0.csv;hourly_plot_csv/repeat_confirm_f40_H4G8_fresh0_H4_N0.csv;hourly_plot_csv/repeat_confirm_f40_H4G8_fresh1_H4_N0.csv;hourly_plot_csv/repeat_confirm_f40_H4G8_fresh2_H4_N0.csv;hourly_plot_csv/repeat_confirm_f40_H4G8_fresh3_H4_N0.csv;hourly_plot_csv/repeat_confirm_f40_H4G8_single_offer_repeated_H4_N0.csv;hourly_plot_csv/repeat_confirm_f40_H8G12_fresh0_H8_N0.csv;hourly_plot_csv/repeat_confirm_f40_H8G12_fresh1_H8_N0.csv;hourly_plot_csv/repeat_confirm_f40_H8G12_fresh2_H8_N0.csv;hourly_plot_csv/repeat_confirm_f40_H8G12_fresh3_H8_N0.csv;hourly_plot_csv/repeat_confirm_f40_H8G12_single_offer_repeated_H8_N0.csv;hourly_plot_csv/repeat_confirm_f60_H4G8_fresh0_H4_N0.csv;hourly_plot_csv/repeat_confirm_f60_H4G8_fresh1_H4_N0.csv;hourly_plot_csv/repeat_confirm_f60_H4G8_fresh2_H4_N0.csv;hourly_plot_csv/repeat_confirm_f60_H4G8_fresh3_H4_N0.csv;hourly_plot_csv/repeat_confirm_f60_H4G8_single_offer_repeated_H4_N0.csv;hourly_plot_csv/repeat_confirm_f60_H8G12_fresh0_H8_N0.csv;hourly_plot_csv/repeat_confirm_f60_H8G12_fresh1_H8_N0.csv;hourly_plot_csv/repeat_confirm_f60_H8G12_fresh2_H8_N0.csv;hourly_plot_csv/repeat_confirm_f60_H8G12_fresh3_H8_N0.csv;hourly_plot_csv/repeat_confirm_f60_H8G12_single_offer_repeated_H8_N0.csv;hourly_plot_csv/repeat_dev_f05_H4G8_fraction0p25_H4_N0.csv;hourly_plot_csv/repeat_dev_f05_H4G8_fraction0p5_H4_N0.csv;hourly_plot_csv/repeat_dev_f05_H4G8_fraction0p75_H4_N0.csv;hourly_plot_csv/repeat_dev_f05_H4G8_fraction1p0_H4_N0.csv;hourly_plot_csv/repeat_dev_f05_H8G12_fraction0p25_H8_N0.csv;hourly_plot_csv/repeat_dev_f05_H8G12_fraction0p5_H8_N0.csv;hourly_plot_csv/repeat_dev_f05_H8G12_fraction0p75_H8_N0.csv;hourly_plot_csv/repeat_dev_f05_H8G12_fraction1p0_H8_N0.csv;hourly_plot_csv/repeat_dev_f10_H4G8_fraction0p25_H4_N0.csv;hourly_plot_csv/repeat_dev_f10_H4G8_fraction0p5_H4_N0.csv;hourly_plot_csv/repeat_dev_f10_H4G8_fraction0p75_H4_N0.csv;hourly_plot_csv/repeat_dev_f10_H4G8_fraction1p0_H4_N0.csv;hourly_plot_csv/repeat_dev_f10_H8G12_fraction0p25_H8_N0.csv;hourly_plot_csv/repeat_dev_f10_H8G12_fraction0p5_H8_N0.csv;hourly_plot_csv/repeat_dev_f10_H8G12_fraction0p75_H8_N0.csv;hourly_plot_csv/repeat_dev_f10_H8G12_fraction1p0_H8_N0.csv;hourly_plot_csv/repeat_dev_f20_H4G8_fraction0p25_H4_N0.csv;hourly_plot_csv/repeat_dev_f20_H4G8_fraction0p5_H4_N0.csv;hourly_plot_csv/repeat_dev_f20_H4G8_fraction0p75_H4_N0.csv;hourly_plot_csv/repeat_dev_f20_H4G8_fraction1p0_H4_N0.csv;hourly_plot_csv/repeat_dev_f20_H8G12_fraction0p25_H8_N0.csv;hourly_plot_csv/repeat_dev_f20_H8G12_fraction0p5_H8_N0.csv;hourly_plot_csv/repeat_dev_f20_H8G12_fraction0p75_H8_N0.csv;hourly_plot_csv/repeat_dev_f20_H8G12_fraction1p0_H8_N0.csv;hourly_plot_csv/repeat_dev_f40_H4G8_fraction0p25_H4_N0.csv;hourly_plot_csv/repeat_dev_f40_H4G8_fraction0p5_H4_N0.csv;hourly_plot_csv/repeat_dev_f40_H4G8_fraction0p75_H4_N0.csv;hourly_plot_csv/repeat_dev_f40_H4G8_fraction1p0_H4_N0.csv;hourly_plot_csv/repeat_dev_f40_H8G12_fraction0p25_H8_N0.csv;hourly_plot_csv/repeat_dev_f40_H8G12_fraction0p5_H8_N0.csv;hourly_plot_csv/repeat_dev_f40_H8G12_fraction0p75_H8_N0.csv;hourly_plot_csv/repeat_dev_f40_H8G12_fraction1p0_H8_N0.csv;hourly_plot_csv/repeat_dev_f60_H4G8_fraction0p25_H4_N0.csv;hourly_plot_csv/repeat_dev_f60_H4G8_fraction0p5_H4_N0.csv;hourly_plot_csv/repeat_dev_f60_H4G8_fraction0p75_H4_N0.csv;hourly_plot_csv/repeat_dev_f60_H4G8_fraction1p0_H4_N0.csv;hourly_plot_csv/repeat_dev_f60_H8G12_fraction0p25_H8_N0.csv;hourly_plot_csv/repeat_dev_f60_H8G12_fraction0p5_H8_N0.csv;hourly_plot_csv/repeat_dev_f60_H8G12_fraction0p75_H8_N0.csv;hourly_plot_csv/repeat_dev_f60_H8G12_fraction1p0_H8_N0.csv;hourly_plot_csv/single_confirm_f05_single_selected_H4_N0.csv;hourly_plot_csv/single_confirm_f05_single_selected_H4_N2.csv;hourly_plot_csv/single_confirm_f05_single_selected_H4_N6.csv;hourly_plot_csv/single_confirm_f05_single_selected_H8_N0.csv;hourly_plot_csv/single_confirm_f05_single_selected_H8_N2.csv;hourly_plot_csv/single_confirm_f05_single_selected_H8_N6.csv;hourly_plot_csv/single_confirm_f10_single_selected_H4_N0.csv;hourly_plot_csv/single_confirm_f10_single_selected_H4_N2.csv;hourly_plot_csv/single_confirm_f10_single_selected_H4_N6.csv;hourly_plot_csv/single_confirm_f10_single_selected_H8_N0.csv;hourly_plot_csv/single_confirm_f10_single_selected_H8_N2.csv;hourly_plot_csv/single_confirm_f10_single_selected_H8_N6.csv;hourly_plot_csv/single_confirm_f20_single_selected_H4_N0.csv;hourly_plot_csv/single_confirm_f20_single_selected_H4_N2.csv;hourly_plot_csv/single_confirm_f20_single_selected_H4_N6.csv;hourly_plot_csv/single_confirm_f20_single_selected_H8_N0.csv;hourly_plot_csv/single_confirm_f20_single_selected_H8_N2.csv;hourly_plot_csv/single_confirm_f20_single_selected_H8_N6.csv;hourly_plot_csv/single_confirm_f40_single_selected_H4_N0.csv;hourly_plot_csv/single_confirm_f40_single_selected_H4_N2.csv;hourly_plot_csv/single_confirm_f40_single_selected_H4_N6.csv;hourly_plot_csv/single_confirm_f40_single_selected_H8_N0.csv;hourly_plot_csv/single_confirm_f40_single_selected_H8_N2.csv;hourly_plot_csv/single_confirm_f40_single_selected_H8_N6.csv;hourly_plot_csv/single_confirm_f60_single_selected_H4_N0.csv;hourly_plot_csv/single_confirm_f60_single_selected_H4_N2.csv;hourly_plot_csv/single_confirm_f60_single_selected_H4_N6.csv;hourly_plot_csv/single_confirm_f60_single_selected_H8_N0.csv;hourly_plot_csv/single_confirm_f60_single_selected_H8_N2.csv;hourly_plot_csv/single_confirm_f60_single_selected_H8_N6.csv;hourly_plot_csv/single_dev_f05_single_fraction0p5_H4_N0.csv;hourly_plot_csv/single_dev_f05_single_fraction0p5_H8_N0.csv;hourly_plot_csv/single_dev_f05_single_fraction0p75_H4_N0.csv;hourly_plot_csv/single_dev_f05_single_fraction0p75_H8_N0.csv;hourly_plot_csv/single_dev_f05_single_fraction0p9_H4_N0.csv;hourly_plot_csv/single_dev_f05_single_fraction0p9_H8_N0.csv;hourly_plot_csv/single_dev_f05_single_fraction1p0_H4_N0.csv;hourly_plot_csv/single_dev_f05_single_fraction1p0_H8_N0.csv;hourly_plot_csv/single_dev_f10_single_fraction0p5_H4_N0.csv;hourly_plot_csv/single_dev_f10_single_fraction0p5_H8_N0.csv;hourly_plot_csv/single_dev_f10_single_fraction0p75_H4_N0.csv;hourly_plot_csv/single_dev_f10_single_fraction0p75_H8_N0.csv;hourly_plot_csv/single_dev_f10_single_fraction0p9_H4_N0.csv;hourly_plot_csv/single_dev_f10_single_fraction0p9_H8_N0.csv;hourly_plot_csv/single_dev_f10_single_fraction1p0_H4_N0.csv;hourly_plot_csv/single_dev_f10_single_fraction1p0_H8_N0.csv;hourly_plot_csv/single_dev_f20_single_fraction0p5_H4_N0.csv;hourly_plot_csv/single_dev_f20_single_fraction0p5_H8_N0.csv;hourly_plot_csv/single_dev_f20_single_fraction0p75_H4_N0.csv;hourly_plot_csv/single_dev_f20_single_fraction0p75_H8_N0.csv;hourly_plot_csv/single_dev_f20_single_fraction0p9_H4_N0.csv;hourly_plot_csv/single_dev_f20_single_fraction0p9_H8_N0.csv;hourly_plot_csv/single_dev_f20_single_fraction1p0_H4_N0.csv;hourly_plot_csv/single_dev_f20_single_fraction1p0_H8_N0.csv;hourly_plot_csv/single_dev_f40_single_fraction0p5_H4_N0.csv;hourly_plot_csv/single_dev_f40_single_fraction0p5_H8_N0.csv;hourly_plot_csv/single_dev_f40_single_fraction0p75_H4_N0.csv;hourly_plot_csv/single_dev_f40_single_fraction0p75_H8_N0.csv;hourly_plot_csv/single_dev_f40_single_fraction0p9_H4_N0.csv;hourly_plot_csv/single_dev_f40_single_fraction0p9_H8_N0.csv;hourly_plot_csv/single_dev_f40_single_fraction1p0_H4_N0.csv;hourly_plot_csv/single_dev_f40_single_fraction1p0_H8_N0.csv;hourly_plot_csv/single_dev_f60_single_fraction0p5_H4_N0.csv;hourly_plot_csv/single_dev_f60_single_fraction0p5_H8_N0.csv;hourly_plot_csv/single_dev_f60_single_fraction0p75_H4_N0.csv;hourly_plot_csv/single_dev_f60_single_fraction0p75_H8_N0.csv;hourly_plot_csv/single_dev_f60_single_fraction0p9_H4_N0.csv;hourly_plot_csv/single_dev_f60_single_fraction0p9_H8_N0.csv;hourly_plot_csv/single_dev_f60_single_fraction1p0_H4_N0.csv;hourly_plot_csv/single_dev_f60_single_fraction1p0_H8_N0.csv;notice_paired_comparisons.csv;pi_boundaries.csv;pi_scenarios.csv;ready_hourly_curves.csv;repeat_confirm_summary.csv;repeat_dev_summary.csv;repeat_paired_comparisons.csv;repeat_selected.csv;repeated_confirmation_ledgers.csv;reserve_life_sensitivity.csv;single_confirm_summary.csv;single_confirmation_ledgers.csv;single_dev_summary.csv;single_selected.csv
economic_life_years,see table context,Literal named model/output field; equations and criteria in current Supplementary Methods,reserve_life_sensitivity.csv
effective_displaced_value_usd_gpu_h,GPU-h,Literal named model/output field; equations and criteria in current Supplementary Methods,economic_price_sensitivity.csv;economic_primary.csv;reserve_life_sensitivity.csv
episode_seed,see table context,Literal named model/output field; equations and criteria in current Supplementary Methods,control_pi_scenarios.csv;hourly_full/*.parquet;pi_scenarios.csv
estimable,see table context,Literal named model/output field; equations and criteria in current Supplementary Methods,control_pi_boundaries.csv;pi_boundaries.csv
estimate_w_per_gpu,see table context,Literal named model/output field; equations and criteria in current Supplementary Methods,calibration_class_summary.csv
event_active,see table context,Literal named model/output field; equations and criteria in current Supplementary Methods,hourly_full/*.parquet;hourly_plot_csv/control_confirm_f10_g20_single_fixed_primary_request_H4_N0.csv;hourly_plot_csv/control_confirm_f10_g20_single_fixed_primary_request_H8_N0.csv;hourly_plot_csv/control_confirm_f10_g30_single_fixed_primary_request_H4_N0.csv;hourly_plot_csv/control_confirm_f10_g30_single_fixed_primary_request_H8_N0.csv;hourly_plot_csv/control_confirm_f10_rigid150_single_fixed_primary_request_H4_N0.csv;hourly_plot_csv/control_confirm_f10_rigid150_single_fixed_primary_request_H8_N0.csv;hourly_plot_csv/control_confirm_f10_rigid225_single_fixed_primary_request_H4_N0.csv;hourly_plot_csv/control_confirm_f10_rigid225_single_fixed_primary_request_H8_N0.csv;hourly_plot_csv/repeat_confirm_f05_H4G8_fresh0_H4_N0.csv;hourly_plot_csv/repeat_confirm_f05_H4G8_fresh1_H4_N0.csv;hourly_plot_csv/repeat_confirm_f05_H4G8_fresh2_H4_N0.csv;hourly_plot_csv/repeat_confirm_f05_H4G8_fresh3_H4_N0.csv;hourly_plot_csv/repeat_confirm_f05_H4G8_single_offer_repeated_H4_N0.csv;hourly_plot_csv/repeat_confirm_f05_H8G12_fresh0_H8_N0.csv;hourly_plot_csv/repeat_confirm_f05_H8G12_fresh1_H8_N0.csv;hourly_plot_csv/repeat_confirm_f05_H8G12_fresh2_H8_N0.csv;hourly_plot_csv/repeat_confirm_f05_H8G12_fresh3_H8_N0.csv;hourly_plot_csv/repeat_confirm_f05_H8G12_single_offer_repeated_H8_N0.csv;hourly_plot_csv/repeat_confirm_f10_H4G8_fresh0_H4_N0.csv;hourly_plot_csv/repeat_confirm_f10_H4G8_fresh1_H4_N0.csv;hourly_plot_csv/repeat_confirm_f10_H4G8_fresh2_H4_N0.csv;hourly_plot_csv/repeat_confirm_f10_H4G8_fresh3_H4_N0.csv;hourly_plot_csv/repeat_confirm_f10_H4G8_single_offer_repeated_H4_N0.csv;hourly_plot_csv/repeat_confirm_f10_H8G12_fresh0_H8_N0.csv;hourly_plot_csv/repeat_confirm_f10_H8G12_fresh1_H8_N0.csv;hourly_plot_csv/repeat_confirm_f10_H8G12_fresh2_H8_N0.csv;hourly_plot_csv/repeat_confirm_f10_H8G12_fresh3_H8_N0.csv;hourly_plot_csv/repeat_confirm_f10_H8G12_single_offer_repeated_H8_N0.csv;hourly_plot_csv/repeat_confirm_f20_H4G8_fresh0_H4_N0.csv;hourly_plot_csv/repeat_confirm_f20_H4G8_fresh1_H4_N0.csv;hourly_plot_csv/repeat_confirm_f20_H4G8_fresh2_H4_N0.csv;hourly_plot_csv/repeat_confirm_f20_H4G8_fresh3_H4_N0.csv;hourly_plot_csv/repeat_confirm_f20_H4G8_single_offer_repeated_H4_N0.csv;hourly_plot_csv/repeat_confirm_f20_H8G12_fresh0_H8_N0.csv;hourly_plot_csv/repeat_confirm_f20_H8G12_fresh1_H8_N0.csv;hourly_plot_csv/repeat_confirm_f20_H8G12_fresh2_H8_N0.csv;hourly_plot_csv/repeat_confirm_f20_H8G12_fresh3_H8_N0.csv;hourly_plot_csv/repeat_confirm_f20_H8G12_single_offer_repeated_H8_N0.csv;hourly_plot_csv/repeat_confirm_f40_H4G8_fresh0_H4_N0.csv;hourly_plot_csv/repeat_confirm_f40_H4G8_fresh1_H4_N0.csv;hourly_plot_csv/repeat_confirm_f40_H4G8_fresh2_H4_N0.csv;hourly_plot_csv/repeat_confirm_f40_H4G8_fresh3_H4_N0.csv;hourly_plot_csv/repeat_confirm_f40_H4G8_single_offer_repeated_H4_N0.csv;hourly_plot_csv/repeat_confirm_f40_H8G12_fresh0_H8_N0.csv;hourly_plot_csv/repeat_confirm_f40_H8G12_fresh1_H8_N0.csv;hourly_plot_csv/repeat_confirm_f40_H8G12_fresh2_H8_N0.csv;hourly_plot_csv/repeat_confirm_f40_H8G12_fresh3_H8_N0.csv;hourly_plot_csv/repeat_confirm_f40_H8G12_single_offer_repeated_H8_N0.csv;hourly_plot_csv/repeat_confirm_f60_H4G8_fresh0_H4_N0.csv;hourly_plot_csv/repeat_confirm_f60_H4G8_fresh1_H4_N0.csv;hourly_plot_csv/repeat_confirm_f60_H4G8_fresh2_H4_N0.csv;hourly_plot_csv/repeat_confirm_f60_H4G8_fresh3_H4_N0.csv;hourly_plot_csv/repeat_confirm_f60_H4G8_single_offer_repeated_H4_N0.csv;hourly_plot_csv/repeat_confirm_f60_H8G12_fresh0_H8_N0.csv;hourly_plot_csv/repeat_confirm_f60_H8G12_fresh1_H8_N0.csv;hourly_plot_csv/repeat_confirm_f60_H8G12_fresh2_H8_N0.csv;hourly_plot_csv/repeat_confirm_f60_H8G12_fresh3_H8_N0.csv;hourly_plot_csv/repeat_confirm_f60_H8G12_single_offer_repeated_H8_N0.csv;hourly_plot_csv/repeat_dev_f05_H4G8_fraction0p25_H4_N0.csv;hourly_plot_csv/repeat_dev_f05_H4G8_fraction0p5_H4_N0.csv;hourly_plot_csv/repeat_dev_f05_H4G8_fraction0p75_H4_N0.csv;hourly_plot_csv/repeat_dev_f05_H4G8_fraction1p0_H4_N0.csv;hourly_plot_csv/repeat_dev_f05_H8G12_fraction0p25_H8_N0.csv;hourly_plot_csv/repeat_dev_f05_H8G12_fraction0p5_H8_N0.csv;hourly_plot_csv/repeat_dev_f05_H8G12_fraction0p75_H8_N0.csv;hourly_plot_csv/repeat_dev_f05_H8G12_fraction1p0_H8_N0.csv;hourly_plot_csv/repeat_dev_f10_H4G8_fraction0p25_H4_N0.csv;hourly_plot_csv/repeat_dev_f10_H4G8_fraction0p5_H4_N0.csv;hourly_plot_csv/repeat_dev_f10_H4G8_fraction0p75_H4_N0.csv;hourly_plot_csv/repeat_dev_f10_H4G8_fraction1p0_H4_N0.csv;hourly_plot_csv/repeat_dev_f10_H8G12_fraction0p25_H8_N0.csv;hourly_plot_csv/repeat_dev_f10_H8G12_fraction0p5_H8_N0.csv;hourly_plot_csv/repeat_dev_f10_H8G12_fraction0p75_H8_N0.csv;hourly_plot_csv/repeat_dev_f10_H8G12_fraction1p0_H8_N0.csv;hourly_plot_csv/repeat_dev_f20_H4G8_fraction0p25_H4_N0.csv;hourly_plot_csv/repeat_dev_f20_H4G8_fraction0p5_H4_N0.csv;hourly_plot_csv/repeat_dev_f20_H4G8_fraction0p75_H4_N0.csv;hourly_plot_csv/repeat_dev_f20_H4G8_fraction1p0_H4_N0.csv;hourly_plot_csv/repeat_dev_f20_H8G12_fraction0p25_H8_N0.csv;hourly_plot_csv/repeat_dev_f20_H8G12_fraction0p5_H8_N0.csv;hourly_plot_csv/repeat_dev_f20_H8G12_fraction0p75_H8_N0.csv;hourly_plot_csv/repeat_dev_f20_H8G12_fraction1p0_H8_N0.csv;hourly_plot_csv/repeat_dev_f40_H4G8_fraction0p25_H4_N0.csv;hourly_plot_csv/repeat_dev_f40_H4G8_fraction0p5_H4_N0.csv;hourly_plot_csv/repeat_dev_f40_H4G8_fraction0p75_H4_N0.csv;hourly_plot_csv/repeat_dev_f40_H4G8_fraction1p0_H4_N0.csv;hourly_plot_csv/repeat_dev_f40_H8G12_fraction0p25_H8_N0.csv;hourly_plot_csv/repeat_dev_f40_H8G12_fraction0p5_H8_N0.csv;hourly_plot_csv/repeat_dev_f40_H8G12_fraction0p75_H8_N0.csv;hourly_plot_csv/repeat_dev_f40_H8G12_fraction1p0_H8_N0.csv;hourly_plot_csv/repeat_dev_f60_H4G8_fraction0p25_H4_N0.csv;hourly_plot_csv/repeat_dev_f60_H4G8_fraction0p5_H4_N0.csv;hourly_plot_csv/repeat_dev_f60_H4G8_fraction0p75_H4_N0.csv;hourly_plot_csv/repeat_dev_f60_H4G8_fraction1p0_H4_N0.csv;hourly_plot_csv/repeat_dev_f60_H8G12_fraction0p25_H8_N0.csv;hourly_plot_csv/repeat_dev_f60_H8G12_fraction0p5_H8_N0.csv;hourly_plot_csv/repeat_dev_f60_H8G12_fraction0p75_H8_N0.csv;hourly_plot_csv/repeat_dev_f60_H8G12_fraction1p0_H8_N0.csv;hourly_plot_csv/single_confirm_f05_single_selected_H4_N0.csv;hourly_plot_csv/single_confirm_f05_single_selected_H4_N2.csv;hourly_plot_csv/single_confirm_f05_single_selected_H4_N6.csv;hourly_plot_csv/single_confirm_f05_single_selected_H8_N0.csv;hourly_plot_csv/single_confirm_f05_single_selected_H8_N2.csv;hourly_plot_csv/single_confirm_f05_single_selected_H8_N6.csv;hourly_plot_csv/single_confirm_f10_single_selected_H4_N0.csv;hourly_plot_csv/single_confirm_f10_single_selected_H4_N2.csv;hourly_plot_csv/single_confirm_f10_single_selected_H4_N6.csv;hourly_plot_csv/single_confirm_f10_single_selected_H8_N0.csv;hourly_plot_csv/single_confirm_f10_single_selected_H8_N2.csv;hourly_plot_csv/single_confirm_f10_single_selected_H8_N6.csv;hourly_plot_csv/single_confirm_f20_single_selected_H4_N0.csv;hourly_plot_csv/single_confirm_f20_single_selected_H4_N2.csv;hourly_plot_csv/single_confirm_f20_single_selected_H4_N6.csv;hourly_plot_csv/single_confirm_f20_single_selected_H8_N0.csv;hourly_plot_csv/single_confirm_f20_single_selected_H8_N2.csv;hourly_plot_csv/single_confirm_f20_single_selected_H8_N6.csv;hourly_plot_csv/single_confirm_f40_single_selected_H4_N0.csv;hourly_plot_csv/single_confirm_f40_single_selected_H4_N2.csv;hourly_plot_csv/single_confirm_f40_single_selected_H4_N6.csv;hourly_plot_csv/single_confirm_f40_single_selected_H8_N0.csv;hourly_plot_csv/single_confirm_f40_single_selected_H8_N2.csv;hourly_plot_csv/single_confirm_f40_single_selected_H8_N6.csv;hourly_plot_csv/single_confirm_f60_single_selected_H4_N0.csv;hourly_plot_csv/single_confirm_f60_single_selected_H4_N2.csv;hourly_plot_csv/single_confirm_f60_single_selected_H4_N6.csv;hourly_plot_csv/single_confirm_f60_single_selected_H8_N0.csv;hourly_plot_csv/single_confirm_f60_single_selected_H8_N2.csv;hourly_plot_csv/single_confirm_f60_single_selected_H8_N6.csv;hourly_plot_csv/single_dev_f05_single_fraction0p5_H4_N0.csv;hourly_plot_csv/single_dev_f05_single_fraction0p5_H8_N0.csv;hourly_plot_csv/single_dev_f05_single_fraction0p75_H4_N0.csv;hourly_plot_csv/single_dev_f05_single_fraction0p75_H8_N0.csv;hourly_plot_csv/single_dev_f05_single_fraction0p9_H4_N0.csv;hourly_plot_csv/single_dev_f05_single_fraction0p9_H8_N0.csv;hourly_plot_csv/single_dev_f05_single_fraction1p0_H4_N0.csv;hourly_plot_csv/single_dev_f05_single_fraction1p0_H8_N0.csv;hourly_plot_csv/single_dev_f10_single_fraction0p5_H4_N0.csv;hourly_plot_csv/single_dev_f10_single_fraction0p5_H8_N0.csv;hourly_plot_csv/single_dev_f10_single_fraction0p75_H4_N0.csv;hourly_plot_csv/single_dev_f10_single_fraction0p75_H8_N0.csv;hourly_plot_csv/single_dev_f10_single_fraction0p9_H4_N0.csv;hourly_plot_csv/single_dev_f10_single_fraction0p9_H8_N0.csv;hourly_plot_csv/single_dev_f10_single_fraction1p0_H4_N0.csv;hourly_plot_csv/single_dev_f10_single_fraction1p0_H8_N0.csv;hourly_plot_csv/single_dev_f20_single_fraction0p5_H4_N0.csv;hourly_plot_csv/single_dev_f20_single_fraction0p5_H8_N0.csv;hourly_plot_csv/single_dev_f20_single_fraction0p75_H4_N0.csv;hourly_plot_csv/single_dev_f20_single_fraction0p75_H8_N0.csv;hourly_plot_csv/single_dev_f20_single_fraction0p9_H4_N0.csv;hourly_plot_csv/single_dev_f20_single_fraction0p9_H8_N0.csv;hourly_plot_csv/single_dev_f20_single_fraction1p0_H4_N0.csv;hourly_plot_csv/single_dev_f20_single_fraction1p0_H8_N0.csv;hourly_plot_csv/single_dev_f40_single_fraction0p5_H4_N0.csv;hourly_plot_csv/single_dev_f40_single_fraction0p5_H8_N0.csv;hourly_plot_csv/single_dev_f40_single_fraction0p75_H4_N0.csv;hourly_plot_csv/single_dev_f40_single_fraction0p75_H8_N0.csv;hourly_plot_csv/single_dev_f40_single_fraction0p9_H4_N0.csv;hourly_plot_csv/single_dev_f40_single_fraction0p9_H8_N0.csv;hourly_plot_csv/single_dev_f40_single_fraction1p0_H4_N0.csv;hourly_plot_csv/single_dev_f40_single_fraction1p0_H8_N0.csv;hourly_plot_csv/single_dev_f60_single_fraction0p5_H4_N0.csv;hourly_plot_csv/single_dev_f60_single_fraction0p5_H8_N0.csv;hourly_plot_csv/single_dev_f60_single_fraction0p75_H4_N0.csv;hourly_plot_csv/single_dev_f60_single_fraction0p75_H8_N0.csv;hourly_plot_csv/single_dev_f60_single_fraction0p9_H4_N0.csv;hourly_plot_csv/single_dev_f60_single_fraction0p9_H8_N0.csv;hourly_plot_csv/single_dev_f60_single_fraction1p0_H4_N0.csv;hourly_plot_csv/single_dev_f60_single_fraction1p0_H8_N0.csv
event_count,see table context,Literal named model/output field; equations and criteria in current Supplementary Methods,failure_attribution_counts.csv
event_hours,see table context,Literal named model/output field; equations and criteria in current Supplementary Methods,control_confirmation_ledgers.csv;repeated_confirmation_ledgers.csv;single_confirmation_ledgers.csv
event_id,see table context,Literal named model/output field; equations and criteria in current Supplementary Methods,all_trial_event_outcomes.csv;control_pi_scenarios.csv;hourly_full/*.parquet;pi_scenarios.csv
event_ids,see table context,Literal named model/output field; equations and criteria in current Supplementary Methods,repeated_confirmation_ledgers.csv
event_notice_remaining_hours,see table context,Literal named model/output field; equations and criteria in current Supplementary Methods,hourly_full/*.parquet
event_relative_hour,h,Interval relative to the first retained call,hourly_full/*.parquet;hourly_plot_csv/control_confirm_f10_g20_single_fixed_primary_request_H4_N0.csv;hourly_plot_csv/control_confirm_f10_g20_single_fixed_primary_request_H8_N0.csv;hourly_plot_csv/control_confirm_f10_g30_single_fixed_primary_request_H4_N0.csv;hourly_plot_csv/control_confirm_f10_g30_single_fixed_primary_request_H8_N0.csv;hourly_plot_csv/control_confirm_f10_rigid150_single_fixed_primary_request_H4_N0.csv;hourly_plot_csv/control_confirm_f10_rigid150_single_fixed_primary_request_H8_N0.csv;hourly_plot_csv/control_confirm_f10_rigid225_single_fixed_primary_request_H4_N0.csv;hourly_plot_csv/control_confirm_f10_rigid225_single_fixed_primary_request_H8_N0.csv;hourly_plot_csv/repeat_confirm_f05_H4G8_fresh0_H4_N0.csv;hourly_plot_csv/repeat_confirm_f05_H4G8_fresh1_H4_N0.csv;hourly_plot_csv/repeat_confirm_f05_H4G8_fresh2_H4_N0.csv;hourly_plot_csv/repeat_confirm_f05_H4G8_fresh3_H4_N0.csv;hourly_plot_csv/repeat_confirm_f05_H4G8_single_offer_repeated_H4_N0.csv;hourly_plot_csv/repeat_confirm_f05_H8G12_fresh0_H8_N0.csv;hourly_plot_csv/repeat_confirm_f05_H8G12_fresh1_H8_N0.csv;hourly_plot_csv/repeat_confirm_f05_H8G12_fresh2_H8_N0.csv;hourly_plot_csv/repeat_confirm_f05_H8G12_fresh3_H8_N0.csv;hourly_plot_csv/repeat_confirm_f05_H8G12_single_offer_repeated_H8_N0.csv;hourly_plot_csv/repeat_confirm_f10_H4G8_fresh0_H4_N0.csv;hourly_plot_csv/repeat_confirm_f10_H4G8_fresh1_H4_N0.csv;hourly_plot_csv/repeat_confirm_f10_H4G8_fresh2_H4_N0.csv;hourly_plot_csv/repeat_confirm_f10_H4G8_fresh3_H4_N0.csv;hourly_plot_csv/repeat_confirm_f10_H4G8_single_offer_repeated_H4_N0.csv;hourly_plot_csv/repeat_confirm_f10_H8G12_fresh0_H8_N0.csv;hourly_plot_csv/repeat_confirm_f10_H8G12_fresh1_H8_N0.csv;hourly_plot_csv/repeat_confirm_f10_H8G12_fresh2_H8_N0.csv;hourly_plot_csv/repeat_confirm_f10_H8G12_fresh3_H8_N0.csv;hourly_plot_csv/repeat_confirm_f10_H8G12_single_offer_repeated_H8_N0.csv;hourly_plot_csv/repeat_confirm_f20_H4G8_fresh0_H4_N0.csv;hourly_plot_csv/repeat_confirm_f20_H4G8_fresh1_H4_N0.csv;hourly_plot_csv/repeat_confirm_f20_H4G8_fresh2_H4_N0.csv;hourly_plot_csv/repeat_confirm_f20_H4G8_fresh3_H4_N0.csv;hourly_plot_csv/repeat_confirm_f20_H4G8_single_offer_repeated_H4_N0.csv;hourly_plot_csv/repeat_confirm_f20_H8G12_fresh0_H8_N0.csv;hourly_plot_csv/repeat_confirm_f20_H8G12_fresh1_H8_N0.csv;hourly_plot_csv/repeat_confirm_f20_H8G12_fresh2_H8_N0.csv;hourly_plot_csv/repeat_confirm_f20_H8G12_fresh3_H8_N0.csv;hourly_plot_csv/repeat_confirm_f20_H8G12_single_offer_repeated_H8_N0.csv;hourly_plot_csv/repeat_confirm_f40_H4G8_fresh0_H4_N0.csv;hourly_plot_csv/repeat_confirm_f40_H4G8_fresh1_H4_N0.csv;hourly_plot_csv/repeat_confirm_f40_H4G8_fresh2_H4_N0.csv;hourly_plot_csv/repeat_confirm_f40_H4G8_fresh3_H4_N0.csv;hourly_plot_csv/repeat_confirm_f40_H4G8_single_offer_repeated_H4_N0.csv;hourly_plot_csv/repeat_confirm_f40_H8G12_fresh0_H8_N0.csv;hourly_plot_csv/repeat_confirm_f40_H8G12_fresh1_H8_N0.csv;hourly_plot_csv/repeat_confirm_f40_H8G12_fresh2_H8_N0.csv;hourly_plot_csv/repeat_confirm_f40_H8G12_fresh3_H8_N0.csv;hourly_plot_csv/repeat_confirm_f40_H8G12_single_offer_repeated_H8_N0.csv;hourly_plot_csv/repeat_confirm_f60_H4G8_fresh0_H4_N0.csv;hourly_plot_csv/repeat_confirm_f60_H4G8_fresh1_H4_N0.csv;hourly_plot_csv/repeat_confirm_f60_H4G8_fresh2_H4_N0.csv;hourly_plot_csv/repeat_confirm_f60_H4G8_fresh3_H4_N0.csv;hourly_plot_csv/repeat_confirm_f60_H4G8_single_offer_repeated_H4_N0.csv;hourly_plot_csv/repeat_confirm_f60_H8G12_fresh0_H8_N0.csv;hourly_plot_csv/repeat_confirm_f60_H8G12_fresh1_H8_N0.csv;hourly_plot_csv/repeat_confirm_f60_H8G12_fresh2_H8_N0.csv;hourly_plot_csv/repeat_confirm_f60_H8G12_fresh3_H8_N0.csv;hourly_plot_csv/repeat_confirm_f60_H8G12_single_offer_repeated_H8_N0.csv;hourly_plot_csv/repeat_dev_f05_H4G8_fraction0p25_H4_N0.csv;hourly_plot_csv/repeat_dev_f05_H4G8_fraction0p5_H4_N0.csv;hourly_plot_csv/repeat_dev_f05_H4G8_fraction0p75_H4_N0.csv;hourly_plot_csv/repeat_dev_f05_H4G8_fraction1p0_H4_N0.csv;hourly_plot_csv/repeat_dev_f05_H8G12_fraction0p25_H8_N0.csv;hourly_plot_csv/repeat_dev_f05_H8G12_fraction0p5_H8_N0.csv;hourly_plot_csv/repeat_dev_f05_H8G12_fraction0p75_H8_N0.csv;hourly_plot_csv/repeat_dev_f05_H8G12_fraction1p0_H8_N0.csv;hourly_plot_csv/repeat_dev_f10_H4G8_fraction0p25_H4_N0.csv;hourly_plot_csv/repeat_dev_f10_H4G8_fraction0p5_H4_N0.csv;hourly_plot_csv/repeat_dev_f10_H4G8_fraction0p75_H4_N0.csv;hourly_plot_csv/repeat_dev_f10_H4G8_fraction1p0_H4_N0.csv;hourly_plot_csv/repeat_dev_f10_H8G12_fraction0p25_H8_N0.csv;hourly_plot_csv/repeat_dev_f10_H8G12_fraction0p5_H8_N0.csv;hourly_plot_csv/repeat_dev_f10_H8G12_fraction0p75_H8_N0.csv;hourly_plot_csv/repeat_dev_f10_H8G12_fraction1p0_H8_N0.csv;hourly_plot_csv/repeat_dev_f20_H4G8_fraction0p25_H4_N0.csv;hourly_plot_csv/repeat_dev_f20_H4G8_fraction0p5_H4_N0.csv;hourly_plot_csv/repeat_dev_f20_H4G8_fraction0p75_H4_N0.csv;hourly_plot_csv/repeat_dev_f20_H4G8_fraction1p0_H4_N0.csv;hourly_plot_csv/repeat_dev_f20_H8G12_fraction0p25_H8_N0.csv;hourly_plot_csv/repeat_dev_f20_H8G12_fraction0p5_H8_N0.csv;hourly_plot_csv/repeat_dev_f20_H8G12_fraction0p75_H8_N0.csv;hourly_plot_csv/repeat_dev_f20_H8G12_fraction1p0_H8_N0.csv;hourly_plot_csv/repeat_dev_f40_H4G8_fraction0p25_H4_N0.csv;hourly_plot_csv/repeat_dev_f40_H4G8_fraction0p5_H4_N0.csv;hourly_plot_csv/repeat_dev_f40_H4G8_fraction0p75_H4_N0.csv;hourly_plot_csv/repeat_dev_f40_H4G8_fraction1p0_H4_N0.csv;hourly_plot_csv/repeat_dev_f40_H8G12_fraction0p25_H8_N0.csv;hourly_plot_csv/repeat_dev_f40_H8G12_fraction0p5_H8_N0.csv;hourly_plot_csv/repeat_dev_f40_H8G12_fraction0p75_H8_N0.csv;hourly_plot_csv/repeat_dev_f40_H8G12_fraction1p0_H8_N0.csv;hourly_plot_csv/repeat_dev_f60_H4G8_fraction0p25_H4_N0.csv;hourly_plot_csv/repeat_dev_f60_H4G8_fraction0p5_H4_N0.csv;hourly_plot_csv/repeat_dev_f60_H4G8_fraction0p75_H4_N0.csv;hourly_plot_csv/repeat_dev_f60_H4G8_fraction1p0_H4_N0.csv;hourly_plot_csv/repeat_dev_f60_H8G12_fraction0p25_H8_N0.csv;hourly_plot_csv/repeat_dev_f60_H8G12_fraction0p5_H8_N0.csv;hourly_plot_csv/repeat_dev_f60_H8G12_fraction0p75_H8_N0.csv;hourly_plot_csv/repeat_dev_f60_H8G12_fraction1p0_H8_N0.csv;hourly_plot_csv/single_confirm_f05_single_selected_H4_N0.csv;hourly_plot_csv/single_confirm_f05_single_selected_H4_N2.csv;hourly_plot_csv/single_confirm_f05_single_selected_H4_N6.csv;hourly_plot_csv/single_confirm_f05_single_selected_H8_N0.csv;hourly_plot_csv/single_confirm_f05_single_selected_H8_N2.csv;hourly_plot_csv/single_confirm_f05_single_selected_H8_N6.csv;hourly_plot_csv/single_confirm_f10_single_selected_H4_N0.csv;hourly_plot_csv/single_confirm_f10_single_selected_H4_N2.csv;hourly_plot_csv/single_confirm_f10_single_selected_H4_N6.csv;hourly_plot_csv/single_confirm_f10_single_selected_H8_N0.csv;hourly_plot_csv/single_confirm_f10_single_selected_H8_N2.csv;hourly_plot_csv/single_confirm_f10_single_selected_H8_N6.csv;hourly_plot_csv/single_confirm_f20_single_selected_H4_N0.csv;hourly_plot_csv/single_confirm_f20_single_selected_H4_N2.csv;hourly_plot_csv/single_confirm_f20_single_selected_H4_N6.csv;hourly_plot_csv/single_confirm_f20_single_selected_H8_N0.csv;hourly_plot_csv/single_confirm_f20_single_selected_H8_N2.csv;hourly_plot_csv/single_confirm_f20_single_selected_H8_N6.csv;hourly_plot_csv/single_confirm_f40_single_selected_H4_N0.csv;hourly_plot_csv/single_confirm_f40_single_selected_H4_N2.csv;hourly_plot_csv/single_confirm_f40_single_selected_H4_N6.csv;hourly_plot_csv/single_confirm_f40_single_selected_H8_N0.csv;hourly_plot_csv/single_confirm_f40_single_selected_H8_N2.csv;hourly_plot_csv/single_confirm_f40_single_selected_H8_N6.csv;hourly_plot_csv/single_confirm_f60_single_selected_H4_N0.csv;hourly_plot_csv/single_confirm_f60_single_selected_H4_N2.csv;hourly_plot_csv/single_confirm_f60_single_selected_H4_N6.csv;hourly_plot_csv/single_confirm_f60_single_selected_H8_N0.csv;hourly_plot_csv/single_confirm_f60_single_selected_H8_N2.csv;hourly_plot_csv/single_confirm_f60_single_selected_H8_N6.csv;hourly_plot_csv/single_dev_f05_single_fraction0p5_H4_N0.csv;hourly_plot_csv/single_dev_f05_single_fraction0p5_H8_N0.csv;hourly_plot_csv/single_dev_f05_single_fraction0p75_H4_N0.csv;hourly_plot_csv/single_dev_f05_single_fraction0p75_H8_N0.csv;hourly_plot_csv/single_dev_f05_single_fraction0p9_H4_N0.csv;hourly_plot_csv/single_dev_f05_single_fraction0p9_H8_N0.csv;hourly_plot_csv/single_dev_f05_single_fraction1p0_H4_N0.csv;hourly_plot_csv/single_dev_f05_single_fraction1p0_H8_N0.csv;hourly_plot_csv/single_dev_f10_single_fraction0p5_H4_N0.csv;hourly_plot_csv/single_dev_f10_single_fraction0p5_H8_N0.csv;hourly_plot_csv/single_dev_f10_single_fraction0p75_H4_N0.csv;hourly_plot_csv/single_dev_f10_single_fraction0p75_H8_N0.csv;hourly_plot_csv/single_dev_f10_single_fraction0p9_H4_N0.csv;hourly_plot_csv/single_dev_f10_single_fraction0p9_H8_N0.csv;hourly_plot_csv/single_dev_f10_single_fraction1p0_H4_N0.csv;hourly_plot_csv/single_dev_f10_single_fraction1p0_H8_N0.csv;hourly_plot_csv/single_dev_f20_single_fraction0p5_H4_N0.csv;hourly_plot_csv/single_dev_f20_single_fraction0p5_H8_N0.csv;hourly_plot_csv/single_dev_f20_single_fraction0p75_H4_N0.csv;hourly_plot_csv/single_dev_f20_single_fraction0p75_H8_N0.csv;hourly_plot_csv/single_dev_f20_single_fraction0p9_H4_N0.csv;hourly_plot_csv/single_dev_f20_single_fraction0p9_H8_N0.csv;hourly_plot_csv/single_dev_f20_single_fraction1p0_H4_N0.csv;hourly_plot_csv/single_dev_f20_single_fraction1p0_H8_N0.csv;hourly_plot_csv/single_dev_f40_single_fraction0p5_H4_N0.csv;hourly_plot_csv/single_dev_f40_single_fraction0p5_H8_N0.csv;hourly_plot_csv/single_dev_f40_single_fraction0p75_H4_N0.csv;hourly_plot_csv/single_dev_f40_single_fraction0p75_H8_N0.csv;hourly_plot_csv/single_dev_f40_single_fraction0p9_H4_N0.csv;hourly_plot_csv/single_dev_f40_single_fraction0p9_H8_N0.csv;hourly_plot_csv/single_dev_f40_single_fraction1p0_H4_N0.csv;hourly_plot_csv/single_dev_f40_single_fraction1p0_H8_N0.csv;hourly_plot_csv/single_dev_f60_single_fraction0p5_H4_N0.csv;hourly_plot_csv/single_dev_f60_single_fraction0p5_H8_N0.csv;hourly_plot_csv/single_dev_f60_single_fraction0p75_H4_N0.csv;hourly_plot_csv/single_dev_f60_single_fraction0p75_H8_N0.csv;hourly_plot_csv/single_dev_f60_single_fraction0p9_H4_N0.csv;hourly_plot_csv/single_dev_f60_single_fraction0p9_H8_N0.csv;hourly_plot_csv/single_dev_f60_single_fraction1p0_H4_N0.csv;hourly_plot_csv/single_dev_f60_single_fraction1p0_H8_N0.csv;ready_hourly_curves.csv
event_remaining_hours,see table context,Literal named model/output field; equations and criteria in current Supplementary Methods,hourly_full/*.parquet
event_request_reference_kw,kW,Literal named model/output field; equations and criteria in current Supplementary Methods,hourly_full/*.parquet
event_source_id,see table context,Literal named model/output field; equations and criteria in current Supplementary Methods,hourly_full/*.parquet
event_window_active,see table context,Literal named model/output field; equations and criteria in current Supplementary Methods,hourly_full/*.parquet
events_last_24h,see table context,Literal named model/output field; equations and criteria in current Supplementary Methods,hourly_full/*.parquet
excess_backlog_gpu_h,GPU-h,Controlled backlog minus paired no-response backlog,hourly_full/*.parquet;hourly_plot_csv/control_confirm_f10_g20_single_fixed_primary_request_H4_N0.csv;hourly_plot_csv/control_confirm_f10_g20_single_fixed_primary_request_H8_N0.csv;hourly_plot_csv/control_confirm_f10_g30_single_fixed_primary_request_H4_N0.csv;hourly_plot_csv/control_confirm_f10_g30_single_fixed_primary_request_H8_N0.csv;hourly_plot_csv/control_confirm_f10_rigid150_single_fixed_primary_request_H4_N0.csv;hourly_plot_csv/control_confirm_f10_rigid150_single_fixed_primary_request_H8_N0.csv;hourly_plot_csv/control_confirm_f10_rigid225_single_fixed_primary_request_H4_N0.csv;hourly_plot_csv/control_confirm_f10_rigid225_single_fixed_primary_request_H8_N0.csv;hourly_plot_csv/repeat_confirm_f05_H4G8_fresh0_H4_N0.csv;hourly_plot_csv/repeat_confirm_f05_H4G8_fresh1_H4_N0.csv;hourly_plot_csv/repeat_confirm_f05_H4G8_fresh2_H4_N0.csv;hourly_plot_csv/repeat_confirm_f05_H4G8_fresh3_H4_N0.csv;hourly_plot_csv/repeat_confirm_f05_H4G8_single_offer_repeated_H4_N0.csv;hourly_plot_csv/repeat_confirm_f05_H8G12_fresh0_H8_N0.csv;hourly_plot_csv/repeat_confirm_f05_H8G12_fresh1_H8_N0.csv;hourly_plot_csv/repeat_confirm_f05_H8G12_fresh2_H8_N0.csv;hourly_plot_csv/repeat_confirm_f05_H8G12_fresh3_H8_N0.csv;hourly_plot_csv/repeat_confirm_f05_H8G12_single_offer_repeated_H8_N0.csv;hourly_plot_csv/repeat_confirm_f10_H4G8_fresh0_H4_N0.csv;hourly_plot_csv/repeat_confirm_f10_H4G8_fresh1_H4_N0.csv;hourly_plot_csv/repeat_confirm_f10_H4G8_fresh2_H4_N0.csv;hourly_plot_csv/repeat_confirm_f10_H4G8_fresh3_H4_N0.csv;hourly_plot_csv/repeat_confirm_f10_H4G8_single_offer_repeated_H4_N0.csv;hourly_plot_csv/repeat_confirm_f10_H8G12_fresh0_H8_N0.csv;hourly_plot_csv/repeat_confirm_f10_H8G12_fresh1_H8_N0.csv;hourly_plot_csv/repeat_confirm_f10_H8G12_fresh2_H8_N0.csv;hourly_plot_csv/repeat_confirm_f10_H8G12_fresh3_H8_N0.csv;hourly_plot_csv/repeat_confirm_f10_H8G12_single_offer_repeated_H8_N0.csv;hourly_plot_csv/repeat_confirm_f20_H4G8_fresh0_H4_N0.csv;hourly_plot_csv/repeat_confirm_f20_H4G8_fresh1_H4_N0.csv;hourly_plot_csv/repeat_confirm_f20_H4G8_fresh2_H4_N0.csv;hourly_plot_csv/repeat_confirm_f20_H4G8_fresh3_H4_N0.csv;hourly_plot_csv/repeat_confirm_f20_H4G8_single_offer_repeated_H4_N0.csv;hourly_plot_csv/repeat_confirm_f20_H8G12_fresh0_H8_N0.csv;hourly_plot_csv/repeat_confirm_f20_H8G12_fresh1_H8_N0.csv;hourly_plot_csv/repeat_confirm_f20_H8G12_fresh2_H8_N0.csv;hourly_plot_csv/repeat_confirm_f20_H8G12_fresh3_H8_N0.csv;hourly_plot_csv/repeat_confirm_f20_H8G12_single_offer_repeated_H8_N0.csv;hourly_plot_csv/repeat_confirm_f40_H4G8_fresh0_H4_N0.csv;hourly_plot_csv/repeat_confirm_f40_H4G8_fresh1_H4_N0.csv;hourly_plot_csv/repeat_confirm_f40_H4G8_fresh2_H4_N0.csv;hourly_plot_csv/repeat_confirm_f40_H4G8_fresh3_H4_N0.csv;hourly_plot_csv/repeat_confirm_f40_H4G8_single_offer_repeated_H4_N0.csv;hourly_plot_csv/repeat_confirm_f40_H8G12_fresh0_H8_N0.csv;hourly_plot_csv/repeat_confirm_f40_H8G12_fresh1_H8_N0.csv;hourly_plot_csv/repeat_confirm_f40_H8G12_fresh2_H8_N0.csv;hourly_plot_csv/repeat_confirm_f40_H8G12_fresh3_H8_N0.csv;hourly_plot_csv/repeat_confirm_f40_H8G12_single_offer_repeated_H8_N0.csv;hourly_plot_csv/repeat_confirm_f60_H4G8_fresh0_H4_N0.csv;hourly_plot_csv/repeat_confirm_f60_H4G8_fresh1_H4_N0.csv;hourly_plot_csv/repeat_confirm_f60_H4G8_fresh2_H4_N0.csv;hourly_plot_csv/repeat_confirm_f60_H4G8_fresh3_H4_N0.csv;hourly_plot_csv/repeat_confirm_f60_H4G8_single_offer_repeated_H4_N0.csv;hourly_plot_csv/repeat_confirm_f60_H8G12_fresh0_H8_N0.csv;hourly_plot_csv/repeat_confirm_f60_H8G12_fresh1_H8_N0.csv;hourly_plot_csv/repeat_confirm_f60_H8G12_fresh2_H8_N0.csv;hourly_plot_csv/repeat_confirm_f60_H8G12_fresh3_H8_N0.csv;hourly_plot_csv/repeat_confirm_f60_H8G12_single_offer_repeated_H8_N0.csv;hourly_plot_csv/repeat_dev_f05_H4G8_fraction0p25_H4_N0.csv;hourly_plot_csv/repeat_dev_f05_H4G8_fraction0p5_H4_N0.csv;hourly_plot_csv/repeat_dev_f05_H4G8_fraction0p75_H4_N0.csv;hourly_plot_csv/repeat_dev_f05_H4G8_fraction1p0_H4_N0.csv;hourly_plot_csv/repeat_dev_f05_H8G12_fraction0p25_H8_N0.csv;hourly_plot_csv/repeat_dev_f05_H8G12_fraction0p5_H8_N0.csv;hourly_plot_csv/repeat_dev_f05_H8G12_fraction0p75_H8_N0.csv;hourly_plot_csv/repeat_dev_f05_H8G12_fraction1p0_H8_N0.csv;hourly_plot_csv/repeat_dev_f10_H4G8_fraction0p25_H4_N0.csv;hourly_plot_csv/repeat_dev_f10_H4G8_fraction0p5_H4_N0.csv;hourly_plot_csv/repeat_dev_f10_H4G8_fraction0p75_H4_N0.csv;hourly_plot_csv/repeat_dev_f10_H4G8_fraction1p0_H4_N0.csv;hourly_plot_csv/repeat_dev_f10_H8G12_fraction0p25_H8_N0.csv;hourly_plot_csv/repeat_dev_f10_H8G12_fraction0p5_H8_N0.csv;hourly_plot_csv/repeat_dev_f10_H8G12_fraction0p75_H8_N0.csv;hourly_plot_csv/repeat_dev_f10_H8G12_fraction1p0_H8_N0.csv;hourly_plot_csv/repeat_dev_f20_H4G8_fraction0p25_H4_N0.csv;hourly_plot_csv/repeat_dev_f20_H4G8_fraction0p5_H4_N0.csv;hourly_plot_csv/repeat_dev_f20_H4G8_fraction0p75_H4_N0.csv;hourly_plot_csv/repeat_dev_f20_H4G8_fraction1p0_H4_N0.csv;hourly_plot_csv/repeat_dev_f20_H8G12_fraction0p25_H8_N0.csv;hourly_plot_csv/repeat_dev_f20_H8G12_fraction0p5_H8_N0.csv;hourly_plot_csv/repeat_dev_f20_H8G12_fraction0p75_H8_N0.csv;hourly_plot_csv/repeat_dev_f20_H8G12_fraction1p0_H8_N0.csv;hourly_plot_csv/repeat_dev_f40_H4G8_fraction0p25_H4_N0.csv;hourly_plot_csv/repeat_dev_f40_H4G8_fraction0p5_H4_N0.csv;hourly_plot_csv/repeat_dev_f40_H4G8_fraction0p75_H4_N0.csv;hourly_plot_csv/repeat_dev_f40_H4G8_fraction1p0_H4_N0.csv;hourly_plot_csv/repeat_dev_f40_H8G12_fraction0p25_H8_N0.csv;hourly_plot_csv/repeat_dev_f40_H8G12_fraction0p5_H8_N0.csv;hourly_plot_csv/repeat_dev_f40_H8G12_fraction0p75_H8_N0.csv;hourly_plot_csv/repeat_dev_f40_H8G12_fraction1p0_H8_N0.csv;hourly_plot_csv/repeat_dev_f60_H4G8_fraction0p25_H4_N0.csv;hourly_plot_csv/repeat_dev_f60_H4G8_fraction0p5_H4_N0.csv;hourly_plot_csv/repeat_dev_f60_H4G8_fraction0p75_H4_N0.csv;hourly_plot_csv/repeat_dev_f60_H4G8_fraction1p0_H4_N0.csv;hourly_plot_csv/repeat_dev_f60_H8G12_fraction0p25_H8_N0.csv;hourly_plot_csv/repeat_dev_f60_H8G12_fraction0p5_H8_N0.csv;hourly_plot_csv/repeat_dev_f60_H8G12_fraction0p75_H8_N0.csv;hourly_plot_csv/repeat_dev_f60_H8G12_fraction1p0_H8_N0.csv;hourly_plot_csv/single_confirm_f05_single_selected_H4_N0.csv;hourly_plot_csv/single_confirm_f05_single_selected_H4_N2.csv;hourly_plot_csv/single_confirm_f05_single_selected_H4_N6.csv;hourly_plot_csv/single_confirm_f05_single_selected_H8_N0.csv;hourly_plot_csv/single_confirm_f05_single_selected_H8_N2.csv;hourly_plot_csv/single_confirm_f05_single_selected_H8_N6.csv;hourly_plot_csv/single_confirm_f10_single_selected_H4_N0.csv;hourly_plot_csv/single_confirm_f10_single_selected_H4_N2.csv;hourly_plot_csv/single_confirm_f10_single_selected_H4_N6.csv;hourly_plot_csv/single_confirm_f10_single_selected_H8_N0.csv;hourly_plot_csv/single_confirm_f10_single_selected_H8_N2.csv;hourly_plot_csv/single_confirm_f10_single_selected_H8_N6.csv;hourly_plot_csv/single_confirm_f20_single_selected_H4_N0.csv;hourly_plot_csv/single_confirm_f20_single_selected_H4_N2.csv;hourly_plot_csv/single_confirm_f20_single_selected_H4_N6.csv;hourly_plot_csv/single_confirm_f20_single_selected_H8_N0.csv;hourly_plot_csv/single_confirm_f20_single_selected_H8_N2.csv;hourly_plot_csv/single_confirm_f20_single_selected_H8_N6.csv;hourly_plot_csv/single_confirm_f40_single_selected_H4_N0.csv;hourly_plot_csv/single_confirm_f40_single_selected_H4_N2.csv;hourly_plot_csv/single_confirm_f40_single_selected_H4_N6.csv;hourly_plot_csv/single_confirm_f40_single_selected_H8_N0.csv;hourly_plot_csv/single_confirm_f40_single_selected_H8_N2.csv;hourly_plot_csv/single_confirm_f40_single_selected_H8_N6.csv;hourly_plot_csv/single_confirm_f60_single_selected_H4_N0.csv;hourly_plot_csv/single_confirm_f60_single_selected_H4_N2.csv;hourly_plot_csv/single_confirm_f60_single_selected_H4_N6.csv;hourly_plot_csv/single_confirm_f60_single_selected_H8_N0.csv;hourly_plot_csv/single_confirm_f60_single_selected_H8_N2.csv;hourly_plot_csv/single_confirm_f60_single_selected_H8_N6.csv;hourly_plot_csv/single_dev_f05_single_fraction0p5_H4_N0.csv;hourly_plot_csv/single_dev_f05_single_fraction0p5_H8_N0.csv;hourly_plot_csv/single_dev_f05_single_fraction0p75_H4_N0.csv;hourly_plot_csv/single_dev_f05_single_fraction0p75_H8_N0.csv;hourly_plot_csv/single_dev_f05_single_fraction0p9_H4_N0.csv;hourly_plot_csv/single_dev_f05_single_fraction0p9_H8_N0.csv;hourly_plot_csv/single_dev_f05_single_fraction1p0_H4_N0.csv;hourly_plot_csv/single_dev_f05_single_fraction1p0_H8_N0.csv;hourly_plot_csv/single_dev_f10_single_fraction0p5_H4_N0.csv;hourly_plot_csv/single_dev_f10_single_fraction0p5_H8_N0.csv;hourly_plot_csv/single_dev_f10_single_fraction0p75_H4_N0.csv;hourly_plot_csv/single_dev_f10_single_fraction0p75_H8_N0.csv;hourly_plot_csv/single_dev_f10_single_fraction0p9_H4_N0.csv;hourly_plot_csv/single_dev_f10_single_fraction0p9_H8_N0.csv;hourly_plot_csv/single_dev_f10_single_fraction1p0_H4_N0.csv;hourly_plot_csv/single_dev_f10_single_fraction1p0_H8_N0.csv;hourly_plot_csv/single_dev_f20_single_fraction0p5_H4_N0.csv;hourly_plot_csv/single_dev_f20_single_fraction0p5_H8_N0.csv;hourly_plot_csv/single_dev_f20_single_fraction0p75_H4_N0.csv;hourly_plot_csv/single_dev_f20_single_fraction0p75_H8_N0.csv;hourly_plot_csv/single_dev_f20_single_fraction0p9_H4_N0.csv;hourly_plot_csv/single_dev_f20_single_fraction0p9_H8_N0.csv;hourly_plot_csv/single_dev_f20_single_fraction1p0_H4_N0.csv;hourly_plot_csv/single_dev_f20_single_fraction1p0_H8_N0.csv;hourly_plot_csv/single_dev_f40_single_fraction0p5_H4_N0.csv;hourly_plot_csv/single_dev_f40_single_fraction0p5_H8_N0.csv;hourly_plot_csv/single_dev_f40_single_fraction0p75_H4_N0.csv;hourly_plot_csv/single_dev_f40_single_fraction0p75_H8_N0.csv;hourly_plot_csv/single_dev_f40_single_fraction0p9_H4_N0.csv;hourly_plot_csv/single_dev_f40_single_fraction0p9_H8_N0.csv;hourly_plot_csv/single_dev_f40_single_fraction1p0_H4_N0.csv;hourly_plot_csv/single_dev_f40_single_fraction1p0_H8_N0.csv;hourly_plot_csv/single_dev_f60_single_fraction0p5_H4_N0.csv;hourly_plot_csv/single_dev_f60_single_fraction0p5_H8_N0.csv;hourly_plot_csv/single_dev_f60_single_fraction0p75_H4_N0.csv;hourly_plot_csv/single_dev_f60_single_fraction0p75_H8_N0.csv;hourly_plot_csv/single_dev_f60_single_fraction0p9_H4_N0.csv;hourly_plot_csv/single_dev_f60_single_fraction0p9_H8_N0.csv;hourly_plot_csv/single_dev_f60_single_fraction1p0_H4_N0.csv;hourly_plot_csv/single_dev_f60_single_fraction1p0_H8_N0.csv
excess_backlog_shaping_cost,see table context,Literal named model/output field; equations and criteria in current Supplementary Methods,hourly_full/*.parquet
excess_queue_energy_kwh,kWh,Controlled queue dynamic energy minus paired no-response queue energy,hourly_full/*.parquet;hourly_plot_csv/control_confirm_f10_g20_single_fixed_primary_request_H4_N0.csv;hourly_plot_csv/control_confirm_f10_g20_single_fixed_primary_request_H8_N0.csv;hourly_plot_csv/control_confirm_f10_g30_single_fixed_primary_request_H4_N0.csv;hourly_plot_csv/control_confirm_f10_g30_single_fixed_primary_request_H8_N0.csv;hourly_plot_csv/control_confirm_f10_rigid150_single_fixed_primary_request_H4_N0.csv;hourly_plot_csv/control_confirm_f10_rigid150_single_fixed_primary_request_H8_N0.csv;hourly_plot_csv/control_confirm_f10_rigid225_single_fixed_primary_request_H4_N0.csv;hourly_plot_csv/control_confirm_f10_rigid225_single_fixed_primary_request_H8_N0.csv;hourly_plot_csv/repeat_confirm_f05_H4G8_fresh0_H4_N0.csv;hourly_plot_csv/repeat_confirm_f05_H4G8_fresh1_H4_N0.csv;hourly_plot_csv/repeat_confirm_f05_H4G8_fresh2_H4_N0.csv;hourly_plot_csv/repeat_confirm_f05_H4G8_fresh3_H4_N0.csv;hourly_plot_csv/repeat_confirm_f05_H4G8_single_offer_repeated_H4_N0.csv;hourly_plot_csv/repeat_confirm_f05_H8G12_fresh0_H8_N0.csv;hourly_plot_csv/repeat_confirm_f05_H8G12_fresh1_H8_N0.csv;hourly_plot_csv/repeat_confirm_f05_H8G12_fresh2_H8_N0.csv;hourly_plot_csv/repeat_confirm_f05_H8G12_fresh3_H8_N0.csv;hourly_plot_csv/repeat_confirm_f05_H8G12_single_offer_repeated_H8_N0.csv;hourly_plot_csv/repeat_confirm_f10_H4G8_fresh0_H4_N0.csv;hourly_plot_csv/repeat_confirm_f10_H4G8_fresh1_H4_N0.csv;hourly_plot_csv/repeat_confirm_f10_H4G8_fresh2_H4_N0.csv;hourly_plot_csv/repeat_confirm_f10_H4G8_fresh3_H4_N0.csv;hourly_plot_csv/repeat_confirm_f10_H4G8_single_offer_repeated_H4_N0.csv;hourly_plot_csv/repeat_confirm_f10_H8G12_fresh0_H8_N0.csv;hourly_plot_csv/repeat_confirm_f10_H8G12_fresh1_H8_N0.csv;hourly_plot_csv/repeat_confirm_f10_H8G12_fresh2_H8_N0.csv;hourly_plot_csv/repeat_confirm_f10_H8G12_fresh3_H8_N0.csv;hourly_plot_csv/repeat_confirm_f10_H8G12_single_offer_repeated_H8_N0.csv;hourly_plot_csv/repeat_confirm_f20_H4G8_fresh0_H4_N0.csv;hourly_plot_csv/repeat_confirm_f20_H4G8_fresh1_H4_N0.csv;hourly_plot_csv/repeat_confirm_f20_H4G8_fresh2_H4_N0.csv;hourly_plot_csv/repeat_confirm_f20_H4G8_fresh3_H4_N0.csv;hourly_plot_csv/repeat_confirm_f20_H4G8_single_offer_repeated_H4_N0.csv;hourly_plot_csv/repeat_confirm_f20_H8G12_fresh0_H8_N0.csv;hourly_plot_csv/repeat_confirm_f20_H8G12_fresh1_H8_N0.csv;hourly_plot_csv/repeat_confirm_f20_H8G12_fresh2_H8_N0.csv;hourly_plot_csv/repeat_confirm_f20_H8G12_fresh3_H8_N0.csv;hourly_plot_csv/repeat_confirm_f20_H8G12_single_offer_repeated_H8_N0.csv;hourly_plot_csv/repeat_confirm_f40_H4G8_fresh0_H4_N0.csv;hourly_plot_csv/repeat_confirm_f40_H4G8_fresh1_H4_N0.csv;hourly_plot_csv/repeat_confirm_f40_H4G8_fresh2_H4_N0.csv;hourly_plot_csv/repeat_confirm_f40_H4G8_fresh3_H4_N0.csv;hourly_plot_csv/repeat_confirm_f40_H4G8_single_offer_repeated_H4_N0.csv;hourly_plot_csv/repeat_confirm_f40_H8G12_fresh0_H8_N0.csv;hourly_plot_csv/repeat_confirm_f40_H8G12_fresh1_H8_N0.csv;hourly_plot_csv/repeat_confirm_f40_H8G12_fresh2_H8_N0.csv;hourly_plot_csv/repeat_confirm_f40_H8G12_fresh3_H8_N0.csv;hourly_plot_csv/repeat_confirm_f40_H8G12_single_offer_repeated_H8_N0.csv;hourly_plot_csv/repeat_confirm_f60_H4G8_fresh0_H4_N0.csv;hourly_plot_csv/repeat_confirm_f60_H4G8_fresh1_H4_N0.csv;hourly_plot_csv/repeat_confirm_f60_H4G8_fresh2_H4_N0.csv;hourly_plot_csv/repeat_confirm_f60_H4G8_fresh3_H4_N0.csv;hourly_plot_csv/repeat_confirm_f60_H4G8_single_offer_repeated_H4_N0.csv;hourly_plot_csv/repeat_confirm_f60_H8G12_fresh0_H8_N0.csv;hourly_plot_csv/repeat_confirm_f60_H8G12_fresh1_H8_N0.csv;hourly_plot_csv/repeat_confirm_f60_H8G12_fresh2_H8_N0.csv;hourly_plot_csv/repeat_confirm_f60_H8G12_fresh3_H8_N0.csv;hourly_plot_csv/repeat_confirm_f60_H8G12_single_offer_repeated_H8_N0.csv;hourly_plot_csv/repeat_dev_f05_H4G8_fraction0p25_H4_N0.csv;hourly_plot_csv/repeat_dev_f05_H4G8_fraction0p5_H4_N0.csv;hourly_plot_csv/repeat_dev_f05_H4G8_fraction0p75_H4_N0.csv;hourly_plot_csv/repeat_dev_f05_H4G8_fraction1p0_H4_N0.csv;hourly_plot_csv/repeat_dev_f05_H8G12_fraction0p25_H8_N0.csv;hourly_plot_csv/repeat_dev_f05_H8G12_fraction0p5_H8_N0.csv;hourly_plot_csv/repeat_dev_f05_H8G12_fraction0p75_H8_N0.csv;hourly_plot_csv/repeat_dev_f05_H8G12_fraction1p0_H8_N0.csv;hourly_plot_csv/repeat_dev_f10_H4G8_fraction0p25_H4_N0.csv;hourly_plot_csv/repeat_dev_f10_H4G8_fraction0p5_H4_N0.csv;hourly_plot_csv/repeat_dev_f10_H4G8_fraction0p75_H4_N0.csv;hourly_plot_csv/repeat_dev_f10_H4G8_fraction1p0_H4_N0.csv;hourly_plot_csv/repeat_dev_f10_H8G12_fraction0p25_H8_N0.csv;hourly_plot_csv/repeat_dev_f10_H8G12_fraction0p5_H8_N0.csv;hourly_plot_csv/repeat_dev_f10_H8G12_fraction0p75_H8_N0.csv;hourly_plot_csv/repeat_dev_f10_H8G12_fraction1p0_H8_N0.csv;hourly_plot_csv/repeat_dev_f20_H4G8_fraction0p25_H4_N0.csv;hourly_plot_csv/repeat_dev_f20_H4G8_fraction0p5_H4_N0.csv;hourly_plot_csv/repeat_dev_f20_H4G8_fraction0p75_H4_N0.csv;hourly_plot_csv/repeat_dev_f20_H4G8_fraction1p0_H4_N0.csv;hourly_plot_csv/repeat_dev_f20_H8G12_fraction0p25_H8_N0.csv;hourly_plot_csv/repeat_dev_f20_H8G12_fraction0p5_H8_N0.csv;hourly_plot_csv/repeat_dev_f20_H8G12_fraction0p75_H8_N0.csv;hourly_plot_csv/repeat_dev_f20_H8G12_fraction1p0_H8_N0.csv;hourly_plot_csv/repeat_dev_f40_H4G8_fraction0p25_H4_N0.csv;hourly_plot_csv/repeat_dev_f40_H4G8_fraction0p5_H4_N0.csv;hourly_plot_csv/repeat_dev_f40_H4G8_fraction0p75_H4_N0.csv;hourly_plot_csv/repeat_dev_f40_H4G8_fraction1p0_H4_N0.csv;hourly_plot_csv/repeat_dev_f40_H8G12_fraction0p25_H8_N0.csv;hourly_plot_csv/repeat_dev_f40_H8G12_fraction0p5_H8_N0.csv;hourly_plot_csv/repeat_dev_f40_H8G12_fraction0p75_H8_N0.csv;hourly_plot_csv/repeat_dev_f40_H8G12_fraction1p0_H8_N0.csv;hourly_plot_csv/repeat_dev_f60_H4G8_fraction0p25_H4_N0.csv;hourly_plot_csv/repeat_dev_f60_H4G8_fraction0p5_H4_N0.csv;hourly_plot_csv/repeat_dev_f60_H4G8_fraction0p75_H4_N0.csv;hourly_plot_csv/repeat_dev_f60_H4G8_fraction1p0_H4_N0.csv;hourly_plot_csv/repeat_dev_f60_H8G12_fraction0p25_H8_N0.csv;hourly_plot_csv/repeat_dev_f60_H8G12_fraction0p5_H8_N0.csv;hourly_plot_csv/repeat_dev_f60_H8G12_fraction0p75_H8_N0.csv;hourly_plot_csv/repeat_dev_f60_H8G12_fraction1p0_H8_N0.csv;hourly_plot_csv/single_confirm_f05_single_selected_H4_N0.csv;hourly_plot_csv/single_confirm_f05_single_selected_H4_N2.csv;hourly_plot_csv/single_confirm_f05_single_selected_H4_N6.csv;hourly_plot_csv/single_confirm_f05_single_selected_H8_N0.csv;hourly_plot_csv/single_confirm_f05_single_selected_H8_N2.csv;hourly_plot_csv/single_confirm_f05_single_selected_H8_N6.csv;hourly_plot_csv/single_confirm_f10_single_selected_H4_N0.csv;hourly_plot_csv/single_confirm_f10_single_selected_H4_N2.csv;hourly_plot_csv/single_confirm_f10_single_selected_H4_N6.csv;hourly_plot_csv/single_confirm_f10_single_selected_H8_N0.csv;hourly_plot_csv/single_confirm_f10_single_selected_H8_N2.csv;hourly_plot_csv/single_confirm_f10_single_selected_H8_N6.csv;hourly_plot_csv/single_confirm_f20_single_selected_H4_N0.csv;hourly_plot_csv/single_confirm_f20_single_selected_H4_N2.csv;hourly_plot_csv/single_confirm_f20_single_selected_H4_N6.csv;hourly_plot_csv/single_confirm_f20_single_selected_H8_N0.csv;hourly_plot_csv/single_confirm_f20_single_selected_H8_N2.csv;hourly_plot_csv/single_confirm_f20_single_selected_H8_N6.csv;hourly_plot_csv/single_confirm_f40_single_selected_H4_N0.csv;hourly_plot_csv/single_confirm_f40_single_selected_H4_N2.csv;hourly_plot_csv/single_confirm_f40_single_selected_H4_N6.csv;hourly_plot_csv/single_confirm_f40_single_selected_H8_N0.csv;hourly_plot_csv/single_confirm_f40_single_selected_H8_N2.csv;hourly_plot_csv/single_confirm_f40_single_selected_H8_N6.csv;hourly_plot_csv/single_confirm_f60_single_selected_H4_N0.csv;hourly_plot_csv/single_confirm_f60_single_selected_H4_N2.csv;hourly_plot_csv/single_confirm_f60_single_selected_H4_N6.csv;hourly_plot_csv/single_confirm_f60_single_selected_H8_N0.csv;hourly_plot_csv/single_confirm_f60_single_selected_H8_N2.csv;hourly_plot_csv/single_confirm_f60_single_selected_H8_N6.csv;hourly_plot_csv/single_dev_f05_single_fraction0p5_H4_N0.csv;hourly_plot_csv/single_dev_f05_single_fraction0p5_H8_N0.csv;hourly_plot_csv/single_dev_f05_single_fraction0p75_H4_N0.csv;hourly_plot_csv/single_dev_f05_single_fraction0p75_H8_N0.csv;hourly_plot_csv/single_dev_f05_single_fraction0p9_H4_N0.csv;hourly_plot_csv/single_dev_f05_single_fraction0p9_H8_N0.csv;hourly_plot_csv/single_dev_f05_single_fraction1p0_H4_N0.csv;hourly_plot_csv/single_dev_f05_single_fraction1p0_H8_N0.csv;hourly_plot_csv/single_dev_f10_single_fraction0p5_H4_N0.csv;hourly_plot_csv/single_dev_f10_single_fraction0p5_H8_N0.csv;hourly_plot_csv/single_dev_f10_single_fraction0p75_H4_N0.csv;hourly_plot_csv/single_dev_f10_single_fraction0p75_H8_N0.csv;hourly_plot_csv/single_dev_f10_single_fraction0p9_H4_N0.csv;hourly_plot_csv/single_dev_f10_single_fraction0p9_H8_N0.csv;hourly_plot_csv/single_dev_f10_single_fraction1p0_H4_N0.csv;hourly_plot_csv/single_dev_f10_single_fraction1p0_H8_N0.csv;hourly_plot_csv/single_dev_f20_single_fraction0p5_H4_N0.csv;hourly_plot_csv/single_dev_f20_single_fraction0p5_H8_N0.csv;hourly_plot_csv/single_dev_f20_single_fraction0p75_H4_N0.csv;hourly_plot_csv/single_dev_f20_single_fraction0p75_H8_N0.csv;hourly_plot_csv/single_dev_f20_single_fraction0p9_H4_N0.csv;hourly_plot_csv/single_dev_f20_single_fraction0p9_H8_N0.csv;hourly_plot_csv/single_dev_f20_single_fraction1p0_H4_N0.csv;hourly_plot_csv/single_dev_f20_single_fraction1p0_H8_N0.csv;hourly_plot_csv/single_dev_f40_single_fraction0p5_H4_N0.csv;hourly_plot_csv/single_dev_f40_single_fraction0p5_H8_N0.csv;hourly_plot_csv/single_dev_f40_single_fraction0p75_H4_N0.csv;hourly_plot_csv/single_dev_f40_single_fraction0p75_H8_N0.csv;hourly_plot_csv/single_dev_f40_single_fraction0p9_H4_N0.csv;hourly_plot_csv/single_dev_f40_single_fraction0p9_H8_N0.csv;hourly_plot_csv/single_dev_f40_single_fraction1p0_H4_N0.csv;hourly_plot_csv/single_dev_f40_single_fraction1p0_H8_N0.csv;hourly_plot_csv/single_dev_f60_single_fraction0p5_H4_N0.csv;hourly_plot_csv/single_dev_f60_single_fraction0p5_H8_N0.csv;hourly_plot_csv/single_dev_f60_single_fraction0p75_H4_N0.csv;hourly_plot_csv/single_dev_f60_single_fraction0p75_H8_N0.csv;hourly_plot_csv/single_dev_f60_single_fraction0p9_H4_N0.csv;hourly_plot_csv/single_dev_f60_single_fraction0p9_H8_N0.csv;hourly_plot_csv/single_dev_f60_single_fraction1p0_H4_N0.csv;hourly_plot_csv/single_dev_f60_single_fraction1p0_H8_N0.csv
executed_gpu_h,GPU-h,Literal named model/output field; equations and criteria in current Supplementary Methods,hourly_full/*.parquet;hourly_plot_csv/control_confirm_f10_g20_single_fixed_primary_request_H4_N0.csv;hourly_plot_csv/control_confirm_f10_g20_single_fixed_primary_request_H8_N0.csv;hourly_plot_csv/control_confirm_f10_g30_single_fixed_primary_request_H4_N0.csv;hourly_plot_csv/control_confirm_f10_g30_single_fixed_primary_request_H8_N0.csv;hourly_plot_csv/control_confirm_f10_rigid150_single_fixed_primary_request_H4_N0.csv;hourly_plot_csv/control_confirm_f10_rigid150_single_fixed_primary_request_H8_N0.csv;hourly_plot_csv/control_confirm_f10_rigid225_single_fixed_primary_request_H4_N0.csv;hourly_plot_csv/control_confirm_f10_rigid225_single_fixed_primary_request_H8_N0.csv;hourly_plot_csv/repeat_confirm_f05_H4G8_fresh0_H4_N0.csv;hourly_plot_csv/repeat_confirm_f05_H4G8_fresh1_H4_N0.csv;hourly_plot_csv/repeat_confirm_f05_H4G8_fresh2_H4_N0.csv;hourly_plot_csv/repeat_confirm_f05_H4G8_fresh3_H4_N0.csv;hourly_plot_csv/repeat_confirm_f05_H4G8_single_offer_repeated_H4_N0.csv;hourly_plot_csv/repeat_confirm_f05_H8G12_fresh0_H8_N0.csv;hourly_plot_csv/repeat_confirm_f05_H8G12_fresh1_H8_N0.csv;hourly_plot_csv/repeat_confirm_f05_H8G12_fresh2_H8_N0.csv;hourly_plot_csv/repeat_confirm_f05_H8G12_fresh3_H8_N0.csv;hourly_plot_csv/repeat_confirm_f05_H8G12_single_offer_repeated_H8_N0.csv;hourly_plot_csv/repeat_confirm_f10_H4G8_fresh0_H4_N0.csv;hourly_plot_csv/repeat_confirm_f10_H4G8_fresh1_H4_N0.csv;hourly_plot_csv/repeat_confirm_f10_H4G8_fresh2_H4_N0.csv;hourly_plot_csv/repeat_confirm_f10_H4G8_fresh3_H4_N0.csv;hourly_plot_csv/repeat_confirm_f10_H4G8_single_offer_repeated_H4_N0.csv;hourly_plot_csv/repeat_confirm_f10_H8G12_fresh0_H8_N0.csv;hourly_plot_csv/repeat_confirm_f10_H8G12_fresh1_H8_N0.csv;hourly_plot_csv/repeat_confirm_f10_H8G12_fresh2_H8_N0.csv;hourly_plot_csv/repeat_confirm_f10_H8G12_fresh3_H8_N0.csv;hourly_plot_csv/repeat_confirm_f10_H8G12_single_offer_repeated_H8_N0.csv;hourly_plot_csv/repeat_confirm_f20_H4G8_fresh0_H4_N0.csv;hourly_plot_csv/repeat_confirm_f20_H4G8_fresh1_H4_N0.csv;hourly_plot_csv/repeat_confirm_f20_H4G8_fresh2_H4_N0.csv;hourly_plot_csv/repeat_confirm_f20_H4G8_fresh3_H4_N0.csv;hourly_plot_csv/repeat_confirm_f20_H4G8_single_offer_repeated_H4_N0.csv;hourly_plot_csv/repeat_confirm_f20_H8G12_fresh0_H8_N0.csv;hourly_plot_csv/repeat_confirm_f20_H8G12_fresh1_H8_N0.csv;hourly_plot_csv/repeat_confirm_f20_H8G12_fresh2_H8_N0.csv;hourly_plot_csv/repeat_confirm_f20_H8G12_fresh3_H8_N0.csv;hourly_plot_csv/repeat_confirm_f20_H8G12_single_offer_repeated_H8_N0.csv;hourly_plot_csv/repeat_confirm_f40_H4G8_fresh0_H4_N0.csv;hourly_plot_csv/repeat_confirm_f40_H4G8_fresh1_H4_N0.csv;hourly_plot_csv/repeat_confirm_f40_H4G8_fresh2_H4_N0.csv;hourly_plot_csv/repeat_confirm_f40_H4G8_fresh3_H4_N0.csv;hourly_plot_csv/repeat_confirm_f40_H4G8_single_offer_repeated_H4_N0.csv;hourly_plot_csv/repeat_confirm_f40_H8G12_fresh0_H8_N0.csv;hourly_plot_csv/repeat_confirm_f40_H8G12_fresh1_H8_N0.csv;hourly_plot_csv/repeat_confirm_f40_H8G12_fresh2_H8_N0.csv;hourly_plot_csv/repeat_confirm_f40_H8G12_fresh3_H8_N0.csv;hourly_plot_csv/repeat_confirm_f40_H8G12_single_offer_repeated_H8_N0.csv;hourly_plot_csv/repeat_confirm_f60_H4G8_fresh0_H4_N0.csv;hourly_plot_csv/repeat_confirm_f60_H4G8_fresh1_H4_N0.csv;hourly_plot_csv/repeat_confirm_f60_H4G8_fresh2_H4_N0.csv;hourly_plot_csv/repeat_confirm_f60_H4G8_fresh3_H4_N0.csv;hourly_plot_csv/repeat_confirm_f60_H4G8_single_offer_repeated_H4_N0.csv;hourly_plot_csv/repeat_confirm_f60_H8G12_fresh0_H8_N0.csv;hourly_plot_csv/repeat_confirm_f60_H8G12_fresh1_H8_N0.csv;hourly_plot_csv/repeat_confirm_f60_H8G12_fresh2_H8_N0.csv;hourly_plot_csv/repeat_confirm_f60_H8G12_fresh3_H8_N0.csv;hourly_plot_csv/repeat_confirm_f60_H8G12_single_offer_repeated_H8_N0.csv;hourly_plot_csv/repeat_dev_f05_H4G8_fraction0p25_H4_N0.csv;hourly_plot_csv/repeat_dev_f05_H4G8_fraction0p5_H4_N0.csv;hourly_plot_csv/repeat_dev_f05_H4G8_fraction0p75_H4_N0.csv;hourly_plot_csv/repeat_dev_f05_H4G8_fraction1p0_H4_N0.csv;hourly_plot_csv/repeat_dev_f05_H8G12_fraction0p25_H8_N0.csv;hourly_plot_csv/repeat_dev_f05_H8G12_fraction0p5_H8_N0.csv;hourly_plot_csv/repeat_dev_f05_H8G12_fraction0p75_H8_N0.csv;hourly_plot_csv/repeat_dev_f05_H8G12_fraction1p0_H8_N0.csv;hourly_plot_csv/repeat_dev_f10_H4G8_fraction0p25_H4_N0.csv;hourly_plot_csv/repeat_dev_f10_H4G8_fraction0p5_H4_N0.csv;hourly_plot_csv/repeat_dev_f10_H4G8_fraction0p75_H4_N0.csv;hourly_plot_csv/repeat_dev_f10_H4G8_fraction1p0_H4_N0.csv;hourly_plot_csv/repeat_dev_f10_H8G12_fraction0p25_H8_N0.csv;hourly_plot_csv/repeat_dev_f10_H8G12_fraction0p5_H8_N0.csv;hourly_plot_csv/repeat_dev_f10_H8G12_fraction0p75_H8_N0.csv;hourly_plot_csv/repeat_dev_f10_H8G12_fraction1p0_H8_N0.csv;hourly_plot_csv/repeat_dev_f20_H4G8_fraction0p25_H4_N0.csv;hourly_plot_csv/repeat_dev_f20_H4G8_fraction0p5_H4_N0.csv;hourly_plot_csv/repeat_dev_f20_H4G8_fraction0p75_H4_N0.csv;hourly_plot_csv/repeat_dev_f20_H4G8_fraction1p0_H4_N0.csv;hourly_plot_csv/repeat_dev_f20_H8G12_fraction0p25_H8_N0.csv;hourly_plot_csv/repeat_dev_f20_H8G12_fraction0p5_H8_N0.csv;hourly_plot_csv/repeat_dev_f20_H8G12_fraction0p75_H8_N0.csv;hourly_plot_csv/repeat_dev_f20_H8G12_fraction1p0_H8_N0.csv;hourly_plot_csv/repeat_dev_f40_H4G8_fraction0p25_H4_N0.csv;hourly_plot_csv/repeat_dev_f40_H4G8_fraction0p5_H4_N0.csv;hourly_plot_csv/repeat_dev_f40_H4G8_fraction0p75_H4_N0.csv;hourly_plot_csv/repeat_dev_f40_H4G8_fraction1p0_H4_N0.csv;hourly_plot_csv/repeat_dev_f40_H8G12_fraction0p25_H8_N0.csv;hourly_plot_csv/repeat_dev_f40_H8G12_fraction0p5_H8_N0.csv;hourly_plot_csv/repeat_dev_f40_H8G12_fraction0p75_H8_N0.csv;hourly_plot_csv/repeat_dev_f40_H8G12_fraction1p0_H8_N0.csv;hourly_plot_csv/repeat_dev_f60_H4G8_fraction0p25_H4_N0.csv;hourly_plot_csv/repeat_dev_f60_H4G8_fraction0p5_H4_N0.csv;hourly_plot_csv/repeat_dev_f60_H4G8_fraction0p75_H4_N0.csv;hourly_plot_csv/repeat_dev_f60_H4G8_fraction1p0_H4_N0.csv;hourly_plot_csv/repeat_dev_f60_H8G12_fraction0p25_H8_N0.csv;hourly_plot_csv/repeat_dev_f60_H8G12_fraction0p5_H8_N0.csv;hourly_plot_csv/repeat_dev_f60_H8G12_fraction0p75_H8_N0.csv;hourly_plot_csv/repeat_dev_f60_H8G12_fraction1p0_H8_N0.csv;hourly_plot_csv/single_confirm_f05_single_selected_H4_N0.csv;hourly_plot_csv/single_confirm_f05_single_selected_H4_N2.csv;hourly_plot_csv/single_confirm_f05_single_selected_H4_N6.csv;hourly_plot_csv/single_confirm_f05_single_selected_H8_N0.csv;hourly_plot_csv/single_confirm_f05_single_selected_H8_N2.csv;hourly_plot_csv/single_confirm_f05_single_selected_H8_N6.csv;hourly_plot_csv/single_confirm_f10_single_selected_H4_N0.csv;hourly_plot_csv/single_confirm_f10_single_selected_H4_N2.csv;hourly_plot_csv/single_confirm_f10_single_selected_H4_N6.csv;hourly_plot_csv/single_confirm_f10_single_selected_H8_N0.csv;hourly_plot_csv/single_confirm_f10_single_selected_H8_N2.csv;hourly_plot_csv/single_confirm_f10_single_selected_H8_N6.csv;hourly_plot_csv/single_confirm_f20_single_selected_H4_N0.csv;hourly_plot_csv/single_confirm_f20_single_selected_H4_N2.csv;hourly_plot_csv/single_confirm_f20_single_selected_H4_N6.csv;hourly_plot_csv/single_confirm_f20_single_selected_H8_N0.csv;hourly_plot_csv/single_confirm_f20_single_selected_H8_N2.csv;hourly_plot_csv/single_confirm_f20_single_selected_H8_N6.csv;hourly_plot_csv/single_confirm_f40_single_selected_H4_N0.csv;hourly_plot_csv/single_confirm_f40_single_selected_H4_N2.csv;hourly_plot_csv/single_confirm_f40_single_selected_H4_N6.csv;hourly_plot_csv/single_confirm_f40_single_selected_H8_N0.csv;hourly_plot_csv/single_confirm_f40_single_selected_H8_N2.csv;hourly_plot_csv/single_confirm_f40_single_selected_H8_N6.csv;hourly_plot_csv/single_confirm_f60_single_selected_H4_N0.csv;hourly_plot_csv/single_confirm_f60_single_selected_H4_N2.csv;hourly_plot_csv/single_confirm_f60_single_selected_H4_N6.csv;hourly_plot_csv/single_confirm_f60_single_selected_H8_N0.csv;hourly_plot_csv/single_confirm_f60_single_selected_H8_N2.csv;hourly_plot_csv/single_confirm_f60_single_selected_H8_N6.csv;hourly_plot_csv/single_dev_f05_single_fraction0p5_H4_N0.csv;hourly_plot_csv/single_dev_f05_single_fraction0p5_H8_N0.csv;hourly_plot_csv/single_dev_f05_single_fraction0p75_H4_N0.csv;hourly_plot_csv/single_dev_f05_single_fraction0p75_H8_N0.csv;hourly_plot_csv/single_dev_f05_single_fraction0p9_H4_N0.csv;hourly_plot_csv/single_dev_f05_single_fraction0p9_H8_N0.csv;hourly_plot_csv/single_dev_f05_single_fraction1p0_H4_N0.csv;hourly_plot_csv/single_dev_f05_single_fraction1p0_H8_N0.csv;hourly_plot_csv/single_dev_f10_single_fraction0p5_H4_N0.csv;hourly_plot_csv/single_dev_f10_single_fraction0p5_H8_N0.csv;hourly_plot_csv/single_dev_f10_single_fraction0p75_H4_N0.csv;hourly_plot_csv/single_dev_f10_single_fraction0p75_H8_N0.csv;hourly_plot_csv/single_dev_f10_single_fraction0p9_H4_N0.csv;hourly_plot_csv/single_dev_f10_single_fraction0p9_H8_N0.csv;hourly_plot_csv/single_dev_f10_single_fraction1p0_H4_N0.csv;hourly_plot_csv/single_dev_f10_single_fraction1p0_H8_N0.csv;hourly_plot_csv/single_dev_f20_single_fraction0p5_H4_N0.csv;hourly_plot_csv/single_dev_f20_single_fraction0p5_H8_N0.csv;hourly_plot_csv/single_dev_f20_single_fraction0p75_H4_N0.csv;hourly_plot_csv/single_dev_f20_single_fraction0p75_H8_N0.csv;hourly_plot_csv/single_dev_f20_single_fraction0p9_H4_N0.csv;hourly_plot_csv/single_dev_f20_single_fraction0p9_H8_N0.csv;hourly_plot_csv/single_dev_f20_single_fraction1p0_H4_N0.csv;hourly_plot_csv/single_dev_f20_single_fraction1p0_H8_N0.csv;hourly_plot_csv/single_dev_f40_single_fraction0p5_H4_N0.csv;hourly_plot_csv/single_dev_f40_single_fraction0p5_H8_N0.csv;hourly_plot_csv/single_dev_f40_single_fraction0p75_H4_N0.csv;hourly_plot_csv/single_dev_f40_single_fraction0p75_H8_N0.csv;hourly_plot_csv/single_dev_f40_single_fraction0p9_H4_N0.csv;hourly_plot_csv/single_dev_f40_single_fraction0p9_H8_N0.csv;hourly_plot_csv/single_dev_f40_single_fraction1p0_H4_N0.csv;hourly_plot_csv/single_dev_f40_single_fraction1p0_H8_N0.csv;hourly_plot_csv/single_dev_f60_single_fraction0p5_H4_N0.csv;hourly_plot_csv/single_dev_f60_single_fraction0p5_H8_N0.csv;hourly_plot_csv/single_dev_f60_single_fraction0p75_H4_N0.csv;hourly_plot_csv/single_dev_f60_single_fraction0p75_H8_N0.csv;hourly_plot_csv/single_dev_f60_single_fraction0p9_H4_N0.csv;hourly_plot_csv/single_dev_f60_single_fraction0p9_H8_N0.csv;hourly_plot_csv/single_dev_f60_single_fraction1p0_H4_N0.csv;hourly_plot_csv/single_dev_f60_single_fraction1p0_H8_N0.csv
executed_offline_inference_gpu_h,GPU-h,Literal named model/output field; equations and criteria in current Supplementary Methods,hourly_full/*.parquet
executed_training_gpu_h,GPU-h,Literal named model/output field; equations and criteria in current Supplementary Methods,hourly_full/*.parquet
failure,see table context,Literal named model/output field; equations and criteria in current Supplementary Methods,failure_attribution_counts.csv
failures,see table context,Literal named model/output field; equations and criteria in current Supplementary Methods,all_trial_event_outcomes.csv
fixed_site_cost,see table context,Literal named model/output field; equations and criteria in current Supplementary Methods,economic_price_sensitivity.csv;economic_primary.csv;reserve_life_sensitivity.csv
flexible_active_gpus,see table context,Literal named model/output field; equations and criteria in current Supplementary Methods,hourly_full/*.parquet
flexible_energy_kwh,kWh,Literal named model/output field; equations and criteria in current Supplementary Methods,hourly_full/*.parquet
flexible_gpu_count,see table context,Literal named model/output field; equations and criteria in current Supplementary Methods,scenario_index.csv
flexible_min,see table context,Literal named model/output field; equations and criteria in current Supplementary Methods,renewable_paired_comparisons.csv
flexible_workload_share,see table context,Literal named model/output field; equations and criteria in current Supplementary Methods,hourly_full/*.parquet
fraction,see table context,Literal named model/output field; equations and criteria in current Supplementary Methods,scenario_index.csv
fresh_joint_lower,fraction,Literal named model/output field; equations and criteria in current Supplementary Methods,repeat_paired_comparisons.csv
fresh_joint_successes,see table context,Literal named model/output field; equations and criteria in current Supplementary Methods,repeat_paired_comparisons.csv
frozen_scenario_hash,see table context,Literal named model/output field; equations and criteria in current Supplementary Methods,hourly_full/*.parquet
frozen_scenario_id,see table context,Literal named model/output field; equations and criteria in current Supplementary Methods,hourly_full/*.parquet
full_column_count,see table context,Literal named model/output field; equations and criteria in current Supplementary Methods,hourly_partition_index.csv
full_parquet,see table context,Literal named model/output field; equations and criteria in current Supplementary Methods,hourly_partition_index.csv
gain_ci_high,see table context,Literal named model/output field; equations and criteria in current Supplementary Methods,renewable_paired_comparisons.csv
gain_ci_low,see table context,Literal named model/output field; equations and criteria in current Supplementary Methods,renewable_paired_comparisons.csv
gain_unit,see table context,Literal named model/output field; equations and criteria in current Supplementary Methods,renewable_paired_comparisons.csv
gained_successes,see table context,Literal named model/output field; equations and criteria in current Supplementary Methods,notice_paired_comparisons.csv
gpu_count,see table context,Literal named model/output field; equations and criteria in current Supplementary Methods,calibration_run_means.csv
gpu_h_raw,see table context,Literal named model/output field; equations and criteria in current Supplementary Methods,source_mix_by_class.csv;source_mix_by_class_priority.csv
gpu_h_winsorized,see table context,Literal named model/output field; equations and criteria in current Supplementary Methods,source_mix_by_class.csv;source_mix_by_class_priority.csv
gpu_index,see table context,Literal named model/output field; equations and criteria in current Supplementary Methods,calibration_run_means.csv
group,see table context,Literal named model/output field; equations and criteria in current Supplementary Methods,hourly_partition_index.csv;ready_hourly_curves.csv
hardware_evidence_class,see table context,Literal named model/output field; equations and criteria in current Supplementary Methods,hourly_full/*.parquet
held_out_overall_mae_w_per_gpu,see table context,Literal named model/output field; equations and criteria in current Supplementary Methods,calibration_class_summary.csv
holm_p,see table context,Literal named model/output field; equations and criteria in current Supplementary Methods,notice_paired_comparisons.csv
hour,h,Absolute interval in the 216-hour episode,hourly_full/*.parquet;hourly_plot_csv/control_confirm_f10_g20_single_fixed_primary_request_H4_N0.csv;hourly_plot_csv/control_confirm_f10_g20_single_fixed_primary_request_H8_N0.csv;hourly_plot_csv/control_confirm_f10_g30_single_fixed_primary_request_H4_N0.csv;hourly_plot_csv/control_confirm_f10_g30_single_fixed_primary_request_H8_N0.csv;hourly_plot_csv/control_confirm_f10_rigid150_single_fixed_primary_request_H4_N0.csv;hourly_plot_csv/control_confirm_f10_rigid150_single_fixed_primary_request_H8_N0.csv;hourly_plot_csv/control_confirm_f10_rigid225_single_fixed_primary_request_H4_N0.csv;hourly_plot_csv/control_confirm_f10_rigid225_single_fixed_primary_request_H8_N0.csv;hourly_plot_csv/repeat_confirm_f05_H4G8_fresh0_H4_N0.csv;hourly_plot_csv/repeat_confirm_f05_H4G8_fresh1_H4_N0.csv;hourly_plot_csv/repeat_confirm_f05_H4G8_fresh2_H4_N0.csv;hourly_plot_csv/repeat_confirm_f05_H4G8_fresh3_H4_N0.csv;hourly_plot_csv/repeat_confirm_f05_H4G8_single_offer_repeated_H4_N0.csv;hourly_plot_csv/repeat_confirm_f05_H8G12_fresh0_H8_N0.csv;hourly_plot_csv/repeat_confirm_f05_H8G12_fresh1_H8_N0.csv;hourly_plot_csv/repeat_confirm_f05_H8G12_fresh2_H8_N0.csv;hourly_plot_csv/repeat_confirm_f05_H8G12_fresh3_H8_N0.csv;hourly_plot_csv/repeat_confirm_f05_H8G12_single_offer_repeated_H8_N0.csv;hourly_plot_csv/repeat_confirm_f10_H4G8_fresh0_H4_N0.csv;hourly_plot_csv/repeat_confirm_f10_H4G8_fresh1_H4_N0.csv;hourly_plot_csv/repeat_confirm_f10_H4G8_fresh2_H4_N0.csv;hourly_plot_csv/repeat_confirm_f10_H4G8_fresh3_H4_N0.csv;hourly_plot_csv/repeat_confirm_f10_H4G8_single_offer_repeated_H4_N0.csv;hourly_plot_csv/repeat_confirm_f10_H8G12_fresh0_H8_N0.csv;hourly_plot_csv/repeat_confirm_f10_H8G12_fresh1_H8_N0.csv;hourly_plot_csv/repeat_confirm_f10_H8G12_fresh2_H8_N0.csv;hourly_plot_csv/repeat_confirm_f10_H8G12_fresh3_H8_N0.csv;hourly_plot_csv/repeat_confirm_f10_H8G12_single_offer_repeated_H8_N0.csv;hourly_plot_csv/repeat_confirm_f20_H4G8_fresh0_H4_N0.csv;hourly_plot_csv/repeat_confirm_f20_H4G8_fresh1_H4_N0.csv;hourly_plot_csv/repeat_confirm_f20_H4G8_fresh2_H4_N0.csv;hourly_plot_csv/repeat_confirm_f20_H4G8_fresh3_H4_N0.csv;hourly_plot_csv/repeat_confirm_f20_H4G8_single_offer_repeated_H4_N0.csv;hourly_plot_csv/repeat_confirm_f20_H8G12_fresh0_H8_N0.csv;hourly_plot_csv/repeat_confirm_f20_H8G12_fresh1_H8_N0.csv;hourly_plot_csv/repeat_confirm_f20_H8G12_fresh2_H8_N0.csv;hourly_plot_csv/repeat_confirm_f20_H8G12_fresh3_H8_N0.csv;hourly_plot_csv/repeat_confirm_f20_H8G12_single_offer_repeated_H8_N0.csv;hourly_plot_csv/repeat_confirm_f40_H4G8_fresh0_H4_N0.csv;hourly_plot_csv/repeat_confirm_f40_H4G8_fresh1_H4_N0.csv;hourly_plot_csv/repeat_confirm_f40_H4G8_fresh2_H4_N0.csv;hourly_plot_csv/repeat_confirm_f40_H4G8_fresh3_H4_N0.csv;hourly_plot_csv/repeat_confirm_f40_H4G8_single_offer_repeated_H4_N0.csv;hourly_plot_csv/repeat_confirm_f40_H8G12_fresh0_H8_N0.csv;hourly_plot_csv/repeat_confirm_f40_H8G12_fresh1_H8_N0.csv;hourly_plot_csv/repeat_confirm_f40_H8G12_fresh2_H8_N0.csv;hourly_plot_csv/repeat_confirm_f40_H8G12_fresh3_H8_N0.csv;hourly_plot_csv/repeat_confirm_f40_H8G12_single_offer_repeated_H8_N0.csv;hourly_plot_csv/repeat_confirm_f60_H4G8_fresh0_H4_N0.csv;hourly_plot_csv/repeat_confirm_f60_H4G8_fresh1_H4_N0.csv;hourly_plot_csv/repeat_confirm_f60_H4G8_fresh2_H4_N0.csv;hourly_plot_csv/repeat_confirm_f60_H4G8_fresh3_H4_N0.csv;hourly_plot_csv/repeat_confirm_f60_H4G8_single_offer_repeated_H4_N0.csv;hourly_plot_csv/repeat_confirm_f60_H8G12_fresh0_H8_N0.csv;hourly_plot_csv/repeat_confirm_f60_H8G12_fresh1_H8_N0.csv;hourly_plot_csv/repeat_confirm_f60_H8G12_fresh2_H8_N0.csv;hourly_plot_csv/repeat_confirm_f60_H8G12_fresh3_H8_N0.csv;hourly_plot_csv/repeat_confirm_f60_H8G12_single_offer_repeated_H8_N0.csv;hourly_plot_csv/repeat_dev_f05_H4G8_fraction0p25_H4_N0.csv;hourly_plot_csv/repeat_dev_f05_H4G8_fraction0p5_H4_N0.csv;hourly_plot_csv/repeat_dev_f05_H4G8_fraction0p75_H4_N0.csv;hourly_plot_csv/repeat_dev_f05_H4G8_fraction1p0_H4_N0.csv;hourly_plot_csv/repeat_dev_f05_H8G12_fraction0p25_H8_N0.csv;hourly_plot_csv/repeat_dev_f05_H8G12_fraction0p5_H8_N0.csv;hourly_plot_csv/repeat_dev_f05_H8G12_fraction0p75_H8_N0.csv;hourly_plot_csv/repeat_dev_f05_H8G12_fraction1p0_H8_N0.csv;hourly_plot_csv/repeat_dev_f10_H4G8_fraction0p25_H4_N0.csv;hourly_plot_csv/repeat_dev_f10_H4G8_fraction0p5_H4_N0.csv;hourly_plot_csv/repeat_dev_f10_H4G8_fraction0p75_H4_N0.csv;hourly_plot_csv/repeat_dev_f10_H4G8_fraction1p0_H4_N0.csv;hourly_plot_csv/repeat_dev_f10_H8G12_fraction0p25_H8_N0.csv;hourly_plot_csv/repeat_dev_f10_H8G12_fraction0p5_H8_N0.csv;hourly_plot_csv/repeat_dev_f10_H8G12_fraction0p75_H8_N0.csv;hourly_plot_csv/repeat_dev_f10_H8G12_fraction1p0_H8_N0.csv;hourly_plot_csv/repeat_dev_f20_H4G8_fraction0p25_H4_N0.csv;hourly_plot_csv/repeat_dev_f20_H4G8_fraction0p5_H4_N0.csv;hourly_plot_csv/repeat_dev_f20_H4G8_fraction0p75_H4_N0.csv;hourly_plot_csv/repeat_dev_f20_H4G8_fraction1p0_H4_N0.csv;hourly_plot_csv/repeat_dev_f20_H8G12_fraction0p25_H8_N0.csv;hourly_plot_csv/repeat_dev_f20_H8G12_fraction0p5_H8_N0.csv;hourly_plot_csv/repeat_dev_f20_H8G12_fraction0p75_H8_N0.csv;hourly_plot_csv/repeat_dev_f20_H8G12_fraction1p0_H8_N0.csv;hourly_plot_csv/repeat_dev_f40_H4G8_fraction0p25_H4_N0.csv;hourly_plot_csv/repeat_dev_f40_H4G8_fraction0p5_H4_N0.csv;hourly_plot_csv/repeat_dev_f40_H4G8_fraction0p75_H4_N0.csv;hourly_plot_csv/repeat_dev_f40_H4G8_fraction1p0_H4_N0.csv;hourly_plot_csv/repeat_dev_f40_H8G12_fraction0p25_H8_N0.csv;hourly_plot_csv/repeat_dev_f40_H8G12_fraction0p5_H8_N0.csv;hourly_plot_csv/repeat_dev_f40_H8G12_fraction0p75_H8_N0.csv;hourly_plot_csv/repeat_dev_f40_H8G12_fraction1p0_H8_N0.csv;hourly_plot_csv/repeat_dev_f60_H4G8_fraction0p25_H4_N0.csv;hourly_plot_csv/repeat_dev_f60_H4G8_fraction0p5_H4_N0.csv;hourly_plot_csv/repeat_dev_f60_H4G8_fraction0p75_H4_N0.csv;hourly_plot_csv/repeat_dev_f60_H4G8_fraction1p0_H4_N0.csv;hourly_plot_csv/repeat_dev_f60_H8G12_fraction0p25_H8_N0.csv;hourly_plot_csv/repeat_dev_f60_H8G12_fraction0p5_H8_N0.csv;hourly_plot_csv/repeat_dev_f60_H8G12_fraction0p75_H8_N0.csv;hourly_plot_csv/repeat_dev_f60_H8G12_fraction1p0_H8_N0.csv;hourly_plot_csv/single_confirm_f05_single_selected_H4_N0.csv;hourly_plot_csv/single_confirm_f05_single_selected_H4_N2.csv;hourly_plot_csv/single_confirm_f05_single_selected_H4_N6.csv;hourly_plot_csv/single_confirm_f05_single_selected_H8_N0.csv;hourly_plot_csv/single_confirm_f05_single_selected_H8_N2.csv;hourly_plot_csv/single_confirm_f05_single_selected_H8_N6.csv;hourly_plot_csv/single_confirm_f10_single_selected_H4_N0.csv;hourly_plot_csv/single_confirm_f10_single_selected_H4_N2.csv;hourly_plot_csv/single_confirm_f10_single_selected_H4_N6.csv;hourly_plot_csv/single_confirm_f10_single_selected_H8_N0.csv;hourly_plot_csv/single_confirm_f10_single_selected_H8_N2.csv;hourly_plot_csv/single_confirm_f10_single_selected_H8_N6.csv;hourly_plot_csv/single_confirm_f20_single_selected_H4_N0.csv;hourly_plot_csv/single_confirm_f20_single_selected_H4_N2.csv;hourly_plot_csv/single_confirm_f20_single_selected_H4_N6.csv;hourly_plot_csv/single_confirm_f20_single_selected_H8_N0.csv;hourly_plot_csv/single_confirm_f20_single_selected_H8_N2.csv;hourly_plot_csv/single_confirm_f20_single_selected_H8_N6.csv;hourly_plot_csv/single_confirm_f40_single_selected_H4_N0.csv;hourly_plot_csv/single_confirm_f40_single_selected_H4_N2.csv;hourly_plot_csv/single_confirm_f40_single_selected_H4_N6.csv;hourly_plot_csv/single_confirm_f40_single_selected_H8_N0.csv;hourly_plot_csv/single_confirm_f40_single_selected_H8_N2.csv;hourly_plot_csv/single_confirm_f40_single_selected_H8_N6.csv;hourly_plot_csv/single_confirm_f60_single_selected_H4_N0.csv;hourly_plot_csv/single_confirm_f60_single_selected_H4_N2.csv;hourly_plot_csv/single_confirm_f60_single_selected_H4_N6.csv;hourly_plot_csv/single_confirm_f60_single_selected_H8_N0.csv;hourly_plot_csv/single_confirm_f60_single_selected_H8_N2.csv;hourly_plot_csv/single_confirm_f60_single_selected_H8_N6.csv;hourly_plot_csv/single_dev_f05_single_fraction0p5_H4_N0.csv;hourly_plot_csv/single_dev_f05_single_fraction0p5_H8_N0.csv;hourly_plot_csv/single_dev_f05_single_fraction0p75_H4_N0.csv;hourly_plot_csv/single_dev_f05_single_fraction0p75_H8_N0.csv;hourly_plot_csv/single_dev_f05_single_fraction0p9_H4_N0.csv;hourly_plot_csv/single_dev_f05_single_fraction0p9_H8_N0.csv;hourly_plot_csv/single_dev_f05_single_fraction1p0_H4_N0.csv;hourly_plot_csv/single_dev_f05_single_fraction1p0_H8_N0.csv;hourly_plot_csv/single_dev_f10_single_fraction0p5_H4_N0.csv;hourly_plot_csv/single_dev_f10_single_fraction0p5_H8_N0.csv;hourly_plot_csv/single_dev_f10_single_fraction0p75_H4_N0.csv;hourly_plot_csv/single_dev_f10_single_fraction0p75_H8_N0.csv;hourly_plot_csv/single_dev_f10_single_fraction0p9_H4_N0.csv;hourly_plot_csv/single_dev_f10_single_fraction0p9_H8_N0.csv;hourly_plot_csv/single_dev_f10_single_fraction1p0_H4_N0.csv;hourly_plot_csv/single_dev_f10_single_fraction1p0_H8_N0.csv;hourly_plot_csv/single_dev_f20_single_fraction0p5_H4_N0.csv;hourly_plot_csv/single_dev_f20_single_fraction0p5_H8_N0.csv;hourly_plot_csv/single_dev_f20_single_fraction0p75_H4_N0.csv;hourly_plot_csv/single_dev_f20_single_fraction0p75_H8_N0.csv;hourly_plot_csv/single_dev_f20_single_fraction0p9_H4_N0.csv;hourly_plot_csv/single_dev_f20_single_fraction0p9_H8_N0.csv;hourly_plot_csv/single_dev_f20_single_fraction1p0_H4_N0.csv;hourly_plot_csv/single_dev_f20_single_fraction1p0_H8_N0.csv;hourly_plot_csv/single_dev_f40_single_fraction0p5_H4_N0.csv;hourly_plot_csv/single_dev_f40_single_fraction0p5_H8_N0.csv;hourly_plot_csv/single_dev_f40_single_fraction0p75_H4_N0.csv;hourly_plot_csv/single_dev_f40_single_fraction0p75_H8_N0.csv;hourly_plot_csv/single_dev_f40_single_fraction0p9_H4_N0.csv;hourly_plot_csv/single_dev_f40_single_fraction0p9_H8_N0.csv;hourly_plot_csv/single_dev_f40_single_fraction1p0_H4_N0.csv;hourly_plot_csv/single_dev_f40_single_fraction1p0_H8_N0.csv;hourly_plot_csv/single_dev_f60_single_fraction0p5_H4_N0.csv;hourly_plot_csv/single_dev_f60_single_fraction0p5_H8_N0.csv;hourly_plot_csv/single_dev_f60_single_fraction0p75_H4_N0.csv;hourly_plot_csv/single_dev_f60_single_fraction0p75_H8_N0.csv;hourly_plot_csv/single_dev_f60_single_fraction0p9_H4_N0.csv;hourly_plot_csv/single_dev_f60_single_fraction0p9_H8_N0.csv;hourly_plot_csv/single_dev_f60_single_fraction1p0_H4_N0.csv;hourly_plot_csv/single_dev_f60_single_fraction1p0_H8_N0.csv
hours_near_pcc_limit,see table context,Literal named model/output field; equations and criteria in current Supplementary Methods,control_renewable_scenarios.csv;renewable_scenarios.csv
hours_since_previous_event,see table context,Literal named model/output field; equations and criteria in current Supplementary Methods,hourly_full/*.parquet
incremental_energy_kwh,kWh,Signed controlled-minus-no-response PCC energy through episode end,control_confirmation_ledgers.csv;repeated_confirmation_ledgers.csv;single_confirmation_ledgers.csv
incremental_missed_gpu_h,GPU-h,Literal named model/output field; equations and criteria in current Supplementary Methods,control_confirmation_ledgers.csv;repeated_confirmation_ledgers.csv;single_confirmation_ledgers.csv
incremental_power_kw,kW,Literal named model/output field; equations and criteria in current Supplementary Methods,hourly_full/*.parquet;hourly_plot_csv/control_confirm_f10_g20_single_fixed_primary_request_H4_N0.csv;hourly_plot_csv/control_confirm_f10_g20_single_fixed_primary_request_H8_N0.csv;hourly_plot_csv/control_confirm_f10_g30_single_fixed_primary_request_H4_N0.csv;hourly_plot_csv/control_confirm_f10_g30_single_fixed_primary_request_H8_N0.csv;hourly_plot_csv/control_confirm_f10_rigid150_single_fixed_primary_request_H4_N0.csv;hourly_plot_csv/control_confirm_f10_rigid150_single_fixed_primary_request_H8_N0.csv;hourly_plot_csv/control_confirm_f10_rigid225_single_fixed_primary_request_H4_N0.csv;hourly_plot_csv/control_confirm_f10_rigid225_single_fixed_primary_request_H8_N0.csv;hourly_plot_csv/repeat_confirm_f05_H4G8_fresh0_H4_N0.csv;hourly_plot_csv/repeat_confirm_f05_H4G8_fresh1_H4_N0.csv;hourly_plot_csv/repeat_confirm_f05_H4G8_fresh2_H4_N0.csv;hourly_plot_csv/repeat_confirm_f05_H4G8_fresh3_H4_N0.csv;hourly_plot_csv/repeat_confirm_f05_H4G8_single_offer_repeated_H4_N0.csv;hourly_plot_csv/repeat_confirm_f05_H8G12_fresh0_H8_N0.csv;hourly_plot_csv/repeat_confirm_f05_H8G12_fresh1_H8_N0.csv;hourly_plot_csv/repeat_confirm_f05_H8G12_fresh2_H8_N0.csv;hourly_plot_csv/repeat_confirm_f05_H8G12_fresh3_H8_N0.csv;hourly_plot_csv/repeat_confirm_f05_H8G12_single_offer_repeated_H8_N0.csv;hourly_plot_csv/repeat_confirm_f10_H4G8_fresh0_H4_N0.csv;hourly_plot_csv/repeat_confirm_f10_H4G8_fresh1_H4_N0.csv;hourly_plot_csv/repeat_confirm_f10_H4G8_fresh2_H4_N0.csv;hourly_plot_csv/repeat_confirm_f10_H4G8_fresh3_H4_N0.csv;hourly_plot_csv/repeat_confirm_f10_H4G8_single_offer_repeated_H4_N0.csv;hourly_plot_csv/repeat_confirm_f10_H8G12_fresh0_H8_N0.csv;hourly_plot_csv/repeat_confirm_f10_H8G12_fresh1_H8_N0.csv;hourly_plot_csv/repeat_confirm_f10_H8G12_fresh2_H8_N0.csv;hourly_plot_csv/repeat_confirm_f10_H8G12_fresh3_H8_N0.csv;hourly_plot_csv/repeat_confirm_f10_H8G12_single_offer_repeated_H8_N0.csv;hourly_plot_csv/repeat_confirm_f20_H4G8_fresh0_H4_N0.csv;hourly_plot_csv/repeat_confirm_f20_H4G8_fresh1_H4_N0.csv;hourly_plot_csv/repeat_confirm_f20_H4G8_fresh2_H4_N0.csv;hourly_plot_csv/repeat_confirm_f20_H4G8_fresh3_H4_N0.csv;hourly_plot_csv/repeat_confirm_f20_H4G8_single_offer_repeated_H4_N0.csv;hourly_plot_csv/repeat_confirm_f20_H8G12_fresh0_H8_N0.csv;hourly_plot_csv/repeat_confirm_f20_H8G12_fresh1_H8_N0.csv;hourly_plot_csv/repeat_confirm_f20_H8G12_fresh2_H8_N0.csv;hourly_plot_csv/repeat_confirm_f20_H8G12_fresh3_H8_N0.csv;hourly_plot_csv/repeat_confirm_f20_H8G12_single_offer_repeated_H8_N0.csv;hourly_plot_csv/repeat_confirm_f40_H4G8_fresh0_H4_N0.csv;hourly_plot_csv/repeat_confirm_f40_H4G8_fresh1_H4_N0.csv;hourly_plot_csv/repeat_confirm_f40_H4G8_fresh2_H4_N0.csv;hourly_plot_csv/repeat_confirm_f40_H4G8_fresh3_H4_N0.csv;hourly_plot_csv/repeat_confirm_f40_H4G8_single_offer_repeated_H4_N0.csv;hourly_plot_csv/repeat_confirm_f40_H8G12_fresh0_H8_N0.csv;hourly_plot_csv/repeat_confirm_f40_H8G12_fresh1_H8_N0.csv;hourly_plot_csv/repeat_confirm_f40_H8G12_fresh2_H8_N0.csv;hourly_plot_csv/repeat_confirm_f40_H8G12_fresh3_H8_N0.csv;hourly_plot_csv/repeat_confirm_f40_H8G12_single_offer_repeated_H8_N0.csv;hourly_plot_csv/repeat_confirm_f60_H4G8_fresh0_H4_N0.csv;hourly_plot_csv/repeat_confirm_f60_H4G8_fresh1_H4_N0.csv;hourly_plot_csv/repeat_confirm_f60_H4G8_fresh2_H4_N0.csv;hourly_plot_csv/repeat_confirm_f60_H4G8_fresh3_H4_N0.csv;hourly_plot_csv/repeat_confirm_f60_H4G8_single_offer_repeated_H4_N0.csv;hourly_plot_csv/repeat_confirm_f60_H8G12_fresh0_H8_N0.csv;hourly_plot_csv/repeat_confirm_f60_H8G12_fresh1_H8_N0.csv;hourly_plot_csv/repeat_confirm_f60_H8G12_fresh2_H8_N0.csv;hourly_plot_csv/repeat_confirm_f60_H8G12_fresh3_H8_N0.csv;hourly_plot_csv/repeat_confirm_f60_H8G12_single_offer_repeated_H8_N0.csv;hourly_plot_csv/repeat_dev_f05_H4G8_fraction0p25_H4_N0.csv;hourly_plot_csv/repeat_dev_f05_H4G8_fraction0p5_H4_N0.csv;hourly_plot_csv/repeat_dev_f05_H4G8_fraction0p75_H4_N0.csv;hourly_plot_csv/repeat_dev_f05_H4G8_fraction1p0_H4_N0.csv;hourly_plot_csv/repeat_dev_f05_H8G12_fraction0p25_H8_N0.csv;hourly_plot_csv/repeat_dev_f05_H8G12_fraction0p5_H8_N0.csv;hourly_plot_csv/repeat_dev_f05_H8G12_fraction0p75_H8_N0.csv;hourly_plot_csv/repeat_dev_f05_H8G12_fraction1p0_H8_N0.csv;hourly_plot_csv/repeat_dev_f10_H4G8_fraction0p25_H4_N0.csv;hourly_plot_csv/repeat_dev_f10_H4G8_fraction0p5_H4_N0.csv;hourly_plot_csv/repeat_dev_f10_H4G8_fraction0p75_H4_N0.csv;hourly_plot_csv/repeat_dev_f10_H4G8_fraction1p0_H4_N0.csv;hourly_plot_csv/repeat_dev_f10_H8G12_fraction0p25_H8_N0.csv;hourly_plot_csv/repeat_dev_f10_H8G12_fraction0p5_H8_N0.csv;hourly_plot_csv/repeat_dev_f10_H8G12_fraction0p75_H8_N0.csv;hourly_plot_csv/repeat_dev_f10_H8G12_fraction1p0_H8_N0.csv;hourly_plot_csv/repeat_dev_f20_H4G8_fraction0p25_H4_N0.csv;hourly_plot_csv/repeat_dev_f20_H4G8_fraction0p5_H4_N0.csv;hourly_plot_csv/repeat_dev_f20_H4G8_fraction0p75_H4_N0.csv;hourly_plot_csv/repeat_dev_f20_H4G8_fraction1p0_H4_N0.csv;hourly_plot_csv/repeat_dev_f20_H8G12_fraction0p25_H8_N0.csv;hourly_plot_csv/repeat_dev_f20_H8G12_fraction0p5_H8_N0.csv;hourly_plot_csv/repeat_dev_f20_H8G12_fraction0p75_H8_N0.csv;hourly_plot_csv/repeat_dev_f20_H8G12_fraction1p0_H8_N0.csv;hourly_plot_csv/repeat_dev_f40_H4G8_fraction0p25_H4_N0.csv;hourly_plot_csv/repeat_dev_f40_H4G8_fraction0p5_H4_N0.csv;hourly_plot_csv/repeat_dev_f40_H4G8_fraction0p75_H4_N0.csv;hourly_plot_csv/repeat_dev_f40_H4G8_fraction1p0_H4_N0.csv;hourly_plot_csv/repeat_dev_f40_H8G12_fraction0p25_H8_N0.csv;hourly_plot_csv/repeat_dev_f40_H8G12_fraction0p5_H8_N0.csv;hourly_plot_csv/repeat_dev_f40_H8G12_fraction0p75_H8_N0.csv;hourly_plot_csv/repeat_dev_f40_H8G12_fraction1p0_H8_N0.csv;hourly_plot_csv/repeat_dev_f60_H4G8_fraction0p25_H4_N0.csv;hourly_plot_csv/repeat_dev_f60_H4G8_fraction0p5_H4_N0.csv;hourly_plot_csv/repeat_dev_f60_H4G8_fraction0p75_H4_N0.csv;hourly_plot_csv/repeat_dev_f60_H4G8_fraction1p0_H4_N0.csv;hourly_plot_csv/repeat_dev_f60_H8G12_fraction0p25_H8_N0.csv;hourly_plot_csv/repeat_dev_f60_H8G12_fraction0p5_H8_N0.csv;hourly_plot_csv/repeat_dev_f60_H8G12_fraction0p75_H8_N0.csv;hourly_plot_csv/repeat_dev_f60_H8G12_fraction1p0_H8_N0.csv;hourly_plot_csv/single_confirm_f05_single_selected_H4_N0.csv;hourly_plot_csv/single_confirm_f05_single_selected_H4_N2.csv;hourly_plot_csv/single_confirm_f05_single_selected_H4_N6.csv;hourly_plot_csv/single_confirm_f05_single_selected_H8_N0.csv;hourly_plot_csv/single_confirm_f05_single_selected_H8_N2.csv;hourly_plot_csv/single_confirm_f05_single_selected_H8_N6.csv;hourly_plot_csv/single_confirm_f10_single_selected_H4_N0.csv;hourly_plot_csv/single_confirm_f10_single_selected_H4_N2.csv;hourly_plot_csv/single_confirm_f10_single_selected_H4_N6.csv;hourly_plot_csv/single_confirm_f10_single_selected_H8_N0.csv;hourly_plot_csv/single_confirm_f10_single_selected_H8_N2.csv;hourly_plot_csv/single_confirm_f10_single_selected_H8_N6.csv;hourly_plot_csv/single_confirm_f20_single_selected_H4_N0.csv;hourly_plot_csv/single_confirm_f20_single_selected_H4_N2.csv;hourly_plot_csv/single_confirm_f20_single_selected_H4_N6.csv;hourly_plot_csv/single_confirm_f20_single_selected_H8_N0.csv;hourly_plot_csv/single_confirm_f20_single_selected_H8_N2.csv;hourly_plot_csv/single_confirm_f20_single_selected_H8_N6.csv;hourly_plot_csv/single_confirm_f40_single_selected_H4_N0.csv;hourly_plot_csv/single_confirm_f40_single_selected_H4_N2.csv;hourly_plot_csv/single_confirm_f40_single_selected_H4_N6.csv;hourly_plot_csv/single_confirm_f40_single_selected_H8_N0.csv;hourly_plot_csv/single_confirm_f40_single_selected_H8_N2.csv;hourly_plot_csv/single_confirm_f40_single_selected_H8_N6.csv;hourly_plot_csv/single_confirm_f60_single_selected_H4_N0.csv;hourly_plot_csv/single_confirm_f60_single_selected_H4_N2.csv;hourly_plot_csv/single_confirm_f60_single_selected_H4_N6.csv;hourly_plot_csv/single_confirm_f60_single_selected_H8_N0.csv;hourly_plot_csv/single_confirm_f60_single_selected_H8_N2.csv;hourly_plot_csv/single_confirm_f60_single_selected_H8_N6.csv;hourly_plot_csv/single_dev_f05_single_fraction0p5_H4_N0.csv;hourly_plot_csv/single_dev_f05_single_fraction0p5_H8_N0.csv;hourly_plot_csv/single_dev_f05_single_fraction0p75_H4_N0.csv;hourly_plot_csv/single_dev_f05_single_fraction0p75_H8_N0.csv;hourly_plot_csv/single_dev_f05_single_fraction0p9_H4_N0.csv;hourly_plot_csv/single_dev_f05_single_fraction0p9_H8_N0.csv;hourly_plot_csv/single_dev_f05_single_fraction1p0_H4_N0.csv;hourly_plot_csv/single_dev_f05_single_fraction1p0_H8_N0.csv;hourly_plot_csv/single_dev_f10_single_fraction0p5_H4_N0.csv;hourly_plot_csv/single_dev_f10_single_fraction0p5_H8_N0.csv;hourly_plot_csv/single_dev_f10_single_fraction0p75_H4_N0.csv;hourly_plot_csv/single_dev_f10_single_fraction0p75_H8_N0.csv;hourly_plot_csv/single_dev_f10_single_fraction0p9_H4_N0.csv;hourly_plot_csv/single_dev_f10_single_fraction0p9_H8_N0.csv;hourly_plot_csv/single_dev_f10_single_fraction1p0_H4_N0.csv;hourly_plot_csv/single_dev_f10_single_fraction1p0_H8_N0.csv;hourly_plot_csv/single_dev_f20_single_fraction0p5_H4_N0.csv;hourly_plot_csv/single_dev_f20_single_fraction0p5_H8_N0.csv;hourly_plot_csv/single_dev_f20_single_fraction0p75_H4_N0.csv;hourly_plot_csv/single_dev_f20_single_fraction0p75_H8_N0.csv;hourly_plot_csv/single_dev_f20_single_fraction0p9_H4_N0.csv;hourly_plot_csv/single_dev_f20_single_fraction0p9_H8_N0.csv;hourly_plot_csv/single_dev_f20_single_fraction1p0_H4_N0.csv;hourly_plot_csv/single_dev_f20_single_fraction1p0_H8_N0.csv;hourly_plot_csv/single_dev_f40_single_fraction0p5_H4_N0.csv;hourly_plot_csv/single_dev_f40_single_fraction0p5_H8_N0.csv;hourly_plot_csv/single_dev_f40_single_fraction0p75_H4_N0.csv;hourly_plot_csv/single_dev_f40_single_fraction0p75_H8_N0.csv;hourly_plot_csv/single_dev_f40_single_fraction0p9_H4_N0.csv;hourly_plot_csv/single_dev_f40_single_fraction0p9_H8_N0.csv;hourly_plot_csv/single_dev_f40_single_fraction1p0_H4_N0.csv;hourly_plot_csv/single_dev_f40_single_fraction1p0_H8_N0.csv;hourly_plot_csv/single_dev_f60_single_fraction0p5_H4_N0.csv;hourly_plot_csv/single_dev_f60_single_fraction0p5_H8_N0.csv;hourly_plot_csv/single_dev_f60_single_fraction0p75_H4_N0.csv;hourly_plot_csv/single_dev_f60_single_fraction0p75_H8_N0.csv;hourly_plot_csv/single_dev_f60_single_fraction0p9_H4_N0.csv;hourly_plot_csv/single_dev_f60_single_fraction0p9_H8_N0.csv;hourly_plot_csv/single_dev_f60_single_fraction1p0_H4_N0.csv;hourly_plot_csv/single_dev_f60_single_fraction1p0_H8_N0.csv
independent_run_count,see table context,Literal named model/output field; equations and criteria in current Supplementary Methods,calibration_class_summary.csv
interval_lower_w_per_gpu,see table context,Literal named model/output field; equations and criteria in current Supplementary Methods,calibration_class_summary.csv
interval_upper_w_per_gpu,see table context,Literal named model/output field; equations and criteria in current Supplementary Methods,calibration_class_summary.csv
is_clearance_tail,see table context,Literal named model/output field; equations and criteria in current Supplementary Methods,hourly_full/*.parquet
job_type_public,see table context,Literal named model/output field; equations and criteria in current Supplementary Methods,source_mix_by_class.csv;source_mix_by_class_priority.csv
kind,see table context,Literal named model/output field; equations and criteria in current Supplementary Methods,economic_price_sensitivity.csv;economic_primary.csv;reserve_life_sensitivity.csv
limit_violation_kw,kW,Literal named model/output field; equations and criteria in current Supplementary Methods,hourly_full/*.parquet
lost_successes,see table context,Literal named model/output field; equations and criteria in current Supplementary Methods,notice_paired_comparisons.csv
manifest,see table context,Literal named model/output field; equations and criteria in current Supplementary Methods,recovery_inputs/reconstruction_index.csv
max_deadline_miss_gpu_h,GPU-h,Literal named model/output field; equations and criteria in current Supplementary Methods,renewable_paired_comparisons.csv
max_incremental_missed_gpu_h,GPU-h,Literal named model/output field; equations and criteria in current Supplementary Methods,economic_primary.csv;reserve_life_sensitivity.csv
maximum_pcc_import_kw,kW,Literal named model/output field; equations and criteria in current Supplementary Methods,control_renewable_scenarios.csv;renewable_scenarios.csv
maximum_pv_curtailment_fraction,fraction,Literal named model/output field; equations and criteria in current Supplementary Methods,control_renewable_scenarios.csv;renewable_scenarios.csv
maximum_rebound_ratio,fraction,Literal named model/output field; equations and criteria in current Supplementary Methods,control_pi_scenarios.csv;pi_scenarios.csv
maximum_simultaneous_bess_charge_discharge_kw,kW,Literal named model/output field; equations and criteria in current Supplementary Methods,control_renewable_scenarios.csv;renewable_scenarios.csv
mcnemar_exact_p,see table context,Literal named model/output field; equations and criteria in current Supplementary Methods,notice_paired_comparisons.csv
mean,see metric,Mean across all scenarios in the stated group,ready_hourly_curves.csv
mean_delay_exposure_gpu_h_h,h,Literal named model/output field; equations and criteria in current Supplementary Methods,economic_primary.csv;reserve_life_sensitivity.csv
mean_incremental_missed_gpu_h,GPU-h,Literal named model/output field; equations and criteria in current Supplementary Methods,economic_primary.csv;reserve_life_sensitivity.csv
mean_paired_gain,see gain_unit,Mean flexible-minus-rigid paired effect,renewable_paired_comparisons.csv
mean_power_w,see table context,Literal named model/output field; equations and criteria in current Supplementary Methods,calibration_run_means.csv
mean_slack_h,h,Literal named model/output field; equations and criteria in current Supplementary Methods,hourly_full/*.parquet
mean_sm_clock_mhz,see table context,Literal named model/output field; equations and criteria in current Supplementary Methods,calibration_run_means.csv
mean_temperature_c,see table context,Literal named model/output field; equations and criteria in current Supplementary Methods,calibration_run_means.csv
mean_utilization_pct,see table context,Literal named model/output field; equations and criteria in current Supplementary Methods,calibration_run_means.csv
median,see metric,Median across all scenarios in the stated group,ready_hourly_curves.csv
metric,see table context,Literal named model/output field; equations and criteria in current Supplementary Methods,ready_hourly_curves.csv
minimum_interval_delivery_ratio,fraction,Literal named model/output field; equations and criteria in current Supplementary Methods,all_trial_event_outcomes.csv;control_pi_scenarios.csv;pi_scenarios.csv
minimum_mean_delivery_ratio,fraction,Literal named model/output field; equations and criteria in current Supplementary Methods,control_pi_scenarios.csv;pi_scenarios.csv
minimum_window_relief_fraction,fraction,Literal named model/output field; equations and criteria in current Supplementary Methods,control_pi_scenarios.csv;pi_scenarios.csv
missed_gpu_h,GPU-h,Literal named model/output field; equations and criteria in current Supplementary Methods,hourly_full/*.parquet;hourly_plot_csv/control_confirm_f10_g20_single_fixed_primary_request_H4_N0.csv;hourly_plot_csv/control_confirm_f10_g20_single_fixed_primary_request_H8_N0.csv;hourly_plot_csv/control_confirm_f10_g30_single_fixed_primary_request_H4_N0.csv;hourly_plot_csv/control_confirm_f10_g30_single_fixed_primary_request_H8_N0.csv;hourly_plot_csv/control_confirm_f10_rigid150_single_fixed_primary_request_H4_N0.csv;hourly_plot_csv/control_confirm_f10_rigid150_single_fixed_primary_request_H8_N0.csv;hourly_plot_csv/control_confirm_f10_rigid225_single_fixed_primary_request_H4_N0.csv;hourly_plot_csv/control_confirm_f10_rigid225_single_fixed_primary_request_H8_N0.csv;hourly_plot_csv/repeat_confirm_f05_H4G8_fresh0_H4_N0.csv;hourly_plot_csv/repeat_confirm_f05_H4G8_fresh1_H4_N0.csv;hourly_plot_csv/repeat_confirm_f05_H4G8_fresh2_H4_N0.csv;hourly_plot_csv/repeat_confirm_f05_H4G8_fresh3_H4_N0.csv;hourly_plot_csv/repeat_confirm_f05_H4G8_single_offer_repeated_H4_N0.csv;hourly_plot_csv/repeat_confirm_f05_H8G12_fresh0_H8_N0.csv;hourly_plot_csv/repeat_confirm_f05_H8G12_fresh1_H8_N0.csv;hourly_plot_csv/repeat_confirm_f05_H8G12_fresh2_H8_N0.csv;hourly_plot_csv/repeat_confirm_f05_H8G12_fresh3_H8_N0.csv;hourly_plot_csv/repeat_confirm_f05_H8G12_single_offer_repeated_H8_N0.csv;hourly_plot_csv/repeat_confirm_f10_H4G8_fresh0_H4_N0.csv;hourly_plot_csv/repeat_confirm_f10_H4G8_fresh1_H4_N0.csv;hourly_plot_csv/repeat_confirm_f10_H4G8_fresh2_H4_N0.csv;hourly_plot_csv/repeat_confirm_f10_H4G8_fresh3_H4_N0.csv;hourly_plot_csv/repeat_confirm_f10_H4G8_single_offer_repeated_H4_N0.csv;hourly_plot_csv/repeat_confirm_f10_H8G12_fresh0_H8_N0.csv;hourly_plot_csv/repeat_confirm_f10_H8G12_fresh1_H8_N0.csv;hourly_plot_csv/repeat_confirm_f10_H8G12_fresh2_H8_N0.csv;hourly_plot_csv/repeat_confirm_f10_H8G12_fresh3_H8_N0.csv;hourly_plot_csv/repeat_confirm_f10_H8G12_single_offer_repeated_H8_N0.csv;hourly_plot_csv/repeat_confirm_f20_H4G8_fresh0_H4_N0.csv;hourly_plot_csv/repeat_confirm_f20_H4G8_fresh1_H4_N0.csv;hourly_plot_csv/repeat_confirm_f20_H4G8_fresh2_H4_N0.csv;hourly_plot_csv/repeat_confirm_f20_H4G8_fresh3_H4_N0.csv;hourly_plot_csv/repeat_confirm_f20_H4G8_single_offer_repeated_H4_N0.csv;hourly_plot_csv/repeat_confirm_f20_H8G12_fresh0_H8_N0.csv;hourly_plot_csv/repeat_confirm_f20_H8G12_fresh1_H8_N0.csv;hourly_plot_csv/repeat_confirm_f20_H8G12_fresh2_H8_N0.csv;hourly_plot_csv/repeat_confirm_f20_H8G12_fresh3_H8_N0.csv;hourly_plot_csv/repeat_confirm_f20_H8G12_single_offer_repeated_H8_N0.csv;hourly_plot_csv/repeat_confirm_f40_H4G8_fresh0_H4_N0.csv;hourly_plot_csv/repeat_confirm_f40_H4G8_fresh1_H4_N0.csv;hourly_plot_csv/repeat_confirm_f40_H4G8_fresh2_H4_N0.csv;hourly_plot_csv/repeat_confirm_f40_H4G8_fresh3_H4_N0.csv;hourly_plot_csv/repeat_confirm_f40_H4G8_single_offer_repeated_H4_N0.csv;hourly_plot_csv/repeat_confirm_f40_H8G12_fresh0_H8_N0.csv;hourly_plot_csv/repeat_confirm_f40_H8G12_fresh1_H8_N0.csv;hourly_plot_csv/repeat_confirm_f40_H8G12_fresh2_H8_N0.csv;hourly_plot_csv/repeat_confirm_f40_H8G12_fresh3_H8_N0.csv;hourly_plot_csv/repeat_confirm_f40_H8G12_single_offer_repeated_H8_N0.csv;hourly_plot_csv/repeat_confirm_f60_H4G8_fresh0_H4_N0.csv;hourly_plot_csv/repeat_confirm_f60_H4G8_fresh1_H4_N0.csv;hourly_plot_csv/repeat_confirm_f60_H4G8_fresh2_H4_N0.csv;hourly_plot_csv/repeat_confirm_f60_H4G8_fresh3_H4_N0.csv;hourly_plot_csv/repeat_confirm_f60_H4G8_single_offer_repeated_H4_N0.csv;hourly_plot_csv/repeat_confirm_f60_H8G12_fresh0_H8_N0.csv;hourly_plot_csv/repeat_confirm_f60_H8G12_fresh1_H8_N0.csv;hourly_plot_csv/repeat_confirm_f60_H8G12_fresh2_H8_N0.csv;hourly_plot_csv/repeat_confirm_f60_H8G12_fresh3_H8_N0.csv;hourly_plot_csv/repeat_confirm_f60_H8G12_single_offer_repeated_H8_N0.csv;hourly_plot_csv/repeat_dev_f05_H4G8_fraction0p25_H4_N0.csv;hourly_plot_csv/repeat_dev_f05_H4G8_fraction0p5_H4_N0.csv;hourly_plot_csv/repeat_dev_f05_H4G8_fraction0p75_H4_N0.csv;hourly_plot_csv/repeat_dev_f05_H4G8_fraction1p0_H4_N0.csv;hourly_plot_csv/repeat_dev_f05_H8G12_fraction0p25_H8_N0.csv;hourly_plot_csv/repeat_dev_f05_H8G12_fraction0p5_H8_N0.csv;hourly_plot_csv/repeat_dev_f05_H8G12_fraction0p75_H8_N0.csv;hourly_plot_csv/repeat_dev_f05_H8G12_fraction1p0_H8_N0.csv;hourly_plot_csv/repeat_dev_f10_H4G8_fraction0p25_H4_N0.csv;hourly_plot_csv/repeat_dev_f10_H4G8_fraction0p5_H4_N0.csv;hourly_plot_csv/repeat_dev_f10_H4G8_fraction0p75_H4_N0.csv;hourly_plot_csv/repeat_dev_f10_H4G8_fraction1p0_H4_N0.csv;hourly_plot_csv/repeat_dev_f10_H8G12_fraction0p25_H8_N0.csv;hourly_plot_csv/repeat_dev_f10_H8G12_fraction0p5_H8_N0.csv;hourly_plot_csv/repeat_dev_f10_H8G12_fraction0p75_H8_N0.csv;hourly_plot_csv/repeat_dev_f10_H8G12_fraction1p0_H8_N0.csv;hourly_plot_csv/repeat_dev_f20_H4G8_fraction0p25_H4_N0.csv;hourly_plot_csv/repeat_dev_f20_H4G8_fraction0p5_H4_N0.csv;hourly_plot_csv/repeat_dev_f20_H4G8_fraction0p75_H4_N0.csv;hourly_plot_csv/repeat_dev_f20_H4G8_fraction1p0_H4_N0.csv;hourly_plot_csv/repeat_dev_f20_H8G12_fraction0p25_H8_N0.csv;hourly_plot_csv/repeat_dev_f20_H8G12_fraction0p5_H8_N0.csv;hourly_plot_csv/repeat_dev_f20_H8G12_fraction0p75_H8_N0.csv;hourly_plot_csv/repeat_dev_f20_H8G12_fraction1p0_H8_N0.csv;hourly_plot_csv/repeat_dev_f40_H4G8_fraction0p25_H4_N0.csv;hourly_plot_csv/repeat_dev_f40_H4G8_fraction0p5_H4_N0.csv;hourly_plot_csv/repeat_dev_f40_H4G8_fraction0p75_H4_N0.csv;hourly_plot_csv/repeat_dev_f40_H4G8_fraction1p0_H4_N0.csv;hourly_plot_csv/repeat_dev_f40_H8G12_fraction0p25_H8_N0.csv;hourly_plot_csv/repeat_dev_f40_H8G12_fraction0p5_H8_N0.csv;hourly_plot_csv/repeat_dev_f40_H8G12_fraction0p75_H8_N0.csv;hourly_plot_csv/repeat_dev_f40_H8G12_fraction1p0_H8_N0.csv;hourly_plot_csv/repeat_dev_f60_H4G8_fraction0p25_H4_N0.csv;hourly_plot_csv/repeat_dev_f60_H4G8_fraction0p5_H4_N0.csv;hourly_plot_csv/repeat_dev_f60_H4G8_fraction0p75_H4_N0.csv;hourly_plot_csv/repeat_dev_f60_H4G8_fraction1p0_H4_N0.csv;hourly_plot_csv/repeat_dev_f60_H8G12_fraction0p25_H8_N0.csv;hourly_plot_csv/repeat_dev_f60_H8G12_fraction0p5_H8_N0.csv;hourly_plot_csv/repeat_dev_f60_H8G12_fraction0p75_H8_N0.csv;hourly_plot_csv/repeat_dev_f60_H8G12_fraction1p0_H8_N0.csv;hourly_plot_csv/single_confirm_f05_single_selected_H4_N0.csv;hourly_plot_csv/single_confirm_f05_single_selected_H4_N2.csv;hourly_plot_csv/single_confirm_f05_single_selected_H4_N6.csv;hourly_plot_csv/single_confirm_f05_single_selected_H8_N0.csv;hourly_plot_csv/single_confirm_f05_single_selected_H8_N2.csv;hourly_plot_csv/single_confirm_f05_single_selected_H8_N6.csv;hourly_plot_csv/single_confirm_f10_single_selected_H4_N0.csv;hourly_plot_csv/single_confirm_f10_single_selected_H4_N2.csv;hourly_plot_csv/single_confirm_f10_single_selected_H4_N6.csv;hourly_plot_csv/single_confirm_f10_single_selected_H8_N0.csv;hourly_plot_csv/single_confirm_f10_single_selected_H8_N2.csv;hourly_plot_csv/single_confirm_f10_single_selected_H8_N6.csv;hourly_plot_csv/single_confirm_f20_single_selected_H4_N0.csv;hourly_plot_csv/single_confirm_f20_single_selected_H4_N2.csv;hourly_plot_csv/single_confirm_f20_single_selected_H4_N6.csv;hourly_plot_csv/single_confirm_f20_single_selected_H8_N0.csv;hourly_plot_csv/single_confirm_f20_single_selected_H8_N2.csv;hourly_plot_csv/single_confirm_f20_single_selected_H8_N6.csv;hourly_plot_csv/single_confirm_f40_single_selected_H4_N0.csv;hourly_plot_csv/single_confirm_f40_single_selected_H4_N2.csv;hourly_plot_csv/single_confirm_f40_single_selected_H4_N6.csv;hourly_plot_csv/single_confirm_f40_single_selected_H8_N0.csv;hourly_plot_csv/single_confirm_f40_single_selected_H8_N2.csv;hourly_plot_csv/single_confirm_f40_single_selected_H8_N6.csv;hourly_plot_csv/single_confirm_f60_single_selected_H4_N0.csv;hourly_plot_csv/single_confirm_f60_single_selected_H4_N2.csv;hourly_plot_csv/single_confirm_f60_single_selected_H4_N6.csv;hourly_plot_csv/single_confirm_f60_single_selected_H8_N0.csv;hourly_plot_csv/single_confirm_f60_single_selected_H8_N2.csv;hourly_plot_csv/single_confirm_f60_single_selected_H8_N6.csv;hourly_plot_csv/single_dev_f05_single_fraction0p5_H4_N0.csv;hourly_plot_csv/single_dev_f05_single_fraction0p5_H8_N0.csv;hourly_plot_csv/single_dev_f05_single_fraction0p75_H4_N0.csv;hourly_plot_csv/single_dev_f05_single_fraction0p75_H8_N0.csv;hourly_plot_csv/single_dev_f05_single_fraction0p9_H4_N0.csv;hourly_plot_csv/single_dev_f05_single_fraction0p9_H8_N0.csv;hourly_plot_csv/single_dev_f05_single_fraction1p0_H4_N0.csv;hourly_plot_csv/single_dev_f05_single_fraction1p0_H8_N0.csv;hourly_plot_csv/single_dev_f10_single_fraction0p5_H4_N0.csv;hourly_plot_csv/single_dev_f10_single_fraction0p5_H8_N0.csv;hourly_plot_csv/single_dev_f10_single_fraction0p75_H4_N0.csv;hourly_plot_csv/single_dev_f10_single_fraction0p75_H8_N0.csv;hourly_plot_csv/single_dev_f10_single_fraction0p9_H4_N0.csv;hourly_plot_csv/single_dev_f10_single_fraction0p9_H8_N0.csv;hourly_plot_csv/single_dev_f10_single_fraction1p0_H4_N0.csv;hourly_plot_csv/single_dev_f10_single_fraction1p0_H8_N0.csv;hourly_plot_csv/single_dev_f20_single_fraction0p5_H4_N0.csv;hourly_plot_csv/single_dev_f20_single_fraction0p5_H8_N0.csv;hourly_plot_csv/single_dev_f20_single_fraction0p75_H4_N0.csv;hourly_plot_csv/single_dev_f20_single_fraction0p75_H8_N0.csv;hourly_plot_csv/single_dev_f20_single_fraction0p9_H4_N0.csv;hourly_plot_csv/single_dev_f20_single_fraction0p9_H8_N0.csv;hourly_plot_csv/single_dev_f20_single_fraction1p0_H4_N0.csv;hourly_plot_csv/single_dev_f20_single_fraction1p0_H8_N0.csv;hourly_plot_csv/single_dev_f40_single_fraction0p5_H4_N0.csv;hourly_plot_csv/single_dev_f40_single_fraction0p5_H8_N0.csv;hourly_plot_csv/single_dev_f40_single_fraction0p75_H4_N0.csv;hourly_plot_csv/single_dev_f40_single_fraction0p75_H8_N0.csv;hourly_plot_csv/single_dev_f40_single_fraction0p9_H4_N0.csv;hourly_plot_csv/single_dev_f40_single_fraction0p9_H8_N0.csv;hourly_plot_csv/single_dev_f40_single_fraction1p0_H4_N0.csv;hourly_plot_csv/single_dev_f40_single_fraction1p0_H8_N0.csv;hourly_plot_csv/single_dev_f60_single_fraction0p5_H4_N0.csv;hourly_plot_csv/single_dev_f60_single_fraction0p5_H8_N0.csv;hourly_plot_csv/single_dev_f60_single_fraction0p75_H4_N0.csv;hourly_plot_csv/single_dev_f60_single_fraction0p75_H8_N0.csv;hourly_plot_csv/single_dev_f60_single_fraction0p9_H4_N0.csv;hourly_plot_csv/single_dev_f60_single_fraction0p9_H8_N0.csv;hourly_plot_csv/single_dev_f60_single_fraction1p0_H4_N0.csv;hourly_plot_csv/single_dev_f60_single_fraction1p0_H8_N0.csv
missed_offline_inference_gpu_h,GPU-h,Literal named model/output field; equations and criteria in current Supplementary Methods,hourly_full/*.parquet
missed_training_gpu_h,GPU-h,Literal named model/output field; equations and criteria in current Supplementary Methods,hourly_full/*.parquet
missed_work_price,see table context,Literal named model/output field; equations and criteria in current Supplementary Methods,economic_price_sensitivity.csv;economic_primary.csv;reserve_life_sensitivity.csv
mode,see table context,Literal named model/output field; equations and criteria in current Supplementary Methods,calibration_run_means.csv
near_pcc_limit_fraction,fraction,Literal named model/output field; equations and criteria in current Supplementary Methods,control_renewable_scenarios.csv;renewable_scenarios.csv
node_fixed_overhead_power_case,see table context,Literal named model/output field; equations and criteria in current Supplementary Methods,hourly_full/*.parquet
nominal_flexibility_fraction,fraction,Literal named model/output field; equations and criteria in current Supplementary Methods,control_pi_boundaries.csv;pi_boundaries.csv
nominal_flexibility_kw,kW,Literal named model/output field; equations and criteria in current Supplementary Methods,control_pi_boundaries.csv;pi_boundaries.csv
notice_h,h,Advance notice before event start,all_trial_event_outcomes.csv;control_causal_summary.csv;control_confirmation_ledgers.csv;control_pi_scenarios.csv;hourly_full/*.parquet;hourly_plot_csv/control_confirm_f10_g20_single_fixed_primary_request_H4_N0.csv;hourly_plot_csv/control_confirm_f10_g20_single_fixed_primary_request_H8_N0.csv;hourly_plot_csv/control_confirm_f10_g30_single_fixed_primary_request_H4_N0.csv;hourly_plot_csv/control_confirm_f10_g30_single_fixed_primary_request_H8_N0.csv;hourly_plot_csv/control_confirm_f10_rigid150_single_fixed_primary_request_H4_N0.csv;hourly_plot_csv/control_confirm_f10_rigid150_single_fixed_primary_request_H8_N0.csv;hourly_plot_csv/control_confirm_f10_rigid225_single_fixed_primary_request_H4_N0.csv;hourly_plot_csv/control_confirm_f10_rigid225_single_fixed_primary_request_H8_N0.csv;hourly_plot_csv/repeat_confirm_f05_H4G8_fresh0_H4_N0.csv;hourly_plot_csv/repeat_confirm_f05_H4G8_fresh1_H4_N0.csv;hourly_plot_csv/repeat_confirm_f05_H4G8_fresh2_H4_N0.csv;hourly_plot_csv/repeat_confirm_f05_H4G8_fresh3_H4_N0.csv;hourly_plot_csv/repeat_confirm_f05_H4G8_single_offer_repeated_H4_N0.csv;hourly_plot_csv/repeat_confirm_f05_H8G12_fresh0_H8_N0.csv;hourly_plot_csv/repeat_confirm_f05_H8G12_fresh1_H8_N0.csv;hourly_plot_csv/repeat_confirm_f05_H8G12_fresh2_H8_N0.csv;hourly_plot_csv/repeat_confirm_f05_H8G12_fresh3_H8_N0.csv;hourly_plot_csv/repeat_confirm_f05_H8G12_single_offer_repeated_H8_N0.csv;hourly_plot_csv/repeat_confirm_f10_H4G8_fresh0_H4_N0.csv;hourly_plot_csv/repeat_confirm_f10_H4G8_fresh1_H4_N0.csv;hourly_plot_csv/repeat_confirm_f10_H4G8_fresh2_H4_N0.csv;hourly_plot_csv/repeat_confirm_f10_H4G8_fresh3_H4_N0.csv;hourly_plot_csv/repeat_confirm_f10_H4G8_single_offer_repeated_H4_N0.csv;hourly_plot_csv/repeat_confirm_f10_H8G12_fresh0_H8_N0.csv;hourly_plot_csv/repeat_confirm_f10_H8G12_fresh1_H8_N0.csv;hourly_plot_csv/repeat_confirm_f10_H8G12_fresh2_H8_N0.csv;hourly_plot_csv/repeat_confirm_f10_H8G12_fresh3_H8_N0.csv;hourly_plot_csv/repeat_confirm_f10_H8G12_single_offer_repeated_H8_N0.csv;hourly_plot_csv/repeat_confirm_f20_H4G8_fresh0_H4_N0.csv;hourly_plot_csv/repeat_confirm_f20_H4G8_fresh1_H4_N0.csv;hourly_plot_csv/repeat_confirm_f20_H4G8_fresh2_H4_N0.csv;hourly_plot_csv/repeat_confirm_f20_H4G8_fresh3_H4_N0.csv;hourly_plot_csv/repeat_confirm_f20_H4G8_single_offer_repeated_H4_N0.csv;hourly_plot_csv/repeat_confirm_f20_H8G12_fresh0_H8_N0.csv;hourly_plot_csv/repeat_confirm_f20_H8G12_fresh1_H8_N0.csv;hourly_plot_csv/repeat_confirm_f20_H8G12_fresh2_H8_N0.csv;hourly_plot_csv/repeat_confirm_f20_H8G12_fresh3_H8_N0.csv;hourly_plot_csv/repeat_confirm_f20_H8G12_single_offer_repeated_H8_N0.csv;hourly_plot_csv/repeat_confirm_f40_H4G8_fresh0_H4_N0.csv;hourly_plot_csv/repeat_confirm_f40_H4G8_fresh1_H4_N0.csv;hourly_plot_csv/repeat_confirm_f40_H4G8_fresh2_H4_N0.csv;hourly_plot_csv/repeat_confirm_f40_H4G8_fresh3_H4_N0.csv;hourly_plot_csv/repeat_confirm_f40_H4G8_single_offer_repeated_H4_N0.csv;hourly_plot_csv/repeat_confirm_f40_H8G12_fresh0_H8_N0.csv;hourly_plot_csv/repeat_confirm_f40_H8G12_fresh1_H8_N0.csv;hourly_plot_csv/repeat_confirm_f40_H8G12_fresh2_H8_N0.csv;hourly_plot_csv/repeat_confirm_f40_H8G12_fresh3_H8_N0.csv;hourly_plot_csv/repeat_confirm_f40_H8G12_single_offer_repeated_H8_N0.csv;hourly_plot_csv/repeat_confirm_f60_H4G8_fresh0_H4_N0.csv;hourly_plot_csv/repeat_confirm_f60_H4G8_fresh1_H4_N0.csv;hourly_plot_csv/repeat_confirm_f60_H4G8_fresh2_H4_N0.csv;hourly_plot_csv/repeat_confirm_f60_H4G8_fresh3_H4_N0.csv;hourly_plot_csv/repeat_confirm_f60_H4G8_single_offer_repeated_H4_N0.csv;hourly_plot_csv/repeat_confirm_f60_H8G12_fresh0_H8_N0.csv;hourly_plot_csv/repeat_confirm_f60_H8G12_fresh1_H8_N0.csv;hourly_plot_csv/repeat_confirm_f60_H8G12_fresh2_H8_N0.csv;hourly_plot_csv/repeat_confirm_f60_H8G12_fresh3_H8_N0.csv;hourly_plot_csv/repeat_confirm_f60_H8G12_single_offer_repeated_H8_N0.csv;hourly_plot_csv/repeat_dev_f05_H4G8_fraction0p25_H4_N0.csv;hourly_plot_csv/repeat_dev_f05_H4G8_fraction0p5_H4_N0.csv;hourly_plot_csv/repeat_dev_f05_H4G8_fraction0p75_H4_N0.csv;hourly_plot_csv/repeat_dev_f05_H4G8_fraction1p0_H4_N0.csv;hourly_plot_csv/repeat_dev_f05_H8G12_fraction0p25_H8_N0.csv;hourly_plot_csv/repeat_dev_f05_H8G12_fraction0p5_H8_N0.csv;hourly_plot_csv/repeat_dev_f05_H8G12_fraction0p75_H8_N0.csv;hourly_plot_csv/repeat_dev_f05_H8G12_fraction1p0_H8_N0.csv;hourly_plot_csv/repeat_dev_f10_H4G8_fraction0p25_H4_N0.csv;hourly_plot_csv/repeat_dev_f10_H4G8_fraction0p5_H4_N0.csv;hourly_plot_csv/repeat_dev_f10_H4G8_fraction0p75_H4_N0.csv;hourly_plot_csv/repeat_dev_f10_H4G8_fraction1p0_H4_N0.csv;hourly_plot_csv/repeat_dev_f10_H8G12_fraction0p25_H8_N0.csv;hourly_plot_csv/repeat_dev_f10_H8G12_fraction0p5_H8_N0.csv;hourly_plot_csv/repeat_dev_f10_H8G12_fraction0p75_H8_N0.csv;hourly_plot_csv/repeat_dev_f10_H8G12_fraction1p0_H8_N0.csv;hourly_plot_csv/repeat_dev_f20_H4G8_fraction0p25_H4_N0.csv;hourly_plot_csv/repeat_dev_f20_H4G8_fraction0p5_H4_N0.csv;hourly_plot_csv/repeat_dev_f20_H4G8_fraction0p75_H4_N0.csv;hourly_plot_csv/repeat_dev_f20_H4G8_fraction1p0_H4_N0.csv;hourly_plot_csv/repeat_dev_f20_H8G12_fraction0p25_H8_N0.csv;hourly_plot_csv/repeat_dev_f20_H8G12_fraction0p5_H8_N0.csv;hourly_plot_csv/repeat_dev_f20_H8G12_fraction0p75_H8_N0.csv;hourly_plot_csv/repeat_dev_f20_H8G12_fraction1p0_H8_N0.csv;hourly_plot_csv/repeat_dev_f40_H4G8_fraction0p25_H4_N0.csv;hourly_plot_csv/repeat_dev_f40_H4G8_fraction0p5_H4_N0.csv;hourly_plot_csv/repeat_dev_f40_H4G8_fraction0p75_H4_N0.csv;hourly_plot_csv/repeat_dev_f40_H4G8_fraction1p0_H4_N0.csv;hourly_plot_csv/repeat_dev_f40_H8G12_fraction0p25_H8_N0.csv;hourly_plot_csv/repeat_dev_f40_H8G12_fraction0p5_H8_N0.csv;hourly_plot_csv/repeat_dev_f40_H8G12_fraction0p75_H8_N0.csv;hourly_plot_csv/repeat_dev_f40_H8G12_fraction1p0_H8_N0.csv;hourly_plot_csv/repeat_dev_f60_H4G8_fraction0p25_H4_N0.csv;hourly_plot_csv/repeat_dev_f60_H4G8_fraction0p5_H4_N0.csv;hourly_plot_csv/repeat_dev_f60_H4G8_fraction0p75_H4_N0.csv;hourly_plot_csv/repeat_dev_f60_H4G8_fraction1p0_H4_N0.csv;hourly_plot_csv/repeat_dev_f60_H8G12_fraction0p25_H8_N0.csv;hourly_plot_csv/repeat_dev_f60_H8G12_fraction0p5_H8_N0.csv;hourly_plot_csv/repeat_dev_f60_H8G12_fraction0p75_H8_N0.csv;hourly_plot_csv/repeat_dev_f60_H8G12_fraction1p0_H8_N0.csv;hourly_plot_csv/single_confirm_f05_single_selected_H4_N0.csv;hourly_plot_csv/single_confirm_f05_single_selected_H4_N2.csv;hourly_plot_csv/single_confirm_f05_single_selected_H4_N6.csv;hourly_plot_csv/single_confirm_f05_single_selected_H8_N0.csv;hourly_plot_csv/single_confirm_f05_single_selected_H8_N2.csv;hourly_plot_csv/single_confirm_f05_single_selected_H8_N6.csv;hourly_plot_csv/single_confirm_f10_single_selected_H4_N0.csv;hourly_plot_csv/single_confirm_f10_single_selected_H4_N2.csv;hourly_plot_csv/single_confirm_f10_single_selected_H4_N6.csv;hourly_plot_csv/single_confirm_f10_single_selected_H8_N0.csv;hourly_plot_csv/single_confirm_f10_single_selected_H8_N2.csv;hourly_plot_csv/single_confirm_f10_single_selected_H8_N6.csv;hourly_plot_csv/single_confirm_f20_single_selected_H4_N0.csv;hourly_plot_csv/single_confirm_f20_single_selected_H4_N2.csv;hourly_plot_csv/single_confirm_f20_single_selected_H4_N6.csv;hourly_plot_csv/single_confirm_f20_single_selected_H8_N0.csv;hourly_plot_csv/single_confirm_f20_single_selected_H8_N2.csv;hourly_plot_csv/single_confirm_f20_single_selected_H8_N6.csv;hourly_plot_csv/single_confirm_f40_single_selected_H4_N0.csv;hourly_plot_csv/single_confirm_f40_single_selected_H4_N2.csv;hourly_plot_csv/single_confirm_f40_single_selected_H4_N6.csv;hourly_plot_csv/single_confirm_f40_single_selected_H8_N0.csv;hourly_plot_csv/single_confirm_f40_single_selected_H8_N2.csv;hourly_plot_csv/single_confirm_f40_single_selected_H8_N6.csv;hourly_plot_csv/single_confirm_f60_single_selected_H4_N0.csv;hourly_plot_csv/single_confirm_f60_single_selected_H4_N2.csv;hourly_plot_csv/single_confirm_f60_single_selected_H4_N6.csv;hourly_plot_csv/single_confirm_f60_single_selected_H8_N0.csv;hourly_plot_csv/single_confirm_f60_single_selected_H8_N2.csv;hourly_plot_csv/single_confirm_f60_single_selected_H8_N6.csv;hourly_plot_csv/single_dev_f05_single_fraction0p5_H4_N0.csv;hourly_plot_csv/single_dev_f05_single_fraction0p5_H8_N0.csv;hourly_plot_csv/single_dev_f05_single_fraction0p75_H4_N0.csv;hourly_plot_csv/single_dev_f05_single_fraction0p75_H8_N0.csv;hourly_plot_csv/single_dev_f05_single_fraction0p9_H4_N0.csv;hourly_plot_csv/single_dev_f05_single_fraction0p9_H8_N0.csv;hourly_plot_csv/single_dev_f05_single_fraction1p0_H4_N0.csv;hourly_plot_csv/single_dev_f05_single_fraction1p0_H8_N0.csv;hourly_plot_csv/single_dev_f10_single_fraction0p5_H4_N0.csv;hourly_plot_csv/single_dev_f10_single_fraction0p5_H8_N0.csv;hourly_plot_csv/single_dev_f10_single_fraction0p75_H4_N0.csv;hourly_plot_csv/single_dev_f10_single_fraction0p75_H8_N0.csv;hourly_plot_csv/single_dev_f10_single_fraction0p9_H4_N0.csv;hourly_plot_csv/single_dev_f10_single_fraction0p9_H8_N0.csv;hourly_plot_csv/single_dev_f10_single_fraction1p0_H4_N0.csv;hourly_plot_csv/single_dev_f10_single_fraction1p0_H8_N0.csv;hourly_plot_csv/single_dev_f20_single_fraction0p5_H4_N0.csv;hourly_plot_csv/single_dev_f20_single_fraction0p5_H8_N0.csv;hourly_plot_csv/single_dev_f20_single_fraction0p75_H4_N0.csv;hourly_plot_csv/single_dev_f20_single_fraction0p75_H8_N0.csv;hourly_plot_csv/single_dev_f20_single_fraction0p9_H4_N0.csv;hourly_plot_csv/single_dev_f20_single_fraction0p9_H8_N0.csv;hourly_plot_csv/single_dev_f20_single_fraction1p0_H4_N0.csv;hourly_plot_csv/single_dev_f20_single_fraction1p0_H8_N0.csv;hourly_plot_csv/single_dev_f40_single_fraction0p5_H4_N0.csv;hourly_plot_csv/single_dev_f40_single_fraction0p5_H8_N0.csv;hourly_plot_csv/single_dev_f40_single_fraction0p75_H4_N0.csv;hourly_plot_csv/single_dev_f40_single_fraction0p75_H8_N0.csv;hourly_plot_csv/single_dev_f40_single_fraction0p9_H4_N0.csv;hourly_plot_csv/single_dev_f40_single_fraction0p9_H8_N0.csv;hourly_plot_csv/single_dev_f40_single_fraction1p0_H4_N0.csv;hourly_plot_csv/single_dev_f40_single_fraction1p0_H8_N0.csv;hourly_plot_csv/single_dev_f60_single_fraction0p5_H4_N0.csv;hourly_plot_csv/single_dev_f60_single_fraction0p5_H8_N0.csv;hourly_plot_csv/single_dev_f60_single_fraction0p75_H4_N0.csv;hourly_plot_csv/single_dev_f60_single_fraction0p75_H8_N0.csv;hourly_plot_csv/single_dev_f60_single_fraction0p9_H4_N0.csv;hourly_plot_csv/single_dev_f60_single_fraction0p9_H8_N0.csv;hourly_plot_csv/single_dev_f60_single_fraction1p0_H4_N0.csv;hourly_plot_csv/single_dev_f60_single_fraction1p0_H8_N0.csv;notice_paired_comparisons.csv;pi_scenarios.csv;ready_hourly_curves.csv;single_confirm_summary.csv;single_confirmation_ledgers.csv
notice_successes,see table context,Literal named model/output field; equations and criteria in current Supplementary Methods,notice_paired_comparisons.csv
objective_solve_seconds,see table context,Literal named model/output field; equations and criteria in current Supplementary Methods,control_pi_scenarios.csv;control_renewable_scenarios.csv;pi_scenarios.csv;renewable_scenarios.csv
observation_version,see table context,Literal named model/output field; equations and criteria in current Supplementary Methods,hourly_full/*.parquet
offered_kw,kW,Literal named model/output field; equations and criteria in current Supplementary Methods,economic_price_sensitivity.csv;economic_primary.csv;reserve_life_sensitivity.csv
offline_work_multiplier,see table context,Literal named model/output field; equations and criteria in current Supplementary Methods,recovery_inputs/reconstruction_index.csv
operating_peak_kw,kW,Literal named model/output field; equations and criteria in current Supplementary Methods,control_scenario_index.csv;economic_price_sensitivity.csv;economic_primary.csv;reserve_life_sensitivity.csv;scenario_index.csv
original_scenario_hash,see table context,Literal named model/output field; equations and criteria in current Supplementary Methods,recovery_inputs/reconstruction_index.csv
p05,see metric,5th scenario percentile; not a confidence bound,ready_hourly_curves.csv
p10_slack_h,h,Literal named model/output field; equations and criteria in current Supplementary Methods,hourly_full/*.parquet
p95,see metric,95th scenario percentile; not a confidence bound,ready_hourly_curves.csv
paired_difference_ci_high_pp,see table context,Literal named model/output field; equations and criteria in current Supplementary Methods,repeat_paired_comparisons.csv
paired_difference_ci_low_pp,see table context,Literal named model/output field; equations and criteria in current Supplementary Methods,repeat_paired_comparisons.csv
paired_no_response_backlog_gpu_h,GPU-h,Literal named model/output field; equations and criteria in current Supplementary Methods,hourly_full/*.parquet;hourly_plot_csv/control_confirm_f10_g20_single_fixed_primary_request_H4_N0.csv;hourly_plot_csv/control_confirm_f10_g20_single_fixed_primary_request_H8_N0.csv;hourly_plot_csv/control_confirm_f10_g30_single_fixed_primary_request_H4_N0.csv;hourly_plot_csv/control_confirm_f10_g30_single_fixed_primary_request_H8_N0.csv;hourly_plot_csv/control_confirm_f10_rigid150_single_fixed_primary_request_H4_N0.csv;hourly_plot_csv/control_confirm_f10_rigid150_single_fixed_primary_request_H8_N0.csv;hourly_plot_csv/control_confirm_f10_rigid225_single_fixed_primary_request_H4_N0.csv;hourly_plot_csv/control_confirm_f10_rigid225_single_fixed_primary_request_H8_N0.csv;hourly_plot_csv/repeat_confirm_f05_H4G8_fresh0_H4_N0.csv;hourly_plot_csv/repeat_confirm_f05_H4G8_fresh1_H4_N0.csv;hourly_plot_csv/repeat_confirm_f05_H4G8_fresh2_H4_N0.csv;hourly_plot_csv/repeat_confirm_f05_H4G8_fresh3_H4_N0.csv;hourly_plot_csv/repeat_confirm_f05_H4G8_single_offer_repeated_H4_N0.csv;hourly_plot_csv/repeat_confirm_f05_H8G12_fresh0_H8_N0.csv;hourly_plot_csv/repeat_confirm_f05_H8G12_fresh1_H8_N0.csv;hourly_plot_csv/repeat_confirm_f05_H8G12_fresh2_H8_N0.csv;hourly_plot_csv/repeat_confirm_f05_H8G12_fresh3_H8_N0.csv;hourly_plot_csv/repeat_confirm_f05_H8G12_single_offer_repeated_H8_N0.csv;hourly_plot_csv/repeat_confirm_f10_H4G8_fresh0_H4_N0.csv;hourly_plot_csv/repeat_confirm_f10_H4G8_fresh1_H4_N0.csv;hourly_plot_csv/repeat_confirm_f10_H4G8_fresh2_H4_N0.csv;hourly_plot_csv/repeat_confirm_f10_H4G8_fresh3_H4_N0.csv;hourly_plot_csv/repeat_confirm_f10_H4G8_single_offer_repeated_H4_N0.csv;hourly_plot_csv/repeat_confirm_f10_H8G12_fresh0_H8_N0.csv;hourly_plot_csv/repeat_confirm_f10_H8G12_fresh1_H8_N0.csv;hourly_plot_csv/repeat_confirm_f10_H8G12_fresh2_H8_N0.csv;hourly_plot_csv/repeat_confirm_f10_H8G12_fresh3_H8_N0.csv;hourly_plot_csv/repeat_confirm_f10_H8G12_single_offer_repeated_H8_N0.csv;hourly_plot_csv/repeat_confirm_f20_H4G8_fresh0_H4_N0.csv;hourly_plot_csv/repeat_confirm_f20_H4G8_fresh1_H4_N0.csv;hourly_plot_csv/repeat_confirm_f20_H4G8_fresh2_H4_N0.csv;hourly_plot_csv/repeat_confirm_f20_H4G8_fresh3_H4_N0.csv;hourly_plot_csv/repeat_confirm_f20_H4G8_single_offer_repeated_H4_N0.csv;hourly_plot_csv/repeat_confirm_f20_H8G12_fresh0_H8_N0.csv;hourly_plot_csv/repeat_confirm_f20_H8G12_fresh1_H8_N0.csv;hourly_plot_csv/repeat_confirm_f20_H8G12_fresh2_H8_N0.csv;hourly_plot_csv/repeat_confirm_f20_H8G12_fresh3_H8_N0.csv;hourly_plot_csv/repeat_confirm_f20_H8G12_single_offer_repeated_H8_N0.csv;hourly_plot_csv/repeat_confirm_f40_H4G8_fresh0_H4_N0.csv;hourly_plot_csv/repeat_confirm_f40_H4G8_fresh1_H4_N0.csv;hourly_plot_csv/repeat_confirm_f40_H4G8_fresh2_H4_N0.csv;hourly_plot_csv/repeat_confirm_f40_H4G8_fresh3_H4_N0.csv;hourly_plot_csv/repeat_confirm_f40_H4G8_single_offer_repeated_H4_N0.csv;hourly_plot_csv/repeat_confirm_f40_H8G12_fresh0_H8_N0.csv;hourly_plot_csv/repeat_confirm_f40_H8G12_fresh1_H8_N0.csv;hourly_plot_csv/repeat_confirm_f40_H8G12_fresh2_H8_N0.csv;hourly_plot_csv/repeat_confirm_f40_H8G12_fresh3_H8_N0.csv;hourly_plot_csv/repeat_confirm_f40_H8G12_single_offer_repeated_H8_N0.csv;hourly_plot_csv/repeat_confirm_f60_H4G8_fresh0_H4_N0.csv;hourly_plot_csv/repeat_confirm_f60_H4G8_fresh1_H4_N0.csv;hourly_plot_csv/repeat_confirm_f60_H4G8_fresh2_H4_N0.csv;hourly_plot_csv/repeat_confirm_f60_H4G8_fresh3_H4_N0.csv;hourly_plot_csv/repeat_confirm_f60_H4G8_single_offer_repeated_H4_N0.csv;hourly_plot_csv/repeat_confirm_f60_H8G12_fresh0_H8_N0.csv;hourly_plot_csv/repeat_confirm_f60_H8G12_fresh1_H8_N0.csv;hourly_plot_csv/repeat_confirm_f60_H8G12_fresh2_H8_N0.csv;hourly_plot_csv/repeat_confirm_f60_H8G12_fresh3_H8_N0.csv;hourly_plot_csv/repeat_confirm_f60_H8G12_single_offer_repeated_H8_N0.csv;hourly_plot_csv/repeat_dev_f05_H4G8_fraction0p25_H4_N0.csv;hourly_plot_csv/repeat_dev_f05_H4G8_fraction0p5_H4_N0.csv;hourly_plot_csv/repeat_dev_f05_H4G8_fraction0p75_H4_N0.csv;hourly_plot_csv/repeat_dev_f05_H4G8_fraction1p0_H4_N0.csv;hourly_plot_csv/repeat_dev_f05_H8G12_fraction0p25_H8_N0.csv;hourly_plot_csv/repeat_dev_f05_H8G12_fraction0p5_H8_N0.csv;hourly_plot_csv/repeat_dev_f05_H8G12_fraction0p75_H8_N0.csv;hourly_plot_csv/repeat_dev_f05_H8G12_fraction1p0_H8_N0.csv;hourly_plot_csv/repeat_dev_f10_H4G8_fraction0p25_H4_N0.csv;hourly_plot_csv/repeat_dev_f10_H4G8_fraction0p5_H4_N0.csv;hourly_plot_csv/repeat_dev_f10_H4G8_fraction0p75_H4_N0.csv;hourly_plot_csv/repeat_dev_f10_H4G8_fraction1p0_H4_N0.csv;hourly_plot_csv/repeat_dev_f10_H8G12_fraction0p25_H8_N0.csv;hourly_plot_csv/repeat_dev_f10_H8G12_fraction0p5_H8_N0.csv;hourly_plot_csv/repeat_dev_f10_H8G12_fraction0p75_H8_N0.csv;hourly_plot_csv/repeat_dev_f10_H8G12_fraction1p0_H8_N0.csv;hourly_plot_csv/repeat_dev_f20_H4G8_fraction0p25_H4_N0.csv;hourly_plot_csv/repeat_dev_f20_H4G8_fraction0p5_H4_N0.csv;hourly_plot_csv/repeat_dev_f20_H4G8_fraction0p75_H4_N0.csv;hourly_plot_csv/repeat_dev_f20_H4G8_fraction1p0_H4_N0.csv;hourly_plot_csv/repeat_dev_f20_H8G12_fraction0p25_H8_N0.csv;hourly_plot_csv/repeat_dev_f20_H8G12_fraction0p5_H8_N0.csv;hourly_plot_csv/repeat_dev_f20_H8G12_fraction0p75_H8_N0.csv;hourly_plot_csv/repeat_dev_f20_H8G12_fraction1p0_H8_N0.csv;hourly_plot_csv/repeat_dev_f40_H4G8_fraction0p25_H4_N0.csv;hourly_plot_csv/repeat_dev_f40_H4G8_fraction0p5_H4_N0.csv;hourly_plot_csv/repeat_dev_f40_H4G8_fraction0p75_H4_N0.csv;hourly_plot_csv/repeat_dev_f40_H4G8_fraction1p0_H4_N0.csv;hourly_plot_csv/repeat_dev_f40_H8G12_fraction0p25_H8_N0.csv;hourly_plot_csv/repeat_dev_f40_H8G12_fraction0p5_H8_N0.csv;hourly_plot_csv/repeat_dev_f40_H8G12_fraction0p75_H8_N0.csv;hourly_plot_csv/repeat_dev_f40_H8G12_fraction1p0_H8_N0.csv;hourly_plot_csv/repeat_dev_f60_H4G8_fraction0p25_H4_N0.csv;hourly_plot_csv/repeat_dev_f60_H4G8_fraction0p5_H4_N0.csv;hourly_plot_csv/repeat_dev_f60_H4G8_fraction0p75_H4_N0.csv;hourly_plot_csv/repeat_dev_f60_H4G8_fraction1p0_H4_N0.csv;hourly_plot_csv/repeat_dev_f60_H8G12_fraction0p25_H8_N0.csv;hourly_plot_csv/repeat_dev_f60_H8G12_fraction0p5_H8_N0.csv;hourly_plot_csv/repeat_dev_f60_H8G12_fraction0p75_H8_N0.csv;hourly_plot_csv/repeat_dev_f60_H8G12_fraction1p0_H8_N0.csv;hourly_plot_csv/single_confirm_f05_single_selected_H4_N0.csv;hourly_plot_csv/single_confirm_f05_single_selected_H4_N2.csv;hourly_plot_csv/single_confirm_f05_single_selected_H4_N6.csv;hourly_plot_csv/single_confirm_f05_single_selected_H8_N0.csv;hourly_plot_csv/single_confirm_f05_single_selected_H8_N2.csv;hourly_plot_csv/single_confirm_f05_single_selected_H8_N6.csv;hourly_plot_csv/single_confirm_f10_single_selected_H4_N0.csv;hourly_plot_csv/single_confirm_f10_single_selected_H4_N2.csv;hourly_plot_csv/single_confirm_f10_single_selected_H4_N6.csv;hourly_plot_csv/single_confirm_f10_single_selected_H8_N0.csv;hourly_plot_csv/single_confirm_f10_single_selected_H8_N2.csv;hourly_plot_csv/single_confirm_f10_single_selected_H8_N6.csv;hourly_plot_csv/single_confirm_f20_single_selected_H4_N0.csv;hourly_plot_csv/single_confirm_f20_single_selected_H4_N2.csv;hourly_plot_csv/single_confirm_f20_single_selected_H4_N6.csv;hourly_plot_csv/single_confirm_f20_single_selected_H8_N0.csv;hourly_plot_csv/single_confirm_f20_single_selected_H8_N2.csv;hourly_plot_csv/single_confirm_f20_single_selected_H8_N6.csv;hourly_plot_csv/single_confirm_f40_single_selected_H4_N0.csv;hourly_plot_csv/single_confirm_f40_single_selected_H4_N2.csv;hourly_plot_csv/single_confirm_f40_single_selected_H4_N6.csv;hourly_plot_csv/single_confirm_f40_single_selected_H8_N0.csv;hourly_plot_csv/single_confirm_f40_single_selected_H8_N2.csv;hourly_plot_csv/single_confirm_f40_single_selected_H8_N6.csv;hourly_plot_csv/single_confirm_f60_single_selected_H4_N0.csv;hourly_plot_csv/single_confirm_f60_single_selected_H4_N2.csv;hourly_plot_csv/single_confirm_f60_single_selected_H4_N6.csv;hourly_plot_csv/single_confirm_f60_single_selected_H8_N0.csv;hourly_plot_csv/single_confirm_f60_single_selected_H8_N2.csv;hourly_plot_csv/single_confirm_f60_single_selected_H8_N6.csv;hourly_plot_csv/single_dev_f05_single_fraction0p5_H4_N0.csv;hourly_plot_csv/single_dev_f05_single_fraction0p5_H8_N0.csv;hourly_plot_csv/single_dev_f05_single_fraction0p75_H4_N0.csv;hourly_plot_csv/single_dev_f05_single_fraction0p75_H8_N0.csv;hourly_plot_csv/single_dev_f05_single_fraction0p9_H4_N0.csv;hourly_plot_csv/single_dev_f05_single_fraction0p9_H8_N0.csv;hourly_plot_csv/single_dev_f05_single_fraction1p0_H4_N0.csv;hourly_plot_csv/single_dev_f05_single_fraction1p0_H8_N0.csv;hourly_plot_csv/single_dev_f10_single_fraction0p5_H4_N0.csv;hourly_plot_csv/single_dev_f10_single_fraction0p5_H8_N0.csv;hourly_plot_csv/single_dev_f10_single_fraction0p75_H4_N0.csv;hourly_plot_csv/single_dev_f10_single_fraction0p75_H8_N0.csv;hourly_plot_csv/single_dev_f10_single_fraction0p9_H4_N0.csv;hourly_plot_csv/single_dev_f10_single_fraction0p9_H8_N0.csv;hourly_plot_csv/single_dev_f10_single_fraction1p0_H4_N0.csv;hourly_plot_csv/single_dev_f10_single_fraction1p0_H8_N0.csv;hourly_plot_csv/single_dev_f20_single_fraction0p5_H4_N0.csv;hourly_plot_csv/single_dev_f20_single_fraction0p5_H8_N0.csv;hourly_plot_csv/single_dev_f20_single_fraction0p75_H4_N0.csv;hourly_plot_csv/single_dev_f20_single_fraction0p75_H8_N0.csv;hourly_plot_csv/single_dev_f20_single_fraction0p9_H4_N0.csv;hourly_plot_csv/single_dev_f20_single_fraction0p9_H8_N0.csv;hourly_plot_csv/single_dev_f20_single_fraction1p0_H4_N0.csv;hourly_plot_csv/single_dev_f20_single_fraction1p0_H8_N0.csv;hourly_plot_csv/single_dev_f40_single_fraction0p5_H4_N0.csv;hourly_plot_csv/single_dev_f40_single_fraction0p5_H8_N0.csv;hourly_plot_csv/single_dev_f40_single_fraction0p75_H4_N0.csv;hourly_plot_csv/single_dev_f40_single_fraction0p75_H8_N0.csv;hourly_plot_csv/single_dev_f40_single_fraction0p9_H4_N0.csv;hourly_plot_csv/single_dev_f40_single_fraction0p9_H8_N0.csv;hourly_plot_csv/single_dev_f40_single_fraction1p0_H4_N0.csv;hourly_plot_csv/single_dev_f40_single_fraction1p0_H8_N0.csv;hourly_plot_csv/single_dev_f60_single_fraction0p5_H4_N0.csv;hourly_plot_csv/single_dev_f60_single_fraction0p5_H8_N0.csv;hourly_plot_csv/single_dev_f60_single_fraction0p75_H4_N0.csv;hourly_plot_csv/single_dev_f60_single_fraction0p75_H8_N0.csv;hourly_plot_csv/single_dev_f60_single_fraction0p9_H4_N0.csv;hourly_plot_csv/single_dev_f60_single_fraction0p9_H8_N0.csv;hourly_plot_csv/single_dev_f60_single_fraction1p0_H4_N0.csv;hourly_plot_csv/single_dev_f60_single_fraction1p0_H8_N0.csv
paired_no_response_compute_debt_kwh,kWh,Literal named model/output field; equations and criteria in current Supplementary Methods,hourly_full/*.parquet;hourly_plot_csv/control_confirm_f10_g20_single_fixed_primary_request_H4_N0.csv;hourly_plot_csv/control_confirm_f10_g20_single_fixed_primary_request_H8_N0.csv;hourly_plot_csv/control_confirm_f10_g30_single_fixed_primary_request_H4_N0.csv;hourly_plot_csv/control_confirm_f10_g30_single_fixed_primary_request_H8_N0.csv;hourly_plot_csv/control_confirm_f10_rigid150_single_fixed_primary_request_H4_N0.csv;hourly_plot_csv/control_confirm_f10_rigid150_single_fixed_primary_request_H8_N0.csv;hourly_plot_csv/control_confirm_f10_rigid225_single_fixed_primary_request_H4_N0.csv;hourly_plot_csv/control_confirm_f10_rigid225_single_fixed_primary_request_H8_N0.csv;hourly_plot_csv/repeat_confirm_f05_H4G8_fresh0_H4_N0.csv;hourly_plot_csv/repeat_confirm_f05_H4G8_fresh1_H4_N0.csv;hourly_plot_csv/repeat_confirm_f05_H4G8_fresh2_H4_N0.csv;hourly_plot_csv/repeat_confirm_f05_H4G8_fresh3_H4_N0.csv;hourly_plot_csv/repeat_confirm_f05_H4G8_single_offer_repeated_H4_N0.csv;hourly_plot_csv/repeat_confirm_f05_H8G12_fresh0_H8_N0.csv;hourly_plot_csv/repeat_confirm_f05_H8G12_fresh1_H8_N0.csv;hourly_plot_csv/repeat_confirm_f05_H8G12_fresh2_H8_N0.csv;hourly_plot_csv/repeat_confirm_f05_H8G12_fresh3_H8_N0.csv;hourly_plot_csv/repeat_confirm_f05_H8G12_single_offer_repeated_H8_N0.csv;hourly_plot_csv/repeat_confirm_f10_H4G8_fresh0_H4_N0.csv;hourly_plot_csv/repeat_confirm_f10_H4G8_fresh1_H4_N0.csv;hourly_plot_csv/repeat_confirm_f10_H4G8_fresh2_H4_N0.csv;hourly_plot_csv/repeat_confirm_f10_H4G8_fresh3_H4_N0.csv;hourly_plot_csv/repeat_confirm_f10_H4G8_single_offer_repeated_H4_N0.csv;hourly_plot_csv/repeat_confirm_f10_H8G12_fresh0_H8_N0.csv;hourly_plot_csv/repeat_confirm_f10_H8G12_fresh1_H8_N0.csv;hourly_plot_csv/repeat_confirm_f10_H8G12_fresh2_H8_N0.csv;hourly_plot_csv/repeat_confirm_f10_H8G12_fresh3_H8_N0.csv;hourly_plot_csv/repeat_confirm_f10_H8G12_single_offer_repeated_H8_N0.csv;hourly_plot_csv/repeat_confirm_f20_H4G8_fresh0_H4_N0.csv;hourly_plot_csv/repeat_confirm_f20_H4G8_fresh1_H4_N0.csv;hourly_plot_csv/repeat_confirm_f20_H4G8_fresh2_H4_N0.csv;hourly_plot_csv/repeat_confirm_f20_H4G8_fresh3_H4_N0.csv;hourly_plot_csv/repeat_confirm_f20_H4G8_single_offer_repeated_H4_N0.csv;hourly_plot_csv/repeat_confirm_f20_H8G12_fresh0_H8_N0.csv;hourly_plot_csv/repeat_confirm_f20_H8G12_fresh1_H8_N0.csv;hourly_plot_csv/repeat_confirm_f20_H8G12_fresh2_H8_N0.csv;hourly_plot_csv/repeat_confirm_f20_H8G12_fresh3_H8_N0.csv;hourly_plot_csv/repeat_confirm_f20_H8G12_single_offer_repeated_H8_N0.csv;hourly_plot_csv/repeat_confirm_f40_H4G8_fresh0_H4_N0.csv;hourly_plot_csv/repeat_confirm_f40_H4G8_fresh1_H4_N0.csv;hourly_plot_csv/repeat_confirm_f40_H4G8_fresh2_H4_N0.csv;hourly_plot_csv/repeat_confirm_f40_H4G8_fresh3_H4_N0.csv;hourly_plot_csv/repeat_confirm_f40_H4G8_single_offer_repeated_H4_N0.csv;hourly_plot_csv/repeat_confirm_f40_H8G12_fresh0_H8_N0.csv;hourly_plot_csv/repeat_confirm_f40_H8G12_fresh1_H8_N0.csv;hourly_plot_csv/repeat_confirm_f40_H8G12_fresh2_H8_N0.csv;hourly_plot_csv/repeat_confirm_f40_H8G12_fresh3_H8_N0.csv;hourly_plot_csv/repeat_confirm_f40_H8G12_single_offer_repeated_H8_N0.csv;hourly_plot_csv/repeat_confirm_f60_H4G8_fresh0_H4_N0.csv;hourly_plot_csv/repeat_confirm_f60_H4G8_fresh1_H4_N0.csv;hourly_plot_csv/repeat_confirm_f60_H4G8_fresh2_H4_N0.csv;hourly_plot_csv/repeat_confirm_f60_H4G8_fresh3_H4_N0.csv;hourly_plot_csv/repeat_confirm_f60_H4G8_single_offer_repeated_H4_N0.csv;hourly_plot_csv/repeat_confirm_f60_H8G12_fresh0_H8_N0.csv;hourly_plot_csv/repeat_confirm_f60_H8G12_fresh1_H8_N0.csv;hourly_plot_csv/repeat_confirm_f60_H8G12_fresh2_H8_N0.csv;hourly_plot_csv/repeat_confirm_f60_H8G12_fresh3_H8_N0.csv;hourly_plot_csv/repeat_confirm_f60_H8G12_single_offer_repeated_H8_N0.csv;hourly_plot_csv/repeat_dev_f05_H4G8_fraction0p25_H4_N0.csv;hourly_plot_csv/repeat_dev_f05_H4G8_fraction0p5_H4_N0.csv;hourly_plot_csv/repeat_dev_f05_H4G8_fraction0p75_H4_N0.csv;hourly_plot_csv/repeat_dev_f05_H4G8_fraction1p0_H4_N0.csv;hourly_plot_csv/repeat_dev_f05_H8G12_fraction0p25_H8_N0.csv;hourly_plot_csv/repeat_dev_f05_H8G12_fraction0p5_H8_N0.csv;hourly_plot_csv/repeat_dev_f05_H8G12_fraction0p75_H8_N0.csv;hourly_plot_csv/repeat_dev_f05_H8G12_fraction1p0_H8_N0.csv;hourly_plot_csv/repeat_dev_f10_H4G8_fraction0p25_H4_N0.csv;hourly_plot_csv/repeat_dev_f10_H4G8_fraction0p5_H4_N0.csv;hourly_plot_csv/repeat_dev_f10_H4G8_fraction0p75_H4_N0.csv;hourly_plot_csv/repeat_dev_f10_H4G8_fraction1p0_H4_N0.csv;hourly_plot_csv/repeat_dev_f10_H8G12_fraction0p25_H8_N0.csv;hourly_plot_csv/repeat_dev_f10_H8G12_fraction0p5_H8_N0.csv;hourly_plot_csv/repeat_dev_f10_H8G12_fraction0p75_H8_N0.csv;hourly_plot_csv/repeat_dev_f10_H8G12_fraction1p0_H8_N0.csv;hourly_plot_csv/repeat_dev_f20_H4G8_fraction0p25_H4_N0.csv;hourly_plot_csv/repeat_dev_f20_H4G8_fraction0p5_H4_N0.csv;hourly_plot_csv/repeat_dev_f20_H4G8_fraction0p75_H4_N0.csv;hourly_plot_csv/repeat_dev_f20_H4G8_fraction1p0_H4_N0.csv;hourly_plot_csv/repeat_dev_f20_H8G12_fraction0p25_H8_N0.csv;hourly_plot_csv/repeat_dev_f20_H8G12_fraction0p5_H8_N0.csv;hourly_plot_csv/repeat_dev_f20_H8G12_fraction0p75_H8_N0.csv;hourly_plot_csv/repeat_dev_f20_H8G12_fraction1p0_H8_N0.csv;hourly_plot_csv/repeat_dev_f40_H4G8_fraction0p25_H4_N0.csv;hourly_plot_csv/repeat_dev_f40_H4G8_fraction0p5_H4_N0.csv;hourly_plot_csv/repeat_dev_f40_H4G8_fraction0p75_H4_N0.csv;hourly_plot_csv/repeat_dev_f40_H4G8_fraction1p0_H4_N0.csv;hourly_plot_csv/repeat_dev_f40_H8G12_fraction0p25_H8_N0.csv;hourly_plot_csv/repeat_dev_f40_H8G12_fraction0p5_H8_N0.csv;hourly_plot_csv/repeat_dev_f40_H8G12_fraction0p75_H8_N0.csv;hourly_plot_csv/repeat_dev_f40_H8G12_fraction1p0_H8_N0.csv;hourly_plot_csv/repeat_dev_f60_H4G8_fraction0p25_H4_N0.csv;hourly_plot_csv/repeat_dev_f60_H4G8_fraction0p5_H4_N0.csv;hourly_plot_csv/repeat_dev_f60_H4G8_fraction0p75_H4_N0.csv;hourly_plot_csv/repeat_dev_f60_H4G8_fraction1p0_H4_N0.csv;hourly_plot_csv/repeat_dev_f60_H8G12_fraction0p25_H8_N0.csv;hourly_plot_csv/repeat_dev_f60_H8G12_fraction0p5_H8_N0.csv;hourly_plot_csv/repeat_dev_f60_H8G12_fraction0p75_H8_N0.csv;hourly_plot_csv/repeat_dev_f60_H8G12_fraction1p0_H8_N0.csv;hourly_plot_csv/single_confirm_f05_single_selected_H4_N0.csv;hourly_plot_csv/single_confirm_f05_single_selected_H4_N2.csv;hourly_plot_csv/single_confirm_f05_single_selected_H4_N6.csv;hourly_plot_csv/single_confirm_f05_single_selected_H8_N0.csv;hourly_plot_csv/single_confirm_f05_single_selected_H8_N2.csv;hourly_plot_csv/single_confirm_f05_single_selected_H8_N6.csv;hourly_plot_csv/single_confirm_f10_single_selected_H4_N0.csv;hourly_plot_csv/single_confirm_f10_single_selected_H4_N2.csv;hourly_plot_csv/single_confirm_f10_single_selected_H4_N6.csv;hourly_plot_csv/single_confirm_f10_single_selected_H8_N0.csv;hourly_plot_csv/single_confirm_f10_single_selected_H8_N2.csv;hourly_plot_csv/single_confirm_f10_single_selected_H8_N6.csv;hourly_plot_csv/single_confirm_f20_single_selected_H4_N0.csv;hourly_plot_csv/single_confirm_f20_single_selected_H4_N2.csv;hourly_plot_csv/single_confirm_f20_single_selected_H4_N6.csv;hourly_plot_csv/single_confirm_f20_single_selected_H8_N0.csv;hourly_plot_csv/single_confirm_f20_single_selected_H8_N2.csv;hourly_plot_csv/single_confirm_f20_single_selected_H8_N6.csv;hourly_plot_csv/single_confirm_f40_single_selected_H4_N0.csv;hourly_plot_csv/single_confirm_f40_single_selected_H4_N2.csv;hourly_plot_csv/single_confirm_f40_single_selected_H4_N6.csv;hourly_plot_csv/single_confirm_f40_single_selected_H8_N0.csv;hourly_plot_csv/single_confirm_f40_single_selected_H8_N2.csv;hourly_plot_csv/single_confirm_f40_single_selected_H8_N6.csv;hourly_plot_csv/single_confirm_f60_single_selected_H4_N0.csv;hourly_plot_csv/single_confirm_f60_single_selected_H4_N2.csv;hourly_plot_csv/single_confirm_f60_single_selected_H4_N6.csv;hourly_plot_csv/single_confirm_f60_single_selected_H8_N0.csv;hourly_plot_csv/single_confirm_f60_single_selected_H8_N2.csv;hourly_plot_csv/single_confirm_f60_single_selected_H8_N6.csv;hourly_plot_csv/single_dev_f05_single_fraction0p5_H4_N0.csv;hourly_plot_csv/single_dev_f05_single_fraction0p5_H8_N0.csv;hourly_plot_csv/single_dev_f05_single_fraction0p75_H4_N0.csv;hourly_plot_csv/single_dev_f05_single_fraction0p75_H8_N0.csv;hourly_plot_csv/single_dev_f05_single_fraction0p9_H4_N0.csv;hourly_plot_csv/single_dev_f05_single_fraction0p9_H8_N0.csv;hourly_plot_csv/single_dev_f05_single_fraction1p0_H4_N0.csv;hourly_plot_csv/single_dev_f05_single_fraction1p0_H8_N0.csv;hourly_plot_csv/single_dev_f10_single_fraction0p5_H4_N0.csv;hourly_plot_csv/single_dev_f10_single_fraction0p5_H8_N0.csv;hourly_plot_csv/single_dev_f10_single_fraction0p75_H4_N0.csv;hourly_plot_csv/single_dev_f10_single_fraction0p75_H8_N0.csv;hourly_plot_csv/single_dev_f10_single_fraction0p9_H4_N0.csv;hourly_plot_csv/single_dev_f10_single_fraction0p9_H8_N0.csv;hourly_plot_csv/single_dev_f10_single_fraction1p0_H4_N0.csv;hourly_plot_csv/single_dev_f10_single_fraction1p0_H8_N0.csv;hourly_plot_csv/single_dev_f20_single_fraction0p5_H4_N0.csv;hourly_plot_csv/single_dev_f20_single_fraction0p5_H8_N0.csv;hourly_plot_csv/single_dev_f20_single_fraction0p75_H4_N0.csv;hourly_plot_csv/single_dev_f20_single_fraction0p75_H8_N0.csv;hourly_plot_csv/single_dev_f20_single_fraction0p9_H4_N0.csv;hourly_plot_csv/single_dev_f20_single_fraction0p9_H8_N0.csv;hourly_plot_csv/single_dev_f20_single_fraction1p0_H4_N0.csv;hourly_plot_csv/single_dev_f20_single_fraction1p0_H8_N0.csv;hourly_plot_csv/single_dev_f40_single_fraction0p5_H4_N0.csv;hourly_plot_csv/single_dev_f40_single_fraction0p5_H8_N0.csv;hourly_plot_csv/single_dev_f40_single_fraction0p75_H4_N0.csv;hourly_plot_csv/single_dev_f40_single_fraction0p75_H8_N0.csv;hourly_plot_csv/single_dev_f40_single_fraction0p9_H4_N0.csv;hourly_plot_csv/single_dev_f40_single_fraction0p9_H8_N0.csv;hourly_plot_csv/single_dev_f40_single_fraction1p0_H4_N0.csv;hourly_plot_csv/single_dev_f40_single_fraction1p0_H8_N0.csv;hourly_plot_csv/single_dev_f60_single_fraction0p5_H4_N0.csv;hourly_plot_csv/single_dev_f60_single_fraction0p5_H8_N0.csv;hourly_plot_csv/single_dev_f60_single_fraction0p75_H4_N0.csv;hourly_plot_csv/single_dev_f60_single_fraction0p75_H8_N0.csv;hourly_plot_csv/single_dev_f60_single_fraction0p9_H4_N0.csv;hourly_plot_csv/single_dev_f60_single_fraction0p9_H8_N0.csv;hourly_plot_csv/single_dev_f60_single_fraction1p0_H4_N0.csv;hourly_plot_csv/single_dev_f60_single_fraction1p0_H8_N0.csv
paired_no_response_dc_power_kw,kW,Literal named model/output field; equations and criteria in current Supplementary Methods,hourly_full/*.parquet;hourly_plot_csv/control_confirm_f10_g20_single_fixed_primary_request_H4_N0.csv;hourly_plot_csv/control_confirm_f10_g20_single_fixed_primary_request_H8_N0.csv;hourly_plot_csv/control_confirm_f10_g30_single_fixed_primary_request_H4_N0.csv;hourly_plot_csv/control_confirm_f10_g30_single_fixed_primary_request_H8_N0.csv;hourly_plot_csv/control_confirm_f10_rigid150_single_fixed_primary_request_H4_N0.csv;hourly_plot_csv/control_confirm_f10_rigid150_single_fixed_primary_request_H8_N0.csv;hourly_plot_csv/control_confirm_f10_rigid225_single_fixed_primary_request_H4_N0.csv;hourly_plot_csv/control_confirm_f10_rigid225_single_fixed_primary_request_H8_N0.csv;hourly_plot_csv/repeat_confirm_f05_H4G8_fresh0_H4_N0.csv;hourly_plot_csv/repeat_confirm_f05_H4G8_fresh1_H4_N0.csv;hourly_plot_csv/repeat_confirm_f05_H4G8_fresh2_H4_N0.csv;hourly_plot_csv/repeat_confirm_f05_H4G8_fresh3_H4_N0.csv;hourly_plot_csv/repeat_confirm_f05_H4G8_single_offer_repeated_H4_N0.csv;hourly_plot_csv/repeat_confirm_f05_H8G12_fresh0_H8_N0.csv;hourly_plot_csv/repeat_confirm_f05_H8G12_fresh1_H8_N0.csv;hourly_plot_csv/repeat_confirm_f05_H8G12_fresh2_H8_N0.csv;hourly_plot_csv/repeat_confirm_f05_H8G12_fresh3_H8_N0.csv;hourly_plot_csv/repeat_confirm_f05_H8G12_single_offer_repeated_H8_N0.csv;hourly_plot_csv/repeat_confirm_f10_H4G8_fresh0_H4_N0.csv;hourly_plot_csv/repeat_confirm_f10_H4G8_fresh1_H4_N0.csv;hourly_plot_csv/repeat_confirm_f10_H4G8_fresh2_H4_N0.csv;hourly_plot_csv/repeat_confirm_f10_H4G8_fresh3_H4_N0.csv;hourly_plot_csv/repeat_confirm_f10_H4G8_single_offer_repeated_H4_N0.csv;hourly_plot_csv/repeat_confirm_f10_H8G12_fresh0_H8_N0.csv;hourly_plot_csv/repeat_confirm_f10_H8G12_fresh1_H8_N0.csv;hourly_plot_csv/repeat_confirm_f10_H8G12_fresh2_H8_N0.csv;hourly_plot_csv/repeat_confirm_f10_H8G12_fresh3_H8_N0.csv;hourly_plot_csv/repeat_confirm_f10_H8G12_single_offer_repeated_H8_N0.csv;hourly_plot_csv/repeat_confirm_f20_H4G8_fresh0_H4_N0.csv;hourly_plot_csv/repeat_confirm_f20_H4G8_fresh1_H4_N0.csv;hourly_plot_csv/repeat_confirm_f20_H4G8_fresh2_H4_N0.csv;hourly_plot_csv/repeat_confirm_f20_H4G8_fresh3_H4_N0.csv;hourly_plot_csv/repeat_confirm_f20_H4G8_single_offer_repeated_H4_N0.csv;hourly_plot_csv/repeat_confirm_f20_H8G12_fresh0_H8_N0.csv;hourly_plot_csv/repeat_confirm_f20_H8G12_fresh1_H8_N0.csv;hourly_plot_csv/repeat_confirm_f20_H8G12_fresh2_H8_N0.csv;hourly_plot_csv/repeat_confirm_f20_H8G12_fresh3_H8_N0.csv;hourly_plot_csv/repeat_confirm_f20_H8G12_single_offer_repeated_H8_N0.csv;hourly_plot_csv/repeat_confirm_f40_H4G8_fresh0_H4_N0.csv;hourly_plot_csv/repeat_confirm_f40_H4G8_fresh1_H4_N0.csv;hourly_plot_csv/repeat_confirm_f40_H4G8_fresh2_H4_N0.csv;hourly_plot_csv/repeat_confirm_f40_H4G8_fresh3_H4_N0.csv;hourly_plot_csv/repeat_confirm_f40_H4G8_single_offer_repeated_H4_N0.csv;hourly_plot_csv/repeat_confirm_f40_H8G12_fresh0_H8_N0.csv;hourly_plot_csv/repeat_confirm_f40_H8G12_fresh1_H8_N0.csv;hourly_plot_csv/repeat_confirm_f40_H8G12_fresh2_H8_N0.csv;hourly_plot_csv/repeat_confirm_f40_H8G12_fresh3_H8_N0.csv;hourly_plot_csv/repeat_confirm_f40_H8G12_single_offer_repeated_H8_N0.csv;hourly_plot_csv/repeat_confirm_f60_H4G8_fresh0_H4_N0.csv;hourly_plot_csv/repeat_confirm_f60_H4G8_fresh1_H4_N0.csv;hourly_plot_csv/repeat_confirm_f60_H4G8_fresh2_H4_N0.csv;hourly_plot_csv/repeat_confirm_f60_H4G8_fresh3_H4_N0.csv;hourly_plot_csv/repeat_confirm_f60_H4G8_single_offer_repeated_H4_N0.csv;hourly_plot_csv/repeat_confirm_f60_H8G12_fresh0_H8_N0.csv;hourly_plot_csv/repeat_confirm_f60_H8G12_fresh1_H8_N0.csv;hourly_plot_csv/repeat_confirm_f60_H8G12_fresh2_H8_N0.csv;hourly_plot_csv/repeat_confirm_f60_H8G12_fresh3_H8_N0.csv;hourly_plot_csv/repeat_confirm_f60_H8G12_single_offer_repeated_H8_N0.csv;hourly_plot_csv/repeat_dev_f05_H4G8_fraction0p25_H4_N0.csv;hourly_plot_csv/repeat_dev_f05_H4G8_fraction0p5_H4_N0.csv;hourly_plot_csv/repeat_dev_f05_H4G8_fraction0p75_H4_N0.csv;hourly_plot_csv/repeat_dev_f05_H4G8_fraction1p0_H4_N0.csv;hourly_plot_csv/repeat_dev_f05_H8G12_fraction0p25_H8_N0.csv;hourly_plot_csv/repeat_dev_f05_H8G12_fraction0p5_H8_N0.csv;hourly_plot_csv/repeat_dev_f05_H8G12_fraction0p75_H8_N0.csv;hourly_plot_csv/repeat_dev_f05_H8G12_fraction1p0_H8_N0.csv;hourly_plot_csv/repeat_dev_f10_H4G8_fraction0p25_H4_N0.csv;hourly_plot_csv/repeat_dev_f10_H4G8_fraction0p5_H4_N0.csv;hourly_plot_csv/repeat_dev_f10_H4G8_fraction0p75_H4_N0.csv;hourly_plot_csv/repeat_dev_f10_H4G8_fraction1p0_H4_N0.csv;hourly_plot_csv/repeat_dev_f10_H8G12_fraction0p25_H8_N0.csv;hourly_plot_csv/repeat_dev_f10_H8G12_fraction0p5_H8_N0.csv;hourly_plot_csv/repeat_dev_f10_H8G12_fraction0p75_H8_N0.csv;hourly_plot_csv/repeat_dev_f10_H8G12_fraction1p0_H8_N0.csv;hourly_plot_csv/repeat_dev_f20_H4G8_fraction0p25_H4_N0.csv;hourly_plot_csv/repeat_dev_f20_H4G8_fraction0p5_H4_N0.csv;hourly_plot_csv/repeat_dev_f20_H4G8_fraction0p75_H4_N0.csv;hourly_plot_csv/repeat_dev_f20_H4G8_fraction1p0_H4_N0.csv;hourly_plot_csv/repeat_dev_f20_H8G12_fraction0p25_H8_N0.csv;hourly_plot_csv/repeat_dev_f20_H8G12_fraction0p5_H8_N0.csv;hourly_plot_csv/repeat_dev_f20_H8G12_fraction0p75_H8_N0.csv;hourly_plot_csv/repeat_dev_f20_H8G12_fraction1p0_H8_N0.csv;hourly_plot_csv/repeat_dev_f40_H4G8_fraction0p25_H4_N0.csv;hourly_plot_csv/repeat_dev_f40_H4G8_fraction0p5_H4_N0.csv;hourly_plot_csv/repeat_dev_f40_H4G8_fraction0p75_H4_N0.csv;hourly_plot_csv/repeat_dev_f40_H4G8_fraction1p0_H4_N0.csv;hourly_plot_csv/repeat_dev_f40_H8G12_fraction0p25_H8_N0.csv;hourly_plot_csv/repeat_dev_f40_H8G12_fraction0p5_H8_N0.csv;hourly_plot_csv/repeat_dev_f40_H8G12_fraction0p75_H8_N0.csv;hourly_plot_csv/repeat_dev_f40_H8G12_fraction1p0_H8_N0.csv;hourly_plot_csv/repeat_dev_f60_H4G8_fraction0p25_H4_N0.csv;hourly_plot_csv/repeat_dev_f60_H4G8_fraction0p5_H4_N0.csv;hourly_plot_csv/repeat_dev_f60_H4G8_fraction0p75_H4_N0.csv;hourly_plot_csv/repeat_dev_f60_H4G8_fraction1p0_H4_N0.csv;hourly_plot_csv/repeat_dev_f60_H8G12_fraction0p25_H8_N0.csv;hourly_plot_csv/repeat_dev_f60_H8G12_fraction0p5_H8_N0.csv;hourly_plot_csv/repeat_dev_f60_H8G12_fraction0p75_H8_N0.csv;hourly_plot_csv/repeat_dev_f60_H8G12_fraction1p0_H8_N0.csv;hourly_plot_csv/single_confirm_f05_single_selected_H4_N0.csv;hourly_plot_csv/single_confirm_f05_single_selected_H4_N2.csv;hourly_plot_csv/single_confirm_f05_single_selected_H4_N6.csv;hourly_plot_csv/single_confirm_f05_single_selected_H8_N0.csv;hourly_plot_csv/single_confirm_f05_single_selected_H8_N2.csv;hourly_plot_csv/single_confirm_f05_single_selected_H8_N6.csv;hourly_plot_csv/single_confirm_f10_single_selected_H4_N0.csv;hourly_plot_csv/single_confirm_f10_single_selected_H4_N2.csv;hourly_plot_csv/single_confirm_f10_single_selected_H4_N6.csv;hourly_plot_csv/single_confirm_f10_single_selected_H8_N0.csv;hourly_plot_csv/single_confirm_f10_single_selected_H8_N2.csv;hourly_plot_csv/single_confirm_f10_single_selected_H8_N6.csv;hourly_plot_csv/single_confirm_f20_single_selected_H4_N0.csv;hourly_plot_csv/single_confirm_f20_single_selected_H4_N2.csv;hourly_plot_csv/single_confirm_f20_single_selected_H4_N6.csv;hourly_plot_csv/single_confirm_f20_single_selected_H8_N0.csv;hourly_plot_csv/single_confirm_f20_single_selected_H8_N2.csv;hourly_plot_csv/single_confirm_f20_single_selected_H8_N6.csv;hourly_plot_csv/single_confirm_f40_single_selected_H4_N0.csv;hourly_plot_csv/single_confirm_f40_single_selected_H4_N2.csv;hourly_plot_csv/single_confirm_f40_single_selected_H4_N6.csv;hourly_plot_csv/single_confirm_f40_single_selected_H8_N0.csv;hourly_plot_csv/single_confirm_f40_single_selected_H8_N2.csv;hourly_plot_csv/single_confirm_f40_single_selected_H8_N6.csv;hourly_plot_csv/single_confirm_f60_single_selected_H4_N0.csv;hourly_plot_csv/single_confirm_f60_single_selected_H4_N2.csv;hourly_plot_csv/single_confirm_f60_single_selected_H4_N6.csv;hourly_plot_csv/single_confirm_f60_single_selected_H8_N0.csv;hourly_plot_csv/single_confirm_f60_single_selected_H8_N2.csv;hourly_plot_csv/single_confirm_f60_single_selected_H8_N6.csv;hourly_plot_csv/single_dev_f05_single_fraction0p5_H4_N0.csv;hourly_plot_csv/single_dev_f05_single_fraction0p5_H8_N0.csv;hourly_plot_csv/single_dev_f05_single_fraction0p75_H4_N0.csv;hourly_plot_csv/single_dev_f05_single_fraction0p75_H8_N0.csv;hourly_plot_csv/single_dev_f05_single_fraction0p9_H4_N0.csv;hourly_plot_csv/single_dev_f05_single_fraction0p9_H8_N0.csv;hourly_plot_csv/single_dev_f05_single_fraction1p0_H4_N0.csv;hourly_plot_csv/single_dev_f05_single_fraction1p0_H8_N0.csv;hourly_plot_csv/single_dev_f10_single_fraction0p5_H4_N0.csv;hourly_plot_csv/single_dev_f10_single_fraction0p5_H8_N0.csv;hourly_plot_csv/single_dev_f10_single_fraction0p75_H4_N0.csv;hourly_plot_csv/single_dev_f10_single_fraction0p75_H8_N0.csv;hourly_plot_csv/single_dev_f10_single_fraction0p9_H4_N0.csv;hourly_plot_csv/single_dev_f10_single_fraction0p9_H8_N0.csv;hourly_plot_csv/single_dev_f10_single_fraction1p0_H4_N0.csv;hourly_plot_csv/single_dev_f10_single_fraction1p0_H8_N0.csv;hourly_plot_csv/single_dev_f20_single_fraction0p5_H4_N0.csv;hourly_plot_csv/single_dev_f20_single_fraction0p5_H8_N0.csv;hourly_plot_csv/single_dev_f20_single_fraction0p75_H4_N0.csv;hourly_plot_csv/single_dev_f20_single_fraction0p75_H8_N0.csv;hourly_plot_csv/single_dev_f20_single_fraction0p9_H4_N0.csv;hourly_plot_csv/single_dev_f20_single_fraction0p9_H8_N0.csv;hourly_plot_csv/single_dev_f20_single_fraction1p0_H4_N0.csv;hourly_plot_csv/single_dev_f20_single_fraction1p0_H8_N0.csv;hourly_plot_csv/single_dev_f40_single_fraction0p5_H4_N0.csv;hourly_plot_csv/single_dev_f40_single_fraction0p5_H8_N0.csv;hourly_plot_csv/single_dev_f40_single_fraction0p75_H4_N0.csv;hourly_plot_csv/single_dev_f40_single_fraction0p75_H8_N0.csv;hourly_plot_csv/single_dev_f40_single_fraction0p9_H4_N0.csv;hourly_plot_csv/single_dev_f40_single_fraction0p9_H8_N0.csv;hourly_plot_csv/single_dev_f40_single_fraction1p0_H4_N0.csv;hourly_plot_csv/single_dev_f40_single_fraction1p0_H8_N0.csv;hourly_plot_csv/single_dev_f60_single_fraction0p5_H4_N0.csv;hourly_plot_csv/single_dev_f60_single_fraction0p5_H8_N0.csv;hourly_plot_csv/single_dev_f60_single_fraction0p75_H4_N0.csv;hourly_plot_csv/single_dev_f60_single_fraction0p75_H8_N0.csv;hourly_plot_csv/single_dev_f60_single_fraction0p9_H4_N0.csv;hourly_plot_csv/single_dev_f60_single_fraction0p9_H8_N0.csv;hourly_plot_csv/single_dev_f60_single_fraction1p0_H4_N0.csv;hourly_plot_csv/single_dev_f60_single_fraction1p0_H8_N0.csv
paired_no_response_executed_gpu_h,GPU-h,Literal named model/output field; equations and criteria in current Supplementary Methods,hourly_full/*.parquet;hourly_plot_csv/control_confirm_f10_g20_single_fixed_primary_request_H4_N0.csv;hourly_plot_csv/control_confirm_f10_g20_single_fixed_primary_request_H8_N0.csv;hourly_plot_csv/control_confirm_f10_g30_single_fixed_primary_request_H4_N0.csv;hourly_plot_csv/control_confirm_f10_g30_single_fixed_primary_request_H8_N0.csv;hourly_plot_csv/control_confirm_f10_rigid150_single_fixed_primary_request_H4_N0.csv;hourly_plot_csv/control_confirm_f10_rigid150_single_fixed_primary_request_H8_N0.csv;hourly_plot_csv/control_confirm_f10_rigid225_single_fixed_primary_request_H4_N0.csv;hourly_plot_csv/control_confirm_f10_rigid225_single_fixed_primary_request_H8_N0.csv;hourly_plot_csv/repeat_confirm_f05_H4G8_fresh0_H4_N0.csv;hourly_plot_csv/repeat_confirm_f05_H4G8_fresh1_H4_N0.csv;hourly_plot_csv/repeat_confirm_f05_H4G8_fresh2_H4_N0.csv;hourly_plot_csv/repeat_confirm_f05_H4G8_fresh3_H4_N0.csv;hourly_plot_csv/repeat_confirm_f05_H4G8_single_offer_repeated_H4_N0.csv;hourly_plot_csv/repeat_confirm_f05_H8G12_fresh0_H8_N0.csv;hourly_plot_csv/repeat_confirm_f05_H8G12_fresh1_H8_N0.csv;hourly_plot_csv/repeat_confirm_f05_H8G12_fresh2_H8_N0.csv;hourly_plot_csv/repeat_confirm_f05_H8G12_fresh3_H8_N0.csv;hourly_plot_csv/repeat_confirm_f05_H8G12_single_offer_repeated_H8_N0.csv;hourly_plot_csv/repeat_confirm_f10_H4G8_fresh0_H4_N0.csv;hourly_plot_csv/repeat_confirm_f10_H4G8_fresh1_H4_N0.csv;hourly_plot_csv/repeat_confirm_f10_H4G8_fresh2_H4_N0.csv;hourly_plot_csv/repeat_confirm_f10_H4G8_fresh3_H4_N0.csv;hourly_plot_csv/repeat_confirm_f10_H4G8_single_offer_repeated_H4_N0.csv;hourly_plot_csv/repeat_confirm_f10_H8G12_fresh0_H8_N0.csv;hourly_plot_csv/repeat_confirm_f10_H8G12_fresh1_H8_N0.csv;hourly_plot_csv/repeat_confirm_f10_H8G12_fresh2_H8_N0.csv;hourly_plot_csv/repeat_confirm_f10_H8G12_fresh3_H8_N0.csv;hourly_plot_csv/repeat_confirm_f10_H8G12_single_offer_repeated_H8_N0.csv;hourly_plot_csv/repeat_confirm_f20_H4G8_fresh0_H4_N0.csv;hourly_plot_csv/repeat_confirm_f20_H4G8_fresh1_H4_N0.csv;hourly_plot_csv/repeat_confirm_f20_H4G8_fresh2_H4_N0.csv;hourly_plot_csv/repeat_confirm_f20_H4G8_fresh3_H4_N0.csv;hourly_plot_csv/repeat_confirm_f20_H4G8_single_offer_repeated_H4_N0.csv;hourly_plot_csv/repeat_confirm_f20_H8G12_fresh0_H8_N0.csv;hourly_plot_csv/repeat_confirm_f20_H8G12_fresh1_H8_N0.csv;hourly_plot_csv/repeat_confirm_f20_H8G12_fresh2_H8_N0.csv;hourly_plot_csv/repeat_confirm_f20_H8G12_fresh3_H8_N0.csv;hourly_plot_csv/repeat_confirm_f20_H8G12_single_offer_repeated_H8_N0.csv;hourly_plot_csv/repeat_confirm_f40_H4G8_fresh0_H4_N0.csv;hourly_plot_csv/repeat_confirm_f40_H4G8_fresh1_H4_N0.csv;hourly_plot_csv/repeat_confirm_f40_H4G8_fresh2_H4_N0.csv;hourly_plot_csv/repeat_confirm_f40_H4G8_fresh3_H4_N0.csv;hourly_plot_csv/repeat_confirm_f40_H4G8_single_offer_repeated_H4_N0.csv;hourly_plot_csv/repeat_confirm_f40_H8G12_fresh0_H8_N0.csv;hourly_plot_csv/repeat_confirm_f40_H8G12_fresh1_H8_N0.csv;hourly_plot_csv/repeat_confirm_f40_H8G12_fresh2_H8_N0.csv;hourly_plot_csv/repeat_confirm_f40_H8G12_fresh3_H8_N0.csv;hourly_plot_csv/repeat_confirm_f40_H8G12_single_offer_repeated_H8_N0.csv;hourly_plot_csv/repeat_confirm_f60_H4G8_fresh0_H4_N0.csv;hourly_plot_csv/repeat_confirm_f60_H4G8_fresh1_H4_N0.csv;hourly_plot_csv/repeat_confirm_f60_H4G8_fresh2_H4_N0.csv;hourly_plot_csv/repeat_confirm_f60_H4G8_fresh3_H4_N0.csv;hourly_plot_csv/repeat_confirm_f60_H4G8_single_offer_repeated_H4_N0.csv;hourly_plot_csv/repeat_confirm_f60_H8G12_fresh0_H8_N0.csv;hourly_plot_csv/repeat_confirm_f60_H8G12_fresh1_H8_N0.csv;hourly_plot_csv/repeat_confirm_f60_H8G12_fresh2_H8_N0.csv;hourly_plot_csv/repeat_confirm_f60_H8G12_fresh3_H8_N0.csv;hourly_plot_csv/repeat_confirm_f60_H8G12_single_offer_repeated_H8_N0.csv;hourly_plot_csv/repeat_dev_f05_H4G8_fraction0p25_H4_N0.csv;hourly_plot_csv/repeat_dev_f05_H4G8_fraction0p5_H4_N0.csv;hourly_plot_csv/repeat_dev_f05_H4G8_fraction0p75_H4_N0.csv;hourly_plot_csv/repeat_dev_f05_H4G8_fraction1p0_H4_N0.csv;hourly_plot_csv/repeat_dev_f05_H8G12_fraction0p25_H8_N0.csv;hourly_plot_csv/repeat_dev_f05_H8G12_fraction0p5_H8_N0.csv;hourly_plot_csv/repeat_dev_f05_H8G12_fraction0p75_H8_N0.csv;hourly_plot_csv/repeat_dev_f05_H8G12_fraction1p0_H8_N0.csv;hourly_plot_csv/repeat_dev_f10_H4G8_fraction0p25_H4_N0.csv;hourly_plot_csv/repeat_dev_f10_H4G8_fraction0p5_H4_N0.csv;hourly_plot_csv/repeat_dev_f10_H4G8_fraction0p75_H4_N0.csv;hourly_plot_csv/repeat_dev_f10_H4G8_fraction1p0_H4_N0.csv;hourly_plot_csv/repeat_dev_f10_H8G12_fraction0p25_H8_N0.csv;hourly_plot_csv/repeat_dev_f10_H8G12_fraction0p5_H8_N0.csv;hourly_plot_csv/repeat_dev_f10_H8G12_fraction0p75_H8_N0.csv;hourly_plot_csv/repeat_dev_f10_H8G12_fraction1p0_H8_N0.csv;hourly_plot_csv/repeat_dev_f20_H4G8_fraction0p25_H4_N0.csv;hourly_plot_csv/repeat_dev_f20_H4G8_fraction0p5_H4_N0.csv;hourly_plot_csv/repeat_dev_f20_H4G8_fraction0p75_H4_N0.csv;hourly_plot_csv/repeat_dev_f20_H4G8_fraction1p0_H4_N0.csv;hourly_plot_csv/repeat_dev_f20_H8G12_fraction0p25_H8_N0.csv;hourly_plot_csv/repeat_dev_f20_H8G12_fraction0p5_H8_N0.csv;hourly_plot_csv/repeat_dev_f20_H8G12_fraction0p75_H8_N0.csv;hourly_plot_csv/repeat_dev_f20_H8G12_fraction1p0_H8_N0.csv;hourly_plot_csv/repeat_dev_f40_H4G8_fraction0p25_H4_N0.csv;hourly_plot_csv/repeat_dev_f40_H4G8_fraction0p5_H4_N0.csv;hourly_plot_csv/repeat_dev_f40_H4G8_fraction0p75_H4_N0.csv;hourly_plot_csv/repeat_dev_f40_H4G8_fraction1p0_H4_N0.csv;hourly_plot_csv/repeat_dev_f40_H8G12_fraction0p25_H8_N0.csv;hourly_plot_csv/repeat_dev_f40_H8G12_fraction0p5_H8_N0.csv;hourly_plot_csv/repeat_dev_f40_H8G12_fraction0p75_H8_N0.csv;hourly_plot_csv/repeat_dev_f40_H8G12_fraction1p0_H8_N0.csv;hourly_plot_csv/repeat_dev_f60_H4G8_fraction0p25_H4_N0.csv;hourly_plot_csv/repeat_dev_f60_H4G8_fraction0p5_H4_N0.csv;hourly_plot_csv/repeat_dev_f60_H4G8_fraction0p75_H4_N0.csv;hourly_plot_csv/repeat_dev_f60_H4G8_fraction1p0_H4_N0.csv;hourly_plot_csv/repeat_dev_f60_H8G12_fraction0p25_H8_N0.csv;hourly_plot_csv/repeat_dev_f60_H8G12_fraction0p5_H8_N0.csv;hourly_plot_csv/repeat_dev_f60_H8G12_fraction0p75_H8_N0.csv;hourly_plot_csv/repeat_dev_f60_H8G12_fraction1p0_H8_N0.csv;hourly_plot_csv/single_confirm_f05_single_selected_H4_N0.csv;hourly_plot_csv/single_confirm_f05_single_selected_H4_N2.csv;hourly_plot_csv/single_confirm_f05_single_selected_H4_N6.csv;hourly_plot_csv/single_confirm_f05_single_selected_H8_N0.csv;hourly_plot_csv/single_confirm_f05_single_selected_H8_N2.csv;hourly_plot_csv/single_confirm_f05_single_selected_H8_N6.csv;hourly_plot_csv/single_confirm_f10_single_selected_H4_N0.csv;hourly_plot_csv/single_confirm_f10_single_selected_H4_N2.csv;hourly_plot_csv/single_confirm_f10_single_selected_H4_N6.csv;hourly_plot_csv/single_confirm_f10_single_selected_H8_N0.csv;hourly_plot_csv/single_confirm_f10_single_selected_H8_N2.csv;hourly_plot_csv/single_confirm_f10_single_selected_H8_N6.csv;hourly_plot_csv/single_confirm_f20_single_selected_H4_N0.csv;hourly_plot_csv/single_confirm_f20_single_selected_H4_N2.csv;hourly_plot_csv/single_confirm_f20_single_selected_H4_N6.csv;hourly_plot_csv/single_confirm_f20_single_selected_H8_N0.csv;hourly_plot_csv/single_confirm_f20_single_selected_H8_N2.csv;hourly_plot_csv/single_confirm_f20_single_selected_H8_N6.csv;hourly_plot_csv/single_confirm_f40_single_selected_H4_N0.csv;hourly_plot_csv/single_confirm_f40_single_selected_H4_N2.csv;hourly_plot_csv/single_confirm_f40_single_selected_H4_N6.csv;hourly_plot_csv/single_confirm_f40_single_selected_H8_N0.csv;hourly_plot_csv/single_confirm_f40_single_selected_H8_N2.csv;hourly_plot_csv/single_confirm_f40_single_selected_H8_N6.csv;hourly_plot_csv/single_confirm_f60_single_selected_H4_N0.csv;hourly_plot_csv/single_confirm_f60_single_selected_H4_N2.csv;hourly_plot_csv/single_confirm_f60_single_selected_H4_N6.csv;hourly_plot_csv/single_confirm_f60_single_selected_H8_N0.csv;hourly_plot_csv/single_confirm_f60_single_selected_H8_N2.csv;hourly_plot_csv/single_confirm_f60_single_selected_H8_N6.csv;hourly_plot_csv/single_dev_f05_single_fraction0p5_H4_N0.csv;hourly_plot_csv/single_dev_f05_single_fraction0p5_H8_N0.csv;hourly_plot_csv/single_dev_f05_single_fraction0p75_H4_N0.csv;hourly_plot_csv/single_dev_f05_single_fraction0p75_H8_N0.csv;hourly_plot_csv/single_dev_f05_single_fraction0p9_H4_N0.csv;hourly_plot_csv/single_dev_f05_single_fraction0p9_H8_N0.csv;hourly_plot_csv/single_dev_f05_single_fraction1p0_H4_N0.csv;hourly_plot_csv/single_dev_f05_single_fraction1p0_H8_N0.csv;hourly_plot_csv/single_dev_f10_single_fraction0p5_H4_N0.csv;hourly_plot_csv/single_dev_f10_single_fraction0p5_H8_N0.csv;hourly_plot_csv/single_dev_f10_single_fraction0p75_H4_N0.csv;hourly_plot_csv/single_dev_f10_single_fraction0p75_H8_N0.csv;hourly_plot_csv/single_dev_f10_single_fraction0p9_H4_N0.csv;hourly_plot_csv/single_dev_f10_single_fraction0p9_H8_N0.csv;hourly_plot_csv/single_dev_f10_single_fraction1p0_H4_N0.csv;hourly_plot_csv/single_dev_f10_single_fraction1p0_H8_N0.csv;hourly_plot_csv/single_dev_f20_single_fraction0p5_H4_N0.csv;hourly_plot_csv/single_dev_f20_single_fraction0p5_H8_N0.csv;hourly_plot_csv/single_dev_f20_single_fraction0p75_H4_N0.csv;hourly_plot_csv/single_dev_f20_single_fraction0p75_H8_N0.csv;hourly_plot_csv/single_dev_f20_single_fraction0p9_H4_N0.csv;hourly_plot_csv/single_dev_f20_single_fraction0p9_H8_N0.csv;hourly_plot_csv/single_dev_f20_single_fraction1p0_H4_N0.csv;hourly_plot_csv/single_dev_f20_single_fraction1p0_H8_N0.csv;hourly_plot_csv/single_dev_f40_single_fraction0p5_H4_N0.csv;hourly_plot_csv/single_dev_f40_single_fraction0p5_H8_N0.csv;hourly_plot_csv/single_dev_f40_single_fraction0p75_H4_N0.csv;hourly_plot_csv/single_dev_f40_single_fraction0p75_H8_N0.csv;hourly_plot_csv/single_dev_f40_single_fraction0p9_H4_N0.csv;hourly_plot_csv/single_dev_f40_single_fraction0p9_H8_N0.csv;hourly_plot_csv/single_dev_f40_single_fraction1p0_H4_N0.csv;hourly_plot_csv/single_dev_f40_single_fraction1p0_H8_N0.csv;hourly_plot_csv/single_dev_f60_single_fraction0p5_H4_N0.csv;hourly_plot_csv/single_dev_f60_single_fraction0p5_H8_N0.csv;hourly_plot_csv/single_dev_f60_single_fraction0p75_H4_N0.csv;hourly_plot_csv/single_dev_f60_single_fraction0p75_H8_N0.csv;hourly_plot_csv/single_dev_f60_single_fraction0p9_H4_N0.csv;hourly_plot_csv/single_dev_f60_single_fraction0p9_H8_N0.csv;hourly_plot_csv/single_dev_f60_single_fraction1p0_H4_N0.csv;hourly_plot_csv/single_dev_f60_single_fraction1p0_H8_N0.csv
paired_no_response_missed_gpu_h,GPU-h,Literal named model/output field; equations and criteria in current Supplementary Methods,hourly_full/*.parquet;hourly_plot_csv/control_confirm_f10_g20_single_fixed_primary_request_H4_N0.csv;hourly_plot_csv/control_confirm_f10_g20_single_fixed_primary_request_H8_N0.csv;hourly_plot_csv/control_confirm_f10_g30_single_fixed_primary_request_H4_N0.csv;hourly_plot_csv/control_confirm_f10_g30_single_fixed_primary_request_H8_N0.csv;hourly_plot_csv/control_confirm_f10_rigid150_single_fixed_primary_request_H4_N0.csv;hourly_plot_csv/control_confirm_f10_rigid150_single_fixed_primary_request_H8_N0.csv;hourly_plot_csv/control_confirm_f10_rigid225_single_fixed_primary_request_H4_N0.csv;hourly_plot_csv/control_confirm_f10_rigid225_single_fixed_primary_request_H8_N0.csv;hourly_plot_csv/repeat_confirm_f05_H4G8_fresh0_H4_N0.csv;hourly_plot_csv/repeat_confirm_f05_H4G8_fresh1_H4_N0.csv;hourly_plot_csv/repeat_confirm_f05_H4G8_fresh2_H4_N0.csv;hourly_plot_csv/repeat_confirm_f05_H4G8_fresh3_H4_N0.csv;hourly_plot_csv/repeat_confirm_f05_H4G8_single_offer_repeated_H4_N0.csv;hourly_plot_csv/repeat_confirm_f05_H8G12_fresh0_H8_N0.csv;hourly_plot_csv/repeat_confirm_f05_H8G12_fresh1_H8_N0.csv;hourly_plot_csv/repeat_confirm_f05_H8G12_fresh2_H8_N0.csv;hourly_plot_csv/repeat_confirm_f05_H8G12_fresh3_H8_N0.csv;hourly_plot_csv/repeat_confirm_f05_H8G12_single_offer_repeated_H8_N0.csv;hourly_plot_csv/repeat_confirm_f10_H4G8_fresh0_H4_N0.csv;hourly_plot_csv/repeat_confirm_f10_H4G8_fresh1_H4_N0.csv;hourly_plot_csv/repeat_confirm_f10_H4G8_fresh2_H4_N0.csv;hourly_plot_csv/repeat_confirm_f10_H4G8_fresh3_H4_N0.csv;hourly_plot_csv/repeat_confirm_f10_H4G8_single_offer_repeated_H4_N0.csv;hourly_plot_csv/repeat_confirm_f10_H8G12_fresh0_H8_N0.csv;hourly_plot_csv/repeat_confirm_f10_H8G12_fresh1_H8_N0.csv;hourly_plot_csv/repeat_confirm_f10_H8G12_fresh2_H8_N0.csv;hourly_plot_csv/repeat_confirm_f10_H8G12_fresh3_H8_N0.csv;hourly_plot_csv/repeat_confirm_f10_H8G12_single_offer_repeated_H8_N0.csv;hourly_plot_csv/repeat_confirm_f20_H4G8_fresh0_H4_N0.csv;hourly_plot_csv/repeat_confirm_f20_H4G8_fresh1_H4_N0.csv;hourly_plot_csv/repeat_confirm_f20_H4G8_fresh2_H4_N0.csv;hourly_plot_csv/repeat_confirm_f20_H4G8_fresh3_H4_N0.csv;hourly_plot_csv/repeat_confirm_f20_H4G8_single_offer_repeated_H4_N0.csv;hourly_plot_csv/repeat_confirm_f20_H8G12_fresh0_H8_N0.csv;hourly_plot_csv/repeat_confirm_f20_H8G12_fresh1_H8_N0.csv;hourly_plot_csv/repeat_confirm_f20_H8G12_fresh2_H8_N0.csv;hourly_plot_csv/repeat_confirm_f20_H8G12_fresh3_H8_N0.csv;hourly_plot_csv/repeat_confirm_f20_H8G12_single_offer_repeated_H8_N0.csv;hourly_plot_csv/repeat_confirm_f40_H4G8_fresh0_H4_N0.csv;hourly_plot_csv/repeat_confirm_f40_H4G8_fresh1_H4_N0.csv;hourly_plot_csv/repeat_confirm_f40_H4G8_fresh2_H4_N0.csv;hourly_plot_csv/repeat_confirm_f40_H4G8_fresh3_H4_N0.csv;hourly_plot_csv/repeat_confirm_f40_H4G8_single_offer_repeated_H4_N0.csv;hourly_plot_csv/repeat_confirm_f40_H8G12_fresh0_H8_N0.csv;hourly_plot_csv/repeat_confirm_f40_H8G12_fresh1_H8_N0.csv;hourly_plot_csv/repeat_confirm_f40_H8G12_fresh2_H8_N0.csv;hourly_plot_csv/repeat_confirm_f40_H8G12_fresh3_H8_N0.csv;hourly_plot_csv/repeat_confirm_f40_H8G12_single_offer_repeated_H8_N0.csv;hourly_plot_csv/repeat_confirm_f60_H4G8_fresh0_H4_N0.csv;hourly_plot_csv/repeat_confirm_f60_H4G8_fresh1_H4_N0.csv;hourly_plot_csv/repeat_confirm_f60_H4G8_fresh2_H4_N0.csv;hourly_plot_csv/repeat_confirm_f60_H4G8_fresh3_H4_N0.csv;hourly_plot_csv/repeat_confirm_f60_H4G8_single_offer_repeated_H4_N0.csv;hourly_plot_csv/repeat_confirm_f60_H8G12_fresh0_H8_N0.csv;hourly_plot_csv/repeat_confirm_f60_H8G12_fresh1_H8_N0.csv;hourly_plot_csv/repeat_confirm_f60_H8G12_fresh2_H8_N0.csv;hourly_plot_csv/repeat_confirm_f60_H8G12_fresh3_H8_N0.csv;hourly_plot_csv/repeat_confirm_f60_H8G12_single_offer_repeated_H8_N0.csv;hourly_plot_csv/repeat_dev_f05_H4G8_fraction0p25_H4_N0.csv;hourly_plot_csv/repeat_dev_f05_H4G8_fraction0p5_H4_N0.csv;hourly_plot_csv/repeat_dev_f05_H4G8_fraction0p75_H4_N0.csv;hourly_plot_csv/repeat_dev_f05_H4G8_fraction1p0_H4_N0.csv;hourly_plot_csv/repeat_dev_f05_H8G12_fraction0p25_H8_N0.csv;hourly_plot_csv/repeat_dev_f05_H8G12_fraction0p5_H8_N0.csv;hourly_plot_csv/repeat_dev_f05_H8G12_fraction0p75_H8_N0.csv;hourly_plot_csv/repeat_dev_f05_H8G12_fraction1p0_H8_N0.csv;hourly_plot_csv/repeat_dev_f10_H4G8_fraction0p25_H4_N0.csv;hourly_plot_csv/repeat_dev_f10_H4G8_fraction0p5_H4_N0.csv;hourly_plot_csv/repeat_dev_f10_H4G8_fraction0p75_H4_N0.csv;hourly_plot_csv/repeat_dev_f10_H4G8_fraction1p0_H4_N0.csv;hourly_plot_csv/repeat_dev_f10_H8G12_fraction0p25_H8_N0.csv;hourly_plot_csv/repeat_dev_f10_H8G12_fraction0p5_H8_N0.csv;hourly_plot_csv/repeat_dev_f10_H8G12_fraction0p75_H8_N0.csv;hourly_plot_csv/repeat_dev_f10_H8G12_fraction1p0_H8_N0.csv;hourly_plot_csv/repeat_dev_f20_H4G8_fraction0p25_H4_N0.csv;hourly_plot_csv/repeat_dev_f20_H4G8_fraction0p5_H4_N0.csv;hourly_plot_csv/repeat_dev_f20_H4G8_fraction0p75_H4_N0.csv;hourly_plot_csv/repeat_dev_f20_H4G8_fraction1p0_H4_N0.csv;hourly_plot_csv/repeat_dev_f20_H8G12_fraction0p25_H8_N0.csv;hourly_plot_csv/repeat_dev_f20_H8G12_fraction0p5_H8_N0.csv;hourly_plot_csv/repeat_dev_f20_H8G12_fraction0p75_H8_N0.csv;hourly_plot_csv/repeat_dev_f20_H8G12_fraction1p0_H8_N0.csv;hourly_plot_csv/repeat_dev_f40_H4G8_fraction0p25_H4_N0.csv;hourly_plot_csv/repeat_dev_f40_H4G8_fraction0p5_H4_N0.csv;hourly_plot_csv/repeat_dev_f40_H4G8_fraction0p75_H4_N0.csv;hourly_plot_csv/repeat_dev_f40_H4G8_fraction1p0_H4_N0.csv;hourly_plot_csv/repeat_dev_f40_H8G12_fraction0p25_H8_N0.csv;hourly_plot_csv/repeat_dev_f40_H8G12_fraction0p5_H8_N0.csv;hourly_plot_csv/repeat_dev_f40_H8G12_fraction0p75_H8_N0.csv;hourly_plot_csv/repeat_dev_f40_H8G12_fraction1p0_H8_N0.csv;hourly_plot_csv/repeat_dev_f60_H4G8_fraction0p25_H4_N0.csv;hourly_plot_csv/repeat_dev_f60_H4G8_fraction0p5_H4_N0.csv;hourly_plot_csv/repeat_dev_f60_H4G8_fraction0p75_H4_N0.csv;hourly_plot_csv/repeat_dev_f60_H4G8_fraction1p0_H4_N0.csv;hourly_plot_csv/repeat_dev_f60_H8G12_fraction0p25_H8_N0.csv;hourly_plot_csv/repeat_dev_f60_H8G12_fraction0p5_H8_N0.csv;hourly_plot_csv/repeat_dev_f60_H8G12_fraction0p75_H8_N0.csv;hourly_plot_csv/repeat_dev_f60_H8G12_fraction1p0_H8_N0.csv;hourly_plot_csv/single_confirm_f05_single_selected_H4_N0.csv;hourly_plot_csv/single_confirm_f05_single_selected_H4_N2.csv;hourly_plot_csv/single_confirm_f05_single_selected_H4_N6.csv;hourly_plot_csv/single_confirm_f05_single_selected_H8_N0.csv;hourly_plot_csv/single_confirm_f05_single_selected_H8_N2.csv;hourly_plot_csv/single_confirm_f05_single_selected_H8_N6.csv;hourly_plot_csv/single_confirm_f10_single_selected_H4_N0.csv;hourly_plot_csv/single_confirm_f10_single_selected_H4_N2.csv;hourly_plot_csv/single_confirm_f10_single_selected_H4_N6.csv;hourly_plot_csv/single_confirm_f10_single_selected_H8_N0.csv;hourly_plot_csv/single_confirm_f10_single_selected_H8_N2.csv;hourly_plot_csv/single_confirm_f10_single_selected_H8_N6.csv;hourly_plot_csv/single_confirm_f20_single_selected_H4_N0.csv;hourly_plot_csv/single_confirm_f20_single_selected_H4_N2.csv;hourly_plot_csv/single_confirm_f20_single_selected_H4_N6.csv;hourly_plot_csv/single_confirm_f20_single_selected_H8_N0.csv;hourly_plot_csv/single_confirm_f20_single_selected_H8_N2.csv;hourly_plot_csv/single_confirm_f20_single_selected_H8_N6.csv;hourly_plot_csv/single_confirm_f40_single_selected_H4_N0.csv;hourly_plot_csv/single_confirm_f40_single_selected_H4_N2.csv;hourly_plot_csv/single_confirm_f40_single_selected_H4_N6.csv;hourly_plot_csv/single_confirm_f40_single_selected_H8_N0.csv;hourly_plot_csv/single_confirm_f40_single_selected_H8_N2.csv;hourly_plot_csv/single_confirm_f40_single_selected_H8_N6.csv;hourly_plot_csv/single_confirm_f60_single_selected_H4_N0.csv;hourly_plot_csv/single_confirm_f60_single_selected_H4_N2.csv;hourly_plot_csv/single_confirm_f60_single_selected_H4_N6.csv;hourly_plot_csv/single_confirm_f60_single_selected_H8_N0.csv;hourly_plot_csv/single_confirm_f60_single_selected_H8_N2.csv;hourly_plot_csv/single_confirm_f60_single_selected_H8_N6.csv;hourly_plot_csv/single_dev_f05_single_fraction0p5_H4_N0.csv;hourly_plot_csv/single_dev_f05_single_fraction0p5_H8_N0.csv;hourly_plot_csv/single_dev_f05_single_fraction0p75_H4_N0.csv;hourly_plot_csv/single_dev_f05_single_fraction0p75_H8_N0.csv;hourly_plot_csv/single_dev_f05_single_fraction0p9_H4_N0.csv;hourly_plot_csv/single_dev_f05_single_fraction0p9_H8_N0.csv;hourly_plot_csv/single_dev_f05_single_fraction1p0_H4_N0.csv;hourly_plot_csv/single_dev_f05_single_fraction1p0_H8_N0.csv;hourly_plot_csv/single_dev_f10_single_fraction0p5_H4_N0.csv;hourly_plot_csv/single_dev_f10_single_fraction0p5_H8_N0.csv;hourly_plot_csv/single_dev_f10_single_fraction0p75_H4_N0.csv;hourly_plot_csv/single_dev_f10_single_fraction0p75_H8_N0.csv;hourly_plot_csv/single_dev_f10_single_fraction0p9_H4_N0.csv;hourly_plot_csv/single_dev_f10_single_fraction0p9_H8_N0.csv;hourly_plot_csv/single_dev_f10_single_fraction1p0_H4_N0.csv;hourly_plot_csv/single_dev_f10_single_fraction1p0_H8_N0.csv;hourly_plot_csv/single_dev_f20_single_fraction0p5_H4_N0.csv;hourly_plot_csv/single_dev_f20_single_fraction0p5_H8_N0.csv;hourly_plot_csv/single_dev_f20_single_fraction0p75_H4_N0.csv;hourly_plot_csv/single_dev_f20_single_fraction0p75_H8_N0.csv;hourly_plot_csv/single_dev_f20_single_fraction0p9_H4_N0.csv;hourly_plot_csv/single_dev_f20_single_fraction0p9_H8_N0.csv;hourly_plot_csv/single_dev_f20_single_fraction1p0_H4_N0.csv;hourly_plot_csv/single_dev_f20_single_fraction1p0_H8_N0.csv;hourly_plot_csv/single_dev_f40_single_fraction0p5_H4_N0.csv;hourly_plot_csv/single_dev_f40_single_fraction0p5_H8_N0.csv;hourly_plot_csv/single_dev_f40_single_fraction0p75_H4_N0.csv;hourly_plot_csv/single_dev_f40_single_fraction0p75_H8_N0.csv;hourly_plot_csv/single_dev_f40_single_fraction0p9_H4_N0.csv;hourly_plot_csv/single_dev_f40_single_fraction0p9_H8_N0.csv;hourly_plot_csv/single_dev_f40_single_fraction1p0_H4_N0.csv;hourly_plot_csv/single_dev_f40_single_fraction1p0_H8_N0.csv;hourly_plot_csv/single_dev_f60_single_fraction0p5_H4_N0.csv;hourly_plot_csv/single_dev_f60_single_fraction0p5_H8_N0.csv;hourly_plot_csv/single_dev_f60_single_fraction0p75_H4_N0.csv;hourly_plot_csv/single_dev_f60_single_fraction0p75_H8_N0.csv;hourly_plot_csv/single_dev_f60_single_fraction0p9_H4_N0.csv;hourly_plot_csv/single_dev_f60_single_fraction0p9_H8_N0.csv;hourly_plot_csv/single_dev_f60_single_fraction1p0_H4_N0.csv;hourly_plot_csv/single_dev_f60_single_fraction1p0_H8_N0.csv
paired_no_response_pcc_power_kw,kW,Literal named model/output field; equations and criteria in current Supplementary Methods,hourly_full/*.parquet;hourly_plot_csv/control_confirm_f10_g20_single_fixed_primary_request_H4_N0.csv;hourly_plot_csv/control_confirm_f10_g20_single_fixed_primary_request_H8_N0.csv;hourly_plot_csv/control_confirm_f10_g30_single_fixed_primary_request_H4_N0.csv;hourly_plot_csv/control_confirm_f10_g30_single_fixed_primary_request_H8_N0.csv;hourly_plot_csv/control_confirm_f10_rigid150_single_fixed_primary_request_H4_N0.csv;hourly_plot_csv/control_confirm_f10_rigid150_single_fixed_primary_request_H8_N0.csv;hourly_plot_csv/control_confirm_f10_rigid225_single_fixed_primary_request_H4_N0.csv;hourly_plot_csv/control_confirm_f10_rigid225_single_fixed_primary_request_H8_N0.csv;hourly_plot_csv/repeat_confirm_f05_H4G8_fresh0_H4_N0.csv;hourly_plot_csv/repeat_confirm_f05_H4G8_fresh1_H4_N0.csv;hourly_plot_csv/repeat_confirm_f05_H4G8_fresh2_H4_N0.csv;hourly_plot_csv/repeat_confirm_f05_H4G8_fresh3_H4_N0.csv;hourly_plot_csv/repeat_confirm_f05_H4G8_single_offer_repeated_H4_N0.csv;hourly_plot_csv/repeat_confirm_f05_H8G12_fresh0_H8_N0.csv;hourly_plot_csv/repeat_confirm_f05_H8G12_fresh1_H8_N0.csv;hourly_plot_csv/repeat_confirm_f05_H8G12_fresh2_H8_N0.csv;hourly_plot_csv/repeat_confirm_f05_H8G12_fresh3_H8_N0.csv;hourly_plot_csv/repeat_confirm_f05_H8G12_single_offer_repeated_H8_N0.csv;hourly_plot_csv/repeat_confirm_f10_H4G8_fresh0_H4_N0.csv;hourly_plot_csv/repeat_confirm_f10_H4G8_fresh1_H4_N0.csv;hourly_plot_csv/repeat_confirm_f10_H4G8_fresh2_H4_N0.csv;hourly_plot_csv/repeat_confirm_f10_H4G8_fresh3_H4_N0.csv;hourly_plot_csv/repeat_confirm_f10_H4G8_single_offer_repeated_H4_N0.csv;hourly_plot_csv/repeat_confirm_f10_H8G12_fresh0_H8_N0.csv;hourly_plot_csv/repeat_confirm_f10_H8G12_fresh1_H8_N0.csv;hourly_plot_csv/repeat_confirm_f10_H8G12_fresh2_H8_N0.csv;hourly_plot_csv/repeat_confirm_f10_H8G12_fresh3_H8_N0.csv;hourly_plot_csv/repeat_confirm_f10_H8G12_single_offer_repeated_H8_N0.csv;hourly_plot_csv/repeat_confirm_f20_H4G8_fresh0_H4_N0.csv;hourly_plot_csv/repeat_confirm_f20_H4G8_fresh1_H4_N0.csv;hourly_plot_csv/repeat_confirm_f20_H4G8_fresh2_H4_N0.csv;hourly_plot_csv/repeat_confirm_f20_H4G8_fresh3_H4_N0.csv;hourly_plot_csv/repeat_confirm_f20_H4G8_single_offer_repeated_H4_N0.csv;hourly_plot_csv/repeat_confirm_f20_H8G12_fresh0_H8_N0.csv;hourly_plot_csv/repeat_confirm_f20_H8G12_fresh1_H8_N0.csv;hourly_plot_csv/repeat_confirm_f20_H8G12_fresh2_H8_N0.csv;hourly_plot_csv/repeat_confirm_f20_H8G12_fresh3_H8_N0.csv;hourly_plot_csv/repeat_confirm_f20_H8G12_single_offer_repeated_H8_N0.csv;hourly_plot_csv/repeat_confirm_f40_H4G8_fresh0_H4_N0.csv;hourly_plot_csv/repeat_confirm_f40_H4G8_fresh1_H4_N0.csv;hourly_plot_csv/repeat_confirm_f40_H4G8_fresh2_H4_N0.csv;hourly_plot_csv/repeat_confirm_f40_H4G8_fresh3_H4_N0.csv;hourly_plot_csv/repeat_confirm_f40_H4G8_single_offer_repeated_H4_N0.csv;hourly_plot_csv/repeat_confirm_f40_H8G12_fresh0_H8_N0.csv;hourly_plot_csv/repeat_confirm_f40_H8G12_fresh1_H8_N0.csv;hourly_plot_csv/repeat_confirm_f40_H8G12_fresh2_H8_N0.csv;hourly_plot_csv/repeat_confirm_f40_H8G12_fresh3_H8_N0.csv;hourly_plot_csv/repeat_confirm_f40_H8G12_single_offer_repeated_H8_N0.csv;hourly_plot_csv/repeat_confirm_f60_H4G8_fresh0_H4_N0.csv;hourly_plot_csv/repeat_confirm_f60_H4G8_fresh1_H4_N0.csv;hourly_plot_csv/repeat_confirm_f60_H4G8_fresh2_H4_N0.csv;hourly_plot_csv/repeat_confirm_f60_H4G8_fresh3_H4_N0.csv;hourly_plot_csv/repeat_confirm_f60_H4G8_single_offer_repeated_H4_N0.csv;hourly_plot_csv/repeat_confirm_f60_H8G12_fresh0_H8_N0.csv;hourly_plot_csv/repeat_confirm_f60_H8G12_fresh1_H8_N0.csv;hourly_plot_csv/repeat_confirm_f60_H8G12_fresh2_H8_N0.csv;hourly_plot_csv/repeat_confirm_f60_H8G12_fresh3_H8_N0.csv;hourly_plot_csv/repeat_confirm_f60_H8G12_single_offer_repeated_H8_N0.csv;hourly_plot_csv/repeat_dev_f05_H4G8_fraction0p25_H4_N0.csv;hourly_plot_csv/repeat_dev_f05_H4G8_fraction0p5_H4_N0.csv;hourly_plot_csv/repeat_dev_f05_H4G8_fraction0p75_H4_N0.csv;hourly_plot_csv/repeat_dev_f05_H4G8_fraction1p0_H4_N0.csv;hourly_plot_csv/repeat_dev_f05_H8G12_fraction0p25_H8_N0.csv;hourly_plot_csv/repeat_dev_f05_H8G12_fraction0p5_H8_N0.csv;hourly_plot_csv/repeat_dev_f05_H8G12_fraction0p75_H8_N0.csv;hourly_plot_csv/repeat_dev_f05_H8G12_fraction1p0_H8_N0.csv;hourly_plot_csv/repeat_dev_f10_H4G8_fraction0p25_H4_N0.csv;hourly_plot_csv/repeat_dev_f10_H4G8_fraction0p5_H4_N0.csv;hourly_plot_csv/repeat_dev_f10_H4G8_fraction0p75_H4_N0.csv;hourly_plot_csv/repeat_dev_f10_H4G8_fraction1p0_H4_N0.csv;hourly_plot_csv/repeat_dev_f10_H8G12_fraction0p25_H8_N0.csv;hourly_plot_csv/repeat_dev_f10_H8G12_fraction0p5_H8_N0.csv;hourly_plot_csv/repeat_dev_f10_H8G12_fraction0p75_H8_N0.csv;hourly_plot_csv/repeat_dev_f10_H8G12_fraction1p0_H8_N0.csv;hourly_plot_csv/repeat_dev_f20_H4G8_fraction0p25_H4_N0.csv;hourly_plot_csv/repeat_dev_f20_H4G8_fraction0p5_H4_N0.csv;hourly_plot_csv/repeat_dev_f20_H4G8_fraction0p75_H4_N0.csv;hourly_plot_csv/repeat_dev_f20_H4G8_fraction1p0_H4_N0.csv;hourly_plot_csv/repeat_dev_f20_H8G12_fraction0p25_H8_N0.csv;hourly_plot_csv/repeat_dev_f20_H8G12_fraction0p5_H8_N0.csv;hourly_plot_csv/repeat_dev_f20_H8G12_fraction0p75_H8_N0.csv;hourly_plot_csv/repeat_dev_f20_H8G12_fraction1p0_H8_N0.csv;hourly_plot_csv/repeat_dev_f40_H4G8_fraction0p25_H4_N0.csv;hourly_plot_csv/repeat_dev_f40_H4G8_fraction0p5_H4_N0.csv;hourly_plot_csv/repeat_dev_f40_H4G8_fraction0p75_H4_N0.csv;hourly_plot_csv/repeat_dev_f40_H4G8_fraction1p0_H4_N0.csv;hourly_plot_csv/repeat_dev_f40_H8G12_fraction0p25_H8_N0.csv;hourly_plot_csv/repeat_dev_f40_H8G12_fraction0p5_H8_N0.csv;hourly_plot_csv/repeat_dev_f40_H8G12_fraction0p75_H8_N0.csv;hourly_plot_csv/repeat_dev_f40_H8G12_fraction1p0_H8_N0.csv;hourly_plot_csv/repeat_dev_f60_H4G8_fraction0p25_H4_N0.csv;hourly_plot_csv/repeat_dev_f60_H4G8_fraction0p5_H4_N0.csv;hourly_plot_csv/repeat_dev_f60_H4G8_fraction0p75_H4_N0.csv;hourly_plot_csv/repeat_dev_f60_H4G8_fraction1p0_H4_N0.csv;hourly_plot_csv/repeat_dev_f60_H8G12_fraction0p25_H8_N0.csv;hourly_plot_csv/repeat_dev_f60_H8G12_fraction0p5_H8_N0.csv;hourly_plot_csv/repeat_dev_f60_H8G12_fraction0p75_H8_N0.csv;hourly_plot_csv/repeat_dev_f60_H8G12_fraction1p0_H8_N0.csv;hourly_plot_csv/single_confirm_f05_single_selected_H4_N0.csv;hourly_plot_csv/single_confirm_f05_single_selected_H4_N2.csv;hourly_plot_csv/single_confirm_f05_single_selected_H4_N6.csv;hourly_plot_csv/single_confirm_f05_single_selected_H8_N0.csv;hourly_plot_csv/single_confirm_f05_single_selected_H8_N2.csv;hourly_plot_csv/single_confirm_f05_single_selected_H8_N6.csv;hourly_plot_csv/single_confirm_f10_single_selected_H4_N0.csv;hourly_plot_csv/single_confirm_f10_single_selected_H4_N2.csv;hourly_plot_csv/single_confirm_f10_single_selected_H4_N6.csv;hourly_plot_csv/single_confirm_f10_single_selected_H8_N0.csv;hourly_plot_csv/single_confirm_f10_single_selected_H8_N2.csv;hourly_plot_csv/single_confirm_f10_single_selected_H8_N6.csv;hourly_plot_csv/single_confirm_f20_single_selected_H4_N0.csv;hourly_plot_csv/single_confirm_f20_single_selected_H4_N2.csv;hourly_plot_csv/single_confirm_f20_single_selected_H4_N6.csv;hourly_plot_csv/single_confirm_f20_single_selected_H8_N0.csv;hourly_plot_csv/single_confirm_f20_single_selected_H8_N2.csv;hourly_plot_csv/single_confirm_f20_single_selected_H8_N6.csv;hourly_plot_csv/single_confirm_f40_single_selected_H4_N0.csv;hourly_plot_csv/single_confirm_f40_single_selected_H4_N2.csv;hourly_plot_csv/single_confirm_f40_single_selected_H4_N6.csv;hourly_plot_csv/single_confirm_f40_single_selected_H8_N0.csv;hourly_plot_csv/single_confirm_f40_single_selected_H8_N2.csv;hourly_plot_csv/single_confirm_f40_single_selected_H8_N6.csv;hourly_plot_csv/single_confirm_f60_single_selected_H4_N0.csv;hourly_plot_csv/single_confirm_f60_single_selected_H4_N2.csv;hourly_plot_csv/single_confirm_f60_single_selected_H4_N6.csv;hourly_plot_csv/single_confirm_f60_single_selected_H8_N0.csv;hourly_plot_csv/single_confirm_f60_single_selected_H8_N2.csv;hourly_plot_csv/single_confirm_f60_single_selected_H8_N6.csv;hourly_plot_csv/single_dev_f05_single_fraction0p5_H4_N0.csv;hourly_plot_csv/single_dev_f05_single_fraction0p5_H8_N0.csv;hourly_plot_csv/single_dev_f05_single_fraction0p75_H4_N0.csv;hourly_plot_csv/single_dev_f05_single_fraction0p75_H8_N0.csv;hourly_plot_csv/single_dev_f05_single_fraction0p9_H4_N0.csv;hourly_plot_csv/single_dev_f05_single_fraction0p9_H8_N0.csv;hourly_plot_csv/single_dev_f05_single_fraction1p0_H4_N0.csv;hourly_plot_csv/single_dev_f05_single_fraction1p0_H8_N0.csv;hourly_plot_csv/single_dev_f10_single_fraction0p5_H4_N0.csv;hourly_plot_csv/single_dev_f10_single_fraction0p5_H8_N0.csv;hourly_plot_csv/single_dev_f10_single_fraction0p75_H4_N0.csv;hourly_plot_csv/single_dev_f10_single_fraction0p75_H8_N0.csv;hourly_plot_csv/single_dev_f10_single_fraction0p9_H4_N0.csv;hourly_plot_csv/single_dev_f10_single_fraction0p9_H8_N0.csv;hourly_plot_csv/single_dev_f10_single_fraction1p0_H4_N0.csv;hourly_plot_csv/single_dev_f10_single_fraction1p0_H8_N0.csv;hourly_plot_csv/single_dev_f20_single_fraction0p5_H4_N0.csv;hourly_plot_csv/single_dev_f20_single_fraction0p5_H8_N0.csv;hourly_plot_csv/single_dev_f20_single_fraction0p75_H4_N0.csv;hourly_plot_csv/single_dev_f20_single_fraction0p75_H8_N0.csv;hourly_plot_csv/single_dev_f20_single_fraction0p9_H4_N0.csv;hourly_plot_csv/single_dev_f20_single_fraction0p9_H8_N0.csv;hourly_plot_csv/single_dev_f20_single_fraction1p0_H4_N0.csv;hourly_plot_csv/single_dev_f20_single_fraction1p0_H8_N0.csv;hourly_plot_csv/single_dev_f40_single_fraction0p5_H4_N0.csv;hourly_plot_csv/single_dev_f40_single_fraction0p5_H8_N0.csv;hourly_plot_csv/single_dev_f40_single_fraction0p75_H4_N0.csv;hourly_plot_csv/single_dev_f40_single_fraction0p75_H8_N0.csv;hourly_plot_csv/single_dev_f40_single_fraction0p9_H4_N0.csv;hourly_plot_csv/single_dev_f40_single_fraction0p9_H8_N0.csv;hourly_plot_csv/single_dev_f40_single_fraction1p0_H4_N0.csv;hourly_plot_csv/single_dev_f40_single_fraction1p0_H8_N0.csv;hourly_plot_csv/single_dev_f60_single_fraction0p5_H4_N0.csv;hourly_plot_csv/single_dev_f60_single_fraction0p5_H8_N0.csv;hourly_plot_csv/single_dev_f60_single_fraction0p75_H4_N0.csv;hourly_plot_csv/single_dev_f60_single_fraction0p75_H8_N0.csv;hourly_plot_csv/single_dev_f60_single_fraction0p9_H4_N0.csv;hourly_plot_csv/single_dev_f60_single_fraction0p9_H8_N0.csv;hourly_plot_csv/single_dev_f60_single_fraction1p0_H4_N0.csv;hourly_plot_csv/single_dev_f60_single_fraction1p0_H8_N0.csv
paired_scenarios,see table context,Literal named model/output field; equations and criteria in current Supplementary Methods,notice_paired_comparisons.csv
paired_success_difference_pp,see table context,Literal named model/output field; equations and criteria in current Supplementary Methods,repeat_paired_comparisons.csv
pcc_capacity_kw,kW,Literal named model/output field; equations and criteria in current Supplementary Methods,control_pi_scenarios.csv;control_renewable_scenarios.csv;hourly_full/*.parquet;pi_scenarios.csv;renewable_scenarios.csv
pcc_limit_kw,kW,Literal named model/output field; equations and criteria in current Supplementary Methods,hourly_full/*.parquet
pcc_power_kw,kW,Literal named model/output field; equations and criteria in current Supplementary Methods,hourly_full/*.parquet;hourly_plot_csv/control_confirm_f10_g20_single_fixed_primary_request_H4_N0.csv;hourly_plot_csv/control_confirm_f10_g20_single_fixed_primary_request_H8_N0.csv;hourly_plot_csv/control_confirm_f10_g30_single_fixed_primary_request_H4_N0.csv;hourly_plot_csv/control_confirm_f10_g30_single_fixed_primary_request_H8_N0.csv;hourly_plot_csv/control_confirm_f10_rigid150_single_fixed_primary_request_H4_N0.csv;hourly_plot_csv/control_confirm_f10_rigid150_single_fixed_primary_request_H8_N0.csv;hourly_plot_csv/control_confirm_f10_rigid225_single_fixed_primary_request_H4_N0.csv;hourly_plot_csv/control_confirm_f10_rigid225_single_fixed_primary_request_H8_N0.csv;hourly_plot_csv/repeat_confirm_f05_H4G8_fresh0_H4_N0.csv;hourly_plot_csv/repeat_confirm_f05_H4G8_fresh1_H4_N0.csv;hourly_plot_csv/repeat_confirm_f05_H4G8_fresh2_H4_N0.csv;hourly_plot_csv/repeat_confirm_f05_H4G8_fresh3_H4_N0.csv;hourly_plot_csv/repeat_confirm_f05_H4G8_single_offer_repeated_H4_N0.csv;hourly_plot_csv/repeat_confirm_f05_H8G12_fresh0_H8_N0.csv;hourly_plot_csv/repeat_confirm_f05_H8G12_fresh1_H8_N0.csv;hourly_plot_csv/repeat_confirm_f05_H8G12_fresh2_H8_N0.csv;hourly_plot_csv/repeat_confirm_f05_H8G12_fresh3_H8_N0.csv;hourly_plot_csv/repeat_confirm_f05_H8G12_single_offer_repeated_H8_N0.csv;hourly_plot_csv/repeat_confirm_f10_H4G8_fresh0_H4_N0.csv;hourly_plot_csv/repeat_confirm_f10_H4G8_fresh1_H4_N0.csv;hourly_plot_csv/repeat_confirm_f10_H4G8_fresh2_H4_N0.csv;hourly_plot_csv/repeat_confirm_f10_H4G8_fresh3_H4_N0.csv;hourly_plot_csv/repeat_confirm_f10_H4G8_single_offer_repeated_H4_N0.csv;hourly_plot_csv/repeat_confirm_f10_H8G12_fresh0_H8_N0.csv;hourly_plot_csv/repeat_confirm_f10_H8G12_fresh1_H8_N0.csv;hourly_plot_csv/repeat_confirm_f10_H8G12_fresh2_H8_N0.csv;hourly_plot_csv/repeat_confirm_f10_H8G12_fresh3_H8_N0.csv;hourly_plot_csv/repeat_confirm_f10_H8G12_single_offer_repeated_H8_N0.csv;hourly_plot_csv/repeat_confirm_f20_H4G8_fresh0_H4_N0.csv;hourly_plot_csv/repeat_confirm_f20_H4G8_fresh1_H4_N0.csv;hourly_plot_csv/repeat_confirm_f20_H4G8_fresh2_H4_N0.csv;hourly_plot_csv/repeat_confirm_f20_H4G8_fresh3_H4_N0.csv;hourly_plot_csv/repeat_confirm_f20_H4G8_single_offer_repeated_H4_N0.csv;hourly_plot_csv/repeat_confirm_f20_H8G12_fresh0_H8_N0.csv;hourly_plot_csv/repeat_confirm_f20_H8G12_fresh1_H8_N0.csv;hourly_plot_csv/repeat_confirm_f20_H8G12_fresh2_H8_N0.csv;hourly_plot_csv/repeat_confirm_f20_H8G12_fresh3_H8_N0.csv;hourly_plot_csv/repeat_confirm_f20_H8G12_single_offer_repeated_H8_N0.csv;hourly_plot_csv/repeat_confirm_f40_H4G8_fresh0_H4_N0.csv;hourly_plot_csv/repeat_confirm_f40_H4G8_fresh1_H4_N0.csv;hourly_plot_csv/repeat_confirm_f40_H4G8_fresh2_H4_N0.csv;hourly_plot_csv/repeat_confirm_f40_H4G8_fresh3_H4_N0.csv;hourly_plot_csv/repeat_confirm_f40_H4G8_single_offer_repeated_H4_N0.csv;hourly_plot_csv/repeat_confirm_f40_H8G12_fresh0_H8_N0.csv;hourly_plot_csv/repeat_confirm_f40_H8G12_fresh1_H8_N0.csv;hourly_plot_csv/repeat_confirm_f40_H8G12_fresh2_H8_N0.csv;hourly_plot_csv/repeat_confirm_f40_H8G12_fresh3_H8_N0.csv;hourly_plot_csv/repeat_confirm_f40_H8G12_single_offer_repeated_H8_N0.csv;hourly_plot_csv/repeat_confirm_f60_H4G8_fresh0_H4_N0.csv;hourly_plot_csv/repeat_confirm_f60_H4G8_fresh1_H4_N0.csv;hourly_plot_csv/repeat_confirm_f60_H4G8_fresh2_H4_N0.csv;hourly_plot_csv/repeat_confirm_f60_H4G8_fresh3_H4_N0.csv;hourly_plot_csv/repeat_confirm_f60_H4G8_single_offer_repeated_H4_N0.csv;hourly_plot_csv/repeat_confirm_f60_H8G12_fresh0_H8_N0.csv;hourly_plot_csv/repeat_confirm_f60_H8G12_fresh1_H8_N0.csv;hourly_plot_csv/repeat_confirm_f60_H8G12_fresh2_H8_N0.csv;hourly_plot_csv/repeat_confirm_f60_H8G12_fresh3_H8_N0.csv;hourly_plot_csv/repeat_confirm_f60_H8G12_single_offer_repeated_H8_N0.csv;hourly_plot_csv/repeat_dev_f05_H4G8_fraction0p25_H4_N0.csv;hourly_plot_csv/repeat_dev_f05_H4G8_fraction0p5_H4_N0.csv;hourly_plot_csv/repeat_dev_f05_H4G8_fraction0p75_H4_N0.csv;hourly_plot_csv/repeat_dev_f05_H4G8_fraction1p0_H4_N0.csv;hourly_plot_csv/repeat_dev_f05_H8G12_fraction0p25_H8_N0.csv;hourly_plot_csv/repeat_dev_f05_H8G12_fraction0p5_H8_N0.csv;hourly_plot_csv/repeat_dev_f05_H8G12_fraction0p75_H8_N0.csv;hourly_plot_csv/repeat_dev_f05_H8G12_fraction1p0_H8_N0.csv;hourly_plot_csv/repeat_dev_f10_H4G8_fraction0p25_H4_N0.csv;hourly_plot_csv/repeat_dev_f10_H4G8_fraction0p5_H4_N0.csv;hourly_plot_csv/repeat_dev_f10_H4G8_fraction0p75_H4_N0.csv;hourly_plot_csv/repeat_dev_f10_H4G8_fraction1p0_H4_N0.csv;hourly_plot_csv/repeat_dev_f10_H8G12_fraction0p25_H8_N0.csv;hourly_plot_csv/repeat_dev_f10_H8G12_fraction0p5_H8_N0.csv;hourly_plot_csv/repeat_dev_f10_H8G12_fraction0p75_H8_N0.csv;hourly_plot_csv/repeat_dev_f10_H8G12_fraction1p0_H8_N0.csv;hourly_plot_csv/repeat_dev_f20_H4G8_fraction0p25_H4_N0.csv;hourly_plot_csv/repeat_dev_f20_H4G8_fraction0p5_H4_N0.csv;hourly_plot_csv/repeat_dev_f20_H4G8_fraction0p75_H4_N0.csv;hourly_plot_csv/repeat_dev_f20_H4G8_fraction1p0_H4_N0.csv;hourly_plot_csv/repeat_dev_f20_H8G12_fraction0p25_H8_N0.csv;hourly_plot_csv/repeat_dev_f20_H8G12_fraction0p5_H8_N0.csv;hourly_plot_csv/repeat_dev_f20_H8G12_fraction0p75_H8_N0.csv;hourly_plot_csv/repeat_dev_f20_H8G12_fraction1p0_H8_N0.csv;hourly_plot_csv/repeat_dev_f40_H4G8_fraction0p25_H4_N0.csv;hourly_plot_csv/repeat_dev_f40_H4G8_fraction0p5_H4_N0.csv;hourly_plot_csv/repeat_dev_f40_H4G8_fraction0p75_H4_N0.csv;hourly_plot_csv/repeat_dev_f40_H4G8_fraction1p0_H4_N0.csv;hourly_plot_csv/repeat_dev_f40_H8G12_fraction0p25_H8_N0.csv;hourly_plot_csv/repeat_dev_f40_H8G12_fraction0p5_H8_N0.csv;hourly_plot_csv/repeat_dev_f40_H8G12_fraction0p75_H8_N0.csv;hourly_plot_csv/repeat_dev_f40_H8G12_fraction1p0_H8_N0.csv;hourly_plot_csv/repeat_dev_f60_H4G8_fraction0p25_H4_N0.csv;hourly_plot_csv/repeat_dev_f60_H4G8_fraction0p5_H4_N0.csv;hourly_plot_csv/repeat_dev_f60_H4G8_fraction0p75_H4_N0.csv;hourly_plot_csv/repeat_dev_f60_H4G8_fraction1p0_H4_N0.csv;hourly_plot_csv/repeat_dev_f60_H8G12_fraction0p25_H8_N0.csv;hourly_plot_csv/repeat_dev_f60_H8G12_fraction0p5_H8_N0.csv;hourly_plot_csv/repeat_dev_f60_H8G12_fraction0p75_H8_N0.csv;hourly_plot_csv/repeat_dev_f60_H8G12_fraction1p0_H8_N0.csv;hourly_plot_csv/single_confirm_f05_single_selected_H4_N0.csv;hourly_plot_csv/single_confirm_f05_single_selected_H4_N2.csv;hourly_plot_csv/single_confirm_f05_single_selected_H4_N6.csv;hourly_plot_csv/single_confirm_f05_single_selected_H8_N0.csv;hourly_plot_csv/single_confirm_f05_single_selected_H8_N2.csv;hourly_plot_csv/single_confirm_f05_single_selected_H8_N6.csv;hourly_plot_csv/single_confirm_f10_single_selected_H4_N0.csv;hourly_plot_csv/single_confirm_f10_single_selected_H4_N2.csv;hourly_plot_csv/single_confirm_f10_single_selected_H4_N6.csv;hourly_plot_csv/single_confirm_f10_single_selected_H8_N0.csv;hourly_plot_csv/single_confirm_f10_single_selected_H8_N2.csv;hourly_plot_csv/single_confirm_f10_single_selected_H8_N6.csv;hourly_plot_csv/single_confirm_f20_single_selected_H4_N0.csv;hourly_plot_csv/single_confirm_f20_single_selected_H4_N2.csv;hourly_plot_csv/single_confirm_f20_single_selected_H4_N6.csv;hourly_plot_csv/single_confirm_f20_single_selected_H8_N0.csv;hourly_plot_csv/single_confirm_f20_single_selected_H8_N2.csv;hourly_plot_csv/single_confirm_f20_single_selected_H8_N6.csv;hourly_plot_csv/single_confirm_f40_single_selected_H4_N0.csv;hourly_plot_csv/single_confirm_f40_single_selected_H4_N2.csv;hourly_plot_csv/single_confirm_f40_single_selected_H4_N6.csv;hourly_plot_csv/single_confirm_f40_single_selected_H8_N0.csv;hourly_plot_csv/single_confirm_f40_single_selected_H8_N2.csv;hourly_plot_csv/single_confirm_f40_single_selected_H8_N6.csv;hourly_plot_csv/single_confirm_f60_single_selected_H4_N0.csv;hourly_plot_csv/single_confirm_f60_single_selected_H4_N2.csv;hourly_plot_csv/single_confirm_f60_single_selected_H4_N6.csv;hourly_plot_csv/single_confirm_f60_single_selected_H8_N0.csv;hourly_plot_csv/single_confirm_f60_single_selected_H8_N2.csv;hourly_plot_csv/single_confirm_f60_single_selected_H8_N6.csv;hourly_plot_csv/single_dev_f05_single_fraction0p5_H4_N0.csv;hourly_plot_csv/single_dev_f05_single_fraction0p5_H8_N0.csv;hourly_plot_csv/single_dev_f05_single_fraction0p75_H4_N0.csv;hourly_plot_csv/single_dev_f05_single_fraction0p75_H8_N0.csv;hourly_plot_csv/single_dev_f05_single_fraction0p9_H4_N0.csv;hourly_plot_csv/single_dev_f05_single_fraction0p9_H8_N0.csv;hourly_plot_csv/single_dev_f05_single_fraction1p0_H4_N0.csv;hourly_plot_csv/single_dev_f05_single_fraction1p0_H8_N0.csv;hourly_plot_csv/single_dev_f10_single_fraction0p5_H4_N0.csv;hourly_plot_csv/single_dev_f10_single_fraction0p5_H8_N0.csv;hourly_plot_csv/single_dev_f10_single_fraction0p75_H4_N0.csv;hourly_plot_csv/single_dev_f10_single_fraction0p75_H8_N0.csv;hourly_plot_csv/single_dev_f10_single_fraction0p9_H4_N0.csv;hourly_plot_csv/single_dev_f10_single_fraction0p9_H8_N0.csv;hourly_plot_csv/single_dev_f10_single_fraction1p0_H4_N0.csv;hourly_plot_csv/single_dev_f10_single_fraction1p0_H8_N0.csv;hourly_plot_csv/single_dev_f20_single_fraction0p5_H4_N0.csv;hourly_plot_csv/single_dev_f20_single_fraction0p5_H8_N0.csv;hourly_plot_csv/single_dev_f20_single_fraction0p75_H4_N0.csv;hourly_plot_csv/single_dev_f20_single_fraction0p75_H8_N0.csv;hourly_plot_csv/single_dev_f20_single_fraction0p9_H4_N0.csv;hourly_plot_csv/single_dev_f20_single_fraction0p9_H8_N0.csv;hourly_plot_csv/single_dev_f20_single_fraction1p0_H4_N0.csv;hourly_plot_csv/single_dev_f20_single_fraction1p0_H8_N0.csv;hourly_plot_csv/single_dev_f40_single_fraction0p5_H4_N0.csv;hourly_plot_csv/single_dev_f40_single_fraction0p5_H8_N0.csv;hourly_plot_csv/single_dev_f40_single_fraction0p75_H4_N0.csv;hourly_plot_csv/single_dev_f40_single_fraction0p75_H8_N0.csv;hourly_plot_csv/single_dev_f40_single_fraction0p9_H4_N0.csv;hourly_plot_csv/single_dev_f40_single_fraction0p9_H8_N0.csv;hourly_plot_csv/single_dev_f40_single_fraction1p0_H4_N0.csv;hourly_plot_csv/single_dev_f40_single_fraction1p0_H8_N0.csv;hourly_plot_csv/single_dev_f60_single_fraction0p5_H4_N0.csv;hourly_plot_csv/single_dev_f60_single_fraction0p5_H8_N0.csv;hourly_plot_csv/single_dev_f60_single_fraction0p75_H4_N0.csv;hourly_plot_csv/single_dev_f60_single_fraction0p75_H8_N0.csv;hourly_plot_csv/single_dev_f60_single_fraction0p9_H4_N0.csv;hourly_plot_csv/single_dev_f60_single_fraction0p9_H8_N0.csv;hourly_plot_csv/single_dev_f60_single_fraction1p0_H4_N0.csv;hourly_plot_csv/single_dev_f60_single_fraction1p0_H8_N0.csv
peak_excess_backlog_gpu_h,GPU-h,Literal named model/output field; equations and criteria in current Supplementary Methods,control_confirmation_ledgers.csv;repeated_confirmation_ledgers.csv;single_confirmation_ledgers.csv
perfect_information_capacity_fraction_of_dynamic_range,see table context,Literal named model/output field; equations and criteria in current Supplementary Methods,control_pi_scenarios.csv;pi_scenarios.csv
perfect_information_capacity_kw,kW,Literal named model/output field; equations and criteria in current Supplementary Methods,control_pi_scenarios.csv;pi_scenarios.csv
perfect_information_firm_capacity_kw,kW,Literal named model/output field; equations and criteria in current Supplementary Methods,control_pi_boundaries.csv;pi_boundaries.csv
perfect_information_status,see table context,Literal named model/output field; equations and criteria in current Supplementary Methods,control_pi_scenarios.csv;pi_scenarios.csv
physical_dynamic_upper_bound_kw,kW,Literal named model/output field; equations and criteria in current Supplementary Methods,control_pi_scenarios.csv;pi_scenarios.csv
physical_gap_fraction_of_reference_peak,see table context,Literal named model/output field; equations and criteria in current Supplementary Methods,control_pi_boundaries.csv;pi_boundaries.csv
physical_gap_kw,kW,Literal named model/output field; equations and criteria in current Supplementary Methods,control_pi_boundaries.csv;pi_boundaries.csv
plot_column_count,see table context,Literal named model/output field; equations and criteria in current Supplementary Methods,hourly_partition_index.csv
plot_csv,see table context,Literal named model/output field; equations and criteria in current Supplementary Methods,hourly_partition_index.csv
priority_class,see table context,Literal named model/output field; equations and criteria in current Supplementary Methods,source_mix_by_class_priority.csv
program,identifier,H4G8 or H8G12 four-call programme; single otherwise,all_trial_event_outcomes.csv;economic_price_sensitivity.csv;economic_primary.csv;hourly_full/*.parquet;hourly_plot_csv/control_confirm_f10_g20_single_fixed_primary_request_H4_N0.csv;hourly_plot_csv/control_confirm_f10_g20_single_fixed_primary_request_H8_N0.csv;hourly_plot_csv/control_confirm_f10_g30_single_fixed_primary_request_H4_N0.csv;hourly_plot_csv/control_confirm_f10_g30_single_fixed_primary_request_H8_N0.csv;hourly_plot_csv/control_confirm_f10_rigid150_single_fixed_primary_request_H4_N0.csv;hourly_plot_csv/control_confirm_f10_rigid150_single_fixed_primary_request_H8_N0.csv;hourly_plot_csv/control_confirm_f10_rigid225_single_fixed_primary_request_H4_N0.csv;hourly_plot_csv/control_confirm_f10_rigid225_single_fixed_primary_request_H8_N0.csv;hourly_plot_csv/repeat_confirm_f05_H4G8_fresh0_H4_N0.csv;hourly_plot_csv/repeat_confirm_f05_H4G8_fresh1_H4_N0.csv;hourly_plot_csv/repeat_confirm_f05_H4G8_fresh2_H4_N0.csv;hourly_plot_csv/repeat_confirm_f05_H4G8_fresh3_H4_N0.csv;hourly_plot_csv/repeat_confirm_f05_H4G8_single_offer_repeated_H4_N0.csv;hourly_plot_csv/repeat_confirm_f05_H8G12_fresh0_H8_N0.csv;hourly_plot_csv/repeat_confirm_f05_H8G12_fresh1_H8_N0.csv;hourly_plot_csv/repeat_confirm_f05_H8G12_fresh2_H8_N0.csv;hourly_plot_csv/repeat_confirm_f05_H8G12_fresh3_H8_N0.csv;hourly_plot_csv/repeat_confirm_f05_H8G12_single_offer_repeated_H8_N0.csv;hourly_plot_csv/repeat_confirm_f10_H4G8_fresh0_H4_N0.csv;hourly_plot_csv/repeat_confirm_f10_H4G8_fresh1_H4_N0.csv;hourly_plot_csv/repeat_confirm_f10_H4G8_fresh2_H4_N0.csv;hourly_plot_csv/repeat_confirm_f10_H4G8_fresh3_H4_N0.csv;hourly_plot_csv/repeat_confirm_f10_H4G8_single_offer_repeated_H4_N0.csv;hourly_plot_csv/repeat_confirm_f10_H8G12_fresh0_H8_N0.csv;hourly_plot_csv/repeat_confirm_f10_H8G12_fresh1_H8_N0.csv;hourly_plot_csv/repeat_confirm_f10_H8G12_fresh2_H8_N0.csv;hourly_plot_csv/repeat_confirm_f10_H8G12_fresh3_H8_N0.csv;hourly_plot_csv/repeat_confirm_f10_H8G12_single_offer_repeated_H8_N0.csv;hourly_plot_csv/repeat_confirm_f20_H4G8_fresh0_H4_N0.csv;hourly_plot_csv/repeat_confirm_f20_H4G8_fresh1_H4_N0.csv;hourly_plot_csv/repeat_confirm_f20_H4G8_fresh2_H4_N0.csv;hourly_plot_csv/repeat_confirm_f20_H4G8_fresh3_H4_N0.csv;hourly_plot_csv/repeat_confirm_f20_H4G8_single_offer_repeated_H4_N0.csv;hourly_plot_csv/repeat_confirm_f20_H8G12_fresh0_H8_N0.csv;hourly_plot_csv/repeat_confirm_f20_H8G12_fresh1_H8_N0.csv;hourly_plot_csv/repeat_confirm_f20_H8G12_fresh2_H8_N0.csv;hourly_plot_csv/repeat_confirm_f20_H8G12_fresh3_H8_N0.csv;hourly_plot_csv/repeat_confirm_f20_H8G12_single_offer_repeated_H8_N0.csv;hourly_plot_csv/repeat_confirm_f40_H4G8_fresh0_H4_N0.csv;hourly_plot_csv/repeat_confirm_f40_H4G8_fresh1_H4_N0.csv;hourly_plot_csv/repeat_confirm_f40_H4G8_fresh2_H4_N0.csv;hourly_plot_csv/repeat_confirm_f40_H4G8_fresh3_H4_N0.csv;hourly_plot_csv/repeat_confirm_f40_H4G8_single_offer_repeated_H4_N0.csv;hourly_plot_csv/repeat_confirm_f40_H8G12_fresh0_H8_N0.csv;hourly_plot_csv/repeat_confirm_f40_H8G12_fresh1_H8_N0.csv;hourly_plot_csv/repeat_confirm_f40_H8G12_fresh2_H8_N0.csv;hourly_plot_csv/repeat_confirm_f40_H8G12_fresh3_H8_N0.csv;hourly_plot_csv/repeat_confirm_f40_H8G12_single_offer_repeated_H8_N0.csv;hourly_plot_csv/repeat_confirm_f60_H4G8_fresh0_H4_N0.csv;hourly_plot_csv/repeat_confirm_f60_H4G8_fresh1_H4_N0.csv;hourly_plot_csv/repeat_confirm_f60_H4G8_fresh2_H4_N0.csv;hourly_plot_csv/repeat_confirm_f60_H4G8_fresh3_H4_N0.csv;hourly_plot_csv/repeat_confirm_f60_H4G8_single_offer_repeated_H4_N0.csv;hourly_plot_csv/repeat_confirm_f60_H8G12_fresh0_H8_N0.csv;hourly_plot_csv/repeat_confirm_f60_H8G12_fresh1_H8_N0.csv;hourly_plot_csv/repeat_confirm_f60_H8G12_fresh2_H8_N0.csv;hourly_plot_csv/repeat_confirm_f60_H8G12_fresh3_H8_N0.csv;hourly_plot_csv/repeat_confirm_f60_H8G12_single_offer_repeated_H8_N0.csv;hourly_plot_csv/repeat_dev_f05_H4G8_fraction0p25_H4_N0.csv;hourly_plot_csv/repeat_dev_f05_H4G8_fraction0p5_H4_N0.csv;hourly_plot_csv/repeat_dev_f05_H4G8_fraction0p75_H4_N0.csv;hourly_plot_csv/repeat_dev_f05_H4G8_fraction1p0_H4_N0.csv;hourly_plot_csv/repeat_dev_f05_H8G12_fraction0p25_H8_N0.csv;hourly_plot_csv/repeat_dev_f05_H8G12_fraction0p5_H8_N0.csv;hourly_plot_csv/repeat_dev_f05_H8G12_fraction0p75_H8_N0.csv;hourly_plot_csv/repeat_dev_f05_H8G12_fraction1p0_H8_N0.csv;hourly_plot_csv/repeat_dev_f10_H4G8_fraction0p25_H4_N0.csv;hourly_plot_csv/repeat_dev_f10_H4G8_fraction0p5_H4_N0.csv;hourly_plot_csv/repeat_dev_f10_H4G8_fraction0p75_H4_N0.csv;hourly_plot_csv/repeat_dev_f10_H4G8_fraction1p0_H4_N0.csv;hourly_plot_csv/repeat_dev_f10_H8G12_fraction0p25_H8_N0.csv;hourly_plot_csv/repeat_dev_f10_H8G12_fraction0p5_H8_N0.csv;hourly_plot_csv/repeat_dev_f10_H8G12_fraction0p75_H8_N0.csv;hourly_plot_csv/repeat_dev_f10_H8G12_fraction1p0_H8_N0.csv;hourly_plot_csv/repeat_dev_f20_H4G8_fraction0p25_H4_N0.csv;hourly_plot_csv/repeat_dev_f20_H4G8_fraction0p5_H4_N0.csv;hourly_plot_csv/repeat_dev_f20_H4G8_fraction0p75_H4_N0.csv;hourly_plot_csv/repeat_dev_f20_H4G8_fraction1p0_H4_N0.csv;hourly_plot_csv/repeat_dev_f20_H8G12_fraction0p25_H8_N0.csv;hourly_plot_csv/repeat_dev_f20_H8G12_fraction0p5_H8_N0.csv;hourly_plot_csv/repeat_dev_f20_H8G12_fraction0p75_H8_N0.csv;hourly_plot_csv/repeat_dev_f20_H8G12_fraction1p0_H8_N0.csv;hourly_plot_csv/repeat_dev_f40_H4G8_fraction0p25_H4_N0.csv;hourly_plot_csv/repeat_dev_f40_H4G8_fraction0p5_H4_N0.csv;hourly_plot_csv/repeat_dev_f40_H4G8_fraction0p75_H4_N0.csv;hourly_plot_csv/repeat_dev_f40_H4G8_fraction1p0_H4_N0.csv;hourly_plot_csv/repeat_dev_f40_H8G12_fraction0p25_H8_N0.csv;hourly_plot_csv/repeat_dev_f40_H8G12_fraction0p5_H8_N0.csv;hourly_plot_csv/repeat_dev_f40_H8G12_fraction0p75_H8_N0.csv;hourly_plot_csv/repeat_dev_f40_H8G12_fraction1p0_H8_N0.csv;hourly_plot_csv/repeat_dev_f60_H4G8_fraction0p25_H4_N0.csv;hourly_plot_csv/repeat_dev_f60_H4G8_fraction0p5_H4_N0.csv;hourly_plot_csv/repeat_dev_f60_H4G8_fraction0p75_H4_N0.csv;hourly_plot_csv/repeat_dev_f60_H4G8_fraction1p0_H4_N0.csv;hourly_plot_csv/repeat_dev_f60_H8G12_fraction0p25_H8_N0.csv;hourly_plot_csv/repeat_dev_f60_H8G12_fraction0p5_H8_N0.csv;hourly_plot_csv/repeat_dev_f60_H8G12_fraction0p75_H8_N0.csv;hourly_plot_csv/repeat_dev_f60_H8G12_fraction1p0_H8_N0.csv;hourly_plot_csv/single_confirm_f05_single_selected_H4_N0.csv;hourly_plot_csv/single_confirm_f05_single_selected_H4_N2.csv;hourly_plot_csv/single_confirm_f05_single_selected_H4_N6.csv;hourly_plot_csv/single_confirm_f05_single_selected_H8_N0.csv;hourly_plot_csv/single_confirm_f05_single_selected_H8_N2.csv;hourly_plot_csv/single_confirm_f05_single_selected_H8_N6.csv;hourly_plot_csv/single_confirm_f10_single_selected_H4_N0.csv;hourly_plot_csv/single_confirm_f10_single_selected_H4_N2.csv;hourly_plot_csv/single_confirm_f10_single_selected_H4_N6.csv;hourly_plot_csv/single_confirm_f10_single_selected_H8_N0.csv;hourly_plot_csv/single_confirm_f10_single_selected_H8_N2.csv;hourly_plot_csv/single_confirm_f10_single_selected_H8_N6.csv;hourly_plot_csv/single_confirm_f20_single_selected_H4_N0.csv;hourly_plot_csv/single_confirm_f20_single_selected_H4_N2.csv;hourly_plot_csv/single_confirm_f20_single_selected_H4_N6.csv;hourly_plot_csv/single_confirm_f20_single_selected_H8_N0.csv;hourly_plot_csv/single_confirm_f20_single_selected_H8_N2.csv;hourly_plot_csv/single_confirm_f20_single_selected_H8_N6.csv;hourly_plot_csv/single_confirm_f40_single_selected_H4_N0.csv;hourly_plot_csv/single_confirm_f40_single_selected_H4_N2.csv;hourly_plot_csv/single_confirm_f40_single_selected_H4_N6.csv;hourly_plot_csv/single_confirm_f40_single_selected_H8_N0.csv;hourly_plot_csv/single_confirm_f40_single_selected_H8_N2.csv;hourly_plot_csv/single_confirm_f40_single_selected_H8_N6.csv;hourly_plot_csv/single_confirm_f60_single_selected_H4_N0.csv;hourly_plot_csv/single_confirm_f60_single_selected_H4_N2.csv;hourly_plot_csv/single_confirm_f60_single_selected_H4_N6.csv;hourly_plot_csv/single_confirm_f60_single_selected_H8_N0.csv;hourly_plot_csv/single_confirm_f60_single_selected_H8_N2.csv;hourly_plot_csv/single_confirm_f60_single_selected_H8_N6.csv;hourly_plot_csv/single_dev_f05_single_fraction0p5_H4_N0.csv;hourly_plot_csv/single_dev_f05_single_fraction0p5_H8_N0.csv;hourly_plot_csv/single_dev_f05_single_fraction0p75_H4_N0.csv;hourly_plot_csv/single_dev_f05_single_fraction0p75_H8_N0.csv;hourly_plot_csv/single_dev_f05_single_fraction0p9_H4_N0.csv;hourly_plot_csv/single_dev_f05_single_fraction0p9_H8_N0.csv;hourly_plot_csv/single_dev_f05_single_fraction1p0_H4_N0.csv;hourly_plot_csv/single_dev_f05_single_fraction1p0_H8_N0.csv;hourly_plot_csv/single_dev_f10_single_fraction0p5_H4_N0.csv;hourly_plot_csv/single_dev_f10_single_fraction0p5_H8_N0.csv;hourly_plot_csv/single_dev_f10_single_fraction0p75_H4_N0.csv;hourly_plot_csv/single_dev_f10_single_fraction0p75_H8_N0.csv;hourly_plot_csv/single_dev_f10_single_fraction0p9_H4_N0.csv;hourly_plot_csv/single_dev_f10_single_fraction0p9_H8_N0.csv;hourly_plot_csv/single_dev_f10_single_fraction1p0_H4_N0.csv;hourly_plot_csv/single_dev_f10_single_fraction1p0_H8_N0.csv;hourly_plot_csv/single_dev_f20_single_fraction0p5_H4_N0.csv;hourly_plot_csv/single_dev_f20_single_fraction0p5_H8_N0.csv;hourly_plot_csv/single_dev_f20_single_fraction0p75_H4_N0.csv;hourly_plot_csv/single_dev_f20_single_fraction0p75_H8_N0.csv;hourly_plot_csv/single_dev_f20_single_fraction0p9_H4_N0.csv;hourly_plot_csv/single_dev_f20_single_fraction0p9_H8_N0.csv;hourly_plot_csv/single_dev_f20_single_fraction1p0_H4_N0.csv;hourly_plot_csv/single_dev_f20_single_fraction1p0_H8_N0.csv;hourly_plot_csv/single_dev_f40_single_fraction0p5_H4_N0.csv;hourly_plot_csv/single_dev_f40_single_fraction0p5_H8_N0.csv;hourly_plot_csv/single_dev_f40_single_fraction0p75_H4_N0.csv;hourly_plot_csv/single_dev_f40_single_fraction0p75_H8_N0.csv;hourly_plot_csv/single_dev_f40_single_fraction0p9_H4_N0.csv;hourly_plot_csv/single_dev_f40_single_fraction0p9_H8_N0.csv;hourly_plot_csv/single_dev_f40_single_fraction1p0_H4_N0.csv;hourly_plot_csv/single_dev_f40_single_fraction1p0_H8_N0.csv;hourly_plot_csv/single_dev_f60_single_fraction0p5_H4_N0.csv;hourly_plot_csv/single_dev_f60_single_fraction0p5_H8_N0.csv;hourly_plot_csv/single_dev_f60_single_fraction0p75_H4_N0.csv;hourly_plot_csv/single_dev_f60_single_fraction0p75_H8_N0.csv;hourly_plot_csv/single_dev_f60_single_fraction0p9_H4_N0.csv;hourly_plot_csv/single_dev_f60_single_fraction0p9_H8_N0.csv;hourly_plot_csv/single_dev_f60_single_fraction1p0_H4_N0.csv;hourly_plot_csv/single_dev_f60_single_fraction1p0_H8_N0.csv;ready_hourly_curves.csv;repeat_confirm_summary.csv;repeat_dev_summary.csv;repeat_paired_comparisons.csv;repeated_confirmation_ledgers.csv;reserve_life_sensitivity.csv
pv_generation_kw,kW,Literal named model/output field; equations and criteria in current Supplementary Methods,hourly_full/*.parquet
pv_rated_kw,kW,Literal named model/output field; equations and criteria in current Supplementary Methods,control_renewable_scenarios.csv;renewable_scenarios.csv
pv_utilisation_fraction,fraction,Literal named model/output field; equations and criteria in current Supplementary Methods,control_renewable_scenarios.csv;renewable_scenarios.csv
qualification_scope,text,The statistical sample and criterion used for the qualified flag,economic_price_sensitivity.csv;economic_primary.csv;reserve_life_sensitivity.csv
qualified,boolean,One-sided 95% Wilson lower bound reaches 0.95 in the stated sample; economic tables refer to confirmation only,control_causal_summary.csv;economic_price_sensitivity.csv;economic_primary.csv;repeat_confirm_summary.csv;repeat_dev_summary.csv;reserve_life_sensitivity.csv;single_confirm_summary.csv;single_dev_summary.csv
raw_gpu_h_share,see table context,Literal named model/output field; equations and criteria in current Supplementary Methods,source_mix_by_class.csv;source_mix_by_class_priority.csv
rebound_excess_kw,kW,Literal named model/output field; equations and criteria in current Supplementary Methods,hourly_full/*.parquet
rebound_peak_kw,kW,Literal named model/output field; equations and criteria in current Supplementary Methods,all_trial_event_outcomes.csv
rebound_ratio,fraction,Literal named model/output field; equations and criteria in current Supplementary Methods,all_trial_event_outcomes.csv
rebound_ratio_proxy,see table context,Literal named model/output field; equations and criteria in current Supplementary Methods,hourly_full/*.parquet
rebound_reference_kw,kW,Literal named model/output field; equations and criteria in current Supplementary Methods,hourly_full/*.parquet
rebound_violation_cost,see table context,Literal named model/output field; equations and criteria in current Supplementary Methods,hourly_full/*.parquet
record_share,see table context,Literal named model/output field; equations and criteria in current Supplementary Methods,source_mix_by_class.csv;source_mix_by_class_priority.csv
records,see table context,Literal named model/output field; equations and criteria in current Supplementary Methods,source_mix_by_class.csv;source_mix_by_class_priority.csv
recovery_active,see table context,Literal named model/output field; equations and criteria in current Supplementary Methods,hourly_full/*.parquet;hourly_plot_csv/control_confirm_f10_g20_single_fixed_primary_request_H4_N0.csv;hourly_plot_csv/control_confirm_f10_g20_single_fixed_primary_request_H8_N0.csv;hourly_plot_csv/control_confirm_f10_g30_single_fixed_primary_request_H4_N0.csv;hourly_plot_csv/control_confirm_f10_g30_single_fixed_primary_request_H8_N0.csv;hourly_plot_csv/control_confirm_f10_rigid150_single_fixed_primary_request_H4_N0.csv;hourly_plot_csv/control_confirm_f10_rigid150_single_fixed_primary_request_H8_N0.csv;hourly_plot_csv/control_confirm_f10_rigid225_single_fixed_primary_request_H4_N0.csv;hourly_plot_csv/control_confirm_f10_rigid225_single_fixed_primary_request_H8_N0.csv;hourly_plot_csv/repeat_confirm_f05_H4G8_fresh0_H4_N0.csv;hourly_plot_csv/repeat_confirm_f05_H4G8_fresh1_H4_N0.csv;hourly_plot_csv/repeat_confirm_f05_H4G8_fresh2_H4_N0.csv;hourly_plot_csv/repeat_confirm_f05_H4G8_fresh3_H4_N0.csv;hourly_plot_csv/repeat_confirm_f05_H4G8_single_offer_repeated_H4_N0.csv;hourly_plot_csv/repeat_confirm_f05_H8G12_fresh0_H8_N0.csv;hourly_plot_csv/repeat_confirm_f05_H8G12_fresh1_H8_N0.csv;hourly_plot_csv/repeat_confirm_f05_H8G12_fresh2_H8_N0.csv;hourly_plot_csv/repeat_confirm_f05_H8G12_fresh3_H8_N0.csv;hourly_plot_csv/repeat_confirm_f05_H8G12_single_offer_repeated_H8_N0.csv;hourly_plot_csv/repeat_confirm_f10_H4G8_fresh0_H4_N0.csv;hourly_plot_csv/repeat_confirm_f10_H4G8_fresh1_H4_N0.csv;hourly_plot_csv/repeat_confirm_f10_H4G8_fresh2_H4_N0.csv;hourly_plot_csv/repeat_confirm_f10_H4G8_fresh3_H4_N0.csv;hourly_plot_csv/repeat_confirm_f10_H4G8_single_offer_repeated_H4_N0.csv;hourly_plot_csv/repeat_confirm_f10_H8G12_fresh0_H8_N0.csv;hourly_plot_csv/repeat_confirm_f10_H8G12_fresh1_H8_N0.csv;hourly_plot_csv/repeat_confirm_f10_H8G12_fresh2_H8_N0.csv;hourly_plot_csv/repeat_confirm_f10_H8G12_fresh3_H8_N0.csv;hourly_plot_csv/repeat_confirm_f10_H8G12_single_offer_repeated_H8_N0.csv;hourly_plot_csv/repeat_confirm_f20_H4G8_fresh0_H4_N0.csv;hourly_plot_csv/repeat_confirm_f20_H4G8_fresh1_H4_N0.csv;hourly_plot_csv/repeat_confirm_f20_H4G8_fresh2_H4_N0.csv;hourly_plot_csv/repeat_confirm_f20_H4G8_fresh3_H4_N0.csv;hourly_plot_csv/repeat_confirm_f20_H4G8_single_offer_repeated_H4_N0.csv;hourly_plot_csv/repeat_confirm_f20_H8G12_fresh0_H8_N0.csv;hourly_plot_csv/repeat_confirm_f20_H8G12_fresh1_H8_N0.csv;hourly_plot_csv/repeat_confirm_f20_H8G12_fresh2_H8_N0.csv;hourly_plot_csv/repeat_confirm_f20_H8G12_fresh3_H8_N0.csv;hourly_plot_csv/repeat_confirm_f20_H8G12_single_offer_repeated_H8_N0.csv;hourly_plot_csv/repeat_confirm_f40_H4G8_fresh0_H4_N0.csv;hourly_plot_csv/repeat_confirm_f40_H4G8_fresh1_H4_N0.csv;hourly_plot_csv/repeat_confirm_f40_H4G8_fresh2_H4_N0.csv;hourly_plot_csv/repeat_confirm_f40_H4G8_fresh3_H4_N0.csv;hourly_plot_csv/repeat_confirm_f40_H4G8_single_offer_repeated_H4_N0.csv;hourly_plot_csv/repeat_confirm_f40_H8G12_fresh0_H8_N0.csv;hourly_plot_csv/repeat_confirm_f40_H8G12_fresh1_H8_N0.csv;hourly_plot_csv/repeat_confirm_f40_H8G12_fresh2_H8_N0.csv;hourly_plot_csv/repeat_confirm_f40_H8G12_fresh3_H8_N0.csv;hourly_plot_csv/repeat_confirm_f40_H8G12_single_offer_repeated_H8_N0.csv;hourly_plot_csv/repeat_confirm_f60_H4G8_fresh0_H4_N0.csv;hourly_plot_csv/repeat_confirm_f60_H4G8_fresh1_H4_N0.csv;hourly_plot_csv/repeat_confirm_f60_H4G8_fresh2_H4_N0.csv;hourly_plot_csv/repeat_confirm_f60_H4G8_fresh3_H4_N0.csv;hourly_plot_csv/repeat_confirm_f60_H4G8_single_offer_repeated_H4_N0.csv;hourly_plot_csv/repeat_confirm_f60_H8G12_fresh0_H8_N0.csv;hourly_plot_csv/repeat_confirm_f60_H8G12_fresh1_H8_N0.csv;hourly_plot_csv/repeat_confirm_f60_H8G12_fresh2_H8_N0.csv;hourly_plot_csv/repeat_confirm_f60_H8G12_fresh3_H8_N0.csv;hourly_plot_csv/repeat_confirm_f60_H8G12_single_offer_repeated_H8_N0.csv;hourly_plot_csv/repeat_dev_f05_H4G8_fraction0p25_H4_N0.csv;hourly_plot_csv/repeat_dev_f05_H4G8_fraction0p5_H4_N0.csv;hourly_plot_csv/repeat_dev_f05_H4G8_fraction0p75_H4_N0.csv;hourly_plot_csv/repeat_dev_f05_H4G8_fraction1p0_H4_N0.csv;hourly_plot_csv/repeat_dev_f05_H8G12_fraction0p25_H8_N0.csv;hourly_plot_csv/repeat_dev_f05_H8G12_fraction0p5_H8_N0.csv;hourly_plot_csv/repeat_dev_f05_H8G12_fraction0p75_H8_N0.csv;hourly_plot_csv/repeat_dev_f05_H8G12_fraction1p0_H8_N0.csv;hourly_plot_csv/repeat_dev_f10_H4G8_fraction0p25_H4_N0.csv;hourly_plot_csv/repeat_dev_f10_H4G8_fraction0p5_H4_N0.csv;hourly_plot_csv/repeat_dev_f10_H4G8_fraction0p75_H4_N0.csv;hourly_plot_csv/repeat_dev_f10_H4G8_fraction1p0_H4_N0.csv;hourly_plot_csv/repeat_dev_f10_H8G12_fraction0p25_H8_N0.csv;hourly_plot_csv/repeat_dev_f10_H8G12_fraction0p5_H8_N0.csv;hourly_plot_csv/repeat_dev_f10_H8G12_fraction0p75_H8_N0.csv;hourly_plot_csv/repeat_dev_f10_H8G12_fraction1p0_H8_N0.csv;hourly_plot_csv/repeat_dev_f20_H4G8_fraction0p25_H4_N0.csv;hourly_plot_csv/repeat_dev_f20_H4G8_fraction0p5_H4_N0.csv;hourly_plot_csv/repeat_dev_f20_H4G8_fraction0p75_H4_N0.csv;hourly_plot_csv/repeat_dev_f20_H4G8_fraction1p0_H4_N0.csv;hourly_plot_csv/repeat_dev_f20_H8G12_fraction0p25_H8_N0.csv;hourly_plot_csv/repeat_dev_f20_H8G12_fraction0p5_H8_N0.csv;hourly_plot_csv/repeat_dev_f20_H8G12_fraction0p75_H8_N0.csv;hourly_plot_csv/repeat_dev_f20_H8G12_fraction1p0_H8_N0.csv;hourly_plot_csv/repeat_dev_f40_H4G8_fraction0p25_H4_N0.csv;hourly_plot_csv/repeat_dev_f40_H4G8_fraction0p5_H4_N0.csv;hourly_plot_csv/repeat_dev_f40_H4G8_fraction0p75_H4_N0.csv;hourly_plot_csv/repeat_dev_f40_H4G8_fraction1p0_H4_N0.csv;hourly_plot_csv/repeat_dev_f40_H8G12_fraction0p25_H8_N0.csv;hourly_plot_csv/repeat_dev_f40_H8G12_fraction0p5_H8_N0.csv;hourly_plot_csv/repeat_dev_f40_H8G12_fraction0p75_H8_N0.csv;hourly_plot_csv/repeat_dev_f40_H8G12_fraction1p0_H8_N0.csv;hourly_plot_csv/repeat_dev_f60_H4G8_fraction0p25_H4_N0.csv;hourly_plot_csv/repeat_dev_f60_H4G8_fraction0p5_H4_N0.csv;hourly_plot_csv/repeat_dev_f60_H4G8_fraction0p75_H4_N0.csv;hourly_plot_csv/repeat_dev_f60_H4G8_fraction1p0_H4_N0.csv;hourly_plot_csv/repeat_dev_f60_H8G12_fraction0p25_H8_N0.csv;hourly_plot_csv/repeat_dev_f60_H8G12_fraction0p5_H8_N0.csv;hourly_plot_csv/repeat_dev_f60_H8G12_fraction0p75_H8_N0.csv;hourly_plot_csv/repeat_dev_f60_H8G12_fraction1p0_H8_N0.csv;hourly_plot_csv/single_confirm_f05_single_selected_H4_N0.csv;hourly_plot_csv/single_confirm_f05_single_selected_H4_N2.csv;hourly_plot_csv/single_confirm_f05_single_selected_H4_N6.csv;hourly_plot_csv/single_confirm_f05_single_selected_H8_N0.csv;hourly_plot_csv/single_confirm_f05_single_selected_H8_N2.csv;hourly_plot_csv/single_confirm_f05_single_selected_H8_N6.csv;hourly_plot_csv/single_confirm_f10_single_selected_H4_N0.csv;hourly_plot_csv/single_confirm_f10_single_selected_H4_N2.csv;hourly_plot_csv/single_confirm_f10_single_selected_H4_N6.csv;hourly_plot_csv/single_confirm_f10_single_selected_H8_N0.csv;hourly_plot_csv/single_confirm_f10_single_selected_H8_N2.csv;hourly_plot_csv/single_confirm_f10_single_selected_H8_N6.csv;hourly_plot_csv/single_confirm_f20_single_selected_H4_N0.csv;hourly_plot_csv/single_confirm_f20_single_selected_H4_N2.csv;hourly_plot_csv/single_confirm_f20_single_selected_H4_N6.csv;hourly_plot_csv/single_confirm_f20_single_selected_H8_N0.csv;hourly_plot_csv/single_confirm_f20_single_selected_H8_N2.csv;hourly_plot_csv/single_confirm_f20_single_selected_H8_N6.csv;hourly_plot_csv/single_confirm_f40_single_selected_H4_N0.csv;hourly_plot_csv/single_confirm_f40_single_selected_H4_N2.csv;hourly_plot_csv/single_confirm_f40_single_selected_H4_N6.csv;hourly_plot_csv/single_confirm_f40_single_selected_H8_N0.csv;hourly_plot_csv/single_confirm_f40_single_selected_H8_N2.csv;hourly_plot_csv/single_confirm_f40_single_selected_H8_N6.csv;hourly_plot_csv/single_confirm_f60_single_selected_H4_N0.csv;hourly_plot_csv/single_confirm_f60_single_selected_H4_N2.csv;hourly_plot_csv/single_confirm_f60_single_selected_H4_N6.csv;hourly_plot_csv/single_confirm_f60_single_selected_H8_N0.csv;hourly_plot_csv/single_confirm_f60_single_selected_H8_N2.csv;hourly_plot_csv/single_confirm_f60_single_selected_H8_N6.csv;hourly_plot_csv/single_dev_f05_single_fraction0p5_H4_N0.csv;hourly_plot_csv/single_dev_f05_single_fraction0p5_H8_N0.csv;hourly_plot_csv/single_dev_f05_single_fraction0p75_H4_N0.csv;hourly_plot_csv/single_dev_f05_single_fraction0p75_H8_N0.csv;hourly_plot_csv/single_dev_f05_single_fraction0p9_H4_N0.csv;hourly_plot_csv/single_dev_f05_single_fraction0p9_H8_N0.csv;hourly_plot_csv/single_dev_f05_single_fraction1p0_H4_N0.csv;hourly_plot_csv/single_dev_f05_single_fraction1p0_H8_N0.csv;hourly_plot_csv/single_dev_f10_single_fraction0p5_H4_N0.csv;hourly_plot_csv/single_dev_f10_single_fraction0p5_H8_N0.csv;hourly_plot_csv/single_dev_f10_single_fraction0p75_H4_N0.csv;hourly_plot_csv/single_dev_f10_single_fraction0p75_H8_N0.csv;hourly_plot_csv/single_dev_f10_single_fraction0p9_H4_N0.csv;hourly_plot_csv/single_dev_f10_single_fraction0p9_H8_N0.csv;hourly_plot_csv/single_dev_f10_single_fraction1p0_H4_N0.csv;hourly_plot_csv/single_dev_f10_single_fraction1p0_H8_N0.csv;hourly_plot_csv/single_dev_f20_single_fraction0p5_H4_N0.csv;hourly_plot_csv/single_dev_f20_single_fraction0p5_H8_N0.csv;hourly_plot_csv/single_dev_f20_single_fraction0p75_H4_N0.csv;hourly_plot_csv/single_dev_f20_single_fraction0p75_H8_N0.csv;hourly_plot_csv/single_dev_f20_single_fraction0p9_H4_N0.csv;hourly_plot_csv/single_dev_f20_single_fraction0p9_H8_N0.csv;hourly_plot_csv/single_dev_f20_single_fraction1p0_H4_N0.csv;hourly_plot_csv/single_dev_f20_single_fraction1p0_H8_N0.csv;hourly_plot_csv/single_dev_f40_single_fraction0p5_H4_N0.csv;hourly_plot_csv/single_dev_f40_single_fraction0p5_H8_N0.csv;hourly_plot_csv/single_dev_f40_single_fraction0p75_H4_N0.csv;hourly_plot_csv/single_dev_f40_single_fraction0p75_H8_N0.csv;hourly_plot_csv/single_dev_f40_single_fraction0p9_H4_N0.csv;hourly_plot_csv/single_dev_f40_single_fraction0p9_H8_N0.csv;hourly_plot_csv/single_dev_f40_single_fraction1p0_H4_N0.csv;hourly_plot_csv/single_dev_f40_single_fraction1p0_H8_N0.csv;hourly_plot_csv/single_dev_f60_single_fraction0p5_H4_N0.csv;hourly_plot_csv/single_dev_f60_single_fraction0p5_H8_N0.csv;hourly_plot_csv/single_dev_f60_single_fraction0p75_H4_N0.csv;hourly_plot_csv/single_dev_f60_single_fraction0p75_H8_N0.csv;hourly_plot_csv/single_dev_f60_single_fraction0p9_H4_N0.csv;hourly_plot_csv/single_dev_f60_single_fraction0p9_H8_N0.csv;hourly_plot_csv/single_dev_f60_single_fraction1p0_H4_N0.csv;hourly_plot_csv/single_dev_f60_single_fraction1p0_H8_N0.csv
recovery_complete,see table context,Literal named model/output field; equations and criteria in current Supplementary Methods,hourly_full/*.parquet
recovery_remaining_hours,see table context,Literal named model/output field; equations and criteria in current Supplementary Methods,hourly_full/*.parquet
recovery_time_h,h or null,Time to baseline-relative recovery; null if unresolved within window,all_trial_event_outcomes.csv
reference_mix_operating_peak_kw,kW,Literal named model/output field; equations and criteria in current Supplementary Methods,control_pi_boundaries.csv;control_pi_scenarios.csv;control_renewable_scenarios.csv;hourly_full/*.parquet;pi_boundaries.csv;pi_scenarios.csv;renewable_scenarios.csv
refinement_solve_seconds,see table context,Literal named model/output field; equations and criteria in current Supplementary Methods,control_pi_scenarios.csv;pi_scenarios.csv
regime,see table context,Literal named model/output field; equations and criteria in current Supplementary Methods,economic_primary.csv;reserve_life_sensitivity.csv
reliability_target,see table context,Literal named model/output field; equations and criteria in current Supplementary Methods,control_pi_boundaries.csv;pi_boundaries.csv
renewable_demand_share,see table context,Literal named model/output field; equations and criteria in current Supplementary Methods,control_renewable_scenarios.csv;renewable_scenarios.csv
repeat,see table context,Literal named model/output field; equations and criteria in current Supplementary Methods,calibration_run_means.csv
repeated_lower,fraction,Literal named model/output field; equations and criteria in current Supplementary Methods,repeat_paired_comparisons.csv
repeated_successes,see table context,Literal named model/output field; equations and criteria in current Supplementary Methods,repeat_paired_comparisons.csv
request_tag,see table context,Literal named model/output field; equations and criteria in current Supplementary Methods,hourly_full/*.parquet;hourly_plot_csv/control_confirm_f10_g20_single_fixed_primary_request_H4_N0.csv;hourly_plot_csv/control_confirm_f10_g20_single_fixed_primary_request_H8_N0.csv;hourly_plot_csv/control_confirm_f10_g30_single_fixed_primary_request_H4_N0.csv;hourly_plot_csv/control_confirm_f10_g30_single_fixed_primary_request_H8_N0.csv;hourly_plot_csv/control_confirm_f10_rigid150_single_fixed_primary_request_H4_N0.csv;hourly_plot_csv/control_confirm_f10_rigid150_single_fixed_primary_request_H8_N0.csv;hourly_plot_csv/control_confirm_f10_rigid225_single_fixed_primary_request_H4_N0.csv;hourly_plot_csv/control_confirm_f10_rigid225_single_fixed_primary_request_H8_N0.csv;hourly_plot_csv/repeat_confirm_f05_H4G8_fresh0_H4_N0.csv;hourly_plot_csv/repeat_confirm_f05_H4G8_fresh1_H4_N0.csv;hourly_plot_csv/repeat_confirm_f05_H4G8_fresh2_H4_N0.csv;hourly_plot_csv/repeat_confirm_f05_H4G8_fresh3_H4_N0.csv;hourly_plot_csv/repeat_confirm_f05_H4G8_single_offer_repeated_H4_N0.csv;hourly_plot_csv/repeat_confirm_f05_H8G12_fresh0_H8_N0.csv;hourly_plot_csv/repeat_confirm_f05_H8G12_fresh1_H8_N0.csv;hourly_plot_csv/repeat_confirm_f05_H8G12_fresh2_H8_N0.csv;hourly_plot_csv/repeat_confirm_f05_H8G12_fresh3_H8_N0.csv;hourly_plot_csv/repeat_confirm_f05_H8G12_single_offer_repeated_H8_N0.csv;hourly_plot_csv/repeat_confirm_f10_H4G8_fresh0_H4_N0.csv;hourly_plot_csv/repeat_confirm_f10_H4G8_fresh1_H4_N0.csv;hourly_plot_csv/repeat_confirm_f10_H4G8_fresh2_H4_N0.csv;hourly_plot_csv/repeat_confirm_f10_H4G8_fresh3_H4_N0.csv;hourly_plot_csv/repeat_confirm_f10_H4G8_single_offer_repeated_H4_N0.csv;hourly_plot_csv/repeat_confirm_f10_H8G12_fresh0_H8_N0.csv;hourly_plot_csv/repeat_confirm_f10_H8G12_fresh1_H8_N0.csv;hourly_plot_csv/repeat_confirm_f10_H8G12_fresh2_H8_N0.csv;hourly_plot_csv/repeat_confirm_f10_H8G12_fresh3_H8_N0.csv;hourly_plot_csv/repeat_confirm_f10_H8G12_single_offer_repeated_H8_N0.csv;hourly_plot_csv/repeat_confirm_f20_H4G8_fresh0_H4_N0.csv;hourly_plot_csv/repeat_confirm_f20_H4G8_fresh1_H4_N0.csv;hourly_plot_csv/repeat_confirm_f20_H4G8_fresh2_H4_N0.csv;hourly_plot_csv/repeat_confirm_f20_H4G8_fresh3_H4_N0.csv;hourly_plot_csv/repeat_confirm_f20_H4G8_single_offer_repeated_H4_N0.csv;hourly_plot_csv/repeat_confirm_f20_H8G12_fresh0_H8_N0.csv;hourly_plot_csv/repeat_confirm_f20_H8G12_fresh1_H8_N0.csv;hourly_plot_csv/repeat_confirm_f20_H8G12_fresh2_H8_N0.csv;hourly_plot_csv/repeat_confirm_f20_H8G12_fresh3_H8_N0.csv;hourly_plot_csv/repeat_confirm_f20_H8G12_single_offer_repeated_H8_N0.csv;hourly_plot_csv/repeat_confirm_f40_H4G8_fresh0_H4_N0.csv;hourly_plot_csv/repeat_confirm_f40_H4G8_fresh1_H4_N0.csv;hourly_plot_csv/repeat_confirm_f40_H4G8_fresh2_H4_N0.csv;hourly_plot_csv/repeat_confirm_f40_H4G8_fresh3_H4_N0.csv;hourly_plot_csv/repeat_confirm_f40_H4G8_single_offer_repeated_H4_N0.csv;hourly_plot_csv/repeat_confirm_f40_H8G12_fresh0_H8_N0.csv;hourly_plot_csv/repeat_confirm_f40_H8G12_fresh1_H8_N0.csv;hourly_plot_csv/repeat_confirm_f40_H8G12_fresh2_H8_N0.csv;hourly_plot_csv/repeat_confirm_f40_H8G12_fresh3_H8_N0.csv;hourly_plot_csv/repeat_confirm_f40_H8G12_single_offer_repeated_H8_N0.csv;hourly_plot_csv/repeat_confirm_f60_H4G8_fresh0_H4_N0.csv;hourly_plot_csv/repeat_confirm_f60_H4G8_fresh1_H4_N0.csv;hourly_plot_csv/repeat_confirm_f60_H4G8_fresh2_H4_N0.csv;hourly_plot_csv/repeat_confirm_f60_H4G8_fresh3_H4_N0.csv;hourly_plot_csv/repeat_confirm_f60_H4G8_single_offer_repeated_H4_N0.csv;hourly_plot_csv/repeat_confirm_f60_H8G12_fresh0_H8_N0.csv;hourly_plot_csv/repeat_confirm_f60_H8G12_fresh1_H8_N0.csv;hourly_plot_csv/repeat_confirm_f60_H8G12_fresh2_H8_N0.csv;hourly_plot_csv/repeat_confirm_f60_H8G12_fresh3_H8_N0.csv;hourly_plot_csv/repeat_confirm_f60_H8G12_single_offer_repeated_H8_N0.csv;hourly_plot_csv/repeat_dev_f05_H4G8_fraction0p25_H4_N0.csv;hourly_plot_csv/repeat_dev_f05_H4G8_fraction0p5_H4_N0.csv;hourly_plot_csv/repeat_dev_f05_H4G8_fraction0p75_H4_N0.csv;hourly_plot_csv/repeat_dev_f05_H4G8_fraction1p0_H4_N0.csv;hourly_plot_csv/repeat_dev_f05_H8G12_fraction0p25_H8_N0.csv;hourly_plot_csv/repeat_dev_f05_H8G12_fraction0p5_H8_N0.csv;hourly_plot_csv/repeat_dev_f05_H8G12_fraction0p75_H8_N0.csv;hourly_plot_csv/repeat_dev_f05_H8G12_fraction1p0_H8_N0.csv;hourly_plot_csv/repeat_dev_f10_H4G8_fraction0p25_H4_N0.csv;hourly_plot_csv/repeat_dev_f10_H4G8_fraction0p5_H4_N0.csv;hourly_plot_csv/repeat_dev_f10_H4G8_fraction0p75_H4_N0.csv;hourly_plot_csv/repeat_dev_f10_H4G8_fraction1p0_H4_N0.csv;hourly_plot_csv/repeat_dev_f10_H8G12_fraction0p25_H8_N0.csv;hourly_plot_csv/repeat_dev_f10_H8G12_fraction0p5_H8_N0.csv;hourly_plot_csv/repeat_dev_f10_H8G12_fraction0p75_H8_N0.csv;hourly_plot_csv/repeat_dev_f10_H8G12_fraction1p0_H8_N0.csv;hourly_plot_csv/repeat_dev_f20_H4G8_fraction0p25_H4_N0.csv;hourly_plot_csv/repeat_dev_f20_H4G8_fraction0p5_H4_N0.csv;hourly_plot_csv/repeat_dev_f20_H4G8_fraction0p75_H4_N0.csv;hourly_plot_csv/repeat_dev_f20_H4G8_fraction1p0_H4_N0.csv;hourly_plot_csv/repeat_dev_f20_H8G12_fraction0p25_H8_N0.csv;hourly_plot_csv/repeat_dev_f20_H8G12_fraction0p5_H8_N0.csv;hourly_plot_csv/repeat_dev_f20_H8G12_fraction0p75_H8_N0.csv;hourly_plot_csv/repeat_dev_f20_H8G12_fraction1p0_H8_N0.csv;hourly_plot_csv/repeat_dev_f40_H4G8_fraction0p25_H4_N0.csv;hourly_plot_csv/repeat_dev_f40_H4G8_fraction0p5_H4_N0.csv;hourly_plot_csv/repeat_dev_f40_H4G8_fraction0p75_H4_N0.csv;hourly_plot_csv/repeat_dev_f40_H4G8_fraction1p0_H4_N0.csv;hourly_plot_csv/repeat_dev_f40_H8G12_fraction0p25_H8_N0.csv;hourly_plot_csv/repeat_dev_f40_H8G12_fraction0p5_H8_N0.csv;hourly_plot_csv/repeat_dev_f40_H8G12_fraction0p75_H8_N0.csv;hourly_plot_csv/repeat_dev_f40_H8G12_fraction1p0_H8_N0.csv;hourly_plot_csv/repeat_dev_f60_H4G8_fraction0p25_H4_N0.csv;hourly_plot_csv/repeat_dev_f60_H4G8_fraction0p5_H4_N0.csv;hourly_plot_csv/repeat_dev_f60_H4G8_fraction0p75_H4_N0.csv;hourly_plot_csv/repeat_dev_f60_H4G8_fraction1p0_H4_N0.csv;hourly_plot_csv/repeat_dev_f60_H8G12_fraction0p25_H8_N0.csv;hourly_plot_csv/repeat_dev_f60_H8G12_fraction0p5_H8_N0.csv;hourly_plot_csv/repeat_dev_f60_H8G12_fraction0p75_H8_N0.csv;hourly_plot_csv/repeat_dev_f60_H8G12_fraction1p0_H8_N0.csv;hourly_plot_csv/single_confirm_f05_single_selected_H4_N0.csv;hourly_plot_csv/single_confirm_f05_single_selected_H4_N2.csv;hourly_plot_csv/single_confirm_f05_single_selected_H4_N6.csv;hourly_plot_csv/single_confirm_f05_single_selected_H8_N0.csv;hourly_plot_csv/single_confirm_f05_single_selected_H8_N2.csv;hourly_plot_csv/single_confirm_f05_single_selected_H8_N6.csv;hourly_plot_csv/single_confirm_f10_single_selected_H4_N0.csv;hourly_plot_csv/single_confirm_f10_single_selected_H4_N2.csv;hourly_plot_csv/single_confirm_f10_single_selected_H4_N6.csv;hourly_plot_csv/single_confirm_f10_single_selected_H8_N0.csv;hourly_plot_csv/single_confirm_f10_single_selected_H8_N2.csv;hourly_plot_csv/single_confirm_f10_single_selected_H8_N6.csv;hourly_plot_csv/single_confirm_f20_single_selected_H4_N0.csv;hourly_plot_csv/single_confirm_f20_single_selected_H4_N2.csv;hourly_plot_csv/single_confirm_f20_single_selected_H4_N6.csv;hourly_plot_csv/single_confirm_f20_single_selected_H8_N0.csv;hourly_plot_csv/single_confirm_f20_single_selected_H8_N2.csv;hourly_plot_csv/single_confirm_f20_single_selected_H8_N6.csv;hourly_plot_csv/single_confirm_f40_single_selected_H4_N0.csv;hourly_plot_csv/single_confirm_f40_single_selected_H4_N2.csv;hourly_plot_csv/single_confirm_f40_single_selected_H4_N6.csv;hourly_plot_csv/single_confirm_f40_single_selected_H8_N0.csv;hourly_plot_csv/single_confirm_f40_single_selected_H8_N2.csv;hourly_plot_csv/single_confirm_f40_single_selected_H8_N6.csv;hourly_plot_csv/single_confirm_f60_single_selected_H4_N0.csv;hourly_plot_csv/single_confirm_f60_single_selected_H4_N2.csv;hourly_plot_csv/single_confirm_f60_single_selected_H4_N6.csv;hourly_plot_csv/single_confirm_f60_single_selected_H8_N0.csv;hourly_plot_csv/single_confirm_f60_single_selected_H8_N2.csv;hourly_plot_csv/single_confirm_f60_single_selected_H8_N6.csv;hourly_plot_csv/single_dev_f05_single_fraction0p5_H4_N0.csv;hourly_plot_csv/single_dev_f05_single_fraction0p5_H8_N0.csv;hourly_plot_csv/single_dev_f05_single_fraction0p75_H4_N0.csv;hourly_plot_csv/single_dev_f05_single_fraction0p75_H8_N0.csv;hourly_plot_csv/single_dev_f05_single_fraction0p9_H4_N0.csv;hourly_plot_csv/single_dev_f05_single_fraction0p9_H8_N0.csv;hourly_plot_csv/single_dev_f05_single_fraction1p0_H4_N0.csv;hourly_plot_csv/single_dev_f05_single_fraction1p0_H8_N0.csv;hourly_plot_csv/single_dev_f10_single_fraction0p5_H4_N0.csv;hourly_plot_csv/single_dev_f10_single_fraction0p5_H8_N0.csv;hourly_plot_csv/single_dev_f10_single_fraction0p75_H4_N0.csv;hourly_plot_csv/single_dev_f10_single_fraction0p75_H8_N0.csv;hourly_plot_csv/single_dev_f10_single_fraction0p9_H4_N0.csv;hourly_plot_csv/single_dev_f10_single_fraction0p9_H8_N0.csv;hourly_plot_csv/single_dev_f10_single_fraction1p0_H4_N0.csv;hourly_plot_csv/single_dev_f10_single_fraction1p0_H8_N0.csv;hourly_plot_csv/single_dev_f20_single_fraction0p5_H4_N0.csv;hourly_plot_csv/single_dev_f20_single_fraction0p5_H8_N0.csv;hourly_plot_csv/single_dev_f20_single_fraction0p75_H4_N0.csv;hourly_plot_csv/single_dev_f20_single_fraction0p75_H8_N0.csv;hourly_plot_csv/single_dev_f20_single_fraction0p9_H4_N0.csv;hourly_plot_csv/single_dev_f20_single_fraction0p9_H8_N0.csv;hourly_plot_csv/single_dev_f20_single_fraction1p0_H4_N0.csv;hourly_plot_csv/single_dev_f20_single_fraction1p0_H8_N0.csv;hourly_plot_csv/single_dev_f40_single_fraction0p5_H4_N0.csv;hourly_plot_csv/single_dev_f40_single_fraction0p5_H8_N0.csv;hourly_plot_csv/single_dev_f40_single_fraction0p75_H4_N0.csv;hourly_plot_csv/single_dev_f40_single_fraction0p75_H8_N0.csv;hourly_plot_csv/single_dev_f40_single_fraction0p9_H4_N0.csv;hourly_plot_csv/single_dev_f40_single_fraction0p9_H8_N0.csv;hourly_plot_csv/single_dev_f40_single_fraction1p0_H4_N0.csv;hourly_plot_csv/single_dev_f40_single_fraction1p0_H8_N0.csv;hourly_plot_csv/single_dev_f60_single_fraction0p5_H4_N0.csv;hourly_plot_csv/single_dev_f60_single_fraction0p5_H8_N0.csv;hourly_plot_csv/single_dev_f60_single_fraction0p75_H4_N0.csv;hourly_plot_csv/single_dev_f60_single_fraction0p75_H8_N0.csv;hourly_plot_csv/single_dev_f60_single_fraction0p9_H4_N0.csv;hourly_plot_csv/single_dev_f60_single_fraction0p9_H8_N0.csv;hourly_plot_csv/single_dev_f60_single_fraction1p0_H4_N0.csv;hourly_plot_csv/single_dev_f60_single_fraction1p0_H8_N0.csv
requested_reduction_kw,kW,Literal named model/output field; equations and criteria in current Supplementary Methods,all_trial_event_outcomes.csv;hourly_full/*.parquet;hourly_plot_csv/control_confirm_f10_g20_single_fixed_primary_request_H4_N0.csv;hourly_plot_csv/control_confirm_f10_g20_single_fixed_primary_request_H8_N0.csv;hourly_plot_csv/control_confirm_f10_g30_single_fixed_primary_request_H4_N0.csv;hourly_plot_csv/control_confirm_f10_g30_single_fixed_primary_request_H8_N0.csv;hourly_plot_csv/control_confirm_f10_rigid150_single_fixed_primary_request_H4_N0.csv;hourly_plot_csv/control_confirm_f10_rigid150_single_fixed_primary_request_H8_N0.csv;hourly_plot_csv/control_confirm_f10_rigid225_single_fixed_primary_request_H4_N0.csv;hourly_plot_csv/control_confirm_f10_rigid225_single_fixed_primary_request_H8_N0.csv;hourly_plot_csv/repeat_confirm_f05_H4G8_fresh0_H4_N0.csv;hourly_plot_csv/repeat_confirm_f05_H4G8_fresh1_H4_N0.csv;hourly_plot_csv/repeat_confirm_f05_H4G8_fresh2_H4_N0.csv;hourly_plot_csv/repeat_confirm_f05_H4G8_fresh3_H4_N0.csv;hourly_plot_csv/repeat_confirm_f05_H4G8_single_offer_repeated_H4_N0.csv;hourly_plot_csv/repeat_confirm_f05_H8G12_fresh0_H8_N0.csv;hourly_plot_csv/repeat_confirm_f05_H8G12_fresh1_H8_N0.csv;hourly_plot_csv/repeat_confirm_f05_H8G12_fresh2_H8_N0.csv;hourly_plot_csv/repeat_confirm_f05_H8G12_fresh3_H8_N0.csv;hourly_plot_csv/repeat_confirm_f05_H8G12_single_offer_repeated_H8_N0.csv;hourly_plot_csv/repeat_confirm_f10_H4G8_fresh0_H4_N0.csv;hourly_plot_csv/repeat_confirm_f10_H4G8_fresh1_H4_N0.csv;hourly_plot_csv/repeat_confirm_f10_H4G8_fresh2_H4_N0.csv;hourly_plot_csv/repeat_confirm_f10_H4G8_fresh3_H4_N0.csv;hourly_plot_csv/repeat_confirm_f10_H4G8_single_offer_repeated_H4_N0.csv;hourly_plot_csv/repeat_confirm_f10_H8G12_fresh0_H8_N0.csv;hourly_plot_csv/repeat_confirm_f10_H8G12_fresh1_H8_N0.csv;hourly_plot_csv/repeat_confirm_f10_H8G12_fresh2_H8_N0.csv;hourly_plot_csv/repeat_confirm_f10_H8G12_fresh3_H8_N0.csv;hourly_plot_csv/repeat_confirm_f10_H8G12_single_offer_repeated_H8_N0.csv;hourly_plot_csv/repeat_confirm_f20_H4G8_fresh0_H4_N0.csv;hourly_plot_csv/repeat_confirm_f20_H4G8_fresh1_H4_N0.csv;hourly_plot_csv/repeat_confirm_f20_H4G8_fresh2_H4_N0.csv;hourly_plot_csv/repeat_confirm_f20_H4G8_fresh3_H4_N0.csv;hourly_plot_csv/repeat_confirm_f20_H4G8_single_offer_repeated_H4_N0.csv;hourly_plot_csv/repeat_confirm_f20_H8G12_fresh0_H8_N0.csv;hourly_plot_csv/repeat_confirm_f20_H8G12_fresh1_H8_N0.csv;hourly_plot_csv/repeat_confirm_f20_H8G12_fresh2_H8_N0.csv;hourly_plot_csv/repeat_confirm_f20_H8G12_fresh3_H8_N0.csv;hourly_plot_csv/repeat_confirm_f20_H8G12_single_offer_repeated_H8_N0.csv;hourly_plot_csv/repeat_confirm_f40_H4G8_fresh0_H4_N0.csv;hourly_plot_csv/repeat_confirm_f40_H4G8_fresh1_H4_N0.csv;hourly_plot_csv/repeat_confirm_f40_H4G8_fresh2_H4_N0.csv;hourly_plot_csv/repeat_confirm_f40_H4G8_fresh3_H4_N0.csv;hourly_plot_csv/repeat_confirm_f40_H4G8_single_offer_repeated_H4_N0.csv;hourly_plot_csv/repeat_confirm_f40_H8G12_fresh0_H8_N0.csv;hourly_plot_csv/repeat_confirm_f40_H8G12_fresh1_H8_N0.csv;hourly_plot_csv/repeat_confirm_f40_H8G12_fresh2_H8_N0.csv;hourly_plot_csv/repeat_confirm_f40_H8G12_fresh3_H8_N0.csv;hourly_plot_csv/repeat_confirm_f40_H8G12_single_offer_repeated_H8_N0.csv;hourly_plot_csv/repeat_confirm_f60_H4G8_fresh0_H4_N0.csv;hourly_plot_csv/repeat_confirm_f60_H4G8_fresh1_H4_N0.csv;hourly_plot_csv/repeat_confirm_f60_H4G8_fresh2_H4_N0.csv;hourly_plot_csv/repeat_confirm_f60_H4G8_fresh3_H4_N0.csv;hourly_plot_csv/repeat_confirm_f60_H4G8_single_offer_repeated_H4_N0.csv;hourly_plot_csv/repeat_confirm_f60_H8G12_fresh0_H8_N0.csv;hourly_plot_csv/repeat_confirm_f60_H8G12_fresh1_H8_N0.csv;hourly_plot_csv/repeat_confirm_f60_H8G12_fresh2_H8_N0.csv;hourly_plot_csv/repeat_confirm_f60_H8G12_fresh3_H8_N0.csv;hourly_plot_csv/repeat_confirm_f60_H8G12_single_offer_repeated_H8_N0.csv;hourly_plot_csv/repeat_dev_f05_H4G8_fraction0p25_H4_N0.csv;hourly_plot_csv/repeat_dev_f05_H4G8_fraction0p5_H4_N0.csv;hourly_plot_csv/repeat_dev_f05_H4G8_fraction0p75_H4_N0.csv;hourly_plot_csv/repeat_dev_f05_H4G8_fraction1p0_H4_N0.csv;hourly_plot_csv/repeat_dev_f05_H8G12_fraction0p25_H8_N0.csv;hourly_plot_csv/repeat_dev_f05_H8G12_fraction0p5_H8_N0.csv;hourly_plot_csv/repeat_dev_f05_H8G12_fraction0p75_H8_N0.csv;hourly_plot_csv/repeat_dev_f05_H8G12_fraction1p0_H8_N0.csv;hourly_plot_csv/repeat_dev_f10_H4G8_fraction0p25_H4_N0.csv;hourly_plot_csv/repeat_dev_f10_H4G8_fraction0p5_H4_N0.csv;hourly_plot_csv/repeat_dev_f10_H4G8_fraction0p75_H4_N0.csv;hourly_plot_csv/repeat_dev_f10_H4G8_fraction1p0_H4_N0.csv;hourly_plot_csv/repeat_dev_f10_H8G12_fraction0p25_H8_N0.csv;hourly_plot_csv/repeat_dev_f10_H8G12_fraction0p5_H8_N0.csv;hourly_plot_csv/repeat_dev_f10_H8G12_fraction0p75_H8_N0.csv;hourly_plot_csv/repeat_dev_f10_H8G12_fraction1p0_H8_N0.csv;hourly_plot_csv/repeat_dev_f20_H4G8_fraction0p25_H4_N0.csv;hourly_plot_csv/repeat_dev_f20_H4G8_fraction0p5_H4_N0.csv;hourly_plot_csv/repeat_dev_f20_H4G8_fraction0p75_H4_N0.csv;hourly_plot_csv/repeat_dev_f20_H4G8_fraction1p0_H4_N0.csv;hourly_plot_csv/repeat_dev_f20_H8G12_fraction0p25_H8_N0.csv;hourly_plot_csv/repeat_dev_f20_H8G12_fraction0p5_H8_N0.csv;hourly_plot_csv/repeat_dev_f20_H8G12_fraction0p75_H8_N0.csv;hourly_plot_csv/repeat_dev_f20_H8G12_fraction1p0_H8_N0.csv;hourly_plot_csv/repeat_dev_f40_H4G8_fraction0p25_H4_N0.csv;hourly_plot_csv/repeat_dev_f40_H4G8_fraction0p5_H4_N0.csv;hourly_plot_csv/repeat_dev_f40_H4G8_fraction0p75_H4_N0.csv;hourly_plot_csv/repeat_dev_f40_H4G8_fraction1p0_H4_N0.csv;hourly_plot_csv/repeat_dev_f40_H8G12_fraction0p25_H8_N0.csv;hourly_plot_csv/repeat_dev_f40_H8G12_fraction0p5_H8_N0.csv;hourly_plot_csv/repeat_dev_f40_H8G12_fraction0p75_H8_N0.csv;hourly_plot_csv/repeat_dev_f40_H8G12_fraction1p0_H8_N0.csv;hourly_plot_csv/repeat_dev_f60_H4G8_fraction0p25_H4_N0.csv;hourly_plot_csv/repeat_dev_f60_H4G8_fraction0p5_H4_N0.csv;hourly_plot_csv/repeat_dev_f60_H4G8_fraction0p75_H4_N0.csv;hourly_plot_csv/repeat_dev_f60_H4G8_fraction1p0_H4_N0.csv;hourly_plot_csv/repeat_dev_f60_H8G12_fraction0p25_H8_N0.csv;hourly_plot_csv/repeat_dev_f60_H8G12_fraction0p5_H8_N0.csv;hourly_plot_csv/repeat_dev_f60_H8G12_fraction0p75_H8_N0.csv;hourly_plot_csv/repeat_dev_f60_H8G12_fraction1p0_H8_N0.csv;hourly_plot_csv/single_confirm_f05_single_selected_H4_N0.csv;hourly_plot_csv/single_confirm_f05_single_selected_H4_N2.csv;hourly_plot_csv/single_confirm_f05_single_selected_H4_N6.csv;hourly_plot_csv/single_confirm_f05_single_selected_H8_N0.csv;hourly_plot_csv/single_confirm_f05_single_selected_H8_N2.csv;hourly_plot_csv/single_confirm_f05_single_selected_H8_N6.csv;hourly_plot_csv/single_confirm_f10_single_selected_H4_N0.csv;hourly_plot_csv/single_confirm_f10_single_selected_H4_N2.csv;hourly_plot_csv/single_confirm_f10_single_selected_H4_N6.csv;hourly_plot_csv/single_confirm_f10_single_selected_H8_N0.csv;hourly_plot_csv/single_confirm_f10_single_selected_H8_N2.csv;hourly_plot_csv/single_confirm_f10_single_selected_H8_N6.csv;hourly_plot_csv/single_confirm_f20_single_selected_H4_N0.csv;hourly_plot_csv/single_confirm_f20_single_selected_H4_N2.csv;hourly_plot_csv/single_confirm_f20_single_selected_H4_N6.csv;hourly_plot_csv/single_confirm_f20_single_selected_H8_N0.csv;hourly_plot_csv/single_confirm_f20_single_selected_H8_N2.csv;hourly_plot_csv/single_confirm_f20_single_selected_H8_N6.csv;hourly_plot_csv/single_confirm_f40_single_selected_H4_N0.csv;hourly_plot_csv/single_confirm_f40_single_selected_H4_N2.csv;hourly_plot_csv/single_confirm_f40_single_selected_H4_N6.csv;hourly_plot_csv/single_confirm_f40_single_selected_H8_N0.csv;hourly_plot_csv/single_confirm_f40_single_selected_H8_N2.csv;hourly_plot_csv/single_confirm_f40_single_selected_H8_N6.csv;hourly_plot_csv/single_confirm_f60_single_selected_H4_N0.csv;hourly_plot_csv/single_confirm_f60_single_selected_H4_N2.csv;hourly_plot_csv/single_confirm_f60_single_selected_H4_N6.csv;hourly_plot_csv/single_confirm_f60_single_selected_H8_N0.csv;hourly_plot_csv/single_confirm_f60_single_selected_H8_N2.csv;hourly_plot_csv/single_confirm_f60_single_selected_H8_N6.csv;hourly_plot_csv/single_dev_f05_single_fraction0p5_H4_N0.csv;hourly_plot_csv/single_dev_f05_single_fraction0p5_H8_N0.csv;hourly_plot_csv/single_dev_f05_single_fraction0p75_H4_N0.csv;hourly_plot_csv/single_dev_f05_single_fraction0p75_H8_N0.csv;hourly_plot_csv/single_dev_f05_single_fraction0p9_H4_N0.csv;hourly_plot_csv/single_dev_f05_single_fraction0p9_H8_N0.csv;hourly_plot_csv/single_dev_f05_single_fraction1p0_H4_N0.csv;hourly_plot_csv/single_dev_f05_single_fraction1p0_H8_N0.csv;hourly_plot_csv/single_dev_f10_single_fraction0p5_H4_N0.csv;hourly_plot_csv/single_dev_f10_single_fraction0p5_H8_N0.csv;hourly_plot_csv/single_dev_f10_single_fraction0p75_H4_N0.csv;hourly_plot_csv/single_dev_f10_single_fraction0p75_H8_N0.csv;hourly_plot_csv/single_dev_f10_single_fraction0p9_H4_N0.csv;hourly_plot_csv/single_dev_f10_single_fraction0p9_H8_N0.csv;hourly_plot_csv/single_dev_f10_single_fraction1p0_H4_N0.csv;hourly_plot_csv/single_dev_f10_single_fraction1p0_H8_N0.csv;hourly_plot_csv/single_dev_f20_single_fraction0p5_H4_N0.csv;hourly_plot_csv/single_dev_f20_single_fraction0p5_H8_N0.csv;hourly_plot_csv/single_dev_f20_single_fraction0p75_H4_N0.csv;hourly_plot_csv/single_dev_f20_single_fraction0p75_H8_N0.csv;hourly_plot_csv/single_dev_f20_single_fraction0p9_H4_N0.csv;hourly_plot_csv/single_dev_f20_single_fraction0p9_H8_N0.csv;hourly_plot_csv/single_dev_f20_single_fraction1p0_H4_N0.csv;hourly_plot_csv/single_dev_f20_single_fraction1p0_H8_N0.csv;hourly_plot_csv/single_dev_f40_single_fraction0p5_H4_N0.csv;hourly_plot_csv/single_dev_f40_single_fraction0p5_H8_N0.csv;hourly_plot_csv/single_dev_f40_single_fraction0p75_H4_N0.csv;hourly_plot_csv/single_dev_f40_single_fraction0p75_H8_N0.csv;hourly_plot_csv/single_dev_f40_single_fraction0p9_H4_N0.csv;hourly_plot_csv/single_dev_f40_single_fraction0p9_H8_N0.csv;hourly_plot_csv/single_dev_f40_single_fraction1p0_H4_N0.csv;hourly_plot_csv/single_dev_f40_single_fraction1p0_H8_N0.csv;hourly_plot_csv/single_dev_f60_single_fraction0p5_H4_N0.csv;hourly_plot_csv/single_dev_f60_single_fraction0p5_H8_N0.csv;hourly_plot_csv/single_dev_f60_single_fraction0p75_H4_N0.csv;hourly_plot_csv/single_dev_f60_single_fraction0p75_H8_N0.csv;hourly_plot_csv/single_dev_f60_single_fraction0p9_H4_N0.csv;hourly_plot_csv/single_dev_f60_single_fraction0p9_H8_N0.csv;hourly_plot_csv/single_dev_f60_single_fraction1p0_H4_N0.csv;hourly_plot_csv/single_dev_f60_single_fraction1p0_H8_N0.csv
reward,see table context,Literal named model/output field; equations and criteria in current Supplementary Methods,hourly_full/*.parquet
reward_penalty,see table context,Literal named model/output field; equations and criteria in current Supplementary Methods,hourly_full/*.parquet
reward_version,see table context,Literal named model/output field; equations and criteria in current Supplementary Methods,hourly_full/*.parquet
rigid_gpu_count,see table context,Literal named model/output field; equations and criteria in current Supplementary Methods,scenario_index.csv
rigid_min,see table context,Literal named model/output field; equations and criteria in current Supplementary Methods,renewable_paired_comparisons.csv
risk_adjusted_capacity_payment_usd_kw_year,USD/offered accounting kW/year,"95th-percentile annual net cost divided by offered accounting power, floored at zero",economic_price_sensitivity.csv;economic_primary.csv;reserve_life_sensitivity.csv
role,category,development or confirmation,all_trial_event_outcomes.csv;control_confirmation_ledgers.csv;control_pi_scenarios.csv;pi_boundaries.csv;pi_scenarios.csv;recovery_inputs/reconstruction_index.csv;recovery_inputs/template_index.csv;repeated_confirmation_ledgers.csv;scenario_index.csv;single_confirmation_ledgers.csv
rows,see table context,Literal named model/output field; equations and criteria in current Supplementary Methods,hourly_partition_index.csv
run_mean_power_w,see table context,Literal named model/output field; equations and criteria in current Supplementary Methods,calibration_run_means.csv
running_rebound_ratio,fraction,Literal named model/output field; equations and criteria in current Supplementary Methods,hourly_full/*.parquet
running_rebound_violation_cost,see table context,Literal named model/output field; equations and criteria in current Supplementary Methods,hourly_full/*.parquet
running_window_relief_fraction,fraction,Literal named model/output field; equations and criteria in current Supplementary Methods,hourly_full/*.parquet
running_window_relief_violation_cost,see table context,Literal named model/output field; equations and criteria in current Supplementary Methods,hourly_full/*.parquet
sample_count,see table context,Literal named model/output field; equations and criteria in current Supplementary Methods,calibration_run_means.csv
sample_size_sufficient,see table context,Literal named model/output field; equations and criteria in current Supplementary Methods,control_pi_boundaries.csv;pi_boundaries.csv
scenario_count,see table context,Literal named model/output field; equations and criteria in current Supplementary Methods,control_pi_boundaries.csv;pi_boundaries.csv
scenario_files,see table context,Literal named model/output field; equations and criteria in current Supplementary Methods,recovery_inputs/reconstruction_index.csv
scenario_hash,see table context,Literal named model/output field; equations and criteria in current Supplementary Methods,control_confirmation_ledgers.csv;control_pi_scenarios.csv;control_scenario_index.csv;pi_scenarios.csv;repeated_confirmation_ledgers.csv;scenario_index.csv;single_confirmation_ledgers.csv
scenario_id,see table context,Literal named model/output field; equations and criteria in current Supplementary Methods,control_pi_scenarios.csv;pi_scenarios.csv
scenario_provenance,see table context,Literal named model/output field; equations and criteria in current Supplementary Methods,hourly_full/*.parquet
scenario_seed,identifier,Independent model scenario seed,hourly_full/*.parquet;hourly_plot_csv/control_confirm_f10_g20_single_fixed_primary_request_H4_N0.csv;hourly_plot_csv/control_confirm_f10_g20_single_fixed_primary_request_H8_N0.csv;hourly_plot_csv/control_confirm_f10_g30_single_fixed_primary_request_H4_N0.csv;hourly_plot_csv/control_confirm_f10_g30_single_fixed_primary_request_H8_N0.csv;hourly_plot_csv/control_confirm_f10_rigid150_single_fixed_primary_request_H4_N0.csv;hourly_plot_csv/control_confirm_f10_rigid150_single_fixed_primary_request_H8_N0.csv;hourly_plot_csv/control_confirm_f10_rigid225_single_fixed_primary_request_H4_N0.csv;hourly_plot_csv/control_confirm_f10_rigid225_single_fixed_primary_request_H8_N0.csv;hourly_plot_csv/repeat_confirm_f05_H4G8_fresh0_H4_N0.csv;hourly_plot_csv/repeat_confirm_f05_H4G8_fresh1_H4_N0.csv;hourly_plot_csv/repeat_confirm_f05_H4G8_fresh2_H4_N0.csv;hourly_plot_csv/repeat_confirm_f05_H4G8_fresh3_H4_N0.csv;hourly_plot_csv/repeat_confirm_f05_H4G8_single_offer_repeated_H4_N0.csv;hourly_plot_csv/repeat_confirm_f05_H8G12_fresh0_H8_N0.csv;hourly_plot_csv/repeat_confirm_f05_H8G12_fresh1_H8_N0.csv;hourly_plot_csv/repeat_confirm_f05_H8G12_fresh2_H8_N0.csv;hourly_plot_csv/repeat_confirm_f05_H8G12_fresh3_H8_N0.csv;hourly_plot_csv/repeat_confirm_f05_H8G12_single_offer_repeated_H8_N0.csv;hourly_plot_csv/repeat_confirm_f10_H4G8_fresh0_H4_N0.csv;hourly_plot_csv/repeat_confirm_f10_H4G8_fresh1_H4_N0.csv;hourly_plot_csv/repeat_confirm_f10_H4G8_fresh2_H4_N0.csv;hourly_plot_csv/repeat_confirm_f10_H4G8_fresh3_H4_N0.csv;hourly_plot_csv/repeat_confirm_f10_H4G8_single_offer_repeated_H4_N0.csv;hourly_plot_csv/repeat_confirm_f10_H8G12_fresh0_H8_N0.csv;hourly_plot_csv/repeat_confirm_f10_H8G12_fresh1_H8_N0.csv;hourly_plot_csv/repeat_confirm_f10_H8G12_fresh2_H8_N0.csv;hourly_plot_csv/repeat_confirm_f10_H8G12_fresh3_H8_N0.csv;hourly_plot_csv/repeat_confirm_f10_H8G12_single_offer_repeated_H8_N0.csv;hourly_plot_csv/repeat_confirm_f20_H4G8_fresh0_H4_N0.csv;hourly_plot_csv/repeat_confirm_f20_H4G8_fresh1_H4_N0.csv;hourly_plot_csv/repeat_confirm_f20_H4G8_fresh2_H4_N0.csv;hourly_plot_csv/repeat_confirm_f20_H4G8_fresh3_H4_N0.csv;hourly_plot_csv/repeat_confirm_f20_H4G8_single_offer_repeated_H4_N0.csv;hourly_plot_csv/repeat_confirm_f20_H8G12_fresh0_H8_N0.csv;hourly_plot_csv/repeat_confirm_f20_H8G12_fresh1_H8_N0.csv;hourly_plot_csv/repeat_confirm_f20_H8G12_fresh2_H8_N0.csv;hourly_plot_csv/repeat_confirm_f20_H8G12_fresh3_H8_N0.csv;hourly_plot_csv/repeat_confirm_f20_H8G12_single_offer_repeated_H8_N0.csv;hourly_plot_csv/repeat_confirm_f40_H4G8_fresh0_H4_N0.csv;hourly_plot_csv/repeat_confirm_f40_H4G8_fresh1_H4_N0.csv;hourly_plot_csv/repeat_confirm_f40_H4G8_fresh2_H4_N0.csv;hourly_plot_csv/repeat_confirm_f40_H4G8_fresh3_H4_N0.csv;hourly_plot_csv/repeat_confirm_f40_H4G8_single_offer_repeated_H4_N0.csv;hourly_plot_csv/repeat_confirm_f40_H8G12_fresh0_H8_N0.csv;hourly_plot_csv/repeat_confirm_f40_H8G12_fresh1_H8_N0.csv;hourly_plot_csv/repeat_confirm_f40_H8G12_fresh2_H8_N0.csv;hourly_plot_csv/repeat_confirm_f40_H8G12_fresh3_H8_N0.csv;hourly_plot_csv/repeat_confirm_f40_H8G12_single_offer_repeated_H8_N0.csv;hourly_plot_csv/repeat_confirm_f60_H4G8_fresh0_H4_N0.csv;hourly_plot_csv/repeat_confirm_f60_H4G8_fresh1_H4_N0.csv;hourly_plot_csv/repeat_confirm_f60_H4G8_fresh2_H4_N0.csv;hourly_plot_csv/repeat_confirm_f60_H4G8_fresh3_H4_N0.csv;hourly_plot_csv/repeat_confirm_f60_H4G8_single_offer_repeated_H4_N0.csv;hourly_plot_csv/repeat_confirm_f60_H8G12_fresh0_H8_N0.csv;hourly_plot_csv/repeat_confirm_f60_H8G12_fresh1_H8_N0.csv;hourly_plot_csv/repeat_confirm_f60_H8G12_fresh2_H8_N0.csv;hourly_plot_csv/repeat_confirm_f60_H8G12_fresh3_H8_N0.csv;hourly_plot_csv/repeat_confirm_f60_H8G12_single_offer_repeated_H8_N0.csv;hourly_plot_csv/repeat_dev_f05_H4G8_fraction0p25_H4_N0.csv;hourly_plot_csv/repeat_dev_f05_H4G8_fraction0p5_H4_N0.csv;hourly_plot_csv/repeat_dev_f05_H4G8_fraction0p75_H4_N0.csv;hourly_plot_csv/repeat_dev_f05_H4G8_fraction1p0_H4_N0.csv;hourly_plot_csv/repeat_dev_f05_H8G12_fraction0p25_H8_N0.csv;hourly_plot_csv/repeat_dev_f05_H8G12_fraction0p5_H8_N0.csv;hourly_plot_csv/repeat_dev_f05_H8G12_fraction0p75_H8_N0.csv;hourly_plot_csv/repeat_dev_f05_H8G12_fraction1p0_H8_N0.csv;hourly_plot_csv/repeat_dev_f10_H4G8_fraction0p25_H4_N0.csv;hourly_plot_csv/repeat_dev_f10_H4G8_fraction0p5_H4_N0.csv;hourly_plot_csv/repeat_dev_f10_H4G8_fraction0p75_H4_N0.csv;hourly_plot_csv/repeat_dev_f10_H4G8_fraction1p0_H4_N0.csv;hourly_plot_csv/repeat_dev_f10_H8G12_fraction0p25_H8_N0.csv;hourly_plot_csv/repeat_dev_f10_H8G12_fraction0p5_H8_N0.csv;hourly_plot_csv/repeat_dev_f10_H8G12_fraction0p75_H8_N0.csv;hourly_plot_csv/repeat_dev_f10_H8G12_fraction1p0_H8_N0.csv;hourly_plot_csv/repeat_dev_f20_H4G8_fraction0p25_H4_N0.csv;hourly_plot_csv/repeat_dev_f20_H4G8_fraction0p5_H4_N0.csv;hourly_plot_csv/repeat_dev_f20_H4G8_fraction0p75_H4_N0.csv;hourly_plot_csv/repeat_dev_f20_H4G8_fraction1p0_H4_N0.csv;hourly_plot_csv/repeat_dev_f20_H8G12_fraction0p25_H8_N0.csv;hourly_plot_csv/repeat_dev_f20_H8G12_fraction0p5_H8_N0.csv;hourly_plot_csv/repeat_dev_f20_H8G12_fraction0p75_H8_N0.csv;hourly_plot_csv/repeat_dev_f20_H8G12_fraction1p0_H8_N0.csv;hourly_plot_csv/repeat_dev_f40_H4G8_fraction0p25_H4_N0.csv;hourly_plot_csv/repeat_dev_f40_H4G8_fraction0p5_H4_N0.csv;hourly_plot_csv/repeat_dev_f40_H4G8_fraction0p75_H4_N0.csv;hourly_plot_csv/repeat_dev_f40_H4G8_fraction1p0_H4_N0.csv;hourly_plot_csv/repeat_dev_f40_H8G12_fraction0p25_H8_N0.csv;hourly_plot_csv/repeat_dev_f40_H8G12_fraction0p5_H8_N0.csv;hourly_plot_csv/repeat_dev_f40_H8G12_fraction0p75_H8_N0.csv;hourly_plot_csv/repeat_dev_f40_H8G12_fraction1p0_H8_N0.csv;hourly_plot_csv/repeat_dev_f60_H4G8_fraction0p25_H4_N0.csv;hourly_plot_csv/repeat_dev_f60_H4G8_fraction0p5_H4_N0.csv;hourly_plot_csv/repeat_dev_f60_H4G8_fraction0p75_H4_N0.csv;hourly_plot_csv/repeat_dev_f60_H4G8_fraction1p0_H4_N0.csv;hourly_plot_csv/repeat_dev_f60_H8G12_fraction0p25_H8_N0.csv;hourly_plot_csv/repeat_dev_f60_H8G12_fraction0p5_H8_N0.csv;hourly_plot_csv/repeat_dev_f60_H8G12_fraction0p75_H8_N0.csv;hourly_plot_csv/repeat_dev_f60_H8G12_fraction1p0_H8_N0.csv;hourly_plot_csv/single_confirm_f05_single_selected_H4_N0.csv;hourly_plot_csv/single_confirm_f05_single_selected_H4_N2.csv;hourly_plot_csv/single_confirm_f05_single_selected_H4_N6.csv;hourly_plot_csv/single_confirm_f05_single_selected_H8_N0.csv;hourly_plot_csv/single_confirm_f05_single_selected_H8_N2.csv;hourly_plot_csv/single_confirm_f05_single_selected_H8_N6.csv;hourly_plot_csv/single_confirm_f10_single_selected_H4_N0.csv;hourly_plot_csv/single_confirm_f10_single_selected_H4_N2.csv;hourly_plot_csv/single_confirm_f10_single_selected_H4_N6.csv;hourly_plot_csv/single_confirm_f10_single_selected_H8_N0.csv;hourly_plot_csv/single_confirm_f10_single_selected_H8_N2.csv;hourly_plot_csv/single_confirm_f10_single_selected_H8_N6.csv;hourly_plot_csv/single_confirm_f20_single_selected_H4_N0.csv;hourly_plot_csv/single_confirm_f20_single_selected_H4_N2.csv;hourly_plot_csv/single_confirm_f20_single_selected_H4_N6.csv;hourly_plot_csv/single_confirm_f20_single_selected_H8_N0.csv;hourly_plot_csv/single_confirm_f20_single_selected_H8_N2.csv;hourly_plot_csv/single_confirm_f20_single_selected_H8_N6.csv;hourly_plot_csv/single_confirm_f40_single_selected_H4_N0.csv;hourly_plot_csv/single_confirm_f40_single_selected_H4_N2.csv;hourly_plot_csv/single_confirm_f40_single_selected_H4_N6.csv;hourly_plot_csv/single_confirm_f40_single_selected_H8_N0.csv;hourly_plot_csv/single_confirm_f40_single_selected_H8_N2.csv;hourly_plot_csv/single_confirm_f40_single_selected_H8_N6.csv;hourly_plot_csv/single_confirm_f60_single_selected_H4_N0.csv;hourly_plot_csv/single_confirm_f60_single_selected_H4_N2.csv;hourly_plot_csv/single_confirm_f60_single_selected_H4_N6.csv;hourly_plot_csv/single_confirm_f60_single_selected_H8_N0.csv;hourly_plot_csv/single_confirm_f60_single_selected_H8_N2.csv;hourly_plot_csv/single_confirm_f60_single_selected_H8_N6.csv;hourly_plot_csv/single_dev_f05_single_fraction0p5_H4_N0.csv;hourly_plot_csv/single_dev_f05_single_fraction0p5_H8_N0.csv;hourly_plot_csv/single_dev_f05_single_fraction0p75_H4_N0.csv;hourly_plot_csv/single_dev_f05_single_fraction0p75_H8_N0.csv;hourly_plot_csv/single_dev_f05_single_fraction0p9_H4_N0.csv;hourly_plot_csv/single_dev_f05_single_fraction0p9_H8_N0.csv;hourly_plot_csv/single_dev_f05_single_fraction1p0_H4_N0.csv;hourly_plot_csv/single_dev_f05_single_fraction1p0_H8_N0.csv;hourly_plot_csv/single_dev_f10_single_fraction0p5_H4_N0.csv;hourly_plot_csv/single_dev_f10_single_fraction0p5_H8_N0.csv;hourly_plot_csv/single_dev_f10_single_fraction0p75_H4_N0.csv;hourly_plot_csv/single_dev_f10_single_fraction0p75_H8_N0.csv;hourly_plot_csv/single_dev_f10_single_fraction0p9_H4_N0.csv;hourly_plot_csv/single_dev_f10_single_fraction0p9_H8_N0.csv;hourly_plot_csv/single_dev_f10_single_fraction1p0_H4_N0.csv;hourly_plot_csv/single_dev_f10_single_fraction1p0_H8_N0.csv;hourly_plot_csv/single_dev_f20_single_fraction0p5_H4_N0.csv;hourly_plot_csv/single_dev_f20_single_fraction0p5_H8_N0.csv;hourly_plot_csv/single_dev_f20_single_fraction0p75_H4_N0.csv;hourly_plot_csv/single_dev_f20_single_fraction0p75_H8_N0.csv;hourly_plot_csv/single_dev_f20_single_fraction0p9_H4_N0.csv;hourly_plot_csv/single_dev_f20_single_fraction0p9_H8_N0.csv;hourly_plot_csv/single_dev_f20_single_fraction1p0_H4_N0.csv;hourly_plot_csv/single_dev_f20_single_fraction1p0_H8_N0.csv;hourly_plot_csv/single_dev_f40_single_fraction0p5_H4_N0.csv;hourly_plot_csv/single_dev_f40_single_fraction0p5_H8_N0.csv;hourly_plot_csv/single_dev_f40_single_fraction0p75_H4_N0.csv;hourly_plot_csv/single_dev_f40_single_fraction0p75_H8_N0.csv;hourly_plot_csv/single_dev_f40_single_fraction0p9_H4_N0.csv;hourly_plot_csv/single_dev_f40_single_fraction0p9_H8_N0.csv;hourly_plot_csv/single_dev_f40_single_fraction1p0_H4_N0.csv;hourly_plot_csv/single_dev_f40_single_fraction1p0_H8_N0.csv;hourly_plot_csv/single_dev_f60_single_fraction0p5_H4_N0.csv;hourly_plot_csv/single_dev_f60_single_fraction0p5_H8_N0.csv;hourly_plot_csv/single_dev_f60_single_fraction0p75_H4_N0.csv;hourly_plot_csv/single_dev_f60_single_fraction0p75_H8_N0.csv;hourly_plot_csv/single_dev_f60_single_fraction0p9_H4_N0.csv;hourly_plot_csv/single_dev_f60_single_fraction0p9_H8_N0.csv;hourly_plot_csv/single_dev_f60_single_fraction1p0_H4_N0.csv;hourly_plot_csv/single_dev_f60_single_fraction1p0_H8_N0.csv
scenarios,see table context,Literal named model/output field; equations and criteria in current Supplementary Methods,hourly_partition_index.csv;ready_hourly_curves.csv;renewable_paired_comparisons.csv
scope,see table context,Literal named model/output field; equations and criteria in current Supplementary Methods,scenario_index.csv
secondary_protocol_sha256,see table context,Literal named model/output field; equations and criteria in current Supplementary Methods,control_scenario_index.csv
seed,identifier,Independent model scenario seed,all_trial_event_outcomes.csv;control_confirmation_ledgers.csv;control_renewable_scenarios.csv;control_scenario_index.csv;recovery_inputs/reconstruction_index.csv;recovery_inputs/template_index.csv;renewable_scenarios.csv;repeated_confirmation_ledgers.csv;scenario_index.csv;single_confirmation_ledgers.csv
selected_by_repeated_development,boolean,Offer selected under the separate repeated-programme development rule; false for prespecified original comparators,economic_price_sensitivity.csv;economic_primary.csv;reserve_life_sensitivity.csv
selected_repeat_kw,kW,Literal named model/output field; equations and criteria in current Supplementary Methods,repeat_paired_comparisons.csv
selected_successes,see table context,Literal named model/output field; equations and criteria in current Supplementary Methods,repeat_paired_comparisons.csv
selected_wilson_lower,fraction,Literal named model/output field; equations and criteria in current Supplementary Methods,repeat_paired_comparisons.csv
shortfall_energy_kwh,kWh,Literal named model/output field; equations and criteria in current Supplementary Methods,control_confirmation_ledgers.csv;repeated_confirmation_ledgers.csv;single_confirmation_ledgers.csv
single_offer_kw,kW,Literal named model/output field; equations and criteria in current Supplementary Methods,repeat_paired_comparisons.csv
stage,see table context,Literal named model/output field; equations and criteria in current Supplementary Methods,all_trial_event_outcomes.csv;failure_attribution_counts.csv
start_hour,see table context,Literal named model/output field; equations and criteria in current Supplementary Methods,all_trial_event_outcomes.csv
statistical_method,see table context,Literal named model/output field; equations and criteria in current Supplementary Methods,control_pi_boundaries.csv;pi_boundaries.csv
statistical_unit,see table context,Literal named model/output field; equations and criteria in current Supplementary Methods,calibration_class_summary.csv
status,see table context,Literal named model/output field; equations and criteria in current Supplementary Methods,control_renewable_scenarios.csv;renewable_scenarios.csv
std_power_w,see table context,Literal named model/output field; equations and criteria in current Supplementary Methods,calibration_run_means.csv
success,see table context,Literal named model/output field; equations and criteria in current Supplementary Methods,all_trial_event_outcomes.csv;control_confirmation_ledgers.csv;repeated_confirmation_ledgers.csv;single_confirmation_ledgers.csv
successes,scenarios,Number of complete successful scenarios,control_causal_summary.csv;repeat_confirm_summary.csv;repeat_dev_summary.csv;single_confirm_summary.csv;single_dev_summary.csv
switching_cost,see table context,Literal named model/output field; equations and criteria in current Supplementary Methods,hourly_full/*.parquet
tag,identifier,"Candidate fraction, original repeated offer, or fresh source-event counterfactual",all_trial_event_outcomes.csv;control_causal_summary.csv;control_confirmation_ledgers.csv;failure_attribution_counts.csv;ready_hourly_curves.csv;repeat_confirm_summary.csv;repeat_dev_summary.csv;repeated_confirmation_ledgers.csv;single_confirm_summary.csv;single_confirmation_ledgers.csv;single_dev_summary.csv
target_dc_peak_kw,kW,Literal named model/output field; equations and criteria in current Supplementary Methods,control_renewable_scenarios.csv;hourly_full/*.parquet;renewable_scenarios.csv
template_directory,see table context,Literal named model/output field; equations and criteria in current Supplementary Methods,recovery_inputs/reconstruction_index.csv;recovery_inputs/template_index.csv
template_scenario_hash,see table context,Literal named model/output field; equations and criteria in current Supplementary Methods,recovery_inputs/template_index.csv
terminal_backlog_excess_fraction,fraction,Literal named model/output field; equations and criteria in current Supplementary Methods,hourly_full/*.parquet
terminal_backlog_excess_gpu_h,GPU-h,Literal named model/output field; equations and criteria in current Supplementary Methods,hourly_full/*.parquet
terminal_backlog_fraction,fraction,Literal named model/output field; equations and criteria in current Supplementary Methods,all_trial_event_outcomes.csv;control_renewable_scenarios.csv;renewable_scenarios.csv
terminal_backlog_gpu_h,GPU-h,Literal named model/output field; equations and criteria in current Supplementary Methods,control_pi_scenarios.csv;control_renewable_scenarios.csv;pi_scenarios.csv;renewable_scenarios.csv
terminal_backlog_penalty,see table context,Literal named model/output field; equations and criteria in current Supplementary Methods,hourly_full/*.parquet
terminal_backlog_violation_cost,see table context,Literal named model/output field; equations and criteria in current Supplementary Methods,hourly_full/*.parquet
terminal_incremental_backlog_gpu_h,GPU-h,Literal named model/output field; equations and criteria in current Supplementary Methods,control_confirmation_ledgers.csv;repeated_confirmation_ledgers.csv;single_confirmation_ledgers.csv
terminal_soc_deviation_kwh,kWh,Literal named model/output field; equations and criteria in current Supplementary Methods,control_renewable_scenarios.csv;renewable_scenarios.csv
tolerance_order_statistic_rank,see table context,Literal named model/output field; equations and criteria in current Supplementary Methods,control_pi_boundaries.csv;pi_boundaries.csv
total_bess_charge_kwh,kWh,Literal named model/output field; equations and criteria in current Supplementary Methods,control_renewable_scenarios.csv;renewable_scenarios.csv
total_bess_discharge_kwh,kWh,Literal named model/output field; equations and criteria in current Supplementary Methods,control_renewable_scenarios.csv;renewable_scenarios.csv
total_bess_throughput_kwh,kWh,Literal named model/output field; equations and criteria in current Supplementary Methods,control_renewable_scenarios.csv;renewable_scenarios.csv
total_community_load_kwh,kWh,Literal named model/output field; equations and criteria in current Supplementary Methods,control_renewable_scenarios.csv;renewable_scenarios.csv
total_dc_energy_kwh,kWh,Literal named model/output field; equations and criteria in current Supplementary Methods,control_renewable_scenarios.csv;renewable_scenarios.csv
total_flexible_gpu_h,GPU-h,Literal named model/output field; equations and criteria in current Supplementary Methods,scenario_index.csv
total_grid_import_kwh,kWh,Literal named model/output field; equations and criteria in current Supplementary Methods,control_renewable_scenarios.csv;renewable_scenarios.csv
total_pv_available_kwh,kWh,Literal named model/output field; equations and criteria in current Supplementary Methods,control_renewable_scenarios.csv;renewable_scenarios.csv
total_pv_curtailed_kwh,kWh,Literal named model/output field; equations and criteria in current Supplementary Methods,control_renewable_scenarios.csv;renewable_scenarios.csv
total_pv_used_kwh,kWh,Literal named model/output field; equations and criteria in current Supplementary Methods,control_renewable_scenarios.csv;renewable_scenarios.csv
trace_path,see table context,Literal named model/output field; equations and criteria in current Supplementary Methods,control_confirmation_ledgers.csv;repeated_confirmation_ledgers.csv;single_confirmation_ledgers.csv
trace_sha256,see table context,Literal named model/output field; equations and criteria in current Supplementary Methods,control_confirmation_ledgers.csv;repeated_confirmation_ledgers.csv;single_confirmation_ledgers.csv
training_share,see table context,Literal named model/output field; equations and criteria in current Supplementary Methods,hourly_full/*.parquet
training_work_multiplier,see table context,Literal named model/output field; equations and criteria in current Supplementary Methods,recovery_inputs/reconstruction_index.csv
trials,scenarios,Number of independent scenario seeds,control_causal_summary.csv;repeat_confirm_summary.csv;repeat_dev_summary.csv;repeat_paired_comparisons.csv;single_confirm_summary.csv;single_dev_summary.csv
weighted_deadline_cost,see table context,Literal named model/output field; equations and criteria in current Supplementary Methods,hourly_full/*.parquet
weighted_delivery_cost,see table context,Literal named model/output field; equations and criteria in current Supplementary Methods,hourly_full/*.parquet
weighted_excess_backlog_cost,see table context,Literal named model/output field; equations and criteria in current Supplementary Methods,hourly_full/*.parquet
weighted_feasibility_cost,see table context,Literal named model/output field; equations and criteria in current Supplementary Methods,hourly_full/*.parquet
weighted_rebound_cost,see table context,Literal named model/output field; equations and criteria in current Supplementary Methods,hourly_full/*.parquet
weighted_switching_cost,see table context,Literal named model/output field; equations and criteria in current Supplementary Methods,hourly_full/*.parquet
weighted_terminal_backlog_cost,see table context,Literal named model/output field; equations and criteria in current Supplementary Methods,hourly_full/*.parquet
weighted_window_relief_cost,see table context,Literal named model/output field; equations and criteria in current Supplementary Methods,hourly_full/*.parquet
wilson_lower,probability,One-sided 95% lower bound for joint success,control_causal_summary.csv;repeat_confirm_summary.csv;repeat_dev_summary.csv;single_confirm_summary.csv;single_dev_summary.csv
window_peak_relief_fraction,fraction,Literal named model/output field; equations and criteria in current Supplementary Methods,all_trial_event_outcomes.csv
window_peak_relief_kw,kW,Literal named model/output field; equations and criteria in current Supplementary Methods,all_trial_event_outcomes.csv
window_relief_violation_cost,see table context,Literal named model/output field; equations and criteria in current Supplementary Methods,hourly_full/*.parquet
winsorized_records,see table context,Literal named model/output field; equations and criteria in current Supplementary Methods,source_mix_by_class.csv;source_mix_by_class_priority.csv
workload_class,see table context,Literal named model/output field; equations and criteria in current Supplementary Methods,calibration_class_summary.csv
workload_source,see table context,Literal named model/output field; equations and criteria in current Supplementary Methods,hourly_full/*.parquet
worst_class_peak_kw,kW,Literal named model/output field; equations and criteria in current Supplementary Methods,control_pi_boundaries.csv;control_pi_scenarios.csv;hourly_full/*.parquet;pi_boundaries.csv;pi_scenarios.csv
zero_notice_successes,see table context,Literal named model/output field; equations and criteria in current Supplementary Methods,notice_paired_comparisons.csv
