scenario_id,scenario_hash,episode_seed,event_id,duration_h,notice_h,capacity_layer,perfect_information_capacity_kw,perfect_information_capacity_fraction_of_dynamic_range,physical_dynamic_upper_bound_kw,minimum_mean_delivery_ratio,minimum_interval_delivery_ratio,maximum_rebound_ratio,minimum_window_relief_fraction,deadline_miss_gpu_h,terminal_backlog_gpu_h,pcc_capacity_kw,reference_mix_operating_peak_kw,worst_class_peak_kw,actual_dc_peak_kw,perfect_information_status,objective_solve_seconds,refinement_solve_seconds,case,role
hourly_seed_930008,bca9774b8bd3570a0b36ff0dae6a898d4e78966e7d1a4833b7fee9a76c0e681e,930008,0,4,0,perfect_information,4.669344221312076,0.4690068746230182,9.955811895220588,0.9750003474088189,0.9500005930901795,0.24999900000000277,0.5000008929183676,0.0,0.0,1100.0,189.93589068897205,190.00944717157665,189.93589068897205,optimal,0.5121023808605969,0.46716186590492725,f05,development
hourly_seed_930008,bca9774b8bd3570a0b36ff0dae6a898d4e78966e7d1a4833b7fee9a76c0e681e,930008,0,8,0,perfect_information,4.640767111065375,0.4661364798679285,9.955811895220588,0.9687504714691881,0.9500005905844932,0.24999899999999875,0.5000008922589723,0.0,0.0,1100.0,189.93589068897205,190.00944717157665,189.93589068897205,optimal,0.5169471502304077,0.4943868829868734,f05,development
hourly_seed_930024,7e6b760fe534ee9d5e7d1c7a5d7e6eba901847bcde32078f9e08d7c6c0c491db,930024,0,4,0,perfect_information,3.8971021243255324,0.39143991121370875,9.955811895220588,0.9625005062288682,0.9500005124577292,0.24999899999999586,0.5000008716992854,0.0,0.0,1100.0,189.93589068897205,190.00944717157665,189.93589068897205,optimal,0.4763126722536981,0.4382539400830865,f05,development
hourly_seed_930024,7e6b760fe534ee9d5e7d1c7a5d7e6eba901847bcde32078f9e08d7c6c0c491db,930024,0,8,0,perfect_information,3.8971021243255324,0.39143991121370875,9.955811895220588,0.9666866575754555,0.9500005124577292,0.2499989999999966,0.5000008716992854,0.0,0.0,1100.0,189.93589068897205,190.00944717157665,189.93589068897205,optimal,0.5667956750839949,0.4909203718416393,f05,development
hourly_seed_930014,0ebc6d26cd2ef9fdb4eab90f9aa3210ec96840c3bdd04373bd041b312d707233,930014,0,4,0,perfect_information,3.6982552069639714,0.3714669628038437,9.955811895220588,0.9707193181392879,0.9500004862436863,0.24999899999999914,0.5000008648008514,0.0,0.0,1100.0,189.93589068897205,190.00944717157665,189.93589068897205,optimal,0.47638126322999597,0.4517027619294822,f05,development
hourly_seed_930014,0ebc6d26cd2ef9fdb4eab90f9aa3210ec96840c3bdd04373bd041b312d707233,930014,0,8,0,perfect_information,3.6982552069639714,0.3714669628038437,9.955811895220588,0.9625005252316127,0.9500004862436863,0.24999900000001113,0.5000008648008514,0.0,0.0,1100.0,189.93589068897205,190.00944717157665,189.93589068897205,optimal,0.622806768398732,0.5102761299349368,f05,development
hourly_seed_930011,8164ee212b07d07195b4adabbafe28ea233eec7c5917217f6aaa636bde67d4eb,930011,0,4,0,perfect_information,4.348979528103706,0.43682821389900783,9.955811895220588,0.9625005315577251,0.9500005631154503,0.2499989999999959,0.5000008850302601,0.0,0.0,1100.0,189.93589068897205,190.00944717157665,189.93589068897205,optimal,0.5766944158822298,0.494019391015172,f05,development
hourly_seed_930011,8164ee212b07d07195b4adabbafe28ea233eec7c5917217f6aaa636bde67d4eb,930011,0,8,0,perfect_information,4.128376173056584,0.41466996529318345,9.955811895220588,0.9625005486494372,0.9500005397701327,0.2499989999999959,0.5000008788867653,0.0,3.097966327914037e-12,1100.0,189.93589068897205,190.00944717157665,189.93589068897205,optimal,0.5640269690193236,0.5283015500754118,f05,development
hourly_seed_930026,021a9487c23600285e585758d05cded4f03c707e31820237859aeaf4ac7819e1,930026,0,4,0,perfect_information,3.6639644428463356,0.368022666700369,9.955811895220588,0.9750003055383051,0.9500004814354801,0.24999899999999697,0.5000008635355144,0.0,9.947598300641403e-13,1100.0,189.93589068897205,190.00944717157665,189.93589068897205,optimal,0.5402716528624296,0.4667440140619874,f05,development
hourly_seed_930026,021a9487c23600285e585758d05cded4f03c707e31820237859aeaf4ac7819e1,930026,0,8,0,perfect_information,3.6639644428463356,0.368022666700369,9.955811895220588,0.9676139112303815,0.9500004814354801,0.24999900000000694,0.5000008635355144,0.0,0.0,1100.0,189.93589068897205,190.00944717157665,189.93589068897205,optimal,0.5810704426839948,0.5138872521929443,f05,development
hourly_seed_930040,3c6ad38a658b08103edd1f0274895248d5f51cf898f5e79098ebe8c614de6cc2,930040,0,4,0,perfect_information,4.096976696093667,0.4115160811807294,9.955811895220588,0.9500008840607291,0.9500007681214584,0.24999900000001124,0.9500009999999999,0.0,1.8474111129762605e-12,1100.0,189.93589068897205,190.00944717157665,189.93589068897205,optimal,0.5763482740148902,0.5355872446671128,f05,development
hourly_seed_930040,3c6ad38a658b08103edd1f0274895248d5f51cf898f5e79098ebe8c614de6cc2,930040,0,8,0,perfect_information,4.096976696093667,0.4115160811807294,9.955811895220588,0.9680663536613037,0.9500005362429029,0.24999900000000366,0.9500005362429029,0.0,0.0,1100.0,189.93589068897205,190.00944717157665,189.93589068897205,optimal,0.5157138030044734,0.5531813022680581,f05,development
hourly_seed_930003,2c45824c0c18c04f5001177c360ce676b985ef9799f02bebcd88f5d5b800ec79,930003,0,4,0,perfect_information,4.018736408152793,0.4036573260370696,9.955811895220588,0.9625005136070436,0.950000527214087,0.24999900000000017,0.5000008755825346,0.0,0.0,1100.0,189.93589068897205,190.00944717157665,189.93589068897205,optimal,0.5418738629668951,0.5020529692992568,f05,development
hourly_seed_930003,2c45824c0c18c04f5001177c360ce676b985ef9799f02bebcd88f5d5b800ec79,930003,0,8,0,perfect_information,3.939082429998881,0.3956565744165864,9.955811895220588,0.9750003492667711,0.9500005176536679,0.2499990000000043,0.5000008730666373,0.0,0.0,1100.0,189.93589068897205,190.00944717157665,189.93589068897205,optimal,0.7864975691772997,0.5318532306700945,f05,development
hourly_seed_930044,88ddd47f5c9441af16fed8fdb31669bfd3ade016ff4423ac9fedcd11bcdcfd40,930044,0,4,0,perfect_information,4.744908480178098,0.47659683912428585,9.955811895220588,0.9625005497851804,0.9500005995703549,0.24999900000000294,0.5000008946236756,0.0,0.0,1100.0,189.93589068897205,190.00944717157665,189.93589068897205,optimal,0.4491518661379814,0.4752484546042979,f05,development
hourly_seed_930044,88ddd47f5c9441af16fed8fdb31669bfd3ade016ff4423ac9fedcd11bcdcfd40,930044,0,8,0,perfect_information,3.918995838421091,0.3936389999797459,9.955811895220588,0.9596590255250589,0.9500005151814145,0.2499990000000034,0.5000008724160533,0.0,2.2737367544323206e-12,1100.0,189.93589068897205,190.00944717157665,189.93589068897205,optimal,0.6404439061880112,0.9113810220733285,f05,development
hourly_seed_930038,b5b323e22def19d0ee5d61521069811d9b2ac9cfb00224d424d57a7d0be0e562,930038,0,4,0,perfect_information,5.079845149545849,0.5102391651236895,9.955811895220588,0.9625005629862322,0.9500006259724645,0.24999900000000197,0.5000009015716089,0.0,0.0,1100.0,189.93589068897205,190.00944717157665,189.93589068897205,optimal,0.6124116047285497,0.5056199207901955,f05,development
hourly_seed_930038,b5b323e22def19d0ee5d61521069811d9b2ac9cfb00224d424d57a7d0be0e562,930038,0,8,0,perfect_information,3.1545502647246475,0.31685514932629744,9.955811895220588,0.9687503991355579,0.950000397694821,0.2499990000000122,0.5000008414984946,0.0,0.0,1100.0,189.93589068897205,190.00944717157665,189.93589068897205,optimal,0.5634104148484766,0.5113237756304443,f05,development
hourly_seed_930016,2c667e3524c9f27b3dbf04748d9113d05a0a140fc5f9639a2f0d0731affe39d5,930016,0,4,0,perfect_information,4.928861234756091,0.4950737605962858,9.955811895220588,0.9750003554431306,0.950000614515011,0.24999900000002143,0.5141262817146295,0.0,0.0,1100.0,189.93589068897205,190.00944717157665,189.93589068897205,optimal,0.6875382927246392,0.4439558242447674,f05,development
hourly_seed_930016,2c667e3524c9f27b3dbf04748d9113d05a0a140fc5f9639a2f0d0731affe39d5,930016,0,8,0,perfect_information,4.385701295803018,0.440516689342878,9.955811895220588,0.9687504625400676,0.9500005667735139,0.24999900000002143,0.5000008859929194,0.0,3.552713678800501e-12,1100.0,189.93589068897205,190.00944717157665,189.93589068897205,optimal,0.5772602087818086,0.46385932620614767,f05,development
hourly_seed_930035,1ac642e3dcf4b1e0f0aa29a3dea29da845bc5d67da580d6b3ceb11be08260ba5,930035,0,4,0,perfect_information,3.624311118881745,0.36403973448128735,9.955811895220588,0.9750003034107139,0.9500004757619035,0.2499990000000084,0.5000008620424813,0.0,0.0,1100.0,189.93589068897205,190.00944717157665,189.93589068897205,optimal,0.4370747418142855,0.5425758669152856,f05,development
hourly_seed_930035,1ac642e3dcf4b1e0f0aa29a3dea29da845bc5d67da580d6b3ceb11be08260ba5,930035,0,8,0,perfect_information,3.624311118881745,0.36403973448128735,9.955811895220588,0.9687504284107138,0.9500004757619035,0.2499990000000084,0.5000008620424813,0.0,0.0,1100.0,189.93589068897205,190.00944717157665,189.93589068897205,optimal,0.6518613458611071,0.804186845663935,f05,development
hourly_seed_930019,556669528b02908f9deda9f1256e83150bcc9bf2c299d9d64cfb5630a9dac2b4,930019,0,4,0,perfect_information,4.822069708995882,0.4843472094235506,9.955811895220588,0.9625005529889574,0.9500006059779147,0.24999900000000053,0.5000008963098764,0.0,1.1368683772161603e-13,1100.0,189.93589068897205,190.00944717157665,189.93589068897205,optimal,0.698433879762888,0.4894923926331103,f05,development
hourly_seed_930019,556669528b02908f9deda9f1256e83150bcc9bf2c299d9d64cfb5630a9dac2b4,930019,0,8,0,perfect_information,4.3383822946111374,0.43576378704923424,9.955811895220588,0.9687504607681072,0.950000562048286,0.24999900000000289,0.5000008847494427,0.0,1.7621459846850485e-12,1100.0,189.93589068897205,190.00944717157665,189.93589068897205,optimal,0.48422839026898146,0.4366663098335266,f05,development
hourly_seed_930010,7c169789ece53a2c477a2c57ea99a203556418bf3901ee11cb524155fa276606,930010,0,4,0,perfect_information,3.5799485614975355,0.3595837887632383,9.955811895220588,0.9625004846327846,0.9500004692655692,0.24999900000000563,0.5000008603329007,0.0,0.0,1100.0,189.93589068897205,190.00944717157665,189.93589068897205,optimal,0.4846524130553007,0.4669086253270507,f05,development
hourly_seed_930010,7c169789ece53a2c477a2c57ea99a203556418bf3901ee11cb524155fa276606,930010,0,8,0,perfect_information,3.5799485614975355,0.3595837887632383,9.955811895220588,0.9689554990548592,0.9500004692655692,0.24999900000000158,0.5000008603329007,0.0,0.0,1100.0,189.93589068897205,190.00944717157665,189.93589068897205,optimal,0.8748513888567686,0.9109333786182106,f05,development
hourly_seed_930022,01ce078e9604a73ab76095f8b23c27dcf7de5452c033c896af44abfa574f8274,930022,0,4,0,perfect_information,4.4405920505054635,0.4460301276520929,9.955811895220588,0.9750003395482567,0.9500005721286845,0.24999899999999523,0.5000008874021725,0.0,6.536993168992922e-13,1100.0,189.93589068897205,190.00944717157665,189.93589068897205,optimal,0.5516112521290779,0.5522540360689163,f05,development
hourly_seed_930022,01ce078e9604a73ab76095f8b23c27dcf7de5452c033c896af44abfa574f8274,930022,0,8,0,perfect_information,4.3565841428665095,0.43759205062501655,9.955811895220588,0.9687504614542696,0.9500005638780523,0.24999900000000097,0.5000008852309519,0.0,0.0,1100.0,189.93589068897205,190.00944717157665,189.93589068897205,optimal,0.6570600066334009,0.8045063586905599,f05,development
hourly_seed_930006,a84429d4d9ea539fe2a0e80964b94f391ef5845bc5d83fd5a122e94116380137,930006,0,4,0,perfect_information,4.227911152829765,0.4246676411051344,9.955811895220588,0.9750003314768902,0.9500005506050403,0.24999900000000497,0.5000008817380509,0.0,2.5579538487363607e-13,1100.0,189.93589068897205,190.00944717157665,189.93589068897205,optimal,0.5657059587538242,0.5274709947407246,f05,development
hourly_seed_930006,a84429d4d9ea539fe2a0e80964b94f391ef5845bc5d83fd5a122e94116380137,930006,0,8,0,perfect_information,3.181516809805973,0.31956377272789777,9.955811895220588,0.9750003133749879,0.9500004027999613,0.24999899999999778,0.500000842841929,0.0,2.2737367544323206e-13,1100.0,189.93589068897205,190.00944717157665,189.93589068897205,optimal,0.7854220517911017,0.7628005938604474,f05,development
hourly_seed_930001,4f256d85aced6e91144d53accb5ccc0990811e46c059e5b58167bce2233e7dd7,930001,0,4,0,perfect_information,3.426495050563086,0.3441703285101256,9.955811895220588,0.96250047274847,0.9500004454969317,0.2499990000000005,0.5000008540780031,0.0,0.0,1100.0,189.93589068897205,190.00944717157665,189.93589068897205,optimal,0.48602863121777773,0.5289050228893757,f05,development
hourly_seed_930001,4f256d85aced6e91144d53accb5ccc0990811e46c059e5b58167bce2233e7dd7,930001,0,8,0,perfect_information,3.426495050563086,0.3441703285101256,9.955811895220588,0.9594179562111032,0.9500004454969317,0.2499990000000102,0.5000008540780031,0.0,1.3926637620897964e-12,1100.0,189.93589068897205,190.00944717157665,189.93589068897205,optimal,0.7395780510269105,0.9276493522338569,f05,development
hourly_seed_930005,db1074a22b629bb164ce8d36c43240838ab6e4db1f01af1c846e12c5b61e1f1e,930005,0,4,0,perfect_information,4.839394025960267,0.48608733038472524,9.955811895220588,0.9625005536942249,0.9500006073884439,0.24999900000000108,0.5000008966810771,0.0,0.0,1100.0,189.93589068897205,190.00944717157665,189.93589068897205,optimal,0.8130851509049535,0.47489636298269033,f05,development
hourly_seed_930005,db1074a22b629bb164ce8d36c43240838ab6e4db1f01af1c846e12c5b61e1f1e,930005,0,8,0,perfect_information,3.608244696460445,0.3624259612812319,9.955811895220588,0.9586170509569236,0.950000473427614,0.24999900000000322,0.5000008614281877,0.0,0.0,1100.0,189.93589068897205,190.00944717157665,189.93589068897205,optimal,0.5395524292252958,0.6488350769504905,f05,development
hourly_seed_930046,8e624ef1705e38aab7248e44bf9d9fdd7b99204f568052d6ae0e1c668589f997,930046,0,4,0,perfect_information,4.316392409500245,0.4335550384968988,9.955811895220588,0.9750003349314238,0.9500005598171254,0.2499989999999993,0.9500007799085692,0.0,0.0,1100.0,189.93589068897205,190.00944717157665,189.93589068897205,optimal,0.7573908912017941,0.46384298615157604,f05,development
hourly_seed_930046,8e624ef1705e38aab7248e44bf9d9fdd7b99204f568052d6ae0e1c668589f997,930046,0,8,0,perfect_information,3.685833561412692,0.3702192849969496,9.955811895220588,0.9645363630802034,0.9500004845122583,0.24999900000000344,0.9500007422561368,0.0,0.0,1100.0,189.93589068897205,190.00944717157665,189.93589068897205,optimal,0.5128943864256144,0.5624267477542162,f05,development
hourly_seed_930021,af44932def425d8a37bc966ec4b99c8796efc82e4c86029e23f58c7385f4b968,930021,0,4,0,perfect_information,4.422704859890478,0.44423346949872095,9.955811895220588,0.9625005351991008,0.9500005703982015,0.24999900000000216,0.5000008869467839,0.0,0.0,1100.0,189.93589068897205,190.00944717157665,189.93589068897205,optimal,0.5099096372723579,0.44167853984981775,f05,development
hourly_seed_930021,af44932def425d8a37bc966ec4b99c8796efc82e4c86029e23f58c7385f4b968,930021,0,8,0,perfect_information,4.422704859890478,0.44423346949872095,9.955811895220588,0.9660615932904042,0.9500005703982015,0.2499989999999982,0.5000008869467839,0.0,0.0,1100.0,189.93589068897205,190.00944717157665,189.93589068897205,optimal,0.9363248548470438,0.8355428879149258,f05,development
hourly_seed_930020,f332916915896dcd41982e5adc6ba1852ec508c815db5864266cf0cd497dc712,930020,0,4,0,perfect_information,2.512589764690694,0.25237417009625246,9.955811895220588,0.9750002164277433,0.9500002438073077,0.2499989999999986,0.5000008010017584,0.0,0.0,1100.0,189.93589068897205,190.00944717157665,189.93589068897205,optimal,0.9338058191351593,0.7511970330961049,f05,development
hourly_seed_930020,f332916915896dcd41982e5adc6ba1852ec508c815db5864266cf0cd497dc712,930020,0,8,0,perfect_information,2.512589764690694,0.25237417009625246,9.955811895220588,0.9687503414277462,0.9500002438073077,0.2499990000000047,0.5000008010017584,0.0,0.0,1100.0,189.93589068897205,190.00944717157665,189.93589068897205,optimal,0.5205345219001174,0.5641273790970445,f05,development
hourly_seed_930007,030234b68a05b1f8d932285cbc3d6972e401acad0c698fe342ae9e2a494ccc0c,930007,0,4,0,perfect_information,3.7844263184108238,0.3801223203330695,9.955811895220588,0.9750003117281862,0.9500004979418651,0.24999900000000166,0.5000008678793142,0.0,0.0,1100.0,189.93589068897205,190.00944717157665,189.93589068897205,optimal,0.5122122610919178,0.44944275822490454,f05,development
hourly_seed_930007,030234b68a05b1f8d932285cbc3d6972e401acad0c698fe342ae9e2a494ccc0c,930007,0,8,0,perfect_information,3.3735506294076156,0.33885238742077184,9.955811895220588,0.9625005035976315,0.9500004367945742,0.24999899999999894,0.5000008517878998,0.0,0.0,1100.0,189.93589068897205,190.00944717157665,189.93589068897205,optimal,0.8332632151432335,1.0234007867984474,f05,development
hourly_seed_930036,e59ad2a3d64d79b1054aa1495e803622db813383eab2ab8c5b6ef68f72cdc997,930036,0,4,0,perfect_information,5.117907764123489,0.5140623203799586,9.955811895220588,0.9625005643770804,0.950000628754161,0.249999000000002,0.5000009023036355,0.0,0.0,1100.0,189.93589068897205,190.00944717157665,189.93589068897205,optimal,0.788959173951298,0.7694502449594438,f05,development
hourly_seed_930036,e59ad2a3d64d79b1054aa1495e803622db813383eab2ab8c5b6ef68f72cdc997,930036,0,8,0,perfect_information,4.063635324638567,0.4081671457241339,9.955811895220588,0.9687504496642019,0.9500005324378623,0.2499989999999954,0.500000876957227,0.0,0.0,1100.0,189.93589068897205,190.00944717157665,189.93589068897205,optimal,0.5484647238627076,0.47412724792957306,f05,development
hourly_seed_930000,5e73cb66ff29da85b5fc32630772576b73dc43a222fdf6509d1632f457ec20eb,930000,0,4,0,perfect_information,4.006309996952064,0.4024091695500337,9.955811895220588,0.9750003221553658,0.9500005257476422,0.24999899999999683,0.5000008751966215,0.0,0.0,1100.0,189.93589068897205,190.00944717157665,189.93589068897205,optimal,0.9384516873396933,0.7395704318769276,f05,development
hourly_seed_930000,5e73cb66ff29da85b5fc32630772576b73dc43a222fdf6509d1632f457ec20eb,930000,0,8,0,perfect_information,3.6837862674524953,0.3700136469252641,9.955811895220588,0.9687504315846701,0.9500004842257872,0.24999900000000297,0.5000008642698236,0.0,0.0,1100.0,189.93589068897205,190.00944717157665,189.93589068897205,optimal,0.4864820437505841,0.45505172200500965,f05,development
hourly_seed_930018,873f7401a48f2b9848c1c2494b942cfcdc9b31f5778786e1d424935c5963240d,930018,0,4,0,perfect_information,4.239719257670317,0.42585369252563393,9.955811895220588,0.962500525928325,0.9500005518566436,0.2499989999999985,0.9500005518566436,0.0,0.0,1100.0,189.93589068897205,190.00944717157665,189.93589068897205,optimal,0.9355586301535368,0.6928265551105142,f05,development
hourly_seed_930018,873f7401a48f2b9848c1c2494b942cfcdc9b31f5778786e1d424935c5963240d,930018,0,8,0,perfect_information,4.239719257670317,0.42585369252563393,9.955811895220588,0.9625005539372857,0.9500005518566436,0.24999900000001807,0.9500005518566436,0.0,0.0,1100.0,189.93589068897205,190.00944717157665,189.93589068897205,optimal,0.5225863950327039,0.5745605621486902,f05,development
hourly_seed_930013,79ce1ba2253af7e9f014da223f67f748e6c76014cc01c3fd360c3d2f102f88bc,930013,0,4,0,perfect_information,4.757546260619492,0.47786622634999876,9.955811895220588,0.9750003502377703,0.9500006006340543,0.24999900000000508,1.3847679648315359,0.0,0.0,1100.0,189.93589068897205,190.00944717157665,189.93589068897205,optimal,0.5474365171976388,0.5893040620721877,f05,development
hourly_seed_930013,79ce1ba2253af7e9f014da223f67f748e6c76014cc01c3fd360c3d2f102f88bc,930013,0,8,0,perfect_information,3.025648900465826,0.30390780102206694,9.955811895220588,0.9625004752652617,0.9500003720348842,0.2499990000000571,0.9500006860174421,0.0,0.0,1100.0,189.93589068897205,190.00944717157665,189.93589068897205,optimal,0.9705102941952646,0.7512744329869747,f05,development
hourly_seed_930032,75d64745aacd1dd88551cfb70f730a2158da6fb0ad093d7bdf940fa450d0625d,930032,0,4,0,perfect_information,4.275160314374392,0.42941352843626307,9.955811895220588,0.9625005277858781,0.9500005555717496,0.24999900000000103,0.5000008830450856,0.0,0.0,1100.0,189.93589068897205,190.00944717157665,189.93589068897205,optimal,0.8687186008319259,0.7833284488879144,f05,development
hourly_seed_930032,75d64745aacd1dd88551cfb70f730a2158da6fb0ad093d7bdf940fa450d0625d,930032,0,8,0,perfect_information,4.117889854327394,0.4136166791484116,9.955811895220588,0.9687504519743078,0.9500005385981446,0.2499990000000043,0.5000008785783436,0.0,0.0,1100.0,189.93589068897205,190.00944717157665,189.93589068897205,optimal,0.5911937542259693,0.5524068977683783,f05,development
hourly_seed_930037,9445a53594523d8f07be3f87cd602c66f0780dd661774f43c980fd345bdf698a,930037,0,4,0,perfect_information,3.4274512558697103,0.3442663734451533,9.955811895220588,0.9625004728258231,0.950000445651646,0.24999899999999825,0.5000008541187273,0.0,0.0,1100.0,189.93589068897205,190.00944717157665,189.93589068897205,optimal,0.8286946369335055,0.7274468871764839,f05,development
hourly_seed_930037,9445a53594523d8f07be3f87cd602c66f0780dd661774f43c980fd345bdf698a,930037,0,8,0,perfect_information,3.4274512558697103,0.3442663734451533,9.955811895220588,0.9668346586528479,0.950000445651646,0.2499990000000036,0.5000008541187273,0.0,9.379164112033322e-13,1100.0,189.93589068897205,190.00944717157665,189.93589068897205,optimal,0.5243546850979328,0.7790566626936197,f05,development
hourly_seed_930002,8ded8e742a7f3467593dbcee59714349c047fdc76ca12d6e0598f7d1a043efed,930002,0,4,0,perfect_information,4.6277940452996384,0.4648334152959709,9.955811895220588,0.9750003460387945,0.9500005894367813,0.24999900000000239,0.9500007947183968,0.0,0.0,1100.0,189.93589068897205,190.00944717157665,189.93589068897205,optimal,0.8831189488992095,0.9405232798308134,f05,development
hourly_seed_930002,8ded8e742a7f3467593dbcee59714349c047fdc76ca12d6e0598f7d1a043efed,930002,0,8,0,perfect_information,3.6781072304179667,0.3694432226249361,9.955811895220588,0.968750431286033,0.9500004834294109,0.24999900000000164,0.9500007417147132,0.0,0.0,1100.0,189.93589068897205,190.00944717157665,189.93589068897205,optimal,0.5671182167716324,0.456944044213742,f05,development
hourly_seed_930029,b0d9230d9e25be2ff54d2506b160edd50c0708184b2d82ab496cae8157018690,930029,0,4,0,perfect_information,4.478571241142205,0.4498449034871982,9.955811895220588,0.9625005378785599,0.9500005757571199,0.2499990000000054,0.5000008883570257,0.0,0.0,1100.0,189.93589068897205,190.00944717157665,189.93589068897205,optimal,0.8364934138953686,0.5348625900223851,f05,development
hourly_seed_930029,b0d9230d9e25be2ff54d2506b160edd50c0708184b2d82ab496cae8157018690,930029,0,8,0,perfect_information,3.3235929452504416,0.33383444567147497,9.955811895220588,0.975000321352788,0.950000428328922,0.24999900000000203,0.5000008495600978,0.0,0.0,1100.0,189.93589068897205,190.00944717157665,189.93589068897205,optimal,0.6625297912396491,0.5755419679917395,f05,development
hourly_seed_930043,9deb994723c05b72800f102a3071570bc8787e6cf60f1575d82c6d192e434836,930043,0,4,0,perfect_information,6.588558873019262,0.6617801684443417,9.955811895220588,0.9625006058105022,0.9500007116210001,0.24999900000000308,0.5000009241107168,0.0,0.0,1100.0,189.93589068897205,190.00944717157665,189.93589068897205,optimal,0.8215575427748263,0.6344657787121832,f05,development
hourly_seed_930043,9deb994723c05b72800f102a3071570bc8787e6cf60f1575d82c6d192e434836,930043,0,8,0,perfect_information,4.703345668677611,0.4724221106402694,9.955811895220588,0.9625005732639222,0.9500005960318137,0.24999899999999953,0.5000008936924857,0.0,0.0,1100.0,189.93589068897205,190.00944717157665,189.93589068897205,optimal,0.6535533359274268,0.5321839130483568,f05,development
hourly_seed_930023,0fec3e252b3faa42546548f6211228dbd81c1cca4cb6959bf2b75ca6ab4e8966,930023,0,4,0,perfect_information,4.047533957540198,0.4065498625464456,9.955811895220588,0.9750003239667023,0.9500005305778682,0.24999899999999517,0.5000008764677576,0.0,0.0,1100.0,189.93589068897205,190.00944717157665,189.93589068897205,optimal,0.6675226911902428,0.5570661057718098,f05,development
hourly_seed_930023,0fec3e252b3faa42546548f6211228dbd81c1cca4cb6959bf2b75ca6ab4e8966,930023,0,8,0,perfect_information,3.2914103515869595,0.33060190230864467,9.955811895220588,0.9687504085272218,0.9500004227392468,0.24999900000005096,0.5000008480891353,0.0,2.5579538487363607e-13,1100.0,189.93589068897205,190.00944717157665,189.93589068897205,optimal,0.9193575410172343,0.7822495419532061,f05,development
hourly_seed_930033,aabad5a13deb190dc53c2e48b39377d3dd32ac6db778373e6a97c5246ea30117,930033,0,4,0,perfect_information,3.818178623917848,0.3835125315847734,9.955811895220588,0.9646640433533015,0.9500005023800072,0.2499989999999998,0.5000008690472533,0.0,0.0,1100.0,189.93589068897205,190.00944717157665,189.93589068897205,optimal,0.8502654181793332,0.7920553227886558,f05,development
hourly_seed_930033,aabad5a13deb190dc53c2e48b39377d3dd32ac6db778373e6a97c5246ea30117,930033,0,8,0,perfect_information,3.818178623917848,0.3835125315847734,9.955811895220588,0.9687504383925065,0.9500005023800072,0.24999900000000347,0.5000008690472533,0.0,0.0,1100.0,189.93589068897205,190.00944717157665,189.93589068897205,optimal,0.6237027230672538,0.4863488827832043,f05,development
hourly_seed_930012,d15847a9ed004375dc34b26f5f5f311507c9aef252cb1d1cb05321fda513acfc,930012,0,4,0,perfect_information,4.705448439052507,0.4726333209762045,9.955811895220588,0.973697035087216,0.9500005962123391,0.24999899999999953,0.5000008937399892,0.0,0.0,1100.0,189.93589068897205,190.00944717157665,189.93589068897205,optimal,0.7629036237485707,0.7799732289277017,f05,development
hourly_seed_930012,d15847a9ed004375dc34b26f5f5f311507c9aef252cb1d1cb05321fda513acfc,930012,0,8,0,perfect_information,3.4572716967819113,0.3472616531095387,9.955811895220588,0.9625005095644952,0.9500004504331202,0.24999899999999747,0.5000008553770036,0.0,0.0,1100.0,189.93589068897205,190.00944717157665,189.93589068897205,optimal,0.7616972359828651,0.7454839870333672,f05,development
hourly_seed_930015,0c4920b7bdfd464336af0de6d508a179e40cb5ecab3ae360d0cbf0ad122a0b6a,930015,0,4,0,perfect_information,3.260998230424993,0.32754719200655813,9.955811895220588,0.9500006358473213,0.9500004173557037,0.24999892333668194,0.9500007086778606,0.0,0.0,1100.0,189.93589068897205,190.00944717157665,189.93589068897205,optimal,0.7142680059187114,0.45976952090859413,f05,development
hourly_seed_930015,0c4920b7bdfd464336af0de6d508a179e40cb5ecab3ae360d0cbf0ad122a0b6a,930015,0,8,0,perfect_information,3.260998230424993,0.32754719200655813,9.955811895220588,0.9643124397749799,0.9500004173557037,0.24999900000003278,0.9500007086778606,0.0,0.0,1100.0,189.93589068897205,190.00944717157665,189.93589068897205,optimal,0.9590696841478348,0.8799143000505865,f05,development
hourly_seed_930017,58e695629cc3c736a23c2265c2084a55b61771b31927b3ada336bc5487a0b695,930017,0,4,0,perfect_information,4.563126021100509,0.4583379104712791,9.955811895220588,0.9625005418091727,0.9500005836183455,0.24999899999999986,0.5000008904257839,0.0,0.0,1100.0,189.93589068897205,190.00944717157665,189.93589068897205,optimal,0.7990008550696075,0.4719362552277744,f05,development
hourly_seed_930017,58e695629cc3c736a23c2265c2084a55b61771b31927b3ada336bc5487a0b695,930017,0,8,0,perfect_information,4.563126021100509,0.4583379104712791,9.955811895220588,0.967291833810015,0.9500005836183455,0.24999900000000808,0.5000008904257839,0.0,0.0,1100.0,189.93589068897205,190.00944717157665,189.93589068897205,optimal,0.9799223910085857,0.6410177890211344,f05,development
hourly_seed_930009,dc37fa0ffb9cfebf53b80673dbf61beb0f8399479bcc21b5aec9d7109426d1f7,930009,0,4,0,perfect_information,4.0889813083542474,0.4107129937154813,9.955811895220588,0.9626139137724605,0.9500005353360957,0.24999899999999695,0.5000008777199102,0.0,0.0,1100.0,189.93589068897205,190.00944717157665,189.93589068897205,optimal,0.8453859887085855,0.7354251160286367,f05,development
hourly_seed_930009,dc37fa0ffb9cfebf53b80673dbf61beb0f8399479bcc21b5aec9d7109426d1f7,930009,0,8,0,perfect_information,4.0889813083542474,0.4107129937154813,9.955811895220588,0.9625572447617509,0.9500005353360957,0.24999900000000708,0.5000008777199102,0.0,1.0800249583553523e-12,1100.0,189.93589068897205,190.00944717157665,189.93589068897205,optimal,0.9395126840099692,0.6886804713867605,f05,development
hourly_seed_930039,29d3428e876a10b185f10cb2fb78be33561e1e4eec585d4a143895b475c69932,930039,0,4,0,perfect_information,3.6304982593536033,0.364661194643148,9.955811895220588,0.9625004883276583,0.9500004766553166,0.2499990000000061,0.7551846140574657,0.0,1.1084466677857563e-12,1100.0,189.93589068897205,190.00944717157665,189.93589068897205,optimal,0.9261769130825996,0.8438243991695344,f05,development
hourly_seed_930039,29d3428e876a10b185f10cb2fb78be33561e1e4eec585d4a143895b475c69932,930039,0,8,0,perfect_information,3.4209929411341005,0.34361767549830774,9.955811895220588,0.9687504167269181,0.950000444605104,0.24999900000000286,0.5135551629676416,0.0,0.0,1100.0,189.93589068897205,190.00944717157665,189.93589068897205,optimal,0.7274560066871345,0.4518298930488527,f05,development
hourly_seed_930045,c3e74054f6e9dc4d7e2c39150decbf02eac006e40c9c6f5089baab85e10b4d0e,930045,0,4,0,perfect_information,4.255571578206273,0.4274459605096811,9.955811895220588,0.962500526763012,0.9500005535260241,0.24999900000001213,0.5000008825067456,0.0,0.0,1100.0,189.93589068897205,190.00944717157665,189.93589068897205,optimal,0.9158378290012479,0.5496426397003233,f05,development
hourly_seed_930045,c3e74054f6e9dc4d7e2c39150decbf02eac006e40c9c6f5089baab85e10b4d0e,930045,0,8,0,perfect_information,4.124572051267533,0.4142878646841033,9.955811895220588,0.9655177957937688,0.9500005393456593,0.24999900000000763,0.5000008787750495,0.0,0.0,1100.0,189.93589068897205,190.00944717157665,189.93589068897205,optimal,0.7520907279103994,0.7583434469997883,f05,development
hourly_seed_930004,a491ab52d06a70be2de12af9aed0f28656c49a328c72a91d3a03653d1024b117,930004,0,4,0,perfect_information,5.019554800920732,0.5041833708540066,9.955811895220588,0.9502775539542503,0.950000621479973,0.2499989999999983,0.500000900389364,0.0,0.0,1100.0,189.93589068897205,190.00944717157665,189.93589068897205,optimal,0.9274927801452577,0.8504325989633799,f05,development
hourly_seed_930004,a491ab52d06a70be2de12af9aed0f28656c49a328c72a91d3a03653d1024b117,930004,0,8,0,perfect_information,3.1401805699824044,0.31541180197366797,9.955811895220588,0.9625004852856479,0.9500003949386105,0.24999900000004674,0.5000008407731774,0.0,0.0,1100.0,189.93589068897205,190.00944717157665,189.93589068897205,optimal,0.9679402178153396,0.5722912792116404,f05,development
hourly_seed_930028,f092f1fb8964c0da4a4c709d8a55deebcb49ab1b6547f292c62c0db528c1d18c,930028,0,4,0,perfect_information,4.81623535084184,0.4837611840731878,9.955811895220588,0.9625005527502994,0.9500006055005988,0.2499990000000077,0.5000008961842781,0.0,0.0,1100.0,189.93589068897205,190.00944717157665,189.93589068897205,optimal,0.8395513719879091,0.6017777789384127,f05,development
hourly_seed_930028,f092f1fb8964c0da4a4c709d8a55deebcb49ab1b6547f292c62c0db528c1d18c,930028,0,8,0,perfect_information,4.443205901216489,0.44629267286071417,9.955811895220588,0.9660355587534322,0.95000057238038,0.2499990000000077,0.5000008874684155,0.0,0.0,1100.0,189.93589068897205,190.00944717157665,189.93589068897205,optimal,0.9242139896377921,0.7732565579935908,f05,development
hourly_seed_930034,6027d63c0b5310ce55b75cff32ee16a9e6a3de9df52e9cb2a40ce8b332178a40,930034,0,4,0,perfect_information,3.822784280466613,0.3839751414248584,9.955811895220588,0.9625005014897715,0.9500005029795355,0.24999900000000447,0.5000008692050114,0.0,0.0,1100.0,189.93589068897205,190.00944717157665,189.93589068897205,optimal,0.7954428629018366,0.7691275817342103,f05,development
hourly_seed_930034,6027d63c0b5310ce55b75cff32ee16a9e6a3de9df52e9cb2a40ce8b332178a40,930034,0,8,0,perfect_information,3.822784280466613,0.3839751414248584,9.955811895220588,0.9625005325535515,0.9500005029795355,0.24999899999999503,0.5000008692050114,0.0,1.2221335055073723e-12,1100.0,189.93589068897205,190.00944717157665,189.93589068897205,optimal,0.7735063289292157,0.8281535431742668,f05,development
hourly_seed_930025,21cb8792ac64c8bfb8bb1c494acecc56597c6bd11913ca2d1c7b9d8dfd16f9a9,930025,0,4,0,perfect_information,4.035077772626839,0.40529871547331353,9.955811895220588,0.9625005145643903,0.9500005291287736,0.24999900000000444,0.500000876086406,0.0,0.0,1100.0,189.93589068897205,190.00944717157665,189.93589068897205,optimal,0.8146885712631047,0.8429206828586757,f05,development
hourly_seed_930025,21cb8792ac64c8bfb8bb1c494acecc56597c6bd11913ca2d1c7b9d8dfd16f9a9,930025,0,8,0,perfect_information,3.929570187287948,0.39470112820978337,9.955811895220588,0.9687504436822709,0.950000516486046,0.2499990000000012,0.5000008727593622,0.0,0.0,1100.0,189.93589068897205,190.00944717157665,189.93589068897205,optimal,0.7956493236124516,0.7445475817658007,f05,development
hourly_seed_930042,762d10d262a7f91b3c7b3073926fbcc98823c06e923449bec9c4d5320c308d7e,930042,0,4,0,perfect_information,3.510425669878865,0.3526006424010571,9.955811895220588,0.9750002970329479,0.9500004587545222,0.24999900000000672,0.5000008575668429,0.0,0.0,1100.0,189.93589068897205,190.00944717157665,189.93589068897205,optimal,0.939497213345021,0.6923837033100426,f05,development
hourly_seed_930042,762d10d262a7f91b3c7b3073926fbcc98823c06e923449bec9c4d5320c308d7e,930042,0,8,0,perfect_information,3.510425669878865,0.3526006424010571,9.955811895220588,0.9625005132051085,0.9500004587545222,0.24999900000000475,0.5000008575668429,0.0,0.0,1100.0,189.93589068897205,190.00944717157665,189.93589068897205,optimal,0.8336171968840063,0.7870122110471129,f05,development
hourly_seed_930047,af12c313fcece64be0c5c1ab7a2387e6fb831e9805e3608164e46e7ea9f58e5c,930047,0,4,0,perfect_information,5.031083115173154,0.5053413190327941,9.955811895220588,0.9750003583802493,0.9500006223473318,0.2499990000000008,0.9500006223473318,0.0,0.0,1100.0,189.93589068897205,190.00944717157665,189.93589068897205,optimal,0.784567825961858,0.9279166827909648,f05,development
hourly_seed_930047,af12c313fcece64be0c5c1ab7a2387e6fb831e9805e3608164e46e7ea9f58e5c,930047,0,8,0,perfect_information,3.702778651672282,0.3719213149707908,9.955811895220588,0.9687504325767391,0.9500004868712938,0.24999900000000716,0.9500007434356545,0.0,0.0,1100.0,189.93589068897205,190.00944717157665,189.93589068897205,optimal,0.7917232406325638,0.8174551483243704,f05,development
hourly_seed_930041,ac4c8f1cbe4ff2d2fedeb871291493eea9b026ca6779a0169b00fa79d1da71de,930041,0,4,0,perfect_information,3.927843504569596,0.3945276935631143,9.955811895220588,0.9648241044937393,0.9500005162734929,0.24999899999999503,0.5000008727034211,0.0,0.0,1100.0,189.93589068897205,190.00944717157665,189.93589068897205,optimal,0.9328195629641414,0.7927637570537627,f05,development
hourly_seed_930041,ac4c8f1cbe4ff2d2fedeb871291493eea9b026ca6779a0169b00fa79d1da71de,930041,0,8,0,perfect_information,3.927843504569596,0.3945276935631143,9.955811895220588,0.9625005383696577,0.9500005162734929,0.24999899999999406,0.5000008727034211,0.0,0.0,1100.0,189.93589068897205,190.00944717157665,189.93589068897205,optimal,0.7813177867792547,0.8261512313038111,f05,development
hourly_seed_930031,9e8491d5826c3f7c344ef1cb738e4f8db68652e25fd614a697af815439fa1ca4,930031,0,4,0,perfect_information,3.404734078556613,0.34198457286955153,9.955811895220588,0.9750002907323352,0.9500004419528882,0.24999900000001185,1.231405494479694,0.0,0.0,1100.0,189.93589068897205,190.00944717157665,189.93589068897205,optimal,0.9756481051445007,0.7753072897903621,f05,development
hourly_seed_930031,9e8491d5826c3f7c344ef1cb738e4f8db68652e25fd614a697af815439fa1ca4,930031,0,8,0,perfect_information,3.404734078556613,0.34198457286955153,9.955811895220588,0.9687504157323372,0.9500004419528882,0.24999899999999875,1.3677761782293099,0.0,7.958078640513122e-13,1100.0,189.93589068897205,190.00944717157665,189.93589068897205,optimal,0.7926595266908407,0.8247120222076774,f05,development
hourly_seed_930030,733c1860da6d648fb73f5353fec08227b4aeb6aebd372cf597ab59c34693e24e,930030,0,4,0,perfect_information,5.130705510937818,0.5153477752428084,9.955811895220588,0.9625005648400852,0.9500006296801649,0.249999,0.5000009025473254,0.0,2.1316282072803006e-12,1100.0,189.93589068897205,190.00944717157665,189.93589068897205,optimal,1.0175612103193998,0.7296106307767332,f05,development
hourly_seed_930030,733c1860da6d648fb73f5353fec08227b4aeb6aebd372cf597ab59c34693e24e,930030,0,8,0,perfect_information,5.130705510937818,0.5153477752428084,9.955811895220588,0.9687504861300648,0.9500006296801649,0.2499989999999972,0.5000009025473254,0.0,0.0,1100.0,189.93589068897205,190.00944717157665,189.93589068897205,optimal,0.9046712899580598,0.8134585628286004,f05,development
hourly_seed_930027,12dba123241a23db644b607369b74a2b7fa8937254fae87c0d6037088aeeee26,930027,0,4,0,perfect_information,5.105912552401656,0.5128574752253819,9.955811895220588,0.9640603399695583,0.9500006278820011,0.24999900000000957,0.500000902074123,0.0,0.0,1100.0,189.93589068897205,190.00944717157665,189.93589068897205,optimal,0.95458082575351,0.9046334209851921,f05,development
hourly_seed_930027,12dba123241a23db644b607369b74a2b7fa8937254fae87c0d6037088aeeee26,930027,0,8,0,perfect_information,4.954076360740396,0.4976064647342988,9.955811895220588,0.9625005822087095,0.9500006164770423,0.24999899999999747,0.5000008990728043,0.0,0.0,1100.0,189.93589068897205,190.00944717157665,189.93589068897205,optimal,0.8708488438278437,0.8425870719365776,f05,development
hourly_seed_930050,0020f48305bebb2fbed38a7195d3d31729a68750a62da31f690a9931287691d8,930050,0,4,0,perfect_information,4.9429246941482985,0.4964863484937086,9.955811895220588,0.9625005578058964,0.9500006156117927,0.2499989999999991,0.9816560504878691,0.0,0.0,1100.0,189.93589068897205,190.00944717157665,189.93589068897205,optimal,0.44100018590688705,0.49769244296476245,f05,development
hourly_seed_930050,0020f48305bebb2fbed38a7195d3d31729a68750a62da31f690a9931287691d8,930050,0,8,0,perfect_information,3.4828014426804432,0.34982595888060175,9.955811895220588,0.9625005113269456,0.9500004544615899,0.24999900000039518,0.9949270554545359,0.0,0.0,1100.0,189.93589068897205,190.00944717157665,189.93589068897205,optimal,0.5618646149523556,0.4967422466725111,f05,development
hourly_seed_930058,5b4b7a2666ce579d59f9265dbcd0fd31227c4acf1ad60ec754093e5b718e6b89,930058,0,4,0,perfect_information,3.281075334146689,0.32956381344667735,9.955811895220588,0.9625004604604744,0.9500004209209404,0.2499990000000078,0.5000008476106386,0.0,0.0,1100.0,189.93589068897205,190.00944717157665,189.93589068897205,optimal,0.4615951217710972,0.5462367688305676,f05,development
hourly_seed_930058,5b4b7a2666ce579d59f9265dbcd0fd31227c4acf1ad60ec754093e5b718e6b89,930058,0,8,0,perfect_information,3.281075334146689,0.32956381344667735,9.955811895220588,0.9687504078453569,0.9500004209209404,0.24999900000000272,0.5000008476106386,0.0,0.0,1100.0,189.93589068897205,190.00944717157665,189.93589068897205,optimal,0.5177916549146175,0.49411057075485587,f05,development
hourly_seed_930049,a4b77ea5ef14993f5103ec1e389ce378e64d843b508a194c50aff6e68d54978f,930049,0,4,0,perfect_information,6.110760044935122,0.6137882183037898,9.955811895220588,0.962500594536363,0.9500006890727262,0.24999900000000105,0.5000009181769518,0.0,0.0,1100.0,189.93589068897205,190.00944717157665,189.93589068897205,optimal,0.5165466382168233,0.46394573617726564,f05,development
hourly_seed_930049,a4b77ea5ef14993f5103ec1e389ce378e64d843b508a194c50aff6e68d54978f,930049,0,8,0,perfect_information,4.40484053779012,0.4424391083468259,9.955811895220588,0.9643093058733743,0.9500005686559035,0.24999899999999586,0.5000008864882829,0.0,0.0,1100.0,189.93589068897205,190.00944717157665,189.93589068897205,optimal,0.746076941024512,0.7452620160765946,f05,development
hourly_seed_930052,0ae05256506cb7850fe64f7105b9c71355b64a2e8a98f4a32c5e9610f9b999b7,930052,0,4,0,perfect_information,5.00626196947481,0.5028481877884945,9.955811895220588,0.9625005602374527,0.9500006204749111,0.24999900000000644,0.5000009001248831,0.0,0.0,1100.0,189.93589068897205,190.00944717157665,189.93589068897205,optimal,0.5164583073928952,0.7754843411967158,f05,development
hourly_seed_930052,0ae05256506cb7850fe64f7105b9c71355b64a2e8a98f4a32c5e9610f9b999b7,930052,0,8,0,perfect_information,3.771646517546477,0.3788386680303897,9.955811895220588,0.9687504360902653,0.9500004962406975,0.24999899999999797,0.500000867431634,0.0,0.0,1100.0,189.93589068897205,190.00944717157665,189.93589068897205,optimal,0.5679289121180773,0.53167166095227,f05,development
hourly_seed_930057,b937e77932a38dbbb119e0a96c7d47e4c5ed0aab8fea25f1d485ec7429af86de,930057,0,4,0,perfect_information,3.9045943441317896,0.39219245855842644,9.955811895220588,0.9625005066966252,0.9500005133932505,0.24999900000006484,0.9500007566966253,0.0,1.3358203432289883e-12,1100.0,189.93589068897205,190.00944717157665,189.93589068897205,optimal,0.5204037823714316,0.5449309521354735,f05,development
hourly_seed_930057,b937e77932a38dbbb119e0a96c7d47e4c5ed0aab8fea25f1d485ec7429af86de,930057,0,8,0,perfect_information,3.400942598325226,0.34160374202709587,9.955811895220588,0.9625005055822146,0.9500004413307761,0.24999900000002853,0.9500007206653881,0.0,1.1652900866465643e-12,1100.0,189.93589068897205,190.00944717157665,189.93589068897205,optimal,0.5465935720130801,0.5280930190347135,f05,development
hourly_seed_930048,c5a0d3d19395095094a457b123cb8c84432c6291893b6ecaa72851b8222b692d,930048,0,4,0,perfect_information,4.3638868638115715,0.4383255639760038,9.955811895220588,0.962500532303939,0.9500005646078779,0.24999899999999878,0.5217679478910341,0.0,0.0,1100.0,189.93589068897205,190.00944717157665,189.93589068897205,optimal,0.8712547970935702,0.7971383132971823,f05,development
hourly_seed_930048,c5a0d3d19395095094a457b123cb8c84432c6291893b6ecaa72851b8222b692d,930048,0,8,0,perfect_information,3.6320410613443723,0.3648161596030133,9.955811895220588,0.9750003365242546,0.950000476877605,0.2499990000000003,0.5000008623360885,0.0,0.0,1100.0,189.93589068897205,190.00944717157665,189.93589068897205,optimal,0.5332335396669805,0.49452585401013494,f05,development
hourly_seed_930064,62f79ef317648f17ca01cd6bbe7fb4b32586b19d7ba29b747c4bf1a6080708e4,930064,0,4,0,perfect_information,5.884194049237232,0.5910310591607313,9.955811895220588,0.962500588550365,0.9500006771007302,0.24999900000000083,0.9500006771007302,0.0,0.0,1100.0,189.93589068897205,190.00944717157665,189.93589068897205,optimal,0.5603534760884941,0.46070013707503676,f05,development
hourly_seed_930064,62f79ef317648f17ca01cd6bbe7fb4b32586b19d7ba29b747c4bf1a6080708e4,930064,0,8,0,perfect_information,3.2116894926300055,0.3225944329233276,9.955811895220588,0.9687504031539164,0.9500004084104436,0.24999900000002265,0.9500007042052218,0.0,0.0,1100.0,189.93589068897205,190.00944717157665,189.93589068897205,optimal,0.8816246311180294,0.5271918531507254,f05,development
hourly_seed_930070,92fea4dbda02a8bea3c9c2f1d2134390c186b44c79f5b5c24fd8f7a97ce75920,930070,0,4,0,perfect_information,3.754578314706468,0.3771242721559354,9.955811895220588,0.975000310231489,0.9500004939506377,0.24999900000000408,0.5000008668289765,0.0,0.0,1100.0,189.93589068897205,190.00944717157665,189.93589068897205,optimal,0.5689965980127454,0.44377886271104217,f05,development
hourly_seed_930070,92fea4dbda02a8bea3c9c2f1d2134390c186b44c79f5b5c24fd8f7a97ce75920,930070,0,8,0,perfect_information,3.5729674767846746,0.35888258179123717,9.955811895220588,0.962500517350005,0.9500004682285715,0.24999900000000363,0.5000008600600229,0.0,0.0,1100.0,189.93589068897205,190.00944717157665,189.93589068897205,optimal,0.5279398877173662,0.6958018443547189,f05,development
hourly_seed_930069,d01a39977b4ef127f7a34ad56c453c83290a2e3d51d8dd020d564c3f2f72c604,930069,0,4,0,perfect_information,3.4941299159490438,0.35096383426312466,9.955811895220588,0.9625004781151479,0.9500004562302877,0.24999900000000053,1.5082419198439572,0.0,0.0,1100.0,189.93589068897205,190.00944717157665,189.93589068897205,optimal,0.5836965688504279,0.5279945679940283,f05,development
hourly_seed_930069,d01a39977b4ef127f7a34ad56c453c83290a2e3d51d8dd020d564c3f2f72c604,930069,0,8,0,perfect_information,3.2810860316872636,0.3295648879487558,9.955811895220588,0.9637232402001306,0.9500004209228284,0.24999900000000286,1.6061740595561298,0.0,0.0,1100.0,189.93589068897205,190.00944717157665,189.93589068897205,optimal,0.5239418838173151,0.6668568071909249,f05,development
hourly_seed_930079,1cd02e53f94dfc06cd8d7995d6927a2ee3ac81e92b885171fcceafe47f20e631,930079,0,4,0,perfect_information,6.636986201800289,0.6666443954195697,9.955811895220588,0.9750003926469443,0.9500007137251817,0.2499990000000196,0.5000009246644533,0.0,0.0,1100.0,189.93589068897205,190.00944717157665,189.93589068897205,optimal,0.43999736988916993,0.4735777359455824,f05,development
hourly_seed_930079,1cd02e53f94dfc06cd8d7995d6927a2ee3ac81e92b885171fcceafe47f20e631,930079,0,8,0,perfect_information,4.544453224371039,0.4564623430212317,9.955811895220588,0.962500567084515,0.950000581907454,0.24999899999999958,1.4934726842571704,0.0,8.242295734817162e-13,1100.0,189.93589068897205,190.00944717157665,189.93589068897205,optimal,0.5264201378449798,0.4557878263294697,f05,development
hourly_seed_930074,5585e5ac34ae279b36a4e449c5e0410b882b09ca08694addb6825d5736827368,930074,0,4,0,perfect_information,4.6785916146113955,0.4699357183372872,9.955811895220588,0.9625005469472312,0.9500005938944625,0.24999900000000608,0.5000008931300226,0.0,0.0,1100.0,189.93589068897205,190.00944717157665,189.93589068897205,optimal,0.551271109841764,0.46072924695909023,f05,development
hourly_seed_930074,5585e5ac34ae279b36a4e449c5e0410b882b09ca08694addb6825d5736827368,930074,0,8,0,perfect_information,4.646637791381845,0.46672615355584623,9.955811895220588,0.9639474084382437,0.9500005911017592,0.24999899999999553,0.5000008923951023,0.0,0.0,1100.0,189.93589068897205,190.00944717157665,189.93589068897205,optimal,0.5594747206196189,0.5532660018652678,f05,development
hourly_seed_930063,dddb9a5d4c9689ac5f1c5ab309b3c95bc4c8600cc7eaca730d45c34f5d93d671,930063,0,4,0,perfect_information,5.309223215611851,0.533278779419347,9.955811895220588,0.9750003657994387,0.9500006421318364,0.24999900000000522,1.1162163711486761,0.0,2.1884716261411086e-12,1100.0,189.93589068897205,190.00944717157665,189.93589068897205,optimal,0.4987598489969969,0.4566613519564271,f05,development
hourly_seed_930063,dddb9a5d4c9689ac5f1c5ab309b3c95bc4c8600cc7eaca730d45c34f5d93d671,930063,0,8,0,perfect_information,4.171490626308386,0.4190005466365794,9.955811895220588,0.9687504541975684,0.9500005445268397,0.24999900000000522,1.3710728698156127,0.0,1.7053025658242404e-13,1100.0,189.93589068897205,190.00944717157665,189.93589068897205,optimal,0.5622120383195579,0.7362879221327603,f05,development
hourly_seed_930082,53829132fa1c8d05a46f9bffa54631441996cd99027e232796f70320320d1425,930082,0,4,0,perfect_information,5.664119477015518,0.5689259235336346,9.955811895220588,0.975000374208032,0.9500006645547521,0.2499989999999992,1.1247557086234217,0.0,0.0,1100.0,189.93589068897205,190.00944717157665,189.93589068897205,optimal,0.5412373086437583,0.47775587113574147,f05,development
hourly_seed_930082,53829132fa1c8d05a46f9bffa54631441996cd99027e232796f70320320d1425,930082,0,8,0,perfect_information,3.8455376318575287,0.386260575463828,9.955811895220588,0.9509648472115757,0.9500005059203305,0.24999900000003933,0.9500007529601653,0.0,0.0,1100.0,189.93589068897205,190.00944717157665,189.93589068897205,optimal,0.5117955589666963,0.456575651653111,f05,development
hourly_seed_930060,202712dcb5cb19a940d7d92fa62e2b046bddcc3e35d50880e4ef2f465cbe3b0b,930060,0,4,0,perfect_information,4.531402454438252,0.45515147354417257,9.955811895220588,0.9625005403516615,0.9500005807033169,0.2499990000000008,0.5000008896586652,0.0,0.0,1100.0,189.93589068897205,190.00944717157665,189.93589068897205,optimal,0.5435972837731242,0.6119077722541988,f05,development
hourly_seed_930060,202712dcb5cb19a940d7d92fa62e2b046bddcc3e35d50880e4ef2f465cbe3b0b,930060,0,8,0,perfect_information,3.6697177546962614,0.36860055144854187,9.955811895220588,0.9687504308431764,0.95000048224846,0.24999900000001268,0.5000008637494601,0.0,0.0,1100.0,189.93589068897205,190.00944717157665,189.93589068897205,optimal,0.6708502005785704,0.4401531517505646,f05,development
hourly_seed_930061,08624ec58e3ca3992616d50e838e81777e8e4c467abf8a0015f13ee61cc4de96,930061,0,4,0,perfect_information,3.515444626105035,0.3531047656487632,9.955811895220588,0.9750002973227214,0.9500004595272517,0.2499989999999992,0.5000008577701898,0.0,0.0,1100.0,189.93589068897205,190.00944717157665,189.93589068897205,optimal,0.7541246809996665,0.5537686459720135,f05,development
hourly_seed_930061,08624ec58e3ca3992616d50e838e81777e8e4c467abf8a0015f13ee61cc4de96,930061,0,8,0,perfect_information,3.087050632876929,0.3100752269494873,9.955811895220588,0.9687503941969365,0.950000384525152,0.24999899999999578,0.5000008380327831,0.0,0.0,1100.0,189.93589068897205,190.00944717157665,189.93589068897205,optimal,0.49287519324570894,0.618972095195204,f05,development
hourly_seed_930056,3f4b2a4fa5678f4cd434d1b8b33f059a7334c741271b4e357566114a19c43c3e,930056,0,4,0,perfect_information,5.047660865122367,0.5070064519344284,9.955811895220588,0.9750003588453604,0.950000623587624,0.24999899999999636,0.5000009009440225,0.0,0.0,1100.0,189.93589068897205,190.00944717157665,189.93589068897205,optimal,0.6290992069989443,0.5400425419211388,f05,development
hourly_seed_930056,3f4b2a4fa5678f4cd434d1b8b33f059a7334c741271b4e357566114a19c43c3e,930056,0,8,0,perfect_information,4.870014310412408,0.4891629494075033,9.955811895220588,0.966857056199619,0.9500006098569947,0.24999899999999928,0.5000008973306934,0.0,3.723243935382925e-12,1100.0,189.93589068897205,190.00944717157665,189.93589068897205,optimal,0.7952272230759263,0.8854654640890658,f05,development
hourly_seed_930053,cf056341514e5ed9f2875aaf92f2d5d0b57c39decf360600269330bbcfb47f0f,930053,0,4,0,perfect_information,3.5268146913082026,0.3542468186850029,9.955811895220588,0.9625004806348424,0.9500004612696766,0.2499989999999982,0.9500007306348464,0.0,0.0,1100.0,189.93589068897205,190.00944717157665,189.93589068897205,optimal,0.9426545230671763,0.5722890691831708,f05,development
hourly_seed_930053,cf056341514e5ed9f2875aaf92f2d5d0b57c39decf360600269330bbcfb47f0f,930053,0,8,0,perfect_information,3.5268146913082026,0.3542468186850029,9.955811895220588,0.975000331646777,0.9500004612696766,0.24999900000000208,0.9500007306348464,0.0,0.0,1100.0,189.93589068897205,190.00944717157665,189.93589068897205,optimal,0.6721597099676728,0.9546793065965176,f05,development
hourly_seed_930054,ea67fdf57438d30d510c9efb5825c3b120acbacaebf8ca9e1398eae4a8e079cd,930054,0,4,0,perfect_information,4.064413782616766,0.40824533703453547,9.955811895220588,0.9750003246977856,0.9500005325274286,0.24999900000000302,0.5000008769807809,0.0,0.0,1100.0,189.93589068897205,190.00944717157665,189.93589068897205,optimal,0.8440919909626245,0.7141962773166597,f05,development
hourly_seed_930054,ea67fdf57438d30d510c9efb5825c3b120acbacaebf8ca9e1398eae4a8e079cd,930054,0,8,0,perfect_information,3.6516070037025434,0.36678143803174335,9.955811895220588,0.9665846388389703,0.9500004796805853,0.24999900000000594,0.500000863073695,0.0,0.0,1100.0,189.93589068897205,190.00944717157665,189.93589068897205,optimal,0.6163845476694405,0.4701811536215246,f05,development
hourly_seed_930051,a67ce744bcb5925f48c4ba1fd45017e4bd12698992d186af16e72ed8c7496c62,930051,0,4,0,perfect_information,3.6095058418110884,0.36255263556595285,9.955811895220588,0.962500486805802,0.9500004736115961,0.24999900000001093,0.5000008614766184,0.0,5.400124791776761e-13,1100.0,189.93589068897205,190.00944717157665,189.93589068897205,optimal,0.8407565597444773,0.7532440847717226,f05,development
hourly_seed_930051,a67ce744bcb5925f48c4ba1fd45017e4bd12698992d186af16e72ed8c7496c62,930051,0,8,0,perfect_information,3.6095058418110884,0.36255263556595285,9.955811895220588,0.9687504276043525,0.9500004736115961,0.24999899999999625,0.5000008614766184,0.0,8.810729923425242e-13,1100.0,189.93589068897205,190.00944717157665,189.93589068897205,optimal,0.8203796958550811,0.7348095029592514,f05,development
hourly_seed_930055,5d0b584069b79b67f8e5d71d0ba90876d911c3d850b2dd1a09e07223313bd9f2,930055,0,4,0,perfect_information,4.619677517617462,0.46401816006941593,9.955811895220588,0.9625005443577278,0.9500005887154558,0.24999899999999964,0.500000891767122,0.0,1.8474111129762605e-12,1100.0,189.93589068897205,190.00944717157665,189.93589068897205,optimal,0.810807938221842,0.6972967032343149,f05,development
hourly_seed_930055,5d0b584069b79b67f8e5d71d0ba90876d911c3d850b2dd1a09e07223313bd9f2,930055,0,8,0,perfect_information,4.1530322831026645,0.4171465197224527,9.955811895220588,0.9625005498448342,0.9500005425024683,0.2499990000000018,0.5000008796058016,0.0,0.0,1100.0,189.93589068897205,190.00944717157665,189.93589068897205,optimal,0.6016628877259791,0.6446851822547615,f05,development
hourly_seed_930077,1310de9cf1e7baa598eec8866b10d1b0241c7e241b85fa775b3c027c52adfd60,930077,0,4,0,perfect_information,4.3768797498191185,0.4396306193692043,9.955811895220588,0.9750003372126284,0.9500005659003383,0.24999900000000266,0.5000008857631439,0.0,0.0,1100.0,189.93589068897205,190.00944717157665,189.93589068897205,optimal,0.5656303479336202,0.7769921999424696,f05,development
hourly_seed_930077,1310de9cf1e7baa598eec8866b10d1b0241c7e241b85fa775b3c027c52adfd60,930077,0,8,0,perfect_information,4.3768797498191185,0.4396306193692043,9.955811895220588,0.9619563933725365,0.9500005659003383,0.24999899999999564,0.5000008857631439,0.0,5.968558980384842e-13,1100.0,189.93589068897205,190.00944717157665,189.93589068897205,optimal,0.527720786165446,0.5295391879044473,f05,development
hourly_seed_930073,c01fb9671dfcf11295009adb4dc78a9cf934c966bc109e02e78ad3ad44712d62,930073,0,4,0,perfect_information,4.2940323273389,0.43130910593040667,9.955811895220588,0.975000334071871,0.9500005575249849,0.2499990000000021,0.950000778762499,0.0,0.0,1100.0,189.93589068897205,190.00944717157665,189.93589068897205,optimal,0.6740535208955407,0.43465732829645276,f05,development
hourly_seed_930073,c01fb9671dfcf11295009adb4dc78a9cf934c966bc109e02e78ad3ad44712d62,930073,0,8,0,perfect_information,4.089304431335273,0.4107454494292318,9.955811895220588,0.9750003548040064,0.950000535372812,0.2499990000000021,0.9500007676864131,0.0,0.0,1100.0,189.93589068897205,190.00944717157665,189.93589068897205,optimal,0.5483682327903807,0.47221684688702226,f05,development
hourly_seed_930067,d27b94de58844fe6f75e173fe7202e4c0eb270f1926de3cfbc905bd649199d7c,930067,0,4,0,perfect_information,3.0398604109147684,0.30533525973648534,9.955811895220588,0.9625004374853227,0.9500003749706362,0.24999900000000486,0.9500006874853274,0.0,0.0,1100.0,189.93589068897205,190.00944717157665,189.93589068897205,optimal,0.8348873537033796,0.48974800389260054,f05,development
hourly_seed_930067,d27b94de58844fe6f75e173fe7202e4c0eb270f1926de3cfbc905bd649199d7c,930067,0,8,0,perfect_information,3.0398604109147684,0.30533525973648534,9.955811895220588,0.9750003046783272,0.9500003749706362,0.24999899999999886,0.9500006874853274,0.0,0.0,1100.0,189.93589068897205,190.00944717157665,189.93589068897205,optimal,0.6929582371376455,0.7526861829683185,f05,development
hourly_seed_930068,3b47533aff09648325b388285d54ae57fe30d936ee32c88fc6d3a625f5ee4520,930068,0,4,0,perfect_information,6.270909111643447,0.6298742059051834,9.955811895220588,0.9750003863799933,0.9500006970133154,0.24999900000000191,0.500000920266579,0.0,0.0,1100.0,189.93589068897205,190.00944717157665,189.93589068897205,optimal,0.568216563668102,0.5161771862767637,f05,development
hourly_seed_930068,3b47533aff09648325b388285d54ae57fe30d936ee32c88fc6d3a625f5ee4520,930068,0,8,0,perfect_information,3.6549597925919817,0.3671182050302287,9.955811895220588,0.9638741824985185,0.9500004801579033,0.2499990000000029,0.5000008631993288,0.0,0.0,1100.0,189.93589068897205,190.00944717157665,189.93589068897205,optimal,0.9737986940890551,0.9095801920630038,f05,development
hourly_seed_930078,c43a5b4fec03f9f57319b4b5c338f6cdf5d89e53d1ed6295e37fd207dfc0d82f,930078,0,4,0,perfect_information,4.116941356334153,0.413521408365554,9.955811895220588,0.9750003269344426,0.9500005384918427,0.24999900000001032,0.5000008785503705,0.0,0.0,1100.0,189.93589068897205,190.00944717157665,189.93589068897205,optimal,0.6858182731084526,0.4632813730277121,f05,development
hourly_seed_930078,c43a5b4fec03f9f57319b4b5c338f6cdf5d89e53d1ed6295e37fd207dfc0d82f,930078,0,8,0,perfect_information,4.116941356334153,0.413521408365554,9.955811895220588,0.9750003557787034,0.9500005384918427,0.24999900000000347,0.5000008785503705,0.0,0.0,1100.0,189.93589068897205,190.00944717157665,189.93589068897205,optimal,0.6116953208111227,0.7970793028362095,f05,development
hourly_seed_930086,4b0a0a655d7972ada32c4f93dda01765702747283890d233565382a4c2e88dfd,930086,0,4,0,perfect_information,3.9944990799052755,0.40122283566073447,9.955811895220588,0.9625005121726838,0.9500005243453608,0.24999900000000075,0.5000008748276173,0.0,0.0,1100.0,189.93589068897205,190.00944717157665,189.93589068897205,optimal,0.5151109402067959,0.7447023442946374,f05,development
hourly_seed_930086,4b0a0a655d7972ada32c4f93dda01765702747283890d233565382a4c2e88dfd,930086,0,8,0,perfect_information,3.9944990799052755,0.40122283566073447,9.955811895220588,0.9687504466295137,0.9500005243453608,0.2499989999999984,0.5000008748276173,0.0,0.0,1100.0,189.93589068897205,190.00944717157665,189.93589068897205,optimal,0.5061253742314875,0.48523448733612895,f05,development
hourly_seed_930072,643845b0991c4b7930f40e82ccf8ce800012ba942d92499a01373c1b72fe772d,930072,0,4,0,perfect_information,4.88566585241842,0.49073505042455096,9.955811895220588,0.9625005555534272,0.9500006111068544,0.24999900000000075,0.9500008055534273,0.0,0.0,1100.0,189.93589068897205,190.00944717157665,189.93589068897205,optimal,0.8909142771735787,0.8205967769026756,f05,development
hourly_seed_930072,643845b0991c4b7930f40e82ccf8ce800012ba942d92499a01373c1b72fe772d,930072,0,8,0,perfect_information,4.498526210522987,0.4518492572848389,9.955811895220588,0.968750466614629,0.9500005776390023,0.24999899999999553,1.1449028179918537,0.0,2.8705926524708048e-12,1100.0,189.93589068897205,190.00944717157665,189.93589068897205,optimal,0.5929956459440291,0.5490576471202075,f05,development
hourly_seed_930062,dd3418481b93683c2da481988bf5a4c8683b5d857d1828c775e9ebcae9893537,930062,0,4,0,perfect_information,3.5140765848526385,0.35296735432894377,9.955811895220588,0.9750002972438184,0.9500004593168438,0.24999900000000388,0.794743728144792,0.0,0.0,1100.0,189.93589068897205,190.00944717157665,189.93589068897205,optimal,0.7922388836741447,0.7357553481124341,f05,development
hourly_seed_930062,dd3418481b93683c2da481988bf5a4c8683b5d857d1828c775e9ebcae9893537,930062,0,8,0,perfect_information,3.5140765848526385,0.35296735432894377,9.955811895220588,0.9625005134511243,0.9500004593168438,0.24999900000001332,0.5000008577148376,0.0,0.0,1100.0,189.93589068897205,190.00944717157665,189.93589068897205,optimal,0.9349498371593654,0.7337832269258797,f05,development
hourly_seed_930080,7fbdc81949dbcc8e142152a84ca4f69a8bf73822537ad8a1dd053b8cd872564d,930080,0,4,0,perfect_information,3.3074403262817245,0.33221201455900373,9.955811895220588,0.9625004627685196,0.9500004255370393,0.2499990000000081,0.5000008488253739,0.0,0.0,1100.0,189.93589068897205,190.00944717157665,189.93589068897205,optimal,0.6865545366890728,0.6039439830929041,f05,development
hourly_seed_930080,7fbdc81949dbcc8e142152a84ca4f69a8bf73822537ad8a1dd053b8cd872564d,930080,0,8,0,perfect_information,3.3074403262817245,0.33221201455900373,9.955811895220588,0.9625004986724547,0.9500004255370393,0.24999900000002745,0.5000008488253739,0.0,4.831690603168681e-13,1100.0,189.93589068897205,190.00944717157665,189.93589068897205,optimal,0.6841156217269599,0.4861456430517137,f05,development
hourly_seed_930066,f5a27f4b876a74da1f6b9a1ee1d127b33bbc1d00bb044ef2db6237b01f1351eb,930066,0,4,0,perfect_information,4.868268130366623,0.48898755637435215,9.955811895220588,0.9625005548585338,0.9500006097170676,0.2499989999999945,0.5000008972938718,0.0,0.0,1100.0,189.93589068897205,190.00944717157665,189.93589068897205,optimal,0.7672691610641778,0.8294119806960225,f05,development
hourly_seed_930066,f5a27f4b876a74da1f6b9a1ee1d127b33bbc1d00bb044ef2db6237b01f1351eb,930066,0,8,0,perfect_information,3.6454639474071606,0.3661644058539526,9.955811895220588,0.9687504295514244,0.9500004788037986,0.249999000000004,0.5000008628429672,0.0,0.0,1100.0,189.93589068897205,190.00944717157665,189.93589068897205,optimal,0.741779665928334,0.7791726039722562,f05,development
hourly_seed_930085,aacfb2640fbb0d7006c07403cbefaa788bc4b9437d9525481ac0db67a044e6d5,930085,0,4,0,perfect_information,4.872484705191456,0.4894110853511157,9.955811895220588,0.9750003537705547,0.9500006100548125,0.24999900000000483,0.5000008973827392,0.0,0.0,1100.0,189.93589068897205,190.00944717157665,189.93589068897205,optimal,0.8845744878053665,0.5815224759280682,f05,development
hourly_seed_930085,aacfb2640fbb0d7006c07403cbefaa788bc4b9437d9525481ac0db67a044e6d5,930085,0,8,0,perfect_information,4.3600705259024535,0.4379422363328861,9.955811895220588,0.965083578440659,0.9500005642267825,0.24999900000000094,0.500000885322719,0.0,7.958078640513122e-13,1100.0,189.93589068897205,190.00944717157665,189.93589068897205,optimal,0.4839249290525913,0.6137947821989655,f05,development
hourly_seed_930091,d9f856ff33cb05f6e589317769a166f818d2cecd752b389727e2c610bcd56162,930091,0,4,0,perfect_information,5.287510399017035,0.5310978606933474,9.955811895220588,0.969320590338728,0.9500006406622634,0.2499990000000065,0.500000905437349,0.0,0.0,1100.0,189.93589068897205,190.00944717157665,189.93589068897205,optimal,0.7832780494354665,0.556759734172374,f05,development
hourly_seed_930091,d9f856ff33cb05f6e589317769a166f818d2cecd752b389727e2c610bcd56162,930091,0,8,0,perfect_information,4.028982140379043,0.4046864467490799,9.955811895220588,0.9584887119731501,0.950000528416371,0.24999900000000513,0.5000008758989355,0.0,0.0,1100.0,189.93589068897205,190.00944717157665,189.93589068897205,optimal,0.4768644361756742,0.4573503057472408,f05,development
hourly_seed_930059,abc6e1947e119c5bd1acccb2ac1dc757bbc10fbef001558608377c1f6262399a,930059,0,4,0,perfect_information,4.147930537385269,0.41663408078014563,9.955811895220588,0.9500008854849458,0.9500007709698914,0.24999900000000574,0.5000008794577327,0.0,0.0,1100.0,189.93589068897205,190.00944717157665,189.93589068897205,optimal,0.8620762708596885,0.8431026046164334,f05,development
hourly_seed_930059,abc6e1947e119c5bd1acccb2ac1dc757bbc10fbef001558608377c1f6262399a,930059,0,8,0,perfect_information,3.783304404213252,0.3800096309603313,9.955811895220588,0.9625202835294911,0.950000497792983,0.24999900000000574,0.5000008678401452,0.0,0.0,1100.0,189.93589068897205,190.00944717157665,189.93589068897205,optimal,0.9243989321403205,0.7973139751702547,f05,development
hourly_seed_930090,57506c13b603c132a7851e6d06ae419da19ebf20dfc27e217dda13c4dd1ba8bd,930090,0,4,0,perfect_information,2.949121593122471,0.2962211042314122,9.955811895220588,0.9750002584023827,0.9500003557396809,0.24999900000000613,0.5000008304576398,0.0,1.0516032489249483e-12,1100.0,189.93589068897205,190.00944717157665,189.93589068897205,optimal,0.862698215059936,0.5122695220634341,f05,development
hourly_seed_930090,57506c13b603c132a7851e6d06ae419da19ebf20dfc27e217dda13c4dd1ba8bd,930090,0,8,0,perfect_information,2.949121593122471,0.2962211042314122,9.955811895220588,0.9687503834023852,0.9500003557396809,0.2499990000000377,0.5000008304576398,0.0,0.0,1100.0,189.93589068897205,190.00944717157665,189.93589068897205,optimal,0.5457909968681633,0.4915462862700224,f05,development
hourly_seed_930084,a2e212e6d9e1fabd60ff0e6bf762b6607e3c6da683517642f8227ce8c9efbd28,930084,0,4,0,perfect_information,5.810216573624212,0.5836004772662969,9.955811895220588,0.9750003773710537,0.9500006729894767,0.24999899999999992,1.0575989678670499,0.0,0.0,1100.0,189.93589068897205,190.00944717157665,189.93589068897205,optimal,0.5651496858336031,0.8230843017809093,f05,development
hourly_seed_930084,a2e212e6d9e1fabd60ff0e6bf762b6607e3c6da683517642f8227ce8c9efbd28,930084,0,8,0,perfect_information,3.5653968637158395,0.35812216032601546,9.955811895220588,0.9625005168560079,0.9500004670994466,0.2499990000000088,0.9500007335497234,0.0,0.0,1100.0,189.93589068897205,190.00944717157665,189.93589068897205,optimal,0.9541193540208042,0.5263064480386674,f05,development
hourly_seed_930071,6537d4c6bce41c0f33b0ae5362f94ccd754a482858cccf4adaad6583871ffcca,930071,0,4,0,perfect_information,3.9071118334702613,0.3924453248605389,9.955811895220588,0.9750003176400419,0.9500005137067736,0.24999900000003542,0.5000008720279824,0.0,0.0,1100.0,189.93589068897205,190.00944717157665,189.93589068897205,optimal,0.8620335408486426,0.7411066913045943,f05,development
hourly_seed_930071,6537d4c6bce41c0f33b0ae5362f94ccd754a482858cccf4adaad6583871ffcca,930071,0,8,0,perfect_information,3.72007405069985,0.37365853130328003,9.955811895220588,0.9650345469321687,0.950000489256936,0.24999899999999942,0.5000008655938017,0.0,0.0,1100.0,189.93589068897205,190.00944717157665,189.93589068897205,optimal,0.8224007692188025,0.7734589790925384,f05,development
hourly_seed_930065,9efe7a65bdbde201b99646fa3dc758ff7c60bcec382417aae379ad8655d83971,930065,0,4,0,perfect_information,4.9299874119638565,0.4951868781621475,9.955811895220588,0.9625005573015403,0.9500006146030804,0.24999900000001063,0.5000008985796635,0.0,0.0,1100.0,189.93589068897205,190.00944717157665,189.93589068897205,optimal,0.8111012689769268,0.7186114639043808,f05,development
hourly_seed_930065,9efe7a65bdbde201b99646fa3dc758ff7c60bcec382417aae379ad8655d83971,930065,0,8,0,perfect_information,3.652948077754098,0.3669161406622941,9.955811895220588,0.9625005224438343,0.9500004798716211,0.24999900000001063,0.5000008631239702,0.0,0.0,1100.0,189.93589068897205,190.00944717157665,189.93589068897205,optimal,0.9882314219139516,0.8409018022939563,f05,development
hourly_seed_930089,d1e515820541ff5ca805453cbc0c91c34d294a309e1ac51268b230d96eda0dc9,930089,0,4,0,perfect_information,5.17273937881869,0.519569818439612,9.955811895220588,0.9750003622585282,0.9500006326894083,0.24999899999999714,1.1591015116563776,0.0,0.0,1100.0,189.93589068897205,190.00944717157665,189.93589068897205,optimal,0.7232510219328105,0.4637405751273036,f05,development
hourly_seed_930089,d1e515820541ff5ca805453cbc0c91c34d294a309e1ac51268b230d96eda0dc9,930089,0,8,0,perfect_information,4.038486708466548,0.40564112208721764,9.955811895220588,0.9625005441677318,0.9500005295262419,0.2499990000000158,1.2178296518830176,0.0,0.0,1100.0,189.93589068897205,190.00944717157665,189.93589068897205,optimal,0.8566626789979637,0.6414002124220133,f05,development
hourly_seed_930081,f6bb53075c32640d074b2720829dd99873131d46a1eac2d2c760c6ea7529240b,930081,0,4,0,perfect_information,4.8568430563509635,0.48783997804162527,9.955811895220588,0.9625005543994867,0.9500006087989674,0.24999900000000386,0.500000897052262,0.0,0.0,1100.0,189.93589068897205,190.00944717157665,189.93589068897205,optimal,0.8356935400515795,0.7356780879199505,f05,development
hourly_seed_930081,f6bb53075c32640d074b2720829dd99873131d46a1eac2d2c760c6ea7529240b,930081,0,8,0,perfect_information,4.28688756750952,0.43059145880081307,9.955811895220588,0.9620829790891328,0.9500005567875319,0.24999900000000302,0.500000883365034,0.0,0.0,1100.0,189.93589068897205,190.00944717157665,189.93589068897205,optimal,0.9631278091110289,0.7206629458814859,f05,development
hourly_seed_930075,b51e325a3dc51d14aaa9ecefb419700b4d3780e4999a6244b29318ea44b076bb,930075,0,4,0,perfect_information,4.686094609131584,0.47068934793567185,9.955811895220588,0.975000347954254,0.9500005945446737,0.24999900000003392,0.5000008933011247,0.0,0.0,1100.0,189.93589068897205,190.00944717157665,189.93589068897205,optimal,0.9178664521314204,0.7567703169770539,f05,development
hourly_seed_930075,b51e325a3dc51d14aaa9ecefb419700b4d3780e4999a6244b29318ea44b076bb,930075,0,8,0,perfect_information,3.700364535796508,0.37167883189646383,9.955811895220588,0.9687504324512021,0.9500004865365289,0.24999900000000413,0.500000864877902,0.0,0.0,1100.0,189.93589068897205,190.00944717157665,189.93589068897205,optimal,0.8402079669758677,0.8079022485762835,f05,development
hourly_seed_930076,41724646c352eeae25da2b57c754a64beab75a2955622671c0d75eff34e3b399,930076,0,4,0,perfect_information,5.360743398270188,0.5384536645216931,9.955811895220588,0.9750003670891921,0.950000645571179,0.24999900000000017,0.5000009067291612,0.0,0.0,1100.0,189.93589068897205,190.00944717157665,189.93589068897205,optimal,0.9633969501592219,0.7082324703224003,f05,development
hourly_seed_930076,41724646c352eeae25da2b57c754a64beab75a2955622671c0d75eff34e3b399,930076,0,8,0,perfect_information,3.414397234331164,0.342955177364318,9.955811895220588,0.968750416324592,0.9500004435322454,0.2499990000000105,0.5000008535609854,0.0,3.694822225952521e-13,1100.0,189.93589068897205,190.00944717157665,189.93589068897205,optimal,0.8398887352086604,0.7433232348412275,f05,development
hourly_seed_930083,3881ca0980ddbfa1f1e1e687939fa9cd50f82d354055f207efd6af0072b31181,930083,0,4,0,perfect_information,3.49283285342516,0.3508335523195188,9.955811895220588,0.9625004780141877,0.9500004560283754,0.24999899999999894,0.5000008568494231,0.0,0.0,1100.0,189.93589068897205,190.00944717157665,189.93589068897205,optimal,0.8644313346594572,0.8741902550682425,f05,development
hourly_seed_930083,3881ca0980ddbfa1f1e1e687939fa9cd50f82d354055f207efd6af0072b31181,930083,0,8,0,perfect_information,3.49283285342516,0.3508335523195188,9.955811895220588,0.9687504210106407,0.9500004560283754,0.249999000000006,0.5000008568494231,0.0,1.4495071809506044e-12,1100.0,189.93589068897205,190.00944717157665,189.93589068897205,optimal,0.8152692150324583,0.8269789866171777,f05,development
hourly_seed_930088,22b072b2ab649b2ed56ca643660fb6a7f4c8e738bb782991551fb5f430d6e837,930088,0,4,0,perfect_information,5.121825033860319,0.5144557860036624,9.955811895220588,0.9625005645190484,0.9500006290380969,0.24999900000000017,0.9500008145190485,0.0,0.0,1100.0,189.93589068897205,190.00944717157665,189.93589068897205,optimal,0.7636114591732621,0.7609049323946238,f05,development
hourly_seed_930088,22b072b2ab649b2ed56ca643660fb6a7f4c8e738bb782991551fb5f430d6e837,930088,0,8,0,perfect_information,3.918313634812131,0.3935704768280291,9.955811895220588,0.9687504431613805,0.9500005150970046,0.24999900000000444,0.9500007575485095,0.0,0.0,1100.0,189.93589068897205,190.00944717157665,189.93589068897205,optimal,0.8519828598946333,0.7722786422818899,f05,development
hourly_seed_930096,e17c7f9b7720b53f4b2b9915ffe92dd7a6a0afcf20d4d6956e755575a24a703e,930096,0,4,0,perfect_information,5.034278874669939,0.5056623133957269,9.955811895220588,0.9625005612935328,0.9500006225870656,0.2499990000000018,0.5000009006807181,0.0,0.0,1100.0,189.93589068897205,190.00944717157665,189.93589068897205,optimal,0.5133811491541564,0.8286835569888353,f05,development
hourly_seed_930096,e17c7f9b7720b53f4b2b9915ffe92dd7a6a0afcf20d4d6956e755575a24a703e,930096,0,8,0,perfect_information,3.7697919408838794,0.37865238722455324,9.955811895220588,0.9625100322588284,0.9500004959928846,0.2499990000000019,0.5000008673664322,0.0,0.0,1100.0,189.93589068897205,190.00944717157665,189.93589068897205,optimal,0.5668129459954798,0.5501477238722146,f05,development
hourly_seed_930087,5310369b081033a4b05a4f5329b8f9af2da72d2b4974f9c66387dc82ff225c3b,930087,0,4,0,perfect_information,5.408672809113011,0.5432678787060563,9.955811895220588,0.9750003682669898,0.9500006487119694,0.2499990000000065,0.5000009075556969,0.0,0.0,1100.0,189.93589068897205,190.00944717157665,189.93589068897205,optimal,0.8767373808659613,0.7933203810825944,f05,development
hourly_seed_930087,5310369b081033a4b05a4f5329b8f9af2da72d2b4974f9c66387dc82ff225c3b,930087,0,8,0,perfect_information,3.811871214411465,0.38287899113897494,9.955811895220588,0.9622321623521388,0.9500005015566078,0.2499990000000005,0.5000008688305605,0.0,0.0,1100.0,189.93589068897205,190.00944717157665,189.93589068897205,optimal,0.858576700091362,0.7419568258337677,f05,development
hourly_seed_930093,2c63eac2078441127c23360c4b21b6fbb72d9e4b7ed85833697e3bcd90ca3e5d,930093,0,4,0,perfect_information,3.728019828776795,0.37445663578341387,9.955811895220588,0.9625004951727623,0.9500004903455169,0.2499989999999999,0.9500007451727661,0.0,0.0,1100.0,189.93589068897205,190.00944717157665,189.93589068897205,optimal,0.9042426878586411,0.8468615082092583,f05,development
hourly_seed_930093,2c63eac2078441127c23360c4b21b6fbb72d9e4b7ed85833697e3bcd90ca3e5d,930093,0,8,0,perfect_information,3.728019828776795,0.37445663578341387,9.955811895220588,0.9687504338795726,0.9500004903455169,0.24999900000000005,0.9500007451727661,0.0,0.0,1100.0,189.93589068897205,190.00944717157665,189.93589068897205,optimal,0.8186122658662498,0.7336476859636605,f05,development
hourly_seed_930094,123ae9487ed90d54fa76e8704902e4010ec3121553bc021aef4b23cc9d3007a2,930094,0,4,0,perfect_information,4.310921948296031,0.43300556435437904,9.955811895220588,0.9750003347219555,0.9500005592585434,0.24999899999999764,0.5000008840152927,0.0,0.0,1100.0,189.93589068897205,190.00944717157665,189.93589068897205,optimal,0.8169314549304545,0.7323409677483141,f05,development
hourly_seed_930094,123ae9487ed90d54fa76e8704902e4010ec3121553bc021aef4b23cc9d3007a2,930094,0,8,0,perfect_information,4.1393159877410035,0.41576880231416724,9.955811895220588,0.9750003565582763,0.9500005409864759,0.24999899999999564,0.5000008792068542,0.0,0.0,1100.0,189.93589068897205,190.00944717157665,189.93589068897205,optimal,0.8637744220905006,0.7067679208703339,f05,development
hourly_seed_930095,ecc37f1a02dc3d024ef375952347045fa35e938ece17c0bf53a762988835151f,930095,0,4,0,perfect_information,3.9847293306533533,0.4002415245075364,9.955811895220588,0.962500511589583,0.9500005231791662,0.24999900000000722,1.2111254898417045,0.0,0.0,1100.0,189.93589068897205,190.00944717157665,189.93589068897205,optimal,0.8079905197955668,0.8204062059521675,f05,development
hourly_seed_930095,ecc37f1a02dc3d024ef375952347045fa35e938ece17c0bf53a762988835151f,930095,0,8,0,perfect_information,3.9847293306533533,0.4002415245075364,9.955811895220588,0.9605711251599243,0.9500005231791662,0.24999899999999944,0.950000761589583,0.0,0.0,1100.0,189.93589068897205,190.00944717157665,189.93589068897205,optimal,0.8802099120803177,0.7325609000399709,f05,development
hourly_seed_930092,562b54f14fa1e2739b87ae1a86c49a80c7ca3ff9c7cf93bac80809c2bfa5a3d1,930092,0,4,0,perfect_information,3.90018589732671,0.3917496572227367,9.955811895220588,0.9750003173162077,0.950000512843216,0.249999000000004,0.5000008718007142,0.0,0.0,1100.0,189.93589068897205,190.00944717157665,189.93589068897205,optimal,0.964307305868715,0.8367564459331334,f05,development
hourly_seed_930092,562b54f14fa1e2739b87ae1a86c49a80c7ca3ff9c7cf93bac80809c2bfa5a3d1,930092,0,8,0,perfect_information,3.90018589732671,0.3917496572227367,9.955811895220588,0.9687504423162097,0.950000512843216,0.2499990000000018,0.5000008718007142,0.0,1.4210854715202004e-13,1100.0,189.93589068897205,190.00944717157665,189.93589068897205,optimal,0.9255740894004703,0.7227921499870718,f05,development
hourly_seed_930000,f137bfb98d63caa89887e4a82f4b54c6a716b745d84ee0c5cd058492db55406a,930000,0,4,0,perfect_information,8.012619993904128,0.4024091695500337,19.911623790441176,0.9750004110776829,0.9500007628738211,0.24999899999999872,0.5000009375983177,0.0,0.0,1100.0,193.4389798490304,193.58609281423966,193.4389798490304,optimal,0.4521777951158583,0.7189273764379323,f10,development
hourly_seed_930000,f137bfb98d63caa89887e4a82f4b54c6a716b745d84ee0c5cd058492db55406a,930000,0,8,0,perfect_information,7.367572534904751,0.37001364692525207,19.911623790441176,0.9687505282923352,0.9500007421128936,0.24999900000000297,0.5000009321349133,0.0,1.1368683772161603e-13,1100.0,193.4389798490304,193.58609281423966,193.4389798490304,optimal,0.5074604628607631,0.47514248499646783,f10,development
hourly_seed_930099,f92c6971efada6e7681ff4bddb33fc41e55be602caad58f204cc08bb8fdfd7b2,930099,0,4,0,perfect_information,3.47832564271765,0.34937639233496004,9.955811895220588,0.975000295159853,0.9500004537596082,0.2499990000000054,0.5000008562524042,0.0,0.0,1100.0,189.93589068897205,190.00944717157665,189.93589068897205,optimal,0.7364766630344093,0.7645731549710035,f05,development
hourly_seed_930099,f92c6971efada6e7681ff4bddb33fc41e55be602caad58f204cc08bb8fdfd7b2,930099,0,8,0,perfect_information,3.47832564271765,0.34937639233496004,9.955811895220588,0.968750420159853,0.9500004537596082,0.24999900000000727,0.5000008562524042,0.0,0.0,1100.0,189.93589068897205,190.00944717157665,189.93589068897205,optimal,0.5440098759718239,0.5070960107259452,f05,development
hourly_seed_930098,674bfabcf61a45a2f3c1b15330fe87b8dff87bc114c42b709d228793d74decfc,930098,0,4,0,perfect_information,5.190954132993855,0.5213993783355667,9.955811895220588,0.9625005669891399,0.9500006339782796,0.24999900000000186,0.9500008169891399,0.0,0.0,1100.0,189.93589068897205,190.00944717157665,189.93589068897205,optimal,0.49978743586689234,0.5201793010346591,f05,development
hourly_seed_930098,674bfabcf61a45a2f3c1b15330fe87b8dff87bc114c42b709d228793d74decfc,930098,0,8,0,perfect_information,4.775417443998339,0.4796612766750683,9.955811895220588,0.9625005759312683,0.950000602128613,0.24999899999999878,0.9500008010643065,0.0,1.3926637620897964e-12,1100.0,189.93589068897205,190.00944717157665,189.93589068897205,optimal,0.8752782321535051,0.7781643178313971,f05,development
hourly_seed_930001,49e4a4a3695ccbf4d3b7a377745ffb864efb655a75a48f8d618fa45322804c1d,930001,0,4,0,perfect_information,6.852990101126172,0.3441703285101256,19.911623790441176,0.9625006113742349,0.9500007227484658,0.24999900000000347,0.5000009270389965,0.0,0.0,1100.0,193.4389798490304,193.58609281423966,193.4389798490304,optimal,0.4705749866552651,0.5160667160525918,f10,development
hourly_seed_930001,49e4a4a3695ccbf4d3b7a377745ffb864efb655a75a48f8d618fa45322804c1d,930001,0,8,0,perfect_information,6.852990101126172,0.3441703285101256,19.911623790441176,0.9687505210306767,0.9500007227484658,0.24999900000000516,0.5000009270389965,0.0,0.0,1100.0,193.4389798490304,193.58609281423966,193.4389798490304,optimal,0.7195018287748098,0.5254767630249262,f10,development
hourly_seed_930013,b802ed9e90286da2553bdeb5b00cf2ffce8b6e02b0041dff63a295c442ff4f4d,930013,0,4,0,perfect_information,9.515092521238984,0.47786622634999876,19.911623790441176,0.9750004251188852,0.9500008003170272,0.2499990000000189,1.4164902078877188,0.0,0.0,1100.0,193.4389798490304,193.58609281423966,193.4389798490304,optimal,0.46833158330991864,0.533863915130496,f10,development
hourly_seed_930013,b802ed9e90286da2553bdeb5b00cf2ffce8b6e02b0041dff63a295c442ff4f4d,930013,0,8,0,perfect_information,6.0512978009317715,0.303907801022073,19.911623790441176,0.9625006126326309,0.950000686017442,0.2499990000000287,0.950000843008721,0.0,0.0,1100.0,193.4389798490304,193.58609281423966,193.4389798490304,optimal,0.5050313482061028,0.5806951997801661,f10,development
hourly_seed_930097,bf12e6122a1376d491e4e5d6911ae7f753303a4a92d3092a5123ec6cfec6d85b,930097,0,4,0,perfect_information,3.84260280129905,0.38596578980602675,9.955811895220588,0.9500007527714858,0.9500007527714858,0.24999900000000924,0.5000008698796886,0.0,0.0,1100.0,189.93589068897205,190.00944717157665,189.93589068897205,optimal,0.5062028248794377,0.4613059898838401,f05,development
hourly_seed_930097,bf12e6122a1376d491e4e5d6911ae7f753303a4a92d3092a5123ec6cfec6d85b,930097,0,8,0,perfect_information,3.278968079899181,0.3293521527333487,9.955811895220588,0.9625004964901014,0.9500004205487909,0.24999900000000422,0.5000008475126997,0.0,0.0,1100.0,189.93589068897205,190.00944717157665,189.93589068897205,optimal,0.9175306810066104,0.7180141699500382,f05,development
hourly_seed_930005,17161ff9e34cc8b5f728c97656fb47d1c06ccac3d1d24a726b927860bfbff70b,930005,0,4,0,perfect_information,9.678788051920534,0.48608733038472524,19.911623790441176,0.9750004263853339,0.9500008036942219,0.24999899999999997,0.5000009483405372,0.0,0.0,1100.0,193.4389798490304,193.58609281423966,193.4389798490304,optimal,0.4739846480078995,0.5064657968468964,f10,development
hourly_seed_930005,17161ff9e34cc8b5f728c97656fb47d1c06ccac3d1d24a726b927860bfbff70b,930005,0,8,0,perfect_information,7.216489392920829,0.3624259612812289,19.911623790441176,0.9586171826000163,0.950000736713807,0.2499989999999995,0.5000009307140922,0.0,7.958078640513122e-12,1100.0,193.4389798490304,193.58609281423966,193.4389798490304,optimal,0.6354679251089692,0.89002276211977,f10,development
hourly_seed_930012,fd9492ed1835eb58b524a83c0023890d2d960cec887c593f957040dcee83862d,930012,0,4,0,perfect_information,9.410896878104895,0.4726333209761985,19.911623790441176,0.9736971654854137,0.9500007981061696,0.24999899999999867,0.5000009468699971,0.0,0.0,1100.0,193.4389798490304,193.58609281423966,193.4389798490304,optimal,0.5629410417750478,0.5050818980671465,f10,development
hourly_seed_930012,fd9492ed1835eb58b524a83c0023890d2d960cec887c593f957040dcee83862d,930012,0,8,0,perfect_information,6.914543393563942,0.34726165310954477,19.911623790441176,0.9625006297822476,0.9500007252165601,0.24999899999999747,0.5000009276884974,0.0,4.831690603168681e-12,1100.0,193.4389798490304,193.58609281423966,193.4389798490304,optimal,0.4916023858822882,0.54663106193766,f10,development
hourly_seed_930014,858320daf08ac6416600e4535c7f55f00d5b68287005c937f992c09e215f1af0,930014,0,4,0,perfect_information,7.396510413928062,0.3714669628038497,19.911623790441176,0.9500009357804609,0.9500008715609216,0.24999900000000436,0.5000009324004189,0.0,0.0,1100.0,193.4389798490304,193.58609281423966,193.4389798490304,optimal,0.46974852215498686,0.5533631932921708,f10,development
hourly_seed_930014,858320daf08ac6416600e4535c7f55f00d5b68287005c937f992c09e215f1af0,930014,0,8,0,perfect_information,7.396510413928062,0.3714669628038497,19.911623790441176,0.975000419725576,0.9500007431218432,0.24999900000000178,0.5000009324004189,0.0,0.0,1100.0,193.4389798490304,193.58609281423966,193.4389798490304,optimal,0.7386322757229209,0.5142716248519719,f10,development
hourly_seed_930008,5428892c83b820f24ec21f90da428c23ee51da25dea7686992f7cb3bdd48698d,930008,0,4,0,perfect_information,9.338688442624152,0.4690068746230182,19.911623790441176,0.9750004237044095,0.9500007965450897,0.24999900000000508,0.5000009464591859,0.0,0.0,1100.0,193.4389798490304,193.58609281423966,193.4389798490304,optimal,0.48606849228963256,0.7687172112055123,f10,development
hourly_seed_930008,5428892c83b820f24ec21f90da428c23ee51da25dea7686992f7cb3bdd48698d,930008,0,8,0,perfect_information,9.28153422213069,0.4661364798679255,19.911623790441176,0.9750004360288281,0.9500007952922467,0.24999900000007944,0.5000009461294899,0.0,0.0,1100.0,193.4389798490304,193.58609281423966,193.4389798490304,optimal,0.7360503212548792,0.5657942099496722,f10,development
hourly_seed_930006,c7cb4fcd632d938cd98812330c3e050b281a7510af4ac94f3ab38e96c339d4d5,930006,0,4,0,perfect_information,8.455822305659648,0.4246676411051404,19.911623790441176,0.9750004157384451,0.9500007753025203,0.2499990000000013,0.5000009408690261,0.0,0.0,1100.0,193.4389798490304,193.58609281423966,193.4389798490304,optimal,0.8555968920700252,0.6526913996785879,f10,development
hourly_seed_930006,c7cb4fcd632d938cd98812330c3e050b281a7510af4ac94f3ab38e96c339d4d5,930006,0,8,0,perfect_information,6.363033619611827,0.31956377272789177,19.911623790441176,0.9625006193624914,0.9500007013999806,0.24999900000000455,0.5000009214209792,0.0,0.0,1100.0,193.4389798490304,193.58609281423966,193.4389798490304,optimal,0.5951426587998867,0.6844306951388717,f10,development
hourly_seed_930010,3503872196c5a7ee15c07902dd3c5e085cd0d8ee2635f457197afdcadc32f538,930010,0,4,0,perfect_information,7.159897122994952,0.3595837887632324,19.911623790441176,0.9625006173163922,0.9500007346327846,0.24999900000000563,0.5000009301664494,0.0,0.0,1100.0,193.4389798490304,193.58609281423966,193.4389798490304,optimal,0.7698873467743397,0.48465771274641156,f10,development
hourly_seed_930010,3503872196c5a7ee15c07902dd3c5e085cd0d8ee2635f457197afdcadc32f538,930010,0,8,0,perfect_information,7.159897122994952,0.3595837887632324,19.911623790441176,0.9500009336581962,0.9500008673163922,0.24999900000000494,0.5000009301664494,0.0,0.0,1100.0,193.4389798490304,193.58609281423966,193.4389798490304,optimal,0.5527249402366579,0.6736583090387285,f10,development
hourly_seed_930017,356bc3827f2a46d5c53f3853d0b211f76c6c2b4c887f54799ee35a273536b6d8,930017,0,4,0,perfect_information,9.126252042200898,0.45833791047127304,19.911623790441176,0.9625006459045864,0.9500007918091729,0.2499989999999952,0.5000009452128871,0.0,0.0,1100.0,193.4389798490304,193.58609281423966,193.4389798490304,optimal,0.8320363969542086,0.657571550924331,f10,development
hourly_seed_930017,356bc3827f2a46d5c53f3853d0b211f76c6c2b4c887f54799ee35a273536b6d8,930017,0,8,0,perfect_information,9.126252042200898,0.45833791047127304,19.911623790441176,0.9672919248935021,0.9500007918091729,0.24999900000000533,0.5000009452128871,0.0,0.0,1100.0,193.4389798490304,193.58609281423966,193.4389798490304,optimal,0.569860233925283,0.515399772208184,f10,development
hourly_seed_930018,7f2af6bf1fe7288e10d0e529b40aae5b0517215eae097b1d808b7cdf0074c352,930018,0,4,0,perfect_information,8.479438515340576,0.425853692525631,19.911623790441176,0.9625006379641625,0.9500007759283217,0.24999899999999978,0.9500007759283217,0.0,0.0,1100.0,193.4389798490304,193.58609281423966,193.4389798490304,optimal,0.5221973927691579,0.45122667867690325,f10,development
hourly_seed_930018,7f2af6bf1fe7288e10d0e529b40aae5b0517215eae097b1d808b7cdf0074c352,930018,0,8,0,perfect_information,8.479438515340576,0.425853692525631,19.911623790441176,0.9577759135228063,0.9500007759283217,0.24999899999999878,0.9500007759283217,0.0,0.0,1100.0,193.4389798490304,193.58609281423966,193.4389798490304,optimal,0.5174791142344475,0.642945640720427,f10,development
hourly_seed_930016,b9ec501206993a2958ba79df622c0aa6513efe27f40d0aa7e83e2f8d393979fc,930016,0,4,0,perfect_information,9.857722469512183,0.4950737605962858,19.911623790441176,0.9750004277215653,0.9500008072575056,0.2499990000000078,0.514126281714641,0.0,0.0,1100.0,193.4389798490304,193.58609281423966,193.4389798490304,optimal,0.5085675301961601,0.47200128622353077,f10,development
hourly_seed_930016,b9ec501206993a2958ba79df622c0aa6513efe27f40d0aa7e83e2f8d393979fc,930016,0,8,0,perfect_information,8.771402591606035,0.440516689342878,19.911623790441176,0.9625006552317061,0.950000783386757,0.2499990000000271,0.5000009429964555,0.0,0.0,1100.0,193.4389798490304,193.58609281423966,193.4389798490304,optimal,0.8575289631262422,0.963505722116679,f10,development
hourly_seed_930023,2d88dfc875f999e8b60f6f6675aac112b7f10d4929b3ade68b56556d0f18013d,930023,0,4,0,perfect_information,8.095067915080275,0.4065498625464395,19.911623790441176,0.9750004119833512,0.9500007652889342,0.24999899999999922,0.5000009382338745,0.0,0.0,1100.0,193.4389798490304,193.58609281423966,193.4389798490304,optimal,0.5496333707123995,0.5151591799221933,f10,development
hourly_seed_930023,2d88dfc875f999e8b60f6f6675aac112b7f10d4929b3ade68b56556d0f18013d,930023,0,8,0,perfect_information,6.5828207031738,0.33060190230863873,19.911623790441176,0.9687505167636108,0.9500007113696233,0.24999900000001957,0.5000009240445724,0.0,1.6484591469634324e-12,1100.0,193.4389798490304,193.58609281423966,193.4389798490304,optimal,0.6146692088805139,0.49897593073546886,f10,development
hourly_seed_930009,2e1e40abe3ceaa6155b9ac4af9009c87b178a338e11002db38263c63fc096b85,930009,0,4,0,perfect_information,8.177962616708434,0.41071299371547826,19.911623790441176,0.9626140299384279,0.950000767668048,0.2499990000000001,0.5000009388599543,0.0,0.0,1100.0,193.4389798490304,193.58609281423966,193.4389798490304,optimal,0.48112194100394845,0.5707418699748814,f10,development
hourly_seed_930009,2e1e40abe3ceaa6155b9ac4af9009c87b178a338e11002db38263c63fc096b85,930009,0,8,0,perfect_information,8.177962616708434,0.41071299371547826,19.911623790441176,0.9625573464069742,0.950000767668048,0.24999900000000966,0.5000009388599543,0.0,3.751665644813329e-12,1100.0,193.4389798490304,193.58609281423966,193.4389798490304,optimal,0.9290378908626735,0.9433316080830991,f10,development
hourly_seed_930002,1f7d637899055da7b420325a96a25c214106de7e09aa4e3456a87045aac2d805,930002,0,4,0,perfect_information,9.255588090599277,0.4648334152959709,19.911623790441176,0.9750004230193972,0.9500007947183907,0.24999900000000239,0.9500008973591985,0.0,0.0,1100.0,193.4389798490304,193.58609281423966,193.4389798490304,optimal,0.8025693781673908,0.8090781969949603,f10,development
hourly_seed_930002,1f7d637899055da7b420325a96a25c214106de7e09aa4e3456a87045aac2d805,930002,0,8,0,perfect_information,7.3562144608356945,0.36944322262492413,19.911623790441176,0.9687505281430164,0.9500007417147054,0.2499990000000003,0.9500008708573565,0.0,1.3073986337985843e-12,1100.0,193.4389798490304,193.58609281423966,193.4389798490304,optimal,0.8461148529313505,0.5062727858312428,f10,development
hourly_seed_930003,c823db9ca9fbfaab2d583de5c3b6eab435ee1b3204b090f6473df78db60a0b75,930003,0,4,0,perfect_information,8.037472816305586,0.4036573260370696,19.911623790441176,0.9625006318035217,0.9500007636070434,0.24999899999999836,0.5000009377912632,0.0,0.0,1100.0,193.4389798490304,193.58609281423966,193.4389798490304,optimal,0.8224563091062009,0.8069850639440119,f10,development
hourly_seed_930003,c823db9ca9fbfaab2d583de5c3b6eab435ee1b3204b090f6473df78db60a0b75,930003,0,8,0,perfect_information,7.878164859997642,0.3956565744165804,19.911623790441176,0.9687505345600629,0.950000758826834,0.24999900000000044,0.5000009365333101,0.0,1.1937117960769683e-12,1100.0,193.4389798490304,193.58609281423966,193.4389798490304,optimal,0.8505327310413122,0.5859155128709972,f10,development
hourly_seed_930021,cb7bf6c4586e3b54cbd7c01ae511fad8f072d4b7332c88a005cf9e8bc11ea761,930021,0,4,0,perfect_information,8.845409719780957,0.44423346949872095,19.911623790441176,0.9625006425995505,0.9500007851991007,0.24999899999999972,0.5000009434733871,0.0,0.0,1100.0,193.4389798490304,193.58609281423966,193.4389798490304,optimal,0.4863866539672017,0.4823652599006891,f10,development
hourly_seed_930021,cb7bf6c4586e3b54cbd7c01ae511fad8f072d4b7332c88a005cf9e8bc11ea761,930021,0,8,0,perfect_information,8.845409719780957,0.44423346949872095,19.911623790441176,0.9750004328747189,0.9500007851991007,0.24999900000000216,0.5000009434733871,0.0,0.0,1100.0,193.4389798490304,193.58609281423966,193.4389798490304,optimal,0.7594407140277326,0.5197737775743008,f10,development
hourly_seed_930031,393e86c5235c45b7adda64ca3b696354580fc791d34b46d8c400cb1b37e94e12,930031,0,4,0,perfect_information,6.809468157113226,0.34198457286955153,19.911623790441176,0.9750003953661676,0.9500007209764442,0.2499990000000065,1.2314056339915012,0.0,0.0,1100.0,193.4389798490304,193.58609281423966,193.4389798490304,optimal,0.5812518638558686,0.4460571678355336,f10,development
hourly_seed_930031,393e86c5235c45b7adda64ca3b696354580fc791d34b46d8c400cb1b37e94e12,930031,0,8,0,perfect_information,6.809468157113226,0.34198457286955153,19.911623790441176,0.9687505203661686,0.9500007209764442,0.2499990000000354,1.3677761782293099,0.0,6.30961949354969e-12,1100.0,193.4389798490304,193.58609281423966,193.4389798490304,optimal,0.5237839627079666,0.5048701870255172,f10,development
hourly_seed_930024,9f8dcc73ece309b8d6a57839eea488b3ae3970e58575838331345b6e4e77ff43,930024,0,4,0,perfect_information,7.794204248651004,0.3914399112137057,19.911623790441176,0.9625006281144342,0.9500007562288647,0.24999900000000036,0.5000009358496437,0.0,0.0,1100.0,193.4389798490304,193.58609281423966,193.4389798490304,optimal,0.7012077369727194,0.8273051488213241,f10,development
hourly_seed_930024,9f8dcc73ece309b8d6a57839eea488b3ae3970e58575838331345b6e4e77ff43,930024,0,8,0,perfect_information,7.794204248651004,0.3914399112137057,19.911623790441176,0.9750004238215215,0.9500007562288647,0.24999900000000116,0.5000009358496437,0.0,0.0,1100.0,193.4389798490304,193.58609281423966,193.4389798490304,optimal,0.527028352022171,0.48413569992408156,f10,development
hourly_seed_930030,e29a10b7a412a5aecf101a2a8ed2f3787a295e9eb0afce5811aa52508281663f,930030,0,4,0,perfect_information,10.261411021875576,0.5153477752428054,19.911623790441176,0.9625006574200425,0.9500008148400824,0.24999900000000205,0.5000009512736593,0.0,0.0,1100.0,193.4389798490304,193.58609281423966,193.4389798490304,optimal,0.5509996288456023,0.5800126059912145,f10,development
hourly_seed_930030,e29a10b7a412a5aecf101a2a8ed2f3787a295e9eb0afce5811aa52508281663f,930030,0,8,0,perfect_information,10.261411021875576,0.5153477752428054,19.911623790441176,0.9625006689925377,0.9500008148400824,0.2499989999999986,0.5000009512736593,0.0,0.0,1100.0,193.4389798490304,193.58609281423966,193.4389798490304,optimal,0.5859018028713763,0.47943632071837783,f10,development
hourly_seed_930027,8a90c6e2d6d59f9ded99d337107dd035a72a6bace99b62711949644e1123111a,930027,0,4,0,perfect_information,10.211825104803074,0.5128574752253701,19.911623790441176,0.9750004302278752,0.9500008139410004,0.2499989999999983,0.500000951037062,0.0,0.0,1100.0,193.4389798490304,193.58609281423966,193.4389798490304,optimal,0.5428317389450967,0.43892725370824337,f10,development
hourly_seed_930027,8a90c6e2d6d59f9ded99d337107dd035a72a6bace99b62711949644e1123111a,930027,0,8,0,perfect_information,9.908152721480674,0.4976064647342929,19.911623790441176,0.9625006661043548,0.9500008082385211,0.249999,0.5000009495364012,0.0,0.0,1100.0,193.4389798490304,193.58609281423966,193.4389798490304,optimal,0.5769479069858789,0.6797555373050272,f10,development
hourly_seed_930004,015a28c099eae782cbff6113b24d4f2207d15daf2e73613faf54425f530f7676,930004,0,4,0,perfect_information,10.039109601841345,0.5041833708540006,19.911623790441176,0.9502776249267603,0.9500008107399864,0.2499989999999983,0.500000950194691,0.0,0.0,1100.0,193.4389798490304,193.58609281423966,193.4389798490304,optimal,0.9096150216646492,0.7915827198885381,f10,development
hourly_seed_930004,015a28c099eae782cbff6113b24d4f2207d15daf2e73613faf54425f530f7676,930004,0,8,0,perfect_information,6.280361139964809,0.31541180197366797,19.911623790441176,0.962500617642824,0.9500006974693053,0.24999900000002848,0.5000009203865872,0.0,0.0,1100.0,193.4389798490304,193.58609281423966,193.4389798490304,optimal,0.866276987362653,0.7461611530743539,f10,development
hourly_seed_930011,f128987ddd56270f199fd69dc05e9b995fdab57c3f1137760dd4c53bc7beda8e,930011,0,4,0,perfect_information,8.69795905620753,0.43682821389901383,19.911623790441176,0.9625006407788625,0.9500007815577252,0.2499990000000047,0.5000009425151402,0.0,9.663381206337363e-13,1100.0,193.4389798490304,193.58609281423966,193.4389798490304,optimal,0.8308720299974084,0.7430206318385899,f10,development
hourly_seed_930011,f128987ddd56270f199fd69dc05e9b995fdab57c3f1137760dd4c53bc7beda8e,930011,0,8,0,perfect_information,8.25675234611293,0.4146699652931715,19.911623790441176,0.9625006493247186,0.9500007698850662,0.2499990000000047,0.5000009394433799,0.0,0.0,1100.0,193.4389798490304,193.58609281423966,193.4389798490304,optimal,0.6826891251839697,0.8814310198649764,f10,development
hourly_seed_930015,2a4520300970123b2cc3ec491eff959263c4e1753edea5dbb0471604376c3d03,930015,0,4,0,perfect_information,6.521996460849866,0.3275471920065521,19.911623790441176,0.9500008179236606,0.9500007086778519,0.2499989616683932,0.9500008543389302,0.0,0.0,1100.0,193.4389798490304,193.58609281423966,193.4389798490304,optimal,0.7590715014375746,0.7587420288473368,f10,development
hourly_seed_930015,2a4520300970123b2cc3ec491eff959263c4e1753edea5dbb0471604376c3d03,930015,0,8,0,perfect_information,6.521996460849866,0.3275471920065521,19.911623790441176,0.9602702929696714,0.9500007086778519,0.24999900000017797,0.9500008543389302,0.0,0.0,1100.0,193.4389798490304,193.58609281423966,193.4389798490304,optimal,0.9145193118602037,0.5460808388888836,f10,development
hourly_seed_930019,71ad97d6a5ee106d943925380f70f6110b7f78df6752269d5855ced70fa63078,930019,0,4,0,perfect_information,9.644139417991765,0.4843472094235506,19.911623790441176,0.9625006514944787,0.9500008029889574,0.24999900000000053,0.5000009481549342,0.0,0.0,1100.0,193.4389798490304,193.58609281423966,193.4389798490304,optimal,0.5169950509443879,0.4638310158625245,f10,development
hourly_seed_930019,71ad97d6a5ee106d943925380f70f6110b7f78df6752269d5855ced70fa63078,930019,0,8,0,perfect_information,8.676764589222035,0.4357637870492222,19.911623790441176,0.9687505428840537,0.9500007810241431,0.24999900000000413,0.5000009423747206,0.0,1.1368683772161603e-13,1100.0,193.4389798490304,193.58609281423966,193.4389798490304,optimal,0.9073219881393015,0.8266795151866972,f10,development
hourly_seed_930036,57c93039762027ff43e531ff425a10ec66388be273898d4b017efd7041dde58b,930036,0,4,0,perfect_information,10.235815528246977,0.5140623203799586,19.911623790441176,0.9589877951544676,0.9500008143770805,0.2499989999999978,0.500000951151816,0.0,0.0,1100.0,193.4389798490304,193.58609281423966,193.4389798490304,optimal,0.5349037810228765,0.5022288211621344,f10,development
hourly_seed_930036,57c93039762027ff43e531ff425a10ec66388be273898d4b017efd7041dde58b,930036,0,8,0,perfect_information,8.127270649277193,0.4081671457241368,19.911623790441176,0.9687505373320984,0.9500007662189313,0.24999900000000158,0.5000009384786107,0.0,0.0,1100.0,193.4389798490304,193.58609281423966,193.4389798490304,optimal,0.5418577138334513,0.5098740281537175,f10,development
hourly_seed_930020,71176b2e751830b3ecbba8408b0bbca54ddf858d85408b15e482e682dd02a47f,930020,0,4,0,perfect_information,5.025179529381388,0.25237417009625246,19.911623790441176,0.9750003582138717,0.9500006219036539,0.2499989999999986,0.5000009005008605,0.0,0.0,1100.0,193.4389798490304,193.58609281423966,193.4389798490304,optimal,0.7823772742412984,0.7303814557380974,f10,development
hourly_seed_930020,71176b2e751830b3ecbba8408b0bbca54ddf858d85408b15e482e682dd02a47f,930020,0,8,0,perfect_information,5.025179529381388,0.25237417009625246,19.911623790441176,0.9687504832138731,0.9500006219036539,0.24999900000004485,0.5000009005008605,0.0,0.0,1100.0,193.4389798490304,193.58609281423966,193.4389798490304,optimal,0.5561029808595777,0.5275950259529054,f10,development
hourly_seed_930007,fd48b6a4b0350dbf73f6f857b2b6be4957e28db93f75cd0cbd0a6969da5ad3a8,930007,0,4,0,perfect_information,7.5688526368216476,0.3801223203330695,19.911623790441176,0.9750004058641006,0.9500007489709326,0.24999900000000758,0.5000009339396599,0.0,0.0,1100.0,193.4389798490304,193.58609281423966,193.4389798490304,optimal,0.8844819976948202,0.7516075260937214,f10,development
hourly_seed_930007,fd48b6a4b0350dbf73f6f857b2b6be4957e28db93f75cd0cbd0a6969da5ad3a8,930007,0,8,0,perfect_information,6.747101258815112,0.3388523874207659,19.911623790441176,0.9625006267988158,0.9500007183972871,0.24999900000000028,0.50000092589395,0.0,0.0,1100.0,193.4389798490304,193.58609281423966,193.4389798490304,optimal,0.8859333982691169,0.9613909986801445,f10,development
hourly_seed_930029,689dbe796dfcb663d57523751bd86eb4b18895a30a492220a542018e694863dd,930029,0,4,0,perfect_information,8.957142482284292,0.44984490348719225,19.911623790441176,0.9625006439392799,0.9500007878785599,0.24999900000000283,0.500000944178514,0.0,0.0,1100.0,193.4389798490304,193.58609281423966,193.4389798490304,optimal,0.5305558941327035,0.6996960979886353,f10,development
hourly_seed_930029,689dbe796dfcb663d57523751bd86eb4b18895a30a492220a542018e694863dd,930029,0,8,0,perfect_information,6.647185890500883,0.33383444567147497,19.911623790441176,0.9750004106763929,0.9500007141644524,0.2499990000000771,0.500000924780044,0.0,0.0,1100.0,193.4389798490304,193.58609281423966,193.4389798490304,optimal,0.7877400768920779,0.48779339296743274,f10,development
hourly_seed_930022,737e8d79c738661eacc73f8cfd95c2551d9291917539b53a1d1b3cac49040988,930022,0,4,0,perfect_information,8.881184101010927,0.4460301276520929,19.911623790441176,0.9750004197741283,0.9500007860643422,0.24999900000000644,0.5000009437010932,0.0,3.979039320256561e-13,1100.0,193.4389798490304,193.58609281423966,193.4389798490304,optimal,0.733952668029815,0.455367554910481,f10,development
hourly_seed_930022,737e8d79c738661eacc73f8cfd95c2551d9291917539b53a1d1b3cac49040988,930022,0,8,0,perfect_information,8.713168285733019,0.43759205062501655,19.911623790441176,0.968750543227134,0.9500007819390196,0.24999900000000203,0.5000009426154832,0.0,0.0,1100.0,193.4389798490304,193.58609281423966,193.4389798490304,optimal,0.7746570869348943,0.7938744938001037,f10,development
hourly_seed_930026,9679820f733161981c9363942401e286a3419f91e923552019dee39a6e96393c,930026,0,4,0,perfect_information,7.327928885692551,0.368022666700363,19.911623790441176,0.9750004027691525,0.9500007407177401,0.24999900000000275,0.5000009317677575,0.0,0.0,1100.0,193.4389798490304,193.58609281423966,193.4389798490304,optimal,0.8923495057970285,0.7544341320171952,f10,development
hourly_seed_930026,9679820f733161981c9363942401e286a3419f91e923552019dee39a6e96393c,930026,0,8,0,perfect_information,7.327928885692551,0.368022666700363,19.911623790441176,0.9676140246663723,0.9500007407177401,0.24999900000000083,0.5000009317677575,0.0,0.0,1100.0,193.4389798490304,193.58609281423966,193.4389798490304,optimal,0.5829446548596025,0.5094244247302413,f10,development
hourly_seed_930035,ee129ed664a96ebcbfd19d4a84ffb0ffe10a2a271d8c0a172f95b8af6aa3e9f5,930035,0,4,0,perfect_information,7.24862223776349,0.36403973448128735,19.911623790441176,0.975000401705357,0.9500007378809517,0.24999900000000275,0.5000009310212401,0.0,0.0,1100.0,193.4389798490304,193.58609281423966,193.4389798490304,optimal,0.8234441559761763,0.7542775627225637,f10,development
hourly_seed_930035,ee129ed664a96ebcbfd19d4a84ffb0ffe10a2a271d8c0a172f95b8af6aa3e9f5,930035,0,8,0,perfect_information,7.24862223776349,0.36403973448128735,19.911623790441176,0.9687505267053569,0.9500007378809517,0.24999900000000244,0.5000009310212401,0.0,0.0,1100.0,193.4389798490304,193.58609281423966,193.4389798490304,optimal,0.5241427151486278,0.4638822260312736,f10,development
hourly_seed_930042,b170184173475344a95e70090dbfcfeb29c21fd1f7bc73c9e76c78d41e116d54,930042,0,4,0,perfect_information,7.02085133975749,0.35260064240104505,19.911623790441176,0.9750003985164739,0.9500007293772611,0.24999900000000286,0.5000009287834157,0.0,0.0,1100.0,193.4389798490304,193.58609281423966,193.4389798490304,optimal,0.5011195242404938,0.4715152932330966,f10,development
hourly_seed_930042,b170184173475344a95e70090dbfcfeb29c21fd1f7bc73c9e76c78d41e116d54,930042,0,8,0,perfect_information,7.02085133975749,0.35260064240104505,19.911623790441176,0.9625006316025544,0.9500007293772611,0.24999900000003183,0.5000009287834157,0.0,0.0,1100.0,193.4389798490304,193.58609281423966,193.4389798490304,optimal,0.5410584378987551,0.6011238461360335,f10,development
hourly_seed_930045,a5241ae86b025878ea9aff81fae965f6c3421f1326e8ba318f6f1b74e0d5166f,930045,0,4,0,perfect_information,8.511143156412306,0.42744596050966904,19.911623790441176,0.9625006383815059,0.9500007767630121,0.24999899999999764,0.5000009412533614,0.0,0.0,1100.0,193.4389798490304,193.58609281423966,193.4389798490304,optimal,0.5463560209609568,0.45141569012776017,f10,development
hourly_seed_930045,a5241ae86b025878ea9aff81fae965f6c3421f1326e8ba318f6f1b74e0d5166f,930045,0,8,0,perfect_information,8.249144102535066,0.4142878646841033,19.911623790441176,0.9655178965619098,0.9500007696728296,0.24999900000000996,0.5000009393875291,0.0,0.0,1100.0,193.4389798490304,193.58609281423966,193.4389798490304,optimal,0.4736046860925853,0.48527793772518635,f10,development
hourly_seed_930025,2c72dad36c2b7f9f0985eae1ca15f3fdf5bef55901543f1c33db065b9b7fd752,930025,0,4,0,perfect_information,8.070155545253558,0.4052987154733074,19.911623790441176,0.9625006322821952,0.950000764564387,0.24999899999999872,0.5000009380432004,0.0,0.0,1100.0,193.4389798490304,193.58609281423966,193.4389798490304,optimal,0.8082738318480551,0.7907790560275316,f10,development
hourly_seed_930025,2c72dad36c2b7f9f0985eae1ca15f3fdf5bef55901543f1c33db065b9b7fd752,930025,0,8,0,perfect_information,7.859140374575896,0.39470112820978337,19.911623790441176,0.9500009093411363,0.9500008791215151,0.24999899999999922,0.5000009363796818,0.0,0.0,1100.0,193.4389798490304,193.58609281423966,193.4389798490304,optimal,0.9291486912406981,0.8049445617944002,f10,development
hourly_seed_930038,0df2f3e30bf3bbcbb7167bf7ce2588c6d8653001d828ac8c25cc48947119d78f,930038,0,4,0,perfect_information,10.159690299091578,0.5102391651236834,19.911623790441176,0.9625006564931162,0.9500008129862323,0.2499989999999985,0.5000009507858085,0.0,0.0,1100.0,193.4389798490304,193.58609281423966,193.4389798490304,optimal,0.460957997944206,0.47179303504526615,f10,development
hourly_seed_930038,0df2f3e30bf3bbcbb7167bf7ce2588c6d8653001d828ac8c25cc48947119d78f,930038,0,8,0,perfect_information,6.309100529449295,0.31685514932629744,19.911623790441176,0.9625006182457422,0.9500006988474105,0.24999900000000078,0.5000009207492472,0.0,0.0,1100.0,193.4389798490304,193.58609281423966,193.4389798490304,optimal,0.9332089759409428,0.8445539847016335,f10,development
hourly_seed_930046,d0547c37521d00061e1bef0daace0fe14957d27bfbf13b58d96ddc05bbb402b4,930046,0,4,0,perfect_information,8.63278481900025,0.43355503849688676,19.911623790441176,0.9750004174657119,0.9500007799085627,0.2499989999999982,0.9500008899542847,0.0,0.0,1100.0,193.4389798490304,193.58609281423966,193.4389798490304,optimal,0.48816049518063664,0.5708140102215111,f10,development
hourly_seed_930046,d0547c37521d00061e1bef0daace0fe14957d27bfbf13b58d96ddc05bbb402b4,930046,0,8,0,perfect_information,7.371667122825264,0.3702192849969436,19.911623790441176,0.9645364758431445,0.9500007422561292,0.2499989999999984,0.9500008711280684,0.0,0.0,1100.0,193.4389798490304,193.58609281423966,193.4389798490304,optimal,0.6529981633648276,0.5206202631816268,f10,development
hourly_seed_930034,5aa52c34d847e2ac7f967461556b926bd766e09ca773c03ec5c46776aab572aa,930034,0,4,0,perfect_information,7.645568560933346,0.38397514142486444,19.911623790441176,0.9625006257448857,0.9500007514897677,0.24999900000000425,0.5000009346025122,0.0,0.0,1100.0,193.4389798490304,193.58609281423966,193.4389798490304,optimal,0.8317389958538115,0.7488979790359735,f10,development
hourly_seed_930034,5aa52c34d847e2ac7f967461556b926bd766e09ca773c03ec5c46776aab572aa,930034,0,8,0,perfect_information,7.645568560933346,0.38397514142486444,19.911623790441176,0.9625006412767757,0.9500007514897677,0.24999900000000136,0.5000009346025122,0.0,0.0,1100.0,193.4389798490304,193.58609281423966,193.4389798490304,optimal,0.7472916189581156,0.9493829063139856,f10,development
hourly_seed_930028,1eedafe30bd858e1424d1a58b93495a16ee4c70a323b72ac2c92c9e846c32bbb,930028,0,4,0,perfect_information,9.63247070168356,0.48376118407318186,19.911623790441176,0.9625006513751496,0.9500008027502994,0.2499990000000023,0.500000948092135,0.0,0.0,1100.0,193.4389798490304,193.58609281423966,193.4389798490304,optimal,0.8160218591801822,0.9456656617112458,f10,development
hourly_seed_930028,1eedafe30bd858e1424d1a58b93495a16ee4c70a323b72ac2c92c9e846c32bbb,930028,0,8,0,perfect_information,8.886411802432738,0.4462926728607021,19.911623790441176,0.9687505448213228,0.95000078619019,0.24999900000000264,0.5000009437342046,0.0,0.0,1100.0,193.4389798490304,193.58609281423966,193.4389798490304,optimal,1.0674437368288636,0.80307428073138,f10,development
hourly_seed_930032,a481c0418dce807bce3fdced535995e11466ff7351472861f108b9350193c16d,930032,0,4,0,perfect_information,8.550320628748784,0.42941352843626307,19.911623790441176,0.9625006388929391,0.9500007777858748,0.2499990000000027,0.5000009415225444,0.0,0.0,1100.0,193.4389798490304,193.58609281423966,193.4389798490304,optimal,0.8217130438424647,0.7474496811628342,f10,development
hourly_seed_930032,a481c0418dce807bce3fdced535995e11466ff7351472861f108b9350193c16d,930032,0,8,0,perfect_information,8.235779708654727,0.41361667914840855,19.911623790441176,0.9687505384871538,0.9500007692990723,0.24999900000000033,0.5000009392891704,0.0,0.0,1100.0,193.4389798490304,193.58609281423966,193.4389798490304,optimal,0.9348252257332206,0.7905171341262758,f10,development
hourly_seed_930050,5aeff6b99997490375856300151b3edfb1cbe0fb80aeb53be714557c4ffbaa44,930050,0,4,0,perfect_information,9.885849388296718,0.4964863484937147,19.911623790441176,0.9625006539029481,0.9500008078058962,0.24999900000000172,1.2653752401224776,0.0,0.0,1100.0,193.4389798490304,193.58609281423966,193.4389798490304,optimal,0.5297318287193775,0.5347576402127743,f10,development
hourly_seed_930050,5aeff6b99997490375856300151b3edfb1cbe0fb80aeb53be714557c4ffbaa44,930050,0,8,0,perfect_information,6.965602885361006,0.34982595888060775,19.911623790441176,0.9625006306634728,0.9500007272307949,0.24999900000018013,1.3975921547228196,0.0,5.229594535194337e-12,1100.0,193.4389798490304,193.58609281423966,193.4389798490304,optimal,0.5029876558110118,0.5114110973663628,f10,development
hourly_seed_930033,be5aed7a9361abe5bcee3216dc149ab73ddb29fb401ec5a8fe0f740cc266f232,930033,0,4,0,perfect_information,7.636357247835696,0.3835125315847734,19.911623790441176,0.9646642040534805,0.9500007511900036,0.2499989999999998,0.5000009345236249,0.0,0.0,1100.0,193.4389798490304,193.58609281423966,193.4389798490304,optimal,0.856950509827584,0.8406801610253751,f10,development
hourly_seed_930033,be5aed7a9361abe5bcee3216dc149ab73ddb29fb401ec5a8fe0f740cc266f232,930033,0,8,0,perfect_information,7.636357247835696,0.3835125315847734,19.911623790441176,0.9687505316962532,0.9500007511900036,0.24999899999999942,0.5000009345236249,0.0,0.0,1100.0,193.4389798490304,193.58609281423966,193.4389798490304,optimal,0.8314354447647929,0.910196466371417,f10,development
hourly_seed_930037,195016b93b84117088624b22863df90be54b94c4c21102176e02cdd536b56cbb,930037,0,4,0,perfect_information,6.854902511739181,0.34426637344514127,19.911623790441176,0.9625006114129115,0.950000722825823,0.2499990000000016,0.50000092705935,0.0,0.0,1100.0,193.4389798490304,193.58609281423966,193.4389798490304,optimal,0.7181939613074064,0.8311542323790491,f10,development
hourly_seed_930037,195016b93b84117088624b22863df90be54b94c4c21102176e02cdd536b56cbb,930037,0,8,0,perfect_information,6.854902511739181,0.34426637344514127,19.911623790441176,0.9687505210596835,0.950000722825823,0.2499990000000009,0.50000092705935,0.0,3.467448550509289e-12,1100.0,193.4389798490304,193.58609281423966,193.4389798490304,optimal,0.8396119442768395,0.8527098949998617,f10,development
hourly_seed_930039,202787df124f23ed2f3d5b01d7015830e864242e84c2ca4fdcfe4b7a3f726169,930039,0,4,0,perfect_information,7.260996518706968,0.364661194643136,19.911623790441176,0.9625006191638291,0.9500007383276583,0.24999900000001135,0.7551845871891647,0.0,0.0,1100.0,193.4389798490304,193.58609281423966,193.4389798490304,optimal,0.9084802852012217,0.8952529742382467,f10,development
hourly_seed_930039,202787df124f23ed2f3d5b01d7015830e864242e84c2ca4fdcfe4b7a3f726169,930039,0,8,0,perfect_information,6.841985882268201,0.34361767549830774,19.911623790441176,0.968750520863459,0.9500007223025521,0.2499990000000159,0.5135551629676416,0.0,0.0,1100.0,193.4389798490304,193.58609281423966,193.4389798490304,optimal,0.7410576213151217,0.5418692240491509,f10,development
hourly_seed_930053,ca0bf193a266c3014331f226abe9f3c0862266ef82b1373e28dc5364da901a40,930053,0,4,0,perfect_information,7.053629382616345,0.35424681868499985,19.911623790441176,0.9625006153174211,0.9500007306348384,0.249999000000002,0.9500008653174232,0.0,0.0,1100.0,193.4389798490304,193.58609281423966,193.4389798490304,optimal,0.5075761140324175,0.4469479531981051,f10,development
hourly_seed_930053,ca0bf193a266c3014331f226abe9f3c0862266ef82b1373e28dc5364da901a40,930053,0,8,0,perfect_information,7.053629382616345,0.35424681868499985,19.911623790441176,0.9687505239880665,0.9500007306348384,0.24999900000000225,0.9500008653174232,0.0,0.0,1100.0,193.4389798490304,193.58609281423966,193.4389798490304,optimal,0.5760821127332747,0.4912099032662809,f10,development
hourly_seed_930051,efcfa178aeac5f20ef4d23b33f3e1cc930a11b91bde6e510d598ce0958f231ea,930051,0,4,0,perfect_information,7.219011683621997,0.36255263556594386,19.911623790441176,0.962500618402897,0.9500007368057981,0.2499990000000044,0.5000009307383072,0.0,1.9326762412674725e-12,1100.0,193.4389798490304,193.58609281423966,193.4389798490304,optimal,0.6114726993255317,0.6924102641642094,f10,development
hourly_seed_930051,efcfa178aeac5f20ef4d23b33f3e1cc930a11b91bde6e510d598ce0958f231ea,930051,0,8,0,perfect_information,7.219011683621997,0.36255263556594386,19.911623790441176,0.9528982417180359,0.9500007368057981,0.24999900000000783,0.5000009307383072,0.0,0.0,1100.0,193.4389798490304,193.58609281423966,193.4389798490304,optimal,0.480233205948025,0.5985200302675366,f10,development
hourly_seed_930048,6e01000bb93f817f902350466fc4bb6a9200ea8ca442c35fce66ce6d7f8436f3,930048,0,4,0,perfect_information,8.727773727623262,0.4383255639760098,19.911623790441176,0.9625006411519693,0.9500007823039389,0.2499990000000021,0.5217684333761605,0.0,0.0,1100.0,193.4389798490304,193.58609281423966,193.4389798490304,optimal,0.9632779397070408,0.6722052898257971,f10,development
hourly_seed_930048,6e01000bb93f817f902350466fc4bb6a9200ea8ca442c35fce66ce6d7f8436f3,930048,0,8,0,perfect_information,7.2640821226888646,0.36481615960301933,19.911623790441176,0.9750004182621274,0.9500007384388025,0.2499990000000003,0.5000009311680341,0.0,0.0,1100.0,193.4389798490304,193.58609281423966,193.4389798490304,optimal,0.4861814631149173,0.6056370437145233,f10,development
hourly_seed_930057,21d0069e9c7cab99fea3e5dd2660367b1ea8d4412a9be39ca1dfa278f5422f77,930057,0,4,0,perfect_information,7.809188688263699,0.3921924585584325,19.911623790441176,0.9625006283483126,0.9500007566966252,0.24999900000001804,0.9500008783483126,0.0,0.0,1100.0,193.4389798490304,193.58609281423966,193.4389798490304,optimal,0.5920745208859444,0.5448130005970597,f10,development
hourly_seed_930057,21d0069e9c7cab99fea3e5dd2660367b1ea8d4412a9be39ca1dfa278f5422f77,930057,0,8,0,perfect_information,6.801885196650452,0.34160374202709587,19.911623790441176,0.9625006277911073,0.9500007206653881,0.24999900000023229,0.950000860332694,0.0,0.0,1100.0,193.4389798490304,193.58609281423966,193.4389798490304,optimal,0.5316539509221911,0.5536410962231457,f10,development
hourly_seed_930047,b507abafe6617e522ee7dea20f00024dd056992b7f0fbab8eae2fdb9c5dbaab3,930047,0,4,0,perfect_information,10.062166230346428,0.5053413190328001,19.911623790441176,0.9750004291901248,0.950000811173666,0.2499990000000047,0.950000811173666,0.0,0.0,1100.0,193.4389798490304,193.58609281423966,193.4389798490304,optimal,0.4801307963207364,0.5989908333867788,f10,development
hourly_seed_930047,b507abafe6617e522ee7dea20f00024dd056992b7f0fbab8eae2fdb9c5dbaab3,930047,0,8,0,perfect_information,7.4055573033446835,0.3719213149707968,19.911623790441176,0.9687505287883695,0.9500007434356469,0.24999900000000386,0.9500008717178272,0.0,0.0,1100.0,193.4389798490304,193.58609281423966,193.4389798490304,optimal,0.7419445058330894,0.8898933213204145,f10,development
hourly_seed_930040,c2bebac24b7c740b14301a67ea9c3c06a852cd14f25b72a4d0d379bcf42d96a0,930040,0,4,0,perfect_information,8.193953392187334,0.4115160811807294,19.911623790441176,0.9500008840607257,0.9500007681214514,0.24999899999999664,0.9500007681214514,0.0,0.0,1100.0,193.4389798490304,193.58609281423966,193.4389798490304,optimal,0.9197806650772691,0.8318236763589084,f10,development
hourly_seed_930040,c2bebac24b7c740b14301a67ea9c3c06a852cd14f25b72a4d0d379bcf42d96a0,930040,0,8,0,perfect_information,8.193953392187334,0.4115160811807294,19.911623790441176,0.9743163446005763,0.9500007681214514,0.24999900000000108,0.9500007681214514,0.0,0.0,1100.0,193.4389798490304,193.58609281423966,193.4389798490304,optimal,0.7985306829214096,0.8313072538003325,f10,development
hourly_seed_930049,39774cacf737e3286aef9824afb187f44bfa34203ca17d9dbd11c6ae3900d923,930049,0,4,0,perfect_information,12.221520089870364,0.6137882183037958,19.911623790441176,0.9625006722681816,0.9500008445363631,0.24999900000000017,0.5000009590884763,0.0,3.296918293926865e-12,1100.0,193.4389798490304,193.58609281423966,193.4389798490304,optimal,0.4737427458167076,0.7516902168281376,f10,development
hourly_seed_930049,39774cacf737e3286aef9824afb187f44bfa34203ca17d9dbd11c6ae3900d923,930049,0,8,0,perfect_information,8.80968107558024,0.4424391083468259,19.911623790441176,0.9625006556434791,0.9500007843279519,0.2499990000000216,0.5000009432440844,0.0,9.663381206337363e-13,1100.0,193.4389798490304,193.58609281423966,193.4389798490304,optimal,0.765870422590524,0.7749186381697655,f10,development
hourly_seed_930043,7f7ffb0ebfaff983d53988d555028e05d96f135f4980ae3d6ee31b957a6b76a0,930043,0,4,0,perfect_information,13.177117746038466,0.6617801684443388,19.911623790441176,0.962500677905251,0.9500008558105,0.24999900000001818,0.5000009620553572,0.0,4.376943252282217e-12,1100.0,193.4389798490304,193.58609281423966,193.4389798490304,optimal,0.8040178972296417,0.8187964772805572,f10,development
hourly_seed_930043,7f7ffb0ebfaff983d53988d555028e05d96f135f4980ae3d6ee31b957a6b76a0,930043,0,8,0,perfect_information,9.406691337355221,0.4724221106402694,19.911623790441176,0.9687505492559664,0.9500007980159069,0.2499990000000019,0.5000009468462405,0.0,0.0,1100.0,193.4389798490304,193.58609281423966,193.4389798490304,optimal,0.8775378069840372,0.8421534989029169,f10,development
hourly_seed_930041,c7c4f09af30b104eeb8c64dbead35b27dd037ca990bcc326cf08fee9df5d4835,930041,0,4,0,perfect_information,7.855687009139252,0.39452769356311723,19.911623790441176,0.9648242254253644,0.9500007581367464,0.24999900000000466,0.5000009363517116,0.0,0.0,1100.0,193.4389798490304,193.58609281423966,193.4389798490304,optimal,0.810369934886694,0.7650960879400373,f10,development
hourly_seed_930041,c7c4f09af30b104eeb8c64dbead35b27dd037ca990bcc326cf08fee9df5d4835,930041,0,8,0,perfect_information,7.855687009139252,0.39452769356311723,19.911623790441176,0.9687505343012818,0.9500007581367464,0.24999900000000003,0.5000009363517116,0.0,5.8548721426632255e-12,1100.0,193.4389798490304,193.58609281423966,193.4389798490304,optimal,0.8421013792976737,0.9244213420897722,f10,development
hourly_seed_930044,c6d6f8844d77d9722a4d2f452d4e333afeda9546d9924fce17d92baa5d63a2a5,930044,0,4,0,perfect_information,9.489816960356196,0.47659683912428585,19.911623790441176,0.9625006498925902,0.9500007997851775,0.24999900000000422,0.5000009473118445,0.0,1.9895196601282805e-12,1100.0,193.4389798490304,193.58609281423966,193.4389798490304,optimal,0.8362886835820973,0.7680778270587325,f10,development
hourly_seed_930044,c6d6f8844d77d9722a4d2f452d4e333afeda9546d9924fce17d92baa5d63a2a5,930044,0,8,0,perfect_information,7.837991676842182,0.3936389999797459,19.911623790441176,0.9596591467297034,0.9500007575907072,0.2499990000000056,0.5000009362080278,0.0,0.0,1100.0,193.4389798490304,193.58609281423966,193.4389798490304,optimal,0.8077011788263917,0.7449829750694335,f10,development
hourly_seed_930067,bfa0a24f8779ca5b5feb8cff79b9908954ecb29338078d2d501e6033719bbbcb,930067,0,4,0,perfect_information,6.079720821829537,0.30533525973648534,19.911623790441176,0.9625005937426613,0.9500006874853181,0.24999899999999936,0.9500008437426637,0.0,0.0,1100.0,193.4389798490304,193.58609281423966,193.4389798490304,optimal,0.4992323131300509,0.49004368716850877,f10,development
hourly_seed_930067,bfa0a24f8779ca5b5feb8cff79b9908954ecb29338078d2d501e6033719bbbcb,930067,0,8,0,perfect_information,6.079720821829537,0.30533525973648534,19.911623790441176,0.9750004023391635,0.9500006874853181,0.24999900000004385,0.9500008437426637,0.0,0.0,1100.0,193.4389798490304,193.58609281423966,193.4389798490304,optimal,0.48061515763401985,0.6587742287665606,f10,development
hourly_seed_930058,c7844a38a21dd9b02df514fa4172cb25558de2d3325044694f4da4be68727205,930058,0,4,0,perfect_information,6.562150668293498,0.32956381344668334,19.911623790441176,0.9625006052302372,0.9500007104604702,0.24999900000000191,0.5000009238053086,0.0,0.0,1100.0,193.4389798490304,193.58609281423966,193.4389798490304,optimal,0.8343915822915733,0.5331133501604199,f10,development
hourly_seed_930058,c7844a38a21dd9b02df514fa4172cb25558de2d3325044694f4da4be68727205,930058,0,8,0,perfect_information,6.562150668293498,0.32956381344668334,19.911623790441176,0.9625006233264584,0.9500007104604702,0.24999900000004913,0.5000009238053086,0.0,5.7411853049416095e-12,1100.0,193.4389798490304,193.58609281423966,193.4389798490304,optimal,0.5608437890186906,0.5750722670927644,f10,development
hourly_seed_930052,f782f9e803e1f40061707fa29dde527fa653ad43d47d8b25d8e0296ab23d074d,930052,0,4,0,perfect_information,10.012523938949501,0.5028481877884886,19.911623790441176,0.9625006551187291,0.9500008102374555,0.249999000000003,0.500000950062444,0.0,2.2737367544323206e-13,1100.0,193.4389798490304,193.58609281423966,193.4389798490304,optimal,0.9393232837319374,0.6504035573452711,f10,development
hourly_seed_930052,f782f9e803e1f40061707fa29dde527fa653ad43d47d8b25d8e0296ab23d074d,930052,0,8,0,perfect_information,7.543293035092954,0.3788386680303897,19.911623790441176,0.9687505305451327,0.9500007481203487,0.24999900000000047,0.5000009337158253,0.0,0.0,1100.0,193.4389798490304,193.58609281423966,193.4389798490304,optimal,0.7443319619633257,0.49348902702331543,f10,development
hourly_seed_930054,97397c4c8cbcd97cb47b54a5355eb53ff4d067b2981eb781c3c3f75b90093f9a,930054,0,4,0,perfect_information,8.128827565233532,0.40824533703453547,19.911623790441176,0.9750004123488928,0.9500007662637142,0.24999900000000247,0.500000938490385,0.0,0.0,1100.0,193.4389798490304,193.58609281423966,193.4389798490304,optimal,0.6997874490916729,0.7687444807961583,f10,development
hourly_seed_930054,97397c4c8cbcd97cb47b54a5355eb53ff4d067b2981eb781c3c3f75b90093f9a,930054,0,8,0,perfect_information,7.303214007404968,0.36678143803173735,19.911623790441176,0.9665847526588418,0.9500007398402925,0.2499990000000011,0.5000009315368589,0.0,0.0,1100.0,193.4389798490304,193.58609281423966,193.4389798490304,optimal,0.5226062461733818,0.7363606728613377,f10,development
hourly_seed_930069,3fade208cc02836c46eb589064bbb7b2abfce1fdc105a81587ad0fec0f2e8789,930069,0,4,0,perfect_information,6.988259831898207,0.3509638342631307,19.911623790441176,0.9500008640575739,0.9500007281151438,0.2499990000000015,0.9500009999999999,0.0,0.0,1100.0,193.4389798490304,193.58609281423966,193.4389798490304,optimal,0.5231255278922617,0.46958916168659925,f10,development
hourly_seed_930069,3fade208cc02836c46eb589064bbb7b2abfce1fdc105a81587ad0fec0f2e8789,930069,0,8,0,perfect_information,6.562172063374467,0.3295648879487528,19.911623790441176,0.9687505164230324,0.9500007104614142,0.2499990000000015,1.0116854243454918,0.0,0.0,1100.0,193.4389798490304,193.58609281423966,193.4389798490304,optimal,0.5368608520366251,0.5546821118332446,f10,development
hourly_seed_930062,f41111d21d2817a42d4aa8c51f305acbb5b0bb62455453fbcf558b6f1395711e,930062,0,4,0,perfect_information,7.028153169705158,0.3529673543289378,19.911623790441176,0.9750003986219092,0.9500007296584219,0.2499990000000019,0.7947437109845492,0.0,0.0,1100.0,193.4389798490304,193.58609281423966,193.4389798490304,optimal,0.5429459996521473,0.4635796151123941,f10,development
hourly_seed_930062,f41111d21d2817a42d4aa8c51f305acbb5b0bb62455453fbcf558b6f1395711e,930062,0,8,0,perfect_information,7.028153169705158,0.3529673543289378,19.911623790441176,0.962500631725562,0.9500007296584219,0.24999900000000017,0.5000009288574122,0.0,2.3305801732931286e-12,1100.0,193.4389798490304,193.58609281423966,193.4389798490304,optimal,0.5670168069191277,0.8013453697785735,f10,development
hourly_seed_930068,87ef2d08238a91628eb1723222ed830b3ccea7de999ebb173d6dbe24ed256a0d,930068,0,4,0,perfect_information,12.541818223286775,0.6298742059051774,19.911623790441176,0.9750004431899955,0.9500008485066531,0.24999899999999822,0.5000009601332885,0.0,2.3305801732931286e-12,1100.0,193.4389798490304,193.58609281423966,193.4389798490304,optimal,0.5598742235451937,0.4672032571397722,f10,development
hourly_seed_930068,87ef2d08238a91628eb1723222ed830b3ccea7de999ebb173d6dbe24ed256a0d,930068,0,8,0,perfect_information,7.309919585183963,0.3671182050302287,19.911623790441176,0.9625006362845413,0.9500007400789516,0.24999900000000788,0.5000009315996505,0.0,0.0,1100.0,193.4389798490304,193.58609281423966,193.4389798490304,optimal,0.51588040497154,0.5383512619882822,f10,development
hourly_seed_930056,fefb5b953d5d4636a8003f8791574e9f51f15beaea60973aecff4e25cf53270b,930056,0,4,0,perfect_information,10.095321730244734,0.5070064519344284,19.911623790441176,0.9750004294226802,0.950000811793812,0.24999900000000166,0.5000009504720097,0.0,0.0,1100.0,193.4389798490304,193.58609281423966,193.4389798490304,optimal,0.5831983657553792,0.5703090978786349,f10,development
hourly_seed_930056,fefb5b953d5d4636a8003f8791574e9f51f15beaea60973aecff4e25cf53270b,930056,0,8,0,perfect_information,9.740028620824758,0.4891629494075004,19.911623790441176,0.9668571415433995,0.9500008049284973,0.24999899999999797,0.500000948665347,0.0,0.0,1100.0,193.4389798490304,193.58609281423966,193.4389798490304,optimal,0.7997843399643898,0.5843224925920367,f10,development
hourly_seed_930066,afc195c9a9e0bb7a68e460e229a6f925c9bdfa3f9a942243786e64fc1bd9e03c,930066,0,4,0,perfect_information,9.736536260733367,0.4889875563743582,19.911623790441176,0.9625006524292669,0.9500008048585337,0.24999899999999925,0.5000009486469291,0.0,0.0,1100.0,193.4389798490304,193.58609281423966,193.4389798490304,optimal,0.6937386719509959,0.7458045710809529,f10,development
hourly_seed_930066,afc195c9a9e0bb7a68e460e229a6f925c9bdfa3f9a942243786e64fc1bd9e03c,930066,0,8,0,perfect_information,7.290927894814201,0.3661644058539466,19.911623790441176,0.9687505272757123,0.9500007394018993,0.2499989999999962,0.5000009314214845,0.0,0.0,1100.0,193.4389798490304,193.58609281423966,193.4389798490304,optimal,0.5290747950784862,0.52975935023278,f10,development
hourly_seed_930063,69ea6bad46e114a9a30f66609319f8f66fe356e9eabebe613fd519c3c5c87a94,930063,0,4,0,perfect_information,10.618446431223703,0.533278779419347,19.911623790441176,0.9641772648918815,0.9500008210659182,0.24999899999999878,1.2808400392730042,0.0,0.0,1100.0,193.4389798490304,193.58609281423966,193.4389798490304,optimal,0.9270625691860914,0.7921808240935206,f10,development
hourly_seed_930063,69ea6bad46e114a9a30f66609319f8f66fe356e9eabebe613fd519c3c5c87a94,930063,0,8,0,perfect_information,8.342981252616891,0.41900054663658537,19.911623790441176,0.9625006503652485,0.95000077226342,0.2499990000000018,1.1595240228091963,0.0,1.8189894035458565e-12,1100.0,193.4389798490304,193.58609281423966,193.4389798490304,optimal,0.5093326149508357,0.5034973276779056,f10,development
hourly_seed_930070,c8859fcf531e33664629e957801c05c53b960e538d6c9606682ecd9b65b3d7a0,930070,0,4,0,perfect_information,7.509156629412697,0.37712427215592337,19.911623790441176,0.9750004051157446,0.9500007469753188,0.24999899999999767,0.5000009334144946,0.0,0.0,1100.0,193.4389798490304,193.58609281423966,193.4389798490304,optimal,0.47777783079072833,0.5101727498695254,f10,development
hourly_seed_930070,c8859fcf531e33664629e957801c05c53b960e538d6c9606682ecd9b65b3d7a0,930070,0,8,0,perfect_information,7.145934953569349,0.35888258179123717,19.911623790441176,0.9687505252928591,0.9500007341142858,0.24999900000000372,0.5000009300300085,0.0,3.410605131648481e-13,1100.0,193.4389798490304,193.58609281423966,193.4389798490304,optimal,0.7679000152274966,0.5303547428920865,f10,development
hourly_seed_930055,01d3bd925298f1662e1c650bedd9cd7584ff3dae2e81ada77fa3c8b5887a8a6c,930055,0,4,0,perfect_information,9.239355035234924,0.46401816006941593,19.911623790441176,0.9625006471788639,0.9500007943577279,0.24999899999999747,0.500000945883558,0.0,0.0,1100.0,193.4389798490304,193.58609281423966,193.4389798490304,optimal,0.6080757593736053,0.7103253440000117,f10,development
hourly_seed_930055,01d3bd925298f1662e1c650bedd9cd7584ff3dae2e81ada77fa3c8b5887a8a6c,930055,0,8,0,perfect_information,8.30606456620521,0.41714651972244676,19.911623790441176,0.9687505392192144,0.9500007712512342,0.24999899999999933,0.5000009398029047,0.0,0.0,1100.0,193.4389798490304,193.58609281423966,193.4389798490304,optimal,0.9219592278823256,0.7789289630018175,f10,development
hourly_seed_930064,a1c71e5bc3e238d5c13b367bbcb885aa7c2a96fc485993e674bfe8a592871eeb,930064,0,4,0,perfect_information,11.768388098474464,0.5910310591607313,19.911623790441176,0.9625006692751825,0.9500008385503651,0.24999900000000094,1.0995049977536098,0.0,0.0,1100.0,193.4389798490304,193.58609281423966,193.4389798490304,optimal,0.4942296016961336,0.8111933097243309,f10,development
hourly_seed_930064,a1c71e5bc3e238d5c13b367bbcb885aa7c2a96fc485993e674bfe8a592871eeb,930064,0,8,0,perfect_information,6.423378985259891,0.32259443292332163,19.911623790441176,0.9687505140769582,0.9500007042052219,0.24999900000000397,1.2239101095008351,0.0,0.0,1100.0,193.4389798490304,193.58609281423966,193.4389798490304,optimal,0.851999269798398,0.5063732974231243,f10,development
hourly_seed_930073,628a04c83b60a725571703f5d421882c73c4c324f43b0520b47ea3e623a5b6f5,930073,0,4,0,perfect_information,8.5880646546778,0.43130910593040667,19.911623790441176,0.9750004170359355,0.9500007787624924,0.2499990000000021,0.9500008893812495,0.0,0.0,1100.0,193.4389798490304,193.58609281423966,193.4389798490304,optimal,0.5450144931674004,0.5783080258406699,f10,development
hourly_seed_930073,628a04c83b60a725571703f5d421882c73c4c324f43b0520b47ea3e623a5b6f5,930073,0,8,0,perfect_information,8.178608862670545,0.4107454494292318,19.911623790441176,0.968750537882404,0.9500007676864061,0.24999900000000047,0.9500008838432066,0.0,0.0,1100.0,193.4389798490304,193.58609281423966,193.4389798490304,optimal,0.8104158155620098,0.7545884242281318,f10,development
hourly_seed_930071,e069effc4467f8b34de1b1eb15116d26677d0aa77cc5fce89da684800ebf6d44,930071,0,4,0,perfect_information,7.814223666940342,0.39244532486052985,19.911623790441176,0.975000408820021,0.9500007568533869,0.24999900000002764,0.5000009360139857,0.0,0.0,1100.0,193.4389798490304,193.58609281423966,193.4389798490304,optimal,0.8061462389305234,0.7666697381064296,f10,development
hourly_seed_930071,e069effc4467f8b34de1b1eb15116d26677d0aa77cc5fce89da684800ebf6d44,930071,0,8,0,perfect_information,7.440148101399581,0.3736585313032741,19.911623790441176,0.9750004201963977,0.950000744628468,0.2499990000000001,0.5000009327969027,0.0,1.6484591469634324e-12,1100.0,193.4389798490304,193.58609281423966,193.4389798490304,optimal,0.5857804818078876,0.49397514993324876,f10,development
hourly_seed_930078,fbe0311e2fc11d2ab85b739d94de88fe93e0ffc96d42e6fa6a09e359fbc17cfd,930078,0,4,0,perfect_information,8.233882712668306,0.413521408365554,19.911623790441176,0.9750004134672212,0.9500007692459214,0.2499990000000058,0.5000009392751807,0.0,0.0,1100.0,193.4389798490304,193.58609281423966,193.4389798490304,optimal,0.4534781128168106,0.4656374780461192,f10,development
hourly_seed_930078,fbe0311e2fc11d2ab85b739d94de88fe93e0ffc96d42e6fa6a09e359fbc17cfd,930078,0,8,0,perfect_information,8.233882712668306,0.413521408365554,19.911623790441176,0.9687505384672221,0.9500007692459214,0.24999900000000128,0.5000009392751807,0.0,0.0,1100.0,193.4389798490304,193.58609281423966,193.4389798490304,optimal,0.5543185691349208,0.7553982296958566,f10,development
hourly_seed_930065,8de76417a7543ec5995b39a843e23dce94fffcbebb0f320c60f81915be14a6ba,930065,0,4,0,perfect_information,9.859974823927594,0.4951868781621416,19.911623790441176,0.97033165376578,0.9500008073015401,0.24999900000000005,0.5000009492898245,0.0,0.0,1100.0,193.4389798490304,193.58609281423966,193.4389798490304,optimal,0.9043509499169886,0.9422992318868637,f10,development
hourly_seed_930065,8de76417a7543ec5995b39a843e23dce94fffcbebb0f320c60f81915be14a6ba,930065,0,8,0,perfect_information,7.305896155508077,0.3669161406622881,19.911623790441176,0.9728148383917886,0.9500007399358105,0.24999900000000036,0.5000009315619843,0.0,0.0,1100.0,193.4389798490304,193.58609281423966,193.4389798490304,optimal,0.6311065498739481,0.48316610511392355,f10,development
hourly_seed_930059,df3d84c57683802d4dbb5a0f72e5de66bad7c6466eb2a73904cc1a848eee1ccb,930059,0,4,0,perfect_information,8.295861074770658,0.4166340807801516,19.911623790441176,0.9500009427424729,0.9500008854849458,0.24999900000000214,0.5000009397288608,0.0,0.0,1100.0,193.4389798490304,193.58609281423966,193.4389798490304,optimal,0.833069343585521,0.7649018568918109,f10,development
hourly_seed_930059,df3d84c57683802d4dbb5a0f72e5de66bad7c6466eb2a73904cc1a848eee1ccb,930059,0,8,0,perfect_information,7.566608808426623,0.38000963096033724,19.911623790441176,0.9706866253871701,0.9500007488964916,0.2499990000000071,0.5000009339200653,0.0,0.0,1100.0,193.4389798490304,193.58609281423966,193.4389798490304,optimal,0.6897038081660867,0.7878031469881535,f10,development
hourly_seed_930061,ad539c089f00026c7e2979d75e87841ca2e84fa981bfba0c809a4838e5bf6d03,930061,0,4,0,perfect_information,7.03088925221007,0.3531047656487632,19.911623790441176,0.9750003986613607,0.9500007297636258,0.24999900000000144,0.5000009288850948,0.0,0.0,1100.0,193.4389798490304,193.58609281423966,193.4389798490304,optimal,0.7683716681785882,0.7760805059224367,f10,development
hourly_seed_930061,ad539c089f00026c7e2979d75e87841ca2e84fa981bfba0c809a4838e5bf6d03,930061,0,8,0,perfect_information,6.174101265753918,0.3100752269494903,19.911623790441176,0.96250061536488,0.9500006922625761,0.24999900000000205,0.5000009190163903,0.0,0.0,1100.0,193.4389798490304,193.58609281423966,193.4389798490304,optimal,0.8895554300397635,0.6520904782228172,f10,development
hourly_seed_930077,83e8a00afe4150c557bfbde7ad517e815c572477de85ac73712b57df9e3a7728,930077,0,4,0,perfect_information,8.753759499638118,0.4396306193691983,19.911623790441176,0.9750004186063143,0.9500007829501691,0.2499990000000038,0.5000009428815704,0.0,2.2737367544323206e-12,1100.0,193.4389798490304,193.58609281423966,193.4389798490304,optimal,0.7905032327398658,0.6939221639186144,f10,development
hourly_seed_930077,83e8a00afe4150c557bfbde7ad517e815c572477de85ac73712b57df9e3a7728,930077,0,8,0,perfect_information,8.753759499638118,0.4396306193691983,19.911623790441176,0.9744562790286776,0.9500007829501691,0.24999899999999886,0.5000009428815704,0.0,4.035882739117369e-12,1100.0,193.4389798490304,193.58609281423966,193.4389798490304,optimal,0.468937526922673,0.4972344399429858,f10,development
hourly_seed_930060,f93be1fec89266a6cde6acf2b0f21d37718b4c958cc0020b806e272d09126c68,930060,0,4,0,perfect_information,9.062804908876386,0.45515147354416663,19.911623790441176,0.9625006451758308,0.9500007903516584,0.2499990000000019,0.5000009448293296,0.0,0.0,1100.0,193.4389798490304,193.58609281423966,193.4389798490304,optimal,0.9096920019946992,0.8450294472277164,f10,development
hourly_seed_930060,f93be1fec89266a6cde6acf2b0f21d37718b4c958cc0020b806e272d09126c68,930060,0,8,0,perfect_information,7.339435509392523,0.36860055144854187,19.911623790441176,0.9687505279215882,0.95000074112423,0.24999900000000724,0.5000009318747295,0.0,7.389644451905042e-13,1100.0,193.4389798490304,193.58609281423966,193.4389798490304,optimal,0.7582144062034786,0.7879175478592515,f10,development
hourly_seed_930084,65f43bc5fd27f2128833ca0438b0d02183f72934b20feab27bf3a2afe3eec75f,930084,0,4,0,perfect_information,11.620433147248542,0.5836004772663029,19.911623790441176,0.9750004386855268,0.9500008364947383,0.24999900000000225,1.0575989678670294,0.0,0.0,1100.0,193.4389798490304,193.58609281423966,193.4389798490304,optimal,0.4927297532558441,0.4608745276927948,f10,development
hourly_seed_930084,65f43bc5fd27f2128833ca0438b0d02183f72934b20feab27bf3a2afe3eec75f,930084,0,8,0,perfect_information,7.13079372743144,0.35812216032600347,19.911623790441176,0.9687505250811461,0.9500007335497233,0.24999900001316325,0.9500008667748616,0.0,0.0,1100.0,193.4389798490304,193.58609281423966,193.4389798490304,optimal,0.5014049359597266,0.5009195427410305,f10,development
hourly_seed_930076,52923da612281953d1ae1000f7df5754220e2cca7bacbd4f6b55a0616d67f2e6,930076,0,4,0,perfect_information,10.721486796540496,0.5384536645216992,19.911623790441176,0.975000433544596,0.9500008227855894,0.24999900000000366,0.5000009533645793,0.0,0.0,1100.0,193.4389798490304,193.58609281423966,193.4389798490304,optimal,0.5847891857847571,0.46299205208197236,f10,development
hourly_seed_930076,52923da612281953d1ae1000f7df5754220e2cca7bacbd4f6b55a0616d67f2e6,930076,0,8,0,perfect_information,6.828794468662328,0.342955177364318,19.911623790441176,0.968750520662296,0.9500007217661227,0.24999900000000008,0.5000009267804926,0.0,0.0,1100.0,193.4389798490304,193.58609281423966,193.4389798490304,optimal,0.8522648815996945,0.7559052929282188,f10,development
hourly_seed_930088,414f0deb5c32ff87f2c48cbbb54ca76eacc1572102a28741f953740d6b949bf4,930088,0,4,0,perfect_information,10.2436500677204,0.5144557860036504,19.911623790441176,0.9750004304446432,0.9500008145190484,0.24999900000000172,0.5000009511891812,0.0,0.0,1100.0,193.4389798490304,193.58609281423966,193.4389798490304,optimal,0.4634292828850448,0.5217928700149059,f10,development
hourly_seed_930088,414f0deb5c32ff87f2c48cbbb54ca76eacc1572102a28741f953740d6b949bf4,930088,0,8,0,perfect_information,7.836627269624262,0.3935704768280291,19.911623790441176,0.9687505340806902,0.9500007575485023,0.24999899999999914,0.5259268436946671,0.0,0.0,1100.0,193.4389798490304,193.58609281423966,193.4389798490304,optimal,0.458200772292912,0.4904414489865303,f10,development
hourly_seed_930081,f88f70be6f67fa2704e9ea26d61074653aea736877ac3f75d3dd7b21b6c61fa6,930081,0,4,0,perfect_information,9.713686112701927,0.48783997804162527,19.911623790441176,0.9625006521997433,0.9500008043994838,0.24999900000000044,0.5000009485261326,0.0,9.265477274311706e-12,1100.0,193.4389798490304,193.58609281423966,193.4389798490304,optimal,0.8009987878613174,0.5326475673355162,f10,development
hourly_seed_930081,f88f70be6f67fa2704e9ea26d61074653aea736877ac3f75d3dd7b21b6c61fa6,930081,0,8,0,perfect_information,8.57377513501898,0.43059145880081,19.911623790441176,0.9625006530472746,0.950000778393766,0.24999900000000091,0.5000009416825182,0.0,0.0,1100.0,193.4389798490304,193.58609281423966,193.4389798490304,optimal,0.5190846039913595,0.5258133448660374,f10,development
hourly_seed_930072,d3641be62e8beecd5a9fdb8a5168ab6e5275d85d156c4603c6dcc1bc887db181,930072,0,4,0,perfect_information,9.77133170483684,0.49073505042455096,19.911623790441176,0.9625006527767136,0.9500008055534273,0.24999899999999933,0.9500009027767137,0.0,9.663381206337363e-13,1100.0,193.4389798490304,193.58609281423966,193.4389798490304,optimal,0.8900283118709922,0.8121626270003617,f10,development
hourly_seed_930072,d3641be62e8beecd5a9fdb8a5168ab6e5275d85d156c4603c6dcc1bc887db181,930072,0,8,0,perfect_information,8.997052421046094,0.45184925728484493,19.911623790441176,0.9687505458073143,0.950000788819501,0.24999900000000116,0.9500008944097537,0.0,4.320099833421409e-12,1100.0,193.4389798490304,193.58609281423966,193.4389798490304,optimal,0.8176859701052308,0.6354409256018698,f10,development
hourly_seed_930080,5491ef98116a18efa590c0869a15597a4ed937feb597becdf1270def97755863,930080,0,4,0,perfect_information,6.614880652563568,0.3322120145590097,19.911623790441176,0.9625006063842598,0.9500007127685197,0.249999000000002,0.5000009244126987,0.0,0.0,1100.0,193.4389798490304,193.58609281423966,193.4389798490304,optimal,0.8229106119833887,0.9379611648619175,f10,development
hourly_seed_930080,5491ef98116a18efa590c0869a15597a4ed937feb597becdf1270def97755863,930080,0,8,0,perfect_information,6.614880652563568,0.3322120145590097,19.911623790441176,0.9625006243362274,0.9500007127685197,0.24999900000000075,0.5000009244126987,0.0,0.0,1100.0,193.4389798490304,193.58609281423966,193.4389798490304,optimal,0.49371469859033823,0.6421532868407667,f10,development
hourly_seed_930075,6fad6753a62a8707711a09b7c56b251502da9f2d85083f615c44c98dbcc640da,930075,0,4,0,perfect_information,9.372189218263047,0.4706893479356658,19.911623790441176,0.975000423977127,0.9500007972723369,0.249999000000004,0.5000009466505625,0.0,0.0,1100.0,193.4389798490304,193.58609281423966,193.4389798490304,optimal,0.8724701148457825,0.6046637268736959,f10,development
hourly_seed_930075,6fad6753a62a8707711a09b7c56b251502da9f2d85083f615c44c98dbcc640da,930075,0,8,0,perfect_information,7.400729071593016,0.37167883189646383,19.911623790441176,0.968750528725601,0.9500007432682644,0.2499990000000027,0.500000932438959,0.0,0.0,1100.0,193.4389798490304,193.58609281423966,193.4389798490304,optimal,0.7992785582318902,0.8908545468002558,f10,development
hourly_seed_930079,827b633aeb63baf148eef15b07cb8c0361ba7c96e6d868a47e0e7546f5f35052,930079,0,4,0,perfect_information,13.273972403600697,0.6666443954195757,19.911623790441176,0.975000446323472,0.950000856862591,0.24999900000000172,0.500000962332225,0.0,0.0,1100.0,193.4389798490304,193.58609281423966,193.4389798490304,optimal,0.7187251839786768,0.8462865250185132,f10,development
hourly_seed_930079,827b633aeb63baf148eef15b07cb8c0361ba7c96e6d868a47e0e7546f5f35052,930079,0,8,0,perfect_information,9.088906448742197,0.45646234302123767,19.911623790441176,0.9750004346730409,0.950000790953727,0.24999900000000252,0.687962629458074,0.0,0.0,1100.0,193.4389798490304,193.58609281423966,193.4389798490304,optimal,0.5178111069835722,0.9198574349284172,f10,development
hourly_seed_930074,58552d15adc418d64c7517f8f03b1110e6fe4ca9a59758f61007616d494f08a2,930074,0,4,0,perfect_information,9.357183229222791,0.4699357183372872,19.911623790441176,0.9625006484736156,0.9500007969472312,0.24999900000000339,0.5000009465650097,0.0,0.0,1100.0,193.4389798490304,193.58609281423966,193.4389798490304,optimal,0.8659923751838505,0.8004593946970999,f10,development
hourly_seed_930074,58552d15adc418d64c7517f8f03b1110e6fe4ca9a59758f61007616d494f08a2,930074,0,8,0,perfect_information,9.29327558276357,0.46672615355584024,19.911623790441176,0.963947512796749,0.9500007955508796,0.24999900000000097,0.5000009461975554,0.0,0.0,1100.0,193.4389798490304,193.58609281423966,193.4389798490304,optimal,0.9352748189121485,0.7907576556317508,f10,development
hourly_seed_930091,dddf442ff0705842ffacfef4ff6966ecddc6dac2d5cd46043d941b82c476a6b4,930091,0,4,0,perfect_information,10.57502079803407,0.5310978606933474,19.911623790441176,0.9693207063823747,0.9500008203311316,0.24999900000000025,0.5000009527186711,0.0,0.0,1100.0,193.4389798490304,193.58609281423966,193.4389798490304,optimal,0.4850353058427572,0.565565007738769,f10,development
hourly_seed_930091,dddf442ff0705842ffacfef4ff6966ecddc6dac2d5cd46043d941b82c476a6b4,930091,0,8,0,perfect_information,8.057964280758025,0.40468644674907683,19.911623790441176,0.9590101254312916,0.9500007642081855,0.249999000000001,0.5000009379494705,0.0,0.0,1100.0,193.4389798490304,193.58609281423966,193.4389798490304,optimal,0.526070776861161,0.47741133999079466,f10,development
hourly_seed_930087,30a5d85ddcaf337fa0f526323fb887385484e28764f1462e0583db835ec0abd4,930087,0,4,0,perfect_information,10.817345618226142,0.5432678787060623,19.911623790441176,0.9750004341334949,0.9500008243559848,0.24999900000000638,0.500000953777846,0.0,0.0,1100.0,193.4389798490304,193.58609281423966,193.4389798490304,optimal,0.5522802066989243,0.4741761302575469,f10,development
hourly_seed_930087,30a5d85ddcaf337fa0f526323fb887385484e28764f1462e0583db835ec0abd4,930087,0,8,0,perfect_information,7.62374242882287,0.38287899113897195,19.911623790441176,0.9687505315418659,0.9500007507783039,0.249999000000001,0.5000009344152782,0.0,0.0,1100.0,193.4389798490304,193.58609281423966,193.4389798490304,optimal,0.8008814281783998,0.7774485140107572,f10,development
hourly_seed_930086,bec5846ffbe5201900eff16bca09c24e115b5df02cd5336544dd09bd9cd615dd,930086,0,4,0,perfect_information,7.988998159810671,0.4012228356607405,19.911623790441176,0.9625006310863419,0.9500007621726804,0.2499990000000041,0.5000009374138009,0.0,0.0,1100.0,193.4389798490304,193.58609281423966,193.4389798490304,optimal,0.9155281377024949,0.8515720972791314,f10,development
hourly_seed_930086,bec5846ffbe5201900eff16bca09c24e115b5df02cd5336544dd09bd9cd615dd,930086,0,8,0,perfect_information,7.988998159810671,0.4012228356607405,19.911623790441176,0.9687505358147569,0.9500007621726804,0.2499989999999984,0.5000009374138009,0.0,0.0,1100.0,193.4389798490304,193.58609281423966,193.4389798490304,optimal,0.509675876237452,0.5303668328560889,f10,development
hourly_seed_930082,db002fa4c832e51b2bb75c8d29bc2cc3393d27a1f7d9ba17d9a0a32cbed5fb84,930082,0,4,0,perfect_information,11.328238954030915,0.5689259235336286,19.911623790441176,0.9750004371040161,0.9500008322773761,0.2499989999999998,1.0950973188160442,0.0,0.0,1100.0,193.4389798490304,193.58609281423966,193.4389798490304,optimal,0.7666804478503764,0.8156177480705082,f10,development
hourly_seed_930082,db002fa4c832e51b2bb75c8d29bc2cc3393d27a1f7d9ba17d9a0a32cbed5fb84,930082,0,8,0,perfect_information,7.6910752637149375,0.38626057546382203,19.911623790441176,0.96875053236006,0.9500007529601653,0.24999900000000214,1.73037782170332,0.0,0.0,1100.0,193.4389798490304,193.58609281423966,193.4389798490304,optimal,0.9337606900371611,0.7964366902597249,f10,development
hourly_seed_930094,4caafd670473cac15a1c73ca1a56cc3d8210aa7b0f0c39d01f25c91ac035cb57,930094,0,4,0,perfect_information,8.621843896592061,0.43300556435437904,19.911623790441176,0.9750004173609778,0.9500007796292718,0.24999899999999917,0.5000009420076466,0.0,0.0,1100.0,193.4389798490304,193.58609281423966,193.4389798490304,optimal,0.8773961151018739,0.462074336130172,f10,development
hourly_seed_930094,4caafd670473cac15a1c73ca1a56cc3d8210aa7b0f0c39d01f25c91ac035cb57,930094,0,8,0,perfect_information,8.278631975482007,0.41576880231416724,19.911623790441176,0.9687505389349661,0.950000770493238,0.24999900000000935,0.5000009396034297,0.0,0.0,1100.0,193.4389798490304,193.58609281423966,193.4389798490304,optimal,0.45358103374019265,0.5601604348048568,f10,development
hourly_seed_930008,3d10a17bb9873508ab105502de351ad462554c08121c7e091001765365d4671b,930008,0,4,0,perfect_information,18.677376885248183,0.473085195271911,39.47994372242647,0.9750004618522046,0.9500008982725449,0.24999899999999928,0.5000009732295922,0.0,0.0,1100.0,200.10439074112588,200.39608024110973,200.10439074112588,optimal,0.590039408300072,0.4703013547696173,f20,development
hourly_seed_930008,3d10a17bb9873508ab105502de351ad462554c08121c7e091001765365d4671b,930008,0,8,0,perfect_information,18.5630684442615,0.47018984056243224,39.47994372242647,0.9750004680144142,0.9500008976461233,0.2499989999999984,0.5000009730647437,0.0,0.0,1100.0,200.10439074112588,200.39608024110973,200.10439074112588,optimal,0.48401903035119176,0.5057642133906484,f20,development
hourly_seed_930095,d9139b342a45d152885f26072f70d2d3823380d2eabca0a2dbcd3dd871a34885,930095,0,4,0,perfect_information,7.969458661306707,0.4002415245075364,19.911623790441176,0.9625006307947915,0.950000761589583,0.24999900000000133,1.211125489841676,0.0,0.0,1100.0,193.4389798490304,193.58609281423966,193.4389798490304,optimal,0.47561057936400175,0.4692189688794315,f10,development
hourly_seed_930095,d9139b342a45d152885f26072f70d2d3823380d2eabca0a2dbcd3dd871a34885,930095,0,8,0,perfect_information,7.969458661306707,0.4002415245075364,19.911623790441176,0.9605712443651327,0.950000761589583,0.24999900000000172,0.9500008807947915,0.0,1.2505552149377763e-12,1100.0,193.4389798490304,193.58609281423966,193.4389798490304,optimal,0.8202871270477772,0.8184325136244297,f10,development
hourly_seed_930092,266d88bd6714cd6a14da324617e792bd3bc7d6884835b49010d404d8484c3266,930092,0,4,0,perfect_information,7.8003717946533,0.39174965722273064,19.911623790441176,0.9750004086581039,0.950000756421608,0.24999899999999947,0.5000009359003689,0.0,0.0,1100.0,193.4389798490304,193.58609281423966,193.4389798490304,optimal,0.8384932978078723,0.7614888469688594,f10,development
hourly_seed_930092,266d88bd6714cd6a14da324617e792bd3bc7d6884835b49010d404d8484c3266,930092,0,8,0,perfect_information,7.8003717946533,0.39174965722273064,19.911623790441176,0.9687505336581049,0.950000756421608,0.2499990000000043,0.5000009359003689,0.0,0.0,1100.0,193.4389798490304,193.58609281423966,193.4389798490304,optimal,0.5475849979557097,0.5045314352028072,f10,development
hourly_seed_930083,39600613794f93daf8fb9299da54e8f5c30aa5c18bdf8de6c8ff8617418a7ef7,930083,0,4,0,perfect_information,6.9856657068505585,0.3508335523195308,19.911623790441176,0.9625006140070939,0.9500007280141877,0.24999900000000372,0.5000009284247166,0.0,0.0,1100.0,193.4389798490304,193.58609281423966,193.4389798490304,optimal,0.8542845440097153,0.7929182490333915,f10,development
hourly_seed_930083,39600613794f93daf8fb9299da54e8f5c30aa5c18bdf8de6c8ff8617418a7ef7,930083,0,8,0,perfect_information,6.9856657068505585,0.3508335523195308,19.911623790441176,0.9687505230053204,0.9500007280141877,0.24999900000000325,0.5000009284247166,0.0,0.0,1100.0,193.4389798490304,193.58609281423966,193.4389798490304,optimal,0.8737639631144702,0.9134147558361292,f10,development
hourly_seed_930090,7b774cda9c6bec2317cdd7d554cbc193c5dab6ed86e8a76f21f9e4bf8a81b3da,930090,0,4,0,perfect_information,5.898243186244942,0.2962211042314122,19.911623790441176,0.9750003792011914,0.9500006778698404,0.249999000000012,0.5000009152288272,0.0,0.0,1100.0,193.4389798490304,193.58609281423966,193.4389798490304,optimal,0.7364983940497041,0.7393926410004497,f10,development
hourly_seed_930090,7b774cda9c6bec2317cdd7d554cbc193c5dab6ed86e8a76f21f9e4bf8a81b3da,930090,0,8,0,perfect_information,5.898243186244942,0.2962211042314122,19.911623790441176,0.9687505042011926,0.9500006778698404,0.24999900000003356,0.5000009152288272,0.0,0.0,1100.0,193.4389798490304,193.58609281423966,193.4389798490304,optimal,0.7164754518307745,0.8848679410293698,f10,development
hourly_seed_930085,41b1e3c7fed24ead4593e5e73dbd6bcf376faf94a75db269de3c711180bd1b85,930085,0,4,0,perfect_information,9.744969410382673,0.48941108535110367,19.911623790441176,0.9750004268852773,0.9500008050274062,0.2499990000000957,0.5000009486913749,0.0,0.0,1100.0,193.4389798490304,193.58609281423966,193.4389798490304,optimal,0.9337947298772633,0.8314684252254665,f10,development
hourly_seed_930085,41b1e3c7fed24ead4593e5e73dbd6bcf376faf94a75db269de3c711180bd1b85,930085,0,8,0,perfect_information,8.720141051804788,0.43794223633288015,19.911623790441176,0.9650836737660502,0.9500007821133912,0.24999900000000094,0.5000009426613585,0.0,0.0,1100.0,193.4389798490304,193.58609281423966,193.4389798490304,optimal,0.954702468123287,0.7728244662284851,f10,development
hourly_seed_930098,5d182eaa6febbede13d1be63de92e4deedc0af08ac9567e4a64fbce93e1f7052,930098,0,4,0,perfect_information,10.381908265987828,0.5213993783355727,19.911623790441176,0.96250065849457,0.9500008169891399,0.2499989999999984,0.95000090849457,0.0,0.0,1100.0,193.4389798490304,193.58609281423966,193.4389798490304,optimal,0.5193961360491812,0.49828474689275026,f10,development
hourly_seed_930098,5d182eaa6febbede13d1be63de92e4deedc0af08ac9567e4a64fbce93e1f7052,930098,0,8,0,perfect_information,9.550834887996558,0.4796612766750623,19.911623790441176,0.9625006629656341,0.9500008010643065,0.249999000000001,1.6443041522646558,0.0,0.0,1100.0,193.4389798490304,193.58609281423966,193.4389798490304,optimal,0.9085249160416424,0.9733775332570076,f10,development
hourly_seed_930006,64c41d4868e79cc9f43a3fc2f08f705cdfced049001bd46486c5869d7fff8a4d,930006,0,4,0,perfect_information,16.911644611319296,0.4283604032017068,39.47994372242647,0.9750004578692226,0.9500008876512601,0.24999899999999947,0.5000009704345105,0.0,0.0,1100.0,200.10439074112588,200.39608024110973,200.10439074112588,optimal,0.6002603201195598,0.4625502289272845,f20,development
hourly_seed_930006,64c41d4868e79cc9f43a3fc2f08f705cdfced049001bd46486c5869d7fff8a4d,930006,0,8,0,perfect_information,12.726067239223655,0.32234258814291694,39.47994372242647,0.9625006846812457,0.9500008506999903,0.24999900000000497,0.5000009607104818,0.0,0.0,1100.0,200.10439074112588,200.39608024110973,200.10439074112588,optimal,0.6734040980227292,0.5190532235428691,f20,development
hourly_seed_930010,c405d0a133bb9960792753fdce8c402b5d42adca9e277237205518b7544618f5,930010,0,4,0,perfect_information,14.319794245989904,0.36271060431769525,39.47994372242647,0.9500009668290981,0.9500009336581962,0.24999900000000494,0.5000009650832276,0.0,0.0,1100.0,200.10439074112588,200.39608024110973,200.10439074112588,optimal,0.518159297760576,0.46424355916678905,f20,development
hourly_seed_930010,c405d0a133bb9960792753fdce8c402b5d42adca9e277237205518b7544618f5,930010,0,8,0,perfect_information,14.319794245989904,0.36271060431769525,39.47994372242647,0.9500009502436471,0.9500008673163922,0.24999900000000078,0.5000009650832276,0.0,0.0,1100.0,200.10439074112588,200.39608024110973,200.10439074112588,optimal,0.5591733297333121,0.5410969792865217,f20,development
hourly_seed_930093,3cc2c862c1607a06e9b550f80a315eba482a0680430dfd59d61e08f392e87ce1,930093,0,4,0,perfect_information,7.45603965755359,0.37445663578341387,19.911623790441176,0.9500008725863811,0.9500007451727585,0.24999900000004124,0.5440065707206628,0.0,0.0,1100.0,193.4389798490304,193.58609281423966,193.4389798490304,optimal,0.9458554140292108,0.6493972721509635,f10,development
hourly_seed_930093,3cc2c862c1607a06e9b550f80a315eba482a0680430dfd59d61e08f392e87ce1,930093,0,8,0,perfect_information,7.45603965755359,0.37445663578341387,19.911623790441176,0.9687505294397862,0.9500007451727585,0.24999900000000044,0.5000009329401333,0.0,0.0,1100.0,193.4389798490304,193.58609281423966,193.4389798490304,optimal,0.9770333552733064,0.4943522331304848,f10,development
hourly_seed_930097,63d82ab44b33d6cb465ce884b6fa43519aefb30524b987518f5b0f3ceefc3f17,930097,0,4,0,perfect_information,7.6852056025981,0.38596578980602675,19.911623790441176,0.9500008454821787,0.9500007527714858,0.24999903252993563,0.5000009349398084,0.0,0.0,1100.0,193.4389798490304,193.58609281423966,193.4389798490304,optimal,0.7305875280871987,0.7430212339386344,f10,development
hourly_seed_930097,63d82ab44b33d6cb465ce884b6fa43519aefb30524b987518f5b0f3ceefc3f17,930097,0,8,0,perfect_information,6.557936159798482,0.3293521527333547,19.911623790441176,0.9687505163529004,0.9500007102743954,0.24999899999999697,0.5000009237563542,0.0,0.0,1100.0,193.4389798490304,193.58609281423966,193.4389798490304,optimal,0.7969420640729368,0.5520269758999348,f10,development
hourly_seed_930013,39de0ae3b954e6f3a0bc74be2d2d91c9d6ac95cd109ead5286ff016fe5372acd,930013,0,4,0,perfect_information,19.030185042477967,0.4820215848399988,39.47994372242647,0.9750004625594426,0.9500009001585136,0.24999900000001216,1.4126019162700822,0.0,0.0,1100.0,200.10439074112588,200.39608024110973,200.10439074112588,optimal,0.573486756067723,0.45247163716703653,f20,development
hourly_seed_930013,39de0ae3b954e6f3a0bc74be2d2d91c9d6ac95cd109ead5286ff016fe5372acd,930013,0,8,0,perfect_information,12.102595601863543,0.3065504775526997,39.47994372242647,0.9625006813163154,0.950000843008721,0.24999900000001582,0.9500009215043604,0.0,0.0,1100.0,200.10439074112588,200.39608024110973,200.10439074112588,optimal,0.5190088036470115,0.49434933299198747,f20,development
hourly_seed_930009,97dc551febf6ae6974814b53e24e71f83bf3915a09d2ed640354e750d7c06e05,930009,0,4,0,perfect_information,16.35592523341699,0.4142844110521377,39.47994372242647,0.9626140880214185,0.9500008838340239,0.24999900000000058,0.5000009694299777,0.0,0.0,1100.0,200.10439074112588,200.39608024110973,200.10439074112588,optimal,0.6305017350241542,0.5672827288508415,f20,development
hourly_seed_930009,97dc551febf6ae6974814b53e24e71f83bf3915a09d2ed640354e750d7c06e05,930009,0,8,0,perfect_information,16.35592523341699,0.4142844110521377,39.47994372242647,0.9625573972295893,0.9500008838340239,0.24999900000001213,0.5000009694299777,0.0,7.048583938740194e-12,1100.0,200.10439074112588,200.39608024110973,200.10439074112588,optimal,0.5737766288220882,0.5535667049698532,f20,development
hourly_seed_930096,cc0f7c2f6533287602d11bb451994071c64c358486272e0f87bd9e7a8c3d9ea6,930096,0,4,0,perfect_information,10.068557749339638,0.5056623133957149,19.911623790441176,0.9625006556467665,0.9500008112935329,0.24999900000000264,0.50000095034036,0.0,0.0,1100.0,193.4389798490304,193.58609281423966,193.4389798490304,optimal,0.5227391268126667,0.7347757131792605,f10,development
hourly_seed_930096,cc0f7c2f6533287602d11bb451994071c64c358486272e0f87bd9e7a8c3d9ea6,930096,0,8,0,perfect_information,7.53958388176752,0.37865238722454125,19.911623790441176,0.9625101425103848,0.9500007479964423,0.2499990000000124,0.5000009336832032,0.0,0.0,1100.0,193.4389798490304,193.58609281423966,193.4389798490304,optimal,0.8042853479273617,0.9695621794089675,f10,development
hourly_seed_930089,cde9bc543c0d6d8e66d96d12e7f5cf45820677a45b58866c0d0badf0e76d1bb8,930089,0,4,0,perfect_information,10.34547875763738,0.519569818439612,19.911623790441176,0.975000431129264,0.9500008163447041,0.24999900000000302,1.2225728364636137,0.0,0.0,1100.0,193.4389798490304,193.58609281423966,193.4389798490304,optimal,0.9861992499791086,0.7545365928672254,f10,development
hourly_seed_930089,cde9bc543c0d6d8e66d96d12e7f5cf45820677a45b58866c0d0badf0e76d1bb8,930089,0,8,0,perfect_information,8.076973416933217,0.4056411220872237,19.911623790441176,0.9625006470838675,0.9500007647631209,0.24999899999999933,1.283486162862473,0.0,0.0,1100.0,193.4389798490304,193.58609281423966,193.4389798490304,optimal,0.8919888236559927,0.8403647989034653,f10,development
hourly_seed_930011,e354f110f2e11b052d728122510c9ab237ad50f3ec0e0cc06fc8887970f17be0,930011,0,4,0,perfect_information,17.39591811241494,0.44062672010682824,39.47994372242647,0.9625006953894313,0.9500008907788626,0.24999900000000028,0.5000009712575675,0.0,0.0,1100.0,200.10439074112588,200.39608024110973,200.10439074112588,optimal,0.5337742948904634,0.5134820998646319,f20,development
hourly_seed_930011,e354f110f2e11b052d728122510c9ab237ad50f3ec0e0cc06fc8887970f17be0,930011,0,8,0,perfect_information,16.51350469222604,0.418275791078334,39.47994372242647,0.968980770480086,0.9500008849425331,0.24999900000000036,0.5000009697216884,0.0,1.7053025658242404e-12,1100.0,200.10439074112588,200.39608024110973,200.10439074112588,optimal,0.5751813878305256,0.499334922991693,f20,development
hourly_seed_930014,b5b80d9fb1d7278ed872d5308a8ac95fa058dec4302cd2f6436e554dce36548b,930014,0,4,0,perfect_information,14.793020827855885,0.3746971103064859,39.47994372242647,0.9707195107978998,0.9500008715609215,0.24999900000000097,0.5000009662002071,0.0,0.0,1100.0,200.10439074112588,200.39608024110973,200.10439074112588,optimal,0.5400169133208692,0.5745527427643538,f20,development
hourly_seed_930014,b5b80d9fb1d7278ed872d5308a8ac95fa058dec4302cd2f6436e554dce36548b,930014,0,8,0,perfect_information,14.793020827855885,0.3746971103064859,39.47994372242647,0.9750004598627879,0.9500008715609215,0.24999900000000178,0.5000009662002071,0.0,0.0,1100.0,200.10439074112588,200.39608024110973,200.10439074112588,optimal,0.45878441631793976,0.5137524823658168,f20,development
hourly_seed_930012,0c2f1c725ada836c5b2dbffe07042bd1959f588f660f49231f830473bd5e41a9,930012,0,4,0,perfect_information,18.821793756209967,0.47674317594121346,39.47994372242647,0.9736972306845081,0.9500008990530848,0.2499990000000004,0.5000009734349962,0.0,0.0,1100.0,200.10439074112588,200.39608024110973,200.10439074112588,optimal,0.4817326059564948,0.5410145479254425,f20,development
hourly_seed_930012,0c2f1c725ada836c5b2dbffe07042bd1959f588f660f49231f830473bd5e41a9,930012,0,8,0,perfect_information,13.829086787127885,0.35028131965832343,39.47994372242647,0.9625006898911238,0.95000086260828,0.2499990000000002,0.5000009638442486,0.0,0.0,1100.0,200.10439074112588,200.39608024110973,200.10439074112588,optimal,0.6747801671735942,0.5536858257837594,f20,development
hourly_seed_930000,0c2410a244909eafe4a6e6bc8e21ca4fcdae29f68f8cd2ede85a4d9dde12461d,930000,0,4,0,perfect_information,16.025239987808256,0.405908379720034,39.47994372242647,0.9750004555388414,0.9500008814369105,0.24999899999999942,0.5000009687991587,0.0,1.4779288903810084e-12,1100.0,200.10439074112588,200.39608024110973,200.10439074112588,optimal,0.8174930391833186,0.7681691171601415,f20,development
hourly_seed_930000,0c2410a244909eafe4a6e6bc8e21ca4fcdae29f68f8cd2ede85a4d9dde12461d,930000,0,8,0,perfect_information,14.73514506980962,0.37323115689851816,39.47994372242647,0.9687505766461675,0.9500008710564468,0.24999900000000141,0.5000009660674537,0.0,0.0,1100.0,200.10439074112588,200.39608024110973,200.10439074112588,optimal,0.8084089341573417,0.7415748653002083,f20,development
hourly_seed_930099,97cc8466ad5193485a997e1463263fc3c176246bf15e30ff89a652a96dd5a0ab,930099,0,4,0,perfect_information,6.95665128543542,0.34937639233496603,19.911623790441176,0.9750003975799265,0.9500007268798041,0.2499989999999994,0.5000009281261959,0.0,0.0,1100.0,193.4389798490304,193.58609281423966,193.4389798490304,optimal,0.720469965133816,0.7454841290600598,f10,development
hourly_seed_930099,97cc8466ad5193485a997e1463263fc3c176246bf15e30ff89a652a96dd5a0ab,930099,0,8,0,perfect_information,6.95665128543542,0.34937639233496603,19.911623790441176,0.9687505225799266,0.9500007268798041,0.24999900000000355,0.5000009281261959,0.0,0.0,1100.0,193.4389798490304,193.58609281423966,193.4389798490304,optimal,0.8535154992714524,0.903520424850285,f10,development
hourly_seed_930003,767d5b4904c223ee4cef66eac47fb13fd34f3e9080b47fa93bfdd2b65eb696aa,930003,0,4,0,perfect_information,16.07494563261105,0.4071673897417367,39.47994372242647,0.9625006909017608,0.9500008818035218,0.24999900000000136,0.5000009688956313,0.0,0.0,1100.0,200.10439074112588,200.39608024110973,200.10439074112588,optimal,0.8740146742202342,0.8184845647774637,f20,development
hourly_seed_930003,767d5b4904c223ee4cef66eac47fb13fd34f3e9080b47fa93bfdd2b65eb696aa,930003,0,8,0,perfect_information,15.756329719995405,0.399097066368032,39.47994372242647,0.9687505797800313,0.9500008794134169,0.24999900000000044,0.5000009682666605,0.0,0.0,1100.0,200.10439074112588,200.39608024110973,200.10439074112588,optimal,0.7967979931272566,0.49126019375398755,f20,development
hourly_seed_930021,9bc172632fb43a92c8ff2ad91c5454b61b37ccdcba159ef944e0b8fdb1ca3caa,930021,0,4,0,perfect_information,17.690819439562034,0.4480963692334955,39.47994372242647,0.9625006962997751,0.9500008925995502,0.2499989999999999,0.5000009717366981,0.0,0.0,1100.0,200.10439074112588,200.39608024110973,200.10439074112588,optimal,0.48394939908757806,0.5432919817976654,f20,development
hourly_seed_930021,9bc172632fb43a92c8ff2ad91c5454b61b37ccdcba159ef944e0b8fdb1ca3caa,930021,0,8,0,perfect_information,17.690819439562034,0.4480963692334955,39.47994372242647,0.9660617342534966,0.9500008925995502,0.24999900000000164,0.5000009717366981,0.0,0.0,1100.0,200.10439074112588,200.39608024110973,200.10439074112588,optimal,0.5801956877112389,0.5863632657565176,f20,development
hourly_seed_930023,b4c45d997a423b276641319942f2eb7ebe3dc23722b4f0543f604da53a8f5220,930023,0,4,0,perfect_information,16.19013583016067,0.41008507874249855,39.47994372242647,0.9750004559916756,0.950000882644467,0.24999900000000125,0.5000009691169326,0.0,0.0,1100.0,200.10439074112588,200.39608024110973,200.10439074112588,optimal,0.5089861918240786,0.548060851637274,f20,development
hourly_seed_930023,b4c45d997a423b276641319942f2eb7ebe3dc23722b4f0543f604da53a8f5220,930023,0,8,0,perfect_information,13.1656414063476,0.3334767014591486,39.47994372242647,0.9625006868621064,0.9500008556848116,0.249999000000001,0.5000009620222865,0.0,4.320099833421409e-12,1100.0,200.10439074112588,200.39608024110973,200.10439074112588,optimal,0.5024171019904315,0.49500242713838816,f20,development
hourly_seed_930001,04d5562cda5acdb80a5babf2076251dc7d07df3563f7b17a1b87b1bcbcf2fa0f,930001,0,4,0,perfect_information,13.705980202252402,0.34716311397543254,39.47994372242647,0.9625006806871176,0.950000861374233,0.2499990000000015,0.5000009635194993,0.0,0.0,1100.0,200.10439074112588,200.39608024110973,200.10439074112588,optimal,0.785508852917701,0.7890031551942229,f20,development
hourly_seed_930001,04d5562cda5acdb80a5babf2076251dc7d07df3563f7b17a1b87b1bcbcf2fa0f,930001,0,8,0,perfect_information,13.705980202252402,0.34716311397543254,39.47994372242647,0.9594181381574175,0.950000861374233,0.249999000000006,0.5000009635194993,0.0,0.0,1100.0,200.10439074112588,200.39608024110973,200.10439074112588,optimal,0.9249947261996567,0.8072255370207131,f20,development
hourly_seed_930002,3c240808f1cbc1fea901b775bc3913b438b03dd64ca440ba21f8fc7c1add61bc,930002,0,4,0,perfect_information,18.511176181198554,0.4688754449941967,39.47994372242647,0.9750004615096985,0.9500008973591954,0.24999899999999908,0.500000972989236,0.0,0.0,1100.0,200.10439074112588,200.39608024110973,200.10439074112588,optimal,0.9650479513220489,0.7396467132493854,f20,development
hourly_seed_930002,3c240808f1cbc1fea901b775bc3913b438b03dd64ca440ba21f8fc7c1add61bc,930002,0,8,0,perfect_information,14.712428921671508,0.37265577238688297,39.47994372242647,0.959732852390443,0.9500008708573527,0.24999900000000105,0.5790804773089295,0.0,0.0,1100.0,200.10439074112588,200.39608024110973,200.10439074112588,optimal,0.9070238159038126,0.5452686850912869,f20,development
hourly_seed_930017,90993eba108c7b488e757a1a62d966d1f4820e29237f82989242f050d349f630,930017,0,4,0,perfect_information,18.252504084401917,0.4623234575188524,39.47994372242647,0.9625006979522932,0.9500008959045864,0.2499990000000002,0.5000009726064444,0.0,0.0,1100.0,200.10439074112588,200.39608024110973,200.10439074112588,optimal,0.581663987133652,0.5948967081494629,f20,development
hourly_seed_930017,90993eba108c7b488e757a1a62d966d1f4820e29237f82989242f050d349f630,930017,0,8,0,perfect_information,18.252504084401917,0.4623234575188524,39.47994372242647,0.9672919704352456,0.9500008959045864,0.24999900000000122,0.5000009726064444,0.0,7.16227077646181e-12,1100.0,200.10439074112588,200.39608024110973,200.10439074112588,optimal,0.7196795311756432,0.489851085934788,f20,development
hourly_seed_930005,43495e28a3e7262f7de7488523386c1c173205cb4353ee66956648950bfaff0b,930005,0,4,0,perfect_information,19.35757610384083,0.4903141767358907,39.47994372242647,0.9750004631926669,0.9500009018471108,0.24999900000000053,0.5000009741702675,0.0,0.0,1100.0,200.10439074112588,200.39608024110973,200.10439074112588,optimal,0.8562786662951112,0.7608286230824888,f20,development
hourly_seed_930005,43495e28a3e7262f7de7488523386c1c173205cb4353ee66956648950bfaff0b,930005,0,8,0,perfect_information,14.43297878584172,0.36557749137932805,39.47994372242647,0.958617248421563,0.9500008683569034,0.24999900000000103,0.5000009653570482,0.0,0.0,1100.0,200.10439074112588,200.39608024110973,200.10439074112588,optimal,0.8277387623675168,0.9034725450910628,f20,development
hourly_seed_930026,5b67a66ea0e0a4652d6da8c2a54e754b0149612a78bb3f1d5870e3823689cb2c,930026,0,4,0,perfect_information,14.655857771385103,0.3712228638021053,39.47994372242647,0.9750004513845762,0.95000087035887,0.24999900000000197,0.5000009658838828,0.0,2.2737367544323206e-12,1100.0,200.10439074112588,200.39608024110973,200.10439074112588,optimal,0.5310087869875133,0.44810522999614477,f20,development
hourly_seed_930026,5b67a66ea0e0a4652d6da8c2a54e754b0149612a78bb3f1d5870e3823689cb2c,930026,0,8,0,perfect_information,14.655857771385103,0.3712228638021053,39.47994372242647,0.9676140813843666,0.95000087035887,0.24999900000000083,0.5000009658838828,0.0,0.0,1100.0,200.10439074112588,200.39608024110973,200.10439074112588,optimal,0.48358900798484683,0.5143039650283754,f20,development
hourly_seed_930007,89a989485c04d8e4a983f4ebfb02715571be18d1b8c67a76bc49d4aaf91f9a89,930007,0,4,0,perfect_information,15.137705273643295,0.38342773181422657,39.47994372242647,0.962500687242734,0.9500008744854662,0.24999900000000086,0.5000009669698291,0.0,5.684341886080801e-13,1100.0,200.10439074112588,200.39608024110973,200.10439074112588,optimal,0.9225170109421015,0.805542035959661,f20,development
hourly_seed_930007,89a989485c04d8e4a983f4ebfb02715571be18d1b8c67a76bc49d4aaf91f9a89,930007,0,8,0,perfect_information,13.494202517630224,0.3417989299200769,39.47994372242647,0.9625006883994078,0.9500008591986435,0.24999899999999967,0.5000009629469748,0.0,5.5706550483591855e-12,1100.0,200.10439074112588,200.39608024110973,200.10439074112588,optimal,0.7846597982570529,0.7730870782397687,f20,development
hourly_seed_930019,443ecece0ce63765378d1f780205118f8cf1a55125b2f38db04d957f1ce46a89,930019,0,4,0,perfect_information,19.28827883598353,0.4885589242881032,39.47994372242647,0.9625007007472394,0.9500009014944787,0.24999899999999917,0.500000974077469,0.0,0.0,1100.0,200.10439074112588,200.39608024110973,200.10439074112588,optimal,0.5166941699571908,0.4699847539886832,f20,development
hourly_seed_930019,443ecece0ce63765378d1f780205118f8cf1a55125b2f38db04d957f1ce46a89,930019,0,8,0,perfect_information,17.35352917844419,0.4395530373713924,39.47994372242647,0.9687505839420267,0.9500008905120715,0.24999900000000014,0.5000009711873623,0.0,0.0,1100.0,200.10439074112588,200.39608024110973,200.10439074112588,optimal,0.8616189588792622,0.8845437387935817,f20,development
hourly_seed_930015,2ccd6ed5c7c69655b05844c4a58604417e366a3974c0d6eb71c65a3873851b97,930015,0,4,0,perfect_information,13.043992921699791,0.33039542845878445,39.47994372242647,0.9750004453770977,0.950000854338926,0.24999900000001024,0.9500009271694652,0.0,0.0,1100.0,200.10439074112588,200.39608024110973,200.10439074112588,optimal,0.6028116359375417,0.7230986221693456,f20,development
hourly_seed_930015,2ccd6ed5c7c69655b05844c4a58604417e366a3974c0d6eb71c65a3873851b97,930015,0,8,0,perfect_information,13.043992921699791,0.33039542845878445,39.47994372242647,0.9500009544809158,0.9500009271694652,0.24999900000241262,0.9500009271694652,0.0,0.0,1100.0,200.10439074112588,200.39608024110973,200.10439074112588,optimal,0.8530828873626888,0.8064172808080912,f20,development
hourly_seed_930022,65dac48a9a5c5aa2628c459fedc1f71f9fe4dd6fceabd8d54e937f0ebf775970,930022,0,4,0,perfect_information,17.762368202021733,0.44990865050123846,39.47994372242647,0.9750004598870642,0.9500008930321712,0.24999900000000083,0.500000971850544,0.0,0.0,1100.0,200.10439074112588,200.39608024110973,200.10439074112588,optimal,0.7354047573171556,0.582828514277935,f20,development
hourly_seed_930022,65dac48a9a5c5aa2628c459fedc1f71f9fe4dd6fceabd8d54e937f0ebf775970,930022,0,8,0,perfect_information,17.426336571466038,0.44139719889132106,39.47994372242647,0.968750584113567,0.9500008909695098,0.24999899999999986,0.5000009713077358,0.0,0.0,1100.0,200.10439074112588,200.39608024110973,200.10439074112588,optimal,0.6870133220218122,0.5287936027161777,f20,development
hourly_seed_930004,b06dcd6a5887b5af60141c94b2da7d427d315791a21f8f9f61492664163a956b,930004,0,4,0,perfect_information,20.07821920368281,0.508567574078821,39.47994372242647,0.9502776604130068,0.9500009053699932,0.24999900000000277,0.5000009750973431,0.0,0.0,1100.0,200.10439074112588,200.39608024110973,200.10439074112588,optimal,0.9574105851352215,0.7997186011634767,f20,development
hourly_seed_930004,b06dcd6a5887b5af60141c94b2da7d427d315791a21f8f9f61492664163a956b,930004,0,8,0,perfect_information,12.560722279929617,0.31815451329517813,39.47994372242647,0.9625006838214121,0.9500008487346526,0.2499990000000382,0.5000009601932921,0.0,1.1368683772161603e-13,1100.0,200.10439074112588,200.39608024110973,200.10439074112588,optimal,0.9692054269835353,0.9320861510932446,f20,development
hourly_seed_930028,34f5e9150c8548bee3be9e5ca78d89f68ba7bd6e2a769d8353da9fb0d2198f6c,930028,0,4,0,perfect_information,19.26494140336712,0.48796780306512255,39.47994372242647,0.9625007006875748,0.9500009013751497,0.2499989999999996,0.5000009740460662,0.0,0.0,1100.0,200.10439074112588,200.39608024110973,200.10439074112588,optimal,0.5030540260486305,0.4668593951500952,f20,development
hourly_seed_930028,34f5e9150c8548bee3be9e5ca78d89f68ba7bd6e2a769d8353da9fb0d2198f6c,930028,0,8,0,perfect_information,17.772823604865597,0.45017347871166785,39.47994372242647,0.9687505849106612,0.950000893095095,0.24999900000000047,0.5000009718671017,0.0,0.0,1100.0,200.10439074112588,200.39608024110973,200.10439074112588,optimal,0.5750079057179391,0.5669178469106555,f20,development
hourly_seed_930025,7c63fbf8044bfbe358b922472253e0ead52add2a5b47bba8f8623a0a722c5e41,930025,0,4,0,perfect_information,16.140311090507176,0.40882305212959863,39.47994372242647,0.9625006911410976,0.9500008822821935,0.24999899999999897,0.5000009690215992,0.0,0.0,1100.0,200.10439074112588,200.39608024110973,200.10439074112588,optimal,0.5372474151663482,0.45648448122665286,f20,development
hourly_seed_930025,7c63fbf8044bfbe358b922472253e0ead52add2a5b47bba8f8623a0a722c5e41,930025,0,8,0,perfect_information,15.718280749151731,0.39813331193334517,39.47994372242647,0.9687505796705678,0.9500008791215115,0.24999900000000072,0.5000009681898399,0.0,0.0,1100.0,200.10439074112588,200.39608024110973,200.10439074112588,optimal,0.8425259031355381,0.6942546148784459,f20,development
hourly_seed_930016,863dba54e2ed6961595842ca1d2384551c5bf87c664cb352927991292f53b1a6,930016,0,4,0,perfect_information,19.715444939024366,0.49937874981886216,39.47994372242647,0.9750004638607827,0.9500009036287528,0.24999900000002617,0.500000974639119,0.0,0.0,1100.0,200.10439074112588,200.39608024110973,200.10439074112588,optimal,0.8265593652613461,0.7881847792305052,f20,development
hourly_seed_930016,863dba54e2ed6961595842ca1d2384551c5bf87c664cb352927991292f53b1a6,930016,0,8,0,perfect_information,17.54280518321207,0.4443472692502074,39.47994372242647,0.9687505843850165,0.9500008916933752,0.24999900000000033,0.5000009714982301,0.0,0.0,1100.0,200.10439074112588,200.39608024110973,200.10439074112588,optimal,0.7940671560354531,0.5320017831400037,f20,development
hourly_seed_930030,992e7a45ffa18884b61e842d6b2932bc92081e9c6e72cc77afe8e2c10e0547cd,930030,0,4,0,perfect_information,20.52282204375115,0.5198290602449167,39.47994372242647,0.950000976855011,0.950000953710022,0.24999899999999975,0.5000009756368302,0.0,9.094947017729282e-13,1100.0,200.10439074112588,200.39608024110973,200.10439074112588,optimal,0.6860871962271631,0.4721082067117095,f20,development
hourly_seed_930030,992e7a45ffa18884b61e842d6b2932bc92081e9c6e72cc77afe8e2c10e0547cd,930030,0,8,0,perfect_information,20.52282204375115,0.5198290602449167,39.47994372242647,0.9687505902825161,0.9500009074200412,0.249999,0.5000009756368302,0.0,0.0,1100.0,200.10439074112588,200.39608024110973,200.10439074112588,optimal,0.5763943148776889,0.5001106788404286,f20,development
hourly_seed_930020,834d3ce53993407d5c26e6e52b43c282fc6c2b2985f2ad7435d8be251fcb9f87,930020,0,4,0,perfect_information,10.050359058762776,0.2545687280970894,39.47994372242647,0.9750004291069359,0.950000810951827,0.2499990000000005,0.5000009502504342,0.0,0.0,1100.0,200.10439074112588,200.39608024110973,200.10439074112588,optimal,0.7877925080247223,0.7703735209070146,f20,development
hourly_seed_930020,834d3ce53993407d5c26e6e52b43c282fc6c2b2985f2ad7435d8be251fcb9f87,930020,0,8,0,perfect_information,10.050359058762776,0.2545687280970894,39.47994372242647,0.9687505541069367,0.950000810951827,0.24999900000000222,0.5000009502504342,0.0,4.433786671143025e-12,1100.0,200.10439074112588,200.39608024110973,200.10439074112588,optimal,0.8323027091100812,0.6337505858391523,f20,development
hourly_seed_930018,b9409b53c718ec40fab0f40c93c08b7c7048867e41edf5b28a1fcb0b7e095d4f,930018,0,4,0,perfect_information,16.95887703068127,0.42955676811281335,39.47994372242647,0.9625006939820813,0.9500008879641609,0.24999899999999967,0.6448902183578423,0.0,0.0,1100.0,200.10439074112588,200.39608024110973,200.10439074112588,optimal,0.9492374351248145,0.7779739079996943,f20,development
hourly_seed_930018,b9409b53c718ec40fab0f40c93c08b7c7048867e41edf5b28a1fcb0b7e095d4f,930018,0,8,0,perfect_information,16.95887703068127,0.42955676811281335,39.47994372242647,0.9577759695407243,0.9500008879641609,0.24999900000000036,0.500000970516856,0.0,0.0,1100.0,200.10439074112588,200.39608024110973,200.10439074112588,optimal,0.9813218908384442,0.6317738341167569,f20,development
hourly_seed_930034,47c7ac7e20faed2c1b2d04d6deebf2027c945e0c06f4a2bd66ca1295a1c87b0c,930034,0,4,0,perfect_information,15.291137121866573,0.3873140556981211,39.47994372242647,0.9659998152544808,0.9500008757448838,0.24999900000000108,0.5000009673012555,0.0,0.0,1100.0,200.10439074112588,200.39608024110973,200.10439074112588,optimal,0.48702867794781923,0.5151828010566533,f20,development
hourly_seed_930034,47c7ac7e20faed2c1b2d04d6deebf2027c945e0c06f4a2bd66ca1295a1c87b0c,930034,0,8,0,perfect_information,15.291137121866573,0.3873140556981211,39.47994372242647,0.9625006956383878,0.9500008757448838,0.2499990000000523,0.5000009673012555,0.0,0.0,1100.0,200.10439074112588,200.39608024110973,200.10439074112588,optimal,0.5154013819992542,0.6483448049984872,f20,development
hourly_seed_930024,155d568c3bd2b4cf988ae6f4fe34a8e61c03936bd0478c35c2c1a106a2e6c2b6,930024,0,4,0,perfect_information,15.58840849730207,0.39484373652860905,39.47994372242647,0.9625006890572171,0.9500008781144323,0.24999900000000083,0.500000967924819,0.0,0.0,1100.0,200.10439074112588,200.39608024110973,200.10439074112588,optimal,0.8945551211945713,0.7562252236530185,f20,development
hourly_seed_930024,155d568c3bd2b4cf988ae6f4fe34a8e61c03936bd0478c35c2c1a106a2e6c2b6,930024,0,8,0,perfect_information,15.58840849730207,0.39484373652860905,39.47994372242647,0.9666868175502602,0.9500008781144323,0.24999899999999922,0.500000967924819,0.0,6.366462912410498e-12,1100.0,200.10439074112588,200.39608024110973,200.10439074112588,optimal,0.7969260830432177,0.8061886890791357,f20,development
hourly_seed_930032,a51e63ac560da1b613e66c1b1ecc1dcc288f36bce419df01f84ae6ba02aa2c12,930032,0,4,0,perfect_information,17.100641257497568,0.43314755911831754,39.47994372242647,0.975000458334852,0.9500008888929373,0.24999899999999983,0.5000009707612704,0.0,0.0,1100.0,200.10439074112588,200.39608024110973,200.10439074112588,optimal,0.8109278092160821,0.6560990028083324,f20,development
hourly_seed_930032,a51e63ac560da1b613e66c1b1ecc1dcc288f36bce419df01f84ae6ba02aa2c12,930032,0,8,0,perfect_information,16.471559417309514,0.41721334592361364,39.47994372242647,0.9687505817435769,0.9500008846495361,0.24999900000000985,0.5000009696445871,0.0,0.0,1100.0,200.10439074112588,200.39608024110973,200.10439074112588,optimal,0.5895787049084902,0.8293549502268434,f20,development
hourly_seed_930029,19d0c2f2f33843228a93a3f3f4acd8211e6ade9224e15c8d008ca8637399d37a,930029,0,4,0,perfect_information,17.914284964568584,0.4537565983001243,39.47994372242647,0.9625006969696399,0.9500008939392799,0.24999900000001796,0.5000009720892549,0.0,0.0,1100.0,200.10439074112588,200.39608024110973,200.10439074112588,optimal,0.8282930846326053,0.5042002033442259,f20,development
hourly_seed_930029,19d0c2f2f33843228a93a3f3f4acd8211e6ade9224e15c8d008ca8637399d37a,930029,0,8,0,perfect_information,13.294371781001766,0.33673735389470516,39.47994372242647,0.9750004553381963,0.9500008570822261,0.2499990000000552,0.5000009623900257,0.0,0.0,1100.0,200.10439074112588,200.39608024110973,200.10439074112588,optimal,0.7617226089350879,0.7730444762855768,f20,development
hourly_seed_930036,ec6ef476e7276921a616a9e754d1929c56ba407584236dfe6adc107d6b965e4a,930036,0,4,0,perfect_information,20.471631056494076,0.5185324275137004,39.47994372242647,0.958987841560194,0.9500009071885375,0.2499989999999992,0.5000009755759088,0.0,0.0,1100.0,200.10439074112588,200.39608024110973,200.10439074112588,optimal,0.4910487327724695,0.6103034219704568,f20,development
hourly_seed_930036,ec6ef476e7276921a616a9e754d1929c56ba407584236dfe6adc107d6b965e4a,930036,0,8,0,perfect_information,16.254541298554326,0.4117164252521713,39.47994372242647,0.9562508165547333,0.9500008831094656,0.2499990000000013,0.5000009692393061,0.0,0.0,1100.0,200.10439074112588,200.39608024110973,200.10439074112588,optimal,0.5564235518686473,0.6972298822365701,f20,development
hourly_seed_930027,06b531f0989f9e988227bc8acba5303e60da85eadc755fcdecf96a0d9f1425dd,930027,0,4,0,perfect_information,20.423650209606148,0.5173171054447211,39.47994372242647,0.9750004651139377,0.9500009069705002,0.2499989999999995,0.5000009755185313,0.0,0.0,1100.0,200.10439074112588,200.39608024110973,200.10439074112588,optimal,0.7114208610728383,0.8275530110113323,f20,development
hourly_seed_930027,06b531f0989f9e988227bc8acba5303e60da85eadc755fcdecf96a0d9f1425dd,930027,0,8,0,perfect_information,19.816305442961465,0.5019334774711157,39.47994372242647,0.9625007080521775,0.9500009041192606,0.2499989999999995,0.5000009747682052,0.0,0.0,1100.0,200.10439074112588,200.39608024110973,200.10439074112588,optimal,0.9472489221952856,0.8659092430025339,f20,development
hourly_seed_930039,5e49613d8961add345e0c1ae7c705a305bbb55b030b191cd1f61bdc1c415fb57,930039,0,4,0,perfect_information,14.521993037414173,0.36783216155308235,39.47994372242647,0.9625006845819097,0.9500008691638253,0.24999900000003547,0.7832916526302028,0.0,0.0,1100.0,200.10439074112588,200.39608024110973,200.10439074112588,optimal,0.5959685840643942,0.5616615251637995,f20,development
hourly_seed_930039,5e49613d8961add345e0c1ae7c705a305bbb55b030b191cd1f61bdc1c415fb57,930039,0,8,0,perfect_information,13.683971764536402,0.34660565528524956,39.47994372242647,0.9687505729317295,0.950000861151276,0.2499990000000317,0.5135551629676499,0.0,0.0,1100.0,200.10439074112588,200.39608024110973,200.10439074112588,optimal,0.5553771047852933,0.5363501808606088,f20,development
hourly_seed_930031,adf7d8d060f533f8114b4e05fa3c7970f58decd906062472037d159a536486d9,930031,0,4,0,perfect_information,13.618936314226334,0.34495835176406636,39.47994372242647,0.9750004476830837,0.9500008604882221,0.2499990000000018,0.5000009632863393,0.0,0.0,1100.0,200.10439074112588,200.39608024110973,200.10439074112588,optimal,0.9345025951042771,0.5778521737083793,f20,development
hourly_seed_930031,adf7d8d060f533f8114b4e05fa3c7970f58decd906062472037d159a536486d9,930031,0,8,0,perfect_information,13.618936314226334,0.34495835176406636,39.47994372242647,0.9625006889635984,0.9500008604882221,0.2499989999999994,0.5000009632863393,0.0,0.0,1100.0,200.10439074112588,200.39608024110973,200.10439074112588,optimal,0.8585230801254511,0.7986912927590311,f20,development
hourly_seed_930043,e4e1f2b3a0f29741532e486fd758ff267d65bcd080c6d05bd1b18e8960f3f882,930043,0,4,0,perfect_information,26.35423549207693,0.6675347786047244,39.47994372242647,0.975000472964469,0.9500009279052499,0.2499990000000007,0.5000009810276806,0.0,0.0,1100.0,200.10439074112588,200.39608024110973,200.10439074112588,optimal,0.541997694876045,0.45763680897653103,f20,development
hourly_seed_930043,e4e1f2b3a0f29741532e486fd758ff267d65bcd080c6d05bd1b18e8960f3f882,930043,0,8,0,perfect_information,18.813382674710322,0.47653012899366,39.47994372242647,0.9687505871279833,0.9500008990079535,0.2499990000000075,0.5000009734231211,0.0,1.1368683772161603e-12,1100.0,200.10439074112588,200.39608024110973,200.10439074112588,optimal,0.7434997349046171,0.5522486381232738,f20,development
hourly_seed_930052,9701966a0ae1120a0dfd08b694495baff4b8d8d24642f5bcec5b773dbd5c0476,930052,0,4,0,perfect_information,20.02504787789912,0.5072207807257828,39.47994372242647,0.9625007025593646,0.9500009051187278,0.2499990000000002,0.5000009750312185,0.0,0.0,1100.0,200.10439074112588,200.39608024110973,200.10439074112588,optimal,0.5061591160483658,0.5420943750068545,f20,development
hourly_seed_930052,9701966a0ae1120a0dfd08b694495baff4b8d8d24642f5bcec5b773dbd5c0476,930052,0,8,0,perfect_information,15.086586070185968,0.38213291731761195,39.47994372242647,0.9687505777725652,0.9500008740601743,0.24999900000000067,0.5000009668579114,0.0,0.0,1100.0,200.10439074112588,200.39608024110973,200.10439074112588,optimal,0.563582275994122,0.5249477508477867,f20,development
hourly_seed_930046,cf159a349ecd5de72f2a88b6a6abefd5fc8e0d1fe79d88bd251d70c182650ca7,930046,0,4,0,perfect_information,17.26556963800062,0.4373250823099062,39.47994372242647,0.9750004587328559,0.9500008899542813,0.24999900000000058,0.9500009449771423,0.0,0.0,1100.0,200.10439074112588,200.39608024110973,200.10439074112588,optimal,0.5489696371369064,0.4915687972679734,f20,development
hourly_seed_930046,cf159a349ecd5de72f2a88b6a6abefd5fc8e0d1fe79d88bd251d70c182650ca7,930046,0,8,0,perfect_information,14.743334245650708,0.37343858312735634,39.47994372242647,0.9687505766730251,0.9500008711280646,0.24999900000000053,0.9500009355640342,0.0,0.0,1100.0,200.10439074112588,200.39608024110973,200.10439074112588,optimal,0.5333625911734998,0.4734221356920898,f20,development
hourly_seed_930041,d9047104a8fa356df53baa2c72a4ca2a1eec6f64cf44200a391843c8c1080b3b,930041,0,4,0,perfect_information,15.711374018278443,0.39795836915931676,39.47994372242647,0.9625006895341875,0.9500008790683733,0.24999900000000186,0.5000009681758607,0.0,0.0,1100.0,200.10439074112588,200.39608024110973,200.10439074112588,optimal,0.5804919702932239,0.44935159804299474,f20,development
hourly_seed_930041,d9047104a8fa356df53baa2c72a4ca2a1eec6f64cf44200a391843c8c1080b3b,930041,0,8,0,perfect_information,15.711374018278443,0.39795836915931676,39.47994372242647,0.9687505796506409,0.9500008790683733,0.24999900000000003,0.5000009681758607,0.0,7.958078640513122e-13,1100.0,200.10439074112588,200.39608024110973,200.10439074112588,optimal,0.8914874899201095,0.7697824067436159,f20,development
hourly_seed_930033,91513eef0d36efccc9c7f9255056e4eba15942a0e68017f08df5b1e374744345,930033,0,4,0,perfect_information,15.272714495671392,0.3868474231637714,39.47994372242647,0.9646642844035682,0.9500008755950018,0.24999900000000105,0.5000009672618108,0.0,0.0,1100.0,200.10439074112588,200.39608024110973,200.10439074112588,optimal,0.7106572459451854,0.7746410169638693,f20,development
hourly_seed_930033,91513eef0d36efccc9c7f9255056e4eba15942a0e68017f08df5b1e374744345,930033,0,8,0,perfect_information,15.272714495671392,0.3868474231637714,39.47994372242647,0.9521645603264713,0.9500008755950018,0.24999900000000122,0.5000009672618108,0.0,1.4779288903810084e-12,1100.0,200.10439074112588,200.39608024110973,200.10439074112588,optimal,0.7903242008760571,0.9740012572146952,f20,development
hourly_seed_930048,19fa67f090585a605aa60cc1ec2a36fabe3e5301063bb4ab030e1955b22f3204,930048,0,4,0,perfect_information,17.455547455246403,0.44213709061927636,39.47994372242647,0.9625006955759847,0.9500008911519695,0.24999900000000028,0.5000009713557563,0.0,0.0,1100.0,200.10439074112588,200.39608024110973,200.10439074112588,optimal,0.5173969236202538,0.8018821538425982,f20,development
hourly_seed_930048,19fa67f090585a605aa60cc1ec2a36fabe3e5301063bb4ab030e1955b22f3204,930048,0,8,0,perfect_information,14.52816424537755,0.36798847403434537,39.47994372242647,0.9687505759572755,0.9500008692194012,0.24999900000000103,0.5000009655840172,0.0,0.0,1100.0,200.10439074112588,200.39608024110973,200.10439074112588,optimal,0.6841404838487506,0.47753919987007976,f20,development
hourly_seed_930037,4b81d7da642bc182c648edac1c72c645d6ca042f1986d44daa00efa71ba99f0f,930037,0,4,0,perfect_information,13.709805023478483,0.3472599940837977,39.47994372242647,0.9750004480298418,0.9500008614129115,0.2499990000000009,0.5000009635296814,0.0,0.0,1100.0,200.10439074112588,200.39608024110973,200.10439074112588,optimal,0.5645927130244672,0.8924263468943536,f20,development
hourly_seed_930037,4b81d7da642bc182c648edac1c72c645d6ca042f1986d44daa00efa71ba99f0f,930037,0,8,0,perfect_information,13.709805023478483,0.3472599940837977,39.47994372242647,0.9687505730298417,0.9500008614129115,0.2499990000000009,0.5000009635296814,0.0,5.6843418860808015e-12,1100.0,200.10439074112588,200.39608024110973,200.10439074112588,optimal,0.8944122390821576,0.621482961345464,f20,development
hourly_seed_930035,3ed0a2a2d1df2e7db538538c1a5e4a16e9d635a1e7c9c6cd8c7b8cdd9847e4cd,930035,0,4,0,perfect_information,14.4972444755271,0.3672052973898233,39.47994372242647,0.9750004508526784,0.9500008689404759,0.24999900000000125,0.5000009655106153,0.0,0.0,1100.0,200.10439074112588,200.39608024110973,200.10439074112588,optimal,0.8446848560124636,0.8434966076165438,f20,development
hourly_seed_930035,3ed0a2a2d1df2e7db538538c1a5e4a16e9d635a1e7c9c6cd8c7b8cdd9847e4cd,930035,0,8,0,perfect_information,14.4972444755271,0.3672052973898233,39.47994372242647,0.9687505758526784,0.9500008689404759,0.24999899999999992,0.5000009655106153,0.0,8.071765478234738e-12,1100.0,200.10439074112588,200.39608024110973,200.10439074112588,optimal,0.7400297839194536,0.7792805656790733,f20,development
hourly_seed_930040,39c171736848b81c92f05b49df5e26d77362e4ebbb06fd4d0666fed05f8b45d0,930040,0,4,0,perfect_information,16.387906784374607,0.41509448188664727,39.47994372242647,0.9500009420303637,0.9500008840607257,0.2499990000000012,0.8776860029659347,0.0,0.0,1100.0,200.10439074112588,200.39608024110973,200.10439074112588,optimal,0.7772166025824845,0.5265065701678395,f20,development
hourly_seed_930040,39c171736848b81c92f05b49df5e26d77362e4ebbb06fd4d0666fed05f8b45d0,930040,0,8,0,perfect_information,16.387906784374607,0.41509448188664727,39.47994372242647,0.9743163880778024,0.9500008840607257,0.24999900000000047,0.765322635551448,0.0,3.524291969370097e-12,1100.0,200.10439074112588,200.39608024110973,200.10439074112588,optimal,0.8300289139151573,0.7978753289207816,f20,development
hourly_seed_930054,402af384f130183432cb47df047301068c5c997d0e096b1c62634615f68cce41,930054,0,4,0,perfect_information,16.257655130466944,0.41179529648700663,39.47994372242647,0.9750004561744464,0.9500008831318572,0.24999900000000247,0.5000009692451977,0.0,0.0,1100.0,200.10439074112588,200.39608024110973,200.10439074112588,optimal,0.547886451240629,0.450578604824841,f20,development
hourly_seed_930054,402af384f130183432cb47df047301068c5c997d0e096b1c62634615f68cce41,930054,0,8,0,perfect_information,14.606428014809936,0.369970841840709,39.47994372242647,0.9665848095687766,0.9500008699201462,0.2499990000000002,0.500000965768429,0.0,1.2278178473934531e-11,1100.0,200.10439074112588,200.39608024110973,200.10439074112588,optimal,0.6768344691954553,0.7551548681221902,f20,development
hourly_seed_930044,85988f8b8ba6650c73d68cb4ca3efbe16e3e71fb7f05948124d613a74d1ed57d,930044,0,4,0,perfect_information,18.97963392071227,0.480741159464494,39.47994372242647,0.9625006999462952,0.9500008998925887,0.24999900000000014,0.5000009736559202,0.0,0.0,1100.0,200.10439074112588,200.39608024110973,200.10439074112588,optimal,0.9108713897876441,0.8048912701196969,f20,development
hourly_seed_930044,85988f8b8ba6650c73d68cb4ca3efbe16e3e71fb7f05948124d613a74d1ed57d,930044,0,8,0,perfect_information,15.675983353684304,0.3970619478056552,39.47994372242647,0.9632288969750477,0.9500008787953537,0.24999900000000155,0.5000009681040096,0.0,0.0,1100.0,200.10439074112588,200.39608024110973,200.10439074112588,optimal,0.6283078617416322,0.5032726777717471,f20,development
hourly_seed_930053,db62382e10e4a0cd7a9079a092426e94728d00de9e1f3c81dbe82fd3e742c5d2,930053,0,4,0,perfect_information,14.10725876523275,0.3573272258040014,39.47994372242647,0.9625006826587106,0.9500008653174191,0.24999900000000147,0.9500009326587115,0.0,0.0,1100.0,200.10439074112588,200.39608024110973,200.10439074112588,optimal,0.680720143020153,0.5504679270088673,f20,development
hourly_seed_930053,db62382e10e4a0cd7a9079a092426e94728d00de9e1f3c81dbe82fd3e742c5d2,930053,0,8,0,perfect_information,14.10725876523275,0.3573272258040014,39.47994372242647,0.9750004579116942,0.9500008653174191,0.24999899999999972,0.8685243612146393,0.0,0.0,1100.0,200.10439074112588,200.39608024110973,200.10439074112588,optimal,0.8259641313925385,0.7639857633039355,f20,development
hourly_seed_930038,8f01add3d5bcde6ce68326a65ebe67930e65a10db33b2d0be08cc0609715e679,930038,0,4,0,perfect_information,20.319380598183276,0.5146760274291098,39.47994372242647,0.962500703246558,0.9500009064931161,0.2499990000000023,0.5000009753929023,0.0,0.0,1100.0,200.10439074112588,200.39608024110973,200.10439074112588,optimal,0.9037561970762908,0.7583416779525578,f20,development
hourly_seed_930038,8f01add3d5bcde6ce68326a65ebe67930e65a10db33b2d0be08cc0609715e679,930038,0,8,0,perfect_information,12.61820105889871,0.31961041149435526,39.47994372242647,0.9687505685338895,0.9500008494237052,0.2499990000000001,0.5000009603746186,0.0,0.0,1100.0,200.10439074112588,200.39608024110973,200.10439074112588,optimal,0.8005364160053432,0.8913376210257411,f20,development
hourly_seed_930065,fde7d8e5154376cde1dec4aef24482dcf6b96ca1a538808067c50a68ac78de97,930065,0,4,0,perfect_information,19.719949647855305,0.4994928510157284,39.47994372242647,0.9703317019403935,0.9500009036507702,0.24999900000000005,0.5000009746449163,0.0,0.0,1100.0,200.10439074112588,200.39608024110973,200.10439074112588,optimal,0.49598755268380046,0.5876257917843759,f20,development
hourly_seed_930065,fde7d8e5154376cde1dec4aef24482dcf6b96ca1a538808067c50a68ac78de97,930065,0,8,0,perfect_information,14.611792311016274,0.370106715798485,39.47994372242647,0.9728148871538232,0.9500008699679052,0.24999900000000047,0.5000009657809911,0.0,0.0,1100.0,200.10439074112588,200.39608024110973,200.10439074112588,optimal,0.5901460889726877,0.6094435770064592,f20,development
hourly_seed_930059,b107afbd3e955f7edb458b8a4dd34d8b181e01dec114ee785be44d9ac3b6569b,930059,0,4,0,perfect_information,16.591722149541315,0.4202569858304138,39.47994372242647,0.9500009427424729,0.9500008854849458,0.24999900000000214,0.5000009698644284,0.0,7.958078640513122e-13,1100.0,200.10439074112588,200.39608024110973,200.10439074112588,optimal,0.540181202813983,0.5683778240345418,f20,development
hourly_seed_930059,b107afbd3e955f7edb458b8a4dd34d8b181e01dec114ee785be44d9ac3b6569b,930059,0,8,0,perfect_information,15.133217616853127,0.3833140625339024,39.47994372242647,0.9706866894735002,0.9500008744482458,0.24999900000000053,0.5000009669600333,0.0,2.6147972675971687e-12,1100.0,200.10439074112588,200.39608024110973,200.10439074112588,optimal,0.723395774140954,0.72599010867998,f20,development
hourly_seed_930049,15a02869f117ed7f8b0629c8f64b7566f2322da843bb08c28aaa6ea1d4ffc393,930049,0,4,0,perfect_information,24.44304017974061,0.6191255071586085,39.47994372242647,0.9625007111340906,0.9500009222681814,0.24999900000000053,0.5000009795442388,0.0,5.002220859751105e-12,1100.0,200.10439074112588,200.39608024110973,200.10439074112588,optimal,0.5208414550870657,0.6018547406420112,f20,development
hourly_seed_930049,15a02869f117ed7f8b0629c8f64b7566f2322da843bb08c28aaa6ea1d4ffc393,930049,0,8,0,perfect_information,17.619362151160363,0.4462864049411432,39.47994372242647,0.9625007028217394,0.9500008921639758,0.24999900000000447,0.5000009716220724,0.0,3.183231456205249e-12,1100.0,200.10439074112588,200.39608024110973,200.10439074112588,optimal,0.7721981420181692,0.8372144703753293,f20,development
hourly_seed_930067,f9bfe0aa9f2636a4c39f75fac151ac96b240041522fd13635d90054061116f49,930067,0,4,0,perfect_information,12.159441643659074,0.3079903489515852,39.47994372242647,0.9625006718713306,0.950000843742659,0.24999900000000325,0.8975644485970956,0.0,6.821210263296962e-13,1100.0,200.10439074112588,200.39608024110973,200.10439074112588,optimal,0.5009304420091212,0.5405313251540065,f20,development
hourly_seed_930067,f9bfe0aa9f2636a4c39f75fac151ac96b240041522fd13635d90054061116f49,930067,0,8,0,perfect_information,12.159441643659074,0.3079903489515852,39.47994372242647,0.9750004511695818,0.950000843742659,0.2499989999999995,0.8872108704363734,0.0,0.0,1100.0,200.10439074112588,200.39608024110973,200.10439074112588,optimal,0.5149004282429814,0.49692357890307903,f20,development
hourly_seed_930047,05273eac15a6685a4b753bb3d4618ed5449b4a3a06fed3c111e4ea0dee93a66e,930047,0,4,0,perfect_information,20.124332460692738,0.5097355913722128,39.47994372242647,0.9750004645950624,0.9500009055868329,0.2499989999999994,0.9500009055868329,0.0,0.0,1100.0,200.10439074112588,200.39608024110973,200.10439074112588,optimal,0.5944200051017106,0.800187474116683,f20,development
hourly_seed_930047,05273eac15a6685a4b753bb3d4618ed5449b4a3a06fed3c111e4ea0dee93a66e,930047,0,8,0,perfect_information,14.811114606689367,0.3751554133618472,39.47994372242647,0.9687505768941848,0.9500008717178234,0.24999900000000141,0.9500009358589137,0.0,0.0,1100.0,200.10439074112588,200.39608024110973,200.10439074112588,optimal,0.8790363757871091,0.8829722600057721,f20,development
hourly_seed_930072,9d126cd27c615ec1737d270f4ecdf6cc94217537efb4be8c5600f7a020cbed99,930072,0,4,0,perfect_information,19.542663409673562,0.4950023117325876,39.47994372242647,0.9625007013883567,0.9500009027767136,0.24999900000000239,0.6187494841186694,0.0,0.0,1100.0,200.10439074112588,200.39608024110973,200.10439074112588,optimal,0.46415506675839424,0.5575035489164293,f20,development
hourly_seed_930072,9d126cd27c615ec1737d270f4ecdf6cc94217537efb4be8c5600f7a020cbed99,930072,0,8,0,perfect_information,17.994104842092067,0.4557783812612318,39.47994372242647,0.9625007038042669,0.9500008944097506,0.24999900000000155,0.7034127042535121,0.0,0.0,1100.0,200.10439074112588,200.39608024110973,200.10439074112588,optimal,0.5943384449928999,0.4930266048759222,f20,development
hourly_seed_930045,fe3ea6b1645137560257f901a5bc67b34fb6640276cee855e24b7a904aca46c3,930045,0,4,0,perfect_information,17.022286312824733,0.43116288190540836,39.47994372242647,0.9625006941907529,0.950000888381506,0.24999899999999992,0.5000009706266855,0.0,0.0,1100.0,200.10439074112588,200.39608024110973,200.10439074112588,optimal,0.8661196273751557,0.7592822830192745,f20,development
hourly_seed_930045,fe3ea6b1645137560257f901a5bc67b34fb6640276cee855e24b7a904aca46c3,930045,0,8,0,perfect_information,16.498288205070132,0.4178903678552694,39.47994372242647,0.9655179469459764,0.9500008848364149,0.24999900000000122,0.5000009696937621,0.0,0.0,1100.0,200.10439074112588,200.39608024110973,200.10439074112588,optimal,0.8248872449621558,0.8606548639945686,f20,development
hourly_seed_930050,8cf39abe9d31d6cb9fcff23cc339fd3e38347dfd9af365e32a6ec644cac4c605,930050,0,4,0,perfect_information,19.771698776593315,0.5008036210893091,39.47994372242647,0.962500701951474,0.9500009039029481,0.2499990000000003,0.7198674628947156,0.0,0.0,1100.0,200.10439074112588,200.39608024110973,200.10439074112588,optimal,0.8772608246654272,0.9463999248109758,f20,development
hourly_seed_930050,8cf39abe9d31d6cb9fcff23cc339fd3e38347dfd9af365e32a6ec644cac4c605,930050,0,8,0,perfect_information,13.931205770722013,0.3528679237404391,39.47994372242647,0.9625006903317365,0.9500008636153974,0.2499990000000346,1.1749017467857037,0.0,1.6825651982799172e-11,1100.0,200.10439074112588,200.39608024110973,200.10439074112588,optimal,0.47313885297626257,0.8910202793776989,f20,development
hourly_seed_930068,c450d035273a25a265dea5e2786aeccbb743938bf82009fb43c12edb75462a61,930068,0,4,0,perfect_information,25.08363644657355,0.6353513729130486,39.47994372242647,0.9750004715949977,0.9500009242533265,0.24999899999999944,0.5000009800666455,0.0,0.0,1100.0,200.10439074112588,200.39608024110973,200.10439074112588,optimal,0.5443443660624325,0.5395632302388549,f20,development
hourly_seed_930068,c450d035273a25a265dea5e2786aeccbb743938bf82009fb43c12edb75462a61,930068,0,8,0,perfect_information,14.619839170367927,0.3703105372478829,39.47994372242647,0.9638743530717094,0.9500008700394758,0.24999900000000047,0.5000009657998269,0.0,0.0,1100.0,200.10439074112588,200.39608024110973,200.10439074112588,optimal,0.5542984399944544,0.49848398799076676,f20,development
hourly_seed_930042,20df4df07f8f837541b40ae5488c39f05ba1ff1c6b4307efa5ca24a3081a953d,930042,0,4,0,perfect_information,14.041702679515101,0.3556667349436659,39.47994372242647,0.9750004492582369,0.9500008646886305,0.2499990000000023,0.5000009643917137,0.0,0.0,1100.0,200.10439074112588,200.39608024110973,200.10439074112588,optimal,0.9555244334042072,0.6979028382338583,f20,development
hourly_seed_930042,20df4df07f8f837541b40ae5488c39f05ba1ff1c6b4307efa5ca24a3081a953d,930042,0,8,0,perfect_information,14.041702679515101,0.3556667349436659,39.47994372242647,0.962500690801277,0.9500008646886305,0.24999900000000244,0.5000009643917137,0.0,0.0,1100.0,200.10439074112588,200.39608024110973,200.10439074112588,optimal,0.9176341816782951,0.9744202787987888,f20,development
hourly_seed_930071,bedc48a0f6762519d43f051c4a0e5230cdfdc681e52aee81b4fd2080ba97aec1,930071,0,4,0,perfect_information,15.628447333880805,0.3958578929027984,39.47994372242647,0.9750004544100105,0.9500008784266935,0.24999900000001068,0.5000009680069959,0.0,0.0,1100.0,200.10439074112588,200.39608024110973,200.10439074112588,optimal,0.5763630629517138,0.4598972429521382,f20,development
hourly_seed_930071,bedc48a0f6762519d43f051c4a0e5230cdfdc681e52aee81b4fd2080ba97aec1,930071,0,8,0,perfect_information,14.880296202799281,0.37690773592330556,39.47994372242647,0.965034714519733,0.950000872314234,0.24999900000000014,0.5000009663984529,0.0,0.0,1100.0,200.10439074112588,200.39608024110973,200.10439074112588,optimal,0.5947387777268887,0.4931112858466804,f20,development
hourly_seed_930061,b8a67917bbfea9eaec21c675a3e9fe6e5fb2d82fa90a5f91342ace9dc83f3f5a,930061,0,4,0,perfect_information,14.061778504420081,0.35617524187179445,39.47994372242647,0.9750004493306804,0.9500008648818128,0.2499989999999995,0.5000009644425495,0.0,1.0459189070388675e-11,1100.0,200.10439074112588,200.39608024110973,200.10439074112588,optimal,0.5546844024211168,0.502883433829993,f20,development
hourly_seed_930061,b8a67917bbfea9eaec21c675a3e9fe6e5fb2d82fa90a5f91342ace9dc83f3f5a,930061,0,8,0,perfect_information,12.348202531507777,0.3127715332707887,39.47994372242647,0.9625006826824399,0.950000846131288,0.2499990000000007,0.5000009595081941,0.0,0.0,1100.0,200.10439074112588,200.39608024110973,200.10439074112588,optimal,0.7943353280425072,0.7524749119766057,f20,development
hourly_seed_930064,cd5432cf07c9c407fc695962387e6a11b3a836e4a9cc8ad68c51b52f45a2c4d3,930064,0,4,0,perfect_information,23.536776196948928,0.5961704596751725,39.47994372242647,0.9625007096375913,0.9500009192751826,0.249999000000001,1.2451018126179907,0.0,3.410605131648481e-12,1100.0,200.10439074112588,200.39608024110973,200.10439074112588,optimal,0.7775577027350664,0.6233449731953442,f20,development
hourly_seed_930064,cd5432cf07c9c407fc695962387e6a11b3a836e4a9cc8ad68c51b52f45a2c4d3,930064,0,8,0,perfect_information,12.846757970519782,0.32539960190526357,39.47994372242647,0.9687505695384792,0.9500008521026109,0.2499990000000322,1.1347353453425482,0.0,0.0,1100.0,200.10439074112588,200.39608024110973,200.10439074112588,optimal,0.7342002200894058,0.5893758940510452,f20,development
hourly_seed_930070,8e14905f050f335b8158e5c797c584c1f6e8fbbe49f3f70bcf8c8d482180bce8,930070,0,4,0,perfect_information,15.018313258825634,0.3804036136529375,39.47994372242647,0.9750004525578723,0.9500008734876594,0.24999900000000194,0.5000009667072453,0.0,0.0,1100.0,200.10439074112588,200.39608024110973,200.10439074112588,optimal,0.5791554399766028,0.7822057129815221,f20,development
hourly_seed_930070,8e14905f050f335b8158e5c797c584c1f6e8fbbe49f3f70bcf8c8d482180bce8,930070,0,8,0,perfect_information,14.291869907138699,0.36200329989376967,39.47994372242647,0.9625006918375012,0.9500008670571428,0.24999900000000502,0.5000009650150011,0.0,0.0,1100.0,200.10439074112588,200.39608024110973,200.10439074112588,optimal,0.5666474946774542,0.4808909413404763,f20,development
hourly_seed_930074,5e2efdd49d894cb35c69e6d9f8bf27a328bde0a2eb3b374fb5b44a4bb88c6990,930074,0,4,0,perfect_information,18.714366458445582,0.4740221158880462,39.47994372242647,0.9625006992368078,0.9500008984736156,0.24999899999999928,0.5000009732825033,0.0,0.0,1100.0,200.10439074112588,200.39608024110973,200.10439074112588,optimal,0.5445294296368957,0.46044609509408474,f20,development
hourly_seed_930074,5e2efdd49d894cb35c69e6d9f8bf27a328bde0a2eb3b374fb5b44a4bb88c6990,930074,0,8,0,perfect_information,18.58655116552726,0.47078464184763325,39.47994372242647,0.9639475649760011,0.9500008977754397,0.24999900000000164,0.5000009730987756,0.0,0.0,1100.0,200.10439074112588,200.39608024110973,200.10439074112588,optimal,0.5623209280893207,0.4962000153027475,f20,development
hourly_seed_930051,99a076b4d4bdcb6f30fe110fb0cc8835e0770fbba18df75cf3f6741334556431,930051,0,4,0,perfect_information,14.438023367244114,0.36570526717956375,39.47994372242647,0.9625006842014505,0.9500008684028991,0.24999900000000114,0.5000009653691492,0.0,0.0,1100.0,200.10439074112588,200.39608024110973,200.10439074112588,optimal,0.9426001249812543,0.8093444667756557,f20,development
hourly_seed_930051,99a076b4d4bdcb6f30fe110fb0cc8835e0770fbba18df75cf3f6741334556431,930051,0,8,0,perfect_information,14.438023367244114,0.36570526717956375,39.47994372242647,0.9687505756510881,0.9500008684028991,0.2499990000000008,0.5000009653691492,0.0,0.0,1100.0,200.10439074112588,200.39608024110973,200.10439074112588,optimal,0.8350662067532539,1.0059994128532708,f20,development
hourly_seed_930073,b66002c79b466e95e0ed23d8b1730fa626b51a905816c07c637dbfa3c3c0977e,930073,0,4,0,perfect_information,17.1761293093556,0.43505961989501896,39.47994372242647,0.9750004585179678,0.9500008893812462,0.2499990000000021,0.9500009446906247,0.0,0.0,1100.0,200.10439074112588,200.39608024110973,200.10439074112588,optimal,0.5539810787886381,0.5666317553259432,f20,development
hourly_seed_930073,b66002c79b466e95e0ed23d8b1730fa626b51a905816c07c637dbfa3c3c0977e,930073,0,8,0,perfect_information,16.357217725340973,0.414317148989483,39.47994372242647,0.968750581441202,0.9500008838432029,0.24999899999999925,0.9500009419216032,0.0,0.0,1100.0,200.10439074112588,200.39608024110973,200.10439074112588,optimal,0.5511883608996868,0.6682222168892622,f20,development
hourly_seed_930055,2cb4de8a679976ce164139c56877f7a37103ee0cec56c43316cc3c014b6ffcd8,930055,0,4,0,perfect_information,18.478710070469848,0.4680531005917587,39.47994372242647,0.9625006985894319,0.9500008971788638,0.2499989999999987,0.5000009729417821,0.0,0.0,1100.0,200.10439074112588,200.39608024110973,200.10439074112588,optimal,0.9058281201869249,0.7700662678107619,f20,development
hourly_seed_930055,2cb4de8a679976ce164139c56877f7a37103ee0cec56c43316cc3c014b6ffcd8,930055,0,8,0,perfect_information,16.61212913241054,0.4207738807635146,39.47994372242647,0.9687505821096074,0.950000885625617,0.24999900000000227,0.500000969901449,0.0,0.0,1100.0,200.10439074112588,200.39608024110973,200.10439074112588,optimal,0.9173766700550914,0.9902175655588508,f20,development
hourly_seed_930057,374eda0c2f5a694ea4417c0fd4ef2956952598cce2633de6e89a3de4a512697b,930057,0,4,0,perfect_information,15.61837737652728,0.3956028277632854,39.47994372242647,0.9625006891741562,0.9500008783483126,0.24999900000000724,0.9500009391741563,0.0,1.1482370609883219e-11,1100.0,200.10439074112588,200.39608024110973,200.10439074112588,optimal,0.8947981516830623,0.8115168819203973,f20,development
hourly_seed_930057,374eda0c2f5a694ea4417c0fd4ef2956952598cce2633de6e89a3de4a512697b,930057,0,8,0,perfect_information,13.603770393300904,0.34457420934907057,39.47994372242647,0.9625006888955536,0.950000860332694,0.24999900000008127,0.950000930166347,0.0,1.7053025658242404e-12,1100.0,200.10439074112588,200.39608024110973,200.10439074112588,optimal,0.950457741972059,0.7747192080132663,f20,development
hourly_seed_930076,6e519a7f3c89b6ce24b8869d64174d5d32d82e165a96011d3786f568fd4cce2a,930076,0,4,0,perfect_information,21.442973593080872,0.5431358703001457,39.47994372242647,0.975000466772298,0.9500009113927947,0.24999899999999886,0.5000009766822938,0.0,2.2737367544323206e-13,1100.0,200.10439074112588,200.39608024110973,200.10439074112588,optimal,0.48557242890819907,0.5793364928103983,f20,development
hourly_seed_930076,6e519a7f3c89b6ce24b8869d64174d5d32d82e165a96011d3786f568fd4cce2a,930076,0,8,0,perfect_information,13.657588937324656,0.3459373962979208,39.47994372242647,0.9687505728311481,0.9500008608830613,0.24999900000000044,0.5000009633902461,0.0,0.0,1100.0,200.10439074112588,200.39608024110973,200.10439074112588,optimal,0.5850749281235039,0.6942010051570833,f20,development
hourly_seed_930056,e47f3b5e41e2be293d075d32be2379eafbc08856f0e84b8fceca053082fb37d9,930056,0,4,0,perfect_information,20.190643460489348,0.5114152036903769,39.47994372242647,0.9750004647113402,0.950000905896906,0.2499990000000011,0.5000009752360035,0.0,0.0,1100.0,200.10439074112588,200.39608024110973,200.10439074112588,optimal,0.9001808944158256,0.8071301048621535,f20,development
hourly_seed_930056,e47f3b5e41e2be293d075d32be2379eafbc08856f0e84b8fceca053082fb37d9,930056,0,8,0,perfect_information,19.480057241649575,0.49341654027191495,39.47994372242647,0.9668571842152898,0.9500009024642486,0.24999899999999928,0.5000009743326735,0.0,0.0,1100.0,200.10439074112588,200.39608024110973,200.10439074112588,optimal,0.9454755522310734,0.9753145650029182,f20,development
hourly_seed_930058,7e9ac8b3dfd73e0089f25da59dfbc2e7a94a84eece08f3bd977d39c38c614790,930058,0,4,0,perfect_information,13.124301336586875,0.332429585737521,39.47994372242647,0.9625006776151186,0.9500008552302351,0.24999899999999955,0.5000009619026614,0.0,0.0,1100.0,200.10439074112588,200.39608024110973,200.10439074112588,optimal,0.9155847388319671,1.0260919737629592,f20,development
hourly_seed_930058,7e9ac8b3dfd73e0089f25da59dfbc2e7a94a84eece08f3bd977d39c38c614790,930058,0,8,0,perfect_information,13.124301336586875,0.332429585737521,39.47994372242647,0.9687505707113392,0.9500008552302351,0.24999900000000005,0.5000009619026614,0.0,0.0,1100.0,200.10439074112588,200.39608024110973,200.10439074112588,optimal,0.9078436130657792,0.9055069577880204,f20,development
hourly_seed_930060,301461131c5b30c3f5083cb97bebe20ac092a4a3b61fe42736dc2ecc988e402f,930060,0,4,0,perfect_information,18.12560981775277,0.45910931244455067,39.47994372242647,0.9625006975879153,0.9500008951758292,0.2499989999999997,0.5000009724146647,0.0,5.9117155615240335e-12,1100.0,200.10439074112588,200.39608024110973,200.10439074112588,optimal,0.7902205418795347,0.8535872991196811,f20,development
hourly_seed_930060,301461131c5b30c3f5083cb97bebe20ac092a4a3b61fe42736dc2ecc988e402f,930060,0,8,0,perfect_information,14.678871018785106,0.37180577363505246,39.47994372242647,0.9687505764607941,0.950000870562115,0.24999899999999906,0.5000009659373661,0.0,0.0,1100.0,200.10439074112588,200.39608024110973,200.10439074112588,optimal,0.9147084029391408,0.9065971239469945,f20,development
hourly_seed_930063,2c5fe5e3022e65861589d103147cf82310f11a04bf183b593428363c08f7980e,930063,0,4,0,perfect_information,21.236892862447167,0.5379159861969005,39.47994372242647,0.9750004664498596,0.9500009105329591,0.24999900000000044,1.1162163711486885,0.0,0.0,1100.0,200.10439074112588,200.39608024110973,200.10439074112588,optimal,0.8021371229551733,0.7800079700537026,f20,development
hourly_seed_930063,2c5fe5e3022e65861589d103147cf82310f11a04bf183b593428363c08f7980e,930063,0,8,0,perfect_information,16.685962505233665,0.4226440296508136,39.47994372242647,0.968750582299392,0.9500008861317099,0.24999900000000086,1.433336536939902,0.0,0.0,1100.0,200.10439074112588,200.39608024110973,200.10439074112588,optimal,0.7971559450961649,0.845742812845856,f20,development
hourly_seed_930062,f8862fa23ac5e0992284eb9b4208a569a2d915ff54a083e1e8567616aa41fc12,930062,0,4,0,perfect_information,14.056306339410435,0.3560366356709316,39.47994372242647,0.9750004493109545,0.950000864829211,0.2499990000000006,0.7640345584942838,0.0,0.0,1100.0,200.10439074112588,200.39608024110973,200.10439074112588,optimal,0.8471939787268639,0.8158127390779555,f20,development
hourly_seed_930062,f8862fa23ac5e0992284eb9b4208a569a2d915ff54a083e1e8567616aa41fc12,930062,0,8,0,perfect_information,14.056306339410435,0.3560366356709316,39.47994372242647,0.962500690862781,0.950000864829211,0.24999899999999917,0.5000009644287071,0.0,0.0,1100.0,200.10439074112588,200.39608024110973,200.10439074112588,optimal,0.8990353080444038,0.8518152986653149,f20,development
hourly_seed_930079,6dc6982e889bf913581ffd2b105cbb406e0fe43363e57f18a8af2364c9c0d98a,930079,0,4,0,perfect_information,26.547944807201276,0.6724413032058298,39.47994372242647,0.975000473161736,0.9500009284312954,0.24999900000000388,0.5000009811661132,0.0,0.0,1100.0,200.10439074112588,200.39608024110973,200.10439074112588,optimal,0.552927881013602,0.5399643629789352,f20,development
hourly_seed_930079,6dc6982e889bf913581ffd2b105cbb406e0fe43363e57f18a8af2364c9c0d98a,930079,0,8,0,perfect_information,18.177812897484277,0.46043158078663676,39.47994372242647,0.9625007042711287,0.9500008954768634,0.2499990000000048,0.5000009724938863,0.0,0.0,1100.0,200.10439074112588,200.39608024110973,200.10439074112588,optimal,0.5536911161616445,0.6099104597233236,f20,development
hourly_seed_930078,c6cf2c52d16d521fc215f40e4a0282d4a0e0ba2391a21296d102362f566ace57,930078,0,4,0,perfect_information,16.46776542533649,0.41711724669916445,39.47994372242647,0.9750004567336108,0.9500008846229607,0.24999900000000067,0.5000009696375894,0.0,0.0,1100.0,200.10439074112588,200.39608024110973,200.10439074112588,optimal,0.4929500548169017,0.5602055261842906,f20,development
hourly_seed_930078,c6cf2c52d16d521fc215f40e4a0282d4a0e0ba2391a21296d102362f566ace57,930078,0,8,0,perfect_information,16.46776542533649,0.41711724669916445,39.47994372242647,0.975000463944676,0.9500008846229607,0.24999900000000116,0.5000009696375894,0.0,0.0,1100.0,200.10439074112588,200.39608024110973,200.10439074112588,optimal,0.7132742232643068,0.5057921730913222,f20,development
hourly_seed_930066,4fce8c21f213d5a0f6179fdaefa04907808962265e3a4285fc7bf801162adc58,930066,0,4,0,perfect_information,19.473072521466733,0.4932396220819613,39.47994372242647,0.9625007012146334,0.9500009024292668,0.24999900000000164,0.5000009743234667,0.0,0.0,1100.0,200.10439074112588,200.39608024110973,200.10439074112588,optimal,0.9790134951472282,0.8286002869717777,f20,development
hourly_seed_930066,4fce8c21f213d5a0f6179fdaefa04907808962265e3a4285fc7bf801162adc58,930066,0,8,0,perfect_information,14.581855789628403,0.36934844416572005,39.47994372242647,0.9687505761378562,0.9500008697009497,0.2499990000000515,0.500000965710739,0.0,0.0,1100.0,200.10439074112588,200.39608024110973,200.10439074112588,optimal,0.9013795531354845,0.8034003032371402,f20,development
hourly_seed_930084,e32300edac272fd4b2b611b177ae395676765cd5a4119a273c5e3246d2340fb2,930084,0,4,0,perfect_information,23.240866294496964,0.5886752640251373,39.47994372242647,0.9750004693427635,0.9500009182473692,0.24999900000000203,0.6671250243534202,0.0,0.0,1100.0,200.10439074112588,200.39608024110973,200.10439074112588,optimal,0.4915536558255553,0.4907892318442464,f20,development
hourly_seed_930084,e32300edac272fd4b2b611b177ae395676765cd5a4119a273c5e3246d2340fb2,930084,0,8,0,perfect_information,14.261587454863,0.36123626606797177,39.47994372242647,0.9687505750405732,0.9500008667748616,0.24999899999999967,0.9500009333874309,0.0,0.0,1100.0,200.10439074112588,200.39608024110973,200.10439074112588,optimal,0.589433005079627,0.5361769990995526,f20,development
hourly_seed_930080,e4f49f85656f7e42f039cf158cd8596d4110516493f358f90d86cdfa516dcfb3,930080,0,4,0,perfect_information,13.229761305127136,0.3351008146856098,39.47994372242647,0.9750004461440974,0.9500008563842599,0.24999899999999922,0.5000009622063485,0.0,0.0,1100.0,200.10439074112588,200.39608024110973,200.10439074112588,optimal,0.5462792911566794,0.4627801296301186,f20,development
hourly_seed_930080,e4f49f85656f7e42f039cf158cd8596d4110516493f358f90d86cdfa516dcfb3,930080,0,8,0,perfect_information,13.229761305127136,0.3351008146856098,39.47994372242647,0.9625006871681137,0.9500008563842599,0.2499990000000164,0.5000009622063485,0.0,0.0,1100.0,200.10439074112588,200.39608024110973,200.10439074112588,optimal,0.7933201319538057,0.7650453192181885,f20,development
hourly_seed_930069,b5a4a99c22e2d59cc9a7586555d4f5b11f66092739e9eb697303d551300cbf1d,930069,0,4,0,perfect_information,13.976519663796234,0.35401569369150115,39.47994372242647,0.950000932028787,0.950000864057572,0.2499990000001203,0.5000009642256412,0.0,0.0,1100.0,200.10439074112588,200.39608024110973,200.10439074112588,optimal,0.8758558640256524,0.8682925910688937,f20,development
hourly_seed_930069,b5a4a99c22e2d59cc9a7586555d4f5b11f66092739e9eb697303d551300cbf1d,930069,0,8,0,perfect_information,13.124344126748994,0.3324306695830913,39.47994372242647,0.9625006866634357,0.9500008552307071,0.249999000000015,0.5000009619027804,0.0,0.0,1100.0,200.10439074112588,200.39608024110973,200.10439074112588,optimal,0.9896320919506252,0.9460114650428295,f20,development
hourly_seed_930075,452944c3d38100eb198d0b1c14b3c10905325d5e7ca6e630a7decc4065298628,930075,0,4,0,perfect_information,18.744378436526155,0.47478229878728184,39.47994372242647,0.9750004619885636,0.9500008986361684,0.24999900000000128,0.5000009733252827,0.0,0.0,1100.0,200.10439074112588,200.39608024110973,200.10439074112588,optimal,0.5808771122246981,0.8614773489534855,f20,development
hourly_seed_930075,452944c3d38100eb198d0b1c14b3c10905325d5e7ca6e630a7decc4065298628,930075,0,8,0,perfect_information,14.801458143186032,0.3749108217390418,39.47994372242647,0.9687505768628004,0.9500008716341322,0.24999900000000125,0.5000009662194799,0.0,3.296918293926865e-12,1100.0,200.10439074112588,200.39608024110973,200.10439074112588,optimal,0.8939414969645441,0.834105831105262,f20,development
hourly_seed_930082,48994ccfd24f428072162370d6ebb4b02c24db1284c4902842738de7d0eb9b64,930082,0,4,0,perfect_information,22.65647790806195,0.5738731054774023,39.47994372242647,0.9750004685520081,0.950000916138688,0.24999900000000033,1.089003761748853,0.0,0.0,1100.0,200.10439074112588,200.39608024110973,200.10439074112588,optimal,0.6490042498335242,0.5130879371427,f20,development
hourly_seed_930082,48994ccfd24f428072162370d6ebb4b02c24db1284c4902842738de7d0eb9b64,930082,0,8,0,perfect_information,15.382150527429875,0.38961936307655093,39.47994372242647,0.96875057868003,0.9500008764800827,0.24999900000000114,1.559761152461728,0.0,0.0,1100.0,200.10439074112588,200.39608024110973,200.10439074112588,optimal,0.6861603558063507,0.5578456921502948,f20,development
hourly_seed_930094,1fc4ff71a9bde2c43df823997150d8838ab89a0c0e8d4f36579199de8325eb69,930094,0,4,0,perfect_information,17.243687793184122,0.43677083013137363,39.47994372242647,0.9750004586804889,0.9500008898146359,0.2499990000000007,0.5000009710038235,0.0,1.2391865311656147e-11,1100.0,200.10439074112588,200.39608024110973,200.10439074112588,optimal,0.46041531627997756,0.4501964431256056,f20,development
hourly_seed_930094,1fc4ff71a9bde2c43df823997150d8838ab89a0c0e8d4f36579199de8325eb69,930094,0,8,0,perfect_information,16.557263950963893,0.4193841832038526,39.47994372242647,0.9687505819674831,0.9500008852466191,0.2499989999999987,0.5000009698017144,0.0,1.9667822925839573e-11,1100.0,200.10439074112588,200.39608024110973,200.10439074112588,optimal,0.4950915677472949,0.49265730287879705,f20,development
hourly_seed_930087,975fb1c4b72d97754a2789fcb1ad847027a7dd49f6d733a46de830a15cea8af5,930087,0,4,0,perfect_information,21.634691236452163,0.5479919472165468,39.47994372242647,0.9500009560889969,0.9500009121779924,0.2499990000000323,0.5000009768889235,0.0,0.0,1100.0,200.10439074112588,200.39608024110973,200.10439074112588,optimal,0.5122622731141746,0.45022672275081277,f20,development
hourly_seed_930087,975fb1c4b72d97754a2789fcb1ad847027a7dd49f6d733a46de830a15cea8af5,930087,0,8,0,perfect_information,15.24748485764568,0.38620837367061367,39.47994372242647,0.9622323492684053,0.9500008753891519,0.2499989999999987,0.5000009672076408,0.0,0.0,1100.0,200.10439074112588,200.39608024110973,200.10439074112588,optimal,0.5265634399838746,0.6784490486606956,f20,development
hourly_seed_930085,fe48be918e5f94dc102959ce543ae3958f600f965570b783f4ef3cbfbb0a96af,930085,0,4,0,perfect_information,19.489938820765587,0.49366683391938027,39.47994372242647,0.9750004634426386,0.9500009025137031,0.24999900000000058,0.5000009743456862,0.0,0.0,1100.0,200.10439074112588,200.39608024110973,200.10439074112588,optimal,0.6734374081715941,0.7946786605753005,f20,development
hourly_seed_930085,fe48be918e5f94dc102959ce543ae3958f600f965570b783f4ef3cbfbb0a96af,930085,0,8,0,perfect_information,17.440282103609576,0.4417504296922965,39.47994372242647,0.9650837214287467,0.9500008910566923,0.24999900000000203,0.5000009713306814,0.0,4.320099833421409e-12,1100.0,200.10439074112588,200.39608024110973,200.10439074112588,optimal,0.708331982139498,0.5212951181456447,f20,development
hourly_seed_930086,108d42cd07374f66275ff398e66a8ee16265926ab6b6386a5cc0602d99c5e353,930086,0,4,0,perfect_information,15.977996319621221,0.4047117298838743,39.47994372242647,0.962500690543171,0.9500008810863402,0.24999900000000227,0.5000009687069003,0.0,0.0,1100.0,200.10439074112588,200.39608024110973,200.10439074112588,optimal,0.942717595025897,0.6876154551282525,f20,development
hourly_seed_930086,108d42cd07374f66275ff398e66a8ee16265926ab6b6386a5cc0602d99c5e353,930086,0,8,0,perfect_information,15.977996319621221,0.4047117298838743,39.47994372242647,0.9687505804073785,0.9500008810863402,0.24999899999999914,0.5000009687069003,0.0,0.0,1100.0,200.10439074112588,200.39608024110973,200.10439074112588,optimal,0.47596845123916864,0.5423949067480862,f20,development
hourly_seed_930077,bb051fde212f691760e2c8fc58a5ac2e1c6fbc37f3abb3659d0f47aacac98e4e,930077,0,4,0,perfect_information,17.507518999276353,0.4434534943202378,39.47994372242647,0.9750004593031573,0.9500008914750846,0.2499990000000014,0.5000009714407833,0.0,6.252776074688882e-12,1100.0,200.10439074112588,200.39608024110973,200.10439074112588,optimal,0.8462881352752447,0.7865310297347605,f20,development
hourly_seed_930077,bb051fde212f691760e2c8fc58a5ac2e1c6fbc37f3abb3659d0f47aacac98e4e,930077,0,8,0,perfect_information,17.507518999276353,0.4434534943202378,39.47994372242647,0.9619565561599077,0.9500008914750846,0.2499989999999999,0.5000009714407833,0.0,6.821210263296962e-13,1100.0,200.10439074112588,200.39608024110973,200.10439074112588,optimal,0.8441248931922019,0.976913773920387,f20,development
hourly_seed_930093,20896dce6d64ed199b90fcadab057ff0106560886482d53c444a163334bb36e8,930093,0,4,0,perfect_information,14.91207931510718,0.3777127804424001,39.47994372242647,0.9500009362931906,0.9500008725863792,0.2499990000000011,0.5000009664700664,0.0,0.0,1100.0,200.10439074112588,200.39608024110973,200.10439074112588,optimal,0.6897703278809786,0.496992290019989,f20,development
hourly_seed_930093,20896dce6d64ed199b90fcadab057ff0106560886482d53c444a163334bb36e8,930093,0,8,0,perfect_information,14.91207931510718,0.3777127804424001,39.47994372242647,0.9687505772198931,0.9500008725863792,0.24999899999999903,0.5000009664700664,0.0,0.0,1100.0,200.10439074112588,200.39608024110973,200.10439074112588,optimal,0.5736493980512023,0.5215797200798988,f20,development
hourly_seed_930002,ed8b09b60b2c1f5b40ae53712d1c93f3b1fac6b3e5a5fafcad8bf6600060ef3b,930002,0,4,0,perfect_information,34.8277764083229,0.4410818902527852,78.95988744485294,0.9750004795421698,0.9500009454457862,0.2499989999999994,0.5000009856436142,0.0,0.0,1100.0,212.15515690863197,217.38446437672522,212.15515690863197,optimal,0.5291102658957243,0.48810381535440683,f40,development
hourly_seed_930002,ed8b09b60b2c1f5b40ae53712d1c93f3b1fac6b3e5a5fafcad8bf6600060ef3b,930002,0,8,0,perfect_information,27.680638976779576,0.3505658363065962,78.95988744485294,0.9687505992599605,0.950000931359893,0.24999899999999953,0.5000009819367977,0.0,0.0,1100.0,212.15515690863197,217.38446437672522,212.15515690863197,optimal,0.47512154560536146,0.492640882730484,f40,development
hourly_seed_930095,b1b6237487c4299a39e7d959f8f32de74912a6f99c95e27826cf9c5ff105b896,930095,0,4,0,perfect_information,15.938917322613174,0.40372188559020455,39.47994372242647,0.9625006903973957,0.9500008807947915,0.24999900000000133,1.038598952553428,0.0,0.0,1100.0,200.10439074112588,200.39608024110973,200.10439074112588,optimal,0.5834859292954206,0.5112573569640517,f20,development
hourly_seed_930095,b1b6237487c4299a39e7d959f8f32de74912a6f99c95e27826cf9c5ff105b896,930095,0,8,0,perfect_information,15.938917322613174,0.40372188559020455,39.47994372242647,0.9668211864180626,0.9500008807947915,0.24999900000000225,0.6588268724100786,0.0,0.0,1100.0,200.10439074112588,200.39608024110973,200.10439074112588,optimal,0.5941008632071316,0.48084289068356156,f20,development
hourly_seed_930081,62569cfaad6f27a3f37c97db17d07a9fb7862b03bd964a534feccd570f77f0d0,930081,0,4,0,perfect_information,19.427372225403854,0.4920820648072046,39.47994372242647,0.9625007010998717,0.9500009021997419,0.24999900000000091,0.500000974263065,0.0,0.0,1100.0,200.10439074112588,200.39608024110973,200.10439074112588,optimal,0.9289009706117213,0.8281289148144424,f20,development
hourly_seed_930081,62569cfaad6f27a3f37c97db17d07a9fb7862b03bd964a534feccd570f77f0d0,930081,0,8,0,perfect_information,17.1475502700379,0.43433573235559814,39.47994372242647,0.9620831452938046,0.9500008891968831,0.24999900000000094,0.5000009708412569,0.0,0.0,1100.0,200.10439074112588,200.39608024110973,200.10439074112588,optimal,0.7633814290165901,0.5942444247193635,f20,development
hourly_seed_930007,6005fc65d722586b64de7d2871fb408b731f3b54e66a0b7089b6b7804c3a2a2f,930007,0,4,0,perfect_information,28.480773422761754,0.36069926572087957,78.95988744485294,0.9625007166441293,0.9500009332882576,0.24999899999999972,0.5000009824442622,0.0,1.8189894035458565e-12,1100.0,212.15515690863197,217.38446437672522,212.15515690863197,optimal,0.46030749613419175,0.4748240630142391,f40,development
hourly_seed_930007,6005fc65d722586b64de7d2871fb408b731f3b54e66a0b7089b6b7804c3a2a2f,930007,0,8,0,perfect_information,25.388611911651378,0.32153809653519655,78.95988744485294,0.9625007172589085,0.9500009251632179,0.2499990000000301,0.5000009803060912,0.0,9.094947017729282e-12,1100.0,212.15515690863197,217.38446437672522,212.15515690863197,optimal,0.42540454119443893,0.5073199230246246,f40,development
hourly_seed_930096,54246a2ecf8c83b621c5f9b97e2b968c844bc30152b3d4921f18e08b72ca5a5b,930096,0,4,0,perfect_information,20.137115498679396,0.5100593769904632,39.47994372242647,0.9625007028233832,0.9500009056467664,0.24999900000000244,0.5000009751701776,0.0,0.0,1100.0,200.10439074112588,200.39608024110973,200.10439074112588,optimal,0.6089915949851274,0.4976527136750519,f20,development
hourly_seed_930096,54246a2ecf8c83b621c5f9b97e2b968c844bc30152b3d4921f18e08b72ca5a5b,930096,0,8,0,perfect_information,15.07916776353504,0.3819450166786677,39.47994372242647,0.9625101976361631,0.9500008739982211,0.24999900000000302,0.5000009668416033,0.0,0.0,1100.0,200.10439074112588,200.39608024110973,200.10439074112588,optimal,0.5750382370315492,0.6166303413920105,f20,development
hourly_seed_930001,96a15aab8f60e0a740b10105dbf97048d5e0267bdd4eff85c9fc963f672fe372,930001,0,4,0,perfect_information,25.78706016669984,0.32658430756642104,78.95988744485294,0.9625007131597789,0.9500009263195569,0.24999900000002417,0.5000009806103922,0.0,0.0,1100.0,212.15515690863197,217.38446437672522,212.15515690863197,optimal,0.6465264554135501,0.4542518872767687,f40,development
hourly_seed_930001,96a15aab8f60e0a740b10105dbf97048d5e0267bdd4eff85c9fc963f672fe372,930001,0,8,0,perfect_information,25.78706016669984,0.32658430756642104,78.95988744485294,0.9625007177648068,0.9500009263195569,0.249999000000007,0.5000009806103922,0.0,0.0,1100.0,212.15515690863197,217.38446437672522,212.15515690863197,optimal,0.46338140359148383,0.5658740699291229,f40,development
hourly_seed_930092,6e0e49eb38eeccf4dd0e4841e6f0077e164bb8ba212c619282bca4c02aca5743,930092,0,4,0,perfect_information,15.60074358930672,0.39515617598119224,39.47994372242647,0.9750004543290519,0.9500008782108039,0.2499990000000019,0.5000009679501812,0.0,1.3642420526593924e-12,1100.0,200.10439074112588,200.39608024110973,200.10439074112588,optimal,0.5818966380320489,0.5043202149681747,f20,development
hourly_seed_930092,6e0e49eb38eeccf4dd0e4841e6f0077e164bb8ba212c619282bca4c02aca5743,930092,0,8,0,perfect_information,15.60074358930672,0.39515617598119224,39.47994372242647,0.9700632711002801,0.9500008782108039,0.2499989999999997,0.5000009679501812,0.0,0.0,1100.0,200.10439074112588,200.39608024110973,200.10439074112588,optimal,0.9605778851546347,0.6055598938837647,f20,development
hourly_seed_930083,bbee09ed975608523ffd56b5d66ccca7363288bfa280b8afe75df51dacb2d33b,930083,0,4,0,perfect_information,13.971331413700998,0.35388427886143675,39.47994372242647,0.9625006820035459,0.9500008640070897,0.24999900000000033,0.5000009642123597,0.0,0.0,1100.0,200.10439074112588,200.39608024110973,200.10439074112588,optimal,0.9183858758769929,0.8973655477166176,f20,development
hourly_seed_930083,bbee09ed975608523ffd56b5d66ccca7363288bfa280b8afe75df51dacb2d33b,930083,0,8,0,perfect_information,13.971331413700998,0.35388427886143675,39.47994372242647,0.9687505740026596,0.9500008640070897,0.24999899999999894,0.5000009642123597,0.0,0.0,1100.0,200.10439074112588,200.39608024110973,200.10439074112588,optimal,0.9592608870007098,0.9188323798589408,f20,development
hourly_seed_930098,f5b28dec2ebf128fc86135db62f048831a588246c9493bda8a105aaebb8c7588,930098,0,4,0,perfect_information,20.76381653197542,0.5259332859732673,39.47994372242647,0.9750004656854638,0.9500009084945699,0.2499990000000005,1.4119764903857224,0.0,0.0,1100.0,200.10439074112588,200.39608024110973,200.10439074112588,optimal,0.8466207976453006,0.7097637811675668,f20,development
hourly_seed_930098,f5b28dec2ebf128fc86135db62f048831a588246c9493bda8a105aaebb8c7588,930098,0,8,0,perfect_information,19.101669775993237,0.4838322442983268,39.47994372242647,0.9625007064828169,0.9500009005321531,0.24999900000000286,0.9500009502660766,0.0,0.0,1100.0,200.10439074112588,200.39608024110973,200.10439074112588,optimal,0.49720113072544336,0.53814797103405,f20,development
hourly_seed_930009,6e539f95cbe6ed9fa947048b43249c9611a2d75fb60f0cadccc3b51662df38e1,930009,0,4,0,perfect_information,30.772788363349026,0.38972685193911044,78.95988744485294,0.9625007191285371,0.9500009382570732,0.24999900000000014,0.5000009837518457,0.0,3.637978807091713e-12,1100.0,212.15515690863197,217.38446437672522,212.15515690863197,optimal,0.4292309149168432,0.4534153528511524,f40,development
hourly_seed_930009,6e539f95cbe6ed9fa947048b43249c9611a2d75fb60f0cadccc3b51662df38e1,930009,0,8,0,perfect_information,30.772788363349026,0.38972685193911044,78.95988744485294,0.96250072298747,0.9500009382570732,0.24999899999999933,0.5000009837518457,0.0,0.0,1100.0,212.15515690863197,217.38446437672522,212.15515690863197,optimal,0.5390397566370666,0.5039808619767427,f40,development
hourly_seed_930000,227f7f945690931e9b9c0cb3545782c707e0d7a821dbcafa3d508b6281d44079,930000,0,4,0,perfect_information,30.15062196598694,0.3818473270626772,78.95988744485294,0.9625007184914964,0.9500009369829927,0.24999900000000422,0.500000983416551,0.0,0.0,1100.0,212.15515690863197,217.38446437672522,212.15515690863197,optimal,0.7602465087547898,0.5154757029376924,f40,development
hourly_seed_930000,227f7f945690931e9b9c0cb3545782c707e0d7a821dbcafa3d508b6281d44079,930000,0,8,0,perfect_information,27.72337818040792,0.3511071137198675,78.95988744485294,0.9687505992996424,0.9500009314657127,0.24999900000000191,0.5000009819646444,0.0,0.0,1100.0,212.15515690863197,217.38446437672522,212.15515690863197,optimal,0.5001453291624784,0.8884527329355478,f40,development
hourly_seed_930005,38ebe66401e47590785a03d3d91c4070a93edc04720f5a8c9288a43029117de3,930005,0,4,0,perfect_information,36.42023206696181,0.461249797150463,78.95988744485294,0.9625007239155703,0.9500009478311406,0.24999900000000017,0.5000009862713387,0.0,0.0,1100.0,212.15515690863197,217.38446437672522,212.15515690863197,optimal,0.7207622579298913,0.6182904411107302,f40,development
hourly_seed_930005,38ebe66401e47590785a03d3d91c4070a93edc04720f5a8c9288a43029117de3,930005,0,8,0,perfect_information,27.154868666309504,0.34390713493955993,78.95988744485294,0.9586172792585556,0.950000930030889,0.24999900000012026,0.5000009815870574,0.0,0.0,1100.0,212.15515690863197,217.38446437672522,212.15515690863197,optimal,0.503151967190206,0.5278725777752697,f40,development
hourly_seed_930088,eae70c79d0989e9ec28157c2bc136cce4f0819f8c3350448722be05d349e59f3,930088,0,4,0,perfect_information,20.48730013544092,0.5189293145775982,39.47994372242647,0.9750004652223216,0.9500009072595242,0.24999900000000172,0.5000009755945886,0.0,0.0,1100.0,200.10439074112588,200.39608024110973,200.10439074112588,optimal,0.8237441778182983,0.7875528358854353,f20,development
hourly_seed_930088,eae70c79d0989e9ec28157c2bc136cce4f0819f8c3350448722be05d349e59f3,930088,0,8,0,perfect_information,15.673254539248404,0.39699282880044373,39.47994372242647,0.968750579540345,0.9500008787742511,0.24999900000000677,0.5000009680984575,0.0,3.410605131648481e-12,1100.0,200.10439074112588,200.39608024110973,200.10439074112588,optimal,0.8094323300756514,0.9058050592429936,f20,development
hourly_seed_930011,9402f148f07c6aea88da1fae7bb562e6b69ddaf22fef26d2d199db217063e2c1,930011,0,4,0,perfect_information,32.72947869471658,0.41450766653606824,78.95988744485294,0.9625007209741487,0.9500009419482974,0.24999900000000724,0.500000984723222,0.0,0.0,1100.0,212.15515690863197,217.38446437672522,212.15515690863197,optimal,0.5602150959894061,0.47183886589482427,f40,development
hourly_seed_930011,9402f148f07c6aea88da1fae7bb562e6b69ddaf22fef26d2d199db217063e2c1,930011,0,8,0,perfect_information,31.069265589011337,0.39348163471877656,78.95988744485294,0.9625007232452352,0.9500009388462526,0.2499990000000003,0.5000009839068942,0.0,0.0,1100.0,212.15515690863197,217.38446437672522,212.15515690863197,optimal,0.5140303941443563,0.9823707481846213,f40,development
hourly_seed_930004,32d8d03bff79502ef37e8b6360132f2ce2097d5e65a794c209a21f8b3ca1f572,930004,0,4,0,perfect_information,37.77608306777418,0.4784211868862871,78.95988744485294,0.9500009685647338,0.9500009497035741,0.24999900000000813,0.5000009867640841,0.0,0.0,1100.0,212.15515690863197,217.38446437672522,212.15515690863197,optimal,0.5039028818719089,0.8134840647689998,f40,development
hourly_seed_930004,32d8d03bff79502ef37e8b6360132f2ce2097d5e65a794c209a21f8b3ca1f572,930004,0,8,0,perfect_information,23.63231935184913,0.2992952512546878,78.95988744485294,0.9625007148256757,0.9500009196015426,0.24999900000056544,0.5000009788424931,0.0,0.0,1100.0,212.15515690863197,217.38446437672522,212.15515690863197,optimal,0.7355060479603708,0.8279537037014961,f40,development
hourly_seed_930016,744c50a10c66b1656e2a52bbe4d2112ba8969a6da9c6cadce927211ff185b7b6,930016,0,4,0,perfect_information,37.0935429172974,0.4697770490517001,78.95988744485294,0.9500009679863073,0.9500009487780942,0.24999900000122108,0.5000009865205379,0.0,3.637978807091713e-12,1100.0,212.15515690863197,217.38446437672522,212.15515690863197,optimal,0.5578974820673466,0.5092441448941827,f40,development
hourly_seed_930016,744c50a10c66b1656e2a52bbe4d2112ba8969a6da9c6cadce927211ff185b7b6,930016,0,8,0,perfect_information,33.005838770862894,0.418007672489589,78.95988744485294,0.962500724815036,0.9500009424343682,0.24999900000018624,0.5000009848511366,0.0,0.0,1100.0,212.15515690863197,217.38446437672522,212.15515690863197,optimal,0.5616205451078713,0.5596357621252537,f40,development
hourly_seed_930091,bc5479bd5bc81bb35eb92298879320ef74da1847ef90a3692aa959152c11700c,930091,0,4,0,perfect_information,21.15004159606808,0.5357161029602445,39.47994372242647,0.9693207644041975,0.9500009101655658,0.24999899999999955,0.5000009763593389,0.0,0.0,1100.0,200.10439074112588,200.39608024110973,200.10439074112588,optimal,0.911631315946579,0.8083422044292092,f20,development
hourly_seed_930091,bc5479bd5bc81bb35eb92298879320ef74da1847ef90a3692aa959152c11700c,930091,0,8,0,perfect_information,16.11592856151605,0.40820545932950364,39.47994372242647,0.9633231660174707,0.9500008821040927,0.24999899999999886,0.5000009689747291,0.0,0.0,1100.0,200.10439074112588,200.39608024110973,200.10439074112588,optimal,0.9671907750889659,0.8253734782338142,f20,development
hourly_seed_930089,0699037f558f90e9a75b4cc1d98b9e28f6f4d8515d6c8397a583e693726347aa,930089,0,4,0,perfect_information,20.69095751527488,0.5240878168608291,39.47994372242647,0.975000465564632,0.950000908172352,0.24999900000000166,1.254308498867241,0.0,0.0,1100.0,200.10439074112588,200.39608024110973,200.10439074112588,optimal,0.9348818170838058,0.8515887479297817,f20,development
hourly_seed_930089,0699037f558f90e9a75b4cc1d98b9e28f6f4d8515d6c8397a583e693726347aa,930089,0,8,0,perfect_information,16.153946833866314,0.40916843619232696,39.47994372242647,0.9625006985419338,0.9500008823815604,0.24999900000000072,1.2834861628624896,0.0,2.0122570276726037e-11,1100.0,200.10439074112588,200.39608024110973,200.10439074112588,optimal,0.8904325552284718,0.8947804230265319,f20,development
hourly_seed_930015,d2a6d93140d778c0b2fa89fa9dec67f15805e34b5ec178afb9423140e6d3d321,930015,0,4,0,perfect_information,24.541566916213625,0.31081056103776633,78.95988744485294,0.9625007112901246,0.9500009225802482,0.2499990000000685,0.5000009796263626,0.0,0.0,1100.0,212.15515690863197,217.38446437672522,212.15515690863197,optimal,0.657482260838151,0.5244975378736854,f40,development
hourly_seed_930015,d2a6d93140d778c0b2fa89fa9dec67f15805e34b5ec178afb9423140e6d3d321,930015,0,8,0,perfect_information,24.541566916213625,0.31081056103776633,78.95988744485294,0.9602703999208683,0.9500009225802482,0.2499990000017784,0.5000009796263626,0.0,0.0,1100.0,212.15515690863197,217.38446437672522,212.15515690863197,optimal,0.42670209892094135,0.5279134889133275,f40,development
hourly_seed_930010,35da3a4e68f498e2c93c03c5e031226941a79205b4c12143cece7856675bae65,930010,0,4,0,perfect_information,26.94191807860766,0.34121018849506846,78.95988744485294,0.9625007147389254,0.950000929477851,0.249999,0.5000009814415238,0.0,0.0,1100.0,212.15515690863197,217.38446437672522,212.15515690863197,optimal,0.4288258431479335,0.4824529797770083,f40,development
hourly_seed_930010,35da3a4e68f498e2c93c03c5e031226941a79205b4c12143cece7856675bae65,930010,0,8,0,perfect_information,26.94191807860766,0.34121018849506846,78.95988744485294,0.9687505985541945,0.950000929477851,0.24999900000000033,0.5000009814415238,0.0,0.0,1100.0,212.15515690863197,217.38446437672522,212.15515690863197,optimal,0.7155961068347096,0.8716649920679629,f40,development
hourly_seed_930090,52a91e6d26f48c98dec61523b542f631c980414159f503ebc0b63acfd714bec9,930090,0,4,0,perfect_information,11.796486372489884,0.298796939920381,39.47994372242647,0.9750004396005957,0.9500008389349203,0.24999900000001068,0.5000009576144112,0.0,0.0,1100.0,200.10439074112588,200.39608024110973,200.10439074112588,optimal,0.9043495208024979,0.8155324882827699,f20,development
hourly_seed_930090,52a91e6d26f48c98dec61523b542f631c980414159f503ebc0b63acfd714bec9,930090,0,8,0,perfect_information,11.796486372489884,0.298796939920381,39.47994372242647,0.9687505646005962,0.9500008389349203,0.24999900000002606,0.5000009576144112,0.0,0.0,1100.0,200.10439074112588,200.39608024110973,200.10439074112588,optimal,0.872840718831867,0.9397554369643331,f20,development
hourly_seed_930099,85d16e82eb3de80d86f0bfea6917fe73d226cc74ad16bf72d6a4032a6c14cbae,930099,0,4,0,perfect_information,13.913302570870721,0.3524144479204845,39.47994372242647,0.9750004487899632,0.950000863439902,0.24999900000001668,0.5000009640631002,0.0,0.0,1100.0,200.10439074112588,200.39608024110973,200.10439074112588,optimal,0.8886095252819359,0.7985559138469398,f20,development
hourly_seed_930099,85d16e82eb3de80d86f0bfea6917fe73d226cc74ad16bf72d6a4032a6c14cbae,930099,0,8,0,perfect_information,13.913302570870721,0.3524144479204845,39.47994372242647,0.9716099351168851,0.950000863439902,0.24999900000000272,0.5000009640631002,0.0,6.252776074688882e-12,1100.0,200.10439074112588,200.39608024110973,200.10439074112588,optimal,0.8618163103237748,0.5340792066417634,f20,development
hourly_seed_930013,80207435fba46e461dee4d296d12965bd74251c94469ebd76ca0bbc1f9d1ead8,930013,0,4,0,perfect_information,35.80426349902115,0.45344876566633296,78.95988744485294,0.9625007234668196,0.9500009469336392,0.24999900000020286,1.2440041884798136,0.0,0.0,1100.0,212.15515690863197,217.38446437672522,212.15515690863197,optimal,0.729905943851918,0.6114666094072163,f40,development
hourly_seed_930013,80207435fba46e461dee4d296d12965bd74251c94469ebd76ca0bbc1f9d1ead8,930013,0,8,0,perfect_information,22.770378794739727,0.288379068557348,78.95988744485294,0.9625007134942013,0.9500009165581725,0.2499990000001198,0.9500009582790875,0.0,0.0,1100.0,212.15515690863197,217.38446437672522,212.15515690863197,optimal,0.5111662861891091,0.7952023739926517,f40,development
hourly_seed_930008,750624dc81189cec18f5bbc7997134a128586c7b9d4d366df707b503e97a82b2,930008,0,4,0,perfect_information,35.14047404043924,0.44504209893893276,78.95988744485294,0.9625007229656186,0.9500009459312371,0.24999899999997907,0.5000009857713639,0.0,0.0,1100.0,212.15515690863197,217.38446437672522,212.15515690863197,optimal,0.7087254454381764,0.8188438066281378,f40,development
hourly_seed_930008,750624dc81189cec18f5bbc7997134a128586c7b9d4d366df707b503e97a82b2,930008,0,8,0,perfect_information,34.925408893562384,0.4423183723248712,78.95988744485294,0.9687506045993586,0.9500009455982901,0.2499990000000005,0.5000009856837473,0.0,0.0,1100.0,212.15515690863197,217.38446437672522,212.15515690863197,optimal,0.7206371179781854,0.46810705307871103,f40,development
hourly_seed_930003,e3436a33be82c5e4ced5187760fac5f9d503309cffb5ad3dd5c46a546031cc7d,930003,0,4,0,perfect_information,30.244140447280696,0.38303170668022757,78.95988744485294,0.9625007185889245,0.9500009371778488,0.24999900000000808,0.5000009834678402,0.0,1.0913936421275139e-11,1100.0,212.15515690863197,217.38446437672522,212.15515690863197,optimal,0.6922302227467299,0.8393462938256562,f40,development
hourly_seed_930003,e3436a33be82c5e4ced5187760fac5f9d503309cffb5ad3dd5c46a546031cc7d,930003,0,8,0,perfect_information,29.644681846914512,0.3754397682952488,78.95988744485294,0.96875060096531,0.9500009359074936,0.24999900000000072,0.5000009831335336,0.0,5.4569682106375694e-12,1100.0,212.15515690863197,217.38446437672522,212.15515690863197,optimal,0.80533810518682,0.7747448389418423,f40,development
hourly_seed_930097,b0cf0b9f1498439241483b35130fd192017f2af14c07a87db452e829b97cac76,930097,0,4,0,perfect_information,15.3704112051962,0.38932201406520955,39.47994372242647,0.9750004536446535,0.9500008763857429,0.24999900000000178,0.5000009674698978,0.0,4.547473508864641e-13,1100.0,200.10439074112588,200.39608024110973,200.10439074112588,optimal,0.9049951448105276,0.7849561311304569,f20,development
hourly_seed_930097,b0cf0b9f1498439241483b35130fd192017f2af14c07a87db452e829b97cac76,930097,0,8,0,perfect_information,13.115872319596845,0.33221608449625045,39.47994372242647,0.9687505706764502,0.9500008551371977,0.2499990000000009,0.5000009618781732,0.0,0.0,1100.0,200.10439074112588,200.39608024110973,200.10439074112588,optimal,0.9279443146660924,0.8465759279206395,f20,development
hourly_seed_930023,c3c9f2132b86add33cfc72786327f10efbae4b985ee33510cfe3c6ca7935ca63,930023,0,4,0,perfect_information,30.46086457142148,0.38577644367459263,78.95988744485294,0.9750004766093063,0.9500009376248164,0.24999900000009725,0.5000009835854637,0.0,0.0,1100.0,212.15515690863197,217.38446437672522,212.15515690863197,optimal,0.7013102490454912,0.542459286749363,f40,development
hourly_seed_930023,c3c9f2132b86add33cfc72786327f10efbae4b985ee33510cfe3c6ca7935ca63,930023,0,8,0,perfect_information,24.770441958094047,0.31370918525427466,78.95988744485294,0.9625007164418233,0.9500009232955947,0.249999000000018,0.5000009798146112,0.0,1.8189894035458565e-12,1100.0,212.15515690863197,217.38446437672522,212.15515690863197,optimal,0.5170222418382764,0.6084999712184072,f40,development
hourly_seed_930006,efccbc415e351845e5bdeb1b818d2292b23b16f59f42bb3683551cb5cd4d8b65,930006,0,4,0,perfect_information,31.81834430479233,0.40296846075185777,78.95988744485294,0.9625007201429788,0.9500009402859575,0.24999900000000777,0.500000984285764,0.0,1.8189894035458565e-12,1100.0,212.15515690863197,217.38446437672522,212.15515690863197,optimal,0.7971106162294745,0.7349065248854458,f40,development
hourly_seed_930006,efccbc415e351845e5bdeb1b818d2292b23b16f59f42bb3683551cb5cd4d8b65,930006,0,8,0,perfect_information,23.94340694650919,0.3032350693664769,78.95988744485294,0.9687505952422993,0.9500009206461317,0.24999900000002312,0.5000009791173854,0.0,0.0,1100.0,212.15515690863197,217.38446437672522,212.15515690863197,optimal,0.8515714481472969,0.8614061679691076,f40,development
hourly_seed_930021,84ff33d5fabad01971330ba69b169457a1b5a1999d1b31447353cc1be8521057,930021,0,4,0,perfect_information,33.2843195856387,0.4215345368733598,78.95988744485294,0.9625007214580019,0.9500009429160041,0.24999900000000122,0.5000009849778821,0.0,0.0,1100.0,212.15515690863197,217.38446437672522,212.15515690863197,optimal,0.8542059538885951,0.7736068707890809,f40,development
hourly_seed_930021,84ff33d5fabad01971330ba69b169457a1b5a1999d1b31447353cc1be8521057,930021,0,8,0,perfect_information,33.2843195856387,0.4215345368733598,78.95988744485294,0.9637988575641697,0.9500009429160041,0.24999900000000053,0.5000009849778821,0.0,0.0,1100.0,212.15515690863197,217.38446437672522,212.15515690863197,optimal,0.46074227802455425,0.5677806818857789,f40,development
hourly_seed_930019,cdc4d3503c4eae29309dbac98c38733ea4fe8df1ddbb5e7103e030dc9346a37f,930019,0,4,0,perfect_information,36.28985300692698,0.459598590895567,78.95988744485294,0.9625007238218565,0.9500009476437128,0.24999900000000047,0.5000009862220173,0.0,0.0,1100.0,212.15515690863197,217.38446437672522,212.15515690863197,optimal,0.4792414512485266,0.4451825022697449,f40,development
hourly_seed_930019,cdc4d3503c4eae29309dbac98c38733ea4fe8df1ddbb5e7103e030dc9346a37f,930019,0,8,0,perfect_information,32.649726208971146,0.4134976285493609,78.95988744485294,0.9687506031774361,0.9500009418064963,0.24999900000000047,0.5000009846859055,0.0,0.0,1100.0,212.15515690863197,217.38446437672522,212.15515690863197,optimal,0.7403269978240132,0.8368143578991294,f40,development
hourly_seed_930014,a997ca304fabc4d95b929025cf93371d80d85c3a4a7b1a33268ad04a8dac3986,930014,0,4,0,perfect_information,27.832268287712576,0.3524861697295497,78.95988744485294,0.9629833067602672,0.9500009317338423,0.24999900000000033,0.5000009820352033,0.0,0.0,1100.0,212.15515690863197,217.38446437672522,212.15515690863197,optimal,0.701414090115577,0.7934497529640794,f40,development
hourly_seed_930014,a997ca304fabc4d95b929025cf93371d80d85c3a4a7b1a33268ad04a8dac3986,930014,0,8,0,perfect_information,27.832268287712576,0.3524861697295497,78.95988744485294,0.9627420155802294,0.9500009317338423,0.24999900000000114,0.5000009820352033,0.0,0.0,1100.0,212.15515690863197,217.38446437672522,212.15515690863197,optimal,0.6447716732509434,0.7406465201638639,f40,development
hourly_seed_930024,6402aaff7a5ee7e9dd533e19c8873c7cb2546240a7d95f8b1ea6b8010bddc4e1,930024,0,4,0,perfect_information,29.328747152061617,0.3714385633153968,78.95988744485294,0.9625007176085382,0.9500009352170752,0.2499990000000004,0.5000009829518466,0.0,0.0,1100.0,212.15515690863197,217.38446437672522,212.15515690863197,optimal,0.4588921070098877,0.48325803503394127,f40,development
hourly_seed_930024,6402aaff7a5ee7e9dd533e19c8873c7cb2546240a7d95f8b1ea6b8010bddc4e1,930024,0,8,0,perfect_information,29.328747152061617,0.3714385633153968,78.95988744485294,0.962500721657471,0.9500009352170752,0.2499990000000004,0.5000009829518466,0.0,0.0,1100.0,212.15515690863197,217.38446437672522,212.15515690863197,optimal,0.6447459841147065,0.811819045804441,f40,development
hourly_seed_930017,d368a73a6fa557dc050bfcd7cc7ef32d6a1d6c301e6f0f0c2b9496ca4c9eae1c,930017,0,4,0,perfect_information,34.341098854064704,0.4349182852881999,78.95988744485294,0.9625007223363256,0.950000944672651,0.24999900000000078,0.5000009854401587,0.0,9.094947017729282e-12,1100.0,212.15515690863197,217.38446437672522,212.15515690863197,optimal,0.7037546848878264,0.8692809361964464,f40,development
hourly_seed_930017,d368a73a6fa557dc050bfcd7cc7ef32d6a1d6c301e6f0f0c2b9496ca4c9eae1c,930017,0,8,0,perfect_information,34.341098854064704,0.4349182852881999,78.95988744485294,0.9652721320897001,0.950000944672651,0.24999900000000072,0.5000009854401587,0.0,0.0,1100.0,212.15515690863197,217.38446437672522,212.15515690863197,optimal,0.689844889100641,0.7537403898313642,f40,development
hourly_seed_930012,d82d0850e22071b23822881cb13acc9085d9c0ee625dd7935573ee15f62cd2c4,930012,0,4,0,perfect_information,35.412186569249336,0.448483245293148,78.95988744485294,0.9625007231730494,0.9500009463460987,0.24999900000000008,0.5000009858805391,0.0,1.0913936421275139e-11,1100.0,212.15515690863197,217.38446437672522,212.15515690863197,optimal,0.8674130346626043,0.7088996358215809,f40,development
hourly_seed_930012,d82d0850e22071b23822881cb13acc9085d9c0ee625dd7935573ee15f62cd2c4,930012,0,8,0,perfect_information,26.01867854526556,0.3295176752048626,78.95988744485294,0.9625007180517646,0.9500009269754605,0.2499990000001533,0.5000009807829972,0.0,0.0,1100.0,212.15515690863197,217.38446437672522,212.15515690863197,optimal,0.7732278490439057,0.9453749819658697,f40,development
hourly_seed_930027,f5907af8ac7106109666fbae867cd9cd0fd017479c9ec25b838f6c899908ee1e,930027,0,4,0,perfect_information,38.425992815325536,0.4866520718151095,78.95988744485294,0.9625007252771257,0.9500009505542505,0.24999900000000075,0.500000986987949,0.0,0.0,1100.0,212.15515690863197,217.38446437672522,212.15515690863197,optimal,0.7194789396598935,0.538945606444031,f40,development
hourly_seed_930027,f5907af8ac7106109666fbae867cd9cd0fd017479c9ec25b838f6c899908ee1e,930027,0,8,0,perfect_information,37.283306498237174,0.47218033997675757,78.95988744485294,0.9683079500920041,0.9500009490388021,0.2499990000000131,0.5000009865891457,0.0,0.0,1100.0,212.15515690863197,217.38446437672522,212.15515690863197,optimal,0.568973770365119,0.5067922887392342,f40,development
hourly_seed_930020,58f01f6cea5ba76d1007aae7d6a582fcaaecb87074ab3b781c821b41c59d316d,930020,0,4,0,perfect_information,18.909206778415005,0.23947864403456182,78.95988744485294,0.9750004623199027,0.9500008995197396,0.24999900000000047,0.5000009735578032,0.0,0.0,1100.0,212.15515690863197,217.38446437672522,212.15515690863197,optimal,0.7263174820691347,0.7406153492629528,f40,development
hourly_seed_930020,58f01f6cea5ba76d1007aae7d6a582fcaaecb87074ab3b781c821b41c59d316d,930020,0,8,0,perfect_information,18.909206778415005,0.23947864403456182,78.95988744485294,0.9625007060398871,0.9500008995197396,0.24999900000000103,0.5000009735578032,0.0,0.0,1100.0,212.15515690863197,217.38446437672522,212.15515690863197,optimal,0.6982640400528908,0.8437499110586941,f40,development
hourly_seed_930018,322cceccb364052db0b38274203d9711e5550451e19a09927ca0054862a56ff2,930018,0,4,0,perfect_information,31.90720954623672,0.4040939086763683,78.95988744485294,0.9625007202261335,0.9500009404522662,0.2499990000000231,0.5000009843295251,0.0,1.6370904631912708e-11,1100.0,212.15515690863197,217.38446437672522,212.15515690863197,optimal,0.8893814790062606,0.7577091138809919,f40,development
hourly_seed_930018,322cceccb364052db0b38274203d9711e5550451e19a09927ca0054862a56ff2,930018,0,8,0,perfect_information,31.90720954623672,0.4040939086763683,78.95988744485294,0.9687506026696003,0.9500009404522662,0.24999900000000208,0.5000009843295287,0.0,0.0,1100.0,212.15515690863197,217.38446437672522,212.15515690863197,optimal,0.6799310087226331,0.8196253329515457,f40,development
hourly_seed_930022,f1621a0e550f50f75a4f2ef56a13d9e3f1bb7e91c662f1dd7ed167bea05ba3ad,930022,0,4,0,perfect_information,33.41893471094739,0.4232393914478133,78.95988744485294,0.975000478679729,0.9500009431459446,0.2499989999999998,0.5000009850383831,0.0,5.4569682106375694e-12,1100.0,212.15515690863197,217.38446437672522,212.15515690863197,optimal,0.5277810380794108,0.8564475681632757,f40,development
hourly_seed_930022,f1621a0e550f50f75a4f2ef56a13d9e3f1bb7e91c662f1dd7ed167bea05ba3ad,930022,0,8,0,perfect_information,32.786709379582085,0.4152324736085894,78.95988744485294,0.975000481890509,0.9500009420496277,0.24999899999999978,0.5000009847498874,0.0,0.0,1100.0,212.15515690863197,217.38446437672522,212.15515690863197,optimal,0.7787606529891491,0.919465712737292,f40,development
hourly_seed_930037,6431e9e6cac9484ad35b3b9f1fd4ff1da20a038fcad49c56a2d666170540b124,930037,0,4,0,perfect_information,25.79425636088847,0.32667544490743683,78.95988744485294,0.9750004723775425,0.9500009263401127,0.24999900000000197,0.500000980615802,0.0,1.8189894035458565e-11,1100.0,212.15515690863197,217.38446437672522,212.15515690863197,optimal,0.5332408212125301,0.4798749750480056,f40,development
hourly_seed_930037,6431e9e6cac9484ad35b3b9f1fd4ff1da20a038fcad49c56a2d666170540b124,930037,0,8,0,perfect_information,25.79425636088847,0.32667544490743683,78.95988744485294,0.9625007177738,0.9500009263401127,0.24999900000000486,0.500000980615802,0.0,0.0,1100.0,212.15515690863197,217.38446437672522,212.15515690863197,optimal,0.4321506633423269,0.5187090919353068,f40,development
hourly_seed_930026,c17f74845404f8470086e971a3c38f9f1f9196f7161e4f4a5206910876260feb,930026,0,4,0,perfect_information,27.574203418387807,0.3492178663203661,78.95988744485294,0.975000474160605,0.9500009310949464,0.249999,0.5000009818670718,0.0,3.637978807091713e-12,1100.0,212.15515690863197,217.38446437672522,212.15515690863197,optimal,0.7408058913424611,0.7767681712284684,f40,development
hourly_seed_930026,c17f74845404f8470086e971a3c38f9f1f9196f7161e4f4a5206910876260feb,930026,0,8,0,perfect_information,27.574203418387807,0.3492178663203661,78.95988744485294,0.9625007198540391,0.9500009310949464,0.24999900000000075,0.5000009818670759,0.0,0.0,1100.0,212.15515690863197,217.38446437672522,212.15515690863197,optimal,0.45857905503362417,0.6098413802683353,f40,development
hourly_seed_930030,bfaf3d0fcbf22e8fc5467ad0bbde619a183ed912e98f2dbd247be0a4a030a474,930030,0,4,0,perfect_information,38.61257925541964,0.48901512533673996,78.95988744485294,0.9500009753965931,0.9500009507931856,0.24999900000000316,0.5000009870508256,0.0,0.0,1100.0,212.15515690863197,217.38446437672522,212.15515690863197,optimal,0.8184095146134496,0.7583088781684637,f40,development
hourly_seed_930030,bfaf3d0fcbf22e8fc5467ad0bbde619a183ed912e98f2dbd247be0a4a030a474,930030,0,8,0,perfect_information,38.61257925541964,0.48901512533673996,78.95988744485294,0.9500009784720191,0.9500009507931856,0.24999900000000008,0.5000009870508256,0.0,1.4551915228366852e-11,1100.0,212.15515690863197,217.38446437672522,212.15515690863197,optimal,0.5288370749913156,0.48008812591433525,f40,development
hourly_seed_930025,107cf2d803a66b2c89301f2b7241b4ff983a05f776f5e10a22a1cfaf633ba52c,930025,0,4,0,perfect_information,30.36712201961024,0.3845892262804858,78.95988744485294,0.9625007187161333,0.9500009374322658,0.2499989999999996,0.5000009835347912,0.0,0.0,1100.0,212.15515690863197,217.38446437672522,212.15515690863197,optimal,0.7318900148384273,0.8148472337052226,f40,development
hourly_seed_930025,107cf2d803a66b2c89301f2b7241b4ff983a05f776f5e10a22a1cfaf633ba52c,930025,0,8,0,perfect_information,29.573094766972307,0.3745331423835515,78.95988744485294,0.962500721891651,0.950000935752344,0.24999900000000078,0.5000009830927072,0.0,0.0,1100.0,212.15515690863197,217.38446437672522,212.15515690863197,optimal,0.7393165719695389,0.8146940129809082,f40,development
hourly_seed_930033,ec60df0f261452a7211be9bef6c8ab8be0eabe08d4f0e7dd8b299bbf68a9dcd8,930033,0,4,0,perfect_information,28.734785969119127,0.36391624784404664,78.95988744485294,0.9625007169389919,0.9500009338779826,0.2499989999999997,0.5000009825994524,0.0,0.0,1100.0,212.15515690863197,217.38446437672522,212.15515690863197,optimal,0.5262893191538751,0.4463590602390468,f40,development
hourly_seed_930033,ec60df0f261452a7211be9bef6c8ab8be0eabe08d4f0e7dd8b299bbf68a9dcd8,930033,0,8,0,perfect_information,28.734785969119127,0.36391624784404664,78.95988744485294,0.968750600204244,0.9500009338779826,0.24999900000000183,0.5000009825994524,0.0,3.637978807091713e-12,1100.0,212.15515690863197,217.38446437672522,212.15515690863197,optimal,0.5368535928428173,0.5227074669674039,f40,development
hourly_seed_930028,d0360ac4d47ea56b04b5c242421e97d119913af0997b80326e99e4ad020daf0a,930028,0,4,0,perfect_information,36.24594489016809,0.4590425095968245,78.95988744485294,0.9625007237901444,0.9500009475802887,0.24999900000000078,0.5000009862053251,0.0,0.0,1100.0,212.15515690863197,217.38446437672522,212.15515690863197,optimal,0.44280340895056725,0.4663489032536745,f40,development
hourly_seed_930028,d0360ac4d47ea56b04b5c242421e97d119913af0997b80326e99e4ad020daf0a,930028,0,8,0,perfect_information,33.43860598569183,0.4234885214222978,78.95988744485294,0.9625007251409834,0.9500009431793908,0.2499990000000002,0.5000009850471945,0.0,0.0,1100.0,212.15515690863197,217.38446437672522,212.15515690863197,optimal,0.7485183076933026,1.0039620897732675,f40,development
hourly_seed_930032,eaa49c6cad9b332518e29331e0b6e41ee735ea723b4efbf014d5426118aadb2f,930032,0,4,0,perfect_information,32.17393126861293,0.407471848172071,78.95988744485294,0.9750004778547193,0.9500009409459184,0.24999900000000141,0.5000009844594371,0.0,5.4569682106375694e-12,1100.0,212.15515690863197,217.38446437672522,212.15515690863197,optimal,0.4851861880160868,0.7389110089279711,f40,development
hourly_seed_930032,eaa49c6cad9b332518e29331e0b6e41ee735ea723b4efbf014d5426118aadb2f,930032,0,8,0,perfect_information,30.9903478237717,0.39248216818211573,78.95988744485294,0.9687506020089466,0.9500009386905229,0.24999899999999972,0.500000983865912,0.0,0.0,1100.0,212.15515690863197,217.38446437672522,212.15515690863197,optimal,0.44244198640808463,0.7953477739356458,f40,development
hourly_seed_930036,c8182c0df020a61859949619add16f5069ff8614b2d5f47b379bf4a645235618,930036,0,4,0,perfect_information,38.51626618266506,0.48779535317303413,78.95988744485294,0.9625007253350706,0.9500009506701413,0.24999900000000133,0.5000009870184459,0.0,0.0,1100.0,212.15515690863197,217.38446437672522,212.15515690863197,optimal,0.442842457909137,0.4854099489748478,f40,development
hourly_seed_930036,c8182c0df020a61859949619add16f5069ff8614b2d5f47b379bf4a645235618,930036,0,8,0,perfect_information,30.582039975443994,0.3873110887702704,78.95988744485294,0.9630148870926646,0.9500009378719659,0.24999900000000025,0.5000009836505034,0.0,0.0,1100.0,212.15515690863197,217.38446437672522,212.15515690863197,optimal,0.7721453928388655,0.7022260245867074,f40,development
hourly_seed_930039,80673917cc8c24a7da0020a6b9b2dd3c38b277351612fb9430911bde55ea20fb,930039,0,4,0,perfect_information,27.322344164385406,0.34602815490926125,78.95988744485294,0.962500715229887,0.9500009304597729,0.24999900000001873,0.7670872834521878,0.0,0.0,1100.0,212.15515690863197,217.38446437672522,212.15515690863197,optimal,0.4050862370058894,0.5577806010842323,f40,development
hourly_seed_930039,80673917cc8c24a7da0020a6b9b2dd3c38b277351612fb9430911bde55ea20fb,930039,0,8,0,perfect_information,25.74565248193863,0.32605989338472496,78.95988744485294,0.9687505973253958,0.9500009262010539,0.24999900000002737,0.5000009805792062,0.0,0.0,1100.0,212.15515690863197,217.38446437672522,212.15515690863197,optimal,0.7008876167237759,0.6935442420653999,f40,development
hourly_seed_930042,3b180f1e40904908585d10c6241ee3038f47c0fe969f733848ef1181f9475fc1,930042,0,4,0,perfect_information,26.418703842871427,0.33458385894132314,78.95988744485294,0.9667266242447908,0.9500009280811795,0.24999900000003017,0.5000009810739781,0.0,0.0,1100.0,212.15515690863197,217.38446437672522,212.15515690863197,optimal,0.4786860370077193,0.5201210612431169,f40,development
hourly_seed_930042,3b180f1e40904908585d10c6241ee3038f47c0fe969f733848ef1181f9475fc1,930042,0,8,0,perfect_information,26.418703842871427,0.33458385894132314,78.95988744485294,0.9625007185355167,0.9500009280811795,0.24999899999999908,0.5000009810739781,0.0,1.8189894035458565e-12,1100.0,212.15515690863197,217.38446437672522,212.15515690863197,optimal,0.5435967748053372,0.5477488096803427,f40,development
hourly_seed_930045,d379f03c2fd942275ca59d69fd6bcf90586e403b37a562e5690ac2a15438eb03,930045,0,4,0,perfect_information,32.02651067972976,0.4056048167760836,78.95988744485294,0.9625007203370439,0.9500009406740877,0.24999900000000064,0.5000009843879017,0.0,0.0,1100.0,212.15515690863197,217.38446437672522,212.15515690863197,optimal,0.464557072147727,0.5450300127267838,f40,development
hourly_seed_930045,d379f03c2fd942275ca59d69fd6bcf90586e403b37a562e5690ac2a15438eb03,930045,0,8,0,perfect_information,31.040636591739876,0.39311905824864857,78.95988744485294,0.9635873657140356,0.9500009387898501,0.2499990000001499,0.5000009838920495,0.0,0.0,1100.0,212.15515690863197,217.38446437672522,212.15515690863197,optimal,0.40745755191892385,0.5303072743117809,f40,development
hourly_seed_930047,74503999cf7190aae8ef00e7aa7c8802d46276b77b648422182c6b72987f99a6,930047,0,4,0,perfect_information,37.86284266580745,0.47951996755633125,78.95988744485294,0.9750004811820591,0.9500009498188242,0.24999899999999978,0.5953593029033762,0.0,0.0,1100.0,212.15515690863197,217.38446437672522,212.15515690863197,optimal,0.43579065473750234,0.4393625371158123,f40,development
hourly_seed_930047,74503999cf7190aae8ef00e7aa7c8802d46276b77b648422182c6b72987f99a6,930047,0,8,0,perfect_information,27.866310753594945,0.3529173059302712,78.95988744485294,0.9687505994314649,0.9500009318172385,0.24999899999999622,0.7331378413917029,0.0,0.0,1100.0,212.15515690863197,217.38446437672522,212.15515690863197,optimal,0.4497000901028514,0.6518947072327137,f40,development
hourly_seed_930038,577cae29028f933b357a45376ac77a530c5f0db96d1c88633663feea932f9c0c,930038,0,4,0,perfect_information,38.229815183106275,0.4841675491217828,78.95988744485294,0.9625007251502596,0.9500009503005192,0.24999900000000022,0.500000986921175,0.0,1.8189894035458565e-12,1100.0,212.15515690863197,217.38446437672522,212.15515690863197,optimal,0.4544184091500938,0.4983065468259156,f40,development
hourly_seed_930038,577cae29028f933b357a45376ac77a530c5f0db96d1c88633663feea932f9c0c,930038,0,8,0,perfect_information,23.74046256449888,0.3006648480987218,78.95988744485294,0.9625007149859027,0.9500009199677759,0.24999900000000058,0.5000009789388676,0.0,0.0,1100.0,212.15515690863197,217.38446437672522,212.15515690863197,optimal,0.7610193639993668,0.8525977437384427,f40,development
hourly_seed_930044,01e69a29b85d3c91e092ba866550bdf34c42c93ae96d642e92d504dc18be3c7b,930044,0,4,0,perfect_information,35.709154298567746,0.45224424013405146,78.95988744485294,0.9625007233961497,0.9500009467922986,0.24999900000000902,0.5000009859979604,0.0,0.0,1100.0,212.15515690863197,217.38446437672522,212.15515690863197,optimal,0.4470832538791001,0.5504072671756148,f40,development
hourly_seed_930044,01e69a29b85d3c91e092ba866550bdf34c42c93ae96d642e92d504dc18be3c7b,930044,0,8,0,perfect_information,29.49351450596807,0.3735252855643556,78.95988744485294,0.9596592357238425,0.9500009355789891,0.24999900000001626,0.5000009830470868,0.0,9.094947017729282e-12,1100.0,212.15515690863197,217.38446437672522,212.15515690863197,optimal,0.3981452351436019,0.6924354252405465,f40,development
hourly_seed_930043,d0da583fa9210e41e657c57dec1ae7cfad7e3ecbb76b1301ea820496ee253781,930043,0,4,0,perfect_information,49.5840681405538,0.6279652839574302,78.95988744485294,0.9625007308406,0.9500009616811994,0.24999900000003067,0.5000009899160953,0.0,1.8189894035458565e-12,1100.0,212.15515690863197,217.38446437672522,212.15515690863197,optimal,0.4837901988066733,0.5250274213030934,f40,development
hourly_seed_930043,d0da583fa9210e41e657c57dec1ae7cfad7e3ecbb76b1301ea820496ee253781,930043,0,8,0,perfect_information,35.39636157450283,0.44828282714086076,78.95988744485294,0.9625007265159236,0.9500009463221111,0.24999900000000064,0.5000009858742274,0.0,0.0,1100.0,212.15515690863197,217.38446437672522,212.15515690863197,optimal,0.4785260069184005,0.5472825667820871,f40,development
hourly_seed_930031,0e0fe14117620744df18c640244939aa626db0677d8fe06c5ba0595381ae2e72,930031,0,4,0,perfect_information,25.623291801026806,0.3245102371621615,78.95988744485294,0.9750004721932392,0.9500009258486367,0.2499990000000283,0.5000009804864669,0.0,0.0,1100.0,212.15515690863197,217.38446437672522,212.15515690863197,optimal,0.7145046601071954,0.7628067750483751,f40,development
hourly_seed_930031,0e0fe14117620744df18c640244939aa626db0677d8fe06c5ba0595381ae2e72,930031,0,8,0,perfect_information,25.623291801026806,0.3245102371621615,78.95988744485294,0.9687505971932393,0.9500009258486367,0.2499990000000333,0.5000009804864669,0.0,0.0,1100.0,212.15515690863197,217.38446437672522,212.15515690863197,optimal,0.688485371414572,0.8417110582813621,f40,development
hourly_seed_930040,b6f2684d82d51da6e255d42d5777ed9f4bde7e4f1e333b309a5b75f0695aa6a4,930040,0,4,0,perfect_information,30.83295992106339,0.39048890416159354,78.95988744485294,0.9500009691887837,0.9500009383775666,0.24999900000025865,0.5000009837835545,0.0,0.0,1100.0,212.15515690863197,217.38446437672522,212.15515690863197,optimal,0.7250862852670252,0.7583345780149102,f40,development
hourly_seed_930040,b6f2684d82d51da6e255d42d5777ed9f4bde7e4f1e333b309a5b75f0695aa6a4,930040,0,8,0,perfect_information,30.83295992106339,0.39048890416159354,78.95988744485294,0.9706727919342234,0.9500009383775666,0.24999900000000058,0.5000009837835545,0.0,0.0,1100.0,212.15515690863197,217.38446437672522,212.15515690863197,optimal,0.46548997703939676,0.5023888628929853,f40,development
hourly_seed_930029,327c73df7a83f55b2c2d648ff80a9557e1d34b2f680451a11307629d7e1a1c57,930029,0,4,0,perfect_information,33.70475787998136,0.4268592442399489,78.95988744485294,0.9625007218140391,0.9500009436280785,0.24999900000001052,0.5000009851652683,0.0,0.0,1100.0,212.15515690863197,217.38446437672522,212.15515690863197,optimal,0.8507347935810685,0.8323561702854931,f40,development
hourly_seed_930029,327c73df7a83f55b2c2d648ff80a9557e1d34b2f680451a11307629d7e1a1c57,930029,0,8,0,perfect_information,25.012641192844267,0.3167765558216324,78.95988744485294,0.9750004762619783,0.950000924038329,0.24999900000009279,0.5000009800098848,0.0,0.0,1100.0,212.15515690863197,217.38446437672522,212.15515690863197,optimal,0.7601295891217887,0.8323973109945655,f40,development
hourly_seed_930034,e07ddbe779fa790b425cb289e8823bed47ac62f72a232408ed3b1f3f8d1ff942,930034,0,4,0,perfect_information,28.76944714351994,0.3643552197767893,78.95988744485294,0.9625007169788233,0.9500009339576457,0.2499990000000002,0.5000009826204157,0.0,0.0,1100.0,212.15515690863197,217.38446437672522,212.15515690863197,optimal,0.7619131598621607,0.7992241187021136,f40,development
hourly_seed_930034,e07ddbe779fa790b425cb289e8823bed47ac62f72a232408ed3b1f3f8d1ff942,930034,0,8,0,perfect_information,28.76944714351994,0.3643552197767893,78.95988744485294,0.9589237865733158,0.9500009339576457,0.24999900000066805,0.5000009826204157,0.0,0.0,1100.0,212.15515690863197,217.38446437672522,212.15515690863197,optimal,0.7270884970203042,0.8106048689223826,f40,development
hourly_seed_930041,371385d7881414a21d0ec23922bab3a9ab8b49a9d384c45807c5b32804826a9c,930041,0,4,0,perfect_information,29.560100126533737,0.37436856970166105,78.95988744485294,0.9625007178620508,0.9500009357241006,0.24999900000059863,0.5000009830852747,0.0,1.1095835361629725e-10,1100.0,212.15515690863197,217.38446437672522,212.15515690863197,optimal,0.7232856340706348,0.7651372002437711,f40,development
hourly_seed_930041,371385d7881414a21d0ec23922bab3a9ab8b49a9d384c45807c5b32804826a9c,930041,0,8,0,perfect_information,29.560100126533737,0.37436856970166105,78.95988744485294,0.9625007218792947,0.9500009357241006,0.2499989999999996,0.5000009830852747,0.0,1.6370904631912708e-10,1100.0,212.15515690863197,217.38446437672522,212.15515690863197,optimal,0.5635335859842598,0.5091732949949801,f40,development
hourly_seed_930054,0fc6874f0236e4913986a3e1672d70d74d1230ffbc4b9a419eb3611911c6bfb8,930054,0,4,0,perfect_information,30.58789848170897,0.3873852847507176,78.95988744485294,0.9750004767064503,0.9500009378838673,0.24999900000000058,0.5000009836536351,0.0,0.0,1100.0,212.15515690863197,217.38446437672522,212.15515690863197,optimal,0.4888595901429653,0.6429472919553518,f40,development
hourly_seed_930054,0fc6874f0236e4913986a3e1672d70d74d1230ffbc4b9a419eb3611911c6bfb8,930054,0,8,0,perfect_information,27.481204005867003,0.3480400605314995,78.95988744485294,0.9625007197520216,0.9500009308617621,0.2499989999999997,0.5000009818057093,0.0,1.8189894035458565e-11,1100.0,212.15515690863197,217.38446437672522,212.15515690863197,optimal,0.4995937650091946,0.4762302930466831,f40,development
hourly_seed_930035,4353a71e39d372cd68de5cf72bdf3e9b29ac967317886bfac9704ef1b1d453e0,930035,0,4,0,perfect_information,27.275781084255165,0.3454384494064164,78.95988744485294,0.975000473877898,0.9500009303410614,0.2499990000000005,0.5000009816686815,0.0,3.637978807091713e-12,1100.0,212.15515690863197,217.38446437672522,212.15515690863197,optimal,0.8981806640513241,0.733427335973829,f40,development
hourly_seed_930035,4353a71e39d372cd68de5cf72bdf3e9b29ac967317886bfac9704ef1b1d453e0,930035,0,8,0,perfect_information,27.275781084255165,0.3454384494064164,78.95988744485294,0.9625007195242142,0.9500009303410614,0.24999900000000386,0.5000009816686815,0.0,0.0,1100.0,212.15515690863197,217.38446437672522,212.15515690863197,optimal,0.6541425110772252,0.8729726802557707,f40,development
hourly_seed_930062,d5cae82ab2a58a013e044d278fe59d879c17b1b6527f882f8c82586375f39773,930062,0,4,0,perfect_information,26.44617983881021,0.3349318330434642,78.95988744485294,0.9592763530227888,0.9500009281558989,0.24999899999999906,0.5697966421900761,0.0,0.0,1100.0,212.15515690863197,217.38446437672522,212.15515690863197,optimal,0.4651392549276352,0.5288263438269496,f40,development
hourly_seed_930062,d5cae82ab2a58a013e044d278fe59d879c17b1b6527f882f8c82586375f39773,930062,0,8,0,perfect_information,26.44617983881021,0.3349318330434642,78.95988744485294,0.9625007185682064,0.9500009281558989,0.24999900000000116,0.5000009810936407,0.0,9.094947017729282e-12,1100.0,212.15515690863197,217.38446437672522,212.15515690863197,optimal,0.4068150380626321,0.5231904601678252,f40,development
hourly_seed_930048,e5c6be3c8b00e55e8e9b9399d688440c4096203a21f48c22ce72ce7cb2ac8df1,930048,0,4,0,perfect_information,32.84166807691362,0.4159285067351553,78.95988744485294,0.9625007210733031,0.9500009421466061,0.24999899999999975,0.5000009847754091,0.0,7.275957614183426e-12,1100.0,212.15515690863197,217.38446437672522,212.15515690863197,optimal,0.7303807972930372,0.7829279880970716,f40,development
hourly_seed_930048,e5c6be3c8b00e55e8e9b9399d688440c4096203a21f48c22ce72ce7cb2ac8df1,930048,0,8,0,perfect_information,27.333954958265732,0.34617520164724497,78.95988744485294,0.9750004782779104,0.9500009304893119,0.249999000000139,0.5000009817076979,0.0,1.6370904631912708e-11,1100.0,212.15515690863197,217.38446437672522,212.15515690863197,optimal,0.4845336936414242,0.5037227212451398,f40,development
hourly_seed_930046,964c259fdb17ecb8fcfe9f5e1c6ea610e96f96bd8074547cf2e43b329f60b3ea,930046,0,4,0,perfect_information,32.48423509281737,0.41140174009879343,78.95988744485294,0.9625007207550141,0.9500009415100275,0.2499990000000002,1.0622404447862868,0.0,1.8189894035458565e-11,1100.0,212.15515690863197,217.38446437672522,212.15515690863197,optimal,0.8471890720538795,0.5718848779797554,f40,development
hourly_seed_930046,964c259fdb17ecb8fcfe9f5e1c6ea610e96f96bd8074547cf2e43b329f60b3ea,930046,0,8,0,perfect_information,27.738785671664694,0.351302244333086,78.95988744485294,0.9687505993139172,0.9500009315037781,0.24999900000006456,0.7995580309264699,0.0,0.0,1100.0,212.15515690863197,217.38446437672522,212.15515690863197,optimal,0.7549655269831419,0.6875699362717569,f40,development
hourly_seed_930051,eb343c1715940c5bf7ed40a7c1c3571c535ee56c8a9d67eb566f9a96dd4ebd70,930051,0,4,0,perfect_information,27.164359773272874,0.34402733656687357,78.95988744485294,0.9538640943252299,0.9500009300553359,0.24999900000004038,0.5000009815934848,0.0,0.0,1100.0,212.15515690863197,217.38446437672522,212.15515690863197,optimal,0.5599617147818208,0.46579904900863767,f40,development
hourly_seed_930051,eb343c1715940c5bf7ed40a7c1c3571c535ee56c8a9d67eb566f9a96dd4ebd70,930051,0,8,0,perfect_information,27.164359773272874,0.34402733656687357,78.95988744485294,0.9687505987707515,0.9500009300553359,0.2499990000001547,0.5000009815934933,0.0,3.637978807091713e-12,1100.0,212.15515690863197,217.38446437672522,212.15515690863197,optimal,0.7646808167919517,0.7144140098243952,f40,development
hourly_seed_930057,eaf05acdc6833bbf7dc2e678bcc4f86893fac3b9490840a2244d79966b595bb6,930057,0,4,0,perfect_information,29.385131976810122,0.3721526578585012,78.95988744485294,0.9625007176706921,0.9500009353413841,0.2499990000001417,0.9500009676706921,0.0,0.0,1100.0,212.15515690863197,217.38446437672522,212.15515690863197,optimal,0.44110196782276034,0.5149997002445161,f40,development
hourly_seed_930057,eaf05acdc6833bbf7dc2e678bcc4f86893fac3b9490840a2244d79966b595bb6,930057,0,8,0,perfect_information,25.59475794138187,0.3241488655775723,78.95988744485294,0.962500717522613,0.9500009257659725,0.2499990000003802,0.9500009628829862,0.0,0.0,1100.0,212.15515690863197,217.38446437672522,212.15515690863197,optimal,0.8072925773449242,0.8405958120711148,f40,development
hourly_seed_930058,79103e81c86ddd5fb5aff5316bfe78075f2abe4ffaa6e34c82bd82e0fe4c963a,930058,0,4,0,perfect_information,24.6926628536096,0.312724139467086,78.95988744485294,0.9625007115269928,0.9500009230539844,0.24999900000000727,0.5000009797510288,0.0,0.0,1100.0,212.15515690863197,217.38446437672522,212.15515690863197,optimal,0.5033824779093266,0.5536373760551214,f40,development
hourly_seed_930058,79103e81c86ddd5fb5aff5316bfe78075f2abe4ffaa6e34c82bd82e0fe4c963a,930058,0,8,0,perfect_information,24.6926628536096,0.312724139467086,78.95988744485294,0.9625007163361189,0.9500009230539844,0.24999900000009642,0.5000009797510288,0.0,0.0,1100.0,212.15515690863197,217.38446437672522,212.15515690863197,optimal,0.7400366570800543,0.5835788189433515,f40,development
hourly_seed_930056,066efeaa041a16fcca89b8a64de12dde723bceefab7ccf85beeea6c7c7ab93a9,930056,0,4,0,perfect_information,37.98760322406282,0.4811000174055982,78.95988744485294,0.9750004812438617,0.9500009499836314,0.24999900000000375,0.5000009868377853,0.0,0.0,1100.0,212.15515690863197,217.38446437672522,212.15515690863197,optimal,0.6810493851080537,0.4611018402501941,f40,development
hourly_seed_930056,066efeaa041a16fcca89b8a64de12dde723bceefab7ccf85beeea6c7c7ab93a9,930056,0,8,0,perfect_information,36.650673700712176,0.46416826171782083,78.95988744485294,0.9661338028666231,0.9500009481591516,0.2499990000000004,0.5000009863576581,0.0,0.0,1100.0,212.15515690863197,217.38446437672522,212.15515690863197,optimal,0.5421667359769344,0.7642635242082179,f40,development
hourly_seed_930060,7a033f957f610a978acf854baf94baadff04103d0a7d2cdd6890c23d0c7044e6,930060,0,4,0,perfect_information,34.10235415718041,0.4318946652627656,78.95988744485294,0.9625007221426565,0.9500009442853121,0.24999900000000005,0.5000009853382266,0.0,0.0,1100.0,212.15515690863197,217.38446437672522,212.15515690863197,optimal,0.7528138747438788,0.67774214502424,f40,development
hourly_seed_930060,7a033f957f610a978acf854baf94baadff04103d0a7d2cdd6890c23d0c7044e6,930060,0,8,0,perfect_information,27.617501598202438,0.3497662229760778,78.95988744485294,0.967192527007362,0.9500009312029724,0.24999900000002412,0.5000009818955014,0.0,0.0,1100.0,212.15515690863197,217.38446437672522,212.15515690863197,optimal,0.4405131842941046,0.5982783688232303,f40,development
hourly_seed_930061,79217aca4506d336a6ab13abf8781bef39bef2a2f434b61c03005aa69525348a,930061,0,4,0,perfect_information,26.456475421195826,0.3350622230771735,78.95988744485294,0.962500714091929,0.9500009281838571,0.2499990000000058,0.5000009811009949,0.0,1.8189894035458565e-12,1100.0,212.15515690863197,217.38446437672522,212.15515690863197,optimal,0.7645245157182217,0.8071753671392798,f40,development
hourly_seed_930061,79217aca4506d336a6ab13abf8781bef39bef2a2f434b61c03005aa69525348a,930061,0,8,0,perfect_information,23.232474943912244,0.29423135842408893,78.95988744485294,0.96875059433169,0.9500009182178385,0.2499990000000022,0.5000009784783594,0.0,0.0,1100.0,212.15515690863197,217.38446437672522,212.15515690863197,optimal,0.4972416809760034,0.550159724894911,f40,development
hourly_seed_930065,2cef5c2381c8dd91477ad229bc1e087ac69c5bc62705c0a5e107f025a1f47bff,930065,0,4,0,perfect_information,37.10201828322838,0.4698843866658387,78.95988744485294,0.9625007243948974,0.950000948789795,0.24999900000000136,0.5000009865236166,0.0,0.0,1100.0,212.15515690863197,217.38446437672522,212.15515690863197,optimal,0.6848469791002572,0.46823346382007003,f40,development
hourly_seed_930065,2cef5c2381c8dd91477ad229bc1e087ac69c5bc62705c0a5e107f025a1f47bff,930065,0,8,0,perfect_information,27.491296638935527,0.3481678802814399,78.95988744485294,0.9587615010448165,0.9500009308871442,0.24999900000013814,0.5000009818123904,0.0,7.275957614183426e-12,1100.0,212.15515690863197,217.38446437672522,212.15515690863197,optimal,0.461968625895679,0.525781556032598,f40,development
hourly_seed_930070,a1e82de8f82880765e3c33c834dafc485cc200a415dbdc7976128587abc7c356,930070,0,4,0,perfect_information,28.256143806776823,0.35785440837300386,78.95988744485294,0.9625007163789585,0.9500009327579172,0.24999900000000244,0.5000009823046988,0.0,0.0,1100.0,212.15515690863197,217.38446437672522,212.15515690863197,optimal,0.44242478581145406,0.4672219376079738,f40,development
hourly_seed_930070,a1e82de8f82880765e3c33c834dafc485cc200a415dbdc7976128587abc7c356,930070,0,8,0,perfect_information,26.889379945949845,0.34054481099317535,78.95988744485294,0.9687505985025224,0.9500009293400583,0.24999900000000289,0.5000009814052628,0.0,0.0,1100.0,212.15515690863197,217.38446437672522,212.15515690863197,optimal,0.5845870650373399,0.5071492823772132,f40,development
hourly_seed_930055,fe990ddb6a700eddb9b1f7d56d3fc4758b9b0da738385e64e527539a1e4c95be,930055,0,4,0,perfect_information,34.76669317761743,0.44030829200331795,78.95988744485294,0.9750004795062265,0.9500009453499372,0.2499990000000571,0.5000009856183889,0.0,0.0,1100.0,212.15515690863197,217.38446437672522,212.15515690863197,optimal,0.7459634831175208,0.6990122948773205,f40,development
hourly_seed_930055,fe990ddb6a700eddb9b1f7d56d3fc4758b9b0da738385e64e527539a1e4c95be,930055,0,8,0,perfect_information,31.254822136986377,0.3958316450085536,78.95988744485294,0.9687506022034938,0.9500009392093158,0.24999900000001457,0.500000984002438,0.0,0.0,1100.0,212.15515690863197,217.38446437672522,212.15515690863197,optimal,0.5284437919035554,0.8225025213323534,f40,development
hourly_seed_930049,316521e3d4b53da72e1589cf4300e5ad95fdd2558fa321d19981a739226331ba,930049,0,4,0,perfect_information,45.988257568652315,0.5824255714747741,78.95988744485294,0.9625007293425315,0.950000958685063,0.24999899999999992,0.5000009891276386,0.0,0.0,1100.0,212.15515690863197,217.38446437672522,212.15515690863197,optimal,0.8212495129555464,0.8154673278331757,f40,development
hourly_seed_930049,316521e3d4b53da72e1589cf4300e5ad95fdd2558fa321d19981a739226331ba,930049,0,8,0,perfect_information,33.14987656382145,0.41983186193083094,78.95988744485294,0.962500724924466,0.9500009426844936,0.2499990000000109,0.5000009849169581,0.0,0.0,1100.0,212.15515690863197,217.38446437672522,212.15515690863197,optimal,0.7137519051320851,0.7997074807062745,f40,development
hourly_seed_930053,7229a0992394cf33084ac646ca055dbd9bc0d35c2efd164da5a2e3312983e630,930053,0,4,0,perfect_information,26.54204407113308,0.33614592079643657,78.95988744485294,0.9625007142076927,0.9500009284153845,0.24999899999999997,0.5000009811618709,0.0,1.8189894035458565e-11,1100.0,212.15515690863197,217.38446437672522,212.15515690863197,optimal,0.676550948061049,0.4849609970115125,f40,development
hourly_seed_930053,7229a0992394cf33084ac646ca055dbd9bc0d35c2efd164da5a2e3312983e630,930053,0,8,0,perfect_information,26.54204407113308,0.33614592079643657,78.95988744485294,0.975000477629808,0.9500009284153845,0.24999900000000044,0.5000009811619265,0.0,0.0,1100.0,212.15515690863197,217.38446437672522,212.15515690863197,optimal,0.7672453932464123,0.9768324638716877,f40,development
hourly_seed_930059,f8b8be9a60cf2a9fc02dd5b51d479328cc656afb09a6325e4ea3edc94aac870f,930059,0,4,0,perfect_information,31.216427502870477,0.39534539008395386,78.95988744485294,0.9500009695672741,0.9500009391345483,0.24999900000000272,0.5000009839827594,0.0,0.0,1100.0,212.15515690863197,217.38446437672522,212.15515690863197,optimal,0.6699459278024733,0.6358467577956617,f40,development
hourly_seed_930059,f8b8be9a60cf2a9fc02dd5b51d479328cc656afb09a6325e4ea3edc94aac870f,930059,0,8,0,perfect_information,28.472330139323006,0.36059233442054506,78.95988744485294,0.9625007208049583,0.9500009332684747,0.2499990000000008,0.500000982439056,0.0,0.0,1100.0,212.15515690863197,217.38446437672522,212.15515690863197,optimal,0.7651963997632265,0.7937915050424635,f40,development
hourly_seed_930074,d94c5d9b6c8e27c32480146035523fba696796deccf32b22ae042bbb9312ad84,930074,0,4,0,perfect_information,35.21006792103043,0.4459234816617716,78.95988744485294,0.9625007230190529,0.9500009460381058,0.24999900000000067,0.5000009857994872,0.0,7.275957614183426e-12,1100.0,212.15515690863197,217.38446437672522,212.15515690863197,optimal,0.4636390646919608,0.5105249229818583,f40,development
hourly_seed_930074,d94c5d9b6c8e27c32480146035523fba696796deccf32b22ae042bbb9312ad84,930074,0,8,0,perfect_information,34.969590363053925,0.44287791554258915,78.95988744485294,0.9687506046251334,0.950000945667021,0.24999900000000114,0.5000009857018347,0.0,0.0,1100.0,212.15515690863197,217.38446437672522,212.15515690863197,optimal,0.5117736901156604,0.502276211977005,f40,development
hourly_seed_930052,8561890e443e4167066ca0a2cd8877d9d3aa1e26b7eefa750eedf8b91a20270a,930052,0,4,0,perfect_information,37.67604409523115,0.4771542274746124,78.95988744485294,0.9625007247850124,0.9500009495700249,0.24999900000000122,0.5000009867289409,0.0,3.637978807091713e-12,1100.0,212.15515690863197,217.38446437672522,212.15515690863197,optimal,0.7578667849302292,0.8277832018211484,f40,development
hourly_seed_930052,8561890e443e4167066ca0a2cd8877d9d3aa1e26b7eefa750eedf8b91a20270a,930052,0,8,0,perfect_information,28.38459540734249,0.35948120401218686,78.95988744485294,0.9687505998983301,0.9500009330622123,0.2499990000000527,0.5000009823845216,0.0,0.0,1100.0,212.15515690863197,217.38446437672522,212.15515690863197,optimal,0.7168575939722359,0.866975991986692,f40,development
hourly_seed_930050,d9c564f6a53bf5a7c82af006a6564f415b23e6868437fb934dc62fb502da7be5,930050,0,4,0,perfect_information,37.199381468980135,0.47111745815191136,78.95988744485294,0.9625007244619145,0.9500009489238291,0.24999899999999947,0.5000009865588884,0.0,1.8189894035458565e-12,1100.0,212.15515690863197,217.38446437672522,212.15515690863197,optimal,0.7444308130070567,0.8725459962151945,f40,development
hourly_seed_930050,d9c564f6a53bf5a7c82af006a6564f415b23e6868437fb934dc62fb502da7be5,930050,0,8,0,perfect_information,26.210809887588294,0.3319509530189543,78.95988744485294,0.962500718285953,0.9500009275107495,0.2499990000001883,0.5949855425951296,0.0,0.0,1100.0,212.15515690863197,217.38446437672522,212.15515690863197,optimal,0.865028970874846,0.8951691961847246,f40,development
hourly_seed_930078,4b4f4437b2687b449a1416db7a4f411c185ba04a150fdbf1a2800272b8c63e8d,930078,0,4,0,perfect_information,30.983209633154544,0.3923917654365173,78.95988744485294,0.9625007193381994,0.9500009386763979,0.24999900000004363,0.500000983862195,0.0,3.637978807091713e-12,1100.0,212.15515690863197,217.38446437672522,212.15515690863197,optimal,0.41888773161917925,0.459592180326581,f40,development
hourly_seed_930078,4b4f4437b2687b449a1416db7a4f411c185ba04a150fdbf1a2800272b8c63e8d,930078,0,8,0,perfect_information,30.983209633154544,0.3923917654365173,78.95988744485294,0.9687506020036496,0.9500009386763979,0.24999899999999997,0.500000983862195,0.0,0.0,1100.0,212.15515690863197,217.38446437672522,212.15515690863197,optimal,0.49301708629354835,0.5989943142049015,f40,development
hourly_seed_930082,4dec97eaf4c692a4b886d2aabc5b53c4ca6357e5a9d8abea9e532ab8df5845df,930082,0,4,0,perfect_information,42.62693731927932,0.5398555988197269,78.95988744485294,0.9625007277135997,0.9500009554271998,0.2499990000000194,0.9500009777135998,0.0,0.0,1100.0,212.15515690863197,217.38446437672522,212.15515690863197,optimal,0.480452517978847,0.6030498687177896,f40,development
hourly_seed_930082,4dec97eaf4c692a4b886d2aabc5b53c4ca6357e5a9d8abea9e532ab8df5845df,930082,0,8,0,perfect_information,28.940683941662442,0.3665238753268887,78.95988744485294,0.9649974303731829,0.9500009343484085,0.24999900000057065,1.2021302815139876,0.0,0.0,1100.0,212.15515690863197,217.38446437672522,212.15515690863197,optimal,0.43187362188473344,0.4900316270068288,f40,development
hourly_seed_930081,459630c92a5560a8399b554da6581ea1ddef77cf2f8ffd4eef1fe1972f0aaa38,930081,0,4,0,perfect_information,36.55154969325248,0.4629128900263538,78.95988744485294,0.9625007240092827,0.9500009480185647,0.24999900000000494,0.5000009863206513,0.0,7.275957614183426e-12,1100.0,212.15515690863197,217.38446437672522,212.15515690863197,optimal,0.7072605257853866,0.536440591327846,f40,development
hourly_seed_930081,459630c92a5560a8399b554da6581ea1ddef77cf2f8ffd4eef1fe1972f0aaa38,930081,0,8,0,perfect_information,32.262188037620994,0.4085895900010434,78.95988744485294,0.9500009668729502,0.9500009411074656,0.24999900000000752,0.5000009845019502,0.0,0.0,1100.0,212.15515690863197,217.38446437672522,212.15515690863197,optimal,0.4877054342068732,0.48643036512658,f40,development
hourly_seed_930077,c45db48a2181df9898d18b239defd16427ed250a76ea05b547b90a531efb105e,930077,0,4,0,perfect_information,32.93944972500288,0.41716687790377627,78.95988744485294,0.975000478369379,0.9500009423183436,0.24999899999999975,0.5000009848206022,0.0,0.0,1100.0,212.15515690863197,217.38446437672522,212.15515690863197,optimal,0.7489408710971475,0.6428898209705949,f40,development
hourly_seed_930077,c45db48a2181df9898d18b239defd16427ed250a76ea05b547b90a531efb105e,930077,0,8,0,perfect_information,32.93944972500288,0.41716687790377627,78.95988744485294,0.9594109880223489,0.9500009423183436,0.24999899999999997,0.5000009848206022,0.0,0.0,1100.0,212.15515690863197,217.38446437672522,212.15515690863197,optimal,0.4717274750582874,0.5397912720218301,f40,development
hourly_seed_930063,9b50a3879d293e646c0575caf0cf133baa55ac5672d91a663bbb0a56ab77649b,930063,0,4,0,perfect_information,39.956064864860075,0.5060299116151367,78.95988744485294,0.9750004821678953,0.9500009524477205,0.24999900000000091,0.6832777556462151,0.0,0.0,1100.0,212.15515690863197,217.38446437672522,212.15515690863197,optimal,0.9055084381252527,0.7284631850197911,f40,development
hourly_seed_930063,9b50a3879d293e646c0575caf0cf133baa55ac5672d91a663bbb0a56ab77649b,930063,0,8,0,perfect_information,31.393735633081473,0.39759093698059594,78.95988744485294,0.9625007235217601,0.9500009394783073,0.24999900000002787,0.5131438401248973,0.0,0.0,1100.0,212.15515690863197,217.38446437672522,212.15515690863197,optimal,0.941230297088623,0.8323625912889838,f40,development
hourly_seed_930064,93dc99632b8da9ce992647184f2828bc62eb4878baa3e2ec9ed3c1fd632db027,930064,0,4,0,perfect_information,44.28317091988271,0.5608312315643927,78.95988744485294,0.9625007285471329,0.9500009570942658,0.24999900000000083,0.9385294736333324,0.0,0.0,1100.0,212.15515690863197,217.38446437672522,212.15515690863197,optimal,0.8334554983302951,0.7845765687525272,f40,development
hourly_seed_930064,93dc99632b8da9ce992647184f2828bc62eb4878baa3e2ec9ed3c1fd632db027,930064,0,8,0,perfect_information,24.17048002727912,0.3061108723611116,78.95988744485294,0.9687505955218624,0.9500009213916331,0.24999900000003056,1.4245561586144797,0.0,0.0,1100.0,212.15515690863197,217.38446437672522,212.15515690863197,optimal,0.6906027640216053,0.8380907960236073,f40,development
hourly_seed_930073,9f6467ebfb1c94a314bbb4beab8c6d6eaad4d71ae5e8fc631660e40ae4a72d8a,930073,0,4,0,perfect_information,32.31595795378286,0.4092705676202101,78.95988744485294,0.9750004779520461,0.9500009412054558,0.2499990000000665,0.9500009706027288,0.0,0.0,1100.0,212.15515690863197,217.38446437672522,212.15515690863197,optimal,0.6221440760418773,0.4381706197746098,f40,development
hourly_seed_930073,9f6467ebfb1c94a314bbb4beab8c6d6eaad4d71ae5e8fc631660e40ae4a72d8a,930073,0,8,0,perfect_information,30.775220116971884,0.3897576492680017,78.95988744485294,0.9750004807068603,0.950000938261952,0.24999900000008712,0.9500009691309769,0.0,0.0,1100.0,212.15515690863197,217.38446437672522,212.15515690863197,optimal,0.8367313179187477,0.78317228006199,f40,development
hourly_seed_930071,99e6c8baa5f0cd9e3f71a9d20e04d803525679eabe3b6968aaaa23b284fe8f57,930071,0,4,0,perfect_information,29.404078056719488,0.37239260348814257,78.95988744485294,0.9750004757686417,0.950000935383044,0.24999900000000044,0.5000009829955225,0.0,3.637978807091713e-12,1100.0,212.15515690863197,217.38446437672522,212.15515690863197,optimal,0.8767431117594242,0.7797961300238967,f40,development
hourly_seed_930071,99e6c8baa5f0cd9e3f71a9d20e04d803525679eabe3b6968aaaa23b284fe8f57,930071,0,8,0,perfect_information,27.99647218349544,0.3545657559738633,78.95988744485294,0.9750004787919486,0.9500009321342343,0.2499990000000122,0.5000009821405708,0.0,0.0,1100.0,212.15515690863197,217.38446437672522,212.15515690863197,optimal,0.4471579249948263,0.681972520891577,f40,development
hourly_seed_930066,014785a498a65c8dd3ede2ebfda3a3c9bb5a7d1346a7bbb7944dc00a9f9ee0ab,930066,0,4,0,perfect_information,36.63753232760745,0.46400183071684076,78.95988744485294,0.9625007240702793,0.9500009481405586,0.24999899999999914,0.500000986352765,0.0,0.0,1100.0,212.15515690863197,217.38446437672522,212.15515690863197,optimal,0.7780733187682927,0.9833408850245178,f40,development
hourly_seed_930066,014785a498a65c8dd3ede2ebfda3a3c9bb5a7d1346a7bbb7944dc00a9f9ee0ab,930066,0,8,0,perfect_information,27.434972693707135,0.3474545567566599,78.95988744485294,0.9687505990294717,0.9500009307452577,0.2499990000000188,0.5000009817750513,0.0,0.0,1100.0,212.15515690863197,217.38446437672522,212.15515690863197,optimal,0.7086162641644478,0.6967135719023645,f40,development
hourly_seed_930072,9205b50bb5d0ef81fffd8646d65c4369901dda1c13bf1f3fe5c8af98eed9c947,930072,0,4,0,perfect_information,36.76846381844322,0.4656600333191078,78.95988744485294,0.9625007241626143,0.9500009483252286,0.24999899999999942,0.500000986401364,0.0,1.6370904631912708e-11,1100.0,212.15515690863197,217.38446437672522,212.15515690863197,optimal,0.7065047509968281,0.5027177352458239,f40,development
hourly_seed_930072,9205b50bb5d0ef81fffd8646d65c4369901dda1c13bf1f3fe5c8af98eed9c947,930072,0,8,0,perfect_information,33.85493466076067,0.4287611818647233,78.95988744485294,0.9687506039543018,0.9500009438781366,0.24999900000000055,0.5000009852310762,0.0,0.0,1100.0,212.15515690863197,217.38446437672522,212.15515690863197,optimal,0.7281209928914905,0.7709219753742218,f40,development
hourly_seed_930085,78ffa9a1a63ba074cec2debc3331f0138a445fc0b01e73db6d5dfd5383d2a206,930085,0,4,0,perfect_information,36.66926535716032,0.4644037186954049,78.95988744485294,0.950000967615898,0.9500009481854369,0.2499990000000069,0.5000009863645769,0.0,0.0,1100.0,212.15515690863197,217.38446437672522,212.15515690863197,optimal,0.5520125762559474,0.5234851823188365,f40,development
hourly_seed_930085,78ffa9a1a63ba074cec2debc3331f0138a445fc0b01e73db6d5dfd5383d2a206,930085,0,8,0,perfect_information,32.81294714376499,0.4155647659285503,78.95988744485294,0.9629642032537433,0.9500009420959658,0.2499990000000003,0.5000009847620831,0.0,0.0,1100.0,212.15515690863197,217.38446437672522,212.15515690863197,optimal,0.4458157066255808,0.5137386419810355,f40,development
hourly_seed_930069,346df35702e94ea5ccff0c1f761f179bf54bb9844c81eeed10ec5fc677561a9d,930069,0,4,0,perfect_information,26.296065525627135,0.3330306865494559,78.95988744485294,0.9500009638728845,0.9500009277457679,0.24999900000006423,0.5000009809857116,0.0,0.0,1100.0,212.15515690863197,217.38446437672522,212.15515690863197,optimal,0.86004697997123,0.5842103040777147,f40,development
hourly_seed_930069,346df35702e94ea5ccff0c1f761f179bf54bb9844c81eeed10ec5fc677561a9d,930069,0,8,0,perfect_information,24.692743360984224,0.3127251590654824,78.95988744485294,0.9625007163362287,0.9500009230542353,0.24999900000000072,0.500000979751096,0.0,1.0913936421275139e-11,1100.0,212.15515690863197,217.38446437672522,212.15515690863197,optimal,0.7682830193080008,0.8690822762437165,f40,development
hourly_seed_930067,775f05098ae81f7cf97a33d77b453b77473211c19a1d534ddf05800565bb87bf,930067,0,4,0,perfect_information,22.877331546632703,0.28973358862258586,78.95988744485294,0.9625007084741344,0.9500009169482675,0.24999900000002284,0.5000009781442604,0.0,0.0,1100.0,212.15515690863197,217.38446437672522,212.15515690863197,optimal,0.7840839559212327,0.824369641020894,f40,development
hourly_seed_930067,775f05098ae81f7cf97a33d77b453b77473211c19a1d534ddf05800565bb87bf,930067,0,8,0,perfect_information,22.877331546632703,0.28973358862258586,78.95988744485294,0.9742533757028116,0.9500009169482675,0.2499990000000075,0.5000009781442604,0.0,0.0,1100.0,212.15515690863197,217.38446437672522,212.15515690863197,optimal,0.6878549782559276,0.8723239153623581,f40,development
hourly_seed_930075,31be4fce3890cd1d392ce9b6a49bb51f353cb22130269f6c76417d4afc9b1d6a,930075,0,4,0,perfect_information,35.26653383394311,0.4466386031587737,78.95988744485294,0.9750004797966885,0.950000946124505,0.24999900000001196,0.5000009858222227,0.0,0.0,1100.0,212.15515690863197,217.38446437672522,212.15515690863197,optimal,0.7209205087274313,0.799837282858789,f40,development
hourly_seed_930075,31be4fce3890cd1d392ce9b6a49bb51f353cb22130269f6c76417d4afc9b1d6a,930075,0,8,0,perfect_information,27.84814263999164,0.35268721297812516,78.95988744485294,0.968750599414784,0.9500009317727561,0.24999900000000302,0.5000009820454469,0.0,0.0,1100.0,212.15515690863197,217.38446437672522,212.15515690863197,optimal,0.7010382376611233,0.7343334620818496,f40,development
hourly_seed_930068,64e8f5c4036b3af34192f9d293e511545a409885b24bba0b34cf4f6d37a2d3e8,930068,0,4,0,perfect_information,47.19350478421944,0.5976896157201372,78.95988744485294,0.9625007298700905,0.950000959740181,0.24999899999999933,0.5000009894053004,0.0,1.4551915228366852e-11,1100.0,212.15515690863197,217.38446437672522,212.15515690863197,optimal,0.7091908669099212,0.7709361650049686,f40,development
hourly_seed_930068,64e8f5c4036b3af34192f9d293e511545a409885b24bba0b34cf4f6d37a2d3e8,930068,0,8,0,perfect_information,27.506436369417553,0.34835961979591934,78.95988744485294,0.9575189484250592,0.9500009309251864,0.24999900000001424,0.5000009818224009,0.0,9.094947017729282e-12,1100.0,212.15515690863197,217.38446437672522,212.15515690863197,optimal,0.8169824467040598,0.8451593089848757,f40,development
hourly_seed_930084,aac5950800892db9fb326eb3fc787efbc71a0cf6e978e6c476eab00df20b05b9,930084,0,4,0,perfect_information,43.7264324490948,0.5537803290263573,78.95988744485294,0.9578804259864722,0.9500009565479767,0.2499990000000047,0.6492099594215341,0.0,0.0,1100.0,212.15515690863197,217.38446437672522,212.15515690863197,optimal,0.5277215368114412,0.609046305064112,f40,development
hourly_seed_930084,aac5950800892db9fb326eb3fc787efbc71a0cf6e978e6c476eab00df20b05b9,930084,0,8,0,perfect_information,26.832405150473168,0.3398232446723461,78.95988744485294,0.9625007190206355,0.9500009291900241,0.24999900000007674,0.5641775401709365,0.0,0.0,1100.0,212.15515690863197,217.38446437672522,212.15515690863197,optimal,0.7382205449976027,0.763868642039597,f40,development
hourly_seed_930095,73cb561d13649198cb68863218e7b6fa897a7f6559f816f43206a4c4c003ef46,930095,0,4,0,perfect_information,29.988210542047682,0.37979044186191385,78.95988744485294,0.9625007183208513,0.9500009366417026,0.24999900000000067,0.500000983326747,0.0,4.9112713895738125e-11,1100.0,212.15515690863197,217.38446437672522,212.15515690863197,optimal,0.4323701052926481,0.5307562160305679,f40,development
hourly_seed_930095,73cb561d13649198cb68863218e7b6fa897a7f6559f816f43206a4c4c003ef46,930095,0,8,0,perfect_information,29.988210542047682,0.37979044186191385,78.95988744485294,0.9573889062295132,0.9500009366417026,0.24999900000000097,0.500000983326747,0.0,0.0,1100.0,212.15515690863197,217.38446437672522,212.15515690863197,optimal,0.4792741108685732,0.5047791479155421,f40,development
hourly_seed_930090,cede9c0e842ad11ef730547d894eacadc44a8a794454634a41f60f531727c46a,930090,0,4,0,perfect_information,22.194450842199537,0.2810851377884822,78.95988744485294,0.962500707196463,0.9500009143929249,0.24999900000152336,0.5000009774718024,0.0,0.0,1100.0,212.15515690863197,217.38446437672522,212.15515690863197,optimal,0.5175045258365571,0.6148975100368261,f40,development
hourly_seed_930090,cede9c0e842ad11ef730547d894eacadc44a8a794454634a41f60f531727c46a,930090,0,8,0,perfect_information,22.194450842199537,0.2810851377884822,78.95988744485294,0.9625007125469054,0.9500009143929249,0.24999900000019395,0.5000009774704808,0.0,0.0,1100.0,212.15515690863197,217.38446437672522,212.15515690863197,optimal,0.5400507040321827,0.6681255958974361,f40,development
hourly_seed_930087,143c8fd2629176ac6d9cd7873c0bca1368c573ea42904b919a1ede81b45c072e,930087,0,4,0,perfect_information,40.70450098203722,0.5155085993564265,78.95988744485294,0.9625007266610336,0.9500009533220672,0.249999000000002,0.500000987716322,0.0,0.0,1100.0,212.15515690863197,217.38446437672522,212.15515690863197,optimal,0.6500497157685459,0.49082887172698975,f40,development
hourly_seed_930087,143c8fd2629176ac6d9cd7873c0bca1368c573ea42904b919a1ede81b45c072e,930087,0,8,0,perfect_information,28.68731777026337,0.36331507932175217,78.95988744485294,0.9684822575975787,0.9500009337685721,0.24999900000000888,0.5000009825706607,0.0,0.0,1100.0,212.15515690863197,217.38446437672522,212.15515690863197,optimal,0.6593735632486641,0.6973431361839175,f40,development
hourly_seed_930076,1203671ac59b8eea7ae284ca6f4a4ebb7e939e602c41e05e63a314ded33530b1,930076,0,4,0,perfect_information,40.34379460922187,0.510940376370201,78.95988744485294,0.9625007264523643,0.9500009529047285,0.24999900000000044,0.5000009876064968,0.0,0.0,1100.0,212.15515690863197,217.38446437672522,212.15515690863197,optimal,0.7126447889022529,0.5959180751815438,f40,development
hourly_seed_930076,1203671ac59b8eea7ae284ca6f4a4ebb7e939e602c41e05e63a314ded33530b1,930076,0,8,0,perfect_information,25.696014620024556,0.32543124682100305,78.95988744485294,0.9625007176505921,0.9500009260584962,0.24999899999999933,0.5000009805416908,0.0,0.0,1100.0,212.15515690863197,217.38446437672522,212.15515690863197,optimal,0.8086276757530868,0.8578730868175626,f40,development
hourly_seed_930086,cd98b7b78403ab94a7718ca84aa6f3d51ecf11d63f4a1ab1d7c160ff0608b1d8,930086,0,4,0,perfect_information,30.061735560486987,0.38072161110263314,78.95988744485294,0.9625007183983317,0.9500009367966625,0.24999900000000072,0.5000009833675274,0.0,1.6370904631912708e-11,1100.0,212.15515690863197,217.38446437672522,212.15515690863197,optimal,0.7366665750741959,0.8174426099285483,f40,development
hourly_seed_930086,cd98b7b78403ab94a7718ca84aa6f3d51ecf11d63f4a1ab1d7c160ff0608b1d8,930086,0,8,0,perfect_information,30.061735560486987,0.38072161110263314,78.95988744485294,0.9687506012987489,0.9500009367966625,0.24999900000001302,0.5000009833675274,0.0,0.0,1100.0,212.15515690863197,217.38446437672522,212.15515690863197,optimal,0.5507671791128814,0.5505501977168024,f40,development
hourly_seed_930080,6a905024480991713148df602ed6c06f125566b295c69a692abda14ff1c7535d,930080,0,4,0,perfect_information,24.891080078338746,0.31523702583445473,78.95988744485294,0.9625007118336779,0.9500009236673558,0.2499990000000005,0.500000979912445,0.0,0.0,1100.0,212.15515690863197,217.38446437672522,212.15515690863197,optimal,0.7515071257948875,0.7469356087967753,f40,development
hourly_seed_930080,6a905024480991713148df602ed6c06f125566b295c69a692abda14ff1c7535d,930080,0,8,0,perfect_information,24.891080078338746,0.31523702583445473,78.95988744485294,0.9625007166044681,0.9500009236673558,0.24999900000006087,0.5000009799124404,0.0,3.637978807091713e-12,1100.0,212.15515690863197,217.38446437672522,212.15515690863197,optimal,0.757117641158402,0.8495555859990418,f40,development
hourly_seed_930079,db457e09144c6caa1d8aa8eb7c2185ea3639fcf35817eb8cd31fd0740d610ee1,930079,0,4,0,perfect_information,49.94852173601005,0.6325809642382664,78.95988744485294,0.9625007309803983,0.9500009619607969,0.24999900000003195,0.5000009899896737,0.0,7.275957614183426e-12,1100.0,212.15515690863197,217.38446437672522,212.15515690863197,optimal,0.7445970848202705,0.7948514618910849,f40,development
hourly_seed_930079,db457e09144c6caa1d8aa8eb7c2185ea3639fcf35817eb8cd31fd0740d610ee1,930079,0,8,0,perfect_information,34.20057142716489,0.4331385534338712,78.95988744485294,0.9750004826391608,0.9500009444453137,0.2499990000000395,0.5000009853802553,0.0,0.0,1100.0,212.15515690863197,217.38446437672522,212.15515690863197,optimal,0.7850564518012106,0.8206412889994681,f40,development
hourly_seed_930092,092767124b4bd8102ab0085af9c0af73683e1509292f960f27a3c68a7bc3870d,930092,0,4,0,perfect_information,29.35195496025846,0.371732482277896,78.95988744485294,0.9750004757256113,0.9500009352682974,0.24999900000000078,0.500000982965324,0.0,2.7284841053187847e-11,1100.0,212.15515690863197,217.38446437672522,212.15515690863197,optimal,0.6241143168881536,0.5155637636780739,f40,development
hourly_seed_930092,092767124b4bd8102ab0085af9c0af73683e1509292f960f27a3c68a7bc3870d,930092,0,8,0,perfect_information,29.35195496025846,0.371732482277896,78.95988744485294,0.9687506007256116,0.9500009352682974,0.2499990000000003,0.500000982965324,0.0,0.0,1100.0,212.15515690863197,217.38446437672522,212.15515690863197,optimal,0.4815953248180449,0.6878965976648033,f40,development
hourly_seed_930094,cc960fc3e2b44ebb983d0623d6e32b7609313d30bd08905a206fcb6436e0f9eb,930094,0,4,0,perfect_information,32.443065585747036,0.4108803423561853,78.95988744485294,0.9500009633973792,0.9500009414358067,0.2499990000000021,0.5000009845883535,0.0,1.0913936421275139e-11,1100.0,212.15515690863197,217.38446437672522,212.15515690863197,optimal,0.4420470637269318,0.7473527109250426,f40,development
hourly_seed_930094,cc960fc3e2b44ebb983d0623d6e32b7609313d30bd08905a206fcb6436e0f9eb,930094,0,8,0,perfect_information,31.151596266662402,0.3945243246251998,78.95988744485294,0.973100376438434,0.9500009390078762,0.249999,0.5000009839494253,0.0,0.0,1100.0,212.15515690863197,217.38446437672522,212.15515690863197,optimal,0.6227519898675382,0.7513259747065604,f40,development
hourly_seed_930003,1ddb6f81a5515fff4b57225c6d92af5d9f7dc6b35650e03b7050f0ac79f5f815,930003,0,4,0,perfect_information,46.333211503625414,0.39006557196513597,118.78313502573529,0.9625007294963248,0.9500009589926556,0.2499990000000348,0.5000009892085842,0.0,0.0,1100.0,226.16616044220174,231.66862486808822,226.16616044220174,optimal,0.4085977883078158,0.5709546920843422,f60,development
hourly_seed_930003,1ddb6f81a5515fff4b57225c6d92af5d9f7dc6b35650e03b7050f0ac79f5f815,930003,0,8,0,perfect_information,45.41485701552719,0.3823342177800553,118.78313502573529,0.9687506093112852,0.9500009581634273,0.24999900000000053,0.500000988990365,0.0,0.0,1100.0,226.16616044220174,231.66862486808822,226.16616044220174,optimal,0.4190181130543351,0.4987668409012258,f60,development
hourly_seed_930083,50d7dd9a24f3e75459251792ad36947c7312e76082436859518827a5c016bb9c,930083,0,4,0,perfect_information,26.286304113791367,0.3329070616032756,78.95988744485294,0.9625007138594688,0.9500009277189364,0.24999900000000452,0.5000009809786508,0.0,2.000888343900442e-11,1100.0,212.15515690863197,217.38446437672522,212.15515690863197,optimal,0.8183250459842384,0.7577191842719913,f40,development
hourly_seed_930083,50d7dd9a24f3e75459251792ad36947c7312e76082436859518827a5c016bb9c,930083,0,8,0,perfect_information,26.286304113791367,0.3329070616032756,78.95988744485294,0.9625007183770354,0.9500009277189364,0.24999900000000028,0.5000009809786508,0.0,0.0,1100.0,212.15515690863197,217.38446437672522,212.15515690863197,optimal,0.7871885551139712,0.7946479697711766,f40,development
hourly_seed_930089,9309d0330cfa980c28e9891d1212a3a1545094d2bf49ab5113f304358e58cf9c,930089,0,4,0,perfect_information,38.9289170478547,0.4930214354097628,78.95988744485294,0.9625007255965218,0.9500009511930435,0.24999900000000017,1.2691764625957305,0.0,0.0,1100.0,212.15515690863197,217.38446437672522,212.15515690863197,optimal,0.732796351891011,0.815835990011692,f40,development
hourly_seed_930089,9309d0330cfa980c28e9891d1212a3a1545094d2bf49ab5113f304358e58cf9c,930089,0,8,0,perfect_information,30.39277693295699,0.38491413699372196,78.95988744485294,0.9654317877382024,0.95000093748508,0.24999900000051523,1.4378115804839067,0.0,0.0,1100.0,212.15515690863197,217.38446437672522,212.15515690863197,optimal,0.7727107959799469,0.7742958352901042,f40,development
hourly_seed_930088,726b2b8cbdde4c727f7ba6258b974cf47abd351fb9b780b1657cc9d36538a120,930088,0,4,0,perfect_information,38.545746706903266,0.488168713941295,78.95988744485294,0.975000481515451,0.9500009507078698,0.24999900000000355,0.500000987028375,0.0,7.275957614183426e-12,1100.0,212.15515690863197,217.38446437672522,212.15515690863197,optimal,0.6904296134598553,0.7603608909994364,f40,development
hourly_seed_930088,726b2b8cbdde4c727f7ba6258b974cf47abd351fb9b780b1657cc9d36538a120,930088,0,8,0,perfect_information,29.4883803892538,0.3734602637301001,78.95988744485294,0.9687506008379152,0.950000935567773,0.24999900000000705,0.5000009830441351,0.0,0.0,1100.0,212.15515690863197,217.38446437672522,212.15515690863197,optimal,0.7331349239684641,0.8518466898240149,f40,development
hourly_seed_930096,549b35ea1a1a8797036483d9e6e8537deffbf73442de080b0fb3412335401f34,930096,0,4,0,perfect_information,37.88689326013254,0.4798245601172298,78.95988744485294,0.9625007249253396,0.9500009498506793,0.24999900000001207,0.5000009868027985,0.0,0.0,1100.0,212.15515690863197,217.38446437672522,212.15515690863197,optimal,0.6987122837454081,0.5344522786326706,f40,development
hourly_seed_930096,549b35ea1a1a8797036483d9e6e8537deffbf73442de080b0fb3412335401f34,930096,0,8,0,perfect_information,28.370638264757982,0.35930444156943064,78.95988744485294,0.9625102234622532,0.9500009330292839,0.24999900000011843,0.5000009823760925,0.0,0.0,1100.0,212.15515690863197,217.38446437672522,212.15515690863197,optimal,0.4586826362647116,0.6145123885944486,f40,development
hourly_seed_930005,a564a6331d327e3fafd1c2b5b2d994fcbfe68a06d854b1e008a76553aa19cdfa,930005,0,4,0,perfect_information,55.7948181172854,0.46972003311073596,118.78313502573529,0.9625007329733115,0.9500009659466232,0.24999899999999972,0.5000009910385758,0.0,0.0,1100.0,226.16616044220174,231.66862486808822,226.16616044220174,optimal,0.525457123760134,0.5258301761932671,f60,development
hourly_seed_930005,a564a6331d327e3fafd1c2b5b2d994fcbfe68a06d854b1e008a76553aa19cdfa,930005,0,8,0,perfect_information,41.600530041924614,0.35022252976326596,118.78313502573529,0.9586172914068388,0.9500009543274578,0.24999899999999992,0.5000009879809,0.0,0.0,1100.0,226.16616044220174,231.66862486808822,226.16616044220174,optimal,0.44872949412092566,0.5573960193432868,f60,development
hourly_seed_930099,be9dcac9d88a9f5b711a2b1bfdcab9c40a2e2c7c7c1e9f50ea4f221c4d31b43c,930099,0,4,0,perfect_information,26.177125985748955,0.33152435790934415,78.95988744485294,0.9625007137087364,0.9500009274174727,0.249999000000001,0.5000009808993165,0.0,0.0,1100.0,212.15515690863197,217.38446437672522,212.15515690863197,optimal,0.46996471378952265,0.4790673307143152,f40,development
hourly_seed_930099,be9dcac9d88a9f5b711a2b1bfdcab9c40a2e2c7c7c1e9f50ea4f221c4d31b43c,930099,0,8,0,perfect_information,26.177125985748955,0.33152435790934415,78.95988744485294,0.9687505977815521,0.9500009274174727,0.24999900000000028,0.5000009808993165,0.0,0.0,1100.0,212.15515690863197,217.38446437672522,212.15515690863197,optimal,0.7002375330775976,0.7429073238745332,f40,development
hourly_seed_930001,6ca958391f93f84276161e389bb24d1b18cb7706b9990aa2c13c4a34e60bc674,930001,0,4,0,perfect_information,39.50508412838173,0.3325815918212855,118.78313502573529,0.9625007259524371,0.9500009519048735,0.24999900000000097,0.5000009873433764,0.0,0.0,1100.0,226.16616044220174,231.66862486808822,226.16616044220174,optimal,0.6152113229036331,0.5044737360440195,f60,development
hourly_seed_930001,6ca958391f93f84276161e389bb24d1b18cb7706b9990aa2c13c4a34e60bc674,930001,0,8,0,perfect_information,39.50508412838173,0.3325815918212855,118.78313502573529,0.9594181777645723,0.9500009519048735,0.24999900000095748,0.5000009873433764,0.0,1.8189894035458565e-12,1100.0,226.16616044220174,231.66862486808822,226.16616044220174,optimal,0.41931410506367683,0.5266637806780636,f60,development
hourly_seed_930004,cb572777a23864b7cf5c5c30086aa10477c4a21e5b32cc767f7525e61ac4bd75,930004,0,4,0,perfect_information,57.87194546357423,0.48720675246562417,118.78313502573529,0.9500009794805373,0.9500009671688597,0.24999900000125921,0.5000009913602179,0.0,0.0,1100.0,226.16616044220174,231.66862486808822,226.16616044220174,optimal,0.544371749740094,0.5385296139866114,f60,development
hourly_seed_930004,cb572777a23864b7cf5c5c30086aa10477c4a21e5b32cc767f7525e61ac4bd75,930004,0,8,0,perfect_information,36.20407902678214,0.30479140846836755,118.78313502573529,0.9677078219727032,0.9500009475196699,0.24999900000031006,0.5000009861893729,0.0,0.0,1100.0,226.16616044220174,231.66862486808822,226.16616044220174,optimal,0.5322571559809148,0.5170974433422089,f60,development
hourly_seed_930006,7c497e1b3ff32b449f8196a987e268da07919f50757de5bd21dde228d22b44f6,930006,0,4,0,perfect_information,48.74484956644448,0.41036843787532234,118.78313502573529,0.9625007305107414,0.9500009610214827,0.24999900000001363,0.5000009897424849,0.0,9.094947017729282e-12,1100.0,226.16616044220174,231.66862486808822,226.16616044220174,optimal,0.5765991569496691,0.5250827511772513,f60,development
hourly_seed_930006,7c497e1b3ff32b449f8196a987e268da07919f50757de5bd21dde228d22b44f6,930006,0,8,0,perfect_information,36.68065687314754,0.3088035760733238,118.78313502573529,0.9625007273381686,0.9500009482015284,0.24999900000000008,0.5000009863688096,0.0,9.094947017729282e-12,1100.0,226.16616044220174,231.66862486808822,226.16616044220174,optimal,0.4810338318347931,0.523377041798085,f60,development
hourly_seed_930093,eb34d7b8dbe43ba7475e4442c91fcd880b5f08d6e59e5d323f4a9e7a24c0d3b0,930093,0,4,0,perfect_information,28.056270389626974,0.35532307982609523,78.95988744485294,0.9500009661394411,0.9500009322788812,0.2499990000000012,0.5000009821786352,0.0,0.0,1100.0,212.15515690863197,217.38446437672522,212.15515690863197,optimal,0.7881822613999248,0.7850390812382102,f40,development
hourly_seed_930093,eb34d7b8dbe43ba7475e4442c91fcd880b5f08d6e59e5d323f4a9e7a24c0d3b0,930093,0,8,0,perfect_information,28.056270389626974,0.35532307982609523,78.95988744485294,0.967814424961703,0.9500009322788812,0.24999900000000044,0.5000009821786352,0.0,0.0,1100.0,212.15515690863197,217.38446437672522,212.15515690863197,optimal,0.5691866311244667,0.9347129976376891,f40,development
hourly_seed_930091,a2bb8e2732e2198fe0d422a36de65ba44a2bb3039758ec2519d9dd958ab79594,930091,0,4,0,perfect_information,39.79265890639354,0.503960430974341,78.95988744485294,0.9625007261262251,0.9500009522524502,0.2499990000000001,0.5000009874348441,0.0,0.0,1100.0,212.15515690863197,217.38446437672522,212.15515690863197,optimal,0.7568531092256308,0.8130340417847037,f40,development
hourly_seed_930091,a2bb8e2732e2198fe0d422a36de65ba44a2bb3039758ec2519d9dd958ab79594,930091,0,8,0,perfect_information,30.32124761056886,0.38400824256171573,78.95988744485294,0.9580460948621974,0.9500009373376043,0.2499990000000305,0.50000098350988,0.0,0.0,1100.0,212.15515690863197,217.38446437672522,212.15515690863197,optimal,0.7239274480380118,0.9100876268930733,f40,development
hourly_seed_930098,206e2cb0666c87222192d9690f4306361b217e97b6e532f39a66dc74ae4e923f,930098,0,4,0,perfect_information,39.0659973456241,0.49475751055127226,78.95988744485294,0.9625007256821522,0.9500009513643042,0.24999900000000083,0.7476429182429234,0.0,0.0,1100.0,212.15515690863197,217.38446437672522,212.15515690863197,optimal,0.9059997410513461,0.7170670763589442,f40,development
hourly_seed_930098,206e2cb0666c87222192d9690f4306361b217e97b6e532f39a66dc74ae4e923f,930098,0,8,0,perfect_information,35.93875815733484,0.45515209456744904,78.95988744485294,0.9625007268703512,0.9500009471322312,0.24999900000002648,0.7125229044840908,0.0,0.0,1100.0,212.15515690863197,217.38446437672522,212.15515690863197,optimal,0.5366744929924607,0.5060619949363172,f40,development
hourly_seed_930007,a883947d6330164d33bb8a009be71744e9f1094462fe85318b8bd87df04caf98,930007,0,4,0,perfect_information,43.6317805455204,0.3673230255799128,118.78313502573529,0.9625007282268574,0.9500009564537147,0.24999899999999947,0.5000009885404403,0.0,0.0,1100.0,226.16616044220174,231.66862486808822,226.16616044220174,optimal,0.6312997210770845,0.6296576717868447,f60,development
hourly_seed_930007,a883947d6330164d33bb8a009be71744e9f1094462fe85318b8bd87df04caf98,930007,0,8,0,perfect_information,38.89467209479828,0.32744271386987256,118.78313502573529,0.9625007286281562,0.9500009511500711,0.24999900000000128,0.5000009871447426,0.0,3.637978807091713e-12,1100.0,226.16616044220174,231.66862486808822,226.16616044220174,optimal,0.4855455798096955,0.5114232189953327,f60,development
hourly_seed_930002,395db415b4f961357f6b1af7a3671accf3d645573819ccdceb14d5f1e5e56338,930002,0,4,0,perfect_information,53.35521878496268,0.44918176956183936,118.78313502573529,0.9750004866460908,0.9500009643895749,0.2499990000000006,0.5000009906288266,0.0,0.0,1100.0,226.16616044220174,231.66862486808822,226.16616044220174,optimal,0.7423451603390276,0.6917648212984204,f60,development
hourly_seed_930002,395db415b4f961357f6b1af7a3671accf3d645573819ccdceb14d5f1e5e56338,930002,0,8,0,perfect_information,42.405996047473764,0.35700350928005203,118.78313502573529,0.9625007303977985,0.9500009551949685,0.24999900000000025,0.5000009882091907,0.0,0.0,1100.0,226.16616044220174,231.66862486808822,226.16616044220174,optimal,0.6670877300202847,0.4960778048262,f60,development
hourly_seed_930011,49bb9acff652d230d4fbe43a28406c84b6675c8a0e677bdda95ffa0e8ab0caa2,930011,0,4,0,perfect_information,50.14068299970657,0.4221195457490089,118.78313502573529,0.950000990526645,0.95000098105329,0.24999900000001804,0.5000009900280384,0.0,1.0913936421275139e-11,1100.0,226.16616044220174,231.66862486808822,226.16616044220174,optimal,0.42103336518630385,0.4737315783277154,f60,development
hourly_seed_930011,49bb9acff652d230d4fbe43a28406c84b6675c8a0e677bdda95ffa0e8ab0caa2,930011,0,8,0,perfect_information,47.59728107688405,0.400707398963428,118.78313502573529,0.9625007325357491,0.9500009600817122,0.24999899999999978,0.5000009894951772,0.0,3.8198777474462986e-11,1100.0,226.16616044220174,231.66862486808822,226.16616044220174,optimal,0.7136173751205206,0.5598116838373244,f60,development
hourly_seed_930000,8441e04b0678e0389a6b630f30487fa1a22e3797032d14262fc87cceb0e51f52,930000,0,4,0,perfect_information,46.18994370003766,0.3888594427990998,118.78313502573529,0.9625007294327312,0.9500009588654627,0.24999900000000433,0.5000009891751114,0.0,0.0,1100.0,226.16616044220174,231.66862486808822,226.16616044220174,optimal,0.506555147934705,0.5528637119568884,f60,development
hourly_seed_930000,8441e04b0678e0389a6b630f30487fa1a22e3797032d14262fc87cceb0e51f52,930000,0,8,0,perfect_information,42.47147136044115,0.3575547265294806,118.78313502573529,0.9562508526320208,0.9500009552640418,0.24999900000000036,0.5000009882273675,0.0,3.637978807091713e-12,1100.0,226.16616044220174,231.66862486808822,226.16616044220174,optimal,0.9168381779454648,0.9882562751881778,f60,development
hourly_seed_930017,03ef86a01f97edc43d92a5fffdefe29c8938b611750313e0ff76e0d61075d708,930017,0,4,0,perfect_information,52.60964183279858,0.4429049782311293,118.78313502573529,0.9625007319424549,0.9500009638849097,0.24999899999999922,0.5000009904960198,0.0,0.0,1100.0,226.16616044220174,231.66862486808822,226.16616044220174,optimal,0.5134431608021259,0.4458591667935252,f60,development
hourly_seed_930017,03ef86a01f97edc43d92a5fffdefe29c8938b611750313e0ff76e0d61075d708,930017,0,8,0,perfect_information,52.60964183279858,0.4429049782311293,118.78313502573529,0.9652721406955922,0.9500009638849097,0.24999900000000033,0.5000009904960198,0.0,0.0,1100.0,226.16616044220174,231.66862486808822,226.16616044220174,optimal,0.4417509217746556,0.527763397898525,f60,development
hourly_seed_930097,9d390e73aab9fa0ceb4666e71cec2e6232c3d012cc0e85c319998e1904921340,930097,0,4,0,perfect_information,28.918597042054365,0.3662441522887384,78.95988744485294,0.9625007171491331,0.9500009342982663,0.24999900000020403,0.5000009827100533,0.0,1.4551915228366852e-11,1100.0,212.15515690863197,217.38446437672522,212.15515690863197,optimal,0.7676664358004928,0.7086741738021374,f40,development
hourly_seed_930097,9d390e73aab9fa0ceb4666e71cec2e6232c3d012cc0e85c319998e1904921340,930097,0,8,0,perfect_information,24.676804114208096,0.3125232939502711,78.95988744485294,0.9646585679780358,0.9500009230045345,0.2499990000000043,0.5000009797380167,0.0,0.0,1100.0,212.15515690863197,217.38446437672522,212.15515690863197,optimal,0.7325809211470187,0.8086383859626949,f40,development
hourly_seed_930015,983df08aa74ada3d9be42fc2bdf4561cba2b8fe526025e75c804a408aa276c3b,930015,0,4,0,perfect_information,37.59702189392341,0.3165181815228039,118.78313502573529,0.962500724732015,0.9500009494640302,0.2499990000000001,0.5000009867010471,0.0,7.275957614183426e-12,1100.0,226.16616044220174,231.66862486808822,226.16616044220174,optimal,0.5320452740415931,0.44557788595557213,f60,development
hourly_seed_930015,983df08aa74ada3d9be42fc2bdf4561cba2b8fe526025e75c804a408aa276c3b,930015,0,8,0,perfect_information,37.59702189392341,0.3165181815228039,118.78313502573529,0.956250849732015,0.9500009494640302,0.2499990000000004,0.5000009867010471,0.0,0.0,1100.0,226.16616044220174,231.66862486808822,226.16616044220174,optimal,0.5050081093795598,0.6764564178884029,f60,development
hourly_seed_930018,956fffd925774f131d0d219c1f93578d635ab33408e647ac285a8fbf8ba18d17,930018,0,4,0,perfect_information,48.880988731462104,0.41151455314655283,118.78313502573529,0.9625007305650212,0.9500009611300423,0.24999899999999992,0.500000989771054,0.0,3.092281986027956e-11,1100.0,226.16616044220174,231.66862486808822,226.16616044220174,optimal,0.41852667974308133,0.5013364171609282,f60,development
hourly_seed_930018,956fffd925774f131d0d219c1f93578d635ab33408e647ac285a8fbf8ba18d17,930018,0,8,0,perfect_information,48.880988731462104,0.41151455314655283,118.78313502573529,0.9625007329943935,0.9500009611300423,0.24999900000000044,0.500000989771054,0.0,0.0,1100.0,226.16616044220174,231.66862486808822,226.16616044220174,optimal,0.5236731637269258,0.5199077799916267,f60,development
hourly_seed_930009,8d52826fc3098b88116ed7aa770f961eceab3c012211effc4151512cf6e39037,930009,0,4,0,perfect_information,47.14308592372496,0.39688366461712804,118.78313502573529,0.9625007298485615,0.9500009596971225,0.249999,0.5000009893939684,0.0,0.0,1100.0,226.16616044220174,231.66862486808822,226.16616044220174,optimal,0.6033738809637725,0.5578241017647088,f60,development
hourly_seed_930009,8d52826fc3098b88116ed7aa770f961eceab3c012211effc4151512cf6e39037,930009,0,8,0,perfect_information,47.14308592372496,0.39688366461712804,118.78313502573529,0.9625574304196938,0.9500009596971225,0.2499990000000077,0.5000009893939684,0.0,0.0,1100.0,226.16616044220174,231.66862486808822,226.16616044220174,optimal,0.751445516012609,0.842024140059948,f60,development
hourly_seed_930014,4a367a9f1ca113f0c70b0a0aaff1379ce2ce288f64d546fa508e534407ed1f99,930014,0,4,0,perfect_information,42.63828808254914,0.3589591070593584,118.78313502573529,0.9629833191077255,0.9500009554390654,0.24999899999999983,0.5000009882734257,0.0,0.0,1100.0,226.16616044220174,231.66862486808822,226.16616044220174,optimal,0.39750573085621,0.43361712200567126,f60,development
hourly_seed_930014,4a367a9f1ca113f0c70b0a0aaff1379ce2ce288f64d546fa508e534407ed1f99,930014,0,8,0,perfect_information,42.63828808254914,0.3589591070593584,118.78313502573529,0.9750004860747079,0.9500009554390654,0.24999900000000105,0.5000009882734257,0.0,0.0,1100.0,226.16616044220174,231.66862486808822,226.16616044220174,optimal,0.6647091349586844,0.7931039109826088,f60,development
hourly_seed_930008,7be062b28e64fc9a5fc10f95efe7c387ece9f7a29850f0a901ddb65199ac26ba,930008,0,4,0,perfect_information,53.8342631655025,0.45321470218679516,118.78313502573529,0.9750004867649207,0.9500009647064545,0.24999900000002187,0.5000009907122159,0.0,0.0,1100.0,226.16616044220174,231.66862486808822,226.16616044220174,optimal,0.7346400427632034,0.8356657512485981,f60,development
hourly_seed_930008,7be062b28e64fc9a5fc10f95efe7c387ece9f7a29850f0a901ddb65199ac26ba,930008,0,8,0,perfect_information,53.50478913218786,0.4504409579743423,118.78313502573529,0.9687506116834212,0.9500009644891234,0.24999900000000033,0.5000009906550233,0.0,0.0,1100.0,226.16616044220174,231.66862486808822,226.16616044220174,optimal,0.5758735528215766,0.563383896369487,f60,development
hourly_seed_930012,36a3a9438c9c67c00aeb3e90e51c05be87eb665ee2da0f9ee7227b3ca87a7580,930012,0,4,0,perfect_information,54.25051946769411,0.4567190405939388,118.78313502573529,0.9736972732632891,0.9500009649772577,0.2499990000000064,0.5000009907832763,0.0,0.0,1100.0,226.16616044220174,231.66862486808822,226.16616044220174,optimal,0.7940772171132267,0.8479526368901134,f60,development
hourly_seed_930012,36a3a9438c9c67c00aeb3e90e51c05be87eb665ee2da0f9ee7227b3ca87a7580,930012,0,8,0,perfect_information,39.85991726840503,0.33556882683530004,118.78313502573529,0.966793913468722,0.9500009523330165,0.24999900000000078,0.5000009874560462,0.0,0.0,1100.0,226.16616044220174,231.66862486808822,226.16616044220174,optimal,0.5878295861184597,0.5340538071468472,f60,development
hourly_seed_930010,cfb2769429782a132ea7a858ff10ec0674c8773b4a18c1c3c5c94bfa22218dfb,930010,0,4,0,perfect_information,41.27429545651763,0.34747605750239907,118.78313502573529,0.9500009769832296,0.9500009539664592,0.2499990000000332,0.5000009878858986,0.0,1.2732925824820995e-11,1100.0,226.16616044220174,231.66862486808822,226.16616044220174,optimal,0.677509453613311,0.7786239529959857,f60,development
hourly_seed_930010,cfb2769429782a132ea7a858ff10ec0674c8773b4a18c1c3c5c94bfa22218dfb,930010,0,8,0,perfect_information,41.27429545651763,0.34747605750239907,118.78313502573529,0.9500009884916147,0.9500009769832296,0.24999900000041592,0.5000009878858986,0.0,0.0,1100.0,226.16616044220174,231.66862486808822,226.16616044220174,optimal,0.7148089231923223,0.8069108459167182,f60,development
hourly_seed_930023,d6622c3939c37849712b54a8ffd81be2cfa69d7452cbfe32f7cfcc51d0ba322d,930023,0,4,0,perfect_information,46.66522704558666,0.39286071238544323,118.78313502573529,0.975000484731656,0.9500009592844162,0.24999900001173028,0.500000989285362,0.0,0.0,1100.0,226.16616044220174,231.66862486808822,226.16616044220174,optimal,0.516195697709918,0.5453036949038506,f60,development
hourly_seed_930023,d6622c3939c37849712b54a8ffd81be2cfa69d7452cbfe32f7cfcc51d0ba322d,930023,0,8,0,perfect_information,37.94765231576767,0.3194700350983834,118.78313502573529,0.9687506062241118,0.9500009499309746,0.24999899999999822,0.5000009868239278,0.0,0.0,1100.0,226.16616044220174,231.66862486808822,226.16616044220174,optimal,0.46671557519584894,0.5487108957022429,f60,development
hourly_seed_930029,eece661be2a6232bc0ce66cf9abd80a940fdfba0d0ae4667cb0c83c0e18da4fb,930029,0,4,0,perfect_information,51.63478453797732,0.43469794366675235,118.78313502573529,0.962500731601531,0.950000963203062,0.24999900000000042,0.5000009903165868,0.0,1.8189894035458565e-11,1100.0,226.16616044220174,231.66862486808822,226.16616044220174,optimal,0.4516747030429542,0.5233909208327532,f60,development
hourly_seed_930029,eece661be2a6232bc0ce66cf9abd80a940fdfba0d0ae4667cb0c83c0e18da4fb,930029,0,8,0,perfect_information,38.318695043507255,0.322593733825978,118.78313502573529,0.9750004845049366,0.9500009504157968,0.24999900000169373,0.5000009869493203,0.0,0.0,1100.0,226.16616044220174,231.66862486808822,226.16616044220174,optimal,0.43521150294691324,0.6227871091105044,f60,development
hourly_seed_930034,2adb8b4436ea3ca4bcf0751e981d9f0439a4a6e59d31509631d3772f03d63977,930034,0,4,0,perfect_information,44.07402093858922,0.37104611634505386,118.78313502573529,0.9625007284453294,0.9500009568906591,0.24999900000000044,0.5000009886554266,0.0,0.0,1100.0,226.16616044220174,231.66862486808822,226.16616044220174,optimal,0.4247048683464527,0.4706854787655175,f60,development
hourly_seed_930034,2adb8b4436ea3ca4bcf0751e981d9f0439a4a6e59d31509631d3772f03d63977,930034,0,8,0,perfect_information,44.07402093858922,0.37104611634505386,118.78313502573529,0.9589237982791863,0.9500009568906591,0.2499990000000008,0.5000009886554253,0.0,0.0,1100.0,226.16616044220174,231.66862486808822,226.16616044220174,optimal,0.41649136785417795,0.5068368199281394,f60,development
hourly_seed_930031,6e354b06a3ec03389ac4b4a1ecf75e423184895715f5dc13422ec66e8bf19a72,930031,0,4,0,perfect_information,39.25419538722016,0.3304694338865145,118.78313502573529,0.9750004818490549,0.950000951597479,0.2499990000000107,0.500000987262482,0.0,2.000888343900442e-11,1100.0,226.16616044220174,231.66862486808822,226.16616044220174,optimal,0.5050224890001118,0.5281659406609833,f60,development
hourly_seed_930031,6e354b06a3ec03389ac4b4a1ecf75e423184895715f5dc13422ec66e8bf19a72,930031,0,8,0,perfect_information,39.25419538722016,0.3304694338865145,118.78313502573529,0.9625007288238976,0.950000951597479,0.2499990000000004,0.500000987262482,0.0,3.637978807091713e-12,1100.0,226.16616044220174,231.66862486808822,226.16616044220174,optimal,0.47911799093708396,0.48812165576964617,f60,development
hourly_seed_930021,918e0d5250fafa8ec976f79d38ff0b59d2d8b56cd440193e28ea6603e6c77a31,930021,0,4,0,perfect_information,50.99068435434161,0.42927545516704946,118.78313502573529,0.9625007313691265,0.9500009627382523,0.2499990000000006,0.5000009901942678,0.0,0.0,1100.0,226.16616044220174,231.66862486808822,226.16616044220174,optimal,0.6833025091327727,0.6992617170326412,f60,development
hourly_seed_930021,918e0d5250fafa8ec976f79d38ff0b59d2d8b56cd440193e28ea6603e6c77a31,930021,0,8,0,perfect_information,50.99068435434161,0.42927545516704946,118.78313502573529,0.963798866443299,0.9500009627382523,0.24999900000000033,0.5000009901942678,0.0,0.0,1100.0,226.16616044220174,231.66862486808822,226.16616044220174,optimal,0.5462142811156809,0.4479041304439306,f60,development
hourly_seed_930024,e4ea7de539cc9e049610f999e5a8e6b745980760d07e67e0b967f92a22d4b2b8,930024,0,4,0,perfect_information,44.930853541747936,0.37825953601926166,118.78313502573529,0.9625007288563779,0.9500009577127561,0.24999900000000028,0.5000009888717676,0.0,0.0,1100.0,226.16616044220174,231.66862486808822,226.16616044220174,optimal,0.7820858033373952,0.8259558416903019,f60,development
hourly_seed_930024,e4ea7de539cc9e049610f999e5a8e6b745980760d07e67e0b967f92a22d4b2b8,930024,0,8,0,perfect_information,44.930853541747936,0.37825953601926166,118.78313502573529,0.9625007314993307,0.9500009577127561,0.24999900000000028,0.5000009888717676,0.0,0.0,1100.0,226.16616044220174,231.66862486808822,226.16616044220174,optimal,0.43028048193082213,0.5035343188792467,f60,development
hourly_seed_930013,b2d84c676a2cf41f654687097981ecaa36fcea13e9cce36ddae312a47c0842ff,930013,0,4,0,perfect_information,54.8511708019407,0.4617757461112368,118.78313502573529,0.9625007326803883,0.9500009653607765,0.2499990000000647,1.1784884851289579,0.0,0.0,1100.0,226.16616044220174,231.66862486808822,226.16616044220174,optimal,0.8758917171508074,0.8498403271660209,f60,development
hourly_seed_930013,b2d84c676a2cf41f654687097981ecaa36fcea13e9cce36ddae312a47c0842ff,930013,0,8,0,perfect_information,34.88360922517817,0.29367476466773135,118.78313502573529,0.9687506045749131,0.9500009455331011,0.2499990000003145,0.9500009727665514,0.0,0.0,1100.0,226.16616044220174,231.66862486808822,226.16616044220174,optimal,0.711125039961189,0.9385767513886094,f60,development
hourly_seed_930039,d1bad247280fc19c34e6fa6740aa30cdd1bbaa18e670b169b60283dce54d9c91,930039,0,4,0,perfect_information,41.85709801043922,0.3523824994294902,118.78313502573529,0.9625007273037064,0.950000954607413,0.2499990000000819,0.7820900461074645,0.0,0.0,1100.0,226.16616044220174,231.66862486808822,226.16616044220174,optimal,0.4485482438467443,0.5161872371099889,f60,development
hourly_seed_930039,d1bad247280fc19c34e6fa6740aa30cdd1bbaa18e670b169b60283dce54d9c91,930039,0,8,0,perfect_information,39.44164866658512,0.3320475474741408,118.78313502573529,0.9687506069353206,0.9500009518275203,0.2499990000003448,0.5000009873230206,0.0,0.0,1100.0,226.16616044220174,231.66862486808822,226.16616044220174,optimal,0.4346016780473292,0.4935999889858067,f60,development
hourly_seed_930037,4c4171d8a13527f8e398fa2ceed2859dd388e4e5966eb596daedc47cb425e641,930037,0,4,0,perfect_information,39.51610850475477,0.3326744027777453,118.78313502573529,0.9545251370396851,0.9500009519182926,0.24999900000000072,0.5000009873468557,0.0,0.0,1100.0,226.16616044220174,231.66862486808822,226.16616044220174,optimal,0.417727786116302,0.5664667650125921,f60,development
hourly_seed_930037,4c4171d8a13527f8e398fa2ceed2859dd388e4e5966eb596daedc47cb425e641,930037,0,8,0,perfect_information,39.51610850475477,0.3326744027777453,118.78313502573529,0.9687506069693596,0.9500009519182926,0.24999900000000033,0.5000009873469075,0.0,1.0913936421275139e-11,1100.0,226.16616044220174,231.66862486808822,226.16616044220174,optimal,0.45557025726884604,0.5166736003011465,f60,development
hourly_seed_930032,95682bec100fd16c3d307d066f0e6e08363ab50fa8bda7f1abafd3975f447989,930032,0,4,0,perfect_information,49.28959925213491,0.41495452398571514,118.78313502573529,0.9750004855446024,0.950000961452273,0.24999900000000022,0.5000009898558517,0.0,1.6370904631912708e-11,1100.0,226.16616044220174,231.66862486808822,226.16616044220174,optimal,0.4684218158945441,0.5791882127523422,f60,development
hourly_seed_930032,95682bec100fd16c3d307d066f0e6e08363ab50fa8bda7f1abafd3975f447989,930032,0,8,0,perfect_information,47.47638117845181,0.39968957855983245,118.78313502573529,0.9687506099925222,0.9500009599800586,0.24999899999999983,0.5000009894683655,0.0,0.0,1100.0,226.16616044220174,231.66862486808822,226.16616044220174,optimal,0.46472974168136716,0.558811588678509,f60,development
hourly_seed_930027,7e0f6c3f9392d5332eab4a427ca3f0973a9beef208e51f8b3831f20a94eb7917,930027,0,4,0,perfect_information,58.86758975520342,0.4955887865937306,118.78313502573529,0.962500733862071,0.9500009677241421,0.2499990000000004,0.5000009915063447,0.0,0.0,1100.0,226.16616044220174,231.66862486808822,226.16616044220174,optimal,0.720533668063581,0.4597822721116245,f60,development
hourly_seed_930027,7e0f6c3f9392d5332eab4a427ca3f0973a9beef208e51f8b3831f20a94eb7917,930027,0,8,0,perfect_information,57.117024983681894,0.4808513007448999,118.78313502573529,0.9625007354465308,0.9500009667349277,0.24999900000000005,0.5000009912460256,0.0,0.0,1100.0,226.16616044220174,231.66862486808822,226.16616044220174,optimal,0.8256499809212983,0.5834533390589058,f60,development
hourly_seed_930016,d4e79df80d1d6e4d91e433f1acd365f5afa4e4e67cb82579fb6a958675bd1a5a,930016,0,4,0,perfect_information,56.82631227036503,0.4784038765945449,118.78313502573529,0.9500009832823733,0.950000966564749,0.2499990000000249,0.5000009912012418,0.0,2.1827872842550278e-11,1100.0,226.16616044220174,231.66862486808822,226.16616044220174,optimal,0.7919848039746284,0.8986073560081422,f60,development
hourly_seed_930016,d4e79df80d1d6e4d91e433f1acd365f5afa4e4e67cb82579fb6a958675bd1a5a,930016,0,8,0,perfect_information,50.56405921969109,0.42568382463332016,118.78313502573529,0.968750610908949,0.9500009624238641,0.24999900000004863,0.5000009901115345,0.0,0.0,1100.0,226.16616044220174,231.66862486808822,226.16616044220174,optimal,0.8250450170598924,0.8994493219070137,f60,development
hourly_seed_930028,17c9f81abf2d352b713e15181d2046bcb90ccec55e0b9b5c1c14ea8b20886cf3,930028,0,4,0,perfect_information,55.52781483978012,0.4674722116717124,118.78313502573529,0.9750004871685796,0.950000965782879,0.24999900000000097,0.5000009909954853,0.0,0.0,1100.0,226.16616044220174,231.66862486808822,226.16616044220174,optimal,0.7798013300634921,0.698862224817276,f60,development
hourly_seed_930028,17c9f81abf2d352b713e15181d2046bcb90ccec55e0b9b5c1c14ea8b20886cf3,930028,0,8,0,perfect_information,51.22704697864079,0.431265322030287,118.78313502573529,0.9633961842705763,0.9500009629101788,0.2499990000000138,0.5000009902395115,0.0,0.0,1100.0,226.16616044220174,231.66862486808822,226.16616044220174,optimal,0.6035673920996487,0.7382744662463665,f60,development
hourly_seed_930022,c58b366adb042326f68186e8f46d0222a1657dd7b9f88e365b8545f1b7b86425,930022,0,4,0,perfect_information,51.19691111364993,0.4310116171168384,118.78313502573529,0.9625007314441739,0.9500009628883477,0.24999900000000147,0.5000009902337663,0.0,0.0,1100.0,226.16616044220174,231.66862486808822,226.16616044220174,optimal,0.7305063377134502,0.8266464569605887,f60,development
hourly_seed_930022,c58b366adb042326f68186e8f46d0222a1657dd7b9f88e365b8545f1b7b86425,930022,0,8,0,perfect_information,50.2283588730215,0.42285766293454985,118.78313502573529,0.975000488178976,0.9500009621727247,0.24999900000000141,0.5000009900454453,0.0,0.0,1100.0,226.16616044220174,231.66862486808822,226.16616044220174,optimal,0.6957507058978081,0.7688169032335281,f60,development
hourly_seed_930036,2389413078896922ada6e64840a1f62803414cca7bab20234fb6a29c56674b0a,930036,0,4,0,perfect_information,59.00588613130226,0.4967530627855392,118.78313502573529,0.9625007338998941,0.9500009677997894,0.24999899999999972,0.5000009915262525,0.0,0.0,1100.0,226.16616044220174,231.66862486808822,226.16616044220174,optimal,0.6023178738541901,0.4900414370931685,f60,development
hourly_seed_930036,2389413078896922ada6e64840a1f62803414cca7bab20234fb6a29c56674b0a,930036,0,8,0,perfect_information,46.85086451256631,0.39442353918690315,118.78313502573529,0.9630148967563689,0.9500009594457438,0.24999900000000055,0.5000009893278156,0.0,1.8189894035458565e-12,1100.0,226.16616044220174,231.66862486808822,226.16616044220174,optimal,0.524367487989366,0.48259252216666937,f60,development
hourly_seed_930020,6288fa73de57bf9dce9f9adbfec9779c82e6476930ecdecc5e12b514c2f5659e,930020,0,4,0,perfect_information,28.968397318392363,0.24387634921503068,118.78313502573529,0.9750004754042049,0.9500009344112137,0.24999900000000008,0.5000009827397761,0.0,0.0,1100.0,226.16616044220174,231.66862486808822,226.16616044220174,optimal,0.7796707889065146,0.7647528578527272,f60,development
hourly_seed_930020,6288fa73de57bf9dce9f9adbfec9779c82e6476930ecdecc5e12b514c2f5659e,930020,0,8,0,perfect_information,28.968397318392363,0.24387634921503068,118.78313502573529,0.9687506004042054,0.9500009344112137,0.24999899999999972,0.5000009827397761,0.0,0.0,1100.0,226.16616044220174,231.66862486808822,226.16616044220174,optimal,0.7525398032739758,0.829409244004637,f60,development
hourly_seed_930046,9f97bc0d56afcb62bfc266da29e58ed7f36bc5117a0b66bf6e5f87cb832b4f14,930046,0,4,0,perfect_information,49.76497638319643,0.4189565831244853,118.78313502573529,0.9625007309102495,0.9500009618204991,0.2499990000000083,0.7238307227405161,0.0,5.4569682106375694e-12,1100.0,226.16616044220174,231.66862486808822,226.16616044220174,optimal,0.43348235124722123,0.5693521429784596,f60,development
hourly_seed_930046,9f97bc0d56afcb62bfc266da29e58ed7f36bc5117a0b66bf6e5f87cb832b4f14,930046,0,8,0,perfect_information,42.49507522355568,0.357753440455573,118.78313502573529,0.9687506082333335,0.9500009552888898,0.24999900000005457,0.5000009882334592,0.0,0.0,1100.0,226.16616044220174,231.66862486808822,226.16616044220174,optimal,0.4529270203784108,0.5454023270867765,f60,development
hourly_seed_930025,529ee2f680b576fa73bde4f3f065b9b2c837b194a7dc812db156ef4e17af2415,930025,0,4,0,perfect_information,46.52161597197941,0.3916516933308768,118.78313502573529,0.9625007295793637,0.950000959158727,0.2499990000002895,0.5000009892521681,0.0,0.0,1100.0,226.16616044220174,231.66862486808822,226.16616044220174,optimal,0.6948583503253758,0.9008629801683128,f60,development
hourly_seed_930025,529ee2f680b576fa73bde4f3f065b9b2c837b194a7dc812db156ef4e17af2415,930025,0,8,0,perfect_information,45.3051875302372,0.38141094289539906,118.78313502573529,0.9687506092733079,0.9500009580621543,0.249999,0.5000009889637148,0.0,0.0,1100.0,226.16616044220174,231.66862486808822,226.16616044220174,optimal,0.8413935569114983,0.7875623079016805,f60,development
hourly_seed_930019,9672baa23cc7bac612e0a943b4f622ae464784186d15d997acac94fa09f23026,930019,0,4,0,perfect_information,55.59508089629328,0.46803850466017904,118.78313502573529,0.9625007329121394,0.9500009658242792,0.24999900000000055,0.5000009910063803,0.0,0.0,1100.0,226.16616044220174,231.66862486808822,226.16616044220174,optimal,0.9612463093362749,0.8626441862434149,f60,development
hourly_seed_930019,9672baa23cc7bac612e0a943b4f622ae464784186d15d997acac94fa09f23026,930019,0,8,0,perfect_information,50.01850433186113,0.4210909597648204,118.78313502573529,0.968750610755257,0.9500009620140188,0.24999900000001063,0.50000099000368,0.0,3.637978807091713e-12,1100.0,226.16616044220174,231.66862486808822,226.16616044220174,optimal,0.7167107053101063,0.8250306956470013,f60,development
hourly_seed_930044,a0c2befd5cea2a103155438a5c6b58d770f49a223417143eea2a0721711b9d3a,930044,0,4,0,perfect_information,54.70546605929063,0.46054910107767627,118.78313502573529,0.9625007326342586,0.9500009652685171,0.24999900000000042,0.5000009908601284,0.0,0.0,1100.0,226.16616044220174,231.66862486808822,226.16616044220174,optimal,0.535195903852582,0.6332442429848015,f60,development
hourly_seed_930044,a0c2befd5cea2a103155438a5c6b58d770f49a223417143eea2a0721711b9d3a,930044,0,8,0,perfect_information,45.18327270607322,0.3803845781329472,118.78313502573529,0.9632289373780372,0.9500009579489952,0.2499990000000003,0.5000009889339347,0.0,0.0,1100.0,226.16616044220174,231.66862486808822,226.16616044220174,optimal,0.49873886024579406,0.5369634754024446,f60,development
hourly_seed_930026,f20793a444518db78c18a558e0354dbd9413ae7f19226926b9ffcb04aa0cc01d,930026,0,4,0,perfect_information,42.24293962842724,0.3556307856268903,118.78313502573529,0.9750004831332587,0.9500009550220231,0.24999900000000538,0.5000009881636802,0.0,0.0,1100.0,226.16616044220174,231.66862486808822,226.16616044220174,optimal,0.7147937319241464,0.8343417337164283,f60,development
hourly_seed_930026,f20793a444518db78c18a558e0354dbd9413ae7f19226926b9ffcb04aa0cc01d,930026,0,8,0,perfect_information,42.24293962842724,0.3556307856268903,118.78313502573529,0.9687506081332588,0.9500009550220231,0.24999900000000103,0.5000009881636802,0.0,0.0,1100.0,226.16616044220174,231.66862486808822,226.16616044220174,optimal,0.9352876711636782,0.8254354898817837,f60,development
hourly_seed_930035,21549b1d282ddc5821eb2ea2f60657e5b9c948e8cacffc08f168ec0fe8ab3d6c,930035,0,4,0,perfect_information,41.78576462129242,0.35178196477335955,118.78313502573529,0.975000482948721,0.9500009545299224,0.2499990000000006,0.5000009880341775,0.0,1.0913936421275139e-11,1100.0,226.16616044220174,231.66862486808822,226.16616044220174,optimal,0.7526469938457012,0.7139809168875217,f60,development
hourly_seed_930035,21549b1d282ddc5821eb2ea2f60657e5b9c948e8cacffc08f168ec0fe8ab3d6c,930035,0,8,0,perfect_information,41.78576462129242,0.35178196477335955,118.78313502573529,0.9687506079487209,0.9500009545299224,0.2499990000000009,0.5000009880341775,0.0,0.0,1100.0,226.16616044220174,231.66862486808822,226.16616044220174,optimal,0.4531748117879033,0.5110612660646439,f60,development
hourly_seed_930038,f6a3cad2c2b1784ed469e9c3f4ff70ca5b35a549c1ab284f8b06add7e7c65341,930038,0,4,0,perfect_information,58.56705088746012,0.4930586389622661,118.78313502573529,0.9625007337792586,0.9500009675585174,0.24999899999999983,0.5000009914627541,0.0,0.0,1100.0,226.16616044220174,231.66862486808822,226.16616044220174,optimal,0.7165322918444872,0.8510320358909667,f60,development
hourly_seed_930038,f6a3cad2c2b1784ed469e9c3f4ff70ca5b35a549c1ab284f8b06add7e7c65341,930038,0,8,0,perfect_information,36.36975152632328,0.3061861561276648,118.78313502573529,0.9625007271444743,0.9500009477587312,0.24999900000023897,0.5000009862522851,0.0,0.0,1100.0,226.16616044220174,231.66862486808822,226.16616044220174,optimal,0.4333105096593499,0.5553354867734015,f60,development
hourly_seed_930030,8f332b105d1be5d34806aa4e5a2ca13bce61e8fceb5ae2de373d33242e543070,930030,0,4,0,perfect_information,59.15343517400954,0.4979952344345305,118.78313502573529,0.950000991970027,0.9500009839400538,0.2499990000000147,0.5000009915473552,0.0,0.0,1100.0,226.16616044220174,231.66862486808822,226.16616044220174,optimal,0.6825036248192191,0.7153096352703869,f60,development
hourly_seed_930030,8f332b105d1be5d34806aa4e5a2ca13bce61e8fceb5ae2de373d33242e543070,930030,0,8,0,perfect_information,59.15343517400954,0.4979952344345305,118.78313502573529,0.9623182330690631,0.9500009678801078,0.24999900000000017,0.500000991547388,0.0,0.0,1100.0,226.16616044220174,231.66862486808822,226.16616044220174,optimal,0.776045735925436,0.7418481577187777,f60,development
hourly_seed_930042,f8306a1d31143cb2ea7ea07ba9d91bc94b1142fc08d926c585f812b06e68651e,930042,0,4,0,perfect_information,40.47274528886354,0.3407280442639842,118.78313502573529,0.9625007265273895,0.9500009530547792,0.24999900000000924,0.5000009876459733,0.0,7.275957614183426e-12,1100.0,226.16616044220174,231.66862486808822,226.16616044220174,optimal,0.4634340237826109,0.46006449358537793,f60,development
hourly_seed_930042,f8306a1d31143cb2ea7ea07ba9d91bc94b1142fc08d926c585f812b06e68651e,930042,0,8,0,perfect_information,40.47274528886354,0.3407280442639842,118.78313502573529,0.9625007294614658,0.9500009530547792,0.249999000000027,0.5000009876459818,0.0,9.094947017729282e-12,1100.0,226.16616044220174,231.66862486808822,226.16616044220174,optimal,0.6834368901327252,0.8758149268105626,f60,development
hourly_seed_930051,9b3e58e2fd748323fa694ba2610861b036bd6280503979e00e3b7bb4241db468,930051,0,4,0,perfect_information,41.615070163079956,0.35034493873279005,118.78313502573529,0.9538641034332578,0.9500009543434156,0.24999900000009895,0.500000987985098,0.0,0.0,1100.0,226.16616044220174,231.66862486808822,226.16616044220174,optimal,0.513465550262481,0.4813368641771376,f60,development
hourly_seed_930051,9b3e58e2fd748323fa694ba2610861b036bd6280503979e00e3b7bb4241db468,930051,0,8,0,perfect_information,41.615070163079956,0.35034493873279005,118.78313502573529,0.9687506078787809,0.9500009543434156,0.24999900000001343,0.500000987985098,0.0,0.0,1100.0,226.16616044220174,231.66862486808822,226.16616044220174,optimal,0.44026214303448796,0.5298813511617482,f60,development
hourly_seed_930048,996eb7d2931d372fd7aef5dee55dee4adc76c1b82c6fb9c1c094bd79f30e9953,930048,0,4,0,perfect_information,50.31255412240742,0.42356647777907874,118.78313502573529,0.97500048583851,0.9500009622360265,0.2499990000000011,0.5000009900621025,0.0,0.0,1100.0,226.16616044220174,231.66862486808822,226.16616044220174,optimal,0.829963596072048,0.7641649339348078,f60,development
hourly_seed_930048,996eb7d2931d372fd7aef5dee55dee4adc76c1b82c6fb9c1c094bd79f30e9953,930048,0,8,0,perfect_information,41.87488543506494,0.352532246484254,118.78313502573529,0.9750004858208421,0.9500009546266946,0.2499990000000122,0.5000009880595816,0.0,0.0,1100.0,226.16616044220174,231.66862486808822,226.16616044220174,optimal,0.4410689980722964,0.5677364231087267,f60,development
hourly_seed_930045,c9f2f113a320ff8a465a9954b5fb53534c04a89cc8e4eaf5000a5aab28fbbeb0,930045,0,4,0,perfect_information,49.06375486629045,0.4130532070538499,118.78313502573529,0.9625007306374179,0.9500009612748358,0.24999900000000017,0.5000009898091572,0.0,2.1827872842550278e-11,1100.0,226.16616044220174,231.66862486808822,226.16616044220174,optimal,0.41004441818222404,0.5241957860998809,f60,development
hourly_seed_930045,c9f2f113a320ff8a465a9954b5fb53534c04a89cc8e4eaf5000a5aab28fbbeb0,930045,0,8,0,perfect_information,47.553422221380025,0.4003381642610898,118.78313502573529,0.9635873752349677,0.9500009600448942,0.24999900000000494,0.5000009894854888,0.0,0.0,1100.0,226.16616044220174,231.66862486808822,226.16616044220174,optimal,0.6689273407682776,0.6626727129332721,f60,development
hourly_seed_930033,753c5fc0d0cbf551d1d286fa3e1c5438eb41ee4898b44c5071ffde3e77f30947,930033,0,4,0,perfect_information,44.020920949608524,0.37059908327955016,118.78313502573529,0.9625007284193297,0.9500009568386594,0.24999900000000072,0.5000009886417414,0.0,0.0,1100.0,226.16616044220174,231.66862486808822,226.16616044220174,optimal,0.7421172386966646,0.8127886522561312,f60,development
hourly_seed_930033,753c5fc0d0cbf551d1d286fa3e1c5438eb41ee4898b44c5071ffde3e77f30947,930033,0,8,0,perfect_information,44.020920949608524,0.37059908327955016,118.78313502573529,0.9521645958705711,0.9500009568386594,0.2499990000000001,0.5000009886417414,0.0,0.0,1100.0,226.16616044220174,231.66862486808822,226.16616044220174,optimal,0.7185004348866642,0.9895282331854105,f60,development
hourly_seed_930043,64bcbd73c7236661c451a331295c9f32a6545bd2f177244bfd3357bbe04337a8,930043,0,4,0,perfect_information,75.96146170432878,0.6394970269800603,118.78313502573529,0.9625007374936453,0.9500009749872906,0.2499990000000106,0.5000009934177013,0.0,0.0,1100.0,226.16616044220174,231.66862486808822,226.16616044220174,optimal,0.6850922796875238,0.9730693618766963,f60,development
hourly_seed_930043,64bcbd73c7236661c451a331295c9f32a6545bd2f177244bfd3357bbe04337a8,930043,0,8,0,perfect_information,54.22627600043754,0.456514942030188,118.78313502573529,0.9625007346706999,0.9500009649615997,0.24999900000000083,0.5000009907793604,0.0,0.0,1100.0,226.16616044220174,231.66862486808822,226.16616044220174,optimal,0.42194576235488057,0.7283491753041744,f60,development
hourly_seed_930047,35cf4e0e8b5b70735e6cf7b0cef42e5c0c98f69079eee4a30a4377670653e48a,930047,0,4,0,perfect_information,58.004858839394835,0.4883257107739043,118.78313502573529,0.9750004877165337,0.9500009672440896,0.24999900000000005,0.5000009913800147,0.0,0.0,1100.0,226.16616044220174,231.66862486808822,226.16616044220174,optimal,0.7673906642012298,0.7461189841851592,f60,development
hourly_seed_930047,35cf4e0e8b5b70735e6cf7b0cef42e5c0c98f69079eee4a30a4377670653e48a,930047,0,8,0,perfect_information,42.69044022668369,0.3593981605000952,118.78313502573529,0.9687506083100629,0.9500009554935027,0.24999900000000072,0.5000009882877522,0.0,1.8189894035458565e-12,1100.0,226.16616044220174,231.66862486808822,226.16616044220174,optimal,0.7251337449997663,0.6087804241105914,f60,development
hourly_seed_930041,6a065bfac95bcb7b6f36cd38c4d00da6f9d9146c310082978c19788d47b04e69,930041,0,4,0,perfect_information,45.285280089822365,0.38124334805619464,118.78313502573529,0.9625007290218592,0.9500009580437184,0.24999900000000064,0.5000009889588636,0.0,1.8189894035458565e-11,1100.0,226.16616044220174,231.66862486808822,226.16616044220174,optimal,0.7962168902158737,0.7681020782329142,f60,development
hourly_seed_930041,6a065bfac95bcb7b6f36cd38c4d00da6f9d9146c310082978c19788d47b04e69,930041,0,8,0,perfect_information,45.285280089822365,0.38124334805619464,118.78313502573529,0.9625007316441269,0.9500009580437184,0.2499990000000412,0.5000009889588636,0.0,0.0,1100.0,226.16616044220174,231.66862486808822,226.16616044220174,optimal,0.7873166957870126,0.8011582409963012,f60,development
hourly_seed_930040,3740d85a1732947c29f6e29ab576ef821ffb23b85d8e0e82284af3d443e9bc19,930040,0,4,0,perfect_information,47.235267135319845,0.39765971091002067,118.78313502573529,0.950000989943944,0.950000979887888,0.2499990000000002,0.5000009894146672,0.0,5.4569682106375694e-12,1100.0,226.16616044220174,231.66862486808822,226.16616044220174,optimal,0.906550204847008,0.9630204807035625,f60,development
hourly_seed_930040,3740d85a1732947c29f6e29ab576ef821ffb23b85d8e0e82284af3d443e9bc19,930040,0,8,0,perfect_information,47.235267135319845,0.39765971091002067,118.78313502573529,0.9706728001818963,0.950000959775776,0.24999900000001476,0.5000009894146672,0.0,2.000888343900442e-11,1100.0,226.16616044220174,231.66862486808822,226.16616044220174,optimal,0.9209740730002522,0.8105729990638793,f60,development
hourly_seed_930050,adc5d981a184c6642326bd1686a1bcb249d43bb6640fb12a6d70d2846a94b7f8,930050,0,4,0,perfect_information,56.988454091154956,0.4797689005161209,118.78313502573529,0.9625007333299395,0.9500009666598789,0.2499990000000005,0.5000009912262762,0.0,2.7284841053187847e-11,1100.0,226.16616044220174,231.66862486808822,226.16616044220174,optimal,0.6854469222016633,0.6998150208964944,f60,development
hourly_seed_930050,adc5d981a184c6642326bd1686a1bcb249d43bb6640fb12a6d70d2846a94b7f8,930050,0,8,0,perfect_information,40.15425732861706,0.33804678854382253,118.78313502573529,0.956250851341214,0.950000952682428,0.24999900000000005,0.5000009875479957,0.0,0.0,1100.0,226.16616044220174,231.66862486808822,226.16616044220174,optimal,0.6452889069914818,0.8294533239677548,f60,development
hourly_seed_930049,67dbc5ce35bb53b720a9f5c1feeae2eb436796cab6e4d34c6c959a03a337652b,930049,0,4,0,perfect_information,70.4527764088978,0.5931210385517579,118.78313502573529,0.9625007365157766,0.9500009730315531,0.24999900000000036,0.5000009929030337,0.0,0.0,1100.0,226.16616044220174,231.66862486808822,226.16616044220174,optimal,0.6720683919265866,0.8349570678547025,f60,development
hourly_seed_930049,67dbc5ce35bb53b720a9f5c1feeae2eb436796cab6e4d34c6c959a03a337652b,930049,0,8,0,perfect_information,50.78472125296299,0.4275415128752081,118.78313502573529,0.9612865825832627,0.9500009625871342,0.2499990000000013,0.5000009901544995,0.0,0.0,1100.0,226.16616044220174,231.66862486808822,226.16616044220174,optimal,0.7489702217280865,0.8602676116861403,f60,development
hourly_seed_930066,ddea133c279ce99a2dcfcbd8de27c2ce1dad79ef9a9b00107f6df158eb989d08,930066,0,4,0,perfect_information,56.12771628491019,0.47252260409484637,118.78313502573529,0.9500009788428727,0.9500009661485956,0.24999899999999997,0.5000009910917279,0.0,0.0,1100.0,226.16616044220174,231.66862486808822,226.16616044220174,optimal,0.44514674274250865,0.5320357149466872,f60,development
hourly_seed_930066,ddea133c279ce99a2dcfcbd8de27c2ce1dad79ef9a9b00107f6df158eb989d08,930066,0,8,0,perfect_information,42.029641894749794,0.35383509524010914,118.78313502573529,0.975000485873051,0.9500009547937628,0.24999900000000422,0.5000009881036094,0.0,0.0,1100.0,226.16616044220174,231.66862486808822,226.16616044220174,optimal,0.49123607482761145,0.6101026618853211,f60,development
hourly_seed_930052,851707e3c68125e7dbf228d6750045556e1f4ae907bb5437fb67407848215d18,930052,0,4,0,perfect_information,57.71868844238286,0.4859165270379306,118.78313502573529,0.9625007335408425,0.950000967081685,0.24999900000000017,0.500000991337277,0.0,2.7284841053187847e-11,1100.0,226.16616044220174,231.66862486808822,226.16616044220174,optimal,0.7162011610344052,0.7386222877539694,f60,development
hourly_seed_930052,851707e3c68125e7dbf228d6750045556e1f4ae907bb5437fb67407848215d18,930052,0,8,0,perfect_information,43.484438407026424,0.3660825957961556,118.78313502573529,0.9625007308839462,0.9500009563061618,0.24999900000006106,0.50000098850161,0.0,0.0,1100.0,226.16616044220174,231.66862486808822,226.16616044220174,optimal,0.675911215133965,0.7617262089625001,f60,development
hourly_seed_930065,447ec3b5985656e63e2c4b129d1a99779ca25189516a4466878b427ea2024aa8,930065,0,4,0,perfect_information,56.83929630351802,0.4785131853204863,118.78313502573529,0.9625007332861938,0.9500009665723876,0.24999900000000108,0.500000991203251,0.0,0.0,1100.0,226.16616044220174,231.66862486808822,226.16616044220174,optimal,0.5638362891040742,0.5624754312448204,f60,development
hourly_seed_930065,447ec3b5985656e63e2c4b129d1a99779ca25189516a4466878b427ea2024aa8,930065,0,8,0,perfect_information,42.115928667274595,0.3545615179979031,118.78313502573529,0.9625007302627917,0.9500009548863809,0.2499990000000026,0.5000009881279837,0.0,0.0,1100.0,226.16616044220174,231.66862486808822,226.16616044220174,optimal,0.5928228958509862,0.5292825768701732,f60,development
hourly_seed_930058,610613c2136103d5c7094b085552281f302ff4144b24cde1d2c9e9ec136ab627,930058,0,4,0,perfect_information,37.828496815054095,0.31846690026204694,118.78313502573529,0.9625007248866315,0.950000949773263,0.24999900000000463,0.5000009867824248,0.0,0.0,1100.0,226.16616044220174,231.66862486808822,226.16616044220174,optimal,0.5870712511241436,0.8359529343433678,f60,development
hourly_seed_930058,610613c2136103d5c7094b085552281f302ff4144b24cde1d2c9e9ec136ab627,930058,0,8,0,perfect_information,37.828496815054095,0.31846690026204694,118.78313502573529,0.9625007280258027,0.950000949773263,0.24999900000001316,0.5000009867824248,0.0,0.0,1100.0,226.16616044220174,231.66862486808822,226.16616044220174,optimal,0.4682011241093278,0.6009425558149815,f60,development
hourly_seed_930054,caf0cc94eb2de2b9a3fa948f7204ca3eb51d8f4e8f9a662a199728158c845383,930054,0,4,0,perfect_information,46.85983958693944,0.3944990976773503,118.78313502573529,0.9750004847950665,0.95000095945351,0.24999900000000058,0.5000009893298615,0.0,0.0,1100.0,226.16616044220174,231.66862486808822,226.16616044220174,optimal,0.6692463741637766,0.8279676148667932,f60,development
hourly_seed_930054,caf0cc94eb2de2b9a3fa948f7204ca3eb51d8f4e8f9a662a199728158c845383,930054,0,8,0,perfect_information,42.10046702426951,0.3544313510091152,118.78313502573529,0.9625007302555424,0.9500009548698126,0.24999900000000028,0.5000009881236223,0.0,0.0,1100.0,226.16616044220174,231.66862486808822,226.16616044220174,optimal,0.6720931311137974,0.7164013227447867,f60,development
hourly_seed_930057,4c9d11a3436a91571c795738d179b5d64df575b1ba33633e8f284038dbe687ee,930057,0,4,0,perfect_information,45.017233580063596,0.37898674395409976,118.78313502573529,0.9625007288969489,0.9500009577938978,0.24999900000006778,0.6897831935223642,0.0,0.0,1100.0,226.16616044220174,231.66862486808822,226.16616044220174,optimal,0.7234048452228308,0.9287575511261821,f60,development
hourly_seed_930057,4c9d11a3436a91571c795738d179b5d64df575b1ba33633e8f284038dbe687ee,930057,0,8,0,perfect_information,39.21048228000681,0.33010142619582783,118.78313502573529,0.9625007288002899,0.9500009515435198,0.24999900000042616,0.6687220080438683,0.0,7.275957614183426e-12,1100.0,226.16616044220174,231.66862486808822,226.16616044220174,optimal,0.5103042121045291,0.5440556276589632,f60,development
hourly_seed_930067,1995e03b6fe05c307a7182aed27969c1ac74ff9c69edb46f2aafd22d1cb670c5,930067,0,4,0,perfect_information,35.04745797078846,0.29505415868334467,118.78313502573529,0.9625007228938688,0.9500009457877368,0.2499990000000007,0.5000009857336017,0.0,0.0,1100.0,226.16616044220174,231.66862486808822,226.16616044220174,optimal,0.5597351342439651,0.5063568074256182,f60,development
hourly_seed_930067,1995e03b6fe05c307a7182aed27969c1ac74ff9c69edb46f2aafd22d1cb670c5,930067,0,8,0,perfect_information,35.04745797078846,0.29505415868334467,118.78313502573529,0.9687506046704017,0.9500009457877368,0.2499990000000007,0.5000009857336017,0.0,0.0,1100.0,226.16616044220174,231.66862486808822,226.16616044220174,optimal,0.44436880806460977,0.5967798009514809,f60,development
hourly_seed_930053,842f5611b152a2b20156e24c7c3bccc47cda677273df4ba3d64645603cd12fd6,930053,0,4,0,perfect_information,40.66169920848017,0.34231879129701787,118.78313502573529,0.9625007266364662,0.9500009532729324,0.24999900000000028,0.5000009877033917,0.0,0.0,1100.0,226.16616044220174,231.66862486808822,226.16616044220174,optimal,0.751358506269753,0.795739347115159,f60,development
hourly_seed_930053,842f5611b152a2b20156e24c7c3bccc47cda677273df4ba3d64645603cd12fd6,930053,0,8,0,perfect_information,40.66169920848017,0.34231879129701787,118.78313502573529,0.9750004853977914,0.9500009532729324,0.2499990000000003,0.5000009877033904,0.0,5.093170329928398e-11,1100.0,226.16616044220174,231.66862486808822,226.16616044220174,optimal,0.9942372920922935,0.5909467749297619,f60,development
hourly_seed_930056,10b8918d56c165e8180b0ed97bc8ac24008323f11ec7fae1a94ec6a6566f1cb2,930056,0,4,0,perfect_information,58.195988666444535,0.4899347761265597,118.78313502573529,0.9750004877568754,0.950000967351668,0.24999900000000003,0.5000009914083257,0.0,0.0,1100.0,226.16616044220174,231.66862486808822,226.16616044220174,optimal,0.6500555858947337,0.823898599948734,f60,development
hourly_seed_930056,10b8918d56c165e8180b0ed97bc8ac24008323f11ec7fae1a94ec6a6566f1cb2,930056,0,8,0,perfect_information,56.14784851583187,0.47269209137868773,118.78313502573529,0.965362491661956,0.9500009661607333,0.24999900000000025,0.5000009910949215,0.0,2.7284841053187847e-11,1100.0,226.16616044220174,231.66862486808822,226.16616044220174,optimal,0.7247081426903605,0.7360498821362853,f60,development
hourly_seed_930070,57c9d35309515b4c233b10be329c98af463305c07669ca1cc90a6b871ba4c0b7,930070,0,4,0,perfect_information,43.287654002213806,0.36442592622963854,118.78313502573529,0.962500728053766,0.9500009561075321,0.2499990000000026,0.5000009884493327,0.0,0.0,1100.0,226.16616044220174,231.66862486808822,226.16616044220174,optimal,0.47199965780600905,0.45597659004852176,f60,development
hourly_seed_930070,57c9d35309515b4c233b10be329c98af463305c07669ca1cc90a6b871ba4c0b7,930070,0,8,0,perfect_information,41.193808447251165,0.34679846123211183,118.78313502573529,0.9687506077036936,0.950000953876516,0.24999900000009087,0.5000009878622288,0.0,1.0913936421275139e-11,1100.0,226.16616044220174,231.66862486808822,226.16616044220174,optimal,0.5654589892365038,0.5454626060090959,f60,development
hourly_seed_930055,90c74c81b7159e052f6786a727b4214795fbd84660d3eb3120266f1f1e53678d,930055,0,4,0,perfect_information,53.261640914811686,0.44839396521460845,118.78313502573529,0.975000486622629,0.9500009643270103,0.24999900000016279,0.5000009906123615,0.0,7.275957614183426e-12,1100.0,226.16616044220174,231.66862486808822,226.16616044220174,optimal,0.7092169290408492,0.7909004278481007,f60,development
hourly_seed_930055,90c74c81b7159e052f6786a727b4214795fbd84660d3eb3120266f1f1e53678d,930055,0,8,0,perfect_information,47.881548728603,0.403100564050857,118.78313502573529,0.9687506101195135,0.9500009603187017,0.24999900000000083,0.5000009895575434,0.0,0.0,1100.0,226.16616044220174,231.66862486808822,226.16616044220174,optimal,0.6880097789689898,0.8360567153431475,f60,development
hourly_seed_930068,bfe69d19f0dd7459e2adbd6e6fda68ab88c4150d7fc41a67daf49cb7d95aa0a3,930068,0,4,0,perfect_information,72.29918279794263,0.6086653865658492,118.78313502573529,0.9625007368601423,0.9500009737202844,0.24999900000000666,0.5000009930842788,0.0,2.1827872842550278e-11,1100.0,226.16616044220174,231.66862486808822,226.16616044220174,optimal,0.5195791688747704,0.5090465839020908,f60,development
hourly_seed_930068,bfe69d19f0dd7459e2adbd6e6fda68ab88c4150d7fc41a67daf49cb7d95aa0a3,930068,0,8,0,perfect_information,42.139122328068275,0.35475677855226256,118.78313502573529,0.9575189606684288,0.9500009549112117,0.24999900000002606,0.5000009881345182,0.0,0.0,1100.0,226.16616044220174,231.66862486808822,226.16616044220174,optimal,0.46813530335202813,0.6167036229744554,f60,development
hourly_seed_930061,97014fc96bd010051f4377a752591e6da3b89a07c3892c1a41f6e82d38ebfcb5,930061,0,4,0,perfect_information,40.53061033318108,0.3412151929177472,118.78313502573529,0.9625007265609011,0.9500009531218023,0.2499990000000538,0.5000009876636197,0.0,0.0,1100.0,226.16616044220174,231.66862486808822,226.16616044220174,optimal,0.6962021081708372,0.8625278356485069,f60,development
hourly_seed_930061,97014fc96bd010051f4377a752591e6da3b89a07c3892c1a41f6e82d38ebfcb5,930061,0,8,0,perfect_information,35.59152812444199,0.29963452401496904,118.78313502573529,0.9687506049811703,0.950000946616453,0.24999900000000033,0.5000009859516853,0.0,2.000888343900442e-11,1100.0,226.16616044220174,231.66862486808822,226.16616044220174,optimal,0.49244582187384367,0.499177603982389,f60,development
hourly_seed_930072,ada1d4ba3961d17f8365e4c131efd835dc6e52d00008bf2a30dc26cb142cd688,930072,0,4,0,perfect_information,56.328299815063836,0.47421125737134207,118.78313502573529,0.9625007331345703,0.9500009662691407,0.24999900000000289,0.500000991123449,0.0,1.6370904631912708e-11,1100.0,226.16616044220174,231.66862486808822,226.16616044220174,optimal,0.4561936603859067,0.4688311982899904,f60,development
hourly_seed_930072,ada1d4ba3961d17f8365e4c131efd835dc6e52d00008bf2a30dc26cb142cd688,930072,0,8,0,perfect_information,51.864851335838736,0.43663480783363573,118.78313502573529,0.9687506112623584,0.9500009633662881,0.2499990000000014,0.5000009903595409,0.0,0.0,1100.0,226.16616044220174,231.66862486808822,226.16616044220174,optimal,0.4515793421305716,0.6755431229248643,f60,development
hourly_seed_930059,868380f2f350d03dd12c625a6fd6819de226d978680e5d3398b64e7dbb244f71,930059,0,4,0,perfect_information,47.82272917953361,0.40260537970455523,118.78313502573529,0.9500009801349484,0.9500009602698969,0.2499990000000003,0.5000009895446987,0.0,0.0,1100.0,226.16616044220174,231.66862486808822,226.16616044220174,optimal,0.4423089250922203,0.8364883959293365,f60,development
hourly_seed_930059,868380f2f350d03dd12c625a6fd6819de226d978680e5d3398b64e7dbb244f71,930059,0,8,0,perfect_information,43.61884566188457,0.3672141306291858,118.78313502573529,0.9625007309428506,0.9500009564408014,0.24999900000021802,0.5000009885370421,0.0,0.0,1100.0,226.16616044220174,231.66862486808822,226.16616044220174,optimal,0.8104365179315209,0.8436551601625979,f60,development
hourly_seed_930073,7677d394b7b8286599cb47e13fea2c954089e60f123e501be0ca37722857bc95,930073,0,4,0,perfect_information,49.50718032224689,0.41678627451212474,118.78313502573529,0.975000485608133,0.9500009616216879,0.24999900000008318,0.8603799440440809,0.0,0.0,1100.0,226.16616044220174,231.66862486808822,226.16616044220174,optimal,0.512224743142724,0.5182555001229048,f60,development
hourly_seed_930073,7677d394b7b8286599cb47e13fea2c954089e60f123e501be0ca37722857bc95,930073,0,8,0,perfect_information,47.14681130501397,0.39691502749779456,118.78313502573529,0.9750004874063463,0.9500009597003082,0.24999900000108236,0.5000009893948079,0.0,0.0,1100.0,226.16616044220174,231.66862486808822,226.16616044220174,optimal,0.4976715948432684,0.5476280902512372,f60,development
hourly_seed_930062,71a5c47ae95c5a8249682e4d17b484c7e3a989bb2b7388b10b66f7c98039ead1,930062,0,4,0,perfect_information,40.514837777268816,0.34108240844536525,118.78313502573529,0.9592763681688125,0.9500009531035525,0.24999900000001543,0.6503764492429895,0.0,0.0,1100.0,226.16616044220174,231.66862486808822,226.16616044220174,optimal,0.8504345919936895,0.7033189130015671,f60,development
hourly_seed_930062,71a5c47ae95c5a8249682e4d17b484c7e3a989bb2b7388b10b66f7c98039ead1,930062,0,8,0,perfect_information,40.514837777268816,0.34108240844536525,118.78313502573529,0.9625007294828042,0.9500009531035525,0.2499990000000073,0.5000009876588171,0.0,0.0,1100.0,226.16616044220174,231.66862486808822,226.16616044220174,optimal,0.6608816520310938,0.47628202429041266,f60,development
hourly_seed_930069,69f6b074a448f0c9cdf8fa3968d5ae399cbec8a437843c81840a4799ea517484,930069,0,4,0,perfect_information,40.284866678088044,0.3391463499373039,118.78313502573529,0.9500009764179195,0.9500009528358384,0.24999900000000572,0.5000009875883658,0.0,0.0,1100.0,226.16616044220174,231.66862486808822,226.16616044220174,optimal,0.6704534417949617,0.49723310116678476,f60,development
hourly_seed_930069,69f6b074a448f0c9cdf8fa3968d5ae399cbec8a437843c81840a4799ea517484,930069,0,8,0,perfect_information,37.82862015019152,0.3184679385840057,118.78313502573529,0.9687506061650348,0.9500009497734253,0.24999900000000075,0.5000009867824687,0.0,1.0913936421275139e-11,1100.0,226.16616044220174,231.66862486808822,226.16616044220174,optimal,0.4720953181385994,0.8092790809459984,f60,development
hourly_seed_930060,b73e6ed82bd47b1b12df84b1b3e7e7a6186599861bfc048d611706de97edf014,930060,0,4,0,perfect_information,52.24389136436011,0.4398258334656773,118.78313502573529,0.9625007318160369,0.9500009636320732,0.24999900000000164,0.5000009904294843,0.0,0.0,1100.0,226.16616044220174,231.66862486808822,226.16616044220174,optimal,0.6903883530758321,0.8126778011210263,f60,development
hourly_seed_930060,b73e6ed82bd47b1b12df84b1b3e7e7a6186599861bfc048d611706de97edf014,930060,0,8,0,perfect_information,42.309271277910554,0.3561892121195818,118.78313502573529,0.9687506081597018,0.9500009550925373,0.2499990000000001,0.5000009881822349,0.0,0.0,1100.0,226.16616044220174,231.66862486808822,226.16616044220174,optimal,0.7059938879683614,0.8538696337491274,f60,development
hourly_seed_930075,2ac3b021de3ce72ee0b76bca2f762de769e75df3f28628cd968811bb6acd27a3,930075,0,4,0,perfect_information,54.02738338608557,0.4548405240725471,118.78313502573529,0.9750004868122218,0.9500009648326119,0.24999900000001,0.500000990745414,0.0,4.18367562815547e-11,1100.0,226.16616044220174,231.66862486808822,226.16616044220174,optimal,0.4302174015901983,0.6123330648988485,f60,development
hourly_seed_930075,2ac3b021de3ce72ee0b76bca2f762de769e75df3f28628cd968811bb6acd27a3,930075,0,8,0,perfect_information,42.66260716422103,0.35916384219845554,118.78313502573529,0.9685667235907506,0.9500009554644666,0.24999900000000036,0.5000009882801123,0.0,0.0,1100.0,226.16616044220174,231.66862486808822,226.16616044220174,optimal,0.6007222239859402,0.6044345078989863,f60,development
hourly_seed_930074,89402b74a0309b0e7e666c5503bd7bffa8fe88b801c8d9968844793b023955ad,930074,0,4,0,perfect_information,53.940879122878094,0.4541122703251719,118.78313502573529,0.9625007323881072,0.9500009647762144,0.2499990000000003,0.5000009907305742,0.0,1.6370904631912708e-11,1100.0,226.16616044220174,231.66862486808822,226.16616044220174,optimal,0.6668695891276002,0.7115857927128673,f60,development
hourly_seed_930074,89402b74a0309b0e7e666c5503bd7bffa8fe88b801c8d9968844793b023955ad,930074,0,8,0,perfect_information,53.57247395775147,0.4510107764552988,118.78313502573529,0.9639475990520704,0.9500009645339877,0.24999900000000036,0.5000009906668306,0.0,0.0,1100.0,226.16616044220174,231.66862486808822,226.16616044220174,optimal,0.4528616708703339,0.50477643776685,f60,development
hourly_seed_930063,08ac2dc52415b0bb94a8642e7a6c893b6b66d44d83c91b81d6991c829fe248f5,930063,0,4,0,perfect_information,61.21161907256615,0.5153224745188294,118.78313502573529,0.9625007344800526,0.9500009689601084,0.24999900656436436,0.5000009918316003,0.0,0.0,1100.0,226.16616044220174,231.66862486808822,226.16616044220174,optimal,0.7885281532071531,0.8210950619541109,f60,development
hourly_seed_930063,08ac2dc52415b0bb94a8642e7a6c893b6b66d44d83c91b81d6991c829fe248f5,930063,0,8,0,perfect_information,48.09436047660081,0.4048921630682739,118.78313502573529,0.9687506101853577,0.9500009604942867,0.2499990000000003,0.5000009896037391,0.0,3.637978807091713e-12,1100.0,226.16616044220174,231.66862486808822,226.16616044220174,optimal,0.7621897119097412,0.8197929435409606,f60,development
hourly_seed_930081,4eb7272dd96fdaa8fac065118cb408f210b31376835bf32ff6216daa2def1db9,930081,0,4,0,perfect_information,55.99599319659325,0.4714136664641936,118.78313502573529,0.9625007330344829,0.9500009660689658,0.2499990000000001,0.5000009910707719,0.0,0.0,1100.0,226.16616044220174,231.66862486808822,226.16616044220174,optimal,0.4738212893716991,0.47863135812804103,f60,development
hourly_seed_930081,4eb7272dd96fdaa8fac065118cb408f210b31376835bf32ff6216daa2def1db9,930081,0,8,0,perfect_information,49.4248062537095,0.41609279164926255,118.78313502573529,0.9625007331815049,0.950000961557725,0.24999900000000044,0.5000009898836003,0.0,0.0,1100.0,226.16616044220174,231.66862486808822,226.16616044220174,optimal,0.4596849628724158,0.8061281908303499,f60,development
hourly_seed_930077,ae5249c2dedea3708cea732c70cd7abe0d2aadd135479cea1c5ca658130d9312,930077,0,4,0,perfect_information,50.462352983115466,0.4248275899788502,118.78313502573529,0.9625007311740649,0.9500009623481298,0.24999900000000316,0.5000009900915919,0.0,0.0,1100.0,226.16616044220174,231.66862486808822,226.16616044220174,optimal,0.5537729673087597,0.5022466820664704,f60,development
hourly_seed_930077,ae5249c2dedea3708cea732c70cd7abe0d2aadd135479cea1c5ca658130d9312,930077,0,8,0,perfect_information,50.462352983115466,0.4248275899788502,118.78313502573529,0.9719107529527868,0.9500009623481298,0.24999900000000075,0.5000009900916031,0.0,0.0,1100.0,226.16616044220174,231.66862486808822,226.16616044220174,optimal,0.5375989377498627,0.5220779236406088,f60,development
hourly_seed_930078,4bf0e5e807e18d3dba23866606ac8db4020c383c4c39147f3c51586e08b4f8a9,930078,0,4,0,perfect_information,47.4654456619939,0.3995975156886551,118.78313502573529,0.9750004849890647,0.9500009599708391,0.24999900000000286,0.5000009894660005,0.0,0.0,1100.0,226.16616044220174,231.66862486808822,226.16616044220174,optimal,0.4253177619539201,0.44178372202441096,f60,development
hourly_seed_930078,4bf0e5e807e18d3dba23866606ac8db4020c383c4c39147f3c51586e08b4f8a9,930078,0,8,0,perfect_information,47.4654456619939,0.3995975156886551,118.78313502573529,0.9687506099890646,0.9500009599708391,0.2499990000000003,0.5000009894658928,0.0,0.0,1100.0,226.16616044220174,231.66862486808822,226.16616044220174,optimal,0.6626859931275249,0.7570042810402811,f60,development
hourly_seed_930083,e04870747ebfe10a47fa35d94b96d3ac08cbf30c18ec8dbc8be71e83ce478a10,930083,0,4,0,perfect_information,40.26991245712249,0.3390204547842393,118.78313502573529,0.9625007264091616,0.9500009528183226,0.24999900000001513,0.5000009875837018,0.0,0.0,1100.0,226.16616044220174,231.66862486808822,226.16616044220174,optimal,0.6678424249403179,0.6369366669096053,f60,development
hourly_seed_930083,e04870747ebfe10a47fa35d94b96d3ac08cbf30c18ec8dbc8be71e83ce478a10,930083,0,8,0,perfect_information,40.26991245712249,0.3390204547842393,118.78313502573529,0.9625007293580166,0.9500009528183226,0.2499990000000003,0.5000009875837582,0.0,4.18367562815547e-11,1100.0,226.16616044220174,231.66862486808822,226.16616044220174,optimal,0.44902507634833455,0.5591791109181941,f60,development
hourly_seed_930091,693bcd9d401186552a9eb1af97ab9ead31f406a328c0b01b7679463df1937651,930091,0,4,0,perfect_information,60.96128552951897,0.5132149906323926,118.78313502573529,0.962500734416323,0.9500009688326461,0.24999900000000014,0.5000009917980576,0.0,0.0,1100.0,226.16616044220174,231.66862486808822,226.16616044220174,optimal,0.5188042931258678,0.46694150706753135,f60,development
hourly_seed_930091,693bcd9d401186552a9eb1af97ab9ead31f406a328c0b01b7679463df1937651,930091,0,8,0,perfect_information,46.45133760845892,0.3910600406227271,118.78313502573529,0.9580461059689779,0.9500009590969364,0.24999900000000133,0.5000009892360255,0.0,0.0,1100.0,226.16616044220174,231.66862486808822,226.16616044220174,optimal,0.44933276902884245,0.5185949322767556,f60,development
hourly_seed_930064,5ac0d567935e1f7f9de7a91724e006939e7e1c424b97a060abedfd6a57b6180b,930064,0,4,0,perfect_information,67.84062942237118,0.571130147454628,118.78313502573529,0.9625007359965777,0.9500009719931554,0.2499989999999997,0.5821220160676969,0.0,0.0,1100.0,226.16616044220174,231.66862486808822,226.16616044220174,optimal,0.6938229538500309,0.9175027823075652,f60,development
hourly_seed_930064,5ac0d567935e1f7f9de7a91724e006939e7e1c424b97a060abedfd6a57b6180b,930064,0,8,0,perfect_information,37.02852673892964,0.31173218934579494,118.78313502573529,0.9687506057580587,0.9500009486881568,0.2499990000000738,1.1842163361557587,0.0,0.0,1100.0,226.16616044220174,231.66862486808822,226.16616044220174,optimal,0.8156633391045034,1.1048258878290653,f60,development
hourly_seed_930079,f770e04a824a801649fca6db7e8bebefe57c3584e1383c67a4da13d4832aed8b,930079,0,4,0,perfect_information,76.51979483173119,0.6441974680593552,118.78313502573529,0.9625007375848988,0.9500009751697973,0.24999899999999986,0.5000009934657302,0.0,0.0,1100.0,226.16616044220174,231.66862486808822,226.16616044220174,optimal,0.819069670047611,0.8376124040223658,f60,development
hourly_seed_930079,f770e04a824a801649fca6db7e8bebefe57c3584e1383c67a4da13d4832aed8b,930079,0,8,0,perfect_information,52.39435758612059,0.441092563980307,118.78313502573529,0.9750004886676611,0.9500009637365147,0.24999900000000483,0.5000009904569688,0.0,0.0,1100.0,226.16616044220174,231.66862486808822,226.16616044220174,optimal,0.6044583581387997,0.6636139885522425,f60,development
hourly_seed_930086,0cba94fe1ca09510d973c66ce1efb3d239306933805bcdecf770bbef77a3c487,930086,0,4,0,perfect_information,46.05377211225501,0.3877130545702225,118.78313502573529,0.9625007293719181,0.9500009587438362,0.2499990000000004,0.5000009891431042,0.0,0.0,1100.0,226.16616044220174,231.66862486808822,226.16616044220174,optimal,0.5256340159103274,0.8016190943308175,f60,development
hourly_seed_930086,0cba94fe1ca09510d973c66ce1efb3d239306933805bcdecf770bbef77a3c487,930086,0,8,0,perfect_information,46.05377211225501,0.3877130545702225,118.78313502573529,0.9687506095289385,0.9500009587438362,0.2499990000000012,0.5000009891431042,0.0,0.0,1100.0,226.16616044220174,231.66862486808822,226.16616044220174,optimal,0.4438212448731065,0.6445712829008698,f60,development
hourly_seed_930087,8ca06bfc23accd14715d394a1ae6387ff12f4aa8d545bc541f353c75b8abc01a,930087,0,4,0,perfect_information,62.358203118311046,0.5249752256900835,118.78313502573529,0.950000980956776,0.9500009695308417,0.24999900400908068,0.5000009919817927,0.0,0.0,1100.0,226.16616044220174,231.66862486808822,226.16616044220174,optimal,0.6647096662782133,0.7126599489711225,f60,development
hourly_seed_930087,8ca06bfc23accd14715d394a1ae6387ff12f4aa8d545bc541f353c75b8abc01a,930087,0,8,0,perfect_information,43.94820094286506,0.369986875100942,118.78313502573529,0.9684822676594962,0.9500009567672414,0.2499990000000029,0.5000009886229472,0.0,0.0,1100.0,226.16616044220174,231.66862486808822,226.16616044220174,optimal,0.4406800461001694,0.5523049179464579,f60,development
hourly_seed_930071,1021a1fb0f80f5b815c0e07fb68ea5a302141d6e873176fbdf4433bbd40c5899,930071,0,4,0,perfect_information,45.04625846602939,0.37923109586449094,118.78313502573529,0.9750004841829099,0.9500009578210926,0.24999900000000033,0.5000009889002767,0.0,0.0,1100.0,226.16616044220174,231.66862486808822,226.16616044220174,optimal,0.6982261808589101,0.776989393401891,f60,development
hourly_seed_930071,1021a1fb0f80f5b815c0e07fb68ea5a302141d6e873176fbdf4433bbd40c5899,930071,0,8,0,perfect_information,42.88984404415081,0.3610768821252141,118.78313502573529,0.9650347510011892,0.9500009557004226,0.24999900000000042,0.5000009883422059,0.0,0.0,1100.0,226.16616044220174,231.66862486808822,226.16616044220174,optimal,0.7969453344121575,1.0307793151587248,f60,development
hourly_seed_930089,226e4070c6f7c843c8747c605a0bf7747d8ac3b04a7b0add2e953ff3b319b8a0,930089,0,4,0,perfect_information,59.63805618246674,0.502075115036707,118.78313502573529,0.9625007340705577,0.9500009681411152,0.24999900000000297,1.0907052361626879,0.0,0.0,1100.0,226.16616044220174,231.66862486808822,226.16616044220174,optimal,0.4962324760854244,0.5301080928184092,f60,development
hourly_seed_930089,226e4070c6f7c843c8747c605a0bf7747d8ac3b04a7b0add2e953ff3b319b8a0,930089,0,8,0,perfect_information,46.56091861072596,0.3919825705950443,118.78313502573529,0.9654317974620845,0.9500009591932016,0.24999900000026812,1.1120759660645942,0.0,5.4569682106375694e-12,1100.0,226.16616044220174,231.66862486808822,226.16616044220174,optimal,0.5322686759755015,0.9724262091331184,f60,development
hourly_seed_930076,3fd583d8b1793cf138170ffe3433737510ac088662c5f336e409edd42ce68e1c,930076,0,4,0,perfect_information,61.805610635430206,0.5203231133951763,118.78313502573529,0.9625007346292113,0.9500009692584226,0.24999900000000053,0.5000009919101029,0.0,5.4569682106375694e-12,1100.0,226.16616044220174,231.66862486808822,226.16616044220174,optimal,0.7349595753476024,0.9100072858855128,f60,development
hourly_seed_930076,3fd583d8b1793cf138170ffe3433737510ac088662c5f336e409edd42ce68e1c,930076,0,8,0,perfect_information,39.36560479426342,0.3314073566566041,118.78313502573529,0.9625007288838286,0.9500009517344654,0.2499990000000082,0.5000009872985299,0.0,0.0,1100.0,226.16616044220174,231.66862486808822,226.16616044220174,optimal,0.7443281430751085,0.8554208129644394,f60,development
hourly_seed_930095,20b803bfade6a849c48c93ff9c9902970b39c69cbb5ad51f43718763e6d65c33,930095,0,4,0,perfect_information,45.94113375719595,0.3867647856511149,118.78313502573529,0.9625007293213423,0.9500009586426846,0.24999900000000025,0.5000009891164864,0.0,0.0,1100.0,226.16616044220174,231.66862486808822,226.16616044220174,optimal,0.5373872872442007,0.5128126470372081,f60,development
hourly_seed_930095,20b803bfade6a849c48c93ff9c9902970b39c69cbb5ad51f43718763e6d65c33,930095,0,8,0,perfect_information,45.94113375719595,0.3867647856511149,118.78313502573529,0.9687506094910067,0.9500009586426846,0.24999900000000044,0.5000009891164864,0.0,0.0,1100.0,226.16616044220174,231.66862486808822,226.16616044220174,optimal,0.5109498649835587,0.5476512801833451,f60,development
hourly_seed_930090,8899414e4587298e8800e47f55fa202821478cd052228d8a88655b04a69b1a61,930090,0,4,0,perfect_information,34.00130305805753,0.28624689061027797,118.78313502573529,0.9625007220598653,0.9500009441197294,0.24999900000010142,0.500000985294652,0.0,0.0,1100.0,226.16616044220174,231.66862486808822,226.16616044220174,optimal,0.8181320638395846,0.552298188675195,f60,development
hourly_seed_930090,8899414e4587298e8800e47f55fa202821478cd052228d8a88655b04a69b1a61,930090,0,8,0,perfect_information,34.00130305805753,0.28624689061027797,118.78313502573529,0.9625007255523812,0.9500009441197294,0.24999900000098577,0.5000009852944313,0.0,0.0,1100.0,226.16616044220174,231.66862486808822,226.16616044220174,optimal,0.5628587729297578,0.5638427492231131,f60,development
hourly_seed_930080,4f83a7ac7af895e0b858eaebfbd6fb26531457223bafa3858d1c1fcc2f66862b,930080,0,4,0,perfect_information,38.1324666784187,0.32102593242851357,118.78313502573529,0.9625007250868206,0.9500009501736414,0.24999900000000053,0.5000009868877886,0.0,2.3646862246096134e-11,1100.0,226.16616044220174,231.66862486808822,226.16616044220174,optimal,0.7282413737848401,0.8130486831068993,f60,development
hourly_seed_930080,4f83a7ac7af895e0b858eaebfbd6fb26531457223bafa3858d1c1fcc2f66862b,930080,0,8,0,perfect_information,38.1324666784187,0.32102593242851357,118.78313502573529,0.9625007282009681,0.9500009501736414,0.2499990000000005,0.5000009868877886,0.0,9.094947017729282e-12,1100.0,226.16616044220174,231.66862486808822,226.16616044220174,optimal,0.8086320171132684,0.8444767561741173,f60,development
hourly_seed_960000,a14b08271f577805d3c3f7dc02f399ebf850375fee2f7519891591f7ee876612,960000,0,4,0,perfect_information,3.745633455016524,0.37622581607981787,9.955811895220588,0.9750003097783035,0.9500004927421378,0.24999900000000508,0.5000008665109688,0.0,0.0,1100.0,189.93589068897205,190.00944717157665,189.93589068897205,optimal,0.4346815492026508,0.4494189000688493,f05,confirmation
hourly_seed_960000,a14b08271f577805d3c3f7dc02f399ebf850375fee2f7519891591f7ee876612,960000,0,8,0,perfect_information,3.745633455016524,0.37622581607981787,9.955811895220588,0.9636149925099979,0.9500004927421378,0.24999900000000108,0.5000008665109688,0.0,0.0,1100.0,189.93589068897205,190.00944717157665,189.93589068897205,optimal,0.454394708853215,0.4365871110931039,f05,confirmation
hourly_seed_930082,d368d9f27350185d223749be2698c459d522bf32cb4c4c000fa2d7d628cbc488,930082,0,4,0,perfect_information,65.30332399456692,0.5497693252532732,118.78313502573529,0.9625007354524867,0.9500009709049733,0.2499990000000034,0.9500009854524867,0.0,0.0,1100.0,226.16616044220174,231.66862486808822,226.16616044220174,optimal,0.8748957118950784,0.8420752012170851,f60,development
hourly_seed_930082,d368d9f27350185d223749be2698c459d522bf32cb4c4c000fa2d7d628cbc488,930082,0,8,0,perfect_information,44.33635111786368,0.3732545963554326,118.78313502573529,0.9625007312512568,0.95000095714573,0.24999900000004524,0.9500009785728649,0.0,0.0,1100.0,226.16616044220174,231.66862486808822,226.16616044220174,optimal,0.7308537913486362,0.6376173500902951,f60,development
hourly_seed_930094,c072c113d20e8a44cbc7cd10117cb3b18b468cdb1098a44c66f7144ee56d4ee7,930094,0,4,0,perfect_information,49.70190580323024,0.41842561060930017,118.78313502573529,0.9750004856645187,0.9500009617720502,0.24999900000001057,0.5000009899400036,0.0,0.0,1100.0,226.16616044220174,231.66862486808822,226.16616044220174,optimal,0.713600744958967,0.7620917218737304,f60,development
hourly_seed_930094,c072c113d20e8a44cbc7cd10117cb3b18b468cdb1098a44c66f7144ee56d4ee7,930094,0,8,0,perfect_information,47.72340946553811,0.4017692364761922,118.78313502573529,0.9731003846017443,0.9500009601872119,0.24999900000001427,0.50000098952294,0.0,9.094947017729282e-12,1100.0,226.16616044220174,231.66862486808822,226.16616044220174,optimal,0.41203896095976233,0.48454254399985075,f60,development
hourly_seed_930085,3abdffd06bfa9ec559651871413bf9125f9c85c8187924c2e625b00812850021,930085,0,4,0,perfect_information,56.17633043456634,0.4729318722089234,118.78313502573529,0.9500009788611804,0.9500009661778911,0.2499990000000043,0.5000009910994369,0.0,0.0,1100.0,226.16616044220174,231.66862486808822,226.16616044220174,optimal,0.7067830730229616,0.7761037168093026,f60,development
hourly_seed_930085,3abdffd06bfa9ec559651871413bf9125f9c85c8187924c2e625b00812850021,930085,0,8,0,perfect_information,50.26855442360726,0.4231960573587841,118.78313502573529,0.9574346938857633,0.9500009622029708,0.24999900000000078,0.5000009900534041,0.0,0.0,1100.0,226.16616044220174,231.66862486808822,226.16616044220174,optimal,0.7347240741364658,0.7750901919789612,f60,development
hourly_seed_960006,ddff633f9673430404c3bdc9a9dcc5d07fa306b0584ff0e0b675a2484165ef30,960006,0,4,0,perfect_information,4.912614567538339,0.4934418829163195,9.955811895220588,0.9747766779857804,0.9500006132401726,0.24999900000000508,0.9500008066200862,0.0,0.0,1100.0,189.93589068897205,190.00944717157665,189.93589068897205,optimal,0.4452811540104449,0.47007590578868985,f05,confirmation
hourly_seed_960006,ddff633f9673430404c3bdc9a9dcc5d07fa306b0584ff0e0b675a2484165ef30,960006,0,8,0,perfect_information,3.7676892008837406,0.3784411799395755,9.955811895220588,0.9562506228557882,0.9500004957115841,0.24999899999999556,0.9500007478557845,0.0,0.0,1100.0,189.93589068897205,190.00944717157665,189.93589068897205,optimal,0.5773582733236253,0.5161358374170959,f05,confirmation
hourly_seed_960003,cc1b7b09fe51075a0e5ef6b0bdcab8e9b797c16e710aa362284cb3afc721236e,960003,0,4,0,perfect_information,4.363552233680719,0.43829195243991065,9.955811895220588,0.9625005322872411,0.9500005645744758,0.24999900000000358,0.5000008854142388,0.0,2.1316282072803006e-12,1100.0,189.93589068897205,190.00944717157665,189.93589068897205,optimal,0.5063217468559742,0.5907097640447319,f05,confirmation
hourly_seed_960003,cc1b7b09fe51075a0e5ef6b0bdcab8e9b797c16e710aa362284cb3afc721236e,960003,0,8,0,perfect_information,4.363552233680719,0.43829195243991065,9.955811895220588,0.9625005595013372,0.9500005645744758,0.2499990000000033,0.5000008854142388,0.0,0.0,1100.0,189.93589068897205,190.00944717157665,189.93589068897205,optimal,0.5282062902115285,0.46141247311607003,f05,confirmation
hourly_seed_930084,96dd609826f7ce39b8df31b73eafbeda10949e4905ec7ccf78672604d92b5d0c,930084,0,4,0,perfect_information,66.98772102630738,0.563949764516604,118.78313502573529,0.9625007358182818,0.9500009716365635,0.24999900000020486,0.5057432534503108,0.0,0.0,1100.0,226.16616044220174,231.66862486808822,226.16616044220174,optimal,0.7680683680810034,0.8942733909934759,f60,development
hourly_seed_930084,96dd609826f7ce39b8df31b73eafbeda10949e4905ec7ccf78672604d92b5d0c,930084,0,8,0,perfect_information,41.10652458961279,0.346063644310337,118.78313502573529,0.9625007297781284,0.9500009537785794,0.24999900000054404,0.5000009878364562,0.0,0.0,1100.0,226.16616044220174,231.66862486808822,226.16616044220174,optimal,0.7797165103256702,0.8500545299611986,f60,development
hourly_seed_930092,0121e32979d613a102c3f50caa611bcb3bb4293c8307f0ee792d30b54d59a556,930092,0,4,0,perfect_information,44.9664072810779,0.37855885241061854,118.78313502573529,0.9750004841548218,0.9500009577461914,0.24999900000000108,0.5000009888805655,0.0,0.0,1100.0,226.16616044220174,231.66862486808822,226.16616044220174,optimal,0.7076387288980186,0.7186466157436371,f60,development
hourly_seed_930092,0121e32979d613a102c3f50caa611bcb3bb4293c8307f0ee792d30b54d59a556,930092,0,8,0,perfect_information,44.9664072810779,0.37855885241061854,118.78313502573529,0.9700632959550879,0.9500009577461914,0.24999900000000053,0.5000009888805655,0.0,0.0,1100.0,226.16616044220174,231.66862486808822,226.16616044220174,optimal,0.7034599729813635,0.8149440148845315,f60,development
hourly_seed_930088,666f1bf95c74dcdc76b2d11adf273c4ecb608ef643b62f6150b021255c496616,930088,0,4,0,perfect_information,59.05104950326673,0.49713327982522826,118.78313502573529,0.9750004879341563,0.9500009678244167,0.2499989999999983,0.5000009915327176,0.0,3.8198777474462986e-11,1100.0,226.16616044220174,231.66862486808822,226.16616044220174,optimal,0.6065247301012278,0.703560003079474,f60,development
hourly_seed_930088,666f1bf95c74dcdc76b2d11adf273c4ecb608ef643b62f6150b021255c496616,930088,0,8,0,perfect_information,45.175407377051165,0.3803183622596218,118.78313502573529,0.968750609228128,0.9500009579416738,0.24999900000016403,0.500000988931951,0.0,0.0,1100.0,226.16616044220174,231.66862486808822,226.16616044220174,optimal,0.9303224519826472,0.9179963050410151,f60,development
hourly_seed_960002,7c0d117921a4c45814d48fcd0cc91a9b873cf2a8080a8d467574ac317a3e4a42,960002,0,4,0,perfect_information,3.822889131467418,0.38398567306224857,9.955811895220588,0.962500501496591,0.9500005029931822,0.24999900000001085,0.5000008692086121,0.0,0.0,1100.0,189.93589068897205,190.00944717157665,189.93589068897205,optimal,0.5940491338260472,0.44989218190312386,f05,confirmation
hourly_seed_960002,7c0d117921a4c45814d48fcd0cc91a9b873cf2a8080a8d467574ac317a3e4a42,960002,0,8,0,perfect_information,3.822889131467418,0.38398567306224857,9.955811895220588,0.9500007825595171,0.950000751496591,0.24999900000001157,0.5000008692086121,0.0,0.0,1100.0,189.93589068897205,190.00944717157665,189.93589068897205,optimal,0.5868159304372966,0.5850419788621366,f05,confirmation
hourly_seed_930093,14583a1948b0f711f6bd7a3c7ac0a50c54a5d4d20db2d81bc2f232d5684f884d,930093,0,4,0,perfect_information,42.98145329114069,0.3618481132176586,118.78313502573529,0.9500009778974204,0.9500009557948401,0.2499990000001354,0.5000009883670525,0.0,0.0,1100.0,226.16616044220174,231.66862486808822,226.16616044220174,optimal,0.6910248170606792,0.7536696707829833,f60,development
hourly_seed_930093,14583a1948b0f711f6bd7a3c7ac0a50c54a5d4d20db2d81bc2f232d5684f884d,930093,0,8,0,perfect_information,42.98145329114069,0.3618481132176586,118.78313502573529,0.9687506084230655,0.9500009557948401,0.2499989999999998,0.5000009883670525,0.0,0.0,1100.0,226.16616044220174,231.66862486808822,226.16616044220174,optimal,0.7833599420264363,0.7861863002181053,f60,development
hourly_seed_960010,d03e6543854cff8b14165fe44d33d0f7438b43b6e51daf3f1134cf7dcc8fa4f7,960010,0,4,0,perfect_information,4.876834554644598,0.48984800094362807,9.955811895220588,0.9750003539009828,0.9500006104026207,0.24999900000000005,0.5000008974742701,0.0,0.0,1100.0,189.93589068897205,190.00944717157665,189.93589068897205,optimal,0.4992488347925246,0.46515102591365576,f05,confirmation
hourly_seed_960010,d03e6543854cff8b14165fe44d33d0f7438b43b6e51daf3f1134cf7dcc8fa4f7,960010,0,8,0,perfect_information,3.4609253738918966,0.3476286424769995,9.955811895220588,0.9687504191299916,0.950000451013311,0.24999899999999778,0.5000008555296859,0.0,0.0,1100.0,189.93589068897205,190.00944717157665,189.93589068897205,optimal,0.49414460314437747,0.46033027628436685,f05,confirmation
hourly_seed_960014,b5f1432a8f9c4db42f7812bfb67ce3878a731f0d10d4f9c9c181b8ea074aa038,960014,0,4,0,perfect_information,3.5720795281428845,0.3587933928178882,9.955811895220588,0.9625004840481998,0.9500004680963996,0.24999900000000227,0.500000860025222,0.0,0.0,1100.0,189.93589068897205,190.00944717157665,189.93589068897205,optimal,0.576529867015779,0.48012568708509207,f05,confirmation
hourly_seed_960014,b5f1432a8f9c4db42f7812bfb67ce3878a731f0d10d4f9c9c181b8ea074aa038,960014,0,8,0,perfect_information,3.5720795281428845,0.3587933928178882,9.955811895220588,0.9687504255361498,0.9500004680963996,0.24999900000000705,0.500000860025222,0.0,6.252776074688882e-13,1100.0,189.93589068897205,190.00944717157665,189.93589068897205,optimal,0.4997870968654752,0.4794746828265488,f05,confirmation
hourly_seed_930098,5d1bae52329213c4db3e5a9d3be2943f695ef188a2dbedb722df7fb99380d337,930098,0,4,0,perfect_information,59.848059519827224,0.5038430708775339,118.78313502573529,0.9750004880948397,0.9500009682529061,0.249999,0.5000009916454934,0.0,0.0,1100.0,226.16616044220174,231.66862486808822,226.16616044220174,optimal,0.7022319850511849,0.7534823603928089,f60,development
hourly_seed_930098,5d1bae52329213c4db3e5a9d3be2943f695ef188a2dbedb722df7fb99380d337,930098,0,8,0,perfect_information,55.05721300904627,0.4635103543707421,118.78313502573529,0.9625007349020535,0.9500009654904078,0.24999900000000516,0.5000009909185205,0.0,0.0,1100.0,226.16616044220174,231.66862486808822,226.16616044220174,optimal,0.611683342140168,0.5537561383098364,f60,development
hourly_seed_960009,56097abbcccad18c8a9e1b67d09f089109dfbfe744043447dd52e83ac91d12f8,960009,0,4,0,perfect_information,3.817298430268874,0.38342412155269984,9.955811895220588,0.9750003133494803,0.9500005022652809,0.2499990000000127,0.5000008690170651,0.0,0.0,1100.0,189.93589068897205,190.00944717157665,189.93589068897205,optimal,0.7278709919191897,0.749826286919415,f05,confirmation
hourly_seed_960009,56097abbcccad18c8a9e1b67d09f089109dfbfe744043447dd52e83ac91d12f8,960009,0,8,0,perfect_information,3.3252445868288656,0.33400034289771896,9.955811895220588,0.968750410729824,0.9500004286128526,0.24999900000000394,0.5000008496348355,0.0,1.3642420526593924e-12,1100.0,189.93589068897205,190.00944717157665,189.93589068897205,optimal,0.5519538959488273,0.47860913816839457,f05,confirmation
hourly_seed_960001,ea479d0aeb8520bcc86302a283be125319226ceda82d428f85e9da5de9b25f42,960001,0,4,0,perfect_information,4.945747165711613,0.49676984838231836,9.955811895220588,0.9625005579155789,0.9500006158311578,0.2499990000000006,0.500000898902832,0.0,0.0,1100.0,189.93589068897205,190.00944717157665,189.93589068897205,optimal,0.7699907207861543,0.766412187833339,f05,confirmation
hourly_seed_960001,ea479d0aeb8520bcc86302a283be125319226ceda82d428f85e9da5de9b25f42,960001,0,8,0,perfect_information,4.116129226049026,0.41343983487926533,9.955811895220588,0.9750003557502479,0.9500005384007851,0.24999900000001052,0.500000878526398,0.0,0.0,1100.0,189.93589068897205,190.00944717157665,189.93589068897205,optimal,0.522726318333298,0.7779331193305552,f05,confirmation
hourly_seed_960011,32ccc4b2c72fe07a48d6a24426e22a2fca39f66595e45a5be22ddc76ffaa9ea1,960011,0,4,0,perfect_information,4.378750477559256,0.4398185224513262,9.955811895220588,0.9625005330429057,0.9500005660858112,0.24999900000000147,0.5000008858119536,0.0,0.0,1100.0,189.93589068897205,190.00944717157665,189.93589068897205,optimal,0.9009622507728636,0.7186161559075117,f05,confirmation
hourly_seed_960011,32ccc4b2c72fe07a48d6a24426e22a2fca39f66595e45a5be22ddc76ffaa9ea1,960011,0,8,0,perfect_information,4.117307204792487,0.41355815559040965,9.955811895220588,0.9625005481081265,0.9500005385328506,0.24999900000000477,0.5000008785611674,0.0,0.0,1100.0,189.93589068897205,190.00944717157665,189.93589068897205,optimal,0.5082229692488909,0.4989737030118704,f05,confirmation
hourly_seed_930097,4ea85af29229a7718f85b02e7366bc9a03430079e6d6c248c88f0bd559b5a4be,930097,0,4,0,perfect_information,44.30251458040996,0.3729697365775998,118.78313502573529,0.9500009731956247,0.9500009571129996,0.24999900564299754,0.5000009887139358,0.0,0.0,1100.0,226.16616044220174,231.66862486808822,226.16616044220174,optimal,0.7929989416152239,0.7572116726078093,f60,development
hourly_seed_930097,4ea85af29229a7718f85b02e7366bc9a03430079e6d6c248c88f0bd559b5a4be,930097,0,8,0,perfect_information,37.804201651891745,0.31826236648579087,118.78313502573529,0.9625007280116805,0.9500009497409843,0.24999899999999975,0.5000009867719588,0.0,0.0,1100.0,226.16616044220174,231.66862486808822,226.16616044220174,optimal,0.7129401010461152,0.8565997001715004,f60,development
hourly_seed_960015,71ae6a09e8d88408dd5bc0a1f82f4b09cb8ef37c000772ff3707b39a0060fc6a,960015,0,4,0,perfect_information,5.108652830418086,0.5131327192783302,9.955811895220588,0.9625005640408024,0.9500006280816048,0.2499990000000012,1.384321963722189,0.0,0.0,1100.0,189.93589068897205,190.00944717157665,189.93589068897205,optimal,0.48823443660512567,0.4836355079896748,f05,confirmation
hourly_seed_960015,71ae6a09e8d88408dd5bc0a1f82f4b09cb8ef37c000772ff3707b39a0060fc6a,960015,0,8,0,perfect_information,3.5078237853905576,0.3523392991258234,9.955811895220588,0.9687504218824037,0.9500004583530763,0.24999900000001013,1.927403660197531,0.0,1.1084466677857563e-12,1100.0,189.93589068897205,190.00944717157665,189.93589068897205,optimal,0.5394338788464665,0.5446268920786679,f05,confirmation
hourly_seed_960007,b321c4c620c83da81b039cab8113ea2603323f45d147965b402dcfa50f04d880,960007,0,4,0,perfect_information,4.583759452005404,0.46041041155125634,9.955811895220588,0.9750003445597424,0.9500005854926423,0.24999899999999822,0.9500007927463273,0.0,2.8421709430404007e-13,1100.0,189.93589068897205,190.00944717157665,189.93589068897205,optimal,0.5644414629787207,0.5163015690632164,f05,confirmation
hourly_seed_960007,b321c4c620c83da81b039cab8113ea2603323f45d147965b402dcfa50f04d880,960007,0,8,0,perfect_information,3.5582767061669185,0.3574069843440005,9.955811895220588,0.9626158995049664,0.9500004660330897,0.24999900000004913,1.4383212790940316,0.0,0.0,1100.0,189.93589068897205,190.00944717157665,189.93589068897205,optimal,0.916146055329591,0.8350294078700244,f05,confirmation
hourly_seed_960005,0a7f97834106cb593fa5be632aa9b63bf2d1f50e39c03138a9747833416dc0c1,960005,0,4,0,perfect_information,5.067737141602659,0.5090229902832424,9.955811895220588,0.950000765674266,0.9500006250788254,0.24999904933150038,0.5000009013364435,0.0,0.0,1100.0,189.93589068897205,190.00944717157665,189.93589068897205,optimal,0.9146919958293438,0.7859321483410895,f05,confirmation
hourly_seed_960005,0a7f97834106cb593fa5be632aa9b63bf2d1f50e39c03138a9747833416dc0c1,960005,0,8,0,perfect_information,3.987346917961986,0.40050444503437854,9.955811895220588,0.9687504463095681,0.9500005234921721,0.2499990000000067,0.500000874603083,0.0,0.0,1100.0,189.93589068897205,190.00944717157665,189.93589068897205,optimal,0.5823391820304096,0.5483328849077225,f05,confirmation
hourly_seed_930099,84250a06b8bdd9d6ca07bce623f081c08a8e43c87854e818a1c3568d30d9439a,930099,0,4,0,perfect_information,40.1026544949737,0.3376123595852656,118.78313502573529,0.9625007263107707,0.9500009526215413,0.2499990000000009,0.5000009875319716,0.0,0.0,1100.0,226.16616044220174,231.66862486808822,226.16616044220174,optimal,0.6688262410461903,0.8173310500569642,f60,development
hourly_seed_930099,84250a06b8bdd9d6ca07bce623f081c08a8e43c87854e818a1c3568d30d9439a,930099,0,8,0,perfect_information,40.1026544949737,0.3376123595852656,118.78313502573529,0.968750607233078,0.9500009526215413,0.24999900000001163,0.5000009875319716,0.0,0.0,1100.0,226.16616044220174,231.66862486808822,226.16616044220174,optimal,0.6679214658215642,0.8655600054189563,f60,development
hourly_seed_960020,3b5c16ecfb380083011d20866479d644c455a4ef9a32e9f90ef027545f6b1e24,960020,0,4,0,perfect_information,3.017261850209383,0.30306537346872303,9.955811895220588,0.9750002638585011,0.9500003702893364,0.24999900000000466,0.5000008342865006,0.0,0.0,1100.0,189.93589068897205,190.00944717157665,189.93589068897205,optimal,0.7259803023189306,0.5087237721309066,f05,confirmation
hourly_seed_960020,3b5c16ecfb380083011d20866479d644c455a4ef9a32e9f90ef027545f6b1e24,960020,0,8,0,perfect_information,3.017261850209383,0.30306537346872303,9.955811895220588,0.9500006851446682,0.9500003702893364,0.24999900000009526,0.5000008342865006,0.0,0.0,1100.0,189.93589068897205,190.00944717157665,189.93589068897205,optimal,0.4781859051436186,0.4852389278821647,f05,confirmation
hourly_seed_930096,df770118b66ef7670d47c5c84ffcb15111a6a0b3920211c0d1ac65f751ea4490,930096,0,4,0,perfect_information,58.04170370445551,0.48863589677002817,118.78313502573529,0.9625007336324415,0.950000967264883,0.24999900000000455,0.5000009913854866,0.0,0.0,1100.0,226.16616044220174,231.66862486808822,226.16616044220174,optimal,0.8700569118373096,0.9342881748452783,f60,development
hourly_seed_930096,df770118b66ef7670d47c5c84ffcb15111a6a0b3920211c0d1ac65f751ea4490,930096,0,8,0,perfect_information,43.463056439154755,0.3659025873474222,118.78313502573529,0.9625102336364828,0.9500009562846675,0.24999900000002562,0.5000009884959541,0.0,0.0,1100.0,226.16616044220174,231.66862486808822,226.16616044220174,optimal,0.7958348290994763,0.95421077683568,f60,development
hourly_seed_960023,1d5e64f6d91571d02a4cbbab26e4bf2dd9548ee43e1c5937d0a4f6ad143bdffc,960023,0,4,0,perfect_information,4.42310460764707,0.4442736216993449,9.955811895220588,0.9625005352185139,0.9500005704370278,0.24999899999999983,0.5000008869569905,0.0,0.0,1100.0,189.93589068897205,190.00944717157665,189.93589068897205,optimal,0.5666519571095705,0.5050973487086594,f05,confirmation
hourly_seed_960023,1d5e64f6d91571d02a4cbbab26e4bf2dd9548ee43e1c5937d0a4f6ad143bdffc,960023,0,8,0,perfect_information,4.377715660005143,0.43971458140010866,9.955811895220588,0.9687504622437139,0.950000565983228,0.24999900000000277,0.5000008857849575,0.0,3.126388037344441e-13,1100.0,189.93589068897205,190.00944717157665,189.93589068897205,optimal,0.4959617042914033,0.5894166058860719,f05,confirmation
hourly_seed_960013,cff9a9fa0146687f472207180c4790b8265cdcf985d24153ab13e2850e33b7e8,960013,0,4,0,perfect_information,5.990216544541676,0.6016803659596416,9.955811895220588,0.9625005914079066,0.9500006828158134,0.24999900000000427,0.9500008414079066,0.0,0.0,1100.0,189.93589068897205,190.00944717157665,189.93589068897205,optimal,0.9201226285658777,0.812335189897567,f05,confirmation
hourly_seed_960013,cff9a9fa0146687f472207180c4790b8265cdcf985d24153ab13e2850e33b7e8,960013,0,8,0,perfect_information,5.1240244094338285,0.5146766997369326,9.955811895220588,0.9625005877738224,0.950000629197313,0.24999899999999628,0.9500008145986509,0.0,0.0,1100.0,189.93589068897205,190.00944717157665,189.93589068897205,optimal,0.7102315849624574,0.46576397912576795,f05,confirmation
hourly_seed_960012,085e21315703718d27c7a0e9f80f672bf3063443e54d2ff686b38f29f6b28095,960012,0,4,0,perfect_information,4.895541554948126,0.4917270039320743,9.955811895220588,0.9625005559456812,0.9500006118913626,0.24999900000000128,0.5000008978660525,0.0,0.0,1100.0,189.93589068897205,190.00944717157665,189.93589068897205,optimal,0.9407529351301491,0.9332590191625059,f05,confirmation
hourly_seed_960012,085e21315703718d27c7a0e9f80f672bf3063443e54d2ff686b38f29f6b28095,960012,0,8,0,perfect_information,3.7408025473112545,0.37574058114809034,9.955811895220588,0.9687504345326458,0.9500004920870603,0.2499989999999971,0.5000008663385719,0.0,0.0,1100.0,189.93589068897205,190.00944717157665,189.93589068897205,optimal,0.559969216119498,0.5089039732702076,f05,confirmation
hourly_seed_960004,d80be8dee4d55cded5b3801e341c90dfe45012711a7a1c944217451b70ade8ad,960004,0,4,0,perfect_information,3.9805352857052387,0.39982025851815706,9.955811895220588,0.975000321003785,0.9500005226767552,0.24999899999999745,1.4938993154716769,0.0,0.0,1100.0,189.93589068897205,190.00944717157665,189.93589068897205,optimal,0.8398182671517134,0.9064157651737332,f05,confirmation
hourly_seed_960004,d80be8dee4d55cded5b3801e341c90dfe45012711a7a1c944217451b70ade8ad,960004,0,8,0,perfect_information,3.9805352857052387,0.39982025851815706,9.955811895220588,0.9750003508364886,0.9500005226767552,0.24999899999999728,1.749715148331907,0.0,0.0,1100.0,189.93589068897205,190.00944717157665,189.93589068897205,optimal,0.7401879481039941,0.7572850319556892,f05,confirmation
hourly_seed_960026,9a8b179bcb0d9542140ff28e67411054f542210598f621860ff101875cb1d0f1,960026,0,4,0,perfect_information,3.549997182087444,0.3565753571330194,9.955811895220588,0.9625004823938735,0.9500004647877388,0.24999900000000153,0.5000008591545408,0.0,0.0,1100.0,189.93589068897205,190.00944717157665,189.93589068897205,optimal,0.5714522060006857,0.47286548325791955,f05,confirmation
hourly_seed_960026,9a8b179bcb0d9542140ff28e67411054f542210598f621860ff101875cb1d0f1,960026,0,8,0,perfect_information,3.549997182087444,0.3565753571330194,9.955811895220588,0.9647485764231093,0.9500004647877388,0.2499990000000016,0.5000008591545408,0.0,0.0,1100.0,189.93589068897205,190.00944717157665,189.93589068897205,optimal,0.4641101290471852,0.4675078201107681,f05,confirmation
hourly_seed_960025,b90b152a3efe01764e0bada590c2661142272fbb374e83e38580281ccec4efb6,960025,0,4,0,perfect_information,5.08939823600374,0.511198713833371,9.955811895220588,0.9625005633372674,0.9500006266745351,0.24999900000000694,0.5000009017563593,0.0,0.0,1100.0,189.93589068897205,190.00944717157665,189.93589068897205,optimal,0.5388808269053698,0.4678213018923998,f05,confirmation
hourly_seed_960025,b90b152a3efe01764e0bada590c2661142272fbb374e83e38580281ccec4efb6,960025,0,8,0,perfect_information,3.113761696932654,0.31275818885524087,9.955811895220588,0.9625004830396673,0.9500003898049539,0.24999900000000103,0.5000008394221952,0.0,1.9610979506978765e-12,1100.0,189.93589068897205,190.00944717157665,189.93589068897205,optimal,0.5775025929324329,0.4789395499974489,f05,confirmation
hourly_seed_960016,78dc4a7fbb1519bfc7d1a615db8ffc4afda645d0e26c30f2504dd492aa403cf0,960016,0,4,0,perfect_information,3.7987178912379482,0.3815578208203763,9.955811895220588,0.962500499915364,0.950000499830728,0.24999899999999922,0.5000008683763791,0.0,0.0,1100.0,189.93589068897205,190.00944717157665,189.93589068897205,optimal,0.5735311578027904,0.7336435690522194,f05,confirmation
hourly_seed_960016,78dc4a7fbb1519bfc7d1a615db8ffc4afda645d0e26c30f2504dd492aa403cf0,960016,0,8,0,perfect_information,3.7987178912379482,0.3815578208203763,9.955811895220588,0.9613119936366495,0.950000499830728,0.24999899999999922,0.5000008683763791,0.0,5.684341886080802e-14,1100.0,189.93589068897205,190.00944717157665,189.93589068897205,optimal,0.9041516510769725,0.7303115678951144,f05,confirmation
hourly_seed_960008,ad99f6b5d44eb7ae8fe08d7d867e866153306e14ff23da349073ab5ad43b4582,960008,0,4,0,perfect_information,3.7226741709416014,0.3739196973708109,9.955811895220588,0.9750003086051309,0.9500004896136823,0.24999899999999642,0.5000008656876911,0.0,0.0,1100.0,189.93589068897205,190.00944717157665,189.93589068897205,optimal,0.9631266221404076,0.6234340039081872,f05,confirmation
hourly_seed_960008,ad99f6b5d44eb7ae8fe08d7d867e866153306e14ff23da349073ab5ad43b4582,960008,0,8,0,perfect_information,3.2121770763526736,0.32264340770587674,9.955811895220588,0.9687504031875821,0.9500004085002247,0.24999900000000663,0.500000844342012,0.0,0.0,1100.0,189.93589068897205,190.00944717157665,189.93589068897205,optimal,0.9065129053778946,0.8737198952585459,f05,confirmation
hourly_seed_960019,17c3602582032a3bb92c6a9e801a05754815c4905152b6caa29955d54945a065,960019,0,4,0,perfect_information,3.3672731564825313,0.3382218539202245,9.955811895220588,0.9625004678723106,0.9500004357446127,0.24999900000000833,0.5000008515116091,0.0,0.0,1100.0,189.93589068897205,190.00944717157665,189.93589068897205,optimal,0.7755270441994071,0.7787373242899776,f05,confirmation
hourly_seed_960019,17c3602582032a3bb92c6a9e801a05754815c4905152b6caa29955d54945a065,960019,0,8,0,perfect_information,3.3672731564825313,0.3382218539202245,9.955811895220588,0.9687504134042338,0.9500004357446127,0.24999900000001127,0.5000008515116091,0.0,0.0,1100.0,189.93589068897205,190.00944717157665,189.93589068897205,optimal,0.7176538109779358,0.5103343119844794,f05,confirmation
hourly_seed_960017,fdbd8c6d065e1b0bb63a3447e618120ec1566c64bebcbfe32c123880c0ab7a4e,960017,0,4,0,perfect_information,3.977263926737617,0.3994916706538974,9.955811895220588,0.9634843071049825,0.9500005222841497,0.24999900000000022,2.0870926186728163,0.0,0.0,1100.0,189.93589068897205,190.00944717157665,189.93589068897205,optimal,0.8200765056535602,0.6605384508147836,f05,confirmation
hourly_seed_960017,fdbd8c6d065e1b0bb63a3447e618120ec1566c64bebcbfe32c123880c0ab7a4e,960017,0,8,0,perfect_information,3.477977585292237,0.3493414321098095,9.955811895220588,0.9500007951393538,0.9500007268524716,0.24999900000000838,0.9500007268524716,0.0,0.0,1100.0,189.93589068897205,190.00944717157665,189.93589068897205,optimal,0.8475397750735283,0.810531587805599,f05,confirmation
hourly_seed_960021,797f5915dba53fe765616a6f846ee9c85ef78a1b2a07cf31c5b5ac310ea90bfc,960021,0,4,0,perfect_information,3.08428713810712,0.309797650916624,9.955811895220588,0.9750002689901368,0.9500003839736919,0.24999900000000844,0.5000008378876533,0.0,0.0,1100.0,189.93589068897205,190.00944717157665,189.93589068897205,optimal,0.8932469738647342,0.7816109517589211,f05,confirmation
hourly_seed_960021,797f5915dba53fe765616a6f846ee9c85ef78a1b2a07cf31c5b5ac310ea90bfc,960021,0,8,0,perfect_information,3.08428713810712,0.309797650916624,9.955811895220588,0.962500480488496,0.9500003839736919,0.2499990000000038,0.5000008378876533,0.0,4.547473508864641e-13,1100.0,189.93589068897205,190.00944717157665,189.93589068897205,optimal,0.5790876420214772,0.49959404626861215,f05,confirmation
hourly_seed_960024,f3e0b65dfcc0af9c7b1f14ded480b9bb4f5368855a0c017e600830868fa231d2,960024,0,4,0,perfect_information,4.342002041614004,0.43612736834636623,9.955811895220588,0.9655818031965638,0.9500005624133883,0.24999899999999578,0.5000008848455049,0.0,3.979039320256561e-13,1100.0,189.93589068897205,190.00944717157665,189.93589068897205,optimal,0.9483830207027495,0.7390111102722585,f05,confirmation
hourly_seed_960024,f3e0b65dfcc0af9c7b1f14ded480b9bb4f5368855a0c017e600830868fa231d2,960024,0,8,0,perfect_information,4.1689854797243,0.418748920088142,9.955811895220588,0.9598572697452228,0.9500005442531455,0.24999900000000305,0.5000008800664919,0.0,0.0,1100.0,189.93589068897205,190.00944717157665,189.93589068897205,optimal,0.5399623936973512,0.45439492957666516,f05,confirmation
hourly_seed_960032,ebf9d1862d9dfb74b71374df6eaa9e99c44fe039b30a91258096688a4a125745,960032,0,4,0,perfect_information,4.311213529230893,0.4330348518638189,9.955811895220588,0.9625005296441794,0.9500005592883521,0.24999900000000203,0.5000008840231358,0.0,0.0,1100.0,189.93589068897205,190.00944717157665,189.93589068897205,optimal,0.5805086214095354,0.4554251958616078,f05,confirmation
hourly_seed_960032,ebf9d1862d9dfb74b71374df6eaa9e99c44fe039b30a91258096688a4a125745,960032,0,8,0,perfect_information,3.9981811826664493,0.4015926802098206,9.955811895220588,0.9687504467937796,0.9500005247834122,0.24999900000000377,0.5000008749428821,0.0,0.0,1100.0,189.93589068897205,190.00944717157665,189.93589068897205,optimal,0.5178028079681098,0.4598685931414366,f05,confirmation
hourly_seed_960018,dfc6df68deb394bc8fb53d71f284034038c82c8ffb07e11fbe4d2c5d23073697,960018,0,4,0,perfect_information,4.9051576299480075,0.4926928794529344,9.955811895220588,0.9625005563261055,0.9500006126522111,0.24999899999999964,0.5000008980662612,0.0,0.0,1100.0,189.93589068897205,190.00944717157665,189.93589068897205,optimal,0.8504674332216382,0.7282860949635506,f05,confirmation
hourly_seed_960018,dfc6df68deb394bc8fb53d71f284034038c82c8ffb07e11fbe4d2c5d23073697,960018,0,8,0,perfect_information,3.632240908307039,0.36483623299981605,9.955811895220588,0.9625005211465514,0.950000476906403,0.2499990000000428,0.5000008623436697,0.0,0.0,1100.0,189.93589068897205,190.00944717157665,189.93589068897205,optimal,0.8111210721544921,0.9424028950743377,f05,confirmation
hourly_seed_960035,bf66f88d787b5aa4c96a6b612e346e70e843bf4a1cb08c6fe370b2a72280be9a,960035,0,4,0,perfect_information,4.7146512079413325,0.47355768244322294,9.955811895220588,0.9625005485002625,0.9500005970005249,0.24999900000000283,0.5000008939474059,0.0,0.0,1100.0,189.93589068897205,190.00944717157665,189.93589068897205,optimal,0.474485173355788,0.46334496373310685,f05,confirmation
hourly_seed_960035,bf66f88d787b5aa4c96a6b612e346e70e843bf4a1cb08c6fe370b2a72280be9a,960035,0,8,0,perfect_information,4.180143856039361,0.4198697102790875,9.955811895220588,0.9687504545511428,0.9500005454697054,0.24999900000000536,0.5000008803866625,0.0,0.0,1100.0,189.93589068897205,190.00944717157665,189.93589068897205,optimal,0.5091198147274554,0.6085532028228045,f05,confirmation
hourly_seed_960028,50ded5edfc83624644690adc9643ce03aeeffd1c4074dd7b1d358de46be91a6d,960028,0,4,0,perfect_information,3.8664369996877794,0.3883597882703982,9.955811895220588,0.9750003157216229,0.9500005085909942,0.24999900000000383,0.5000008706817018,0.0,0.0,1100.0,189.93589068897205,190.00944717157665,189.93589068897205,optimal,0.5118511109612882,0.46556010795757174,f05,confirmation
hourly_seed_960028,50ded5edfc83624644690adc9643ce03aeeffd1c4074dd7b1d358de46be91a6d,960028,0,8,0,perfect_information,3.8664369996877794,0.3883597882703982,9.955811895220588,0.968750440721623,0.9500005085909942,0.2499990000000026,0.5000008706817018,0.0,5.684341886080802e-14,1100.0,189.93589068897205,190.00944717157665,189.93589068897205,optimal,0.9120953199453652,0.795571647118777,f05,confirmation
hourly_seed_960037,1eaf9a1a39b57b520a7cc6935e2324246428d7577e615506059ec3cae578fe97,960037,0,4,0,perfect_information,4.204055726436639,0.42227151041843697,9.955811895220588,0.9625005240275004,0.9500005480550008,0.2499989999999991,0.5000008810669799,0.0,0.0,1100.0,189.93589068897205,190.00944717157665,189.93589068897205,optimal,0.5208373363129795,0.5459972904063761,f05,confirmation
hourly_seed_960037,1eaf9a1a39b57b520a7cc6935e2324246428d7577e615506059ec3cae578fe97,960037,0,8,0,perfect_information,4.204055726436639,0.42227151041843697,9.955811895220588,0.9687504555206253,0.9500005480550008,0.24999899999999575,0.5000008810669799,0.0,0.0,1100.0,189.93589068897205,190.00944717157665,189.93589068897205,optimal,0.5415762229822576,0.5118761421181262,f05,confirmation
hourly_seed_960033,8c973c3d73ffb9ba770aa39407cb7418860eaa3813c620b01428928823b38208,960033,0,4,0,perfect_information,2.8841943229843023,0.28969955974850187,9.955811895220588,0.9706614361626081,0.950000341236475,0.24999900000000064,0.5000008266410023,0.0,0.0,1100.0,189.93589068897205,190.00944717157665,189.93589068897205,optimal,0.6825699750334024,0.48697248892858624,f05,confirmation
hourly_seed_960033,8c973c3d73ffb9ba770aa39407cb7418860eaa3813c620b01428928823b38208,960033,0,8,0,perfect_information,2.8841943229843023,0.28969955974850187,9.955811895220588,0.9634141548630166,0.950000341236475,0.24999900000000755,0.5000008266410023,0.0,0.0,1100.0,189.93589068897205,190.00944717157665,189.93589068897205,optimal,0.45501062320545316,0.4820358892902732,f05,confirmation
hourly_seed_960022,d09967ef67a5a9d9370a29cfece169811c024cd4f19b2430fc3f75f6ab17c6e0,960022,0,4,0,perfect_information,5.228806524881605,0.5252014180171242,9.955811895220588,0.9625005683139899,0.9500006366279743,0.2499990000000033,0.5000009043757006,0.0,0.0,1100.0,189.93589068897205,190.00944717157665,189.93589068897205,optimal,0.9588530361652374,0.8002758659422398,f05,confirmation
hourly_seed_960022,d09967ef67a5a9d9370a29cfece169811c024cd4f19b2430fc3f75f6ab17c6e0,960022,0,8,0,perfect_information,4.5967831085310245,0.4617185576535217,9.955811895220588,0.9625005691668275,0.950000586667029,0.24999899999999575,0.5000008912280589,0.0,0.0,1100.0,189.93589068897205,190.00944717157665,189.93589068897205,optimal,0.8405937617644668,0.7208013096824288,f05,confirmation
hourly_seed_960038,2c0162ef68284d4c6e1773a81cf51d8d13a54ea0caa558453e54b31753cf1844,960038,0,4,0,perfect_information,3.2308357376881847,0.32451755534264237,9.955811895220588,0.9625004559581303,0.9500004119162605,0.24999900000000522,0.5000008452409708,0.0,0.0,1100.0,189.93589068897205,190.00944717157665,189.93589068897205,optimal,0.4633194236084819,0.5053734807297587,f05,confirmation
hourly_seed_960038,2c0162ef68284d4c6e1773a81cf51d8d13a54ea0caa558453e54b31753cf1844,960038,0,8,0,perfect_information,3.2308357376881847,0.32451755534264237,9.955811895220588,0.962500492713364,0.9500004119162605,0.24999900000000297,0.5000008452409708,0.0,0.0,1100.0,189.93589068897205,190.00944717157665,189.93589068897205,optimal,0.5457104886882007,0.5449638040736318,f05,confirmation
hourly_seed_960027,f91e791d7bfaef3957c0163a29d0c9afd69fec1742794285ab6652fed4256f40,960027,0,4,0,perfect_information,5.120604823163884,0.5143332233528934,9.955811895220588,0.9625005644748494,0.9500006289496988,0.2499989999999967,0.5000009023550832,0.0,0.0,1100.0,189.93589068897205,190.00944717157665,189.93589068897205,optimal,0.9027030817233026,0.5292560080997646,f05,confirmation
hourly_seed_960027,f91e791d7bfaef3957c0163a29d0c9afd69fec1742794285ab6652fed4256f40,960027,0,8,0,perfect_information,4.060926199895985,0.4078950308257113,9.955811895220588,0.9750003537893596,0.9500005321259424,0.24999900000000147,0.5000008768751419,0.0,0.0,1100.0,189.93589068897205,190.00944717157665,189.93589068897205,optimal,0.9720709370449185,0.878816356882453,f05,confirmation
hourly_seed_960049,7372c2c50c27991fa717626ddbd540976f45fbd165fdb8f2981ae1ad7f5f0323,960049,0,4,0,perfect_information,4.676749738253834,0.469750713198887,9.955811895220588,0.9625005468672616,0.9500005937345233,0.24999900000000233,0.9500005937345233,0.0,0.0,1100.0,189.93589068897205,190.00944717157665,189.93589068897205,optimal,0.493985862005502,0.4576459499076009,f05,confirmation
hourly_seed_960049,7372c2c50c27991fa717626ddbd540976f45fbd165fdb8f2981ae1ad7f5f0323,960049,0,8,0,perfect_information,3.5062340793172555,0.35217962293968885,9.955811895220588,0.9594508257246732,0.9500004581074806,0.24999900000000486,0.9500007290537483,0.0,0.0,1100.0,189.93589068897205,190.00944717157665,189.93589068897205,optimal,0.5054346416145563,0.5442964900285006,f05,confirmation
hourly_seed_960036,f1ac5081fbe45443a3f6cd21f09f85bd67f82a5b2c7557455a1435b8522a093e,960036,0,4,0,perfect_information,3.725033748575151,0.37415670241453636,9.955811895220588,0.9750003087263677,0.9500004899369804,0.24999900000003175,0.5000008657727703,0.0,1.1368683772161603e-13,1100.0,189.93589068897205,190.00944717157665,189.93589068897205,optimal,0.7298368350602686,0.7248328542336822,f05,confirmation
hourly_seed_960036,f1ac5081fbe45443a3f6cd21f09f85bd67f82a5b2c7557455a1435b8522a093e,960036,0,8,0,perfect_information,3.725033748575151,0.37415670241453636,9.955811895220588,0.9687504337263676,0.9500004899369804,0.24999900000000944,0.5000008657727703,0.0,0.0,1100.0,189.93589068897205,190.00944717157665,189.93589068897205,optimal,0.5615560249425471,0.4691123398952186,f05,confirmation
hourly_seed_960034,2df52cfdce20162d5769cc82babd22e958b7f0971dd0b17eebda8ab7327410ec,960034,0,4,0,perfect_information,4.194001110023776,0.42126158611304804,9.955811895220588,0.9750003301143187,0.9500005469715166,0.24999899999999847,0.5000008807818638,0.0,0.0,1100.0,189.93589068897205,190.00944717157665,189.93589068897205,optimal,0.6733315787278116,0.7596497372724116,f05,confirmation
hourly_seed_960034,2df52cfdce20162d5769cc82babd22e958b7f0971dd0b17eebda8ab7327410ec,960034,0,8,0,perfect_information,3.710838309506428,0.3727308579712984,9.955811895220588,0.9687504329946696,0.9500004879857855,0.24999899999999847,0.5000008652592727,0.0,5.968558980384842e-13,1100.0,189.93589068897205,190.00944717157665,189.93589068897205,optimal,0.7172086569480598,0.8576134359464049,f05,confirmation
hourly_seed_960050,3f5903520379cc74d43a8d763ae9efd02760c8e105f614bf07518802d4861d3a,960050,0,4,0,perfect_information,5.364606768808727,0.5388417163028234,9.955811895220588,0.975000367184909,0.9500006458264242,0.24999900000000144,1.341169261334674,0.0,8.526512829121202e-14,1100.0,189.93589068897205,190.00944717157665,189.93589068897205,optimal,0.45432049920782447,0.46704440703615546,f05,confirmation
hourly_seed_960050,3f5903520379cc74d43a8d763ae9efd02760c8e105f614bf07518802d4861d3a,960050,0,8,0,perfect_information,4.259411493223774,0.4278316563281552,9.955811895220588,0.9687504577231956,0.9500005539285129,0.2499989999999939,1.4426662204976075,0.0,3.154809746774845e-12,1100.0,189.93589068897205,190.00944717157665,189.93589068897205,optimal,0.5500060748308897,0.4910876750946045,f05,confirmation
hourly_seed_960029,ec8e30c2e09e4429232acaac5ca9657060c31fe769976c33c2d4d0ae51e1db73,960029,0,4,0,perfect_information,5.482168167087155,0.5506500348524,9.955811895220588,0.9750003700330392,0.9500006534214376,0.2499989999999993,0.9977954989621566,0.0,4.547473508864641e-13,1100.0,189.93589068897205,190.00944717157665,189.93589068897205,optimal,0.8516717702150345,0.7168358550406992,f05,confirmation
hourly_seed_960029,ec8e30c2e09e4429232acaac5ca9657060c31fe769976c33c2d4d0ae51e1db73,960029,0,8,0,perfect_information,4.714342748685345,0.47352669961035765,9.955811895220588,0.9608904275675736,0.9500005969741446,0.2499990000000646,0.9672416183678675,0.0,1.6768808563938364e-12,1100.0,189.93589068897205,190.00944717157665,189.93589068897205,optimal,0.925710272975266,0.9373184549622238,f05,confirmation
hourly_seed_960042,dba3f5dd0d2eb4b5d83425b90ea28f8abf545ff705aa7efdcbfa6601022213c9,960042,0,4,0,perfect_information,4.2875504326717655,0.4306580395246376,9.955811895220588,0.9625005284280334,0.9500005568560669,0.24999899999999367,0.5000008833830722,0.0,0.0,1100.0,189.93589068897205,190.00944717157665,189.93589068897205,optimal,0.5249717705883086,0.45390928722918034,f05,confirmation
hourly_seed_960042,dba3f5dd0d2eb4b5d83425b90ea28f8abf545ff705aa7efdcbfa6601022213c9,960042,0,8,0,perfect_information,3.7506724160881006,0.37673194869106136,9.955811895220588,0.9687504350338648,0.9500004934236296,0.2499989999999996,0.5000008666902905,0.0,0.0,1100.0,189.93589068897205,190.00944717157665,189.93589068897205,optimal,0.9005119190551341,0.7833525817841291,f05,confirmation
hourly_seed_960040,1d32d2287f0083c7df07320fcc2c1f904376f47df4dd256f67cceb846bbfa5ab,960040,0,4,0,perfect_information,5.135897019456487,0.5158692303057713,9.955811895220588,0.9500009075136263,0.9500008150272528,0.24999899999999917,0.5000009026458359,0.0,0.0,1100.0,189.93589068897205,190.00944717157665,189.93589068897205,optimal,0.8256549309007823,0.8389501720666885,f05,confirmation
hourly_seed_960040,1d32d2287f0083c7df07320fcc2c1f904376f47df4dd256f67cceb846bbfa5ab,960040,0,8,0,perfect_information,4.04224025150271,0.40601814237201866,9.955811895220588,0.9750003531134775,0.9500005299631283,0.24999900000000444,0.5000008763059777,0.0,0.0,1100.0,189.93589068897205,190.00944717157665,189.93589068897205,optimal,0.5753953098319471,0.4620678471401334,f05,confirmation
hourly_seed_960030,c6b830dbe9f5e179b404197b9aa8125025604f741aa2d68fae7e4672d734642a,960030,0,4,0,perfect_information,4.5246707647507,0.45447531676676456,9.955811895220588,0.9625005400397522,0.9500005800794981,0.24999900000001699,0.9500007900397553,0.0,3.353761712787673e-12,1100.0,189.93589068897205,190.00944717157665,189.93589068897205,optimal,0.9324996252544224,0.732586890924722,f05,confirmation
hourly_seed_960030,c6b830dbe9f5e179b404197b9aa8125025604f741aa2d68fae7e4672d734642a,960030,0,8,0,perfect_information,4.255529194440902,0.42744170332143594,9.955811895220588,0.9687504575705899,0.9500005535215641,0.24999900000001282,0.9500007767607888,0.0,0.0,1100.0,189.93589068897205,190.00944717157665,189.93589068897205,optimal,0.9325086851604283,0.8964683040976524,f05,confirmation
hourly_seed_960031,5cab5a322e9b5228957ae322138958b3ed518a8ac5ab75aa3528703ac998bf77,960031,0,4,0,perfect_information,4.167649844062631,0.4186147637103674,9.955811895220588,0.9625005220535513,0.9500005441071027,0.24999900000000125,0.5000008800280636,0.0,0.0,1100.0,189.93589068897205,190.00944717157665,189.93589068897205,optimal,0.8907006587833166,0.7617064588703215,f05,confirmation
hourly_seed_960031,5cab5a322e9b5228957ae322138958b3ed518a8ac5ab75aa3528703ac998bf77,960031,0,8,0,perfect_information,3.7964943811954917,0.38133448292831307,9.955811895220588,0.9750003436055581,0.9500004995377767,0.24999900000000105,0.5000008682992855,0.0,0.0,1100.0,189.93589068897205,190.00944717157665,189.93589068897205,optimal,0.9660704401321709,0.779358587693423,f05,confirmation
hourly_seed_960048,daac713dbacff90298986521e8e3c137e09d6b5a3468da32852e68cb44791b69,960048,0,4,0,perfect_information,3.513073933540297,0.3528666441786422,9.955811895220588,0.9500007971859548,0.950000729581273,0.24999900000004288,0.950000729581273,0.0,0.0,1100.0,189.93589068897205,190.00944717157665,189.93589068897205,optimal,0.8582191406749189,0.7865223316475749,f05,confirmation
hourly_seed_960048,daac713dbacff90298986521e8e3c137e09d6b5a3468da32852e68cb44791b69,960048,0,8,0,perfect_information,3.513073933540297,0.3528666441786422,9.955811895220588,0.9610543410456938,0.9500004591625459,0.24999899999999967,0.950000729581273,0.0,0.0,1100.0,189.93589068897205,190.00944717157665,189.93589068897205,optimal,0.47673937678337097,0.5356367966160178,f05,confirmation
hourly_seed_960052,17a1f4bb9e24de067e7a16fb251fec44ec5bdcf9a49c672ac75d4f27745b19fa,960052,0,4,0,perfect_information,3.813997452880312,0.383092558700438,9.955811895220588,0.9625005009172445,0.9500005018344815,0.24999900000000724,0.5000008689036918,0.0,0.0,1100.0,189.93589068897205,190.00944717157665,189.93589068897205,optimal,0.5537747270427644,0.5750391883775592,f05,confirmation
hourly_seed_960052,17a1f4bb9e24de067e7a16fb251fec44ec5bdcf9a49c672ac75d4f27745b19fa,960052,0,8,0,perfect_information,3.638838546037954,0.3654989250836312,9.955811895220588,0.9682166321384615,0.9500004778548169,0.24999900000000064,0.5000008625932436,0.0,0.0,1100.0,189.93589068897205,190.00944717157665,189.93589068897205,optimal,0.5534081649966538,0.4762515742331743,f05,confirmation
hourly_seed_960044,005d596ef41b87850ec37b88028acdbbd5eadfe58ca302e01da3731de756a1e4,960044,0,4,0,perfect_information,3.7217873866084523,0.3738306253450954,9.955811895220588,0.9500008723730183,0.9500007447460367,0.24999899999999664,0.5000008656556809,0.0,0.0,1100.0,189.93589068897205,190.00944717157665,189.93589068897205,optimal,0.5277916979975998,0.5235189627856016,f05,confirmation
hourly_seed_960044,005d596ef41b87850ec37b88028acdbbd5eadfe58ca302e01da3731de756a1e4,960044,0,8,0,perfect_information,3.7217873866084523,0.3738306253450954,9.955811895220588,0.9718518908922685,0.9500004894920734,0.24999899999999503,0.5000008656556809,0.0,0.0,1100.0,189.93589068897205,190.00944717157665,189.93589068897205,optimal,0.7440816322341561,0.7897637221030891,f05,confirmation
hourly_seed_960047,f318f46861a1c0162a152233520c130223a918a184d4e730afd9ab343a8d2427,960047,0,4,0,perfect_information,4.081156285181575,0.4099270183219096,9.955811895220588,0.9749728761299805,0.9500005344451704,0.24999899999999473,0.5000008774854562,0.0,0.0,1100.0,189.93589068897205,190.00944717157665,189.93589068897205,optimal,0.5760241937823594,0.46891134791076183,f05,confirmation
hourly_seed_960047,f318f46861a1c0162a152233520c130223a918a184d4e730afd9ab343a8d2427,960047,0,8,0,perfect_information,3.6754056996540014,0.3691718704949042,9.955811895220588,0.9625005238342558,0.9500004830497164,0.24999900000000844,0.5000008639603193,0.0,0.0,1100.0,189.93589068897205,190.00944717157665,189.93589068897205,optimal,0.9421395929530263,0.7520304010249674,f05,confirmation
hourly_seed_960056,2409c4a2663a5724755397909a60132990524243b620297e58720f17f3a394b8,960056,0,4,0,perfect_information,3.7114543202151196,0.37279273245377903,9.955811895220588,0.9625004940353837,0.9500004880707674,0.24999900000000466,0.500000865281647,0.0,0.0,1100.0,189.93589068897205,190.00944717157665,189.93589068897205,optimal,0.7104303957894444,0.45734456833451986,f05,confirmation
hourly_seed_960056,2409c4a2663a5724755397909a60132990524243b620297e58720f17f3a394b8,960056,0,8,0,perfect_information,3.7114543202151196,0.37279273245377903,9.955811895220588,0.9750003400221149,0.9500004880707674,0.2499990000000103,0.500000865281647,0.0,0.0,1100.0,189.93589068897205,190.00944717157665,189.93589068897205,optimal,0.5037148222327232,0.4491961379535496,f05,confirmation
hourly_seed_960041,4ee763015c68646477e2be6b13fed7a61bd75c3a880131e4fdb7bb2d08452a9d,960041,0,4,0,perfect_information,5.530545957439831,0.5555092859975427,9.955811895220588,0.9750003711699096,0.9500006564530922,0.24999900000000463,0.500000909592832,0.0,0.0,1100.0,189.93589068897205,190.00944717157665,189.93589068897205,optimal,0.958259011618793,0.8060210710391402,f05,confirmation
hourly_seed_960041,4ee763015c68646477e2be6b13fed7a61bd75c3a880131e4fdb7bb2d08452a9d,960041,0,8,0,perfect_information,4.3026535168990145,0.4321750513350455,9.955811895220588,0.9648957006864957,0.9500005584115682,0.24999900000000613,0.5000008837924002,0.0,0.0,1100.0,189.93589068897205,190.00944717157665,189.93589068897205,optimal,0.9779364429414272,0.563544746953994,f05,confirmation
hourly_seed_960039,e3d814e10e755c6d7232356ae2249b4e2630cbb48157114c38ca0ff3438c5ab1,960039,0,4,0,perfect_information,4.541226356543519,0.4561382240180323,9.955811895220588,0.975000343103893,0.9500005816103817,0.24999900000000716,0.5000008898973645,0.0,0.0,1100.0,189.93589068897205,190.00944717157665,189.93589068897205,optimal,0.8792577190324664,0.711124830879271,f05,confirmation
hourly_seed_960039,e3d814e10e755c6d7232356ae2249b4e2630cbb48157114c38ca0ff3438c5ab1,960039,0,8,0,perfect_information,3.918953265973644,0.3936347238395481,9.955811895220588,0.9750003484925508,0.9500005151761624,0.24999900000000175,0.5000008724146509,0.0,0.0,1100.0,189.93589068897205,190.00944717157665,189.93589068897205,optimal,0.8432421982288361,0.8191353022120893,f05,confirmation
hourly_seed_960053,3ef14ca82d41ddad9e7ca4b722674f1d8980af1f2ac24a3011dfea2017142a72,960053,0,4,0,perfect_information,4.466712259527587,0.44865374180802753,9.955811895220588,0.975000340486538,0.9500005746307683,0.24999900000000352,0.5000008880606202,0.0,0.0,1100.0,189.93589068897205,190.00944717157665,189.93589068897205,optimal,0.5634615169838071,0.5748308161273599,f05,confirmation
hourly_seed_960053,3ef14ca82d41ddad9e7ca4b722674f1d8980af1f2ac24a3011dfea2017142a72,960053,0,8,0,perfect_information,4.466712259527587,0.44865374180802753,9.955811895220588,0.9687504654865381,0.9500005746307683,0.24999900000000896,0.5000008880606202,0.0,0.0,1100.0,189.93589068897205,190.00944717157665,189.93589068897205,optimal,0.5291947866789997,0.4837973299436271,f05,confirmation
hourly_seed_960060,71973da35ec7ab3d4d2a20ab348396c4ed8b7fd5f1f7ce943f92225db5ccc089,960060,0,4,0,perfect_information,4.603424134932094,0.4623856078620796,9.955811895220588,0.9750003452237476,0.9500005872633269,0.2499990000000032,0.9500005872633269,0.0,0.0,1100.0,189.93589068897205,190.00944717157665,189.93589068897205,optimal,0.5113588492386043,0.5142119457013905,f05,confirmation
hourly_seed_960060,71973da35ec7ab3d4d2a20ab348396c4ed8b7fd5f1f7ce943f92225db5ccc089,960060,0,8,0,perfect_information,3.6448565174964664,0.36610339325979285,9.955811895220588,0.9687504295188503,0.9500004787169235,0.24999900000001452,1.1998435358474613,0.0,0.0,1100.0,189.93589068897205,190.00944717157665,189.93589068897205,optimal,0.4213744169101119,0.4990302128717303,f05,confirmation
hourly_seed_960043,5b03afae9ac14eb237aae6b5fb5b9b1e4fea17558f3769db0d5ac13c650c9086,960043,0,4,0,perfect_information,3.741003319268849,0.3757607474549378,9.955811895220588,0.9625004960571633,0.9500004921143189,0.2499989999999962,0.500000866345741,0.0,0.0,1100.0,189.93589068897205,190.00944717157665,189.93589068897205,optimal,0.8733924031257629,0.4774325508624315,f05,confirmation
hourly_seed_960043,5b03afae9ac14eb237aae6b5fb5b9b1e4fea17558f3769db0d5ac13c650c9086,960043,0,8,0,perfect_information,3.741003319268849,0.3757607474549378,9.955811895220588,0.9687504345428734,0.9500004921143189,0.2499990000000021,0.500000866345741,0.0,0.0,1100.0,189.93589068897205,190.00944717157665,189.93589068897205,optimal,0.8752155951224267,0.7895352798514068,f05,confirmation
hourly_seed_960061,a2e32563ac21a0594bc91f762ba489348228f6c764f358bab129945ea9b51f66,960061,0,4,0,perfect_information,4.570827040675025,0.4591114304669926,9.955811895220588,0.9625005421599367,0.9500005843198736,0.24999900000007075,0.9500007921599367,0.0,0.0,1100.0,189.93589068897205,190.00944717157665,189.93589068897205,optimal,0.5383053929544985,0.4884357787668705,f05,confirmation
hourly_seed_960061,a2e32563ac21a0594bc91f762ba489348228f6c764f358bab129945ea9b51f66,960061,0,8,0,perfect_information,3.4526251609080494,0.3467949371929702,9.955811895220588,0.9687504186350719,0.9500004496935143,0.2499990000000558,0.9500007248467653,0.0,0.0,1100.0,189.93589068897205,190.00944717157665,189.93589068897205,optimal,0.5518845268525183,0.7517508389428258,f05,confirmation
hourly_seed_960045,d3c7cd1c790004d86a1ba1f1cb7710daee74a5d068f0725674138e1f8598cbd1,960045,0,4,0,perfect_information,3.0910073779593463,0.31047265762857806,9.955811895220588,0.9625004426565147,0.9500003853130292,0.2499990000000005,0.5000008382401163,0.0,2.2453150450019166e-12,1100.0,189.93589068897205,190.00944717157665,189.93589068897205,optimal,0.8560808268375695,0.7980780131183565,f05,confirmation
hourly_seed_960045,d3c7cd1c790004d86a1ba1f1cb7710daee74a5d068f0725674138e1f8598cbd1,960045,0,8,0,perfect_information,3.0910073779593463,0.31047265762857806,9.955811895220588,0.968750394492386,0.9500003853130292,0.24999900000000794,0.5000008382401163,0.0,0.0,1100.0,189.93589068897205,190.00944717157665,189.93589068897205,optimal,0.8279172847978771,0.7866814327426255,f05,confirmation
hourly_seed_960046,e28de864e0c7a4141cd250b065995ffa6d0781ca5ff1aa00616664f7caa67633,960046,0,4,0,perfect_information,5.365020632847164,0.5388832863970351,9.955811895220588,0.9750003671951546,0.9500006458537457,0.24999900000000583,0.5000009068035337,0.0,0.0,1100.0,189.93589068897205,190.00944717157665,189.93589068897205,optimal,0.8147340039722621,0.8422625032253563,f05,confirmation
hourly_seed_960046,e28de864e0c7a4141cd250b065995ffa6d0781ca5ff1aa00616664f7caa67633,960046,0,8,0,perfect_information,4.160568266207149,0.4179034628209963,9.955811895220588,0.9625005502073727,0.9500005433311276,0.24999900000000114,0.5000008798238803,0.0,0.0,1100.0,189.93589068897205,190.00944717157665,189.93589068897205,optimal,0.8173843799158931,0.7681455193087459,f05,confirmation
hourly_seed_960051,09c27c43671e351d913cedd75f3ace9cfe28ad9bfc8d1f20ae781595549ecd21,960051,0,4,0,perfect_information,5.8092085988392705,0.5834992324059531,9.955811895220588,0.975000377349776,0.950000672932736,0.24999899999999933,0.5000009139295778,0.0,0.0,1100.0,189.93589068897205,190.00944717157665,189.93589068897205,optimal,0.9039100287482142,0.8393851346336305,f05,confirmation
hourly_seed_960051,09c27c43671e351d913cedd75f3ace9cfe28ad9bfc8d1f20ae781595549ecd21,960051,0,8,0,perfect_information,3.747947398262573,0.3764582374303217,9.955811895220588,0.9638698485961132,0.9500004930553134,0.2499990000000091,0.5000008665933884,0.0,0.0,1100.0,189.93589068897205,190.00944717157665,189.93589068897205,optimal,0.7816789820790291,0.7328011831268668,f05,confirmation
hourly_seed_960059,36089e26348189858d58e0a1cf081193362289d05462e75013775fa71030401f,960059,0,4,0,perfect_information,4.198531652287237,0.42171665118570534,9.955811895220588,0.9625005237301848,0.9500005474603697,0.249999000000004,1.5980214627608607,0.0,0.0,1100.0,189.93589068897205,190.00944717157665,189.93589068897205,optimal,0.5349282929673791,0.5424748887307942,f05,confirmation
hourly_seed_960059,36089e26348189858d58e0a1cf081193362289d05462e75013775fa71030401f,960059,0,8,0,perfect_information,4.198531652287237,0.42171665118570534,9.955811895220588,0.9502942158040772,0.9500005474603697,0.249999000000001,0.9500007737301849,0.0,0.0,1100.0,189.93589068897205,190.00944717157665,189.93589068897205,optimal,0.7863516407087445,0.7628759569488466,f05,confirmation
hourly_seed_960055,7d7e5eafa3fb2b7180ff2e1a12b8e7ec51a729ca6d983f0d5410e10c73542eca,960055,0,4,0,perfect_information,3.879793314512151,0.3897013478503641,9.955811895220588,0.9750003163560035,0.9500005102826711,0.24999900000000538,0.5000008711268866,0.0,0.0,1100.0,189.93589068897205,190.00944717157665,189.93589068897205,optimal,0.8046367922797799,0.7233154447749257,f05,confirmation
hourly_seed_960055,7d7e5eafa3fb2b7180ff2e1a12b8e7ec51a729ca6d983f0d5410e10c73542eca,960055,0,8,0,perfect_information,3.6631783448949857,0.36794370800170906,9.955811895220588,0.9750003379138102,0.9500004813241835,0.249998999999998,0.5000008635062272,0.0,4.831690603168681e-13,1100.0,189.93589068897205,190.00944717157665,189.93589068897205,optimal,0.7198142833076417,0.7643842967227101,f05,confirmation
hourly_seed_960064,0b489b13b42e7f72e6774584f38918f1ca6965ec7ab66d42eda36e8277d64a5b,960064,0,4,0,perfect_information,4.175244376833578,0.4193775877623759,9.955811895220588,0.9625005224681731,0.9500005449363461,0.2499989999999944,1.3842758824702979,0.0,0.0,1100.0,189.93589068897205,190.00944717157665,189.93589068897205,optimal,0.621548802126199,0.48281468311324716,f05,confirmation
hourly_seed_960064,0b489b13b42e7f72e6774584f38918f1ca6965ec7ab66d42eda36e8277d64a5b,960064,0,8,0,perfect_information,3.787995349507587,0.3804808075297266,9.955811895220588,0.9639314068248032,0.950000498414902,0.2499990000000002,0.9500007492074435,0.0,0.0,1100.0,189.93589068897205,190.00944717157665,189.93589068897205,optimal,0.6401345259509981,0.44428051775321364,f05,confirmation
hourly_seed_960062,4b549084fde8459228ef99d52d5084a35daa34c7551164a01af876421a5b12f9,960062,0,4,0,perfect_information,4.00958462827028,0.40273808610176043,9.955811895220588,0.9625005130674822,0.9500005261349646,0.24999899999999947,1.4149963682853335,0.0,0.0,1100.0,189.93589068897205,190.00944717157665,189.93589068897205,optimal,0.5458728191442788,0.7206338690593839,f05,confirmation
hourly_seed_960062,4b549084fde8459228ef99d52d5084a35daa34c7551164a01af876421a5b12f9,960062,0,8,0,perfect_information,4.00958462827028,0.40273808610176043,9.955811895220588,0.9670972167982245,0.9500005261349646,0.24999900000000427,0.9500007630674823,0.0,0.0,1100.0,189.93589068897205,190.00944717157665,189.93589068897205,optimal,0.8457999140955508,0.6687952717766166,f05,confirmation
hourly_seed_960073,adaa9d89abb47a975dc0fed2aa1f5b439016a3a50633e077a47566e4322d98d5,960073,0,4,0,perfect_information,4.57741309274592,0.4597729588425997,9.955811895220588,0.9625005424589803,0.9500005849179606,0.2499990000000022,0.9500007924589803,0.0,0.0,1100.0,189.93589068897205,190.00944717157665,189.93589068897205,optimal,0.5448337928391993,0.4582489440217614,f05,confirmation
hourly_seed_960073,adaa9d89abb47a975dc0fed2aa1f5b439016a3a50633e077a47566e4322d98d5,960073,0,8,0,perfect_information,2.389325822894534,0.2399930661648559,9.955811895220588,0.9750002514986833,0.9500002047957865,0.24999899999999742,0.9500006023978933,0.0,0.0,1100.0,189.93589068897205,190.00944717157665,189.93589068897205,optimal,0.5075859250500798,0.4666158347390592,f05,confirmation
hourly_seed_960071,eeb9513f87f44ef1d6da8a2747b3ae59fade573313d38015da0e52c830513e2e,960071,0,4,0,perfect_information,3.487019769288717,0.3502496638132249,9.955811895220588,0.9500007275607699,0.95000045512154,0.24999900000000583,0.5000008566107971,0.0,0.0,1100.0,189.93589068897205,190.00944717157665,189.93589068897205,optimal,0.6793044358491898,0.5049915490671992,f05,confirmation
hourly_seed_960071,eeb9513f87f44ef1d6da8a2747b3ae59fade573313d38015da0e52c830513e2e,960071,0,8,0,perfect_information,3.487019769288717,0.3502496638132249,9.955811895220588,0.9687592770625324,0.95000045512154,0.24999900000001324,0.5000008566107971,0.0,0.0,1100.0,189.93589068897205,190.00944717157665,189.93589068897205,optimal,0.5107975150458515,0.4501134338788688,f05,confirmation
hourly_seed_960066,5c87a9a9ff778320f292fbd21660f06aa730147642bd18d2bf2051340349ea34,960066,0,4,0,perfect_information,5.48535076354883,0.55096970706951,9.955811895220588,0.9712526682826439,0.9500006536225222,0.2499990000000015,0.9500008268112611,0.0,0.0,1100.0,189.93589068897205,190.00944717157665,189.93589068897205,optimal,0.9485053918324411,0.7557809539139271,f05,confirmation
hourly_seed_960066,5c87a9a9ff778320f292fbd21660f06aa730147642bd18d2bf2051340349ea34,960066,0,8,0,perfect_information,3.5155621971647215,0.35311657493774173,9.955811895220588,0.9625005135510875,0.9500004595453427,0.2499990000000443,0.9500007297726714,0.0,0.0,1100.0,189.93589068897205,190.00944717157665,189.93589068897205,optimal,0.5714615159668028,0.518487901892513,f05,confirmation
hourly_seed_960054,298eeeb864ad3f00579ffd16f459067d0c079584f21d962ed4aa26535b034c02,960054,0,4,0,perfect_information,2.889470851589953,0.2902295545556741,9.955811895220588,0.9625004212197341,0.9500003424394582,0.24999899999999842,0.5000008269575905,0.0,0.0,1100.0,189.93589068897205,190.00944717157665,189.93589068897205,optimal,0.7760522868484259,0.7675830060616136,f05,confirmation
hourly_seed_960054,298eeeb864ad3f00579ffd16f459067d0c079584f21d962ed4aa26535b034c02,960054,0,8,0,perfect_information,2.889470851589953,0.2902295545556741,9.955811895220588,0.9603549485534261,0.9500003424394582,0.24999899999999842,0.5000008269575905,0.0,0.0,1100.0,189.93589068897205,190.00944717157665,189.93589068897205,optimal,0.8858807990327477,0.7544203661382198,f05,confirmation
hourly_seed_960058,82128d945414bc5856c02c5380038c364fafb3987ed43a930f93b9514476f901,960058,0,4,0,perfect_information,5.471358042085537,0.5495642243614638,9.955811895220588,0.9625005763683396,0.9500006527366793,0.24999899999999783,0.5000009086148252,0.0,0.0,1100.0,189.93589068897205,190.00944717157665,189.93589068897205,optimal,0.7834545527584851,0.770079530775547,f05,confirmation
hourly_seed_960058,82128d945414bc5856c02c5380038c364fafb3987ed43a930f93b9514476f901,960058,0,8,0,perfect_information,4.23161715972916,0.42503988667771037,9.955811895220588,0.9625005535618945,0.9500005509986157,0.24999899999999597,0.5000008818416398,0.0,0.0,1100.0,189.93589068897205,190.00944717157665,189.93589068897205,optimal,0.7862272700294852,0.8473225240595639,f05,confirmation
hourly_seed_960065,40b9f14be6a3940c12bc890086531af0903572c8c10d29c4dfb12c1c9fca9f3c,960065,0,4,0,perfect_information,4.740344141156533,0.4761383793753872,9.955811895220588,0.9625005495924025,0.9500005991848048,0.24999900000000314,0.5000008945222032,0.0,0.0,1100.0,189.93589068897205,190.00944717157665,189.93589068897205,optimal,0.7959997397847474,0.7392406519502401,f05,confirmation
hourly_seed_960065,40b9f14be6a3940c12bc890086531af0903572c8c10d29c4dfb12c1c9fca9f3c,960065,0,8,0,perfect_information,3.6841067087534,0.37004583328075946,9.955811895220588,0.9687504316014933,0.9500004842706489,0.24999900000001576,0.5364553119235078,0.0,0.0,1100.0,189.93589068897205,190.00944717157665,189.93589068897205,optimal,0.7886257539503276,0.7372230202890933,f05,confirmation
hourly_seed_960057,5f0aa14b421918ab44293e34432183b5664a20cb86c427650176f3a96fed6edb,960057,0,4,0,perfect_information,4.5365836658748195,0.4556718943286447,9.955811895220588,0.962500540591103,0.9500005811822062,0.2499990000000082,0.5000008897846904,0.0,0.0,1100.0,189.93589068897205,190.00944717157665,189.93589068897205,optimal,0.8582592508755624,0.7911700899712741,f05,confirmation
hourly_seed_960057,5f0aa14b421918ab44293e34432183b5664a20cb86c427650176f3a96fed6edb,960057,0,8,0,perfect_information,4.5365836658748195,0.4556718943286447,9.955811895220588,0.9689577464228626,0.9500005811822062,0.2499989999999953,0.5000008897846904,0.0,1.7053025658242404e-12,1100.0,189.93589068897205,190.00944717157665,189.93589068897205,optimal,0.7989419279620051,0.9152468899264932,f05,confirmation
hourly_seed_960080,e367eb3aaaf6e2d773c919a8f929c6c8ac6163fbd362172f0ae2f8fa4a55585b,960080,0,4,0,perfect_information,5.2181108741906606,0.5241271057657969,9.955811895220588,0.9750003634561908,0.9500006358831754,0.24999900000000197,0.5000009041796811,0.0,0.0,1100.0,189.93589068897205,190.00944717157665,189.93589068897205,optimal,0.5349175133742392,0.4908556127920747,f05,confirmation
hourly_seed_960080,e367eb3aaaf6e2d773c919a8f929c6c8ac6163fbd362172f0ae2f8fa4a55585b,960080,0,8,0,perfect_information,4.2653663301124585,0.4284297830255412,9.955811895220588,0.9687504579567308,0.9500005545512824,0.24999900000000405,0.5000008827765324,0.0,0.0,1100.0,189.93589068897205,190.00944717157665,189.93589068897205,optimal,0.5316113331355155,0.4627677006646991,f05,confirmation
hourly_seed_960081,f8f8c5109452a09130b621d6e4171f2887dd6b56b8db9ed83ace7571480506c8,960081,0,4,0,perfect_information,4.112009727074389,0.4130260565738903,9.955811895220588,0.9750003267268812,0.9500005379383453,0.249999000000003,0.5000008784047141,0.0,0.0,1100.0,189.93589068897205,190.00944717157665,189.93589068897205,optimal,0.4493247987702489,0.4464048407971859,f05,confirmation
hourly_seed_960081,f8f8c5109452a09130b621d6e4171f2887dd6b56b8db9ed83ace7571480506c8,960081,0,8,0,perfect_information,4.112009727074389,0.4130260565738903,9.955811895220588,0.958577682656663,0.9500005379383453,0.24999899999999686,0.5000008784047141,0.0,0.0,1100.0,189.93589068897205,190.00944717157665,189.93589068897205,optimal,0.4496092898771167,0.48837224720045924,f05,confirmation
hourly_seed_960075,417e4332b50c07327e7674c7bcf275ab69adadf9c9b8b2a8833775a631bee9ee,960075,0,4,0,perfect_information,4.082859578150366,0.41009810361226223,9.955811895220588,0.9625005173197025,0.9500005346394051,0.2499990000000003,0.5000008775365642,0.0,0.0,1100.0,189.93589068897205,190.00944717157665,189.93589068897205,optimal,0.8168757073581219,0.4459263780154288,f05,confirmation
hourly_seed_960075,417e4332b50c07327e7674c7bcf275ab69adadf9c9b8b2a8833775a631bee9ee,960075,0,8,0,perfect_information,4.082859578150366,0.41009810361226223,9.955811895220588,0.9625005464047397,0.9500005346394051,0.2499990000000016,0.5000008775365642,0.0,0.0,1100.0,189.93589068897205,190.00944717157665,189.93589068897205,optimal,0.5480185528285801,0.4676644108258188,f05,confirmation
hourly_seed_960063,56fb9a96dcec9fd161abfd39cf4c453503f612cd6d32407f6dd1af442bc23ccf,960063,0,4,0,perfect_information,4.932800798180937,0.4954694654836729,9.955811895220588,0.9625005574114442,0.9500006148228887,0.24999900000000558,0.5000008986375026,0.0,8.526512829121202e-14,1100.0,189.93589068897205,190.00944717157665,189.93589068897205,optimal,0.7519427202641964,0.8298611366190016,f05,confirmation
hourly_seed_960063,56fb9a96dcec9fd161abfd39cf4c453503f612cd6d32407f6dd1af442bc23ccf,960063,0,8,0,perfect_information,4.164496534754477,0.41829803320748715,9.955811895220588,0.9625005503958338,0.9500005437619059,0.24999900000000116,0.5000008799372213,0.0,0.0,1100.0,189.93589068897205,190.00944717157665,189.93589068897205,optimal,0.9303324911743402,0.9128501950763166,f05,confirmation
hourly_seed_960072,12ea97ecf400905bddbaa07c677473b738bc5ec9ba2e4a6a0c04193982d60229,960072,0,4,0,perfect_information,4.189790127601781,0.42083861885871326,9.955811895220588,0.9750003299435739,0.9500005465161968,0.24999900000000663,0.5000008806620309,0.0,0.0,1100.0,189.93589068897205,190.00944717157665,189.93589068897205,optimal,0.5693250028416514,0.7516443887725472,f05,confirmation
hourly_seed_960072,12ea97ecf400905bddbaa07c677473b738bc5ec9ba2e4a6a0c04193982d60229,960072,0,8,0,perfect_information,4.189790127601781,0.42083861885871326,9.955811895220588,0.9687504549435739,0.9500005465161968,0.249998999999999,0.5000008806620309,0.0,0.0,1100.0,189.93589068897205,190.00944717157665,189.93589068897205,optimal,0.8714877320453525,0.4725910313427448,f05,confirmation
hourly_seed_960069,1262acd79531bfaea0cd614a75f8b5a7b4eee0a37cf14b7a3ccf96160da035af,960069,0,4,0,perfect_information,3.6346808422432146,0.3650813093393306,9.955811895220588,0.9500008039715819,0.9500007386287759,0.24999900000001565,0.5000008624360709,0.0,1.1084466677857563e-12,1100.0,189.93589068897205,190.00944717157665,189.93589068897205,optimal,0.7703329129144549,0.45284750079736114,f05,confirmation
hourly_seed_960069,1262acd79531bfaea0cd614a75f8b5a7b4eee0a37cf14b7a3ccf96160da035af,960069,0,8,0,perfect_information,3.6346808422432146,0.3650813093393306,9.955811895220588,0.950000836642985,0.9500007386287759,0.24999900000014735,0.5000008624360709,0.0,0.0,1100.0,189.93589068897205,190.00944717157665,189.93589068897205,optimal,0.7879939810372889,0.7681282497942448,f05,confirmation
hourly_seed_960076,4eaf9cff4b6a4d002da7cfa5e51aa5f5567bfa7f0749400ba9f425eee32ed625,960076,0,4,0,perfect_information,4.670004753303706,0.4690732209942215,9.955811895220588,0.9750003474303985,0.9500005931477334,0.2499989999999982,0.5000008929335045,0.0,0.0,1100.0,189.93589068897205,190.00944717157665,189.93589068897205,optimal,0.5466721248812973,0.5154555328190327,f05,confirmation
hourly_seed_960076,4eaf9cff4b6a4d002da7cfa5e51aa5f5567bfa7f0749400ba9f425eee32ed625,960076,0,8,0,perfect_information,3.9353611814230054,0.3952827979114616,9.955811895220588,0.9687504439490849,0.9500005171975503,0.24999900000000924,0.5000008729465965,0.0,0.0,1100.0,189.93589068897205,190.00944717157665,189.93589068897205,optimal,0.8504191329702735,0.7239844193682075,f05,confirmation
hourly_seed_960078,067ecce1e0453f92385c47d8c780b7a25a460b7a9adc46c1fd6e755e52f9a672,960078,0,4,0,perfect_information,3.756181318325774,0.3772852839986838,9.955811895220588,0.9500006838541258,0.9500004941666014,0.24999906655671744,0.5000008668857987,0.0,0.0,1100.0,189.93589068897205,190.00944717157665,189.93589068897205,optimal,0.4967488287948072,0.6028203382156789,f05,confirmation
hourly_seed_960078,067ecce1e0453f92385c47d8c780b7a25a460b7a9adc46c1fd6e755e52f9a672,960078,0,8,0,perfect_information,3.4490912722422724,0.34643997983710917,9.955811895220588,0.9660750596452911,0.9500004491296783,0.24999900000000988,0.5000008550339983,0.0,0.0,1100.0,189.93589068897205,190.00944717157665,189.93589068897205,optimal,0.5621466399170458,0.6782464389689267,f05,confirmation
hourly_seed_960077,d65c28e0bc4881e569154dd99a485f28e0370ecc357431fb9231b98654126f4d,960077,0,4,0,perfect_information,5.0262967517160195,0.5048605582965018,9.955811895220588,0.9625005609938533,0.9500006219877067,0.24999900000005604,0.9500006219877067,0.0,0.0,1100.0,189.93589068897205,190.00944717157665,189.93589068897205,optimal,0.574483404867351,0.5080140167847276,f05,confirmation
hourly_seed_960077,d65c28e0bc4881e569154dd99a485f28e0370ecc357431fb9231b98654126f4d,960077,0,8,0,perfect_information,3.9133917512978056,0.3930761039364834,9.955811895220588,0.9687504429326832,0.9500005144871552,0.2499990000000018,0.9500007572435776,0.0,0.0,1100.0,189.93589068897205,190.00944717157665,189.93589068897205,optimal,0.9106838507577777,0.770056570880115,f05,confirmation
hourly_seed_960083,f009856d307e3c7a0f85f979f0a74eb60029c3b836906072f6f559a478da88cd,960083,0,4,0,perfect_information,4.255333303920705,0.4274220273249167,9.955811895220588,0.9628295396892975,0.9500005535010109,0.24999900000000708,0.5000008825001455,0.0,0.0,1100.0,189.93589068897205,190.00944717157665,189.93589068897205,optimal,0.5003642407245934,0.4935762891545892,f05,confirmation
hourly_seed_960083,f009856d307e3c7a0f85f979f0a74eb60029c3b836906072f6f559a478da88cd,960083,0,8,0,perfect_information,4.255333303920705,0.4274220273249167,9.955811895220588,0.962500554656693,0.9500005535010109,0.24999900000000091,0.5000008825001455,0.0,0.0,1100.0,189.93589068897205,190.00944717157665,189.93589068897205,optimal,0.5218101730570197,0.542044335976243,f05,confirmation
hourly_seed_960067,601711e4fe3a2c8b5c0d94baa149ea3d9f2ad81a022197ed446793328fdb10fd,960067,0,4,0,perfect_information,3.611167988154511,0.36271958793115583,9.955811895220588,0.9750003026952117,0.9500004738538976,0.2499990000000182,0.5000008615403769,0.0,0.0,1100.0,189.93589068897205,190.00944717157665,189.93589068897205,optimal,0.7927516391500831,0.7591297440230846,f05,confirmation
hourly_seed_960067,601711e4fe3a2c8b5c0d94baa149ea3d9f2ad81a022197ed446793328fdb10fd,960067,0,8,0,perfect_information,3.611167988154511,0.36271958793115583,9.955811895220588,0.9625005198110802,0.9500004738538976,0.2499989999999984,0.5000008615403769,0.0,0.0,1100.0,189.93589068897205,190.00944717157665,189.93589068897205,optimal,0.9292741548269987,0.9085092782042921,f05,confirmation
hourly_seed_960068,1401a99a445744ac765fbb13a4e8901d8ab1aabcbf2ddd96d05d2e6adc31a3a0,960068,0,4,0,perfect_information,5.391354222920407,0.5415283333656188,9.955811895220588,0.975000367843828,0.9500006475835415,0.2499990000000185,0.5000009072587398,0.0,0.0,1100.0,189.93589068897205,190.00944717157665,189.93589068897205,optimal,0.847933148033917,0.7846713499166071,f05,confirmation
hourly_seed_960068,1401a99a445744ac765fbb13a4e8901d8ab1aabcbf2ddd96d05d2e6adc31a3a0,960068,0,8,0,perfect_information,3.9751027752496224,0.39927459629464473,9.955811895220588,0.9687504457591661,0.9500005220244433,0.24999900000000855,0.5000008742168398,0.0,0.0,1100.0,189.93589068897205,190.00944717157665,189.93589068897205,optimal,0.8934819460846484,0.74728445103392,f05,confirmation
hourly_seed_960079,518071cb84877ef21c44e0c4abe5795281bb405e714e4921aa963c39e2330a30,960079,0,4,0,perfect_information,3.8476539129106286,0.38647314286419404,9.955811895220588,0.9750003148220313,0.9500005061920835,0.24999900000000025,0.5000008700504323,0.0,0.0,1100.0,189.93589068897205,190.00944717157665,189.93589068897205,optimal,0.7352275471203029,0.5309833092615008,f05,confirmation
hourly_seed_960079,518071cb84877ef21c44e0c4abe5795281bb405e714e4921aa963c39e2330a30,960079,0,8,0,perfect_information,3.068466034535304,0.3082085184844,9.955811895220588,0.9687503927990451,0.9500003807974415,0.24999899999999609,0.5000008370517876,0.0,0.0,1100.0,189.93589068897205,190.00944717157665,189.93589068897205,optimal,0.6083965529687703,0.4871041509322822,f05,confirmation
hourly_seed_960088,97fdf3796f9281fa0be29f5d60bf8117bd6e773b5345d5aa1df4dc6da0c088fa,960088,0,4,0,perfect_information,3.065933734784275,0.3079541645675442,9.955811895220588,0.9625004401430157,0.9500003802860314,0.2499989999999969,0.5000008369172166,0.0,1.1368683772161603e-13,1100.0,189.93589068897205,190.00944717157665,189.93589068897205,optimal,0.47374985832720995,0.5384259540587664,f05,confirmation
hourly_seed_960088,97fdf3796f9281fa0be29f5d60bf8117bd6e773b5345d5aa1df4dc6da0c088fa,960088,0,8,0,perfect_information,3.065933734784275,0.3079541645675442,9.955811895220588,0.9625004788751388,0.9500003802860314,0.24999899999999584,0.5000008369172166,0.0,0.0,1100.0,189.93589068897205,190.00944717157665,189.93589068897205,optimal,0.5212849481031299,0.4911996661685407,f05,confirmation
hourly_seed_960087,56197cd16c6ca21178f91b46b666ce04b903c1a6283b18223980f37d9d0888aa,960087,0,4,0,perfect_information,4.597411181714935,0.461781643737361,9.955811895220588,0.9625005433617544,0.9500005867235087,0.24999900000000277,1.30766771162285,0.0,4.263256414560601e-13,1100.0,189.93589068897205,190.00944717157665,189.93589068897205,optimal,0.6671191807836294,0.5359472488053143,f05,confirmation
hourly_seed_960087,56197cd16c6ca21178f91b46b666ce04b903c1a6283b18223980f37d9d0888aa,960087,0,8,0,perfect_information,3.3724872122633704,0.33874557371683317,9.955811895220588,0.9750003239428084,0.9500004366170003,0.24999899999999867,1.4375758626597293,0.0,0.0,1100.0,189.93589068897205,190.00944717157665,189.93589068897205,optimal,0.47187316697090864,0.5203882930800319,f05,confirmation
hourly_seed_960085,0b5b7d51fb01311976a1d6d55297d2c49dbd3e86dfdad5df6321d50e5bb1fdd8,960085,0,4,0,perfect_information,4.3457228018288365,0.43650109579863144,9.955811895220588,0.9750003360455136,0.9500005627880319,0.24999900000000103,0.5000008849441079,0.0,0.0,1100.0,189.93589068897205,190.00944717157665,189.93589068897205,optimal,0.6819442319683731,0.630124774761498,f05,confirmation
hourly_seed_960085,0b5b7d51fb01311976a1d6d55297d2c49dbd3e86dfdad5df6321d50e5bb1fdd8,960085,0,8,0,perfect_information,4.3457228018288365,0.43650109579863144,9.955811895220588,0.9500008633712641,0.9500007813940226,0.2499990000000038,0.5744717001961293,0.0,0.0,1100.0,189.93589068897205,190.00944717157665,189.93589068897205,optimal,0.581981040071696,0.4920943002216518,f05,confirmation
hourly_seed_960070,dbb093dce3423b37b67ee5b4b167213b3a16a007ddcc3e0018551e3dc45b80e2,960070,0,4,0,perfect_information,5.797602912694242,0.582333512696986,9.955811895220588,0.9750003771042538,0.9500006722780103,0.24999899999999733,1.0431731766139014,0.0,1.4210854715202004e-13,1100.0,189.93589068897205,190.00944717157665,189.93589068897205,optimal,0.9484042231924832,0.875638407189399,f05,confirmation
hourly_seed_960070,dbb093dce3423b37b67ee5b4b167213b3a16a007ddcc3e0018551e3dc45b80e2,960070,0,8,0,perfect_information,4.675710008605024,0.46964627875800435,9.955811895220588,0.9625005722193298,0.9500005936441827,0.24999899999999725,1.0655291725183287,0.0,0.0,1100.0,189.93589068897205,190.00944717157665,189.93589068897205,optimal,0.7504135211929679,0.7979826629161835,f05,confirmation
hourly_seed_960074,fa591adb8d404fcd9d5d64fc8c392db43c5236866aeafdc45bedde6de5e24f42,960074,0,4,0,perfect_information,3.9753834626654805,0.3993027896171796,9.955811895220588,0.9625005110290956,0.9500005220581914,0.24999900000000622,0.5000008742257215,0.0,0.0,1100.0,189.93589068897205,190.00944717157665,189.93589068897205,optimal,0.8420583019033074,0.8372092819772661,f05,confirmation
hourly_seed_960074,fa591adb8d404fcd9d5d64fc8c392db43c5236866aeafdc45bedde6de5e24f42,960074,0,8,0,perfect_information,3.5835743625051233,0.3599479781478659,9.955811895220588,0.9625005180386109,0.9500004698025416,0.24999900000000275,0.500000860474237,0.0,0.0,1100.0,189.93589068897205,190.00944717157665,189.93589068897205,optimal,0.7590965339913964,0.8092296100221574,f05,confirmation
hourly_seed_960082,f8149a5949c7cabede7953f90d0badbb67d2042729e886fd07cad0b073c22ee9,960082,0,4,0,perfect_information,3.7426109440395128,0.37592222346388443,9.955811895220588,0.9750003096246853,0.9500004923324945,0.2499990000000512,1.0405615476575096,0.0,0.0,1100.0,189.93589068897205,190.00944717157665,189.93589068897205,optimal,0.7023874670267105,0.4552111648954451,f05,confirmation
hourly_seed_960082,f8149a5949c7cabede7953f90d0badbb67d2042729e886fd07cad0b073c22ee9,960082,0,8,0,perfect_information,3.066161864821522,0.30797707882502995,9.955811895220588,0.9687503926245523,0.9500003803321397,0.24999900000000852,1.6185540737060313,0.0,0.0,1100.0,189.93589068897205,190.00944717157665,189.93589068897205,optimal,0.9248286881484091,0.5570569578558207,f05,confirmation
hourly_seed_960084,7c5c43df5856350358d828ca8c8a14f33f9e5f0f45dc72829559b1d523933124,960084,0,4,0,perfect_information,4.058368335675464,0.4076381091153133,9.955811895220588,0.9633281758687827,0.9500005318310558,0.24999900000000563,0.5000008767975443,0.0,0.0,1100.0,189.93589068897205,190.00944717157665,189.93589068897205,optimal,0.5204240437597036,0.5046073170378804,f05,confirmation
hourly_seed_960084,7c5c43df5856350358d828ca8c8a14f33f9e5f0f45dc72829559b1d523933124,960084,0,8,0,perfect_information,3.6594346222715455,0.3675676741168948,9.955811895220588,0.9687504302975892,0.950000480793561,0.2499990000000045,0.5000008633666111,0.0,0.0,1100.0,189.93589068897205,190.00944717157665,189.93589068897205,optimal,0.8055562591180205,0.4873589212074876,f05,confirmation
hourly_seed_960095,5ad6215fa5d7f0c8577c8ee8b8a322e53cb15c4acfac35b99982922bb6f0b0c9,960095,0,4,0,perfect_information,4.621283280353938,0.4641794490484943,9.955811895220588,0.9724927506946379,0.9500005888583654,0.24999899999999628,0.5000008918047235,0.0,0.0,1100.0,189.93589068897205,190.00944717157665,189.93589068897205,optimal,0.5879634767770767,0.5201238822191954,f05,confirmation
hourly_seed_960095,5ad6215fa5d7f0c8577c8ee8b8a322e53cb15c4acfac35b99982922bb6f0b0c9,960095,0,8,0,perfect_information,4.314047725960456,0.4333195294731782,9.955811895220588,0.9687504598417057,0.9500005595778861,0.2499990000000038,0.5000008840993266,0.0,1.2505552149377763e-12,1100.0,189.93589068897205,190.00944717157665,189.93589068897205,optimal,0.570842572953552,0.4845790541730821,f05,confirmation
hourly_seed_960098,67f41010e6da1c486580daae1aa912b0f9affcc4d4930b4693bc294fb8ecb16f,960098,0,4,0,perfect_information,3.755691075328064,0.3772360421083317,9.955811895220588,0.975000310287715,0.9500004941005732,0.2499989999999976,0.5000008668684499,0.0,0.0,1100.0,189.93589068897205,190.00944717157665,189.93589068897205,optimal,0.6400970569811761,0.6154621751047671,f05,confirmation
hourly_seed_960098,67f41010e6da1c486580daae1aa912b0f9affcc4d4930b4693bc294fb8ecb16f,960098,0,8,0,perfect_information,3.755691075328064,0.3772360421083317,9.955811895220588,0.9500007786690008,0.9500004941005732,0.24999900000006192,0.5000008668684499,0.0,1.5916157281026244e-12,1100.0,189.93589068897205,190.00944717157665,189.93589068897205,optimal,0.5594025617465377,0.47462837398052216,f05,confirmation
hourly_seed_960093,69c50e11d2c1bd0a25679abfe59f07a84ea5e9ef43e5be2a79a12e6bcbf566cc,960093,0,4,0,perfect_information,5.772072607579481,0.5797691507560961,9.955811895220588,0.9750003765606745,0.9500006708284617,0.24999900000000408,0.5000009133758262,0.0,2.3590018827235326e-12,1100.0,189.93589068897205,190.00944717157665,189.93589068897205,optimal,0.55444161221385,0.5137952542863786,f05,confirmation
hourly_seed_960093,69c50e11d2c1bd0a25679abfe59f07a84ea5e9ef43e5be2a79a12e6bcbf566cc,960093,0,8,0,perfect_information,4.3960316649527575,0.44155431131268436,9.955811895220588,0.9625005609088085,0.950000567791553,0.24999899999999833,0.5000008862608198,0.0,0.0,1100.0,189.93589068897205,190.00944717157665,189.93589068897205,optimal,0.5710476241074502,0.807060697581619,f05,confirmation
hourly_seed_960099,334fefb01fee140767c0ef179a854f7ffb6c372bb0af72491af980f21d13cf9c,960099,0,4,0,perfect_information,5.63605594029919,0.5661071140772406,9.955811895220588,0.962500581442237,0.9500006628844742,0.24999899999999442,0.5000009112853051,0.0,0.0,1100.0,189.93589068897205,190.00944717157665,189.93589068897205,optimal,0.4664201526902616,0.46061178809031844,f05,confirmation
hourly_seed_960099,334fefb01fee140767c0ef179a854f7ffb6c372bb0af72491af980f21d13cf9c,960099,0,8,0,perfect_information,3.8399785883012045,0.38570220376950215,9.955811895220588,0.9743781444108387,0.9500005052050486,0.24999899999999903,0.500000869790688,0.0,0.0,1100.0,189.93589068897205,190.00944717157665,189.93589068897205,optimal,0.5806811922229826,1.0184505307115614,f05,confirmation
hourly_seed_960096,f401ae804210235365eead1f13c9d59fb283efd8e3971d84029ad5dc8e842440,960096,0,4,0,perfect_information,4.731534095831787,0.47525346457210776,9.955811895220588,0.9625005492192464,0.9500005984384929,0.2499989999999986,0.5000008943258086,0.0,0.0,1100.0,189.93589068897205,190.00944717157665,189.93589068897205,optimal,0.8869375269860029,0.5315034608356655,f05,confirmation
hourly_seed_960096,f401ae804210235365eead1f13c9d59fb283efd8e3971d84029ad5dc8e842440,960096,0,8,0,perfect_information,4.45092805411028,0.44706831556821636,9.955811895220588,0.9625005632410031,0.9500005731222929,0.2499989999999992,0.5000008876636648,0.0,0.0,1100.0,189.93589068897205,190.00944717157665,189.93589068897205,optimal,0.552591941319406,0.4685456156730652,f05,confirmation
hourly_seed_960007,49f28be31a073f32d4398d95142a037bad931f71bf958e619f945c084dc3368b,960007,0,4,0,perfect_information,9.16751890401093,0.4604104115512624,19.911623790441176,0.9750004222798712,0.9500007927463211,0.24999899999999947,0.9500008963731635,0.0,6.252776074688882e-13,1100.0,193.4389798490304,193.58609281423966,193.4389798490304,optimal,0.5675168321467936,0.5007332931272686,f10,confirmation
hourly_seed_960007,49f28be31a073f32d4398d95142a037bad931f71bf958e619f945c084dc3368b,960007,0,8,0,perfect_information,7.116553412333718,0.3574069843439945,19.911623790441176,0.9626160163102275,0.9500007330165448,0.24999900000001304,1.4383212790940396,0.0,0.0,1100.0,193.4389798490304,193.58609281423966,193.4389798490304,optimal,0.4980527670122683,0.514439688064158,f10,confirmation
hourly_seed_960091,864b1b729c46a88fd86c46f70bdf064286e2adc1930027f5bd44f5199c0ab0f2,960091,0,4,0,perfect_information,5.480250024841696,0.5504573692751827,9.955811895220588,0.9625005766500658,0.9500006533001317,0.24999900000003938,0.5000009087630976,0.0,1.9610979506978765e-12,1100.0,189.93589068897205,190.00944717157665,189.93589068897205,optimal,0.8553706430830061,0.46352730598300695,f05,confirmation
hourly_seed_960091,864b1b729c46a88fd86c46f70bdf064286e2adc1930027f5bd44f5199c0ab0f2,960091,0,8,0,perfect_information,4.05321401502198,0.4071203893444166,9.955811895220588,0.968750449213385,0.9500005312357029,0.249999000000005,0.5000008766408458,0.0,0.0,1100.0,189.93589068897205,190.00944717157665,189.93589068897205,optimal,0.7212442327290773,0.8307801522314548,f05,confirmation
hourly_seed_960010,5de666a82dde3e015e9bc041701b2c6e7fc0d0b633dea7cc8d37cb12977773b9,960010,0,4,0,perfect_information,9.753669109289197,0.48984800094362807,19.911623790441176,0.9750004269504915,0.9500008052013104,0.24999900000000283,0.5000009487371408,0.0,3.126388037344441e-12,1100.0,193.4389798490304,193.58609281423966,193.4389798490304,optimal,0.49837154895067215,0.463692266959697,f10,confirmation
hourly_seed_960010,5de666a82dde3e015e9bc041701b2c6e7fc0d0b633dea7cc8d37cb12977773b9,960010,0,8,0,perfect_information,6.921850747783793,0.3476286424769995,19.911623790441176,0.9687505220649958,0.9500007255066555,0.24999900000000352,0.5000009277648414,0.0,1.5916157281026244e-12,1100.0,193.4389798490304,193.58609281423966,193.4389798490304,optimal,0.4775600219145417,0.47917916206642985,f10,confirmation
hourly_seed_960011,6a40c52aa888d16f020b1155506e0450b4a3250b2bf24eabc5a372029c29ec4f,960011,0,4,0,perfect_information,8.757500955118513,0.4398185224513262,19.911623790441176,0.9625006415214529,0.9500007830429056,0.24999900000000164,0.500000942905977,0.0,2.2737367544323206e-13,1100.0,193.4389798490304,193.58609281423966,193.4389798490304,optimal,0.5041681439615786,0.5127242272719741,f10,confirmation
hourly_seed_960011,6a40c52aa888d16f020b1155506e0450b4a3250b2bf24eabc5a372029c29ec4f,960011,0,8,0,perfect_information,8.234614409584974,0.41355815559040965,19.911623790441176,0.9687505384749112,0.9500007692664253,0.24999900000000178,0.5000009392805819,0.0,3.183231456205249e-12,1100.0,193.4389798490304,193.58609281423966,193.4389798490304,optimal,0.4984799390658736,0.4718520874157548,f10,confirmation
hourly_seed_960089,9eb8d2b61308abec1824b0a38ea822b43181f2630975c0ca072295bad93f61da,960089,0,4,0,perfect_information,5.054920644416022,0.5077356520609534,9.955811895220588,0.9750003590480868,0.9500006241282316,0.24999899999999767,0.5000009010862727,0.0,5.684341886080802e-14,1100.0,189.93589068897205,190.00944717157665,189.93589068897205,optimal,0.947983839083463,0.7360176928341389,f05,confirmation
hourly_seed_960089,9eb8d2b61308abec1824b0a38ea822b43181f2630975c0ca072295bad93f61da,960089,0,8,0,perfect_information,4.837301252178219,0.4858771241449857,9.955811895220588,0.9677326604132828,0.9500006072185875,0.24999900000000244,0.5000008966363756,0.0,0.0,1100.0,189.93589068897205,190.00944717157665,189.93589068897205,optimal,0.7473455718718469,0.9225062048062682,f05,confirmation
hourly_seed_960086,cae140b027955cd367f335d47cee455ec383253caddc0d777ed9cf56c859ae99,960086,0,4,0,perfect_information,3.693517544800706,0.37099109381263273,9.955811895220588,0.9750003070942599,0.950000485584693,0.24999900000000888,0.5000008646274274,0.0,0.0,1100.0,189.93589068897205,190.00944717157665,189.93589068897205,optimal,0.7274830513633788,0.9433563919737935,f05,confirmation
hourly_seed_960086,cae140b027955cd367f335d47cee455ec383253caddc0d777ed9cf56c859ae99,960086,0,8,0,perfect_information,2.7855709134061017,0.2797934455494634,9.955811895220588,0.9687503692173381,0.9500003179128882,0.24999900000000047,0.5000008205032211,0.0,0.0,1100.0,189.93589068897205,190.00944717157665,189.93589068897205,optimal,0.9200478089042008,0.9565201117657125,f05,confirmation
hourly_seed_960092,3dcd5bb59e75c84e7667badf06361ae7830496eaea64d101ab7966903f8ed7b7,960092,0,4,0,perfect_information,4.311410296437241,0.43305461591806366,9.955811895220588,0.9625005296542394,0.9500005593084788,0.2499990000000025,0.5000008840284246,0.0,0.0,1100.0,189.93589068897205,190.00944717157665,189.93589068897205,optimal,0.9167186082340777,0.828047985676676,f05,confirmation
hourly_seed_960092,3dcd5bb59e75c84e7667badf06361ae7830496eaea64d101ab7966903f8ed7b7,960092,0,8,0,perfect_information,3.733484194647516,0.3750054976872174,9.955811895220588,0.9637884817017273,0.9500004910914677,0.2499990000000011,0.5000008660765602,0.0,0.0,1100.0,189.93589068897205,190.00944717157665,189.93589068897205,optimal,0.8766498137265444,0.7331594349816442,f05,confirmation
hourly_seed_960094,befa3186d2c684aa0356c0012b635fb80906e2551743fd7153b6c682412dbf2d,960094,0,4,0,perfect_information,4.5397173752559095,0.4559866561395417,9.955811895220588,0.9625005407356555,0.9500005814713108,0.24999900000000183,0.5000008898607528,0.0,0.0,1100.0,189.93589068897205,190.00944717157665,189.93589068897205,optimal,0.8754316358827055,0.874592550098896,f05,confirmation
hourly_seed_960094,befa3186d2c684aa0356c0012b635fb80906e2551743fd7153b6c682412dbf2d,960094,0,8,0,perfect_information,3.5143104131447527,0.3529908409410428,9.955811895220588,0.968750422257313,0.9500004593528348,0.2499990000000169,0.5000008577243013,0.0,0.0,1100.0,189.93589068897205,190.00944717157665,189.93589068897205,optimal,0.7494873548857868,0.7547879382036626,f05,confirmation
hourly_seed_960008,3817c5d9fca7f71a90958cdfd534940186573d28b6485264649b0320c0c2b742,960008,0,4,0,perfect_information,7.445348341883203,0.3739196973708109,19.911623790441176,0.9750004043025655,0.9500007448068412,0.2499989999999972,0.5000009328438457,0.0,1.7053025658242404e-12,1100.0,193.4389798490304,193.58609281423966,193.4389798490304,optimal,0.6533019067719579,0.4939876920543611,f10,confirmation
hourly_seed_960008,3817c5d9fca7f71a90958cdfd534940186573d28b6485264649b0320c0c2b742,960008,0,8,0,perfect_information,6.424354152705347,0.32264340770587674,19.911623790441176,0.9687505140937944,0.9500007042501123,0.24999900000000058,0.500000922171015,0.0,0.0,1100.0,193.4389798490304,193.58609281423966,193.4389798490304,optimal,0.5106849237345159,0.5411568307317793,f10,confirmation
hourly_seed_960090,1760bcdf46705db19e6944a8b49c7b8aafc29d612b5189c98f7cb3b6816989a6,960090,0,4,0,perfect_information,4.391211870996753,0.4410701926886354,9.955811895220588,0.9625005336585837,0.950000567317161,0.2499990000000021,0.5000008861358969,0.0,0.0,1100.0,189.93589068897205,190.00944717157665,189.93589068897205,optimal,0.9457515957765281,0.9110480239614844,f05,confirmation
hourly_seed_960090,1760bcdf46705db19e6944a8b49c7b8aafc29d612b5189c98f7cb3b6816989a6,960090,0,8,0,perfect_information,4.391211870996753,0.4410701926886354,9.955811895220588,0.9500008647866168,0.950000783658587,0.24999900000000866,0.5000008861360005,0.0,0.0,1100.0,189.93589068897205,190.00944717157665,189.93589068897205,optimal,0.9004429299384356,0.9636331852525473,f05,confirmation
hourly_seed_960012,d86d16827a1a1a305e9c5f4f5ea0828d5e8ca54f7579f772bf392ab47a3db322,960012,0,4,0,perfect_information,9.791083109896134,0.4917270039320683,19.911623790441176,0.9750004272296305,0.9500008059456813,0.24999900000000536,0.5000009489330304,0.0,0.0,1100.0,193.4389798490304,193.58609281423966,193.4389798490304,optimal,0.6097865109331906,0.450530415866524,f10,confirmation
hourly_seed_960012,d86d16827a1a1a305e9c5f4f5ea0828d5e8ca54f7579f772bf392ab47a3db322,960012,0,8,0,perfect_information,7.481605094622509,0.37574058114809034,19.911623790441176,0.9687505297663257,0.9500007460435301,0.2499990000000016,0.5000009331692951,0.0,0.0,1100.0,193.4389798490304,193.58609281423966,193.4389798490304,optimal,0.5544988522306085,0.6535485191270709,f10,confirmation
hourly_seed_960000,056b733304d659dbd4ff96e312666b3ee3b0c8e45e715046fcafcab6175f5d54,960000,0,4,0,perfect_information,7.491266910032809,0.3762258160798059,19.911623790441176,0.9750004048891519,0.9500007463710689,0.24999900000000316,0.500000933255483,0.0,0.0,1100.0,193.4389798490304,193.58609281423966,193.4389798490304,optimal,0.8634108421392739,0.7313550640828907,f10,confirmation
hourly_seed_960000,056b733304d659dbd4ff96e312666b3ee3b0c8e45e715046fcafcab6175f5d54,960000,0,8,0,perfect_information,7.491266910032809,0.3762258160798059,19.911623790441176,0.9589453483354553,0.9500007463710689,0.24999899999999914,0.500000933255483,0.0,0.0,1100.0,193.4389798490304,193.58609281423966,193.4389798490304,optimal,0.7789660561829805,0.7756553250364959,f10,confirmation
hourly_seed_960097,ff369b9bc472b09d29bcad19eac907e1c807d27132c28ad63da65baa157226ad,960097,0,4,0,perfect_information,3.1509741506601157,0.3164959506891427,9.955811895220588,0.9625004485056253,0.9500003970112507,0.24999899999999753,0.5000008413185951,0.0,0.0,1100.0,189.93589068897205,190.00944717157665,189.93589068897205,optimal,0.9318020711652935,0.7937135463580489,f05,confirmation
hourly_seed_960097,ff369b9bc472b09d29bcad19eac907e1c807d27132c28ad63da65baa157226ad,960097,0,8,0,perfect_information,3.1509741506601157,0.3164959506891427,9.955811895220588,0.9750003115660157,0.9500003970112507,0.2499990000000095,0.5000008413185951,0.0,1.0231815394945443e-12,1100.0,189.93589068897205,190.00944717157665,189.93589068897205,optimal,0.9194476851262152,0.7119361557997763,f05,confirmation
hourly_seed_960002,61a2a85858c095cab56662920190982736e85356563339a963fb78886ba5a0ee,960002,0,4,0,perfect_information,7.645778262934836,0.38398567306224857,19.911623790441176,0.9625006257482955,0.950000751496591,0.24999900000000155,0.5000009346043046,0.0,0.0,1100.0,193.4389798490304,193.58609281423966,193.4389798490304,optimal,0.9089761609211564,0.7384535879828036,f10,confirmation
hourly_seed_960002,61a2a85858c095cab56662920190982736e85356563339a963fb78886ba5a0ee,960002,0,8,0,perfect_information,7.645778262934836,0.38398567306224857,19.911623790441176,0.9500008912797585,0.9500008757482955,0.2499990000000507,0.5000009346043046,0.0,0.0,1100.0,193.4389798490304,193.58609281423966,193.4389798490304,optimal,0.8221343802288175,0.5963760181330144,f10,confirmation
hourly_seed_960021,2a2af7c699400c4c5049efbc0ef371fb6e69f9dcc4a98cf72a620f43668fa491,960021,0,4,0,perfect_information,6.168574276214301,0.309797650916627,19.911623790441176,0.975000384495066,0.9500006919868459,0.24999899999999614,0.5000009189438304,0.0,2.4442670110147446e-12,1100.0,193.4389798490304,193.58609281423966,193.4389798490304,optimal,0.48492331663146615,0.4482052819803357,f10,confirmation
hourly_seed_960021,2a2af7c699400c4c5049efbc0ef371fb6e69f9dcc4a98cf72a620f43668fa491,960021,0,8,0,perfect_information,6.168574276214301,0.309797650916627,19.911623790441176,0.9687505094950671,0.9500006919868459,0.24999900000000408,0.5000009189438304,0.0,0.0,1100.0,193.4389798490304,193.58609281423966,193.4389798490304,optimal,0.5015486087650061,0.48957580514252186,f10,confirmation
hourly_seed_960020,da42f44bcc656049bf18f518283451acc32c30cc597b70d335c43d27a4f70d0b,960020,0,4,0,perfect_information,6.034523700418646,0.30306537346871704,19.911623790441176,0.9705892012081433,0.9500006851446682,0.2499990000000053,0.5000009171432511,0.0,0.0,1100.0,193.4389798490304,193.58609281423966,193.4389798490304,optimal,0.5479458719491959,0.5081957392394543,f10,confirmation
hourly_seed_960020,da42f44bcc656049bf18f518283451acc32c30cc597b70d335c43d27a4f70d0b,960020,0,8,0,perfect_information,6.034523700418646,0.30306537346871704,19.911623790441176,0.9500008819292506,0.9500008425723341,0.24999900000051667,0.5000009171432511,0.0,5.8548721426632255e-12,1100.0,193.4389798490304,193.58609281423966,193.4389798490304,optimal,0.5522024184465408,0.5635182182304561,f10,confirmation
hourly_seed_960001,c6e078732c42684888d063ac236fd2c33725f1e0fb1cb0cd1ce2d9482c49a843,960001,0,4,0,perfect_information,9.891494331423226,0.49676984838231836,19.911623790441176,0.9625006539577894,0.950000807915579,0.24999899999999972,0.5000009494514207,0.0,0.0,1100.0,193.4389798490304,193.58609281423966,193.4389798490304,optimal,0.7664272193796933,0.8296131463721395,f10,confirmation
hourly_seed_960001,c6e078732c42684888d063ac236fd2c33725f1e0fb1cb0cd1ce2d9482c49a843,960001,0,8,0,perfect_information,8.23225845209817,0.41343983487927133,19.911623790441176,0.962500649025174,0.9500007692003927,0.24999900000000172,0.5000009392632099,0.0,0.0,1100.0,193.4389798490304,193.58609281423966,193.4389798490304,optimal,0.8825689288787544,0.7990305279381573,f10,confirmation
hourly_seed_960009,40765699eb75b5ffefde4a8b07e510fac7d914f11475ee07bbe3d376f4cdf6e4,960009,0,4,0,perfect_information,7.634596860537748,0.38342412155269984,19.911623790441176,0.9750004066747402,0.9500007511326405,0.24999900000000191,0.5000009345085195,0.0,0.0,1100.0,193.4389798490304,193.58609281423966,193.4389798490304,optimal,0.8416786291636527,0.7485428298823535,f10,confirmation
hourly_seed_960009,40765699eb75b5ffefde4a8b07e510fac7d914f11475ee07bbe3d376f4cdf6e4,960009,0,8,0,perfect_information,6.650489173657731,0.33400034289771896,19.911623790441176,0.9687505178649121,0.9500007143064263,0.24999900000000067,0.500000924817403,0.0,0.0,1100.0,193.4389798490304,193.58609281423966,193.4389798490304,optimal,0.6230481918901205,0.5038390629924834,f10,confirmation
hourly_seed_960003,f73894e9e3c62cfa17596f283fb6b46211e38f9231904d68d39553c62e87794b,960003,0,4,0,perfect_information,8.727104467361437,0.43829195243991065,19.911623790441176,0.9625006411436206,0.9500007822872378,0.24999900000000064,0.5000009427071076,0.0,1.233502189279534e-11,1100.0,193.4389798490304,193.58609281423966,193.4389798490304,optimal,0.7187905283644795,0.7496728869155049,f10,confirmation
hourly_seed_960003,f73894e9e3c62cfa17596f283fb6b46211e38f9231904d68d39553c62e87794b,960003,0,8,0,perfect_information,8.727104467361437,0.43829195243991065,19.911623790441176,0.9625006547506685,0.9500007822872378,0.2499989999999976,0.5000009427071076,0.0,0.0,1100.0,193.4389798490304,193.58609281423966,193.4389798490304,optimal,0.9326262860558927,0.8181863450445235,f10,confirmation
hourly_seed_960006,042205a6914009f4b39226d335b1b49762038cb8eeac4aaddd943c63aa345b87,960006,0,4,0,perfect_information,9.825229135076677,0.4934418829163195,19.911623790441176,0.9747768028850535,0.9500008066200862,0.24999900000000372,0.950000903310043,0.0,0.0,1100.0,193.4389798490304,193.58609281423966,193.4389798490304,optimal,0.6990154068917036,0.760905094910413,f10,confirmation
hourly_seed_960006,042205a6914009f4b39226d335b1b49762038cb8eeac4aaddd943c63aa345b87,960006,0,8,0,perfect_information,7.535378401767601,0.3784411799395815,19.911623790441176,0.9625006396869114,0.950000747855792,0.24999900000000003,0.9500008739278998,0.0,0.0,1100.0,193.4389798490304,193.58609281423966,193.4389798490304,optimal,0.8913968540728092,0.6280393819324672,f10,confirmation
hourly_seed_960016,bdfdc0e0ebd7c79bfa3c71cf88b9a84219f60069d56ab29be759646385fe6b32,960016,0,4,0,perfect_information,7.5974357824758965,0.3815578208203763,19.911623790441176,0.9625006249576821,0.950000749915364,0.2499990000000036,0.5000009341881845,0.0,0.0,1100.0,193.4389798490304,193.58609281423966,193.4389798490304,optimal,0.4828393738716841,0.4418302932754159,f10,confirmation
hourly_seed_960016,bdfdc0e0ebd7c79bfa3c71cf88b9a84219f60069d56ab29be759646385fe6b32,960016,0,8,0,perfect_information,7.5974357824758965,0.3815578208203763,19.911623790441176,0.9625006405879718,0.950000749915364,0.2499990000000349,0.5000009341881845,0.0,0.0,1100.0,193.4389798490304,193.58609281423966,193.4389798490304,optimal,0.9144969750195742,0.5954505731351674,f10,confirmation
hourly_seed_960004,2223cb73b71e65bf63f1cf8532b1010e2418b70a37a27a39b34e250f19dbd473,960004,0,4,0,perfect_information,7.961070571410358,0.39982025851815106,19.911623790441176,0.9750004105018925,0.9500007613383776,0.24999900000000566,1.4938993777316065,0.0,0.0,1100.0,193.4389798490304,193.58609281423966,193.4389798490304,optimal,0.8394014560617507,0.7029989110305905,f10,confirmation
hourly_seed_960004,2223cb73b71e65bf63f1cf8532b1010e2418b70a37a27a39b34e250f19dbd473,960004,0,8,0,perfect_information,7.961070571410358,0.39982025851815106,19.911623790441176,0.9625006455855424,0.9500007613383776,0.24999900000003591,0.9500008806691924,0.0,0.0,1100.0,193.4389798490304,193.58609281423966,193.4389798490304,optimal,0.7883892343379557,0.8408466442488134,f10,confirmation
hourly_seed_960014,dfe08b19f612d89b6fff0951235883cce72b3f110859771efd05b818dc6ea671,960014,0,4,0,perfect_information,7.144159056285649,0.3587933928178822,19.911623790441176,0.9625006170240998,0.9500007340481998,0.24999899999999645,0.5000009300126091,0.0,0.0,1100.0,193.4389798490304,193.58609281423966,193.4389798490304,optimal,0.7318645981140435,0.8213116838596761,f10,confirmation
hourly_seed_960014,dfe08b19f612d89b6fff0951235883cce72b3f110859771efd05b818dc6ea671,960014,0,8,0,perfect_information,7.144159056285649,0.3587933928178822,19.911623790441176,0.9687505252680749,0.9500007340481998,0.2499990000000009,0.5000009300126091,0.0,4.547473508864641e-12,1100.0,193.4389798490304,193.58609281423966,193.4389798490304,optimal,0.4940811828710139,0.6182343019172549,f10,confirmation
hourly_seed_960005,1967b4cfae48afcb1c80a8e0957c017266c458532ac1935a75bd4232ab8de24b,960005,0,4,0,perfect_information,10.135474283205317,0.5090229902832424,19.911623790441176,0.950000882837133,0.9500008125394127,0.24999902466577456,0.5000009506682214,0.0,0.0,1100.0,193.4389798490304,193.58609281423966,193.4389798490304,optimal,0.8557324050925672,0.7586267711594701,f10,confirmation
hourly_seed_960005,1967b4cfae48afcb1c80a8e0957c017266c458532ac1935a75bd4232ab8de24b,960005,0,8,0,perfect_information,7.974693835924091,0.40050444503438454,19.911623790441176,0.9687505356547841,0.950000761746086,0.2499990000000006,0.5000009373015425,0.0,0.0,1100.0,193.4389798490304,193.58609281423966,193.4389798490304,optimal,0.7003902751021087,0.891119372099638,f10,confirmation
hourly_seed_960029,b1907f2c85c9528185d425806ed4200ea7b3a5df3373ea88c8ec5bcf7467f3bf,960029,0,4,0,perfect_information,10.96433633417419,0.5506500348523939,19.911623790441176,0.9750004350165197,0.9500008267107188,0.24999900000000155,0.9858056535901654,0.0,0.0,1100.0,193.4389798490304,193.58609281423966,193.4389798490304,optimal,0.5589146898128092,0.5516939852386713,f10,confirmation
hourly_seed_960029,b1907f2c85c9528185d425806ed4200ea7b3a5df3373ea88c8ec5bcf7467f3bf,960029,0,8,0,perfect_information,9.42868549737063,0.47352669961035465,19.911623790441176,0.9608905262207359,0.9500007984870723,0.24999900000000064,0.9672417191243345,0.0,3.637978807091713e-12,1100.0,193.4389798490304,193.58609281423966,193.4389798490304,optimal,0.47643938520923257,0.524497598875314,f10,confirmation
hourly_seed_960024,290b6ef9ce4ad4b6281f89c48d348bf4fcd2a3ba5b7b2336d913c77b8ec2a0ee,960024,0,4,0,perfect_information,8.684004083227888,0.43612736834636023,19.911623790441176,0.9655819445097114,0.9500007812066941,0.24999899999999853,0.5000009424227622,0.0,0.0,1100.0,193.4389798490304,193.58609281423966,193.4389798490304,optimal,0.5788626410067081,0.4547190321609378,f10,confirmation
hourly_seed_960024,290b6ef9ce4ad4b6281f89c48d348bf4fcd2a3ba5b7b2336d913c77b8ec2a0ee,960024,0,8,0,perfect_information,8.3379709594486,0.418748920088142,19.911623790441176,0.9625006503053776,0.9500007721265727,0.2499990000000031,0.500000940033249,0.0,4.774847184307873e-12,1100.0,193.4389798490304,193.58609281423966,193.4389798490304,optimal,0.7066187029704452,0.5228678891435266,f10,confirmation
hourly_seed_960015,8113cd0e54271b2f2fcd98dfd2415ca43f4562256968942c535be7147e0b1375,960015,0,4,0,perfect_information,10.21730566083629,0.513132719278336,19.911623790441176,0.9721056698301499,0.9500008140408024,0.24999900000000472,1.4227421079407778,0.0,1.9326762412674725e-12,1100.0,193.4389798490304,193.58609281423966,193.4389798490304,optimal,0.7377734440378845,0.7993779708631337,f10,confirmation
hourly_seed_960015,8113cd0e54271b2f2fcd98dfd2415ca43f4562256968942c535be7147e0b1375,960015,0,8,0,perfect_information,7.015647570781115,0.3523392991258234,19.911623790441176,0.9687505234412019,0.9500007291765381,0.24999900000000966,1.9052706880910517,0.0,0.0,1100.0,193.4389798490304,193.58609281423966,193.4389798490304,optimal,0.8471204829402268,0.5390523378737271,f10,confirmation
hourly_seed_960035,68c5fd3fe84cc827645999d953c670b3afd850a7d3c69a33beae196bdf567fa7,960035,0,4,0,perfect_information,9.429302415882665,0.47355768244322294,19.911623790441176,0.9625006492501312,0.9500007985002624,0.24999900000000072,0.5000009469737001,0.0,0.0,1100.0,193.4389798490304,193.58609281423966,193.4389798490304,optimal,0.5143746761605144,0.4604185870848596,f10,confirmation
hourly_seed_960035,68c5fd3fe84cc827645999d953c670b3afd850a7d3c69a33beae196bdf567fa7,960035,0,8,0,perfect_information,8.360287712078662,0.4198697102790845,19.911623790441176,0.9625006505714984,0.9500007727348527,0.2499990000000048,0.5000009401933221,0.0,0.0,1100.0,193.4389798490304,193.58609281423966,193.4389798490304,optimal,0.5722922007553279,0.5074027348309755,f10,confirmation
hourly_seed_960031,340a224f2c7a659b07f92770d65a1e7f1307bfde12fb278d9c50419df86f3932,960031,0,4,0,perfect_information,8.335299688125142,0.4186147637103613,19.911623790441176,0.9625006360267756,0.9500007720535514,0.24999900000002417,0.5000009400140323,0.0,0.0,1100.0,193.4389798490304,193.58609281423966,193.4389798490304,optimal,0.5562542527914047,0.46161019429564476,f10,confirmation
hourly_seed_960031,340a224f2c7a659b07f92770d65a1e7f1307bfde12fb278d9c50419df86f3932,960031,0,8,0,perfect_information,7.592988762390804,0.3813344829283041,19.911623790441176,0.975000421802777,0.9500007497688883,0.24999900000001057,0.500000934149647,0.0,0.0,1100.0,193.4389798490304,193.58609281423966,193.4389798490304,optimal,0.5499641951173544,0.7677805982530117,f10,confirmation
hourly_seed_960030,d2f11aa1ad38e082d428112c79acf33d725afe5b92fdea5a33e20f01a5a4e6ed,960030,0,4,0,perfect_information,9.04934152950128,0.4544753167667586,19.911623790441176,0.962500645019876,0.950000790039749,0.24999899999999511,0.9500008950198776,0.0,4.547473508864641e-13,1100.0,193.4389798490304,193.58609281423966,193.4389798490304,optimal,0.5460885711945593,0.4693525009788573,f10,confirmation
hourly_seed_960030,d2f11aa1ad38e082d428112c79acf33d725afe5b92fdea5a33e20f01a5a4e6ed,960030,0,8,0,perfect_information,8.511058388881684,0.42744170332143,19.911623790441176,0.9687505412852951,0.950000776760782,0.24999900000006664,0.9500008883803943,0.0,0.0,1100.0,193.4389798490304,193.58609281423966,193.4389798490304,optimal,0.5296686599031091,0.5746180256828666,f10,confirmation
hourly_seed_960019,b3ac5793e55fb03b286bd84d43e23e9bb3f2b4bdfc24a163caf7e60dbc8e2b31,960019,0,4,0,perfect_information,6.734546312964943,0.3382218539202185,19.911623790441176,0.9625006089361554,0.9500007178723063,0.24999900000000363,0.5000009257557955,0.0,0.0,1100.0,193.4389798490304,193.58609281423966,193.4389798490304,optimal,0.8202601675875485,0.7056021969765425,f10,confirmation
hourly_seed_960019,b3ac5793e55fb03b286bd84d43e23e9bb3f2b4bdfc24a163caf7e60dbc8e2b31,960019,0,8,0,perfect_information,6.734546312964943,0.3382218539202185,19.911623790441176,0.968750519202117,0.9500007178723063,0.24999900000000425,0.5000009257557955,0.0,0.0,1100.0,193.4389798490304,193.58609281423966,193.4389798490304,optimal,0.5388964372687042,0.9439656748436391,f10,confirmation
hourly_seed_960013,37859ee93ddbdbc45c0ec2d79d01949b5d37b332ec4cdc56d51df59be43b3fe4,960013,0,4,0,perfect_information,11.98043308908359,0.6016803659596535,19.911623790441176,0.9625006707039534,0.9500008414079067,0.24999899999999992,0.9500009207039534,0.0,0.0,1100.0,193.4389798490304,193.58609281423966,193.4389798490304,optimal,0.8962578130885959,0.8553002430126071,f10,confirmation
hourly_seed_960013,37859ee93ddbdbc45c0ec2d79d01949b5d37b332ec4cdc56d51df59be43b3fe4,960013,0,8,0,perfect_information,10.248048818867536,0.5146766997369265,19.911623790441176,0.9625006688869141,0.9500008145986566,0.24999900000000067,0.9500009072993311,0.0,0.0,1100.0,193.4389798490304,193.58609281423966,193.4389798490304,optimal,0.9021663097664714,0.8074504598043859,f10,confirmation
hourly_seed_960017,d6a3575594f69822bbd2ad68393e5ef6a4c0d01d4af4c3171ce0b2c0968d93c1,960017,0,4,0,perfect_information,7.954527853474995,0.39949167065388536,19.911623790441176,0.9634844265339433,0.9500007611420748,0.24999900000000094,1.330762813651174,0.0,0.0,1100.0,193.4389798490304,193.58609281423966,193.4389798490304,optimal,0.8351138192228973,0.8658984070643783,f10,confirmation
hourly_seed_960017,d6a3575594f69822bbd2ad68393e5ef6a4c0d01d4af4c3171ce0b2c0968d93c1,960017,0,8,0,perfect_information,6.955955170584474,0.3493414321098095,19.911623790441176,0.9500008975696769,0.9500008634262358,0.24999900000001699,0.9500008634262358,0.0,3.467448550509289e-12,1100.0,193.4389798490304,193.58609281423966,193.4389798490304,optimal,0.7810418577864766,0.7934871949255466,f10,confirmation
hourly_seed_960018,2b5fcc1148dc3ffee53ee468c1ea9cc093e1a66f145b06c0664032723a4e5244,960018,0,4,0,perfect_information,9.810315259895775,0.49269287945292234,19.911623790441176,0.9625006531630528,0.9500008063261056,0.2499990000000027,0.5000009490331335,0.0,1.5347723092418164e-12,1100.0,193.4389798490304,193.58609281423966,193.4389798490304,optimal,0.7939182571135461,0.8062560628168285,f10,confirmation
hourly_seed_960018,2b5fcc1148dc3ffee53ee468c1ea9cc093e1a66f145b06c0664032723a4e5244,960018,0,8,0,perfect_information,7.264481816614198,0.3648362329998221,19.911623790441176,0.9625006355732756,0.9500007384532014,0.2499990000001306,0.5000009311718281,0.0,0.0,1100.0,193.4389798490304,193.58609281423966,193.4389798490304,optimal,0.892154507804662,1.007613664958626,f10,confirmation
hourly_seed_960023,b9e212b854526ba1b42b2165d243d5292175107ab5d02f4ca62d543828c17a88,960023,0,4,0,perfect_information,8.84620921529426,0.44427362169935103,19.911623790441176,0.9625006426092568,0.9500007852185137,0.24999900000000072,0.5000009434785039,0.0,0.0,1100.0,193.4389798490304,193.58609281423966,193.4389798490304,optimal,0.9224658240564167,0.7604455528780818,f10,confirmation
hourly_seed_960023,b9e212b854526ba1b42b2165d243d5292175107ab5d02f4ca62d543828c17a88,960023,0,8,0,perfect_information,8.755431320010286,0.43971458140010866,19.911623790441176,0.9625006550588332,0.950000782991614,0.24999900000000255,0.500000942892477,0.0,5.5706550483591855e-12,1100.0,193.4389798490304,193.58609281423966,193.4389798490304,optimal,0.7327048829756677,0.5120562128722668,f10,confirmation
hourly_seed_960034,b18c67661ad70ce9bdcfa3b7d68eb8dbd7f75ca2b75ec8226443d6a3a45d0e34,960034,0,4,0,perfect_information,8.38800222004779,0.42126158611306,19.911623790441176,0.9750004150571593,0.9500007734857584,0.24999900000000574,0.5000009403909276,0.0,0.0,1100.0,193.4389798490304,193.58609281423966,193.4389798490304,optimal,0.8228395539335907,0.6097812713123858,f10,confirmation
hourly_seed_960034,b18c67661ad70ce9bdcfa3b7d68eb8dbd7f75ca2b75ec8226443d6a3a45d0e34,960034,0,8,0,perfect_information,7.421676619012736,0.37273085797129235,19.911623790441176,0.9625006379968906,0.9500007439928928,0.24999900000000322,0.500000932629648,0.0,0.0,1100.0,193.4389798490304,193.58609281423966,193.4389798490304,optimal,0.5758682931773365,0.6659260736778378,f10,confirmation
hourly_seed_960037,a8247d422a03e8690cb5839799a45a11f0376aaf9217f15a9578e14b9f380a84,960037,0,4,0,perfect_information,8.408111452873278,0.42227151041843697,19.911623790441176,0.9625006370137502,0.9500007740275004,0.24999900000000003,0.5000009405334941,0.0,0.0,1100.0,193.4389798490304,193.58609281423966,193.4389798490304,optimal,0.6516658673062921,0.7224053698591888,f10,confirmation
hourly_seed_960037,a8247d422a03e8690cb5839799a45a11f0376aaf9217f15a9578e14b9f380a84,960037,0,8,0,perfect_information,8.408111452873278,0.42227151041843697,19.911623790441176,0.9625006511370314,0.9500007740275004,0.2499990000000029,0.5000009405334941,0.0,0.0,1100.0,193.4389798490304,193.58609281423966,193.4389798490304,optimal,0.5428271712735295,0.4871666510589421,f10,confirmation
hourly_seed_960032,766a906ec970ea716fa4446e99b4da1666f3e9724ec600e135f5a0c3a82a8970,960032,0,4,0,perfect_information,8.622427058461907,0.43303485186382495,19.911623790441176,0.975000417366567,0.950000779644176,0.2499990000000597,0.5000009420115671,0.0,0.0,1100.0,193.4389798490304,193.58609281423966,193.4389798490304,optimal,0.5717943590134382,0.5521836676634848,f10,confirmation
hourly_seed_960032,766a906ec970ea716fa4446e99b4da1666f3e9724ec600e135f5a0c3a82a8970,960032,0,8,0,perfect_information,7.996362365332899,0.4015926802098206,19.911623790441176,0.9625006460463736,0.950000762391706,0.24999900000000463,0.5000009374714489,0.0,0.0,1100.0,193.4389798490304,193.58609281423966,193.4389798490304,optimal,0.9668190758675337,0.6861794493161142,f10,confirmation
hourly_seed_960022,420553989fd0234530320ad37c0ec94fc5cdb3cff7c2cc11b6b34aefb13f5a54,960022,0,4,0,perfect_information,10.45761304976321,0.5252014180171242,19.911623790441176,0.9625006591569949,0.9500008183139872,0.24999900000000266,0.5000009521877855,0.0,0.0,1100.0,193.4389798490304,193.58609281423966,193.4389798490304,optimal,0.9602285949513316,0.8594261081889272,f10,confirmation
hourly_seed_960022,420553989fd0234530320ad37c0ec94fc5cdb3cff7c2cc11b6b34aefb13f5a54,960022,0,8,0,perfect_information,9.193566217062049,0.4617185576535217,19.911623790441176,0.9625006595834145,0.9500007933335145,0.24999900000001818,0.5000009456140356,0.0,1.7621459846850485e-12,1100.0,193.4389798490304,193.58609281423966,193.4389798490304,optimal,0.7427861839532852,0.7853759150020778,f10,confirmation
hourly_seed_960026,e0ae961da5fdaab7c9bec5c300c7fae5dfa2ffe2f01295bd102ae8fe06852f10,960026,0,4,0,perfect_information,7.099994364174768,0.3565753571330134,19.911623790441176,0.9625006161969367,0.9500007323938695,0.24999899999999975,0.5000009295772604,0.0,0.0,1100.0,193.4389798490304,193.58609281423966,193.4389798490304,optimal,0.7838769052177668,0.8177094222046435,f10,confirmation
hourly_seed_960026,e0ae961da5fdaab7c9bec5c300c7fae5dfa2ffe2f01295bd102ae8fe06852f10,960026,0,8,0,perfect_information,7.099994364174768,0.3565753571330134,19.911623790441176,0.964748693500787,0.9500007323938695,0.2499990000000016,0.5000009295772604,0.0,0.0,1100.0,193.4389798490304,193.58609281423966,193.4389798490304,optimal,0.8131471048109233,0.8770285458303988,f10,confirmation
hourly_seed_960025,cd521fc6a41be800053bb82552cdde14f6595551589f495520c93ff76c52a710,960025,0,4,0,perfect_information,10.17879647200736,0.5111987138333649,19.911623790441176,0.9625006566686339,0.9500008133372676,0.24999900000000033,0.500000950878181,0.0,3.0127011996228248e-12,1100.0,193.4389798490304,193.58609281423966,193.4389798490304,optimal,0.9030400449410081,0.8206986510194838,f10,confirmation
hourly_seed_960025,cd521fc6a41be800053bb82552cdde14f6595551589f495520c93ff76c52a710,960025,0,8,0,perfect_information,6.227523393865308,0.31275818885524087,19.911623790441176,0.9687505105884288,0.950000694902477,0.24999899999999828,0.5000009197111074,0.0,0.0,1100.0,193.4389798490304,193.58609281423966,193.4389798490304,optimal,0.8590347357094288,0.8519731629639864,f10,confirmation
hourly_seed_960028,4dab5cec26728c2a93da2675dae15b1f37a5cf9b8bc4eb19b68e36cc50831ad7,960028,0,4,0,perfect_information,7.732873999375439,0.3883597882703922,19.911623790441176,0.9750004078608095,0.9500007542954898,0.24999900000000086,0.5000009353408621,0.0,2.2737367544323206e-13,1100.0,193.4389798490304,193.58609281423966,193.4389798490304,optimal,0.8077692822553217,0.8773432574234903,f10,confirmation
hourly_seed_960028,4dab5cec26728c2a93da2675dae15b1f37a5cf9b8bc4eb19b68e36cc50831ad7,960028,0,8,0,perfect_information,7.732873999375439,0.3883597882703922,19.911623790441176,0.9687505328608105,0.9500007542954898,0.24999900000000186,0.5000009353408621,0.0,0.0,1100.0,193.4389798490304,193.58609281423966,193.4389798490304,optimal,0.8763751219958067,0.7932657138444483,f10,confirmation
hourly_seed_960036,d80600bd38f317ca32e38d070244e7badd9d985e8b7c534beaf5b6a9d0246261,960036,0,4,0,perfect_information,7.450067497150302,0.37415670241453636,19.911623790441176,0.9750004043631838,0.9500007449684902,0.24999900000001324,0.5000009328863857,0.0,0.0,1100.0,193.4389798490304,193.58609281423966,193.4389798490304,optimal,0.4359506070613861,0.657125880010426,f10,confirmation
hourly_seed_960036,d80600bd38f317ca32e38d070244e7badd9d985e8b7c534beaf5b6a9d0246261,960036,0,8,0,perfect_information,7.450067497150302,0.37415670241453636,19.911623790441176,0.9747846922649006,0.9500007449684902,0.24999899999999772,0.5000009328863857,0.0,5.5138116294983774e-12,1100.0,193.4389798490304,193.58609281423966,193.4389798490304,optimal,0.934708118904382,0.7490399121306837,f10,confirmation
hourly_seed_960027,511fa3f1b39f295d667dbea8999aba2ea6600b00c892554edaa4d378b12c8d7a,960027,0,4,0,perfect_information,10.241209646327768,0.5143332233528934,19.911623790441176,0.9625006572374247,0.9500008144748494,0.24999899999999914,0.5000009511775462,0.0,4.320099833421409e-12,1100.0,193.4389798490304,193.58609281423966,193.4389798490304,optimal,0.9442974277772009,0.8043876811861992,f10,confirmation
hourly_seed_960027,511fa3f1b39f295d667dbea8999aba2ea6600b00c892554edaa4d378b12c8d7a,960027,0,8,0,perfect_information,8.12185239979191,0.4078950308257083,19.911623790441176,0.9687505372736133,0.9500007660629712,0.2499990000000054,0.500000938437561,0.0,0.0,1100.0,193.4389798490304,193.58609281423966,193.4389798490304,optimal,0.8761067599989474,0.9516229522414505,f10,confirmation
hourly_seed_960041,e24627c71f590db2878d4223de393e0144c117f0a2fdf493d2cc433c2f8d92ac,960041,0,4,0,perfect_information,11.06109191487978,0.5555092859975486,19.911623790441176,0.9750004355849549,0.9500008282265461,0.24999900000000638,0.500000954796418,0.0,0.0,1100.0,193.4389798490304,193.58609281423966,193.4389798490304,optimal,0.5804878207854927,0.4969516508281231,f10,confirmation
hourly_seed_960041,e24627c71f590db2878d4223de393e0144c117f0a2fdf493d2cc433c2f8d92ac,960041,0,8,0,perfect_information,8.605307033797908,0.4321750513350395,19.911623790441176,0.9648957972839631,0.9500007792057842,0.24999900000000064,0.5000009418961986,0.0,6.30961949354969e-12,1100.0,193.4389798490304,193.58609281423966,193.4389798490304,optimal,0.5869407318532467,0.907492761965841,f10,confirmation
hourly_seed_960040,4aa65a00fd1150ddd39c71b820a0038b89d2cfec9c7ffcb165a7e2717d7190a3,960040,0,4,0,perfect_information,10.271794038912974,0.5158692303057713,19.911623790441176,0.9682358525076059,0.9500008150272528,0.24999900000000067,0.5000009513229182,0.0,1.4779288903810084e-12,1100.0,193.4389798490304,193.58609281423966,193.4389798490304,optimal,0.49264167388901114,0.5291122267954051,f10,confirmation
hourly_seed_960040,4aa65a00fd1150ddd39c71b820a0038b89d2cfec9c7ffcb165a7e2717d7190a3,960040,0,8,0,perfect_information,8.08448050300542,0.40601814237201866,19.911623790441176,0.9750004265567388,0.9500007649815642,0.24999900000000444,0.50000093815299,0.0,0.0,1100.0,193.4389798490304,193.58609281423966,193.4389798490304,optimal,0.8621138050220907,0.7938892170786858,f10,confirmation
hourly_seed_960043,ef708cdbd435c707a6b1eb558491c307b592068144e51aa521e9f516d54c3930,960043,0,4,0,perfect_information,7.482006638537579,0.3757607474549318,19.911623790441176,0.9750004047714358,0.9500007460571593,0.2499989999999973,0.5000009331728703,0.0,0.0,1100.0,193.4389798490304,193.58609281423966,193.4389798490304,optimal,0.7531616180203855,0.4450105130672455,f10,confirmation
hourly_seed_960043,ef708cdbd435c707a6b1eb558491c307b592068144e51aa521e9f516d54c3930,960043,0,8,0,perfect_information,7.482006638537579,0.3757607474549318,19.911623790441176,0.9625006389000096,0.9500007460571593,0.2499990000000019,0.5000009331728703,0.0,0.0,1100.0,193.4389798490304,193.58609281423966,193.4389798490304,optimal,0.4975781347602606,0.4925351529382169,f10,confirmation
hourly_seed_960052,0af8f61d47855c5d8aaf27d1943fda0da50f69b01123fd263237e7828e8282bf,960052,0,4,0,perfect_information,7.627994905760385,0.383092558700426,19.911623790441176,0.9625006254586221,0.9500007509172407,0.24999900000000164,0.5000009344518439,0.0,0.0,1100.0,193.4389798490304,193.58609281423966,193.4389798490304,optimal,0.4466515318490565,0.4838770008645952,f10,confirmation
hourly_seed_960052,0af8f61d47855c5d8aaf27d1943fda0da50f69b01123fd263237e7828e8282bf,960052,0,8,0,perfect_information,7.277677092075969,0.36549892508363424,19.911623790441176,0.9687505270977801,0.9500007389274084,0.24999900000000352,0.5000009312966283,0.0,0.0,1100.0,193.4389798490304,193.58609281423966,193.4389798490304,optimal,0.4894148241728544,0.4766435860656202,f10,confirmation
hourly_seed_960033,bc5590f1ceee932cf87b1f504a38b1b85246e2be69efdc8fb6c948644a9cb9b5,960033,0,4,0,perfect_information,5.768388645968485,0.2896995597484958,19.911623790441176,0.9706616008534968,0.9500006706182376,0.24999900000001143,0.500000913320499,0.0,0.0,1100.0,193.4389798490304,193.58609281423966,193.4389798490304,optimal,0.82485242607072,0.90223179012537,f10,confirmation
hourly_seed_960033,bc5590f1ceee932cf87b1f504a38b1b85246e2be69efdc8fb6c948644a9cb9b5,960033,0,8,0,perfect_information,5.768388645968485,0.2896995597484958,19.911623790441176,0.9634142989675395,0.9500006706182376,0.2499990000002373,0.500000913320499,0.0,0.0,1100.0,193.4389798490304,193.58609281423966,193.4389798490304,optimal,0.7867533341050148,0.8181135151535273,f10,confirmation
hourly_seed_960048,11a92b1957d33d4b8312fd910c42e4044dc55ca688c8603eaba090ef62e4eeca,960048,0,4,0,perfect_information,7.026147867080834,0.35286664417865427,19.911623790441176,0.9500008985929773,0.9500008647906364,0.24999900000006844,0.9500008647906364,0.0,3.0127011996228248e-12,1100.0,193.4389798490304,193.58609281423966,193.4389798490304,optimal,0.4554410269483924,0.4725357322022319,f10,confirmation
hourly_seed_960048,11a92b1957d33d4b8312fd910c42e4044dc55ca688c8603eaba090ef62e4eeca,960048,0,8,0,perfect_information,7.026147867080834,0.35286664417865427,19.911623790441176,0.9605749062486546,0.9500007295812729,0.2499990000000012,0.9500008647906364,0.0,0.0,1100.0,193.4389798490304,193.58609281423966,193.4389798490304,optimal,0.5163914100266993,0.5773934829048812,f10,confirmation
hourly_seed_960044,8a7d5a424874351d756a94e9c70ebf8ff61def764b3b8ff84ee098543d1d413b,960044,0,4,0,perfect_information,7.443574773216905,0.3738306253450954,19.911623790441176,0.9750004042797639,0.9500007447460367,0.2499990000000324,0.5000009328278368,0.0,0.0,1100.0,193.4389798490304,193.58609281423966,193.4389798490304,optimal,0.4957389133051038,0.4967191591858864,f10,confirmation
hourly_seed_960044,8a7d5a424874351d756a94e9c70ebf8ff61def764b3b8ff84ee098543d1d413b,960044,0,8,0,perfect_information,7.443574773216905,0.3738306253450954,19.911623790441176,0.9668030065636983,0.9500007447460367,0.24999899999999947,0.5000009328278368,0.0,0.0,1100.0,193.4389798490304,193.58609281423966,193.4389798490304,optimal,0.8617793922312558,0.5029550469480455,f10,confirmation
hourly_seed_960038,af72154f94e6c51a912ca48028ac1595c5c7105fe401c0446e787e95f3b6294e,960038,0,4,0,perfect_information,6.461671475376369,0.32451755534264237,19.911623790441176,0.9625006029790651,0.9500007059581302,0.24999900000002068,0.5000009226204797,0.0,0.0,1100.0,193.4389798490304,193.58609281423966,193.4389798490304,optimal,0.8294320949353278,0.7596036270260811,f10,confirmation
hourly_seed_960038,af72154f94e6c51a912ca48028ac1595c5c7105fe401c0446e787e95f3b6294e,960038,0,8,0,perfect_information,6.461671475376369,0.32451755534264237,19.911623790441176,0.962500621356682,0.9500007059581302,0.24999900000000247,0.5000009226204797,0.0,0.0,1100.0,193.4389798490304,193.58609281423966,193.4389798490304,optimal,0.8082750849425793,0.8250199276953936,f10,confirmation
hourly_seed_960039,eb71281dacc1d996d31e252f333838d33690012c8de43fa86eee9b8c023947a1,960039,0,4,0,perfect_information,9.082452713087038,0.4561382240180323,19.911623790441176,0.9750004215519464,0.9500007908051908,0.24999900000000447,0.5000009449486795,0.0,0.0,1100.0,193.4389798490304,193.58609281423966,193.4389798490304,optimal,0.8736534551717341,0.7252124771475792,f10,confirmation
hourly_seed_960039,eb71281dacc1d996d31e252f333838d33690012c8de43fa86eee9b8c023947a1,960039,0,8,0,perfect_information,7.837906531947408,0.3936347238395541,19.911623790441176,0.9745406738211297,0.9500007575880739,0.2499990000000059,0.5000009362073252,0.0,0.0,1100.0,193.4389798490304,193.58609281423966,193.4389798490304,optimal,0.9248978989198804,0.7541333339177072,f10,confirmation
hourly_seed_960054,101dc9f8e9ff9d72adfea15db31030c5caa088e465088374ef6aebc554630870,960054,0,4,0,perfect_information,5.778941703179906,0.2902295545556741,19.911623790441176,0.9625005856098671,0.9500006712197291,0.24999900000000136,0.5000009134787895,0.0,0.0,1100.0,193.4389798490304,193.58609281423966,193.4389798490304,optimal,0.5104153328575194,0.5018093511462212,f10,confirmation
hourly_seed_960054,101dc9f8e9ff9d72adfea15db31030c5caa088e465088374ef6aebc554630870,960054,0,8,0,perfect_information,5.778941703179906,0.2902295545556741,19.911623790441176,0.9603551129435555,0.9500006712197291,0.24999900000000136,0.5000009134787895,0.0,6.821210263296962e-13,1100.0,193.4389798490304,193.58609281423966,193.4389798490304,optimal,0.5844095959328115,0.532314236741513,f10,confirmation
hourly_seed_960059,9557c45404480e1f8cce971fee74ecc66b3374179e69168ae57fc30d036967d0,960059,0,4,0,perfect_information,8.397063304574594,0.4217166511857114,19.911623790441176,0.9625006368650924,0.9500007737301848,0.2499990000000028,1.5980215758957588,0.0,0.0,1100.0,193.4389798490304,193.58609281423966,193.4389798490304,optimal,0.5597897740080953,0.5001149098388851,f10,confirmation
hourly_seed_960059,9557c45404480e1f8cce971fee74ecc66b3374179e69168ae57fc30d036967d0,960059,0,8,0,perfect_information,8.397063304574594,0.4217166511857114,19.911623790441176,0.9676314453717217,0.9500007737301848,0.24999900000003425,0.9500008868650923,0.0,1.9895196601282805e-12,1100.0,193.4389798490304,193.58609281423966,193.4389798490304,optimal,0.5491287200711668,0.6716410187073052,f10,confirmation
hourly_seed_960057,e2aed7787c0eb746109dde81d2f6dfc264b09d435a41065ed0f0bba6649f27ee,960057,0,4,0,perfect_information,9.073167331749758,0.4556718943286507,19.911623790441176,0.9625006452955516,0.9500007905911031,0.2499990000000029,0.5000009448923377,0.0,0.0,1100.0,193.4389798490304,193.58609281423966,193.4389798490304,optimal,0.705499495845288,0.4787280592136085,f10,confirmation
hourly_seed_960057,e2aed7787c0eb746109dde81d2f6dfc264b09d435a41065ed0f0bba6649f27ee,960057,0,8,0,perfect_information,9.073167331749758,0.4556718943286507,19.911623790441176,0.9689578249511989,0.9500007905911031,0.249998999999998,0.5000009448923377,0.0,3.410605131648481e-12,1100.0,193.4389798490304,193.58609281423966,193.4389798490304,optimal,0.4288192340172827,0.5713070551864803,f10,confirmation
hourly_seed_960065,ed07ec6742508401664d87a6fc614aafe19f93055825fc1f548c3e156955e0f4,960065,0,4,0,perfect_information,9.480688282313185,0.47613837937539316,19.911623790441176,0.9625006497962012,0.9500007995924025,0.24999900000001515,0.5000009472610857,0.0,0.0,1100.0,193.4389798490304,193.58609281423966,193.4389798490304,optimal,0.5268614143133163,0.5061336560174823,f10,confirmation
hourly_seed_960065,ed07ec6742508401664d87a6fc614aafe19f93055825fc1f548c3e156955e0f4,960065,0,8,0,perfect_information,7.36821341750656,0.3700458332807474,19.911623790441176,0.9687505283007467,0.9500007421353245,0.24999900000000283,0.5000009321408134,0.0,0.0,1100.0,193.4389798490304,193.58609281423966,193.4389798490304,optimal,0.561686207074672,0.502594605088234,f10,confirmation
hourly_seed_960042,77b244c4aa543232e48d02fcaf5f070244180004c74da0dc6f7c025249e5aac1,960042,0,4,0,perfect_information,8.575100865343531,0.4306580395246376,19.911623790441176,0.9625006392140166,0.9500007784280334,0.24999900000000339,0.5000009416915369,0.0,0.0,1100.0,193.4389798490304,193.58609281423966,193.4389798490304,optimal,0.7364573758095503,0.7682880801148713,f10,confirmation
hourly_seed_960042,77b244c4aa543232e48d02fcaf5f070244180004c74da0dc6f7c025249e5aac1,960042,0,8,0,perfect_information,7.501344832176201,0.37673194869106136,19.911623790441176,0.9687505300169325,0.9500007467118148,0.2499990000000025,0.5000009333451491,0.0,3.296918293926865e-12,1100.0,193.4389798490304,193.58609281423966,193.4389798490304,optimal,0.9224944650195539,0.7451280993409455,f10,confirmation
hourly_seed_960060,61d2a380e82fc1eeb0b3bd0549fc6b5ef0692658608e6db3ec8ef495725d5b92,960060,0,4,0,perfect_information,9.20684826986407,0.4623856078620736,19.911623790441176,0.9750004226118737,0.9500007936316635,0.24999900000000191,0.9500007936316635,0.0,0.0,1100.0,193.4389798490304,193.58609281423966,193.4389798490304,optimal,0.5193029274232686,0.5882602892816067,f10,confirmation
hourly_seed_960060,61d2a380e82fc1eeb0b3bd0549fc6b5ef0692658608e6db3ec8ef495725d5b92,960060,0,8,0,perfect_information,7.289713034992933,0.36610339325979285,19.911623790441176,0.9687505272594251,0.9500007393584617,0.24999900000000477,1.1998435358474457,0.0,6.707523425575346e-12,1100.0,193.4389798490304,193.58609281423966,193.4389798490304,optimal,0.5594063829630613,0.5045930980704725,f10,confirmation
hourly_seed_960058,e32ecea86977f67641704da4d74bd9807bf4de6a07b9bddbac7b165f69281fdb,960058,0,4,0,perfect_information,10.942716084171074,0.5495642243614638,19.911623790441176,0.9625006631841698,0.9500008263683396,0.24999900000000214,0.5000009543074188,0.0,7.958078640513122e-13,1100.0,193.4389798490304,193.58609281423966,193.4389798490304,optimal,0.5687989401631057,0.46329886512830853,f10,confirmation
hourly_seed_960058,e32ecea86977f67641704da4d74bd9807bf4de6a07b9bddbac7b165f69281fdb,960058,0,8,0,perfect_information,8.46323431945808,0.4250398866776983,19.911623790441176,0.9625006517809463,0.9500007754993012,0.2499990000000169,0.5000009409208096,0.0,0.0,1100.0,193.4389798490304,193.58609281423966,193.4389798490304,optimal,0.8476232262328267,0.5177993979305029,f10,confirmation
hourly_seed_960056,937b8a2f39715fadfdb66433b05c488bfa24b860a689ccc1d7493e2775176eda,960056,0,4,0,perfect_information,7.422908640430359,0.3727927324537851,19.911623790441176,0.9625006220176918,0.9500007440353837,0.24999900000000483,0.5000009326408242,0.0,0.0,1100.0,193.4389798490304,193.58609281423966,193.4389798490304,optimal,0.48579731211066246,0.5124488952569664,f10,confirmation
hourly_seed_960056,937b8a2f39715fadfdb66433b05c488bfa24b860a689ccc1d7493e2775176eda,960056,0,8,0,perfect_information,7.422908640430359,0.3727927324537851,19.911623790441176,0.9687505290132689,0.9500007440353837,0.24999900000000225,0.5000009326408242,0.0,0.0,1100.0,193.4389798490304,193.58609281423966,193.4389798490304,optimal,0.8947611949406564,0.7937823967076838,f10,confirmation
hourly_seed_960068,547e584060b0ec4b60be2389747d9575f7df29a8cb991265ab5d2efe958c5472,960068,0,4,0,perfect_information,10.782708445840814,0.5415283333656188,19.911623790441176,0.975000433921914,0.9500008237917708,0.24999900000001604,0.500000953629368,0.0,0.0,1100.0,193.4389798490304,193.58609281423966,193.4389798490304,optimal,0.5788868921808898,0.47146495524793863,f10,confirmation
hourly_seed_960068,547e584060b0ec4b60be2389747d9575f7df29a8cb991265ab5d2efe958c5472,960068,0,8,0,perfect_information,7.950205550499245,0.39927459629464473,19.911623790441176,0.968750535379583,0.9500007610122216,0.24999899999999994,0.5000009371084169,0.0,0.0,1100.0,193.4389798490304,193.58609281423966,193.4389798490304,optimal,0.5203426638618112,0.4974060128442943,f10,confirmation
hourly_seed_960051,202caf050444a0a2b974eb99f2cab04bde1eab85dfc6e3da3e762acb9f09a754,960051,0,4,0,perfect_information,11.618417197678422,0.5834992324059471,19.911623790441176,0.975000438674888,0.950000836466368,0.24999900000000347,0.5000009569647879,0.0,0.0,1100.0,193.4389798490304,193.58609281423966,193.4389798490304,optimal,0.9335123910568655,0.544430891983211,f10,confirmation
hourly_seed_960051,202caf050444a0a2b974eb99f2cab04bde1eab85dfc6e3da3e762acb9f09a754,960051,0,8,0,perfect_information,7.495894796524966,0.37645823743031265,19.911623790441176,0.9638699621358823,0.9500007465276568,0.24999899999999858,0.5000009332966914,0.0,0.0,1100.0,193.4389798490304,193.58609281423966,193.4389798490304,optimal,0.6818404416553676,0.5041767652146518,f10,confirmation
hourly_seed_960055,99333a6b1fc80dbda2aa8559f813aab9b5e29fd5d5d3c7828879dd74b4def64d,960055,0,4,0,perfect_information,7.759586629024242,0.3897013478503611,19.911623790441176,0.9750004081779998,0.9500007551413354,0.2499990000000017,0.5000009355634517,0.0,0.0,1100.0,193.4389798490304,193.58609281423966,193.4389798490304,optimal,0.551045882049948,0.6082754810340703,f10,confirmation
hourly_seed_960055,99333a6b1fc80dbda2aa8559f813aab9b5e29fd5d5d3c7828879dd74b4def64d,960055,0,8,0,perfect_information,7.3263566897899715,0.36794370800170906,19.911623790441176,0.9687505277482863,0.9500007406620917,0.24999900000000472,0.5000009317531199,0.0,1.7621459846850485e-12,1100.0,193.4389798490304,193.58609281423966,193.4389798490304,optimal,0.9294750769622624,0.7710297177545726,f10,confirmation
hourly_seed_960070,630a0f967c17b6de30f72984846cc15b4d981412ce7e4b383961f79591dee37d,960070,0,4,0,perfect_information,11.595205825388605,0.5823335126969921,19.911623790441176,0.9750004385521268,0.9500008361390051,0.24999900000000214,1.0825302019625622,0.0,0.0,1100.0,193.4389798490304,193.58609281423966,193.4389798490304,optimal,0.5590015598572791,0.5145878489129245,f10,confirmation
hourly_seed_960070,630a0f967c17b6de30f72984846cc15b4d981412ce7e4b383961f79591dee37d,960070,0,8,0,perfect_information,9.351420017210048,0.46964627875800435,19.911623790441176,0.9685317455512035,0.9500007968220914,0.2499990000000069,1.1143294465678246,0.0,0.0,1100.0,193.4389798490304,193.58609281423966,193.4389798490304,optimal,0.4886632696725428,0.4916084078140557,f10,confirmation
hourly_seed_960045,121e8ec90be074d5f15004ff6cdbaeb0f39ee8c25de1641a39d9c20c3bdba7dc,960045,0,4,0,perfect_information,6.182014755918574,0.31047265762857207,19.911623790441176,0.9625005963282572,0.9500006926565145,0.24999900000000147,0.5000009191200631,0.0,0.0,1100.0,193.4389798490304,193.58609281423966,193.4389798490304,optimal,0.9459380377084017,0.7847748822532594,f10,confirmation
hourly_seed_960045,121e8ec90be074d5f15004ff6cdbaeb0f39ee8c25de1641a39d9c20c3bdba7dc,960045,0,8,0,perfect_information,6.182014755918574,0.31047265762857207,19.911623790441176,0.9750004039551607,0.9500006926565145,0.24999900000000758,0.5000009191200631,0.0,1.0231815394945443e-12,1100.0,193.4389798490304,193.58609281423966,193.4389798490304,optimal,0.7091674488037825,0.9079095050692558,f10,confirmation
hourly_seed_960049,7d029265060d15806b6dc2ac6f87684f07b639e47eba881d491a15e2c7f1e32a,960049,0,4,0,perfect_information,9.35349947650755,0.469750713198881,19.911623790441176,0.9625006484336308,0.9500007968672616,0.2499990000000031,0.9500007968672616,0.0,0.0,1100.0,193.4389798490304,193.58609281423966,193.4389798490304,optimal,0.8224753718823195,0.8750235131010413,f10,confirmation
hourly_seed_960049,7d029265060d15806b6dc2ac6f87684f07b639e47eba881d491a15e2c7f1e32a,960049,0,8,0,perfect_information,7.012468158634451,0.3521796229396858,19.911623790441176,0.9594509611978,0.9500007290537403,0.2499990000000125,0.9500008645268662,0.0,4.547473508864641e-13,1100.0,193.4389798490304,193.58609281423966,193.4389798490304,optimal,0.85375558398664,0.7856489373371005,f10,confirmation
hourly_seed_960046,7104b3442d331db121a27cbcfb1b7ec20aa050857539324dcf6f5bf04225dc47,960046,0,4,0,perfect_information,10.73004126569409,0.5388832863970231,19.911623790441176,0.9750004335975773,0.9500008229268727,0.24999900000000042,0.5000009534017673,0.0,0.0,1100.0,193.4389798490304,193.58609281423966,193.4389798490304,optimal,0.8145551737397909,0.6933117019943893,f10,confirmation
hourly_seed_960046,7104b3442d331db121a27cbcfb1b7ec20aa050857539324dcf6f5bf04225dc47,960046,0,8,0,perfect_information,8.321136532414418,0.4179034628210022,19.911623790441176,0.9625006501036862,0.9500007716655638,0.24999900000000114,0.5000009399119348,0.0,0.0,1100.0,193.4389798490304,193.58609281423966,193.4389798490304,optimal,0.9573082369752228,0.8410040461458266,f10,confirmation
hourly_seed_960061,13db62a4de6f1e4fd640b3d4e7e4a5764899f6ef042147ccde1f577988ca1a9e,960061,0,4,0,perfect_information,9.141654081350168,0.45911143046699854,19.911623790441176,0.9625006460799684,0.9500007921599368,0.24999900000000536,0.9500008960799684,0.0,0.0,1100.0,193.4389798490304,193.58609281423966,193.4389798490304,optimal,0.7075496600009501,0.7517335587181151,f10,confirmation
hourly_seed_960061,13db62a4de6f1e4fd640b3d4e7e4a5764899f6ef042147ccde1f577988ca1a9e,960061,0,8,0,perfect_information,6.905250321816099,0.3467949371929702,19.911623790441176,0.968750521817536,0.9500007248467571,0.24999900000004513,0.9500008624233827,0.0,0.0,1100.0,193.4389798490304,193.58609281423966,193.4389798490304,optimal,0.4748723958618939,0.5844064252451062,f10,confirmation
hourly_seed_960050,c14a48ae98529f46f4fe2b35f2a1beffc56e73e2be412e2546e3a2aa5c786c8e,960050,0,4,0,perfect_information,10.729213537617573,0.5388417163028294,19.911623790441176,0.9750004335924546,0.9500008229132121,0.24999899999999767,1.2885754846575235,0.0,6.536993168992922e-12,1100.0,193.4389798490304,193.58609281423966,193.4389798490304,optimal,0.6010597781278193,0.7721390640363097,f10,confirmation
hourly_seed_960050,c14a48ae98529f46f4fe2b35f2a1beffc56e73e2be412e2546e3a2aa5c786c8e,960050,0,8,0,perfect_information,8.518822986447548,0.4278316563281552,19.911623790441176,0.9687505413615978,0.9500007769642564,0.2499990000000016,1.3764258652728785,0.0,6.821210263296962e-13,1100.0,193.4389798490304,193.58609281423966,193.4389798490304,optimal,0.905384698882699,0.7672328338958323,f10,confirmation
hourly_seed_960047,f56a579e2cd14992075c9011e9f658f47dc29110af38656784d90889adbb544b,960047,0,4,0,perfect_information,8.16231257036315,0.4099270183219096,19.911623790441176,0.9749729634214962,0.9500007672225852,0.2499990000000017,0.5000009387427238,0.0,0.0,1100.0,193.4389798490304,193.58609281423966,193.4389798490304,optimal,0.7474490823224187,0.7424310720525682,f10,confirmation
hourly_seed_960047,f56a579e2cd14992075c9011e9f658f47dc29110af38656784d90889adbb544b,960047,0,8,0,perfect_information,7.350811399307943,0.3691718704949012,19.911623790441176,0.962500636917126,0.9500007415248581,0.24999900000000225,0.5000009319801565,0.0,0.0,1100.0,193.4389798490304,193.58609281423966,193.4389798490304,optimal,0.9186572409234941,0.755197340156883,f10,confirmation
hourly_seed_960071,d055edfb55dd252f8e92c587b371a264cf3252d71c0a7ffccd4ef3b98ee3960e,960071,0,4,0,perfect_information,6.974039538577314,0.3502496638132189,19.911623790441176,0.9750003978352887,0.9500007275607699,0.2499990000000003,0.5000009283054042,0.0,0.0,1100.0,193.4389798490304,193.58609281423966,193.4389798490304,optimal,0.5848680278286338,0.46908628987148404,f10,confirmation
hourly_seed_960071,d055edfb55dd252f8e92c587b371a264cf3252d71c0a7ffccd4ef3b98ee3960e,960071,0,8,0,perfect_information,6.974039538577314,0.3502496638132189,19.911623790441176,0.972127364863023,0.9500007275607699,0.24999900000000147,0.5000009283054042,0.0,0.0,1100.0,193.4389798490304,193.58609281423966,193.4389798490304,optimal,0.5416150838136673,0.4969950309023261,f10,confirmation
hourly_seed_960066,4ffbb2df6c065a6e0a82cab3d055414c2f2e924b2c1b1235473a41ee190ab147,960066,0,4,0,perfect_information,10.970701527097539,0.5509697070695039,19.911623790441176,0.97125278014094,0.9500008268112612,0.24999899999999894,0.9500009134056305,0.0,0.0,1100.0,193.4389798490304,193.58609281423966,193.4389798490304,optimal,0.7441190332174301,0.6036101630888879,f10,confirmation
hourly_seed_960066,4ffbb2df6c065a6e0a82cab3d055414c2f2e924b2c1b1235473a41ee190ab147,960066,0,8,0,perfect_information,7.031124394329323,0.35311657493773574,19.911623790441176,0.9750004155539598,0.9500007297726714,0.24999900000001013,0.9500008648863357,0.0,0.0,1100.0,193.4389798490304,193.58609281423966,193.4389798490304,optimal,0.7312414841726422,0.6197246122173965,f10,confirmation
hourly_seed_960053,4f7beafc01bad43375227164c0e3ba6e5098771702da7d33c599b4162ae23d1c,960053,0,4,0,perfect_information,8.933424519055293,0.4486537418080335,19.911623790441176,0.975000420243269,0.9500007873153842,0.24999899999999858,0.5000009440303123,0.0,0.0,1100.0,193.4389798490304,193.58609281423966,193.4389798490304,optimal,0.9350293409079313,0.7320962799713016,f10,confirmation
hourly_seed_960053,4f7beafc01bad43375227164c0e3ba6e5098771702da7d33c599b4162ae23d1c,960053,0,8,0,perfect_information,8.933424519055293,0.4486537418080335,19.911623790441176,0.9750004335360576,0.9500007873153842,0.2499990000000002,0.5000009440303123,0.0,0.0,1100.0,193.4389798490304,193.58609281423966,193.4389798490304,optimal,0.8679812708869576,0.7612807182595134,f10,confirmation
hourly_seed_960063,367bce8fb6beace7c7b746a5f48cb4d57263380ae838b42c99ed969df5609d4c,960063,0,4,0,perfect_information,9.865601596361993,0.4954694654836788,19.911623790441176,0.9625006537057221,0.9500008074114443,0.24999900000000128,0.5000009493187525,0.0,0.0,1100.0,193.4389798490304,193.58609281423966,193.4389798490304,optimal,0.7974763698875904,0.4607046381570399,f10,confirmation
hourly_seed_960063,367bce8fb6beace7c7b746a5f48cb4d57263380ae838b42c99ed969df5609d4c,960063,0,8,0,perfect_information,8.328993069508835,0.41829803320748116,19.911623790441176,0.9625006501979169,0.9500007718809529,0.2499990000000023,0.5000009399686105,0.0,1.1368683772161603e-13,1100.0,193.4389798490304,193.58609281423966,193.4389798490304,optimal,0.9315467900596559,0.7407717918977141,f10,confirmation
hourly_seed_960075,b111af28bc6e2e0a53fef4ed90ef031f3d768729f9608fea6d0153eda1498397,960075,0,4,0,perfect_information,8.165719156300732,0.41009810361226223,19.911623790441176,0.9625006336598513,0.9500007673197025,0.2499990000000005,0.5000009387682903,0.0,0.0,1100.0,193.4389798490304,193.58609281423966,193.4389798490304,optimal,0.5067051197402179,0.4598130937665701,f10,confirmation
hourly_seed_960075,b111af28bc6e2e0a53fef4ed90ef031f3d768729f9608fea6d0153eda1498397,960075,0,8,0,perfect_information,8.165719156300732,0.41009810361226223,19.911623790441176,0.9625006482023699,0.9500007673197025,0.2499990000000016,0.5000009387682903,0.0,4.547473508864641e-13,1100.0,193.4389798490304,193.58609281423966,193.4389798490304,optimal,0.6531863370910287,0.4466740619391203,f10,confirmation
hourly_seed_960074,f09d14d843833769a982bfe562242b87cd01e25c4a6b0b924038dc6806671b82,960074,0,4,0,perfect_information,7.950766925330961,0.3993027896171796,19.911623790441176,0.9625006305145478,0.9500007610290957,0.24999900000007005,0.500000937112858,0.0,0.0,1100.0,193.4389798490304,193.58609281423966,193.4389798490304,optimal,0.831744909286499,0.5941298548132181,f10,confirmation
hourly_seed_960074,f09d14d843833769a982bfe562242b87cd01e25c4a6b0b924038dc6806671b82,960074,0,8,0,perfect_information,7.167148725010127,0.35994797814785984,19.911623790441176,0.9625006340193084,0.9500007349012708,0.24999900000000558,0.5000009302371135,0.0,0.0,1100.0,193.4389798490304,193.58609281423966,193.4389798490304,optimal,0.49723828164860606,0.4938745009712875,f10,confirmation
hourly_seed_960062,8b94c01da8079ee57a6f9f744c19aedc761faaf33e6c24b1c58503b230c05ba9,960062,0,4,0,perfect_information,8.019169256540438,0.4027380861017543,19.911623790441176,0.9625006315337411,0.9500007630674824,0.24999900000000055,1.4149966250018002,0.0,0.0,1100.0,193.4389798490304,193.58609281423966,193.4389798490304,optimal,0.7919818558730185,0.823515189345926,f10,confirmation
hourly_seed_960062,8b94c01da8079ee57a6f9f744c19aedc761faaf33e6c24b1c58503b230c05ba9,960062,0,8,0,perfect_information,8.019169256540438,0.4027380861017543,19.911623790441176,0.9670973204562003,0.9500007630674824,0.24999900000000427,0.9500008815337412,0.0,0.0,1100.0,193.4389798490304,193.58609281423966,193.4389798490304,optimal,0.8783893338404596,0.7524095741100609,f10,confirmation
hourly_seed_960069,790a9a5f835864d5637990744ee168a8a332b9fc58c0f9ea248a61cd7fbf63aa,960069,0,4,0,perfect_information,7.269361684486429,0.3650813093393306,19.911623790441176,0.950000901985791,0.950000869314388,0.2499989999999992,0.6037574447124212,0.0,5.684341886080801e-13,1100.0,193.4389798490304,193.58609281423966,193.4389798490304,optimal,0.5780212762765586,0.4535913350991905,f10,confirmation
hourly_seed_960069,790a9a5f835864d5637990744ee168a8a332b9fc58c0f9ea248a61cd7fbf63aa,960069,0,8,0,perfect_information,7.269361684486429,0.3650813093393306,19.911623790441176,0.9687505269857911,0.9500007386287759,0.2499990000000084,0.5000009312180337,0.0,2.2737367544323206e-13,1100.0,193.4389798490304,193.58609281423966,193.4389798490304,optimal,0.8436830821447074,0.7998698437586427,f10,confirmation
hourly_seed_960064,6cfd3f0d9d60cb768bd6391bd21a95d43910ad17f4b75da61943800be56dac11,960064,0,4,0,perfect_information,8.350488753667037,0.4193775877623699,19.911623790441176,0.9625006362340864,0.9500007724681729,0.24999899999999914,0.6818989872298026,0.0,0.0,1100.0,193.4389798490304,193.58609281423966,193.4389798490304,optimal,0.8799501238390803,0.7878268798813224,f10,confirmation
hourly_seed_960064,6cfd3f0d9d60cb768bd6391bd21a95d43910ad17f4b75da61943800be56dac11,960064,0,8,0,perfect_information,7.575990699015114,0.3804808075297236,19.911623790441176,0.9576816258720128,0.9500007492074509,0.24999900000000183,0.500000934001893,0.0,0.0,1100.0,193.4389798490304,193.58609281423966,193.4389798490304,optimal,0.7807250069454312,0.853460272308439,f10,confirmation
hourly_seed_960081,72035540ad11c1279d99fa40290ea5e73f4b12ab03aca9fa0a8a688b7bef3a02,960081,0,4,0,perfect_information,8.224019454148777,0.4130260565738903,19.911623790441176,0.9750004133634407,0.9500007689691726,0.24999900000000705,0.500000939202353,0.0,0.0,1100.0,193.4389798490304,193.58609281423966,193.4389798490304,optimal,0.5056927348487079,0.49515785882249475,f10,confirmation
hourly_seed_960081,72035540ad11c1279d99fa40290ea5e73f4b12ab03aca9fa0a8a688b7bef3a02,960081,0,8,0,perfect_information,8.224019454148777,0.4130260565738903,19.911623790441176,0.9562507594845889,0.9500007689691726,0.24999900000000336,0.500000939202353,0.0,0.0,1100.0,193.4389798490304,193.58609281423966,193.4389798490304,optimal,0.45777461118996143,0.49913783418014646,f10,confirmation
hourly_seed_960087,0987f24ef5308e51985a38e518c647954c2d198d0a492ee7c0da4d9cac3d2d9d,960087,0,4,0,perfect_information,9.19482236342987,0.461781643737361,19.911623790441176,0.9625006466808772,0.9500007933617544,0.24999900000000042,1.307667711622862,0.0,0.0,1100.0,193.4389798490304,193.58609281423966,193.4389798490304,optimal,0.47492836602032185,0.5158747863024473,f10,confirmation
hourly_seed_960087,0987f24ef5308e51985a38e518c647954c2d198d0a492ee7c0da4d9cac3d2d9d,960087,0,8,0,perfect_information,6.744974424526741,0.33874557371683317,19.911623790441176,0.9750004119714063,0.9500007183085001,0.24999900000003006,1.4375760035055296,0.0,0.0,1100.0,193.4389798490304,193.58609281423966,193.4389798490304,optimal,0.5648423261009157,0.5377971814014018,f10,confirmation
hourly_seed_960078,66ff7cd32e4583820bbd477a80a966cf19df160d969377fb7c3a201e48c12d15,960078,0,4,0,perfect_information,7.512362636651428,0.3772852839986778,19.911623790441176,0.9750004051562378,0.9500007470833007,0.24999900000000003,0.5000009334429076,0.0,0.0,1100.0,193.4389798490304,193.58609281423966,193.4389798490304,optimal,0.4614373240619898,0.4873814210295677,f10,confirmation
hourly_seed_960078,66ff7cd32e4583820bbd477a80a966cf19df160d969377fb7c3a201e48c12d15,960078,0,8,0,perfect_information,6.898182544484604,0.34643997983711217,19.911623790441176,0.9687505217118147,0.9500007245648392,0.24999899999999833,0.5000009275169939,0.0,0.0,1100.0,193.4389798490304,193.58609281423966,193.4389798490304,optimal,0.7835199041292071,0.8759262198582292,f10,confirmation
hourly_seed_960076,2f6b0962c49a8e8c929293defc857340b16d174307780745f1b10895bd31d653,960076,0,4,0,perfect_information,9.340009506607412,0.4690732209942215,19.911623790441176,0.9750004237152008,0.9500007965738667,0.2499989999999993,0.5000009464667561,0.0,0.0,1100.0,193.4389798490304,193.58609281423966,193.4389798490304,optimal,0.5242732078768313,0.570256378967315,f10,confirmation
hourly_seed_960076,2f6b0962c49a8e8c929293defc857340b16d174307780745f1b10895bd31d653,960076,0,8,0,perfect_information,7.870722362846131,0.39528279791146764,19.911623790441176,0.9687505344745425,0.9500007585987751,0.24999900000000053,0.5000009364732965,0.0,0.0,1100.0,193.4389798490304,193.58609281423966,193.4389798490304,optimal,0.7647272390313447,0.9001671182923019,f10,confirmation
hourly_seed_960067,1890d2550627f3309bfada6a3fb8ff33311d5eb36e628f6443e62a94d8ca8acf,960067,0,4,0,perfect_information,7.222335976309022,0.36271958793115583,19.911623790441176,0.964415437112074,0.9500007369269489,0.2499990000000054,0.5000009307701894,0.0,4.718003765447065e-12,1100.0,193.4389798490304,193.58609281423966,193.4389798490304,optimal,0.9654536070302129,0.8568955431692302,f10,confirmation
hourly_seed_960067,1890d2550627f3309bfada6a3fb8ff33311d5eb36e628f6443e62a94d8ca8acf,960067,0,8,0,perfect_information,7.222335976309022,0.36271958793115583,19.911623790441176,0.9750004177896715,0.9500007369269489,0.2499990000000019,0.5000009307701894,0.0,0.0,1100.0,193.4389798490304,193.58609281423966,193.4389798490304,optimal,0.7710525570437312,0.8742396789602935,f10,confirmation
hourly_seed_960088,547e0d5aaa2634ff3865dc3a3c04521a3e74aa76e720906dfc1cb54c59061b77,960088,0,4,0,perfect_information,6.13186746956855,0.3079541645675442,19.911623790441176,0.9625005950715079,0.9500006901430157,0.24999900000000239,0.5000009184586015,0.0,0.0,1100.0,193.4389798490304,193.58609281423966,193.4389798490304,optimal,0.437553146854043,0.672851346898824,f10,confirmation
hourly_seed_960088,547e0d5aaa2634ff3865dc3a3c04521a3e74aa76e720906dfc1cb54c59061b77,960088,0,8,0,perfect_information,6.13186746956855,0.3079541645675442,19.911623790441176,0.9500008838036308,0.9500008450715078,0.2499990000000052,0.5000009184586015,0.0,4.661160346586257e-12,1100.0,193.4389798490304,193.58609281423966,193.4389798490304,optimal,0.4994418160058558,0.5313523006625473,f10,confirmation
hourly_seed_960085,ca24f226c05e22f12d3ae4e84a9043abb2d74b5cd99054cb1fc6811ce056040d,960085,0,4,0,perfect_information,8.691445603657554,0.4365010957986255,19.911623790441176,0.9750004180227568,0.9500007813940159,0.2499990000000021,0.5000009424720552,0.0,0.0,1100.0,193.4389798490304,193.58609281423966,193.4389798490304,optimal,0.9246859070844948,0.4806002206169069,f10,confirmation
hourly_seed_960085,ca24f226c05e22f12d3ae4e84a9043abb2d74b5cd99054cb1fc6811ce056040d,960085,0,8,0,perfect_information,8.691445603657554,0.4365010957986255,19.911623790441176,0.9500009043598839,0.9500007813940159,0.24999900000000036,0.5744717001961371,0.0,0.0,1100.0,193.4389798490304,193.58609281423966,193.4389798490304,optimal,0.5270320447161794,0.4672030978836119,f10,confirmation
hourly_seed_960077,b24791570b4986414e13189bc56db445a11a59b793bea81143b579c4b97537f1,960077,0,4,0,perfect_information,10.05259350343192,0.5048605582964958,19.911623790441176,0.9625006554969266,0.9500008109938533,0.24999900000001535,0.9537254457361873,0.0,0.0,1100.0,193.4389798490304,193.58609281423966,193.4389798490304,optimal,0.5772898620925844,0.7820650348439813,f10,confirmation
hourly_seed_960077,b24791570b4986414e13189bc56db445a11a59b793bea81143b579c4b97537f1,960077,0,8,0,perfect_information,7.826783502595611,0.3930761039364834,19.911623790441176,0.9687505339663416,0.9500007572435776,0.24999900000000044,0.9547847389395077,0.0,0.0,1100.0,193.4389798490304,193.58609281423966,193.4389798490304,optimal,0.8318219189532101,0.7744833189062774,f10,confirmation
hourly_seed_960072,904802464baf058fd109902410351bd41c1786ee1b8bb1ef76674aa1f1cb9f32,960072,0,4,0,perfect_information,8.379580255203562,0.42083861885871326,19.911623790441176,0.975000414971787,0.9500007732580984,0.24999900000000427,0.5000009403310195,0.0,0.0,1100.0,193.4389798490304,193.58609281423966,193.4389798490304,optimal,0.799712723121047,0.7050753440707922,f10,confirmation
hourly_seed_960072,904802464baf058fd109902410351bd41c1786ee1b8bb1ef76674aa1f1cb9f32,960072,0,8,0,perfect_information,8.379580255203562,0.42083861885871326,19.911623790441176,0.9625006508004181,0.9500007732580984,0.2499989999999987,0.5000009403310195,0.0,9.606537787476555e-12,1100.0,193.4389798490304,193.58609281423966,193.4389798490304,optimal,0.9060002728365362,0.8810028308071196,f10,confirmation
hourly_seed_960082,3da423d573e62b05c9ca588a6ad5d289be32fd7ea648dd731e18623da43b3b5d,960082,0,4,0,perfect_information,7.4852218880791455,0.3759222234638905,19.911623790441176,0.9750004048123427,0.9500007461662472,0.24999900000004271,0.612276812213422,0.0,0.0,1100.0,193.4389798490304,193.58609281423966,193.4389798490304,optimal,0.6828847983852029,0.505457472987473,f10,confirmation
hourly_seed_960082,3da423d573e62b05c9ca588a6ad5d289be32fd7ea648dd731e18623da43b3b5d,960082,0,8,0,perfect_information,6.132323729643044,0.30797707882502995,19.911623790441176,0.9687505088122761,0.9500006901660698,0.2499990000000122,0.6511849982028477,0.0,0.0,1100.0,193.4389798490304,193.58609281423966,193.4389798490304,optimal,0.840433491859585,0.627545699942857,f10,confirmation
hourly_seed_960073,c4757c574c2a856c54989624e41e7750898ebeda3c50571b14b947ac14330590,960073,0,4,0,perfect_information,9.154826185491602,0.4597729588425878,19.911623790441176,0.96250064622949,0.9500007924589802,0.2499990000000176,0.95000089622949,0.0,0.0,1100.0,193.4389798490304,193.58609281423966,193.4389798490304,optimal,0.8039324688725173,0.7056690366007388,f10,confirmation
hourly_seed_960073,c4757c574c2a856c54989624e41e7750898ebeda3c50571b14b947ac14330590,960073,0,8,0,perfect_information,4.778651645788949,0.23999306616484994,19.911623790441176,0.9674710575770944,0.9500006023978932,0.24999899999999842,0.9500008011989466,0.0,0.0,1100.0,193.4389798490304,193.58609281423966,193.4389798490304,optimal,0.9110039840452373,0.7556751342490315,f10,confirmation
hourly_seed_960083,3d417bf1327fe5ac4ffc76906864985e405744a5362001a83892f4b9330b184f,960083,0,4,0,perfect_information,8.51066660784141,0.4274220273249167,19.911623790441176,0.9628296513140499,0.9500007767505055,0.24999899999999975,0.5000009412500768,0.0,0.0,1100.0,193.4389798490304,193.58609281423966,193.4389798490304,optimal,0.9110023737885058,0.8328369949012995,f10,confirmation
hourly_seed_960083,3d417bf1327fe5ac4ffc76906864985e405744a5362001a83892f4b9330b184f,960083,0,8,0,perfect_information,8.51066660784141,0.4274220273249167,19.911623790441176,0.9625006523283482,0.9500007767505055,0.24999900000000302,0.5000009412500768,0.0,0.0,1100.0,193.4389798490304,193.58609281423966,193.4389798490304,optimal,0.5084543521516025,0.4874061020091176,f10,confirmation
hourly_seed_960079,abe328d09f3575ce85ac110de37755ea4d80294376f0d44873979b5edd7c1e06,960079,0,4,0,perfect_information,7.695307825821377,0.38647314286420004,19.911623790441176,0.9750004074110157,0.9500007530960418,0.24999899999999783,0.5000009350252087,0.0,0.0,1100.0,193.4389798490304,193.58609281423966,193.4389798490304,optimal,0.6943485881201923,0.7442758739925921,f10,confirmation
hourly_seed_960079,abe328d09f3575ce85ac110de37755ea4d80294376f0d44873979b5edd7c1e06,960079,0,8,0,perfect_information,6.136932069070727,0.30820851848440595,19.911623790441176,0.9625006145494434,0.9500006903987208,0.24999900000000447,0.5000009185259064,0.0,0.0,1100.0,193.4389798490304,193.58609281423966,193.4389798490304,optimal,0.7201682063750923,0.7577734771184623,f10,confirmation
hourly_seed_960091,35579230dbf31ac92aa9d76743556baa63910af210e36963ce65d0ad3622721a,960091,0,4,0,perfect_information,10.960500049683631,0.5504573692751947,19.911623790441176,0.9625006633250329,0.9500008266500658,0.24999899999999753,0.500000954381552,0.0,0.0,1100.0,193.4389798490304,193.58609281423966,193.4389798490304,optimal,0.5035526109859347,0.5402819360606372,f10,confirmation
hourly_seed_960091,35579230dbf31ac92aa9d76743556baa63910af210e36963ce65d0ad3622721a,960091,0,8,0,perfect_information,8.10642803004384,0.4071203893444106,19.911623790441176,0.9500009267555808,0.9500008828089292,0.24999900000000122,0.5000009383204335,0.0,3.808509063674137e-12,1100.0,193.4389798490304,193.58609281423966,193.4389798490304,optimal,0.550048585049808,0.7163224332034588,f10,confirmation
hourly_seed_960084,c5acf6c8df0fa70252ca8ca4d793a42e2357a571b146e7ebdb303cf879752bd6,960084,0,4,0,perfect_information,8.116736671351047,0.4076381091153193,19.911623790441176,0.9633283270581109,0.950000765915528,0.24999900000000105,0.5000009383987674,0.0,0.0,1100.0,193.4389798490304,193.58609281423966,193.4389798490304,optimal,0.9102095188573003,0.5410003801807761,f10,confirmation
hourly_seed_960084,c5acf6c8df0fa70252ca8ca4d793a42e2357a571b146e7ebdb303cf879752bd6,960084,0,8,0,perfect_information,7.318869244542971,0.36756767411688873,19.911623790441176,0.9625006364235938,0.9500007403967805,0.24999899999999986,0.5000009316832997,0.0,8.810729923425242e-12,1100.0,193.4389798490304,193.58609281423966,193.4389798490304,optimal,0.6143030887469649,0.5636981590650976,f10,confirmation
hourly_seed_960096,c0977ccca51752ca516b71b0130fd763f810975faf6f2803e10acc5e6016f1a1,960096,0,4,0,perfect_information,9.463068191663574,0.47525346457210776,19.911623790441176,0.9625006496096232,0.9500007992192464,0.24999900000000108,0.5000009471629084,0.0,0.0,1100.0,193.4389798490304,193.58609281423966,193.4389798490304,optimal,0.5431205029599369,0.45313736284151673,f10,confirmation
hourly_seed_960096,c0977ccca51752ca516b71b0130fd763f810975faf6f2803e10acc5e6016f1a1,960096,0,8,0,perfect_information,8.90185610822032,0.4470683155682043,19.911623790441176,0.9625006566205017,0.9500007865611465,0.2499990000000006,0.5000009438318225,0.0,1.0800249583553523e-12,1100.0,193.4389798490304,193.58609281423966,193.4389798490304,optimal,0.4682404948398471,0.6383878760971129,f10,confirmation
hourly_seed_960090,3e6a08b396d53ab7ba5045fdc8833793e811292fc7b58eac914e8fb30fb20d57,960090,0,4,0,perfect_information,8.782423741993506,0.4410701926886354,19.911623790441176,0.9500009459146468,0.9500008918292935,0.24999900000000186,0.5000009430679894,0.0,6.650680006714538e-12,1100.0,193.4389798490304,193.58609281423966,193.4389798490304,optimal,0.5976018756628036,0.48926283325999975,f10,confirmation
hourly_seed_960090,3e6a08b396d53ab7ba5045fdc8833793e811292fc7b58eac914e8fb30fb20d57,960090,0,8,0,perfect_information,8.782423741993506,0.4410701926886354,19.911623790441176,0.9687505438719691,0.9500007836585805,0.24999900000000072,0.5000009430679894,0.0,0.0,1100.0,193.4389798490304,193.58609281423966,193.4389798490304,optimal,0.9668619558215141,0.9864903758279979,f10,confirmation
hourly_seed_960000,f8067658f6886e1d1b92a928fcca9147d2c4c1eb774b739f0156a17fd0392505,960000,0,4,0,perfect_information,14.982533820065797,0.37949734491528697,39.47994372242647,0.9750004524445749,0.9500008731855344,0.24999900000000058,0.5000009666277414,0.0,0.0,1100.0,200.10439074112588,200.39608024110973,200.10439074112588,optimal,0.5073677841573954,0.5308639290742576,f20,confirmation
hourly_seed_960000,f8067658f6886e1d1b92a928fcca9147d2c4c1eb774b739f0156a17fd0392505,960000,0,8,0,perfect_information,14.982533820065797,0.37949734491528697,39.47994372242647,0.9636151589539813,0.9500008731855344,0.24999900000000133,0.5000009666277414,0.0,0.0,1100.0,200.10439074112588,200.39608024110973,200.10439074112588,optimal,0.5743296230211854,0.4962156070396304,f20,confirmation
hourly_seed_960097,20fc8754ce09cb934defad5fae72e116f32b2c6954f5aa24af771d0fdcdb8c2a,960097,0,4,0,perfect_information,6.301948301320351,0.3164959506891487,19.911623790441176,0.9750003869396094,0.9500006985056253,0.24999900000002523,0.5000009206592998,0.0,0.0,1100.0,193.4389798490304,193.58609281423966,193.4389798490304,optimal,0.5520392470061779,0.4884974188171327,f10,confirmation
hourly_seed_960097,20fc8754ce09cb934defad5fae72e116f32b2c6954f5aa24af771d0fdcdb8c2a,960097,0,8,0,perfect_information,6.301948301320351,0.3164959506891487,19.911623790441176,0.9687505119396095,0.9500006985056253,0.24999900000000091,0.5000009206592998,0.0,0.0,1100.0,193.4389798490304,193.58609281423966,193.4389798490304,optimal,0.7661613081581891,0.5837749419733882,f10,confirmation
hourly_seed_960080,cbeb81145de575ec7ab3938f03ba1bed04b0548ebcd827f6acc24dfeb0b34550,960080,0,4,0,perfect_information,10.436221748381202,0.524127105765791,19.911623790441176,0.9750004317280953,0.9500008179415876,0.24999900000000197,0.5000009520898493,0.0,0.0,1100.0,193.4389798490304,193.58609281423966,193.4389798490304,optimal,0.9539501857943833,0.758102647960186,f10,confirmation
hourly_seed_960080,cbeb81145de575ec7ab3938f03ba1bed04b0548ebcd827f6acc24dfeb0b34550,960080,0,8,0,perfect_information,8.530732660224798,0.4284297830255352,19.911623790441176,0.9687505414783647,0.9500007772756345,0.2499989999999989,0.5000009413882655,0.0,0.0,1100.0,193.4389798490304,193.58609281423966,193.4389798490304,optimal,0.8841333598829806,1.0245253080502152,f10,confirmation
hourly_seed_960094,eb6004ab814668a09f955af7502fb018fee80c4f3e9f73375425fffac0d4e485,960094,0,4,0,perfect_information,9.079434750511819,0.4559866561395417,19.911623790441176,0.9750004215258707,0.9500007907356554,0.2499990000000135,0.500000944930379,0.0,0.0,1100.0,193.4389798490304,193.58609281423966,193.4389798490304,optimal,0.7589243538677692,0.6606818516738713,f10,confirmation
hourly_seed_960094,eb6004ab814668a09f955af7502fb018fee80c4f3e9f73375425fffac0d4e485,960094,0,8,0,perfect_information,7.0286208262892655,0.3529908409410308,19.911623790441176,0.9687505236286565,0.9500007296764175,0.24999899999999858,0.5000009288621509,0.0,0.0,1100.0,193.4389798490304,193.58609281423966,193.4389798490304,optimal,0.6136016552336514,0.48733260203152895,f10,confirmation
hourly_seed_960003,49f67b1aaab4cdbe451eb16c408d8af87000b2fc23045edeb5c7c0945d0e9dd2,960003,0,4,0,perfect_information,17.454208934722875,0.44210318680895333,39.47994372242647,0.9625006955718102,0.950000891143619,0.24999900000000122,0.500000971353555,0.0,0.0,1100.0,200.10439074112588,200.39608024110973,200.10439074112588,optimal,0.5768647603690624,0.4789896411821246,f20,confirmation
hourly_seed_960003,49f67b1aaab4cdbe451eb16c408d8af87000b2fc23045edeb5c7c0945d0e9dd2,960003,0,8,0,perfect_information,17.454208934722875,0.44210318680895333,39.47994372242647,0.9625007023753342,0.950000891143619,0.24999900000000155,0.500000971353555,0.0,5.229594535194337e-12,1100.0,200.10439074112588,200.39608024110973,200.10439074112588,optimal,0.4840137818828225,0.5072818640619516,f20,confirmation
hourly_seed_960089,fa0b33e7d892049facea4d59bddd4efc503d38e7bbb548cd57f114145d8f05f3,960089,0,4,0,perfect_information,10.109841288831806,0.5077356520609415,19.911623790441176,0.9750004295240434,0.9500008120641157,0.24999900000000064,0.5000009505431405,0.0,9.094947017729282e-13,1100.0,193.4389798490304,193.58609281423966,193.4389798490304,optimal,0.9302649418823421,0.8234380381181836,f10,confirmation
hourly_seed_960089,fa0b33e7d892049facea4d59bddd4efc503d38e7bbb548cd57f114145d8f05f3,960089,0,8,0,perfect_information,9.674602504356377,0.48587712414498263,19.911623790441176,0.9625006640790658,0.9500008036092937,0.24999900000000064,0.5000009483181884,0.0,1.4779288903810084e-12,1100.0,193.4389798490304,193.58609281423966,193.4389798490304,optimal,0.8103650882840157,0.7417737091891468,f10,confirmation
hourly_seed_960098,b839ee012eab0ac50fbe26cf85a1df8025f68dd78210575438aa63a42054519f,960098,0,4,0,perfect_information,7.511382150655888,0.3772360421083197,19.911623790441176,0.9750004051438574,0.9500007470502866,0.2499989999999976,0.5000009334342246,0.0,2.2737367544323206e-13,1100.0,193.4389798490304,193.58609281423966,193.4389798490304,optimal,0.7464318070560694,0.4434185829013586,f10,confirmation
hourly_seed_960098,b839ee012eab0ac50fbe26cf85a1df8025f68dd78210575438aa63a42054519f,960098,0,8,0,perfect_information,7.511382150655888,0.3772360421083197,19.911623790441176,0.9687505301438574,0.9500007470502866,0.2499990000000018,0.5000009334342246,0.0,2.7853275241795927e-12,1100.0,193.4389798490304,193.58609281423966,193.4389798490304,optimal,0.5507382396608591,0.8820992871187627,f10,confirmation
hourly_seed_960002,728d2bb62414c6b1160cb0b99f9d2da7c0d7288dc546c7fde17e0c5a59fa7304,960002,0,4,0,perfect_information,15.291556525869671,0.38732467891496375,39.47994372242647,0.9625006878741478,0.9500008757482955,0.24999900000000164,0.5000009673021509,0.0,0.0,1100.0,200.10439074112588,200.39608024110973,200.10439074112588,optimal,0.7725028465501964,0.5505487690679729,f20,confirmation
hourly_seed_960002,728d2bb62414c6b1160cb0b99f9d2da7c0d7288dc546c7fde17e0c5a59fa7304,960002,0,8,0,perfect_information,15.291556525869671,0.38732467891496375,39.47994372242647,0.9500009456398792,0.9500009378741477,0.24999900000000375,0.5000009673021509,0.0,0.0,1100.0,200.10439074112588,200.39608024110973,200.10439074112588,optimal,0.5885044611059129,0.5129172489978373,f20,confirmation
hourly_seed_960093,590759f6b3a493acbb9d6fb81fc35a482e19f724f27e2d024f1e2f4091e2ac81,960093,0,4,0,perfect_information,11.54414521515908,0.5797691507561021,19.911623790441176,0.9750004382803372,0.950000835414231,0.24999899999999958,0.500000956687913,0.0,0.0,1100.0,193.4389798490304,193.58609281423966,193.4389798490304,optimal,0.8337570806033909,0.8127239630557597,f10,confirmation
hourly_seed_960093,590759f6b3a493acbb9d6fb81fc35a482e19f724f27e2d024f1e2f4091e2ac81,960093,0,8,0,perfect_information,8.792063329905394,0.4415543113126783,19.911623790441176,0.9630305249745514,0.9500007838957766,0.24999900000000136,0.5000009431304085,0.0,0.0,1100.0,193.4389798490304,193.58609281423966,193.4389798490304,optimal,0.7080119019374251,0.5295715508982539,f10,confirmation
hourly_seed_960086,8495a3c46ddbe3e34b3eda4ad43a275188b923644f7c2622c83888ccb6f3b739,960086,0,4,0,perfect_information,7.387035089601292,0.3709910938126267,19.911623790441176,0.9750004035471299,0.9500007427923465,0.24999900000000247,0.5000009323137056,0.0,1.0231815394945443e-12,1100.0,193.4389798490304,193.58609281423966,193.4389798490304,optimal,0.9196847472339869,0.8032488049939275,f10,confirmation
hourly_seed_960086,8495a3c46ddbe3e34b3eda4ad43a275188b923644f7c2622c83888ccb6f3b739,960086,0,8,0,perfect_information,5.571141826812084,0.2797934455494574,19.911623790441176,0.9750003934238908,0.9500006589564441,0.24999900000000158,0.500000910251614,0.0,0.0,1100.0,193.4389798490304,193.58609281423966,193.4389798490304,optimal,0.8699230928905308,1.021713970694691,f10,confirmation
hourly_seed_960095,281aa487f94f1c05da56608e891e9bd25700057e0e10273354a85e0dd4c3f524,960095,0,4,0,perfect_information,9.242566560707758,0.4641794490484883,19.911623790441176,0.9724928834677092,0.9500007944291826,0.24999900000000305,0.500000945902362,0.0,0.0,1100.0,193.4389798490304,193.58609281423966,193.4389798490304,optimal,0.8850859059020877,0.9232875988818705,f10,confirmation
hourly_seed_960095,281aa487f94f1c05da56608e891e9bd25700057e0e10273354a85e0dd4c3f524,960095,0,8,0,perfect_information,8.628095451920972,0.43331952947318125,19.911623790441176,0.9625006536576612,0.9500007797889429,0.2499990000000049,0.5000009420496647,0.0,0.0,1100.0,193.4389798490304,193.58609281423966,193.4389798490304,optimal,0.6486829589121044,0.47419741190969944,f10,confirmation
hourly_seed_960099,da3ae17b69fb8b337e286d2699449c4c6b36305bed40517a4d17cc7589ca5666,960099,0,4,0,perfect_information,11.2721118805985,0.5661071140772466,19.911623790441176,0.9625006657211186,0.9500008314422371,0.24999900000000405,0.5000009556426558,0.0,0.0,1100.0,193.4389798490304,193.58609281423966,193.4389798490304,optimal,0.5443860599771142,0.7257866109721363,f10,confirmation
hourly_seed_960099,da3ae17b69fb8b337e286d2699449c4c6b36305bed40517a4d17cc7589ca5666,960099,0,8,0,perfect_information,7.679957176602289,0.3857022037694961,19.911623790441176,0.974378270691797,0.9500007526025244,0.24999899999999903,0.5000009348953364,0.0,0.0,1100.0,193.4389798490304,193.58609281423966,193.4389798490304,optimal,0.7383473180234432,0.7205415992066264,f10,confirmation
hourly_seed_960092,b1330f3cda109297588a82c2df88b58b11db1796d1c3ca1a92f588dc11ce3cca,960092,0,4,0,perfect_information,8.622820592874602,0.43305461591806965,19.911623790441176,0.9625006398271198,0.9500007796542395,0.2499990000000034,0.5000009420142226,0.0,4.376943252282217e-12,1100.0,193.4389798490304,193.58609281423966,193.4389798490304,optimal,0.8433657502755523,0.739932888187468,f10,confirmation
hourly_seed_960092,b1330f3cda109297588a82c2df88b58b11db1796d1c3ca1a92f588dc11ce3cca,960092,0,8,0,perfect_information,7.466968389295032,0.3750054976872174,19.911623790441176,0.9637885930254744,0.9500007455457338,0.24999900000000125,0.5000009330382845,0.0,4.206412995699793e-12,1100.0,193.4389798490304,193.58609281423966,193.4389798490304,optimal,0.8360458659008145,0.8003444368951023,f10,confirmation
hourly_seed_960006,2953870cc7306d04ea1ea45bc48b69c1e3a25389d94b32c741a0d5ccad7f442f,960006,0,4,0,perfect_information,19.650458270153354,0.4977326818982006,39.47994372242647,0.9747768653346872,0.950000903310043,0.2499990000000019,0.7447535324851587,0.0,0.0,1100.0,200.10439074112588,200.39608024110973,200.10439074112588,optimal,0.6658239741809666,0.47917037177830935,f20,confirmation
hourly_seed_960006,2953870cc7306d04ea1ea45bc48b69c1e3a25389d94b32c741a0d5ccad7f442f,960006,0,8,0,perfect_information,15.070756803535081,0.3817319728086183,39.47994372242647,0.9562508119639496,0.950000873927896,0.24999900000000252,0.9500009369639499,0.0,0.0,1100.0,200.10439074112588,200.39608024110973,200.10439074112588,optimal,0.5724140517413616,0.7639204352162778,f20,confirmation
hourly_seed_960001,10828cc3178c852fd000d081eef6588f6ed4c69b72c0cf0390f573e2b5c89f85,960001,0,4,0,perfect_information,19.782988662846332,0.5010895861943355,39.47994372242647,0.962500701978894,0.9500009039577866,0.24999900000000053,0.5000009747257124,0.0,3.183231456205249e-12,1100.0,200.10439074112588,200.39608024110973,200.10439074112588,optimal,0.4988906621001661,0.6814513001590967,f20,confirmation
hourly_seed_960001,10828cc3178c852fd000d081eef6588f6ed4c69b72c0cf0390f573e2b5c89f85,960001,0,8,0,perfect_information,16.464516904196223,0.41703496387821853,39.47994372242647,0.9625006995125869,0.9500008846001962,0.24999899999999925,0.5000009696316022,0.0,0.0,1100.0,200.10439074112588,200.39608024110973,200.10439074112588,optimal,0.6583311092108488,0.847588115837425,f20,confirmation
hourly_seed_960008,38dd2cdbb1f909eb75bd1ed551049b76e7b8d15cf664c4151dc0f3ed784ad39d,960008,0,4,0,perfect_information,14.890696683766643,0.3771711730001283,39.47994372242647,0.9750004521512827,0.9500008724034206,0.2499990000000009,0.5000009664219227,0.0,0.0,1100.0,200.10439074112588,200.39608024110973,200.10439074112588,optimal,0.9115056479349732,0.5158524662256241,f20,confirmation
hourly_seed_960008,38dd2cdbb1f909eb75bd1ed551049b76e7b8d15cf664c4151dc0f3ed784ad39d,960008,0,8,0,perfect_information,12.848708305410753,0.3254490025554945,39.47994372242647,0.9687505695468961,0.9500008521250562,0.24999900000003922,0.5000009610855054,0.0,0.0,1100.0,200.10439074112588,200.39608024110973,200.10439074112588,optimal,0.5678251851350069,0.5338743356987834,f20,confirmation
hourly_seed_960013,e49433a44ae8d9aa24ab9828318cb8a60f8db9f3c97da8cac140ce884d3ad1be,960013,0,4,0,perfect_information,23.960866178166942,0.6069123691419054,39.47994372242647,0.9625007103519766,0.9500009207039534,0.24999900000000128,0.9500009603519767,0.0,0.0,1100.0,200.10439074112588,200.39608024110973,200.10439074112588,optimal,0.8231825768016279,0.5216787219978869,f20,confirmation
hourly_seed_960013,e49433a44ae8d9aa24ab9828318cb8a60f8db9f3c97da8cac140ce884d3ad1be,960013,0,8,0,perfect_information,20.496097637735193,0.5191521492998594,39.47994372242647,0.9625007094434569,0.9500009072993283,0.24999900000000175,0.9500009536496655,0.0,0.0,1100.0,200.10439074112588,200.39608024110973,200.10439074112588,optimal,0.5108835459686816,0.6350085963495076,f20,confirmation
hourly_seed_960010,34eb7cefd802a6df5eee809d5de29170af1b7f4fa1b98b76e652e38d0adf9218,960010,0,4,0,perfect_information,19.507338218578276,0.49410754877791757,39.47994372242647,0.9750004634752457,0.9500009026006551,0.2499989999999994,0.5000009743685676,0.0,0.0,1100.0,200.10439074112588,200.39608024110973,200.10439074112588,optimal,0.589437167160213,0.4805609001778066,f20,confirmation
hourly_seed_960010,34eb7cefd802a6df5eee809d5de29170af1b7f4fa1b98b76e652e38d0adf9218,960010,0,8,0,perfect_information,13.843701495567586,0.35065150023766906,39.47994372242647,0.9687505735324979,0.9500008627533277,0.24999900000000047,0.5000009638824192,0.0,0.0,1100.0,200.10439074112588,200.39608024110973,200.10439074112588,optimal,0.770229852758348,0.7992637599818408,f20,confirmation
hourly_seed_960012,3c845fe257801f41725e3e4b9159531204a534972d4f22f24d9a34ced306c454,960012,0,4,0,perfect_information,19.582166219792384,0.49600289092278493,39.47994372242647,0.9731737318497752,0.9500009029728378,0.2499990000000008,0.5000009744665133,0.0,0.0,1100.0,200.10439074112588,200.39608024110973,200.10439074112588,optimal,0.5357511276379228,0.5266365720890462,f20,confirmation
hourly_seed_960012,3c845fe257801f41725e3e4b9159531204a534972d4f22f24d9a34ced306c454,960012,0,8,0,perfect_information,14.963210189245018,0.3790078905493781,39.47994372242647,0.9687505773831628,0.9500008730217651,0.24999899999999992,0.5000009665846414,0.0,0.0,1100.0,200.10439074112588,200.39608024110973,200.10439074112588,optimal,0.9252611519768834,0.8289174432866275,f20,confirmation
hourly_seed_960018,72413ae6ebd5f04dcb5da4673e4234252a1e3992925aa02701c4ee11969ddfe6,960018,0,4,0,perfect_information,19.620630519791792,0.4969771653612148,39.47994372242647,0.9625007015815262,0.9500009031630526,0.24999899999999947,0.500000974516569,0.0,0.0,1100.0,200.10439074112588,200.39608024110973,200.10439074112588,optimal,0.506168358027935,0.4803062789142132,f20,confirmation
hourly_seed_960018,72413ae6ebd5f04dcb5da4673e4234252a1e3992925aa02701c4ee11969ddfe6,960018,0,8,0,perfect_information,14.528963633228274,0.3680087219824262,39.47994372242647,0.9625006927866377,0.9500008692266008,0.24999900000000025,0.5000009655859156,0.0,0.0,1100.0,200.10439074112588,200.39608024110973,200.10439074112588,optimal,0.4825071329250932,0.5169018120504916,f20,confirmation
hourly_seed_960007,f5e19a2af69befa8fb690277292ddd3715b3ff105a6b39f46700f300c3208733,960007,0,4,0,perfect_information,18.33503780802186,0.46441398034736037,39.47994372242647,0.9750004611399355,0.9500008963731604,0.24999900000000394,0.9500009481865818,0.0,0.0,1100.0,200.10439074112588,200.39608024110973,200.10439074112588,optimal,0.9661348205991089,0.9360764878802001,f20,confirmation
hourly_seed_960007,f5e19a2af69befa8fb690277292ddd3715b3ff105a6b39f46700f300c3208733,960007,0,8,0,perfect_information,14.233106824667555,0.3605148711643801,39.47994372242647,0.9626160747128562,0.9500008665082724,0.24999900000003525,1.052716363437037,0.0,3.524291969370097e-12,1100.0,200.10439074112588,200.39608024110973,200.10439074112588,optimal,0.4769893689081073,0.5515313036739826,f20,confirmation
hourly_seed_960009,ae1a597fb362e7b870dc30e6923ac64fa5f01428eb1b4dd44849d9172a24331e,960009,0,4,0,perfect_information,15.269193721075377,0.3867582443488073,39.47994372242647,0.97500045333737,0.9500008755663202,0.24999899999999953,0.5000009672542653,0.0,1.4551915228366852e-11,1100.0,200.10439074112588,200.39608024110973,200.10439074112588,optimal,0.9098517769016325,0.7820650450885296,f20,confirmation
hourly_seed_960009,ae1a597fb362e7b870dc30e6923ac64fa5f01428eb1b4dd44849d9172a24331e,960009,0,8,0,perfect_information,13.300978347315402,0.3369046937055237,39.47994372242647,0.9687505714324548,0.9500008571532131,0.2499990000000003,0.5000009624087062,0.0,6.707523425575346e-12,1100.0,200.10439074112588,200.39608024110973,200.10439074112588,optimal,0.4714780650101602,0.8347073183394969,f20,confirmation
hourly_seed_960005,c40aa659c8896c5802c42beec3752eb0e4ad23159294c711e05f9cea928e0274,960005,0,4,0,perfect_information,20.270948566410635,0.5134492771552707,39.47994372242647,0.97500046485114,0.9500009062697063,0.2499990000000006,0.5000009753341103,0.0,0.0,1100.0,200.10439074112588,200.39608024110973,200.10439074112588,optimal,0.7109409598633647,0.5806935019791126,f20,confirmation
hourly_seed_960005,c40aa659c8896c5802c42beec3752eb0e4ad23159294c711e05f9cea928e0274,960005,0,8,0,perfect_information,15.949387671848063,0.4039870923825066,39.47994372242647,0.9687505803273921,0.950000880873043,0.24999900000000047,0.5000009686507727,0.0,1.4779288903810084e-12,1100.0,200.10439074112588,200.39608024110973,200.10439074112588,optimal,0.874935322906822,0.7986750472337008,f20,confirmation
hourly_seed_960017,e62f89b56405c9edf2277dfd8fba402fa87e74ad33352add947d6ba443dc0b6e,960017,0,4,0,perfect_information,15.90905570695017,0.40296551126827157,39.47994372242647,0.9634844862484245,0.9500008805710374,0.24999900000000003,0.7649741392245618,0.0,0.0,1100.0,200.10439074112588,200.39608024110973,200.10439074112588,optimal,0.46327064372599125,0.6619209107011557,f20,confirmation
hourly_seed_960017,e62f89b56405c9edf2277dfd8fba402fa87e74ad33352add947d6ba443dc0b6e,960017,0,8,0,perfect_information,13.911910341168948,0.35237918369337307,39.47994372242647,0.9625006902489777,0.9500008634262317,0.2499990000000008,0.7397287795996773,0.0,3.524291969370097e-12,1100.0,200.10439074112588,200.39608024110973,200.10439074112588,optimal,0.5547068538144231,0.7651167218573391,f20,confirmation
hourly_seed_960014,d9d849db29de3f211d6f0503fa36e43987d64378c0492df03a7519d79b3a4a07,960014,0,4,0,perfect_information,14.28831811257142,0.36191333536412773,39.47994372242647,0.9750004501340374,0.9500008670240998,0.24999899999999942,0.5000009650063101,0.0,0.0,1100.0,200.10439074112588,200.39608024110973,200.10439074112588,optimal,0.6822070451453328,0.4570699669420719,f20,confirmation
hourly_seed_960014,d9d849db29de3f211d6f0503fa36e43987d64378c0492df03a7519d79b3a4a07,960014,0,8,0,perfect_information,14.28831811257142,0.36191333536412773,39.47994372242647,0.9625006918230437,0.9500008670240998,0.24999900000000075,0.5000009650063101,0.0,9.322320693172514e-12,1100.0,200.10439074112588,200.39608024110973,200.10439074112588,optimal,0.6495896750129759,0.613532293587923,f20,confirmation
hourly_seed_960004,b2f62e960588ccf8795cdd08ce4338bf6ec5b4f6f7548b4880621c939bc07aff,960004,0,4,0,perfect_information,15.922141142820836,0.4032969564183119,39.47994372242647,0.9750004552509461,0.9500008806691888,0.2499989999999989,1.1321912997335166,0.0,0.0,1100.0,200.10439074112588,200.39608024110973,200.10439074112588,optimal,0.8181115151382983,0.7034818539395928,f20,confirmation
hourly_seed_960004,b2f62e960588ccf8795cdd08ce4338bf6ec5b4f6f7548b4880621c939bc07aff,960004,0,8,0,perfect_information,15.922141142820836,0.4032969564183119,39.47994372242647,0.9625006977927711,0.9500008806691888,0.24999900000004005,0.9500009403345961,0.0,4.888534022029489e-12,1100.0,200.10439074112588,200.39608024110973,200.10439074112588,optimal,0.8499306598678231,0.8551177619956434,f20,confirmation
hourly_seed_960015,7708e79486d4e04f4fcd6a17bac723a7dbabaa25406f173bd0a3debed4fc19d7,960015,0,4,0,perfect_information,20.43461132167246,0.5175947429242316,39.47994372242647,0.9625007035102007,0.9500009070204013,0.24999900000000044,1.311318680160903,0.0,5.6843418860808015e-12,1100.0,200.10439074112588,200.39608024110973,200.10439074112588,optimal,0.9141822140663862,0.7688503838144243,f20,confirmation
hourly_seed_960015,7708e79486d4e04f4fcd6a17bac723a7dbabaa25406f173bd0a3debed4fc19d7,960015,0,8,0,perfect_information,14.03129514156211,0.3554031191182188,39.47994372242647,0.968750574220601,0.9500008645882692,0.24999899999999925,1.476209470654008,0.0,0.0,1100.0,200.10439074112588,200.39608024110973,200.10439074112588,optimal,0.5720721799880266,0.5100056608207524,f20,confirmation
hourly_seed_960011,011d805745fe71ef108dd4f27e047c1579b13a51a9a787036335c65d9b798f0c,960011,0,4,0,perfect_information,17.515001910237146,0.44364303134221034,39.47994372242647,0.9625006957607264,0.9500008915214527,0.24999900000000044,0.5000009714529853,0.0,0.0,1100.0,200.10439074112588,200.39608024110973,200.10439074112588,optimal,0.927746276371181,0.7314510052092373,f20,confirmation
hourly_seed_960011,011d805745fe71ef108dd4f27e047c1579b13a51a9a787036335c65d9b798f0c,960011,0,8,0,perfect_information,16.46922881916995,0.4171543134651089,39.47994372242647,0.9625006995270317,0.9500008846332126,0.24999899999999894,0.5000009696402891,0.0,0.0,1100.0,200.10439074112588,200.39608024110973,200.10439074112588,optimal,0.8382318490184844,0.9204782117158175,f20,confirmation
hourly_seed_960016,53eb71dc8b0448ac69063eb8bf440dad83a8325af2b15ffd0b2413d6d0ee1aca,960016,0,4,0,perfect_information,15.194871564951674,0.38487571491446354,39.47994372242647,0.962500687478841,0.9500008749576819,0.24999900000000128,0.5000009670940911,0.0,0.0,1100.0,200.10439074112588,200.39608024110973,200.10439074112588,optimal,0.6997642610222101,0.8112736437469721,f20,confirmation
hourly_seed_960016,53eb71dc8b0448ac69063eb8bf440dad83a8325af2b15ffd0b2413d6d0ee1aca,960016,0,8,0,perfect_information,15.194871564951674,0.38487571491446354,39.47994372242647,0.9613121812001271,0.9500008749576819,0.24999899999999947,0.5000009670940911,0.0,0.0,1100.0,200.10439074112588,200.39608024110973,200.10439074112588,optimal,0.8153352783992887,0.8906211392022669,f20,confirmation
hourly_seed_960032,200dc3589c525b28204c76d7d7516156818753e31c8408b10f71ced64b519473,960032,0,4,0,perfect_information,17.244854116923754,0.4368003723148132,39.47994372242647,0.9750004586832826,0.950000889822088,0.2499990000000003,0.5000009710057879,0.0,0.0,1100.0,200.10439074112588,200.39608024110973,200.10439074112588,optimal,0.5303932251408696,0.5079177180305123,f20,confirmation
hourly_seed_960032,200dc3589c525b28204c76d7d7516156818753e31c8408b10f71ced64b519473,960032,0,8,0,perfect_information,15.992724730665797,0.40508479047251467,39.47994372242647,0.9625006980231868,0.950000881195853,0.24999900000000116,0.5000009687357182,0.0,0.0,1100.0,200.10439074112588,200.39608024110973,200.10439074112588,optimal,0.5453885467723012,0.484989068005234,f20,confirmation
hourly_seed_960024,549483e22f895864a1b4b6c70048556d91a1a215c926f7a71ddfa61689a52932,960024,0,4,0,perfect_information,17.368008166455898,0.4399197802450273,39.47994372242647,0.965582015166285,0.950000890603347,0.2499990000000013,0.5000009712113774,0.0,0.0,1100.0,200.10439074112588,200.39608024110973,200.10439074112588,optimal,0.49965103808790445,0.4580757129006088,f20,confirmation
hourly_seed_960024,549483e22f895864a1b4b6c70048556d91a1a215c926f7a71ddfa61689a52932,960024,0,8,0,perfect_information,16.67594191889726,0.4223902150454317,39.47994372242647,0.9625007001526878,0.9500008860632863,0.24999899999999867,0.5000009700166257,0.0,0.0,1100.0,200.10439074112588,200.39608024110973,200.10439074112588,optimal,0.73069281084463,0.4813397959806025,f20,confirmation
hourly_seed_960019,8f0c4931715e7ab935de8e5d19bce6cffdbee1a551f7d83e0f32c98e512f8b5e,960019,0,4,0,perfect_information,13.469092625930005,0.34116291351952777,39.47994372242647,0.9625006794680776,0.9500008589361533,0.2499989999999996,0.5000009628778966,0.0,0.0,1100.0,200.10439074112588,200.39608024110973,200.10439074112588,optimal,0.7630864689126611,0.7875443589873612,f20,confirmation
hourly_seed_960019,8f0c4931715e7ab935de8e5d19bce6cffdbee1a551f7d83e0f32c98e512f8b5e,960019,0,8,0,perfect_information,13.469092625930005,0.34116291351952777,39.47994372242647,0.9625006882845651,0.9500008589361533,0.24999900000001232,0.5000009628778966,0.0,0.0,1100.0,200.10439074112588,200.39608024110973,200.10439074112588,optimal,0.6826377669349313,0.5327535201795399,f20,confirmation
hourly_seed_960021,d60e5f7ba8f79d44098083cafac0664ac9af7b204b57c524eae0480d17c5c990,960021,0,4,0,perfect_information,12.33714855242848,0.3124915435332903,39.47994372242647,0.9750004422475342,0.9500008459934229,0.24999900000000075,0.5000009594719169,0.0,3.069544618483633e-12,1100.0,200.10439074112588,200.39608024110973,200.10439074112588,optimal,0.5596910840831697,0.6039691460318863,f20,confirmation
hourly_seed_960021,d60e5f7ba8f79d44098083cafac0664ac9af7b204b57c524eae0480d17c5c990,960021,0,8,0,perfect_information,12.33714855242848,0.3124915435332903,39.47994372242647,0.962500682622124,0.9500008459934229,0.2499990000000013,0.5000009594719169,0.0,0.0,1100.0,200.10439074112588,200.39608024110973,200.10439074112588,optimal,0.9293076959438622,0.817012679297477,f20,confirmation
hourly_seed_960029,d0fb65d69f06c14ad0b67b0d4f0683e02d5ce6d7dea114fa771d0589e7ac402d,960029,0,4,0,perfect_information,21.92867266834838,0.5554382960250235,39.47994372242647,0.9750004675082599,0.9500009133553594,0.24999900000000164,0.9798107309041643,0.0,0.0,1100.0,200.10439074112588,200.39608024110973,200.10439074112588,optimal,0.5284471539780498,0.46148750418797135,f20,confirmation
hourly_seed_960029,d0fb65d69f06c14ad0b67b0d4f0683e02d5ce6d7dea114fa771d0589e7ac402d,960029,0,8,0,perfect_information,18.85737099474138,0.47764432308523036,39.47994372242647,0.96089057554732,0.9500008992435361,0.24999900000000186,0.9672417695025708,0.0,9.549694368615746e-12,1100.0,200.10439074112588,200.39608024110973,200.10439074112588,optimal,0.7508997051045299,0.8290876829996705,f20,confirmation
hourly_seed_960038,b25eee540e2f81573dcb27895e98e7b6244f5914462ebb7e784048c5d1cb9944,960038,0,4,0,perfect_information,12.923342950752739,0.3273394471282306,39.47994372242647,0.9625006764895325,0.9500008529790651,0.24999899999999992,0.5000009613102429,0.0,1.057287590811029e-11,1100.0,200.10439074112588,200.39608024110973,200.10439074112588,optimal,0.4926608237437904,0.48178654816001654,f20,confirmation
hourly_seed_960038,b25eee540e2f81573dcb27895e98e7b6244f5914462ebb7e784048c5d1cb9944,960038,0,8,0,perfect_information,12.923342950752739,0.3273394471282306,39.47994372242647,0.962500685678341,0.9500008529790651,0.24999900000001818,0.5000009613102429,0.0,0.0,1100.0,200.10439074112588,200.39608024110973,200.10439074112588,optimal,0.536985375918448,0.4923480930738151,f20,confirmation
hourly_seed_960035,a700a220d2a2359831c24c1ebdc6dc9f4736edd9c9c4f219eda8e5aa44a9bcb7,960035,0,4,0,perfect_information,18.85860483176521,0.4776755753340305,39.47994372242647,0.9625006996250648,0.9500008992501282,0.24999900000000191,0.5000009734868506,0.0,0.0,1100.0,200.10439074112588,200.39608024110973,200.10439074112588,optimal,0.4933218793012202,0.45668764412403107,f20,confirmation
hourly_seed_960035,a700a220d2a2359831c24c1ebdc6dc9f4736edd9c9c4f219eda8e5aa44a9bcb7,960035,0,8,0,perfect_information,16.720575424157325,0.423520751238033,39.47994372242647,0.9625007002857501,0.9500008863674264,0.24999900000000122,0.5000009700966637,0.0,0.0,1100.0,200.10439074112588,200.39608024110973,200.10439074112588,optimal,0.5042775147594512,0.5901863519102335,f20,confirmation
hourly_seed_960025,7c1a81a174b5a98b41f6b9fa56610764a5e298189c8664d5821979cb8f54b007,960025,0,4,0,perfect_information,20.35759294401472,0.5156439200406115,39.47994372242647,0.962500703334317,0.9500009066686338,0.24999899999999997,0.5000009754390888,0.0,5.5706550483591855e-12,1100.0,200.10439074112588,200.39608024110973,200.10439074112588,optimal,0.8199964268133044,0.9451588238589466,f20,confirmation
hourly_seed_960025,7c1a81a174b5a98b41f6b9fa56610764a5e298189c8664d5821979cb8f54b007,960025,0,8,0,perfect_information,12.455046787730495,0.31547782528006596,39.47994372242647,0.9687505677942144,0.9500008474512385,0.24999900000000086,0.50000095985555,0.0,0.0,1100.0,200.10439074112588,200.39608024110973,200.10439074112588,optimal,0.5115627096965909,0.501325337216258,f20,confirmation
hourly_seed_960020,a6a33e9747434f11c39fb4071cc95580cc247ee1dfe4a4e2adff62bf4f9fe0e3,960020,0,4,0,perfect_information,12.06904740083741,0.3057007245423611,39.47994372242647,0.9687738640677697,0.9500008425723341,0.24999900000000227,0.500000958571626,0.0,1.1368683772161603e-13,1100.0,200.10439074112588,200.39608024110973,200.10439074112588,optimal,0.7195025919936597,0.819045321084559,f20,confirmation
hourly_seed_960020,a6a33e9747434f11c39fb4071cc95580cc247ee1dfe4a4e2adff62bf4f9fe0e3,960020,0,8,0,perfect_information,12.06904740083741,0.3057007245423611,39.47994372242647,0.9500009409646253,0.9500009212861671,0.24999900000002337,0.500000958571626,0.0,4.661160346586257e-12,1100.0,200.10439074112588,200.39608024110973,200.10439074112588,optimal,0.8939011190086603,0.8561549480073154,f20,confirmation
hourly_seed_960022,a6a24d5dcdc1c75e85621cfdb095c61ed07ae18f771c88d475bbebb204c4b79d,960022,0,4,0,perfect_information,20.91522609952642,0.529768386869447,39.47994372242647,0.9625007045784975,0.9500009091569935,0.24999900000000053,0.5000009760939258,0.0,0.0,1100.0,200.10439074112588,200.39608024110973,200.10439074112588,optimal,0.8929739440791309,0.6251488951966166,f20,confirmation
hourly_seed_960022,a6a24d5dcdc1c75e85621cfdb095c61ed07ae18f771c88d475bbebb204c4b79d,960022,0,8,0,perfect_information,18.387132434124098,0.46573350163311755,39.47994372242647,0.9625007047917072,0.9500008966667572,0.24999900000000075,0.5000009728070178,0.0,4.661160346586257e-12,1100.0,200.10439074112588,200.39608024110973,200.10439074112588,optimal,0.7734925928525627,0.8644262691959739,f20,confirmation
hourly_seed_960028,b041be96985e0027428f7879d8f3be5ecdc7a96b432151aa6e616d170fa35fba,960028,0,4,0,perfect_information,15.465747998751118,0.3917368299075321,39.47994372242647,0.9750004539304048,0.9500008771477448,0.24999900000003586,0.5000009676704306,0.0,0.0,1100.0,200.10439074112588,200.39608024110973,200.10439074112588,optimal,0.7793504791334271,0.9417806621640921,f20,confirmation
hourly_seed_960028,b041be96985e0027428f7879d8f3be5ecdc7a96b432151aa6e616d170fa35fba,960028,0,8,0,perfect_information,15.465747998751118,0.3917368299075321,39.47994372242647,0.9687505789304054,0.9500008771477448,0.24999899999999142,0.5000009676704306,0.0,0.0,1100.0,200.10439074112588,200.39608024110973,200.10439074112588,optimal,0.5668334388174117,0.5368326748721302,f20,confirmation
hourly_seed_960037,cc27ac21c550c675ba1c1a4045c26932d3c78c0489bf832b4f407c91396b1eb0,960037,0,4,0,perfect_information,16.816222905746557,0.4259434365959886,39.47994372242647,0.9625006935068751,0.9500008870137502,0.24999900000000047,0.5000009702667445,0.0,0.0,1100.0,200.10439074112588,200.39608024110973,200.10439074112588,optimal,0.594911839812994,0.5608508619479835,f20,confirmation
hourly_seed_960037,cc27ac21c550c675ba1c1a4045c26932d3c78c0489bf832b4f407c91396b1eb0,960037,0,8,0,perfect_information,16.816222905746557,0.4259434365959886,39.47994372242647,0.9687505826301565,0.9500008870137502,0.24999900000000033,0.5000009702667445,0.0,0.0,1100.0,200.10439074112588,200.39608024110973,200.10439074112588,optimal,0.5802102210000157,0.5088489432819188,f20,confirmation
hourly_seed_960033,55f8c3e1a450f4249430609444f1d6d446b7fb0cbd5524bee338c4d74d95b781,960033,0,4,0,perfect_information,11.53677729193703,0.29221868635500603,39.47994372242647,0.9706616831989312,0.9500008353091187,0.24999900000002537,0.5000009566602495,0.0,0.0,1100.0,200.10439074112588,200.39608024110973,200.10439074112588,optimal,0.8574831667356193,0.7110814601182938,f20,confirmation
hourly_seed_960033,55f8c3e1a450f4249430609444f1d6d446b7fb0cbd5524bee338c4d74d95b781,960033,0,8,0,perfect_information,11.53677729193703,0.29221868635500603,39.47994372242647,0.9687505632409201,0.9500008353091187,0.2499990000001369,0.5000009566602495,0.0,0.0,1100.0,200.10439074112588,200.39608024110973,200.10439074112588,optimal,0.47747280076146126,0.5986441830173135,f20,confirmation
hourly_seed_960042,51b8e2f2057140414d8557ab2e29fc85a1273a7647ead83d4a05c4e512ea1a6d,960042,0,4,0,perfect_information,17.150201730687062,0.4344028920422432,39.47994372242647,0.9625006946070083,0.9500008892140167,0.24999900000000033,0.5000009708457624,0.0,0.0,1100.0,200.10439074112588,200.39608024110973,200.10439074112588,optimal,0.494149053003639,0.47530476888641715,f20,confirmation
hourly_seed_960042,51b8e2f2057140414d8557ab2e29fc85a1273a7647ead83d4a05c4e512ea1a6d,960042,0,8,0,perfect_information,15.002689664352403,0.3800078786796793,39.47994372242647,0.9750004604237218,0.9500008733559073,0.2499990000000005,0.5000009666725783,0.0,1.6370904631912708e-11,1100.0,200.10439074112588,200.39608024110973,200.10439074112588,optimal,0.5872061131522059,0.4934409991838038,f20,confirmation
hourly_seed_960026,4a366579f3041ce7c83589931eb89738f36e4e6008e18b846f1178019f530c28,960026,0,4,0,perfect_information,14.199988728349597,0.3596760124124324,39.47994372242647,0.9625006830984684,0.9500008661969347,0.249999000000002,0.5000009647886378,0.0,0.0,1100.0,200.10439074112588,200.39608024110973,200.10439074112588,optimal,0.7536994121037424,0.7663023988716304,f20,confirmation
hourly_seed_960026,4a366579f3041ce7c83589931eb89738f36e4e6008e18b846f1178019f530c28,960026,0,8,0,perfect_information,14.199988728349597,0.3596760124124324,39.47994372242647,0.9647487520396282,0.9500008661969347,0.2499990000000037,0.5000009647886378,0.0,0.0,1100.0,200.10439074112588,200.39608024110973,200.10439074112588,optimal,0.8689645668491721,0.8172864406369627,f20,confirmation
hourly_seed_960027,7e301b927faa957deaeda0eb790496d3a0280baa13941348a277dc1e7b21b4a6,960027,0,4,0,perfect_information,20.482419292655536,0.5188056861646577,39.47994372242647,0.9750004652140343,0.9500009072374247,0.24999900000000116,0.5000009755887721,0.0,4.547473508864641e-12,1100.0,200.10439074112588,200.39608024110973,200.10439074112588,optimal,0.8519869931042194,0.7917149341665208,f20,confirmation
hourly_seed_960027,7e301b927faa957deaeda0eb790496d3a0280baa13941348a277dc1e7b21b4a6,960027,0,8,0,perfect_information,16.24370479958394,0.4114419441372393,39.47994372242647,0.968750581136808,0.9500008830314856,0.2499990000000054,0.500000969218786,0.0,6.139089236967266e-12,1100.0,200.10439074112588,200.39608024110973,200.10439074112588,optimal,0.8457763651385903,0.9047052059322596,f20,confirmation
hourly_seed_960031,207ad4d1be1c3baa47ff0646ad89d7ea876200951cca7bfabe48b3dda33c142b,960031,0,4,0,perfect_information,16.670599376250284,0.4222548920904514,39.47994372242647,0.9625006930133878,0.9500008860267757,0.24999900000000042,0.5000009700070198,0.0,0.0,1100.0,200.10439074112588,200.39608024110973,200.10439074112588,optimal,0.927700696978718,0.6888634539209306,f20,confirmation
hourly_seed_960031,207ad4d1be1c3baa47ff0646ad89d7ea876200951cca7bfabe48b3dda33c142b,960031,0,8,0,perfect_information,15.185977524781727,0.3846504349537706,39.47994372242647,0.9687505780816675,0.9500008748844442,0.24999899999999942,0.5000009670748253,0.0,0.0,1100.0,200.10439074112588,200.39608024110973,200.10439074112588,optimal,0.8023207890801132,0.5703574698418379,f20,confirmation
hourly_seed_960023,a3093a462345cb5431899d64c0af86e25b82e816e4bb0e25b08737188a408f4f,960023,0,4,0,perfect_information,17.69241843058852,0.44813687058369317,39.47994372242647,0.9625006963046283,0.9500008926092568,0.24999900000000116,0.5000009717392512,0.0,0.0,1100.0,200.10439074112588,200.39608024110973,200.10439074112588,optimal,0.9396991292014718,0.9159303638152778,f20,confirmation
hourly_seed_960023,a3093a462345cb5431899d64c0af86e25b82e816e4bb0e25b08737188a408f4f,960023,0,8,0,perfect_information,17.510862640020573,0.44353818645576176,39.47994372242647,0.9687505843109284,0.9500008914958069,0.24999900000000125,0.5000009714462367,0.0,2.114575181622058e-11,1100.0,200.10439074112588,200.39608024110973,200.10439074112588,optimal,0.9422826860100031,0.8295268057845533,f20,confirmation
hourly_seed_960039,0ceb78b8a10e4b20527911c0543a0072bd7518bbf7455f7dd09178321f6f7cb5,960039,0,4,0,perfect_information,18.164905426174077,0.46010464335731954,39.47994372242647,0.9750004607759732,0.9500008954025955,0.24999899999999878,0.5000009724743433,0.0,0.0,1100.0,200.10439074112588,200.39608024110973,200.10439074112588,optimal,0.510424773208797,0.4491745987907052,f20,confirmation
hourly_seed_960039,0ceb78b8a10e4b20527911c0543a0072bd7518bbf7455f7dd09178321f6f7cb5,960039,0,8,0,perfect_information,15.675813063894697,0.39705763448163417,39.47994372242647,0.974540719273364,0.9500008787940369,0.2499989999999988,0.5000009681036627,0.0,0.0,1100.0,200.10439074112588,200.39608024110973,200.10439074112588,optimal,0.7644269480369985,0.6975987991318107,f20,confirmation
hourly_seed_960034,f085e194b3828a69c95ec1c8d4dff14e939b018ceedc8c7c1369af75f0e39c74,960034,0,4,0,perfect_information,16.776004440095342,0.42492473034012407,39.47994372242647,0.9625006933714394,0.9500008867428791,0.2499990000000018,0.5000009701954669,0.0,0.0,1100.0,200.10439074112588,200.39608024110973,200.10439074112588,optimal,0.7148037129081786,0.812290161382407,f20,confirmation
hourly_seed_960034,f085e194b3828a69c95ec1c8d4dff14e939b018ceedc8c7c1369af75f0e39c74,960034,0,8,0,perfect_information,14.843353238025593,0.37597199586669794,39.47994372242647,0.9625006939984453,0.9500008719964463,0.24999899999999894,0.5000009663148198,0.0,0.0,1100.0,200.10439074112588,200.39608024110973,200.10439074112588,optimal,0.7074200692586601,0.885938610881567,f20,confirmation
hourly_seed_960041,27b09d75463f05e4f5d7bd66975f274bc448e45d28ccfbb9cfbb4403803dbaa5,960041,0,4,0,perfect_information,22.12218382975944,0.560339801527959,39.47994372242647,0.9750004677924773,0.950000914113273,0.24999900000000044,0.5000009773982061,0.0,0.0,1100.0,200.10439074112588,200.39608024110973,200.10439074112588,optimal,0.781166119966656,0.5665975771844387,f20,confirmation
hourly_seed_960041,27b09d75463f05e4f5d7bd66975f274bc448e45d28ccfbb9cfbb4403803dbaa5,960041,0,8,0,perfect_information,17.210614067595937,0.43593309525969504,39.47994372242647,0.9625007017012663,0.9500008896028921,0.2499990000000015,0.500000970948104,0.0,0.0,1100.0,200.10439074112588,200.39608024110973,200.10439074112588,optimal,0.5242084679193795,0.5341436578892171,f20,confirmation
hourly_seed_960043,cd7427955f90f0ac3a708fa7a314d4b277ef430059110bc68335e2bb455093c0,960043,0,4,0,perfect_information,14.964013277075278,0.37902823221541254,39.47994372242647,0.9625006865142909,0.9500008730285797,0.24999899999999875,0.5447346840100089,0.0,0.0,1100.0,200.10439074112588,200.39608024110973,200.10439074112588,optimal,0.715773890260607,0.6118365139700472,f20,confirmation
hourly_seed_960043,cd7427955f90f0ac3a708fa7a314d4b277ef430059110bc68335e2bb455093c0,960043,0,8,0,perfect_information,14.964013277075278,0.37902823221541254,39.47994372242647,0.9687505773857185,0.9500008730285797,0.24999900000001715,0.5000009665864383,0.0,0.0,1100.0,200.10439074112588,200.39608024110973,200.10439074112588,optimal,0.5190008161589503,0.4816989079117775,f20,confirmation
hourly_seed_960046,143fc7c0b5d2fc88af03dde0ee8c1007bf7627135e17dcdf6480178b5f95def1,960046,0,4,0,perfect_information,21.46008253138818,0.5435692280178668,39.47994372242647,0.9750004667987886,0.9500009114634363,0.24999900000001526,0.500000976700884,0.0,0.0,1100.0,200.10439074112588,200.39608024110973,200.10439074112588,optimal,0.5310204792767763,0.750735173933208,f20,confirmation
hourly_seed_960046,143fc7c0b5d2fc88af03dde0ee8c1007bf7627135e17dcdf6480178b5f95def1,960046,0,8,0,perfect_information,16.642273064828718,0.4215374059759645,39.47994372242647,0.9687505821872939,0.9500008858327819,0.24999900000000191,0.5000009699559692,0.0,0.0,1100.0,200.10439074112588,200.39608024110973,200.10439074112588,optimal,0.5055763530544937,0.5095613482408226,f20,confirmation
hourly_seed_960047,bc6ac0bdc88205980cb463ada68895538164e1449dd5103277d192e3bddb3a83,960047,0,4,0,perfect_information,16.32462514072618,0.4134916010899231,39.47994372242647,0.9749730070672683,0.9500008836112926,0.24999899999999997,0.5000009693713613,0.0,0.0,1100.0,200.10439074112588,200.39608024110973,200.10439074112588,optimal,0.5852888817898929,0.6349614248611033,f20,confirmation
hourly_seed_960047,bc6ac0bdc88205980cb463ada68895538164e1449dd5103277d192e3bddb3a83,960047,0,8,0,perfect_information,14.701622798615887,0.37238206067311774,39.47994372242647,0.9625006934585639,0.9500008707624291,0.24999900000000075,0.5000009659900808,0.0,0.0,1100.0,200.10439074112588,200.39608024110973,200.10439074112588,optimal,0.5747729372233152,0.49424570472911,f20,confirmation
hourly_seed_960049,0bbaf1012c4e9618d31cae44da3dd96ab59b3b5d38b9230fc283776bbec5078f,960049,0,4,0,perfect_information,18.70699895301522,0.47383550200930913,39.47994372242647,0.9625006992168154,0.9500008984336308,0.2499990000000008,0.6138142588685862,0.0,0.0,1100.0,200.10439074112588,200.39608024110973,200.10439074112588,optimal,0.6264404328539968,0.5190079058520496,f20,confirmation
hourly_seed_960049,0bbaf1012c4e9618d31cae44da3dd96ab59b3b5d38b9230fc283776bbec5078f,960049,0,8,0,perfect_information,14.024936317268901,0.35524205444350915,39.47994372242647,0.9594510289343644,0.9500008645268702,0.249999000000063,0.8895025931388437,0.0,8.86757334228605e-12,1100.0,200.10439074112588,200.39608024110973,200.10439074112588,optimal,0.5457970299758017,0.7931083627045155,f20,confirmation
hourly_seed_960051,07b915728918236a8f6d61eee2e6689c66bdf8b61ae0e798ff53949bd5731aac,960051,0,4,0,perfect_information,23.236834395356844,0.5885731387746945,39.47994372242647,0.975000469337444,0.950000918233184,0.24999900000000383,0.5000009784823952,0.0,0.0,1100.0,200.10439074112588,200.39608024110973,200.10439074112588,optimal,0.5488513079471886,0.7552777412347496,f20,confirmation
hourly_seed_960051,07b915728918236a8f6d61eee2e6689c66bdf8b61ae0e798ff53949bd5731aac,960051,0,8,0,perfect_information,14.991789593050052,0.3797317873210141,39.47994372242647,0.9638700189057775,0.9500008732638283,0.24999900000003325,0.5000009666483479,0.0,0.0,1100.0,200.10439074112588,200.39608024110973,200.10439074112588,optimal,0.47012370685115457,0.5797790079377592,f20,confirmation
hourly_seed_960030,ceaba6a4680454274ae33420d332726f9c253680087ca631a7dd97ebfec09f21,960030,0,4,0,perfect_information,18.09868305900268,0.4584272760429944,39.47994372242647,0.9625006975099379,0.9500008950198744,0.2499990000000133,0.9500009475099388,0.0,0.0,1100.0,200.10439074112588,200.39608024110973,200.10439074112588,optimal,0.8940857206471264,0.861545761115849,f20,confirmation
hourly_seed_960030,ceaba6a4680454274ae33420d332726f9c253680087ca631a7dd97ebfec09f21,960030,0,8,0,perfect_information,17.02211677776349,0.43115858769814114,39.47994372242647,0.9687505831426474,0.950000888380391,0.24999900000097613,0.9500009441901971,0.0,0.0,1100.0,200.10439074112588,200.39608024110973,200.10439074112588,optimal,0.8294783057644963,0.8869083160534501,f20,confirmation
hourly_seed_960045,795e627b0e9942a67ba92ae7ed49db2c2db40223a2a3af5a70df7ead420a047e,960045,0,4,0,perfect_information,12.364029511837385,0.31317241986882655,39.47994372242647,0.9625006731641287,0.9500008463282573,0.24999900000000083,0.5000009595600312,0.0,0.0,1100.0,200.10439074112588,200.39608024110973,200.10439074112588,optimal,0.5462592830881476,0.582935247104615,f20,confirmation
hourly_seed_960045,795e627b0e9942a67ba92ae7ed49db2c2db40223a2a3af5a70df7ead420a047e,960045,0,8,0,perfect_information,12.364029511837385,0.31317241986882655,39.47994372242647,0.9687505673730966,0.9500008463282573,0.2499989999999991,0.5000009595600312,0.0,1.5916157281026244e-12,1100.0,200.10439074112588,200.39608024110973,200.10439074112588,optimal,0.7159618907608092,0.8531283708289266,f20,confirmation
hourly_seed_960036,a86fcc665723d44bacf6639eb3b18c3e5171864e2e6ecbffa2517c8b4c8f6d70,960036,0,4,0,perfect_information,14.900134994300725,0.37741023895727455,39.47994372242647,0.9750004521815919,0.950000872484245,0.24999900000000042,0.5000009664431894,0.0,0.0,1100.0,200.10439074112588,200.39608024110973,200.10439074112588,optimal,0.80192481726408,0.8082583649083972,f20,confirmation
hourly_seed_960036,a86fcc665723d44bacf6639eb3b18c3e5171864e2e6ecbffa2517c8b4c8f6d70,960036,0,8,0,perfect_information,14.900134994300725,0.37741023895727455,39.47994372242647,0.9747847394178332,0.950000872484245,0.2499990000000017,0.5000009664431894,0.0,0.0,1100.0,200.10439074112588,200.39608024110973,200.10439074112588,optimal,0.9379447801038623,0.8154564602300525,f20,confirmation
hourly_seed_960052,42aa08c24cd710d5ef7c234f4aeee7649c5f4508ae32316341ec42eb8475cb5b,960052,0,4,0,perfect_information,15.25598981152089,0.3864237983413023,39.47994372242647,0.9625006877293112,0.9500008754586203,0.2499989999999994,0.5000009672259232,0.0,0.0,1100.0,200.10439074112588,200.39608024110973,200.10439074112588,optimal,0.8292612740769982,0.47877033008262515,f20,confirmation
hourly_seed_960052,42aa08c24cd710d5ef7c234f4aeee7649c5f4508ae32316341ec42eb8475cb5b,960052,0,8,0,perfect_information,14.555354184151938,0.3686771766061006,39.47994372242647,0.96875057604889,0.9500008694637042,0.2499990000000005,0.5000009656483071,0.0,0.0,1100.0,200.10439074112588,200.39608024110973,200.10439074112588,optimal,0.5007061138749123,0.5239088963717222,f20,confirmation
hourly_seed_960056,7fd9b05a20abe5009fb3f2cebb088f3cb8aa9584671374decc38de0127326560,960056,0,4,0,perfect_information,14.845817280860718,0.3760344083881658,39.47994372242647,0.9750004520066344,0.9500008720176918,0.2499990000000021,0.5000009663204092,0.0,0.0,1100.0,200.10439074112588,200.39608024110973,200.10439074112588,optimal,0.651009073946625,0.4778350340202451,f20,confirmation
hourly_seed_960056,7fd9b05a20abe5009fb3f2cebb088f3cb8aa9584671374decc38de0127326560,960056,0,8,0,perfect_information,14.845817280860718,0.3760344083881658,39.47994372242647,0.9687505770066345,0.9500008720176918,0.24999900000001643,0.5000009663204092,0.0,0.0,1100.0,200.10439074112588,200.39608024110973,200.10439074112588,optimal,0.542380727827549,0.47305798484012485,f20,confirmation
hourly_seed_960048,546fc9a4a016399c8c71802bee9362220246d2a1a04bd86015df161af95559fc,960048,0,4,0,perfect_information,14.052295734161428,0.35593504978020174,39.47994372242647,0.9500009323953182,0.9500008647906365,0.2499990000000003,0.9500009323953182,0.0,1.1368683772161603e-13,1100.0,200.10439074112588,200.39608024110973,200.10439074112588,optimal,0.7246836242265999,0.7820764151401818,f20,confirmation
hourly_seed_960048,546fc9a4a016399c8c71802bee9362220246d2a1a04bd86015df161af95559fc,960048,0,8,0,perfect_information,14.052295734161428,0.35593504978020174,39.47994372242647,0.9605749738533363,0.9500008647906365,0.24999900000000178,0.9500009323953182,0.0,0.0,1100.0,200.10439074112588,200.39608024110973,200.10439074112588,optimal,0.7851239540614188,0.6557025020010769,f20,confirmation
hourly_seed_960040,91472caa0b09e34a5b4415e00d6bd98d26a5ca4517e404b0ff94c079b7fd2ef5,960040,0,4,0,perfect_information,20.543588077825827,0.5203550496997315,39.47994372242647,0.9500009768784066,0.9500009537568131,0.24999900000002684,0.5000009756614568,0.0,0.0,1100.0,200.10439074112588,200.39608024110973,200.10439074112588,optimal,0.8076001713052392,0.7723803059197962,f20,confirmation
hourly_seed_960040,91472caa0b09e34a5b4415e00d6bd98d26a5ca4517e404b0ff94c079b7fd2ef5,960040,0,8,0,perfect_information,16.168961006010957,0.40954873491438704,39.47994372242647,0.9750004632783694,0.9500008824907822,0.2499990000000021,0.5000009690764925,0.0,0.0,1100.0,200.10439074112588,200.39608024110973,200.10439074112588,optimal,0.8355648531578481,0.7893761298619211,f20,confirmation
hourly_seed_960063,c2455442fefe5966eb745373f217c68bb1426707cdbb502a700da7bd36c49643,960063,0,4,0,perfect_information,19.731203192723868,0.49977789561831654,39.47994372242647,0.962500701852861,0.9500009037057221,0.24999900000000022,0.5000009746593777,0.0,2.0463630789890885e-12,1100.0,200.10439074112588,200.39608024110973,200.10439074112588,optimal,0.6361475032754242,0.45755500020459294,f20,confirmation
hourly_seed_960063,c2455442fefe5966eb745373f217c68bb1426707cdbb502a700da7bd36c49643,960063,0,8,0,perfect_information,16.65798613901779,0.4219354074092884,39.47994372242647,0.9625007000989585,0.9500008859404764,0.24999900000000105,0.5000009699843047,0.0,0.0,1100.0,200.10439074112588,200.39608024110973,200.10439074112588,optimal,0.4632618250325322,0.6758101051673293,f20,confirmation
hourly_seed_960067,b724be81e4eeef40075c96985f84bc277e421054cede2690b2fac74a5cf8a008,960067,0,4,0,perfect_information,14.444671952618044,0.36587367130447024,39.47994372242647,0.9625006842317372,0.9500008684634744,0.24999900000002828,0.5000009653850878,0.0,0.0,1100.0,200.10439074112588,200.39608024110973,200.10439074112588,optimal,0.45403085788711905,0.4901207289658487,f20,confirmation
hourly_seed_960067,b724be81e4eeef40075c96985f84bc277e421054cede2690b2fac74a5cf8a008,960067,0,8,0,perfect_information,14.444671952618044,0.36587367130447024,39.47994372242647,0.96250069245277,0.9500008684634744,0.2499990000000021,0.5000009653850878,0.0,0.0,1100.0,200.10439074112588,200.39608024110973,200.10439074112588,optimal,0.5287046646699309,0.5619887192733586,f20,confirmation
hourly_seed_960058,c40b581bc3e3521aa19e41b10454863f401588e73d82fb87658f2746a96fe366,960058,0,4,0,perfect_information,21.885432168342028,0.5543430437037343,39.47994372242647,0.9625007065920849,0.9500009131841698,0.2499990000000625,0.500000977153708,0.0,0.0,1100.0,200.10439074112588,200.39608024110973,200.10439074112588,optimal,0.44859858462587,0.5645172940567136,f20,confirmation
hourly_seed_960058,c40b581bc3e3521aa19e41b10454863f401588e73d82fb87658f2746a96fe366,960058,0,8,0,perfect_information,16.92646863891628,0.4287358856922901,39.47994372242647,0.962500700890473,0.9500008877496505,0.24999900000000763,0.500000970460404,0.0,0.0,1100.0,200.10439074112588,200.39608024110973,200.10439074112588,optimal,0.9267152110114694,0.81498510716483,f20,confirmation
hourly_seed_960044,d38e33b2480bf03d8a2876a4466c2b35c062c5ca07c933736c396d38fab104d9,960044,0,4,0,perfect_information,14.88714954643381,0.3770813264350528,39.47994372242647,0.975000452139882,0.9500008723730183,0.24999900000000283,0.5000009664139223,0.0,0.0,1100.0,200.10439074112588,200.39608024110973,200.10439074112588,optimal,0.8823226592503488,0.7567683910019696,f20,confirmation
hourly_seed_960044,d38e33b2480bf03d8a2876a4466c2b35c062c5ca07c933736c396d38fab104d9,960044,0,8,0,perfect_information,14.88714954643381,0.3770813264350528,39.47994372242647,0.9687505771398819,0.9500008723730183,0.24999900000000283,0.5000009664139223,0.0,0.0,1100.0,200.10439074112588,200.39608024110973,200.10439074112588,optimal,0.8914763950742781,0.8307635528035462,f20,confirmation
hourly_seed_960059,4b04493ac0ea067ebeee60c163ad411c1ed4fc4c8102e2b70dca642652920d37,960059,0,4,0,perfect_information,16.79412660914919,0.42538375250036975,39.47994372242647,0.9625006934325462,0.9500008868650923,0.24999900000000325,1.5980216324632126,0.0,2.2737367544323206e-13,1100.0,200.10439074112588,200.39608024110973,200.10439074112588,optimal,0.8181914160959423,0.8591823582537472,f20,confirmation
hourly_seed_960059,4b04493ac0ea067ebeee60c163ad411c1ed4fc4c8102e2b70dca642652920d37,960059,0,8,0,perfect_information,16.79412660914919,0.42538375250036975,39.47994372242647,0.9676314948682447,0.9500008868650923,0.24999900000001626,0.9500009434325462,0.0,1.4779288903810084e-12,1100.0,200.10439074112588,200.39608024110973,200.10439074112588,optimal,0.4491712381131947,0.5011220769956708,f20,confirmation
hourly_seed_960050,7ea0881db34c8acdc4471aaa425c33331e2f1dbed4ee622e724b6cfb3452bc46,960050,0,4,0,perfect_information,21.45842707523491,0.5435272964445871,39.47994372242647,0.9750004667962272,0.950000911456606,0.24999900000000164,1.2622785963189431,0.0,0.0,1100.0,200.10439074112588,200.39608024110973,200.10439074112588,optimal,0.7498801779001951,0.8537567839957774,f20,confirmation
hourly_seed_960050,7ea0881db34c8acdc4471aaa425c33331e2f1dbed4ee622e724b6cfb3452bc46,960050,0,8,0,perfect_information,17.037645972894975,0.43155193160057087,39.47994372242647,0.9687505831807991,0.9500008884821283,0.24999900000000097,1.3433056876605034,0.0,7.389644451905042e-12,1100.0,200.10439074112588,200.39608024110973,200.10439074112588,optimal,0.9338535238057375,0.7699536820873618,f20,confirmation
hourly_seed_960054,c12518fab31c410573ba7237655e5061532d471b3c6a8199e3fe907d3d0cf79d,960054,0,4,0,perfect_information,11.557883406359812,0.29275328981268,39.47994372242647,0.9625006678049336,0.9500008356098646,0.2499990000000028,0.5000009567393988,0.0,0.0,1100.0,200.10439074112588,200.39608024110973,200.10439074112588,optimal,0.7910426007583737,1.0147751700133085,f20,confirmation
hourly_seed_960054,c12518fab31c410573ba7237655e5061532d471b3c6a8199e3fe907d3d0cf79d,960054,0,8,0,perfect_information,11.557883406359812,0.29275328981268,39.47994372242647,0.9603551951386219,0.9500008356098646,0.24999900000001718,0.5000009567393988,0.0,0.0,1100.0,200.10439074112588,200.39608024110973,200.10439074112588,optimal,0.693847375921905,0.60326635139063,f20,confirmation
hourly_seed_960055,99257d0b9ebe007013236e40c75c32ddf37e8cca86c6fed55eca2f8a5ca8271f,960055,0,4,0,perfect_information,15.519173258048484,0.3930900552229729,39.47994372242647,0.9750004540890008,0.9500008775706678,0.24999899999999928,0.500000967781725,0.0,0.0,1100.0,200.10439074112588,200.39608024110973,200.10439074112588,optimal,0.6961722299456596,0.7847436219453812,f20,confirmation
hourly_seed_960055,99257d0b9ebe007013236e40c75c32ddf37e8cca86c6fed55eca2f8a5ca8271f,960055,0,8,0,perfect_information,14.652713379579943,0.37114321850607174,39.47994372242647,0.9687505763741431,0.9500008703310459,0.2499990000000005,0.5000009658765584,0.0,7.16227077646181e-12,1100.0,200.10439074112588,200.39608024110973,200.10439074112588,optimal,0.8219021200202405,0.8049367256462574,f20,confirmation
hourly_seed_960053,a8ff26bf75fd8dd0bae7e291e53ac655324dc44caac47861b2f538b7a9e2b550,960053,0,4,0,perfect_information,17.866849038110587,0.4525550786933208,39.47994372242647,0.9750004601216345,0.9500008936576921,0.2499990000000013,0.5000009720151553,0.0,0.0,1100.0,200.10439074112588,200.39608024110973,200.10439074112588,optimal,0.9043183540925384,0.7778950501233339,f20,confirmation
hourly_seed_960053,a8ff26bf75fd8dd0bae7e291e53ac655324dc44caac47861b2f538b7a9e2b550,960053,0,8,0,perfect_information,17.866849038110587,0.4525550786933208,39.47994372242647,0.9687505851216346,0.9500008936576921,0.2499990000000013,0.5000009720151553,0.0,0.0,1100.0,200.10439074112588,200.39608024110973,200.10439074112588,optimal,0.9115774380043149,0.7975157997570932,f20,confirmation
hourly_seed_960057,93af7f381712d6de1b8f7e44ba4749e081bec08a395126326edb2aac1f866f47,960057,0,4,0,perfect_information,18.146334663499516,0.4596342586271607,39.47994372242647,0.9500009476477758,0.9500008952955515,0.2499990000000227,0.5000009724461709,0.0,0.0,1100.0,200.10439074112588,200.39608024110973,200.10439074112588,optimal,0.9158192239701748,0.7899423530325294,f20,confirmation
hourly_seed_960057,93af7f381712d6de1b8f7e44ba4749e081bec08a395126326edb2aac1f866f47,960057,0,8,0,perfect_information,18.146334663499516,0.4596342586271607,39.47994372242647,0.956458101127311,0.9500008952955515,0.24999900000000178,0.5000009724461709,0.0,6.821210263296962e-13,1100.0,200.10439074112588,200.39608024110973,200.10439074112588,optimal,0.8215934578329325,0.8183887479826808,f20,confirmation
hourly_seed_960061,0cfa6335b97b35e1673d35c9353e429fd106dae67cb3ff0a94b4e246572d6ff9,960061,0,4,0,perfect_information,18.283308162700337,0.46310370377540727,39.47994372242647,0.9750004610299882,0.9500008960799684,0.24999900000019296,0.9500009480399841,0.0,9.43600753089413e-12,1100.0,200.10439074112588,200.39608024110973,200.10439074112588,optimal,0.8953666188754141,0.768918595276773,f20,confirmation
hourly_seed_960061,0cfa6335b97b35e1673d35c9353e429fd106dae67cb3ff0a94b4e246572d6ff9,960061,0,8,0,perfect_information,13.810500643632198,0.3498105453424743,39.47994372242647,0.9687505734087679,0.9500008624233786,0.24999899999999886,0.9500009312116914,0.0,0.0,1100.0,200.10439074112588,200.39608024110973,200.10439074112588,optimal,0.647516893222928,0.4945726958103478,f20,confirmation
hourly_seed_960073,f4598f26aa06fe18ef7c24eef67bfae046b5f375491d20ce4f89c98afade9339,960073,0,4,0,perfect_information,18.309652370983443,0.4637709845716598,39.47994372242647,0.962500698114745,0.9500008962294901,0.2499990000000731,0.950000948114745,0.0,0.0,1100.0,200.10439074112588,200.39608024110973,200.10439074112588,optimal,0.55124327307567,0.5758830737322569,f20,confirmation
hourly_seed_960073,f4598f26aa06fe18ef7c24eef67bfae046b5f375491d20ce4f89c98afade9339,960073,0,8,0,perfect_information,9.557303291577899,0.24207996239237037,39.47994372242647,0.9737210319776197,0.9500008011989466,0.24999900000000327,0.9500009005994733,0.0,0.0,1100.0,200.10439074112588,200.39608024110973,200.10439074112588,optimal,0.6441455711610615,0.5611508740112185,f20,confirmation
hourly_seed_960064,7e674d30a470c9bbbe807d8ddf5429990348f23b868df4df8fbecf15016267f4,960064,0,4,0,perfect_information,16.70097750733419,0.42302434939508915,39.47994372242647,0.9625006931170432,0.9500008862340865,0.24999900000000036,0.5000009700615733,0.0,0.0,1100.0,200.10439074112588,200.39608024110973,200.10439074112588,optimal,0.7362329047173262,0.8631443320773542,f20,confirmation
hourly_seed_960064,7e674d30a470c9bbbe807d8ddf5429990348f23b868df4df8fbecf15016267f4,960064,0,8,0,perfect_information,15.151981398030228,0.3837893362908516,39.47994372242647,0.9639315714074203,0.9500008746037255,0.24999900000000186,0.5000009670009488,0.0,5.6843418860808015e-12,1100.0,200.10439074112588,200.39608024110973,200.10439074112588,optimal,0.590659084264189,0.5038971439935267,f20,confirmation
hourly_seed_960077,9816409251fa3786360906254893036a503244e318fa37b8a5d017072af39a48,960077,0,4,0,perfect_information,20.10518700686384,0.5092506501077697,39.47994372242647,0.9625007027484633,0.9500009054969266,0.24999900000000114,1.1697288754079043,0.0,0.0,1100.0,200.10439074112588,200.39608024110973,200.10439074112588,optimal,0.5897194887511432,0.5123444958589971,f20,confirmation
hourly_seed_960077,9816409251fa3786360906254893036a503244e318fa37b8a5d017072af39a48,960077,0,8,0,perfect_information,15.653567005191341,0.396494157014195,39.47994372242647,0.9687505794831708,0.9500008786217888,0.2499990000000018,0.9500009393108945,0.0,3.865352482534945e-12,1100.0,200.10439074112588,200.39608024110973,200.10439074112588,optimal,0.4945123763754964,0.5270867748185992,f20,confirmation
hourly_seed_960068,1b5a654b6cf3550405e49cd602facac1b5f28182a8306285b2761a15e9bd510d,960068,0,4,0,perfect_information,21.56541689168151,0.5462372753948821,39.47994372242647,0.9750004669609569,0.9500009118958853,0.2499990000000185,0.5000009768146849,0.0,0.0,1100.0,200.10439074112588,200.39608024110973,200.10439074112588,optimal,0.9804712901823223,0.7505730418488383,f20,confirmation
hourly_seed_960068,1b5a654b6cf3550405e49cd602facac1b5f28182a8306285b2761a15e9bd510d,960068,0,8,0,perfect_information,15.90041110099849,0.40274654930590253,39.47994372242647,0.9687505801897915,0.9500008805061109,0.24999900000001143,0.5000009685542125,0.0,0.0,1100.0,200.10439074112588,200.39608024110973,200.10439074112588,optimal,0.46813915530219674,0.5910305259749293,f20,confirmation
hourly_seed_960060,216666c028505d1c63651bc8088cf5ed795cf15c08a935af78d14b5bbac5215c,960060,0,4,0,perfect_information,18.413696539728257,0.46640635227826854,39.47994372242647,0.9750004613059369,0.9500008968158318,0.24999900000000128,0.9500008968158318,0.0,0.0,1100.0,200.10439074112588,200.39608024110973,200.10439074112588,optimal,0.8052154071629047,0.8111895439215004,f20,confirmation
hourly_seed_960060,216666c028505d1c63651bc8088cf5ed795cf15c08a935af78d14b5bbac5215c,960060,0,8,0,perfect_information,14.579426069985747,0.3692869010272663,39.47994372242647,0.9687505761297125,0.9500008696792308,0.24999900000000125,0.9500009348396173,0.0,4.774847184307873e-12,1100.0,200.10439074112588,200.39608024110973,200.10439074112588,optimal,0.8967596678994596,0.8822288792580366,f20,confirmation
hourly_seed_960062,676381160321661a50a8e236913b954fc5f9f651ef0302795ee0d32a65d34ec8,960062,0,4,0,perfect_information,16.038338513080998,0.4062401564156857,39.47994372242647,0.9625006907668706,0.9500008815337412,0.24999900000000236,1.4149967533600334,0.0,0.0,1100.0,200.10439074112588,200.39608024110973,200.10439074112588,optimal,0.7519639707170427,0.7617965508252382,f20,confirmation
hourly_seed_960062,676381160321661a50a8e236913b954fc5f9f651ef0302795ee0d32a65d34ec8,960062,0,8,0,perfect_information,16.038338513080998,0.4062401564156857,39.47994372242647,0.968750580575153,0.9500008815337412,0.249999000000001,0.9500009407668706,0.0,2.7284841053187847e-12,1100.0,200.10439074112588,200.39608024110973,200.10439074112588,optimal,0.8826561020687222,0.8200804782100022,f20,confirmation
hourly_seed_960076,6daf16f44a56d7b1baa7bc361c02988155cbcd9c12acb02002696d7292befc87,960076,0,4,0,perfect_information,18.680019013214824,0.4731521185680843,39.47994372242647,0.9750004618576004,0.9500008982869333,0.24999900000000053,0.5000009732333758,0.0,0.0,1100.0,200.10439074112588,200.39608024110973,200.10439074112588,optimal,0.7207387909293175,0.5988749740645289,f20,confirmation
hourly_seed_960076,6daf16f44a56d7b1baa7bc361c02988155cbcd9c12acb02002696d7292befc87,960076,0,8,0,perfect_information,15.741444725692201,0.3987200396324354,39.47994372242647,0.9625006971934827,0.9500008792993876,0.24999900000000042,0.5000009682366522,0.0,0.0,1100.0,200.10439074112588,200.39608024110973,200.10439074112588,optimal,0.5331570631824434,0.4762384039349854,f20,confirmation
hourly_seed_960083,8ed20b3f40fd629e9c67478283f85d81eac0083f257f6895d0d9f609eb008571,960083,0,4,0,perfect_information,17.02133321568282,0.43113874060600293,39.47994372242647,0.9628297071264209,0.9500008883752528,0.24999900000000036,0.5000009706250358,0.0,0.0,1100.0,200.10439074112588,200.39608024110973,200.10439074112588,optimal,0.5034356499090791,0.4464300316758454,f20,confirmation
hourly_seed_960083,8ed20b3f40fd629e9c67478283f85d81eac0083f257f6895d0d9f609eb008571,960083,0,8,0,perfect_information,17.02133321568282,0.43113874060600293,39.47994372242647,0.9625007011641741,0.9500008883752528,0.2499990000000022,0.5000009706250358,0.0,0.0,1100.0,200.10439074112588,200.39608024110973,200.10439074112588,optimal,0.5402021259069443,0.48649753723293543,f20,confirmation
hourly_seed_960078,546dcb26bf69ca141254d265d823fd51819f67efa2f455cbe6444dd3140ba5ce,960078,0,4,0,perfect_information,15.024725273302975,0.3805660255986693,39.47994372242647,0.9500009367708252,0.9500008735416504,0.24999900000005168,0.5000009667214013,0.0,0.0,1100.0,200.10439074112588,200.39608024110973,200.10439074112588,optimal,0.49745994387194514,0.5012904573231936,f20,confirmation
hourly_seed_960078,546dcb26bf69ca141254d265d823fd51819f67efa2f455cbe6444dd3140ba5ce,960078,0,8,0,perfect_information,13.79636508896915,0.34945250140091166,39.47994372242647,0.9687505733559073,0.9500008622824195,0.24999900000000227,0.500000963758496,0.0,3.183231456205249e-12,1100.0,200.10439074112588,200.39608024110973,200.10439074112588,optimal,0.7967676962725818,0.8457550648599863,f20,confirmation
hourly_seed_960081,cee1f42f5858aa9c21ca2544f42c1a3c877f42eb9764a10f8f3784c0b1f177e2,960081,0,4,0,perfect_information,16.448038908297555,0.4166175875006198,39.47994372242647,0.9750004566817203,0.9500008844845864,0.24999900000000053,0.5000009696011793,0.0,0.0,1100.0,200.10439074112588,200.39608024110973,200.10439074112588,optimal,0.5762752471491694,0.4858805830590427,f20,confirmation
hourly_seed_960081,cee1f42f5858aa9c21ca2544f42c1a3c877f42eb9764a10f8f3784c0b1f177e2,960081,0,8,0,perfect_information,16.448038908297555,0.4166175875006198,39.47994372242647,0.9562508172422944,0.9500008844845864,0.24999900000000055,0.5000009696011793,0.0,1.5006662579253316e-11,1100.0,200.10439074112588,200.39608024110973,200.10439074112588,optimal,0.5007544839754701,0.6725279348902404,f20,confirmation
hourly_seed_960069,03b9f4e373e0e7a874f1adf1e0260dc51e062efbffc0fa3124d027b1f0750f1b,960069,0,4,0,perfect_information,14.53872336897274,0.36825592942053914,39.47994372242647,0.9500009509928955,0.9500009346571939,0.24999900000000125,0.6511707226593632,0.0,0.0,1100.0,200.10439074112588,200.39608024110973,200.10439074112588,optimal,0.8905022288672626,0.7664763312786818,f20,confirmation
hourly_seed_960069,03b9f4e373e0e7a874f1adf1e0260dc51e062efbffc0fa3124d027b1f0750f1b,960069,0,8,0,perfect_information,14.53872336897274,0.36825592942053914,39.47994372242647,0.9687505759928955,0.9500008693143879,0.24999900000000377,0.5000009656090192,0.0,0.0,1100.0,200.10439074112588,200.39608024110973,200.10439074112588,optimal,0.8341594836674631,0.5388138182461262,f20,confirmation
hourly_seed_960089,96df9bbf78262fcd3366dd5c21df49807f93f6d69bdcb4336369e57b2f44818d,960089,0,4,0,perfect_information,20.21968257766385,0.5121507446875644,39.47994372242647,0.9750004647620208,0.950000906032055,0.24999899999999933,0.5000009752715683,0.0,9.094947017729282e-13,1100.0,200.10439074112588,200.39608024110973,200.10439074112588,optimal,0.5273988568224013,0.525249513797462,f20,confirmation
hourly_seed_960089,96df9bbf78262fcd3366dd5c21df49807f93f6d69bdcb4336369e57b2f44818d,960089,0,8,0,perfect_information,19.349205008712755,0.4901021426158086,39.47994372242647,0.962500707039534,0.9500009018046469,0.24999900000000064,0.5000009741590932,0.0,1.9326762412674725e-11,1100.0,200.10439074112588,200.39608024110973,200.10439074112588,optimal,0.472010878380388,0.4879692061804235,f20,confirmation
hourly_seed_960088,021b8942cc6eeab2041805d206275dcd7302b96e14acae8bc2608898619a3bc4,960088,0,4,0,perfect_information,12.263734939137219,0.31063202686813457,39.47994372242647,0.9750004419018156,0.9500008450715078,0.24999900000022418,0.5000009592293077,0.0,3.524291969370097e-12,1100.0,200.10439074112588,200.39608024110973,200.10439074112588,optimal,0.48308490589261055,0.5052869319915771,f20,confirmation
hourly_seed_960088,021b8942cc6eeab2041805d206275dcd7302b96e14acae8bc2608898619a3bc4,960088,0,8,0,perfect_information,12.263734939137219,0.31063202686813457,39.47994372242647,0.9625006822187946,0.9500008450715078,0.24999900000004147,0.5000009592293077,0.0,5.6843418860808015e-12,1100.0,200.10439074112588,200.39608024110973,200.10439074112588,optimal,0.49383040191605687,0.6452721888199449,f20,confirmation
hourly_seed_960072,0638f36ca20f23a0c0871c181e4b7ae5477bcf39363f6c88ec6276328e9dd919,960072,0,4,0,perfect_information,16.759160510407245,0.4244980851096617,39.47994372242647,0.9750004574858934,0.9500008866290491,0.24999900000000183,0.5000009701655102,0.0,0.0,1100.0,200.10439074112588,200.39608024110973,200.10439074112588,optimal,0.5881681581959128,0.4810678642243147,f20,confirmation
hourly_seed_960072,0638f36ca20f23a0c0871c181e4b7ae5477bcf39363f6c88ec6276328e9dd919,960072,0,8,0,perfect_information,16.759160510407245,0.4244980851096617,39.47994372242647,0.962500700400209,0.9500008866290491,0.24999900000000042,0.5000009701655102,0.0,0.0,1100.0,200.10439074112588,200.39608024110973,200.10439074112588,optimal,0.8885795380920172,1.0172978648915887,f20,confirmation
hourly_seed_960065,37405bcaa1ba44882b0ede24cb71da337d5a33f2b73d3814d33801e684d00242,960065,0,4,0,perfect_information,18.96137656462637,0.48027871310909226,39.47994372242647,0.9625006998981006,0.9500008997962013,0.249999000000009,0.5000009736305541,0.0,0.0,1100.0,200.10439074112588,200.39608024110973,200.10439074112588,optimal,0.9188232431188226,0.9081940068863332,f20,confirmation
hourly_seed_960065,37405bcaa1ba44882b0ede24cb71da337d5a33f2b73d3814d33801e684d00242,960065,0,8,0,perfect_information,14.73642683501324,0.3732636231353657,39.47994372242647,0.9687505766503732,0.9500008710676622,0.2499990000000006,0.5000009660704023,0.0,0.0,1100.0,200.10439074112588,200.39608024110973,200.10439074112588,optimal,0.9254415733739734,0.8957747919484973,f20,confirmation
hourly_seed_960066,1233b2882f71fd75fa309954aef03d52db858c6cb33fd1d8f47d5b3c39631ae2,960066,0,4,0,perfect_information,21.94140305419532,0.5557607480005492,39.47994372242647,0.9712528360700813,0.9500009134056305,0.24999900000000094,1.1825508334796182,0.0,9.094947017729282e-12,1100.0,200.10439074112588,200.39608024110973,200.10439074112588,optimal,0.7497550169937313,0.9582605143077672,f20,confirmation
hourly_seed_960066,1233b2882f71fd75fa309954aef03d52db858c6cb33fd1d8f47d5b3c39631ae2,960066,0,8,0,perfect_information,14.062248788658646,0.3561871538502378,39.47994372242647,0.9625006908877719,0.9500008648863357,0.24999900000002528,1.31284976645601,0.0,0.0,1100.0,200.10439074112588,200.39608024110973,200.10439074112588,optimal,0.9347885800525546,0.8852846482768655,f20,confirmation
hourly_seed_960080,05303f5e6b016b7338593d6d8b7af4ab4bf26117afb9161869759f9036c09cca,960080,0,4,0,perfect_information,20.872443496762642,0.5286847327724561,39.47994372242647,0.9625007044853969,0.9500009089707939,0.24999900000000075,0.5000009760449248,0.0,0.0,1100.0,200.10439074112588,200.39608024110973,200.10439074112588,optimal,0.5913568688556552,0.5544934128411114,f20,confirmation
hourly_seed_960080,05303f5e6b016b7338593d6d8b7af4ab4bf26117afb9161869759f9036c09cca,960080,0,8,0,perfect_information,17.061465320449717,0.43215525939967336,39.47994372242647,0.9687505832391822,0.9500008886378172,0.2499990000000004,0.5000009706941315,0.0,0.0,1100.0,200.10439074112588,200.39608024110973,200.10439074112588,optimal,0.8317484096623957,0.7751726331189275,f20,confirmation
hourly_seed_960092,84b134171a1be70194c8a25c2a7b471b33fde86f6809634643203e3906b9563d,960092,0,4,0,perfect_information,17.245641185749086,0.43682030823039775,39.47994372242647,0.9625006949135599,0.9500008898271196,0.24999900000002956,0.5000009710071086,0.0,0.0,1100.0,200.10439074112588,200.39608024110973,200.10439074112588,optimal,0.5412188610062003,0.5409028413705528,f20,confirmation
hourly_seed_960092,84b134171a1be70194c8a25c2a7b471b33fde86f6809634643203e3906b9563d,960092,0,8,0,perfect_information,14.933936778590065,0.37826641505841063,39.47994372242647,0.9625006943381292,0.9500008727728669,0.24999900000021563,0.5000009665191467,0.0,5.002220859751105e-12,1100.0,200.10439074112588,200.39608024110973,200.10439074112588,optimal,0.5552060473710299,0.6384280570782721,f20,confirmation
hourly_seed_960079,b0e6f271a7a2367e945def08d69633ab4786d97f20919665951a9765bc6f5f06,960079,0,4,0,perfect_information,15.390615651642635,0.38983377888910314,39.47994372242647,0.9750004537055078,0.9500008765480208,0.24999900000000178,0.5000009675126046,0.0,0.0,1100.0,200.10439074112588,200.39608024110973,200.10439074112588,optimal,0.7531198980286717,0.7534838607534766,f20,confirmation
hourly_seed_960079,b0e6f271a7a2367e945def08d69633ab4786d97f20919665951a9765bc6f5f06,960079,0,8,0,perfect_information,12.273864138141453,0.3108885925581834,39.47994372242647,0.9625006822747217,0.9500008451993605,0.2499990000000306,0.5000009592629522,0.0,0.0,1100.0,200.10439074112588,200.39608024110973,200.10439074112588,optimal,0.7634129319339991,0.7720417836681008,f20,confirmation
hourly_seed_960086,81cddd3a75c201eb669f5536a83a79086f14798f2c205cd2dd1dd2eb3533d705,960086,0,4,0,perfect_information,14.774070179202583,0.37421710332404085,39.47994372242647,0.9750004517735649,0.9500008713961733,0.2499990000000006,0.5000009661568559,0.0,0.0,1100.0,200.10439074112588,200.39608024110973,200.10439074112588,optimal,0.7944939620792866,0.5878774872981012,f20,confirmation
hourly_seed_960086,81cddd3a75c201eb669f5536a83a79086f14798f2c205cd2dd1dd2eb3533d705,960086,0,8,0,perfect_information,11.142283653624286,0.28222643203249914,39.47994372242647,0.9687505610543345,0.9500008294782221,0.24999900000000047,0.5000009551258098,0.0,0.0,1100.0,200.10439074112588,200.39608024110973,200.10439074112588,optimal,0.4967442490160465,0.48220388125628233,f20,confirmation
hourly_seed_960070,935e73faf081bd8442c07812ac1d9aad98f6ca48872cca9f3a1cca5491228b84,960070,0,4,0,perfect_information,23.19041165077709,0.587397282372615,39.47994372242647,0.9750004692760635,0.9500009180695026,0.24999900000000058,1.1022087146368844,0.0,0.0,1100.0,200.10439074112588,200.39608024110973,200.10439074112588,optimal,0.9693154920823872,0.7498472291044891,f20,confirmation
hourly_seed_960070,935e73faf081bd8442c07812ac1d9aad98f6ca48872cca9f3a1cca5491228b84,960070,0,8,0,perfect_information,18.702840034419975,0.4737301594428535,39.47994372242647,0.9685317899963719,0.9500008984110457,0.24999900000001177,1.1387295835925617,0.0,0.0,1100.0,200.10439074112588,200.39608024110973,200.10439074112588,optimal,0.9676274107769132,0.7447780170477927,f20,confirmation
hourly_seed_960075,ee6dc9004d74aa4c4290848033acfd1007540e972880d121efbfb0b2abacdd0b,960075,0,4,0,perfect_information,16.331438312601463,0.41366417407845585,39.47994372242647,0.9625006918299256,0.9500008836598512,0.2499989999999992,0.5000009693841394,0.0,0.0,1100.0,200.10439074112588,200.39608024110973,200.10439074112588,optimal,0.9181582890450954,0.8609931082464755,f20,confirmation
hourly_seed_960075,ee6dc9004d74aa4c4290848033acfd1007540e972880d121efbfb0b2abacdd0b,960075,0,8,0,perfect_information,16.331438312601463,0.41366417407845585,39.47994372242647,0.962500699101185,0.9500008836598512,0.24999900000000008,0.5000009693841394,0.0,0.0,1100.0,200.10439074112588,200.39608024110973,200.10439074112588,optimal,0.9083853987976909,0.5332789928652346,f20,confirmation
hourly_seed_960087,ef56c0818789036e76c45e4e3ee26eea14158813687a5ef05f87840b3362c7c6,960087,0,4,0,perfect_information,18.38964472685962,0.4657971362915959,39.47994372242647,0.9625006983404386,0.9500008966808773,0.2499990000000016,1.3076677116228645,0.0,0.0,1100.0,200.10439074112588,200.39608024110973,200.10439074112588,optimal,0.5585223878733814,0.5870840819552541,f20,confirmation
hourly_seed_960087,ef56c0818789036e76c45e4e3ee26eea14158813687a5ef05f87840b3362c7c6,960087,0,8,0,perfect_information,13.489948849053482,0.34169118740132737,39.47994372242647,0.9750004559857032,0.95000085915425,0.24999899999999997,1.4375760739283963,0.0,0.0,1100.0,200.10439074112588,200.39608024110973,200.10439074112588,optimal,0.7862312812358141,0.6102753751911223,f20,confirmation
hourly_seed_960085,5505aa94a1d7f63c1ac3435f4880f42d0f284f99d78e3fcb2f931531d10a1433,960085,0,4,0,perfect_information,17.382891207315108,0.4402967575012222,39.47994372242647,0.9750004590113784,0.9500008906970079,0.24999899999999906,0.5078333604905292,0.0,0.0,1100.0,200.10439074112588,200.39608024110973,200.10439074112588,optimal,0.8111220430582762,0.7835749150253832,f20,confirmation
hourly_seed_960085,5505aa94a1d7f63c1ac3435f4880f42d0f284f99d78e3fcb2f931531d10a1433,960085,0,8,0,perfect_information,17.382891207315108,0.4402967575012222,39.47994372242647,0.9687505840113788,0.9500008906970079,0.24999900000000116,0.5197180182230124,0.0,0.0,1100.0,200.10439074112588,200.39608024110973,200.10439074112588,optimal,0.4861726453527808,0.5279859695583582,f20,confirmation
hourly_seed_960071,3b62926399f41c11391834f4b170213b4e135888a9d48c11e8e3600441a56f29,960071,0,4,0,perfect_information,13.948079077154746,0.35329531306377165,39.47994372242647,0.9750004489176444,0.9500008637803851,0.24999900000000105,0.5000009641526992,0.0,0.0,1100.0,200.10439074112588,200.39608024110973,200.10439074112588,optimal,0.9489511069841683,0.9513055011630058,f20,confirmation
hourly_seed_960071,3b62926399f41c11391834f4b170213b4e135888a9d48c11e8e3600441a56f29,960071,0,8,0,perfect_information,13.948079077154746,0.35329531306377165,39.47994372242647,0.9687594260442041,0.9500008637803851,0.24999900000000205,0.5000009641526992,0.0,0.0,1100.0,200.10439074112588,200.39608024110973,200.10439074112588,optimal,0.9559845100156963,0.8231854070909321,f20,confirmation
hourly_seed_960084,8eb41ebf0458739df0978cbbe292fe5fb22c57f5044050e2e52b075b2d448747,960084,0,4,0,perfect_information,16.233473342702094,0.4111827883250177,39.47994372242647,0.9633284026527732,0.950000882957764,0.24999899999999997,0.5000009691993825,0.0,0.0,1100.0,200.10439074112588,200.39608024110973,200.10439074112588,optimal,0.8537103552371264,0.8232743870466948,f20,confirmation
hourly_seed_960084,8eb41ebf0458739df0978cbbe292fe5fb22c57f5044050e2e52b075b2d448747,960084,0,8,0,perfect_information,14.637738489086063,0.3707639147613865,39.47994372242647,0.9625006932117969,0.9500008701983902,0.24999899999999892,0.5000009658416514,0.0,0.0,1100.0,200.10439074112588,200.39608024110973,200.10439074112588,optimal,0.5416452949866652,0.5608549718745053,f20,confirmation
hourly_seed_960090,6e3308d4418d698ffb2c43abc4f81fe70be33702a9b7d8380590f20dcdb9a3b7,960090,0,4,0,perfect_information,17.564847483987073,0.4449055856685381,39.47994372242647,0.9625006959146452,0.9500008918292903,0.24999900000000083,0.5000009715339757,0.0,1.5916157281026244e-12,1100.0,200.10439074112588,200.39608024110973,200.10439074112588,optimal,0.798879218287766,0.8020362481474876,f20,confirmation
hourly_seed_960090,6e3308d4418d698ffb2c43abc4f81fe70be33702a9b7d8380590f20dcdb9a3b7,960090,0,8,0,perfect_information,17.564847483987073,0.4449055856685381,39.47994372242647,0.950000952675315,0.9500008918292903,0.249999000000001,0.5000009715339951,0.0,0.0,1100.0,200.10439074112588,200.39608024110973,200.10439074112588,optimal,0.5303689860738814,0.6247969530522823,f20,confirmation
hourly_seed_960091,a5892399dbb230ed87578f0ae3f48c60c9a68253a1b7dc71411530ff2819f41e,960091,0,4,0,perfect_information,21.92100009936714,0.5552439550949759,39.47994372242647,0.9625007066625165,0.950000913325033,0.2499990000000014,0.5000009771907771,0.0,0.0,1100.0,200.10439074112588,200.39608024110973,200.10439074112588,optimal,0.6718998616561294,0.6910701687447727,f20,confirmation
hourly_seed_960091,a5892399dbb230ed87578f0ae3f48c60c9a68253a1b7dc71411530ff2819f41e,960091,0,8,0,perfect_information,16.21285606008768,0.41066056664305767,39.47994372242647,0.968750581053348,0.9500008828089257,0.24999899999999986,0.5000009691602166,0.0,0.0,1100.0,200.10439074112588,200.39608024110973,200.10439074112588,optimal,0.5245930799283087,0.7240268210880458,f20,confirmation
hourly_seed_960074,d2f8dfd87283b62e157a5f7536d509624b6a883e91f1d6159f2db632a4f74d77,960074,0,4,0,perfect_information,15.901533850661801,0.4027749877877607,39.47994372242647,0.9625006902572739,0.9500008805145479,0.24999900000001116,0.5000009685564301,0.0,0.0,1100.0,200.10439074112588,200.39608024110973,200.10439074112588,optimal,0.86850671377033,1.0189449451863766,f20,confirmation
hourly_seed_960074,d2f8dfd87283b62e157a5f7536d509624b6a883e91f1d6159f2db632a4f74d77,960074,0,8,0,perfect_information,14.334297450020372,0.3630779605665399,39.47994372242647,0.9625006920096543,0.9500008674506354,0.24999900000000133,0.5000009651185593,0.0,0.0,1100.0,200.10439074112588,200.39608024110973,200.10439074112588,optimal,0.8634590227156878,0.8826167108491063,f20,confirmation
hourly_seed_960097,ec1b8760f66c38ad7b1130f9b1887a699a87ece34a1a5c902c723c8fc416665d,960097,0,4,0,perfect_information,12.603896602640702,0.3192480893907935,39.47994372242647,0.9625006746264063,0.9500008492528126,0.24999900000000064,0.5000009603296478,0.0,0.0,1100.0,200.10439074112588,200.39608024110973,200.10439074112588,optimal,0.49112954596057534,0.5179611491039395,f20,confirmation
hourly_seed_960097,ec1b8760f66c38ad7b1130f9b1887a699a87ece34a1a5c902c723c8fc416665d,960097,0,8,0,perfect_information,12.603896602640702,0.3192480893907935,39.47994372242647,0.9750004528915039,0.9500008492528126,0.24999900000000813,0.5000009603296478,0.0,0.0,1100.0,200.10439074112588,200.39608024110973,200.10439074112588,optimal,0.5734693789854646,0.5289553571492434,f20,confirmation
hourly_seed_960082,f31bad4ffed69a588b2e61d8a93a3fe1aef04d8061fe29ef7e2fbd3c241c1755,960082,0,4,0,perfect_information,14.97044377615817,0.3791911123635734,39.47994372242647,0.9750004524061714,0.9500008730831236,0.2499990000000337,0.5000009666007915,0.0,0.0,1100.0,200.10439074112588,200.39608024110973,200.10439074112588,optimal,0.8831513738259673,0.925484532956034,f20,confirmation
hourly_seed_960082,f31bad4ffed69a588b2e61d8a93a3fe1aef04d8061fe29ef7e2fbd3c241c1755,960082,0,8,0,perfect_information,12.26464745928597,0.31065514038002723,39.47994372242647,0.9625006822238277,0.9500008450830348,0.2499990000002823,0.5446082656386967,0.0,0.0,1100.0,200.10439074112588,200.39608024110973,200.10439074112588,optimal,0.7205501501448452,0.6646576565690339,f20,confirmation
hourly_seed_960098,03535135bcabd3a7734f5b74aa8e2b8f9661711988b6d9c9616ed76a575bc724,960098,0,4,0,perfect_information,15.022764301311776,0.38051635551795726,39.47994372242647,0.9750004525719287,0.9500008735251433,0.24999900000000033,0.5000009667171115,0.0,3.296918293926865e-12,1100.0,200.10439074112588,200.39608024110973,200.10439074112588,optimal,0.4849570682272315,0.5400048438459635,f20,confirmation
hourly_seed_960098,03535135bcabd3a7734f5b74aa8e2b8f9661711988b6d9c9616ed76a575bc724,960098,0,8,0,perfect_information,15.022764301311776,0.38051635551795726,39.47994372242647,0.9687505775719286,0.9500008735251433,0.2499990000000034,0.5000009667171115,0.0,0.0,1100.0,200.10439074112588,200.39608024110973,200.10439074112588,optimal,0.8882561856880784,0.5947236092761159,f20,confirmation
hourly_seed_960093,cdbb986408b615fc417bc2aacc3b3c5ca98a2fa338bf2cb8bf6f76bee6c25292,960093,0,4,0,perfect_information,23.088290430318043,0.5848106216322392,39.47994372242647,0.9750004691401685,0.9500009177071154,0.24999899999999928,0.5000009783439565,0.0,0.0,1100.0,200.10439074112588,200.39608024110973,200.10439074112588,optimal,0.9747965247370303,0.6594253149814904,f20,confirmation
hourly_seed_960093,cdbb986408b615fc417bc2aacc3b3c5ca98a2fa338bf2cb8bf6f76bee6c25292,960093,0,8,0,perfect_information,17.58412665981079,0.44539391401974504,39.47994372242647,0.963030572247351,0.9500008919478883,0.24999899999999906,0.500000971565206,0.0,0.0,1100.0,200.10439074112588,200.39608024110973,200.10439074112588,optimal,0.8221295708790421,0.8111430141143501,f20,confirmation
hourly_seed_960012,76bc11901f418a436466da7f1fd76f1782c451991d828a13865513cb5ceff487,960012,0,4,0,perfect_information,36.84278621831927,0.4666013011233199,78.95988744485294,0.9625007242147358,0.9500009484294714,0.24999900000000053,0.500000986428795,0.0,0.0,1100.0,212.15515690863197,217.38446437672522,212.15515690863197,optimal,0.45621950132772326,0.5608422518707812,f40,confirmation
hourly_seed_960012,76bc11901f418a436466da7f1fd76f1782c451991d828a13865513cb5ceff487,960012,0,8,0,perfect_information,28.15247036280017,0.35654141962224023,78.95988744485294,0.9687505996913599,0.9500009325102915,0.2499990000000099,0.5000009822395344,0.0,0.0,1100.0,212.15515690863197,217.38446437672522,212.15515690863197,optimal,0.46098969085142016,0.540724178776145,f40,confirmation
hourly_seed_960099,5a2559e0f597bf9ff36545c8d2474b540bc383cca3a14c13c273e6fd048b9e44,960099,0,4,0,perfect_information,22.544223761197,0.57102978463444,39.47994372242647,0.9625007078605593,0.9500009157211186,0.24999900000000252,0.5000009778213237,0.0,0.0,1100.0,200.10439074112588,200.39608024110973,200.10439074112588,optimal,0.8490878958255053,0.7611982878297567,f20,confirmation
hourly_seed_960099,5a2559e0f597bf9ff36545c8d2474b540bc383cca3a14c13c273e6fd048b9e44,960099,0,8,0,perfect_information,15.359914353204699,0.38905613597619043,39.47994372242647,0.9743783338322749,0.9500008763012621,0.2499990000000011,0.5000009674476675,0.0,0.0,1100.0,200.10439074112588,200.39608024110973,200.10439074112588,optimal,0.44032670417800546,0.7599302809685469,f20,confirmation
hourly_seed_960013,0a604c80cff2116c05a03069adeee172a953ccf4559514f12af56da6539baf49,960013,0,4,0,perfect_information,45.08107327348218,0.5709363922911826,78.95988744485294,0.962500728926833,0.9500009578536661,0.24999899999999947,0.950000978926833,0.0,9.094947017729282e-12,1100.0,212.15515690863197,217.38446437672522,212.15515690863197,optimal,0.4502803850919008,0.4989781742915511,f40,confirmation
hourly_seed_960013,0a604c80cff2116c05a03069adeee172a953ccf4559514f12af56da6539baf49,960013,0,8,0,perfect_information,38.562298731467095,0.48837833967784877,78.95988744485294,0.9625007284439494,0.9500009507290275,0.24999900000011602,0.8196373636773078,0.0,0.0,1100.0,212.15515690863197,217.38446437672522,212.15515690863197,optimal,0.5256478171795607,0.5521496888250113,f40,confirmation
hourly_seed_960002,7a94a6aa678a23f3659bf0bb0c1289e3a627424a55c22e0675f176354608763a,960002,0,4,0,perfect_information,28.77023622945921,0.36436521328064053,78.95988744485294,0.9625007169797295,0.9500009339594591,0.24999899999999983,0.5000009826208942,0.0,0.0,1100.0,212.15515690863197,217.38446437672522,212.15515690863197,optimal,0.8173956419341266,0.7484874199144542,f40,confirmation
hourly_seed_960002,7a94a6aa678a23f3659bf0bb0c1289e3a627424a55c22e0675f176354608763a,960002,0,8,0,perfect_information,28.77023622945921,0.36436521328064053,78.95988744485294,0.9500009669797295,0.9500009339594591,0.24999900000015288,0.5000009826208942,0.0,0.0,1100.0,212.15515690863197,217.38446437672522,212.15515690863197,optimal,0.4644037918187678,0.5592114520259202,f40,confirmation
hourly_seed_960011,c582445f824854e905d24ac0533a7be69d31769a8d90034d4dd2bcf65f9a03b1,960011,0,4,0,perfect_information,32.95352841710067,0.4173451797295941,78.95988744485294,0.9625007211714943,0.9500009423429886,0.24999900000000203,0.500000984827087,0.0,0.0,1100.0,212.15515690863197,217.38446437672522,212.15515690863197,optimal,0.480550701264292,0.5948413200676441,f40,confirmation
hourly_seed_960011,c582445f824854e905d24ac0533a7be69d31769a8d90034d4dd2bcf65f9a03b1,960011,0,8,0,perfect_information,30.985962929472777,0.39242663499379926,78.95988744485294,0.9612081081672298,0.9500009386818469,0.24999900000002998,0.5000009838636301,0.0,0.0,1100.0,212.15515690863197,217.38446437672522,212.15515690863197,optimal,0.6119410339742899,0.5026548262685537,f40,confirmation
hourly_seed_960005,7f068b4455390028fc88b3dffcd6715cffb8dd00fb2185fbeac550fa3862b10c,960005,0,4,0,perfect_information,38.13869293581837,0.4830135169893086,78.95988744485294,0.9750004813181659,0.9500009501817755,0.24999900000001152,0.5000009868899276,0.0,2.000888343900442e-11,1100.0,212.15515690863197,217.38446437672522,212.15515690863197,optimal,0.718258804641664,0.7140832901932299,f40,confirmation
hourly_seed_960005,7f068b4455390028fc88b3dffcd6715cffb8dd00fb2185fbeac550fa3862b10c,960005,0,8,0,perfect_information,30.007909937618166,0.38003992797705355,78.95988744485294,0.9687506012562356,0.9500009366832938,0.2499989999999997,0.500000983337695,0.0,0.0,1100.0,212.15515690863197,217.38446437672522,212.15515690863197,optimal,0.4205285939387977,0.5389998280443251,f40,confirmation
hourly_seed_960003,7fd088cd93e5708bed9f40b5e730e40e67d7a5c74746694c21950974d774ef00,960003,0,4,0,perfect_information,32.83914972297145,0.41589661264280453,78.95988744485294,0.9625007210710846,0.9500009421421693,0.24999900000001965,0.5000009847742407,0.0,2.3646862246096134e-11,1100.0,212.15515690863197,217.38446437672522,212.15515690863197,optimal,0.4328949791379273,0.48046061024069786,f40,confirmation
hourly_seed_960003,7fd088cd93e5708bed9f40b5e730e40e67d7a5c74746694c21950974d774ef00,960003,0,8,0,perfect_information,32.83914972297145,0.41589661264280453,78.95988744485294,0.962500724687199,0.9500009421421693,0.2499990000001809,0.5000009847742407,0.0,0.0,1100.0,212.15515690863197,217.38446437672522,212.15515690863197,optimal,0.6525613940320909,1.0219820542261004,f40,confirmation
hourly_seed_960006,4d888f7ea46a39d27be20750fef42a294f0915c28a59fb5cb3c1f34265af3e56,960006,0,4,0,perfect_information,36.971274016023806,0.4682285551869009,78.95988744485294,0.9625007243043484,0.9500009486086965,0.24999900000000702,0.6356605073919996,0.0,0.0,1100.0,212.15515690863197,217.38446437672522,212.15515690863197,optimal,0.7374372216872871,0.7523475741036236,f40,confirmation
hourly_seed_960006,4d888f7ea46a39d27be20750fef42a294f0915c28a59fb5cb3c1f34265af3e56,960006,0,8,0,perfect_information,28.35481349860657,0.35910402631222216,78.95988744485294,0.9562508414959525,0.9500009329919056,0.24999900000000083,0.6268776041412684,0.0,0.0,1100.0,212.15515690863197,217.38446437672522,212.15515690863197,optimal,0.4446294908411801,0.5030471989884973,f40,confirmation
hourly_seed_960001,05cd3cdfcd093f4cf78f6fabeb1031fda50d64585c68cfa2cd3f7fc008575111,960001,0,4,0,perfect_information,37.220622779108126,0.47138647208816886,78.95988744485294,0.9625007244764884,0.9500009489529763,0.24999899999999986,0.5000009865665614,0.0,0.0,1100.0,212.15515690863197,217.38446437672522,212.15515690863197,optimal,0.5002181907184422,0.7572527341544628,f40,confirmation
hourly_seed_960001,05cd3cdfcd093f4cf78f6fabeb1031fda50d64585c68cfa2cd3f7fc008575111,960001,0,8,0,perfect_information,30.977097716395523,0.39231436009873377,78.95988744485294,0.9625007231656312,0.9500009386642985,0.24999900000001404,0.5000009838590116,0.0,0.0,1100.0,212.15515690863197,217.38446437672522,212.15515690863197,optimal,0.6739434041082859,0.8278940957970917,f40,confirmation
hourly_seed_960096,6755d2770f3cfb368a7038fe2b7824d9d1abf0677c146ea87a8e44ef339052b1,960096,0,4,0,perfect_information,18.926136383327147,0.4793861033944739,39.47994372242647,0.9625006998048116,0.9500008996096232,0.24999900000000533,0.5000009735814523,0.0,0.0,1100.0,200.10439074112588,200.39608024110973,200.10439074112588,optimal,0.8652036739513278,0.7657717661932111,f20,confirmation
hourly_seed_960096,6755d2770f3cfb368a7038fe2b7824d9d1abf0677c146ea87a8e44ef339052b1,960096,0,8,0,perfect_information,17.803712216440882,0.45095586613836874,39.47994372242647,0.9625007033102507,0.9500008932805731,0.2499990000000024,0.5000009719159133,0.0,0.0,1100.0,200.10439074112588,200.39608024110973,200.10439074112588,optimal,0.8876136811450124,0.8857444701716304,f20,confirmation
hourly_seed_960094,97e4ee31f1eb074aa1a9642336a353042f5b480e891d9f832b72e7d14f5a63ba,960094,0,4,0,perfect_information,18.158869501023517,0.4599517574972738,39.47994372242647,0.9750004607629353,0.9500008953678277,0.24999900000000055,0.5000009724651893,0.0,0.0,1100.0,200.10439074112588,200.39608024110973,200.10439074112588,optimal,0.9750755368731916,0.9335826630704105,f20,confirmation
hourly_seed_960094,97e4ee31f1eb074aa1a9642336a353042f5b480e891d9f832b72e7d14f5a63ba,960094,0,8,0,perfect_information,14.05724165257865,0.3560603265144341,39.47994372242647,0.9750004577619402,0.9500008648382088,0.24999900000000055,0.500000964431071,0.0,0.0,1100.0,200.10439074112588,200.39608024110973,200.10439074112588,optimal,0.9726722221821547,0.8712873216718435,f20,confirmation
hourly_seed_960095,085ed23e7de8025cf327c08a99acd8402100944a09fd83c7fc49fe31f1bd81c4,960095,0,4,0,perfect_information,18.485133121415632,0.4682157920836955,39.47994372242647,0.972492949854245,0.9500008972145914,0.24999900000000053,0.5000009729511811,0.0,0.0,1100.0,200.10439074112588,200.39608024110973,200.10439074112588,optimal,0.934703828766942,0.7761301989667118,f20,confirmation
hourly_seed_960095,085ed23e7de8025cf327c08a99acd8402100944a09fd83c7fc49fe31f1bd81c4,960095,0,8,0,perfect_information,17.256190903841823,0.43708752538164064,39.47994372242647,0.9687505837104277,0.9500008898944715,0.24999899999999914,0.5000009710248324,0.0,0.0,1100.0,200.10439074112588,200.39608024110973,200.10439074112588,optimal,0.8864583447575569,0.952045336831361,f20,confirmation
hourly_seed_960007,db81a501e6c6ed8bf781f7789248041fe0454d6b719562d65348332274f45c91,960007,0,4,0,perfect_information,34.49638158943758,0.4368848880835918,78.95988744485294,0.9750004793456386,0.9500009449217026,0.24999900000043962,1.1800026218345594,0.0,1.8189894035458565e-12,1100.0,212.15515690863197,217.38446437672522,212.15515690863197,optimal,0.44596903026103973,0.5277852090075612,f40,confirmation
hourly_seed_960007,db81a501e6c6ed8bf781f7789248041fe0454d6b719562d65348332274f45c91,960007,0,8,0,perfect_information,26.778820385750215,0.3391446119329013,78.95988744485294,0.9625007189586451,0.9500009290483302,0.2499990000002796,0.9500009645241662,0.0,0.0,1100.0,212.15515690863197,217.38446437672522,212.15515690863197,optimal,0.7222718899138272,0.6526660840027034,f40,confirmation
hourly_seed_960004,2174854f598d3119dc03b30db8ac23e517a67eb4515b70ea71285463ad77effd,960004,0,4,0,perfect_information,29.956647067470083,0.3793907012391876,78.95988744485294,0.9625007182874724,0.9500009365749439,0.24999900000000222,0.5553961258093836,0.0,0.0,1100.0,212.15515690863197,217.38446437672522,212.15515690863197,optimal,0.4384623533114791,0.5696970061399043,f40,confirmation
hourly_seed_960004,2174854f598d3119dc03b30db8ac23e517a67eb4515b70ea71285463ad77effd,960004,0,8,0,perfect_information,29.956647067470083,0.3793907012391876,78.95988744485294,0.9625007222515386,0.9500009365749439,0.2499990000000074,0.5000009833091797,0.0,0.0,1100.0,212.15515690863197,217.38446437672522,212.15515690863197,optimal,0.9409828088246286,0.9828269639983773,f40,confirmation
hourly_seed_960010,8223b6718f48fda86e0787efe470a0f217dcdc9ba04110da074b23bf36aa8be4,960010,0,4,0,perfect_information,36.70200138272294,0.46481830927578643,78.95988744485294,0.9750004805868697,0.9500009482316525,0.2499990000000231,0.5000009863767382,0.0,0.0,1100.0,212.15515690863197,217.38446437672522,212.15515690863197,optimal,0.7329097050242126,0.8782773250713944,f40,confirmation
hourly_seed_960010,8223b6718f48fda86e0787efe470a0f217dcdc9ba04110da074b23bf36aa8be4,960010,0,8,0,perfect_information,26.04617532844294,0.3298659125702791,78.95988744485294,0.968750597644708,0.9500009270525542,0.24999899999999964,0.5000009808032838,0.0,0.0,1100.0,212.15515690863197,217.38446437672522,212.15515690863197,optimal,0.444350210018456,0.5184637932106853,f40,confirmation
hourly_seed_960000,e0db3a32994c24accc40eb55662f50eaf8d6f47654afb6021906c954e6217d29,960000,0,4,0,perfect_information,28.188826728653677,0.35700186057561545,78.95988744485294,0.9750004747240013,0.9500009325973359,0.24999900000003938,0.500000982262439,0.0,0.0,1100.0,212.15515690863197,217.38446437672522,212.15515690863197,optimal,0.6653478923253715,0.745924613904208,f40,confirmation
hourly_seed_960000,e0db3a32994c24accc40eb55662f50eaf8d6f47654afb6021906c954e6217d29,960000,0,8,0,perfect_information,28.188826728653677,0.35700186057561545,78.95988744485294,0.9625007205113351,0.9500009325973359,0.24999899999999972,0.500000982262439,0.0,0.0,1100.0,212.15515690863197,217.38446437672522,212.15515690863197,optimal,0.679971091914922,0.8726338297128677,f40,confirmation
hourly_seed_960021,2440b08d2acbb79f36101ff394122635d7052812f45635e937c9c07dd185a378,960021,0,4,0,perfect_information,23.211677480367822,0.2939679656531842,78.95988744485294,0.9750004693042112,0.9500009181445624,0.24999900000000133,0.5000009784590752,0.0,0.0,1100.0,212.15515690863197,217.38446437672522,212.15515690863197,optimal,0.48144027637317777,0.44527127407491207,f40,confirmation
hourly_seed_960021,2440b08d2acbb79f36101ff394122635d7052812f45635e937c9c07dd185a378,960021,0,8,0,perfect_information,23.211677480367822,0.2939679656531842,78.95988744485294,0.9625007141882469,0.9500009181445624,0.2499990000000006,0.5000009784590752,0.0,0.0,1100.0,212.15515690863197,217.38446437672522,212.15515690863197,optimal,0.4220341229811311,0.5475953407585621,f40,confirmation
hourly_seed_960016,f3a2363a47e6ff93b43e502f71e41806793af886007c5ebf26e0b0812045f204,960016,0,4,0,perfect_information,28.5883287067855,0.362061416649715,78.95988744485294,0.9625007167696216,0.9500009335392431,0.24999900000007122,0.5000009825103117,0.0,0.0,1100.0,212.15515690863197,217.38446437672522,212.15515690863197,optimal,0.7046274524182081,0.6089980360120535,f40,confirmation
hourly_seed_960016,f3a2363a47e6ff93b43e502f71e41806793af886007c5ebf26e0b0812045f204,960016,0,8,0,perfect_information,28.5883287067855,0.362061416649715,78.95988744485294,0.9625007209234189,0.9500009335392431,0.24999900000014022,0.5000009825103117,0.0,0.0,1100.0,212.15515690863197,217.38446437672522,212.15515690863197,optimal,0.5517729972489178,0.6930877408012748,f40,confirmation
hourly_seed_960009,4fe448f3352bf77a049004e97388902fd3370798742e161a01d7c68cc5bb443a,960009,0,4,0,perfect_information,28.728161822213924,0.3638323552864511,78.95988744485294,0.9750004751985263,0.9500009338627362,0.24999899999999967,0.5000009825954425,0.0,0.0,1100.0,212.15515690863197,217.38446437672522,212.15515690863197,optimal,0.5970898438245058,0.5697939968667924,f40,confirmation
hourly_seed_960009,4fe448f3352bf77a049004e97388902fd3370798742e161a01d7c68cc5bb443a,960009,0,8,0,perfect_information,25.02507108990475,0.31693397622156855,78.95988744485294,0.9687505965285228,0.9500009240760591,0.24999899999999506,0.5000009800199966,0.0,1.8189894035458565e-12,1100.0,212.15515690863197,217.38446437672522,212.15515690863197,optimal,0.7252498678863049,0.8325982647947967,f40,confirmation
hourly_seed_960020,2343eb32a43cbfedb165176f701507d48f7466abeb1282ffc1ce34fd7b8c5f05,960020,0,4,0,perfect_information,22.707259669687797,0.2875796864014905,78.95988744485294,0.9625007081631164,0.9500009163262326,0.24999900000000055,0.5000009779805662,0.0,0.0,1100.0,212.15515690863197,217.38446437672522,212.15515690863197,optimal,0.5552164078690112,0.5862682675942779,f40,confirmation
hourly_seed_960020,2343eb32a43cbfedb165176f701507d48f7466abeb1282ffc1ce34fd7b8c5f05,960020,0,8,0,perfect_information,22.707259669687797,0.2875796864014905,78.95988744485294,0.9500009581631257,0.9500009163262326,0.2499990000034119,0.5000009779805662,0.0,0.0,1100.0,212.15515690863197,217.38446437672522,212.15515690863197,optimal,0.42780046770349145,0.5143101871944964,f40,confirmation
hourly_seed_960015,88bf31dffc6528e1c717eb2bca776daca1672f69e4507ab1da29800d8d587f34,960015,0,4,0,perfect_information,38.44661555460995,0.48691325176295097,78.95988744485294,0.9625007252903871,0.9500009505807745,0.24999899999999975,1.1732946944386433,0.0,0.0,1100.0,212.15515690863197,217.38446437672522,212.15515690863197,optimal,0.47698721988126636,0.5351967848837376,f40,confirmation
hourly_seed_960015,88bf31dffc6528e1c717eb2bca776daca1672f69e4507ab1da29800d8d587f34,960015,0,8,0,perfect_information,26.39912262332936,0.33433586948521177,78.95988744485294,0.9625007185121778,0.9500009280278345,0.24999900000000125,1.2751969145893909,0.0,0.0,1100.0,212.15515690863197,217.38446437672522,212.15515690863197,optimal,0.7298755957745016,0.8109960220754147,f40,confirmation
hourly_seed_960028,b74c2e23d9bcf01ef41d4a79b324142ed8b2dba71f2a4a022866875b4e7fee51,960028,0,4,0,perfect_information,29.09796806077909,0.3685158249636773,78.95988744485294,0.9750004755137284,0.950000934703275,0.24999900000000957,0.5000009828166367,0.0,5.4569682106375694e-12,1100.0,212.15515690863197,217.38446437672522,212.15515690863197,optimal,0.49736594408750534,0.5279988311231136,f40,confirmation
hourly_seed_960028,b74c2e23d9bcf01ef41d4a79b324142ed8b2dba71f2a4a022866875b4e7fee51,960028,0,8,0,perfect_information,29.09796806077909,0.3685158249636773,78.95988744485294,0.9687506005137286,0.950000934703275,0.24999900000005762,0.5000009828166133,0.0,1.8189894035458565e-12,1100.0,212.15515690863197,217.38446437672522,212.15515690863197,optimal,0.4115057890303433,0.5865135388448834,f40,confirmation
hourly_seed_960008,5587663db484d3e37474e9b2eb584f9b4e80815c8464382d751656eb20e5c337,960008,0,4,0,perfect_information,28.016040125700872,0.35481357727704205,78.95988744485294,0.9625007160908188,0.9500009321816376,0.249999000000003,0.5000009821530447,0.0,0.0,1100.0,212.15515690863197,217.38446437672522,212.15515690863197,optimal,0.8100163168273866,0.6144101498648524,f40,confirmation
hourly_seed_960008,5587663db484d3e37474e9b2eb584f9b4e80815c8464382d751656eb20e5c337,960008,0,8,0,perfect_information,24.17414947685044,0.3061573446863652,78.95988744485294,0.9687505955263367,0.9500009214035628,0.24999900000003875,0.5000009793167082,0.0,0.0,1100.0,212.15515690863197,217.38446437672522,212.15515690863197,optimal,0.9224827936850488,0.8231398868374527,f40,confirmation
hourly_seed_960030,8b7397a655ba479ae6994f20488dd7a997c7a6b2415a61dd98c5e86c5cd97064,960030,0,4,0,perfect_information,34.05169291750703,0.4312530579693312,78.95988744485294,0.9625007221012111,0.9500009442024212,0.24999900000073882,0.9500009721012115,0.0,0.0,1100.0,212.15515690863197,217.38446437672522,212.15515690863197,optimal,0.5646126251667738,0.5339634870178998,f40,confirmation
hourly_seed_960030,8b7397a655ba479ae6994f20488dd7a997c7a6b2415a61dd98c5e86c5cd97064,960030,0,8,0,perfect_information,32.02619170868497,0.40560077711676906,78.95988744485294,0.9682644328427654,0.9500009406734952,0.2499990000002057,0.6418388133977497,0.0,0.0,1100.0,212.15515690863197,217.38446437672522,212.15515690863197,optimal,0.47428646264597774,0.529570440761745,f40,confirmation
hourly_seed_960017,48087e3166ddb9b4793cdda05fa1fb32cf13a203a19bcf47db03d56d646772b1,960017,0,4,0,perfect_information,29.932027527887616,0.379078903180969,78.95988744485294,0.9625824388839856,0.9500009365227758,0.249999,0.500000983295451,0.0,3.637978807091713e-12,1100.0,212.15515690863197,217.38446437672522,212.15515690863197,optimal,0.9176552663557231,0.8385463319718838,f40,confirmation
hourly_seed_960017,48087e3166ddb9b4793cdda05fa1fb32cf13a203a19bcf47db03d56d646772b1,960017,0,8,0,perfect_information,26.17450658089396,0.3314911840417038,78.95988744485294,0.9500009637051042,0.9500009274102068,0.2499990000000026,0.5000009808974037,0.0,7.275957614183426e-12,1100.0,212.15515690863197,217.38446437672522,212.15515690863197,optimal,0.4841205929405987,0.505169590935111,f40,confirmation
hourly_seed_960033,37cab019532fdd75f55585881aaf37cfa83abf7a6732598f87a3a47d625e4470,960033,0,4,0,perfect_information,21.70582225911167,0.27489682371028484,78.95988744485294,0.9625007062329464,0.9500009124657893,0.24999900000005051,0.5000009769646596,0.0,0.0,1100.0,212.15515690863197,217.38446437672522,212.15515690863197,optimal,0.4755165888927877,0.48888572212308645,f40,confirmation
hourly_seed_960033,37cab019532fdd75f55585881aaf37cfa83abf7a6732598f87a3a47d625e4470,960033,0,8,0,perfect_information,21.70582225911167,0.27489682371028484,78.95988744485294,0.9625007117037836,0.9500009124657893,0.2499990000000039,0.5000009769646596,0.0,3.637978807091713e-12,1100.0,212.15515690863197,217.38446437672522,212.15515690863197,optimal,0.40729244286194444,0.5975498766638339,f40,confirmation
hourly_seed_960019,bcf671eb317dbeba829e9382ae417b0f2a1260eb7f79be7685d6794267ab736e,960019,0,4,0,perfect_information,25.341369009027833,0.3209397813127168,78.95988744485294,0.9625007125118507,0.9500009250237026,0.24999899999999992,0.5000009802693783,0.0,0.0,1100.0,212.15515690863197,217.38446437672522,212.15515690863197,optimal,0.764694269746542,0.7930908328853548,f40,confirmation
hourly_seed_960019,bcf671eb317dbeba829e9382ae417b0f2a1260eb7f79be7685d6794267ab736e,960019,0,8,0,perfect_information,25.341369009027833,0.3209397813127168,78.95988744485294,0.9687505968838884,0.9500009250237026,0.24999900000004777,0.5000009802693783,0.0,3.637978807091713e-12,1100.0,212.15515690863197,217.38446437672522,212.15515690863197,optimal,0.49997398955747485,0.5106056649237871,f40,confirmation
hourly_seed_960014,f385e5e0b8dbe1c379c946a1dc536d9d6f075972e7d32a200932710a46a451b7,960014,0,4,0,perfect_information,26.88269743664701,0.3404601792957518,78.95988744485294,0.9750004734959358,0.9500009293224957,0.249999,0.5000009814006394,0.0,0.0,1100.0,212.15515690863197,217.38446437672522,212.15515690863197,optimal,0.8546769497916102,0.7969359760172665,f40,confirmation
hourly_seed_960014,f385e5e0b8dbe1c379c946a1dc536d9d6f075972e7d32a200932710a46a451b7,960014,0,8,0,perfect_information,26.88269743664701,0.3404601792957518,78.95988744485294,0.9625007190785918,0.9500009293224957,0.24999900000000155,0.5000009814006394,0.0,0.0,1100.0,212.15515690863197,217.38446437672522,212.15515690863197,optimal,0.6547631556168199,0.7630808898247778,f40,confirmation
hourly_seed_960023,6e98c17da2b906b6be0706a797d5802929c6978e00f1ac3f6f6bd1e08d964138,960023,0,4,0,perfect_information,33.287328000739315,0.4215726374228662,78.95988744485294,0.9625007214605815,0.9500009429211632,0.2499990000000009,0.500000984979238,0.0,0.0,1100.0,212.15515690863197,217.38446437672522,212.15515690863197,optimal,0.6724409447051585,0.4742015218362212,f40,confirmation
hourly_seed_960023,6e98c17da2b906b6be0706a797d5802929c6978e00f1ac3f6f6bd1e08d964138,960023,0,8,0,perfect_information,32.94574060415015,0.4172465497390694,78.95988744485294,0.9687506033735097,0.9500009423293578,0.2499990000004186,0.500000984823502,0.0,0.0,1100.0,212.15515690863197,217.38446437672522,212.15515690863197,optimal,0.7940869987942278,0.8368392209522426,f40,confirmation
hourly_seed_960018,4352ac2621454b92e9c80c829ac6fdb8fb1f64384ea11163da54e62f877a278a,960018,0,4,0,perfect_information,36.915154717596,0.4675178234439384,78.95988744485294,0.9625007242652851,0.9500009485305703,0.24999900000000022,0.5000009864554001,0.0,0.0,1100.0,212.15515690863197,217.38446437672522,212.15515690863197,optimal,0.743111346848309,0.9418804734013975,f40,confirmation
hourly_seed_960018,4352ac2621454b92e9c80c829ac6fdb8fb1f64384ea11163da54e62f877a278a,960018,0,8,0,perfect_information,27.33545896325461,0.34619424935662685,78.95988744485294,0.9625007195907478,0.9500009304931364,0.24999900000003578,0.5000009817087028,0.0,0.0,1100.0,212.15515690863197,217.38446437672522,212.15515690863197,optimal,0.6977186598815024,0.8719257861375809,f40,confirmation
hourly_seed_960024,27945c6350ae1c0eea130b98a1d7bed44d7829f3afccc44920c6ed61d3795ef8,960024,0,4,0,perfect_information,32.67696764150657,0.41384263198613064,78.95988744485294,0.9655820482684573,0.9500009418550098,0.24999899999999983,0.5000009846986719,0.0,0.0,1100.0,212.15515690863197,217.38446437672522,212.15515690863197,optimal,0.946578012779355,0.7487225723452866,f40,confirmation
hourly_seed_960024,27945c6350ae1c0eea130b98a1d7bed44d7829f3afccc44920c6ed61d3795ef8,960024,0,8,0,perfect_information,31.374882442069005,0.39735216775710086,78.95988744485294,0.9625007235058493,0.9500009394419398,0.24999900000000178,0.5000009840636463,0.0,0.0,1100.0,212.15515690863197,217.38446437672522,212.15515690863197,optimal,0.43280321825295687,0.535642827861011,f40,confirmation
hourly_seed_960022,ad8c76f4bbd1006ece3c930a387f5753f54922df0de4a10bfea32cff49b6533f,960022,0,4,0,perfect_information,39.35086625471596,0.498365277967238,78.95988744485294,0.9625007258581938,0.9500009517163879,0.24999900000000053,0.5000009872937727,0.0,7.275957614183426e-12,1100.0,212.15515690863197,217.38446437672522,212.15515690863197,optimal,0.5962914493866265,0.736112954095006,f40,confirmation
hourly_seed_960022,ad8c76f4bbd1006ece3c930a387f5753f54922df0de4a10bfea32cff49b6533f,960022,0,8,0,perfect_information,34.594394809786394,0.43812619203576963,78.95988744485294,0.9625007259715161,0.9500009450777511,0.24999900000000314,0.5000009855467631,0.0,0.0,1100.0,212.15515690863197,217.38446437672522,212.15515690863197,optimal,0.8033169559203088,0.8420444331131876,f40,confirmation
hourly_seed_960027,0662606726e84592f79a1d6bc3da84d2e55629ae8a1ae934b31c9ab33c7b5ab1,960027,0,4,0,perfect_information,38.53656366528834,0.4880524138563774,78.95988744485294,0.9625007253480617,0.9500009506961238,0.24999899999999964,0.5000009870252832,0.0,0.0,1100.0,212.15515690863197,217.38446437672522,212.15515690863197,optimal,0.5598930758424103,0.48947204602882266,f40,confirmation
hourly_seed_960027,0662606726e84592f79a1d6bc3da84d2e55629ae8a1ae934b31c9ab33c7b5ab1,960027,0,8,0,perfect_information,30.561651688957134,0.38705287808701555,78.95988744485294,0.9687506016864451,0.9500009378305192,0.24999900000000047,0.5000009836395933,0.0,0.0,1100.0,212.15515690863197,217.38446437672522,212.15515690863197,optimal,0.7615100000984967,0.8045305232517421,f40,confirmation
hourly_seed_960025,15a76493911dae19b5d03a516493b0a263501f58f617eea7850d064f6f126816,960025,0,4,0,perfect_information,38.30170964424868,0.48507806791137226,78.95988744485294,0.9625007251969041,0.950000950393808,0.24999900000000075,0.5000009869457264,0.0,2.3646862246096134e-11,1100.0,212.15515690863197,217.38446437672522,212.15515690863197,optimal,0.6790361353196204,0.7651003217324615,f40,confirmation
hourly_seed_960025,15a76493911dae19b5d03a516493b0a263501f58f617eea7850d064f6f126816,960025,0,8,0,perfect_information,23.43349663101708,0.2967772294177024,78.95988744485294,0.9687505945947751,0.9500009189194002,0.24999900000004624,0.5000009786629799,0.0,0.0,1100.0,212.15515690863197,217.38446437672522,212.15515690863197,optimal,0.6829213500022888,0.7869127462618053,f40,confirmation
hourly_seed_960034,24ef82e8c8872529ec49711e5d8351a5d0f68e171882e941a4860e069d140588,960034,0,4,0,perfect_information,31.563144661661763,0.39973644445359746,78.95988744485294,0.9750004774261803,0.9500009398031476,0.24999900000005748,0.5000009841587056,0.0,3.637978807091713e-12,1100.0,212.15515690863197,217.38446437672522,212.15515690863197,optimal,0.7515290188603103,0.8008193802088499,f40,confirmation
hourly_seed_960034,24ef82e8c8872529ec49711e5d8351a5d0f68e171882e941a4860e069d140588,960034,0,8,0,perfect_information,27.926965994131514,0.3536854838304605,78.95988744485294,0.962500720234831,0.9500009319653283,0.24999900000000105,0.5000009820961235,0.0,0.0,1100.0,212.15515690863197,217.38446437672522,212.15515690863197,optimal,0.5251123141497374,0.5256755473092198,f40,confirmation
hourly_seed_960042,26d4af752ba83fb350e515fcb5908099ff119c84689599e9f66353b2e2001269,960042,0,4,0,perfect_information,32.26717661737091,0.408652768659364,78.95988744485294,0.9625007205582862,0.9500009411165723,0.24999900000000053,0.5000009845043445,0.0,7.275957614183426e-12,1100.0,212.15515690863197,217.38446437672522,212.15515690863197,optimal,0.44088357919827104,0.48507014894858,f40,confirmation
hourly_seed_960042,26d4af752ba83fb350e515fcb5908099ff119c84689599e9f66353b2e2001269,960042,0,8,0,perfect_information,28.226748859115144,0.35748213140284973,78.95988744485294,0.9687505997579593,0.9500009326878902,0.2499989999999994,0.5000009822862721,0.0,2.000888343900442e-11,1100.0,212.15515690863197,217.38446437672522,212.15515690863197,optimal,0.4880479173734784,0.5108319157734513,f40,confirmation
hourly_seed_960036,564e3e6f4049cc216d5c2c68e96ef827df58aa37a9d60e2deca1f9842b78bccb,960036,0,4,0,perfect_information,28.033797796296124,0.35503847210870776,78.95988744485294,0.9714986505477906,0.9500009322245963,0.2499990000000249,0.5128087186189378,0.0,0.0,1100.0,212.15515690863197,217.38446437672522,212.15515690863197,optimal,0.553537807893008,0.5965422000735998,f40,confirmation
hourly_seed_960036,564e3e6f4049cc216d5c2c68e96ef827df58aa37a9d60e2deca1f9842b78bccb,960036,0,8,0,perfect_information,28.033797796296124,0.35503847210870776,78.95988744485294,0.9714518201875075,0.9500009322245963,0.2499990000000005,0.50000098216435,0.0,0.0,1100.0,212.15515690863197,217.38446437672522,212.15515690863197,optimal,0.8127681338228285,0.8047040551900864,f40,confirmation
hourly_seed_960039,bc5a3f0d4bca06bb11c64f063eedf524f40ef05178c8d13a58413ccacfd658aa,960039,0,4,0,perfect_information,34.17628671827394,0.4328309958919749,78.95988744485294,0.9750004791521898,0.9500009444058396,0.24999900000000067,0.500000985369942,0.0,3.637978807091713e-12,1100.0,212.15515690863197,217.38446437672522,212.15515690863197,optimal,0.7566840099170804,0.7624876061454415,f40,confirmation
hourly_seed_960039,bc5a3f0d4bca06bb11c64f063eedf524f40ef05178c8d13a58413ccacfd658aa,960039,0,8,0,perfect_information,29.49319411494272,0.3735212279214724,78.95988744485294,0.9745407405674578,0.9500009355782894,0.24999900000000122,0.5000009830469003,0.0,1.0913936421275139e-11,1100.0,212.15515690863197,217.38446437672522,212.15515690863197,optimal,0.4360134191811085,0.45092604868113995,f40,confirmation
hourly_seed_960026,2f1bef2b7fce31ae3d21d9771ac843e9303de8d397e33aac034f016384b2f305,960026,0,4,0,perfect_information,26.71651047943533,0.338355478255901,78.95988744485294,0.9625007144414267,0.9500009288828524,0.24999900000000147,0.5000009812849432,0.0,0.0,1100.0,212.15515690863197,217.38446437672522,212.15515690863197,optimal,0.6907118470408022,0.7825310886837542,f40,confirmation
hourly_seed_960026,2f1bef2b7fce31ae3d21d9771ac843e9303de8d397e33aac034f016384b2f305,960026,0,8,0,perfect_information,26.71651047943533,0.338355478255901,78.95988744485294,0.9625007188862512,0.9500009288828524,0.24999900000012087,0.5000009812849432,0.0,7.275957614183426e-12,1100.0,212.15515690863197,217.38446437672522,212.15515690863197,optimal,0.7625291761942208,0.9285340229980648,f40,confirmation
hourly_seed_960040,842530cf0372c26cbbf2d7ed30d433a40a692b1aa9b5f474fbaac9f1030d064a,960040,0,4,0,perfect_information,38.65164942495195,0.4895099356866103,78.95988744485294,0.9500009754214633,0.9500009508429267,0.24999900000003047,0.5000009870639146,0.0,0.0,1100.0,212.15515690863197,217.38446437672522,212.15515690863197,optimal,0.8522156751714647,0.5165923810563982,f40,confirmation
hourly_seed_960040,842530cf0372c26cbbf2d7ed30d433a40a692b1aa9b5f474fbaac9f1030d064a,960040,0,8,0,perfect_information,30.42102528548122,0.3852718927281632,78.95988744485294,0.9625007226751202,0.9500009375431319,0.24999900000000608,0.5000009835639655,0.0,0.0,1100.0,212.15515690863197,217.38446437672522,212.15515690863197,optimal,0.7176850317046046,0.6045547900721431,f40,confirmation
hourly_seed_960049,bb0fce786bf9ec5f837b4995063e99a58398c055ba465b13d4ae75af166bc96b,960049,0,4,0,perfect_information,35.19620635819363,0.4457479297038679,78.95988744485294,0.9625007230084268,0.9500009460168536,0.24999899999999997,0.5000009857938958,0.0,0.0,1100.0,212.15515690863197,217.38446437672522,212.15515690863197,optimal,0.42561128502711654,0.5690953331068158,f40,confirmation
hourly_seed_960049,bb0fce786bf9ec5f837b4995063e99a58398c055ba465b13d4ae75af166bc96b,960049,0,8,0,perfect_information,26.38715883947585,0.334184352249807,78.95988744485294,0.9594510606685296,0.9500009279952029,0.24999900000073697,0.5000009810513503,0.0,0.0,1100.0,212.15515690863197,217.38446437672522,212.15515690863197,optimal,0.4489582567475736,0.5069619030691683,f40,confirmation
hourly_seed_960029,d7442844445dfb42bab4aad4fcea560fbd67f9864c6cd1e4ba00b9c15942fac5,960029,0,4,0,perfect_information,41.25761113981747,0.5225135505497339,78.95988744485294,0.9625007269739219,0.9500009539478436,0.2499990000000008,0.5000009878809972,0.0,0.0,1100.0,212.15515690863197,217.38446437672522,212.15515690863197,optimal,0.7473141928203404,0.7310328930616379,f40,confirmation
hourly_seed_960029,d7442844445dfb42bab4aad4fcea560fbd67f9864c6cd1e4ba00b9c15942fac5,960029,0,8,0,perfect_information,35.479123218583105,0.449330975089882,78.95988744485294,0.9711897683367251,0.9500009464473247,0.24999899999999958,0.5000009859071765,0.0,0.0,1100.0,212.15515690863197,217.38446437672522,212.15515690863197,optimal,0.9862721348181367,0.7614551200531423,f40,confirmation
hourly_seed_960031,35f7fcb438c0bf48b5bfbaea968c091a8ec04d9ee2428e1f8cd84791cd7f8760,960031,0,4,0,perfect_information,31.364830737145585,0.3972248663481362,78.95988744485294,0.962500719711267,0.9500009394225342,0.24999900000000014,0.5000009840585458,0.0,5.4569682106375694e-12,1100.0,212.15515690863197,217.38446437672522,212.15515690863197,optimal,0.7039977479726076,0.808029365260154,f40,confirmation
hourly_seed_960031,35f7fcb438c0bf48b5bfbaea968c091a8ec04d9ee2428e1f8cd84791cd7f8760,960031,0,8,0,perfect_information,28.571595051431665,0.361849490621255,78.95988744485294,0.9687506000626193,0.9500009335003168,0.2499990000001474,0.5000009825000674,0.0,0.0,1100.0,212.15515690863197,217.38446437672522,212.15515690863197,optimal,0.722296189982444,0.8125390917994082,f40,confirmation
hourly_seed_960048,13289d5fb1015323742bcd06d5bd73876975f79aa959be31466dbdc3118e5479,960048,0,4,0,perfect_information,26.438634102034587,0.33483626886499585,78.95988744485294,0.9500009550846227,0.9500009281353963,0.24999900945598444,0.9500009640676982,0.0,0.0,1100.0,212.15515690863197,217.38446437672522,212.15515690863197,optimal,0.5672979820519686,0.572462554089725,f40,confirmation
hourly_seed_960048,13289d5fb1015323742bcd06d5bd73876975f79aa959be31466dbdc3118e5479,960048,0,8,0,perfect_information,26.438634102034587,0.33483626886499585,78.95988744485294,0.9562508390676981,0.9500009281353963,0.24999900000032985,0.9500009640676982,0.0,0.0,1100.0,212.15515690863197,217.38446437672522,212.15515690863197,optimal,0.41555151296779513,0.5319265248253942,f40,confirmation
hourly_seed_960035,1f551cf4a97279d3b11d8dafcfeeaf5590efca45f503f34fcf1cd5ec4c7aed2d,960035,0,4,0,perfect_information,35.48144461618492,0.449360374797467,78.95988744485294,0.9625007232254141,0.9500009464508284,0.2499990000000005,0.5000009859080992,0.0,0.0,1100.0,212.15515690863197,217.38446437672522,212.15515690863197,optimal,0.7427122048102319,0.7225780822336674,f40,confirmation
hourly_seed_960035,1f551cf4a97279d3b11d8dafcfeeaf5590efca45f503f34fcf1cd5ec4c7aed2d,960035,0,8,0,perfect_information,31.458857967249127,0.39841568909556235,78.95988744485294,0.9625007235765721,0.950000939603592,0.24999899999999997,0.5000009841061934,0.0,0.0,1100.0,212.15515690863197,217.38446437672522,212.15515690863197,optimal,0.756050257012248,0.799786554183811,f40,confirmation
hourly_seed_960038,86ab780f19779e8994c0f95ba3233e495c429277928531869d6116be41884e6e,960038,0,4,0,perfect_information,24.31457052383524,0.307935729275412,78.95988744485294,0.9625007109287369,0.9500009218574738,0.2499990000006034,0.5000009794361502,0.0,0.0,1100.0,212.15515690863197,217.38446437672522,212.15515690863197,optimal,0.6780698699876666,0.7376784840598702,f40,confirmation
hourly_seed_960038,86ab780f19779e8994c0f95ba3233e495c429277928531869d6116be41884e6e,960038,0,8,0,perfect_information,24.31457052383524,0.307935729275412,78.95988744485294,0.9625007158126448,0.9500009218574738,0.24999900000028893,0.5000009794361595,0.0,3.456079866737127e-11,1100.0,212.15515690863197,217.38446437672522,212.15515690863197,optimal,0.9415179621428251,0.78248753817752,f40,confirmation
hourly_seed_960056,d0d0616c1fcb5c0be460ffacce63ed6acdf0c14b8c14f36e17a31d3752c6410f,960056,0,4,0,perfect_information,27.931601957405068,0.3537441967215698,78.95988744485294,0.9625007159883097,0.9500009319766184,0.2499990000000002,0.5000009820990942,0.0,0.0,1100.0,212.15515690863197,217.38446437672522,212.15515690863197,optimal,0.4204931827262044,0.4765617959201336,f40,confirmation
hourly_seed_960056,d0d0616c1fcb5c0be460ffacce63ed6acdf0c14b8c14f36e17a31d3752c6410f,960056,0,8,0,perfect_information,27.931601957405068,0.3537441967215698,78.95988744485294,0.9687505994912323,0.9500009319766184,0.24999900000000222,0.5000009820990942,0.0,0.0,1100.0,212.15515690863197,217.38446437672522,212.15515690863197,optimal,0.47220695996657014,0.5568423881195486,f40,confirmation
hourly_seed_960046,1a5a533d7e8d453f1f6597967ff4c61a0a07706e79b439786f020c8ea805c426,960046,0,4,0,perfect_information,40.375984150940674,0.5113480459193919,78.95988744485294,0.975000482353353,0.9500009529422749,0.24999900000000025,0.5000009876163757,0.0,0.0,1100.0,212.15515690863197,217.38446437672522,212.15515690863197,optimal,0.4635850768536329,0.6099338419735432,f40,confirmation
hourly_seed_960046,1a5a533d7e8d453f1f6597967ff4c61a0a07706e79b439786f020c8ea805c426,960046,0,8,0,perfect_information,31.31153631484601,0.3965499106962959,78.95988744485294,0.9687506022447849,0.9500009393194253,0.24999900000000033,0.500000984031411,0.0,0.0,1100.0,212.15515690863197,217.38446437672522,212.15515690863197,optimal,0.4807947031222284,0.7945061726495624,f40,confirmation
hourly_seed_960037,a727ef6a2d85270dc7e56fac3cab5655cbb12f670e47f6065a6e4f01720f00ea,960037,0,4,0,perfect_information,31.638813528700343,0.4006947648044392,78.95988744485294,0.9500009699735585,0.9500009399471171,0.24999900000002312,0.5000009841965939,0.0,7.275957614183426e-12,1100.0,212.15515690863197,217.38446437672522,212.15515690863197,optimal,0.7036293060518801,0.7501742411404848,f40,confirmation
hourly_seed_960037,a727ef6a2d85270dc7e56fac3cab5655cbb12f670e47f6065a6e4f01720f00ea,960037,0,8,0,perfect_information,31.638813528700343,0.4006947648044392,78.95988744485294,0.968750602480169,0.9500009399471171,0.24999900000000033,0.5000009841965939,0.0,0.0,1100.0,212.15515690863197,217.38446437672522,212.15515690863197,optimal,0.6980761019513011,0.8228022651746869,f40,confirmation
hourly_seed_960058,8546e251569b7f414a952daed427f97def29097cb02c02b7a0072d260aee6c74,960058,0,4,0,perfect_information,41.176256478651496,0.521483221558665,78.95988744485294,0.9625007269284277,0.9500009538568552,0.24999900000000028,0.5000009878570564,0.0,2.7284841053187847e-11,1100.0,212.15515690863197,217.38446437672522,212.15515690863197,optimal,0.48354361904785037,0.589500998146832,f40,confirmation
hourly_seed_960058,8546e251569b7f414a952daed427f97def29097cb02c02b7a0072d260aee6c74,960058,0,8,0,perfect_information,31.84623491063855,0.4033216857468364,78.95988744485294,0.962500723897986,0.9500009403382527,0.24999900000000205,0.5000009842995267,0.0,0.0,1100.0,212.15515690863197,217.38446437672522,212.15515690863197,optimal,0.44920589961111546,0.5115379798226058,f40,confirmation
hourly_seed_960032,46abcb59277bbc8167aa3868e5c0f5c0fa2ba9aa984663006aa7398528507e62,960032,0,4,0,perfect_information,32.445259960757475,0.41090813336604426,78.95988744485294,0.9625007207198839,0.9500009414397677,0.24999899999999955,0.5000009845893971,0.0,0.0,1100.0,212.15515690863197,217.38446437672522,212.15515690863197,optimal,0.8373790448531508,0.81945287482813,f40,confirmation
hourly_seed_960032,46abcb59277bbc8167aa3868e5c0f5c0fa2ba9aa984663006aa7398528507e62,960032,0,8,0,perfect_information,30.089446268963126,0.3810725577588767,78.95988744485294,0.9687506013205766,0.9500009368548692,0.24999900000000164,0.5000009833828463,0.0,0.0,1100.0,212.15515690863197,217.38446437672522,212.15515690863197,optimal,0.8142724432982504,0.9413750898092985,f40,confirmation
hourly_seed_960041,67a8d25ea69a02bd1fcf711db9f2893c05095e34f2ca0fde928abbca4cd0e0b2,960041,0,4,0,perfect_information,41.62169191978354,0.5271245092497492,78.95988744485294,0.9750004828815046,0.9500009543506793,0.2499990000000008,0.5000009879869981,0.0,5.4569682106375694e-12,1100.0,212.15515690863197,217.38446437672522,212.15515690863197,optimal,0.9028924950398505,0.835683704353869,f40,confirmation
hourly_seed_960041,67a8d25ea69a02bd1fcf711db9f2893c05095e34f2ca0fde928abbca4cd0e0b2,960041,0,8,0,perfect_information,32.38083916055932,0.4100922659391416,78.95988744485294,0.9578285130378115,0.9500009413232618,0.24999900000025518,0.5000009845587394,0.0,0.0,1100.0,212.15515690863197,217.38446437672522,212.15515690863197,optimal,0.7159389611333609,0.5558693720959127,f40,confirmation
hourly_seed_960044,fc633d9c5b7f243d5a2b49e70c44925ac104b3deb48dd80f499f4b2984466690,960044,0,4,0,perfect_information,28.009366378732782,0.3547290565515946,78.95988744485294,0.9500009660827393,0.9500009321654787,0.24999900000042158,0.5000009821484023,0.0,0.0,1100.0,212.15515690863197,217.38446437672522,212.15515690863197,optimal,0.744002073071897,0.5704201408661902,f40,confirmation
hourly_seed_960044,fc633d9c5b7f243d5a2b49e70c44925ac104b3deb48dd80f499f4b2984466690,960044,0,8,0,perfect_information,28.009366378732782,0.3547290565515946,78.95988744485294,0.9642415710973796,0.9500009321654787,0.2499989999999985,0.5000009821487879,0.0,0.0,1100.0,212.15515690863197,217.38446437672522,212.15515690863197,optimal,0.4175505652092397,0.7001869948580861,f40,confirmation
hourly_seed_960059,b5df7964000caf65d0aa5ce3b782c9513a5fad56f9be81fcd0f9d906a34cb31e,960059,0,4,0,perfect_information,31.597240542207714,0.40016825713278553,78.95988744485294,0.9625007199340523,0.9500009398681046,0.24999900000006026,1.6519638886670134,0.0,0.0,1100.0,212.15515690863197,217.38446437672522,212.15515690863197,optimal,0.4751041471026838,0.5156497159041464,f40,confirmation
hourly_seed_960059,b5df7964000caf65d0aa5ce3b782c9513a5fad56f9be81fcd0f9d906a34cb31e,960059,0,8,0,perfect_information,31.597240542207714,0.40016825713278553,78.95988744485294,0.9657823519866806,0.9500009398681046,0.24999900000000835,0.9500009699340523,0.0,1.2732925824820995e-11,1100.0,212.15515690863197,217.38446437672522,212.15515690863197,optimal,0.6360844629816711,0.5374502390623093,f40,confirmation
hourly_seed_960047,4fa90aed2cc18cd423cf7495234c0d25e1c53239d275d4f88b5b7440ba054fb9,960047,0,4,0,perfect_information,30.713898932492842,0.38898103741528256,78.95988744485294,0.9625007190693454,0.9500009381386901,0.2499990000000207,0.5000009837206935,0.0,0.0,1100.0,212.15515690863197,217.38446437672522,212.15515690863197,optimal,0.5418529259040952,0.5490126791410148,f40,confirmation
hourly_seed_960047,4fa90aed2cc18cd423cf7495234c0d25e1c53239d275d4f88b5b7440ba054fb9,960047,0,8,0,perfect_information,27.660307840932823,0.3503083494166744,78.95988744485294,0.9687505992410406,0.9500009313094405,0.24999900000000208,0.5000009819235213,0.0,1.8189894035458565e-12,1100.0,212.15515690863197,217.38446437672522,212.15515690863197,optimal,0.707495569717139,0.7572558941319585,f40,confirmation
hourly_seed_960053,9e5f2821e6436f781e808971b8e0f19d20448ed16dd3514096958cb9aa0cc552,960053,0,4,0,perfect_information,33.61550975094686,0.4257289471749129,78.95988744485294,0.9750004788044049,0.9500009434784129,0.2499990000000006,0.5000009851258844,0.0,0.0,1100.0,212.15515690863197,217.38446437672522,212.15515690863197,optimal,0.4492009892128408,0.5460392613895237,f40,confirmation
hourly_seed_960053,9e5f2821e6436f781e808971b8e0f19d20448ed16dd3514096958cb9aa0cc552,960053,0,8,0,perfect_information,33.61550975094686,0.4257289471749129,78.95988744485294,0.9750004823370041,0.9500009434784129,0.24999900000000003,0.5000009851258844,0.0,0.0,1100.0,212.15515690863197,217.38446437672522,212.15515690863197,optimal,0.7472486733458936,0.7857547681778669,f40,confirmation
hourly_seed_960063,457e5388202aad7dd34533b9020a13510a517fb2fd73835d505c7930ce5a8950,960063,0,4,0,perfect_information,37.12319121900784,0.4701525346643303,78.95988744485294,0.9625007244095012,0.9500009488190023,0.2499990000000009,0.5000009865313033,0.0,0.0,1100.0,212.15515690863197,217.38446437672522,212.15515690863197,optimal,0.4601654359139502,0.493138387799263,f40,confirmation
hourly_seed_960063,457e5388202aad7dd34533b9020a13510a517fb2fd73835d505c7930ce5a8950,960063,0,8,0,perfect_information,31.34109961375177,0.3969243197774437,78.95988744485294,0.9750004810552079,0.9500009393766655,0.24999899999999992,0.5000009840464748,0.0,0.0,1100.0,212.15515690863197,217.38446437672522,212.15515690863197,optimal,0.4355430551804602,0.49110024562105536,f40,confirmation
hourly_seed_960068,76ac0b0bc1efebcb1bcd4cf7acb6d890011b7f0ac1d7272926964e4d527b2670,960068,0,4,0,perfect_information,40.574165050549794,0.5138579393098496,78.95988744485294,0.9562011032286943,0.9500009531721242,0.2499990000000063,0.5000009876768288,0.0,0.0,1100.0,212.15515690863197,217.38446437672522,212.15515690863197,optimal,0.4343785489909351,0.5420066271908581,f40,confirmation
hourly_seed_960068,76ac0b0bc1efebcb1bcd4cf7acb6d890011b7f0ac1d7272926964e4d527b2670,960068,0,8,0,perfect_information,29.915763169519817,0.37887292063851463,78.95988744485294,0.9625007222136166,0.9500009364882651,0.24999899999999997,0.5000009832863679,0.0,3.637978807091713e-12,1100.0,212.15515690863197,217.38446437672522,212.15515690863197,optimal,0.4608505195938051,0.549170901067555,f40,confirmation
hourly_seed_960060,2c302756521fb4b9d3d8cadd9e5a7a80ce81a821e63a97278b198f9c3e2a8643,960060,0,4,0,perfect_information,34.64437373718737,0.43875915807736743,78.95988744485294,0.9750004794338688,0.9500009451569834,0.24999900000000055,0.8279225774068657,0.0,0.0,1100.0,212.15515690863197,217.38446437672522,212.15515690863197,optimal,0.7518498809076846,0.7112345420755446,f40,confirmation
hourly_seed_960060,2c302756521fb4b9d3d8cadd9e5a7a80ce81a821e63a97278b198f9c3e2a8643,960060,0,8,0,perfect_information,27.430401307663566,0.3473966617141073,78.95988744485294,0.9687505990251433,0.9500009307337142,0.24999900000000144,0.9500009653668581,0.0,0.0,1100.0,212.15515690863197,217.38446437672522,212.15515690863197,optimal,0.4223739951848984,0.5949030607007444,f40,confirmation
hourly_seed_960057,80eab9533aa32875700b0198b865c3d1c629d1f1617ce8f6461da8ac159a90f8,960057,0,4,0,perfect_information,34.14134683310227,0.43238849418253317,78.95988744485294,0.9500009721744725,0.9500009443489452,0.24999900000000552,0.5000009853549469,0.0,0.0,1100.0,212.15515690863197,217.38446437672522,212.15515690863197,optimal,0.912549233995378,0.727489982265979,f40,confirmation
hourly_seed_960057,80eab9533aa32875700b0198b865c3d1c629d1f1617ce8f6461da8ac159a90f8,960057,0,8,0,perfect_information,34.14134683310227,0.43238849418253317,78.95988744485294,0.9562508471744726,0.9500009443489452,0.24999900000000091,0.5000009853549702,0.0,0.0,1100.0,212.15515690863197,217.38446437672522,212.15515690863197,optimal,0.43826346192508936,0.5930149988271296,f40,confirmation
hourly_seed_960051,55b924dde28c594a3c09d416fc0d80d49a74370abc5d8b635af04867f150484c,960051,0,4,0,perfect_information,43.71884664901485,0.5536842574598262,78.95988744485294,0.9750004837026639,0.9500009565404371,0.2499990000000133,0.5000009885632614,0.0,0.0,1100.0,212.15515690863197,217.38446437672522,212.15515690863197,optimal,0.8420385331846774,0.7266771369613707,f40,confirmation
hourly_seed_960051,55b924dde28c594a3c09d416fc0d80d49a74370abc5d8b635af04867f150484c,960051,0,8,0,perfect_information,28.20624096472523,0.3572224059263635,78.95988744485294,0.9638700455021217,0.9500009326389496,0.24999900000009584,0.5000009822733931,0.0,0.0,1100.0,212.15515690863197,217.38446437672522,212.15515690863197,optimal,0.6781604900024831,0.8384137409739196,f40,confirmation
hourly_seed_960043,8a5a499386e40e8cb822e1c86e1087ac1b1d9acfbdf4d8e4d7684eb07203c295,960043,0,4,0,perfect_information,28.153981329100418,0.35656055549425253,78.95988744485294,0.9625007162569573,0.9500009325139136,0.24999900000002667,0.5557320952461958,0.0,0.0,1100.0,212.15515690863197,217.38446437672522,212.15515690863197,optimal,0.7170091676525772,0.7267441870644689,f40,confirmation
hourly_seed_960043,8a5a499386e40e8cb822e1c86e1087ac1b1d9acfbdf4d8e4d7684eb07203c295,960043,0,8,0,perfect_information,28.153981329100418,0.35656055549425253,78.95988744485294,0.9625007204748378,0.9500009325139136,0.24999900000006145,0.5000009822404863,0.0,0.0,1100.0,212.15515690863197,217.38446437672522,212.15515690863197,optimal,0.7483504898846149,0.8180094962008297,f40,confirmation
hourly_seed_960070,0974d234f6852350ab6c8e2a155b9e1618320162a0886ae7d340cabf64b4bc86,960070,0,4,0,perfect_information,43.63150476686439,0.5525781023603592,78.95988744485294,0.9750004836700399,0.9500009564534394,0.24999900000000022,1.068192134747836,0.0,1.4551915228366852e-11,1100.0,212.15515690863197,217.38446437672522,212.15515690863197,optimal,0.5500732073560357,0.4581916439346969,f40,confirmation
hourly_seed_960070,0974d234f6852350ab6c8e2a155b9e1618320162a0886ae7d340cabf64b4bc86,960070,0,8,0,perfect_information,35.18838157788188,0.44564883153434204,78.95988744485294,0.9635897097540395,0.9500009460048494,0.2499990000000073,1.125062899442941,0.0,0.0,1100.0,212.15515690863197,217.38446437672522,212.15515690863197,optimal,0.5048531391657889,0.5703753712587059,f40,confirmation
hourly_seed_960050,c57d4c8e569849d964ce3106741e94462c0a1f77de5a64ae2340ce67fad84a1b,960050,0,4,0,perfect_information,40.372869499759624,0.5113085999262194,78.95988744485294,0.9750004823519915,0.9500009529386445,0.24999900000000036,0.7676391540547168,0.0,0.0,1100.0,212.15515690863197,217.38446437672522,212.15515690863197,optimal,0.6743445759639144,0.8108323309570551,f40,confirmation
hourly_seed_960050,c57d4c8e569849d964ce3106741e94462c0a1f77de5a64ae2340ce67fad84a1b,960050,0,8,0,perfect_information,32.055409049093186,0.40597080475173275,78.95988744485294,0.9653852118169525,0.9500009407275708,0.24999900000028782,0.9378026597891448,0.0,2.546585164964199e-11,1100.0,212.15515690863197,217.38446437672522,212.15515690863197,optimal,0.6703517227433622,0.8633196628652513,f40,confirmation
hourly_seed_960045,9f87712cbe8cfdbac37d5c9fc7d927308e1a71bf16913aa1daac3c0a7f246191,960045,0,4,0,perfect_information,23.262252551058264,0.29460848164588704,78.95988744485294,0.9625007091612645,0.9500009183225289,0.24999900000014702,0.5000009785059081,0.0,0.0,1100.0,212.15515690863197,217.38446437672522,212.15515690863197,optimal,0.8152837292291224,0.8272288022562861,f40,confirmation
hourly_seed_960045,9f87712cbe8cfdbac37d5c9fc7d927308e1a71bf16913aa1daac3c0a7f246191,960045,0,8,0,perfect_information,23.262252551058264,0.29460848164588704,78.95988744485294,0.9750004744757903,0.9500009183225289,0.24999900000009068,0.5000009785059081,0.0,0.0,1100.0,212.15515690863197,217.38446437672522,212.15515690863197,optimal,0.7732939920388162,0.7231231750920415,f40,confirmation
hourly_seed_960055,8992ee53295c8a51a98b226bbf9f3b5fc93502e7c6b103e7cf6596814845677c,960055,0,4,0,perfect_information,29.198484795488618,0.36978883506997634,78.95988744485294,0.9750004755980232,0.9500009349280611,0.2499990000000196,0.5000009828757896,0.0,0.0,1100.0,212.15515690863197,217.38446437672522,212.15515690863197,optimal,0.7475366848520935,0.7026193998754025,f40,confirmation
hourly_seed_960055,8992ee53295c8a51a98b226bbf9f3b5fc93502e7c6b103e7cf6596814845677c,960055,0,8,0,perfect_information,27.56828741533862,0.349142942162789,78.95988744485294,0.9750004784625497,0.9500009310801578,0.24999900000000094,0.5000009818631841,0.0,0.0,1100.0,212.15515690863197,217.38446437672522,212.15515690863197,optimal,0.7492517163045704,0.7290974520146847,f40,confirmation
hourly_seed_960061,1d7590a3ca63beff820bdd85f92e9c65a53531335ceadac481a5ef2276b7e464,960061,0,4,0,perfect_information,34.39905506067982,0.4356522808458252,78.95988744485294,0.9625007223829337,0.9500009447658675,0.24999900000000008,0.9500009723829337,0.0,0.0,1100.0,212.15515690863197,217.38446437672522,212.15515690863197,optimal,0.9255575742572546,0.7603490529581904,f40,confirmation
hourly_seed_960061,1d7590a3ca63beff820bdd85f92e9c65a53531335ceadac481a5ef2276b7e464,960061,0,8,0,perfect_information,25.98370972191138,0.3290748070032254,78.95988744485294,0.9687505975789438,0.9500009268771842,0.24999900000000352,0.950000963438591,0.0,0.0,1100.0,212.15515690863197,217.38446437672522,212.15515690863197,optimal,0.43915559723973274,0.5781235382892191,f40,confirmation
hourly_seed_960054,3b58e3d642ffe4174830543d6cffcd62c8f202d3c80c1fcbea53a3f2279bcc45,960054,0,4,0,perfect_information,21.74553227141842,0.2753997374503086,78.95988744485294,0.9594151829172362,0.9500009126256376,0.24999900000001793,0.5000009770067273,0.0,1.2732925824820995e-11,1100.0,212.15515690863197,217.38446437672522,212.15515690863197,optimal,0.8112637354061007,0.8064005351625383,f40,confirmation
hourly_seed_960054,3b58e3d642ffe4174830543d6cffcd62c8f202d3c80c1fcbea53a3f2279bcc45,960054,0,8,0,perfect_information,21.74553227141842,0.2753997374503086,78.95988744485294,0.9666051141074038,0.9500009126256376,0.24999900000004424,0.5000009770067273,0.0,2.1827872842550278e-11,1100.0,212.15515690863197,217.38446437672522,212.15515690863197,optimal,0.6615594690665603,0.8527539391070604,f40,confirmation
hourly_seed_960052,62dfbd17bc9a610c3de184d7a0f54c5fcef95a1048fd1d6cfae2e165ab0f1a5f,960052,0,4,0,perfect_information,28.703319380805418,0.363517734252754,78.95988744485294,0.9625007169027481,0.950000933805495,0.2499990000000001,0.5000009825803766,0.0,0.0,1100.0,212.15515690863197,217.38446437672522,212.15515690863197,optimal,0.6808633860200644,0.7773089967668056,f40,confirmation
hourly_seed_960052,62dfbd17bc9a610c3de184d7a0f54c5fcef95a1048fd1d6cfae2e165ab0f1a5f,960052,0,8,0,perfect_information,27.385111356914756,0.3468230799599484,78.95988744485294,0.9687505989821857,0.9500009306191604,0.24999899999999986,0.5000009817418669,0.0,0.0,1100.0,212.15515690863197,217.38446437672522,212.15515690863197,optimal,0.7308918926864862,0.932382155675441,f40,confirmation
hourly_seed_960064,05b57db2386f7d96aa37322fdc777acf7392148cc37b71b72e8583a1ac7e3420,960064,0,4,0,perfect_information,31.42198554712257,0.39794871249111485,78.95988744485294,0.9625007197663605,0.9500009395327211,0.2499990000000008,0.5000009840875419,0.0,0.0,1100.0,212.15515690863197,217.38446437672522,212.15515690863197,optimal,0.432543336879462,0.5287931459024549,f40,confirmation
hourly_seed_960064,05b57db2386f7d96aa37322fdc777acf7392148cc37b71b72e8583a1ac7e3420,960064,0,8,0,perfect_information,28.507633178363402,0.36103943534967253,78.95988744485294,0.9625007208411117,0.9500009333511131,0.249999000000001,0.5000009824608037,0.0,0.0,1100.0,212.15515690863197,217.38446437672522,212.15515690863197,optimal,0.6729616681113839,0.9132885090075433,f40,confirmation
hourly_seed_960072,6a0a2a2298448104083bf6a834a517b3aedd636ffd338ee6f4fd6994999f7c8a,960072,0,4,0,perfect_information,31.531453719320726,0.39933508949519314,78.95988744485294,0.9750004774034918,0.9500009397426444,0.24999900000000091,0.5000009841427484,0.0,0.0,1100.0,212.15515690863197,217.38446437672522,212.15515690863197,optimal,0.4399035917595029,0.5760466558858752,f40,confirmation
hourly_seed_960072,6a0a2a2298448104083bf6a834a517b3aedd636ffd338ee6f4fd6994999f7c8a,960072,0,8,0,perfect_information,31.531453719320726,0.39933508949519314,78.95988744485294,0.9625007236374075,0.9500009397426444,0.2499990000000018,0.5000009841427845,0.0,0.0,1100.0,212.15515690863197,217.38446437672522,212.15515690863197,optimal,0.48761900421231985,0.602556808385998,f40,confirmation
hourly_seed_960074,c3dda8d75097abad35e2944299c93ad5a51130d95ebb315180481177e9b2b496,960074,0,4,0,perfect_information,29.917875562263138,0.3788996733709675,78.95988744485294,0.9625007182463752,0.9500009364927494,0.2499990000000105,0.5000009832875493,0.0,0.0,1100.0,212.15515690863197,217.38446437672522,212.15515690863197,optimal,0.43419090704992414,0.5402080556377769,f40,confirmation
hourly_seed_960074,c3dda8d75097abad35e2944299c93ad5a51130d95ebb315180481177e9b2b496,960074,0,8,0,perfect_information,26.969205072272064,0.34155576894797196,78.95988744485294,0.9625007191777765,0.9500009295492019,0.24999900000001177,0.5000009814603003,0.0,0.0,1100.0,212.15515690863197,217.38446437672522,212.15515690863197,optimal,0.5636319797486067,0.4956616531126201,f40,confirmation
hourly_seed_960065,3d98f96a2791ff6fe51832b22e63571addcf627e7958d69c7866a45ec38ac630,960065,0,4,0,perfect_information,35.67480407093517,0.451809206235902,78.95988744485294,0.962500723370534,0.950000946741068,0.24999900000000003,0.5164345222154041,0.0,3.637978807091713e-12,1100.0,212.15515690863197,217.38446437672522,212.15515690863197,optimal,0.7882233541458845,0.738682231400162,f40,confirmation
hourly_seed_960065,3d98f96a2791ff6fe51832b22e63571addcf627e7958d69c7866a45ec38ac630,960065,0,8,0,perfect_information,27.725789752286925,0.35113765545386744,78.95988744485294,0.9687505993018778,0.9500009314716739,0.2499990000016332,0.5000009819662125,0.0,0.0,1100.0,212.15515690863197,217.38446437672522,212.15515690863197,optimal,0.5187851153314114,0.5380787728354335,f40,confirmation
hourly_seed_960067,059f90525cd9fa17362b5f0a66ba351fd8eb59cfdd5370c8fa832f2ac63ea9a9,960067,0,4,0,perfect_information,27.176868726921914,0.3441857581914962,78.95988744485294,0.9500009563047107,0.9500009300875322,0.24999900000004865,0.5000009816019627,0.0,0.0,1100.0,212.15515690863197,217.38446437672522,212.15515690863197,optimal,0.5384234748780727,0.6345757339149714,f40,confirmation
hourly_seed_960067,059f90525cd9fa17362b5f0a66ba351fd8eb59cfdd5370c8fa832f2ac63ea9a9,960067,0,8,0,perfect_information,27.176868726921914,0.3441857581914962,78.95988744485294,0.9625007194132953,0.9500009300875322,0.2499990000000386,0.5000009816019627,0.0,0.0,1100.0,212.15515690863197,217.38446437672522,212.15515690863197,optimal,0.7392946342006326,0.8810920030809939,f40,confirmation
hourly_seed_960075,313989f396e1d24d6cc5949fdbd9cb9cb4a8462f2bbe0feb301c5928c5c55c85,960075,0,4,0,perfect_information,30.726717546738584,0.3891433807855754,78.95988744485294,0.9625007190822497,0.9500009381644994,0.24999900000000053,0.5000009837274834,0.0,0.0,1100.0,212.15515690863197,217.38446437672522,212.15515690863197,optimal,0.8283763602375984,0.46383060794323683,f40,confirmation
hourly_seed_960075,313989f396e1d24d6cc5949fdbd9cb9cb4a8462f2bbe0feb301c5928c5c55c85,960075,0,8,0,perfect_information,30.726717546738584,0.3891433807855754,78.95988744485294,0.961198664671221,0.9500009381644994,0.24999900000000017,0.5000009837274834,0.0,3.637978807091713e-12,1100.0,212.15515690863197,217.38446437672522,212.15515690863197,optimal,0.46888686902821064,0.5221947859972715,f40,confirmation
hourly_seed_960069,8f9afe8fb1cebb0cb1ed4f31206d07dcee40909f69fd23a1b684a060879ddd93,960069,0,4,0,perfect_information,27.353821377991903,0.34642680306625717,78.95988744485294,0.9750004739524242,0.9500009305397978,0.24999900000000416,0.5000009817209803,0.0,0.0,1100.0,212.15515690863197,217.38446437672522,212.15515690863197,optimal,0.7128398916684091,0.824132083915174,f40,confirmation
hourly_seed_960069,8f9afe8fb1cebb0cb1ed4f31206d07dcee40909f69fd23a1b684a060879ddd93,960069,0,8,0,perfect_information,27.353821377991903,0.34642680306625717,78.95988744485294,0.9500009652698989,0.9500009305397978,0.24999900000004854,0.5000009817209803,0.0,0.0,1100.0,212.15515690863197,217.38446437672522,212.15515690863197,optimal,0.4960226849652827,0.5236203842796385,f40,confirmation
hourly_seed_960062,894ecfccc248dbdc27eb7a89e75e840bd47d9a7b1087494ddc318d33f84d9bfa,960062,0,4,0,perfect_information,30.1752661325711,0.3821594370134591,78.95988744485294,0.9625007185172294,0.9500009370344589,0.2499990000000048,0.8851816481340321,0.0,2.546585164964199e-11,1100.0,212.15515690863197,217.38446437672522,212.15515690863197,optimal,0.753955664113164,0.7385309999808669,f40,confirmation
hourly_seed_960062,894ecfccc248dbdc27eb7a89e75e840bd47d9a7b1087494ddc318d33f84d9bfa,960062,0,8,0,perfect_information,30.1752661325711,0.3821594370134591,78.95988744485294,0.9670973965667523,0.9500009370344589,0.2499990000000027,0.7839915796626546,0.0,0.0,1100.0,212.15515690863197,217.38446437672522,212.15515690863197,optimal,0.7132218349725008,0.9053383199498057,f40,confirmation
hourly_seed_960066,64c14f87a517e958081e9065c82029d82a1900965272648906941e2485f2dbae,960066,0,4,0,perfect_information,41.28156267199046,0.522816888522318,78.95988744485294,0.9625007269872815,0.9500009539745631,0.24999899999999992,1.3447518549002802,0.0,1.2732925824820995e-11,1100.0,212.15515690863197,217.38446437672522,212.15515690863197,optimal,0.6669254209846258,0.8902436881326139,f40,confirmation
hourly_seed_960066,64c14f87a517e958081e9065c82029d82a1900965272648906941e2485f2dbae,960066,0,8,0,perfect_information,26.45736023554518,0.3350734289486354,78.95988744485294,0.9625007185814891,0.950000928186261,0.24999900000012074,1.5659328999064128,0.0,0.0,1100.0,212.15515690863197,217.38446437672522,212.15515690863197,optimal,0.6496159159578383,0.8100304282270372,f40,confirmation
hourly_seed_960079,9b8a343a9a831ddabc61c916955294e47f6c78d4d989e757ad333bfa79e0e3b6,960079,0,4,0,perfect_information,28.956610614849648,0.36672558120189175,78.95988744485294,0.9750004753941943,0.9500009343845179,0.2499990000000187,0.500000982732752,0.0,1.4551915228366852e-11,1100.0,212.15515690863197,217.38446437672522,212.15515690863197,optimal,0.46427059080451727,0.45716763800010085,f40,confirmation
hourly_seed_960079,9b8a343a9a831ddabc61c916955294e47f6c78d4d989e757ad333bfa79e0e3b6,960079,0,8,0,perfect_information,23.092611278990436,0.2924600328884555,78.95988744485294,0.9625007140036003,0.9500009177225133,0.24999900000000708,0.5000009783480076,0.0,0.0,1100.0,212.15515690863197,217.38446437672522,212.15515690863197,optimal,0.6233548438176513,0.8606813568621874,f40,confirmation
hourly_seed_960078,c53faf21c9cdd74a75373b7c88e7e5ee10cbe627425ea9f477d79e6668177fdc,960078,0,4,0,perfect_information,28.2682076650838,0.358007193017174,78.95988744485294,0.9500009579916336,0.9500009327866137,0.24999900884385456,0.5000009823122494,0.0,0.0,1100.0,212.15515690863197,217.38446437672522,212.15515690863197,optimal,0.738206448033452,0.5203465344384313,f40,confirmation
hourly_seed_960078,c53faf21c9cdd74a75373b7c88e7e5ee10cbe627425ea9f477d79e6668177fdc,960078,0,8,0,perfect_information,25.957114440639543,0.3287379868514691,78.95988744485294,0.9667592469836755,0.9500009268022637,0.24999900000000924,0.5000009807374202,0.0,5.4569682106375694e-12,1100.0,212.15515690863197,217.38446437672522,212.15515690863197,optimal,0.4639836894348264,0.5440081199631095,f40,confirmation
hourly_seed_960083,8cbac64fb7408e7e5e7eb2f07db8175db0157b4c0974328b0a41c920ad22043e,960083,0,4,0,perfect_information,32.02471747902612,0.40558210650177007,78.95988744485294,0.9625007203353825,0.9500009406707641,0.24999900000000097,0.5000009843870293,0.0,0.0,1100.0,212.15515690863197,217.38446437672522,212.15515690863197,optimal,0.5162173379212618,0.5000207303091884,f40,confirmation
hourly_seed_960083,8cbac64fb7408e7e5e7eb2f07db8175db0157b4c0974328b0a41c920ad22043e,960083,0,8,0,perfect_information,32.02471747902612,0.40558210650177007,78.95988744485294,0.9625007240434599,0.9500009406707641,0.24999900000000122,0.5000009843870293,0.0,0.0,1100.0,212.15515690863197,217.38446437672522,212.15515690863197,optimal,0.4859723737463355,0.5564660951495171,f40,confirmation
hourly_seed_960071,55c60f54cc9baca0a8528d33e0d60182f93beef214acf1aa899ed03f5f4d60d1,960071,0,4,0,perfect_information,26.242556100684038,0.33235300796258516,78.95988744485294,0.9750004728494156,0.9500009275984415,0.24999900000002334,0.5000009809469411,0.0,0.0,1100.0,212.15515690863197,217.38446437672522,212.15515690863197,optimal,0.697331678122282,0.8089125496335328,f40,confirmation
hourly_seed_960071,55c60f54cc9baca0a8528d33e0d60182f93beef214acf1aa899ed03f5f4d60d1,960071,0,8,0,perfect_information,26.242556100684038,0.33235300796258516,78.95988744485294,0.9687505978494155,0.9500009275984415,0.2499990000000004,0.5000009809469411,0.0,1.8189894035458565e-12,1100.0,212.15515690863197,217.38446437672522,212.15515690863197,optimal,0.7424917840398848,0.5255665960721672,f40,confirmation
hourly_seed_960073,8b2cf6dc5c4297ff7ab89aeb10a8938bf37cd831a17b54b0f5e9b709bd15ec77,960073,0,4,0,perfect_information,34.448620263168934,0.43628000720275206,78.95988744485294,0.9625007224226697,0.9500009448453393,0.24999900000000105,0.7181936942641449,0.0,1.2732925824820995e-11,1100.0,212.15515690863197,217.38446437672522,212.15515690863197,optimal,0.4457914079539478,0.48253752291202545,f40,confirmation
hourly_seed_960073,8b2cf6dc5c4297ff7ab89aeb10a8938bf37cd831a17b54b0f5e9b709bd15ec77,960073,0,8,0,perfect_information,17.981549030022226,0.22773017556010164,78.95988744485294,0.9625007037720105,0.9500008943360241,0.24999900000007746,0.9500009471680121,0.0,1.2732925824820995e-11,1100.0,212.15515690863197,217.38446437672522,212.15515690863197,optimal,0.8749571838416159,0.8911016844213009,f40,confirmation
hourly_seed_960087,e4ff8cef7f364607c96f2c6d977e0b4e56275af697ae624a7701bcf180cb8736,960087,0,4,0,perfect_information,34.59912155263682,0.4381860546192076,78.95988744485294,0.962500722542627,0.9500009450852542,0.24999900000000114,1.1170624533610773,0.0,0.0,1100.0,212.15515690863197,217.38446437672522,212.15515690863197,optimal,0.4380873111076653,0.5026452159509063,f40,confirmation
hourly_seed_960087,e4ff8cef7f364607c96f2c6d977e0b4e56275af697ae624a7701bcf180cb8736,960087,0,8,0,perfect_information,25.380608864375837,0.32143674067547434,78.95988744485294,0.975000476606132,0.9500009251396224,0.249999000000008,1.3799523873932917,0.0,0.0,1100.0,212.15515690863197,217.38446437672522,212.15515690863197,optimal,0.5482900361530483,0.5441645598039031,f40,confirmation
hourly_seed_960089,5f7e93224fa6909a21a47f0ca5404c335f2eda46213516664ed4f7dd4c154847,960089,0,4,0,perfect_information,38.04223875181871,0.4817919576998906,78.95988744485294,0.9719997338266851,0.9500009500554626,0.24999900000002745,0.5000009868566878,0.0,0.0,1100.0,212.15515690863197,217.38446437672522,212.15515690863197,optimal,0.6689973436295986,0.48845055932179093,f40,confirmation
hourly_seed_960089,5f7e93224fa6909a21a47f0ca5404c335f2eda46213516664ed4f7dd4c154847,960089,0,8,0,perfect_information,36.40448230440947,0.46105033178821386,78.95988744485294,0.9677328129763237,0.9500009478085693,0.24999900000000017,0.5000009862654006,0.0,0.0,1100.0,212.15515690863197,217.38446437672522,212.15515690863197,optimal,0.45199057599529624,0.4589339289814234,f40,confirmation
hourly_seed_960084,1fd6edb1ef78e37b57844652ebd7c0e2a5b17054de30956360b57b6ad1c9420d,960084,0,4,0,perfect_information,30.542401756423313,0.3868090842676884,78.95988744485294,0.9625007188956682,0.9500009377913357,0.24999899999999972,0.5000009836292467,0.0,0.0,1100.0,212.15515690863197,217.38446437672522,212.15515690863197,optimal,0.5798370880074799,0.5029526785947382,f40,confirmation
hourly_seed_960084,1fd6edb1ef78e37b57844652ebd7c0e2a5b17054de30956360b57b6ad1c9420d,960084,0,8,0,perfect_information,27.540112969114535,0.34878612242639107,78.95988744485294,0.968750599128619,0.9500009310096504,0.24999900000003047,0.5000009818446262,0.0,0.0,1100.0,212.15515690863197,217.38446437672522,212.15515690863197,optimal,0.7704001250676811,0.77164665190503,f40,confirmation
hourly_seed_960090,9f93ed075db648b717255073a629447ee06fc1e436ce9cc8ed3433af24cfa850,960090,0,4,0,perfect_information,33.04731016713739,0.41853289355583556,78.95988744485294,0.9500009712533038,0.9500009425066078,0.24999900000001207,0.500000984870144,0.0,0.0,1100.0,212.15515690863197,217.38446437672522,212.15515690863197,optimal,0.44126910995692015,0.8398662698455155,f40,confirmation
hourly_seed_960090,9f93ed075db648b717255073a629447ee06fc1e436ce9cc8ed3433af24cfa850,960090,0,8,0,perfect_information,33.04731016713739,0.41853289355583556,78.95988744485294,0.9687506034399779,0.9500009425066078,0.24999900000000064,0.500000984870144,0.0,0.0,1100.0,212.15515690863197,217.38446437672522,212.15515690863197,optimal,0.6024464168585837,0.5291702980175614,f40,confirmation
hourly_seed_960076,7e69f7ff011080e166495c04e19104a484cf3af2f2aa2fe4d3503a64a427c93b,960076,0,4,0,perfect_information,35.14544506125191,0.4451050552193118,78.95988744485294,0.9750004797270816,0.9500009459388846,0.24999900000000033,0.5000009857733768,0.0,0.0,1100.0,212.15515690863197,217.38446437672522,212.15515690863197,optimal,0.764030824881047,0.7071414180099964,f40,confirmation
hourly_seed_960076,7e69f7ff011080e166495c04e19104a484cf3af2f2aa2fe4d3503a64a427c93b,960076,0,8,0,perfect_information,29.61667653550944,0.3750850905935534,78.95988744485294,0.9687506009425823,0.9500009358468862,0.24999900000000064,0.5000009831175877,0.0,0.0,1100.0,212.15515690863197,217.38446437672522,212.15515690863197,optimal,0.9041119739413261,0.8292436748743057,f40,confirmation
hourly_seed_960077,264bf94170c21cf5b0b368e1c866cf57a6503bccdf35c27951554722f7a747ee,960077,0,4,0,perfect_information,37.82682153032356,0.479063772181065,78.95988744485294,0.9625007248855192,0.9500009497710384,0.2499990000000043,1.0315820999678598,0.0,0.0,1100.0,212.15515690863197,217.38446437672522,212.15515690863197,optimal,0.8468179618939757,0.6420485801063478,f40,confirmation
hourly_seed_960077,264bf94170c21cf5b0b368e1c866cf57a6503bccdf35c27951554722f7a747ee,960077,0,8,0,perfect_information,29.451339359150502,0.37299115173789815,78.95988744485294,0.9687506008075267,0.9500009354867383,0.24999900000002928,0.8543486400725058,0.0,3.2741809263825417e-11,1100.0,212.15515690863197,217.38446437672522,212.15515690863197,optimal,0.7181582059711218,0.8016237961128354,f40,confirmation
hourly_seed_960086,4896bb708c510ddf5199755fa5b13ed542c164fe5d282faf23af7768f1e779c5,960086,0,4,0,perfect_information,27.796613667625966,0.35203461614658,78.95988744485294,0.9625007158231398,0.9500009316462795,0.2499989999999992,0.500000982012115,0.0,5.4569682106375694e-12,1100.0,212.15515690863197,217.38446437672522,212.15515690863197,optimal,0.7725503277033567,0.8340675639919937,f40,confirmation
hourly_seed_960086,4896bb708c510ddf5199755fa5b13ed542c164fe5d282faf23af7768f1e779c5,960086,0,8,0,perfect_information,20.96360382333144,0.26549688077978595,78.95988744485294,0.9687505910124877,0.9500009093666321,0.24999900000000094,0.5000009761490897,0.0,0.0,1100.0,212.15515690863197,217.38446437672522,212.15515690863197,optimal,0.45271703973412514,0.6057522878982127,f40,confirmation
hourly_seed_960096,a8a02d7efd7a14293f358db980f0d4067ea515cca7ded72f7559d67cd82fcf01,960096,0,4,0,perfect_information,35.60850157654694,0.4509695077949115,78.95988744485294,0.9625007233209503,0.9500009466419007,0.24999900000000083,0.5000009859583829,0.0,1.4551915228366852e-11,1100.0,212.15515690863197,217.38446437672522,212.15515690863197,optimal,0.5768726696260273,0.794900834094733,f40,confirmation
hourly_seed_960096,a8a02d7efd7a14293f358db980f0d4067ea515cca7ded72f7559d67cd82fcf01,960096,0,8,0,perfect_information,33.49672123709322,0.42422453122780795,78.95988744485294,0.9625007251841128,0.9500009432779719,0.24999900000000108,0.500000985073137,0.0,0.0,1100.0,212.15515690863197,217.38446437672522,212.15515690863197,optimal,0.4004884110763669,0.7419760711491108,f40,confirmation
hourly_seed_960093,037ebbcc0c993f14dcf9bc5a887318be44fe1b785fe745bace367e24887b0c65,960093,0,4,0,perfect_information,43.43936921600164,0.5501447712465459,78.95988744485294,0.9625007281304149,0.9500009562608298,0.2499990000000004,0.5000009884896819,0.0,1.8189894035458565e-12,1100.0,212.15515690863197,217.38446437672522,212.15515690863197,optimal,0.7753375447355211,0.6818440929055214,f40,confirmation
hourly_seed_960093,037ebbcc0c993f14dcf9bc5a887318be44fe1b785fe745bace367e24887b0c65,960093,0,8,0,perfect_information,33.083582893319274,0.41899227524134286,78.95988744485294,0.9625007248742188,0.9500009425696417,0.24999900000000103,0.5000009848867332,0.0,0.0,1100.0,212.15515690863197,217.38446437672522,212.15515690863197,optimal,0.4448347217403352,0.4917141697369516,f40,confirmation
hourly_seed_960095,b969246ac789c91bcc20275204a844331ff4cc7d209891e26f89993235a94de6,960095,0,4,0,perfect_information,34.77877780044241,0.44046133962301504,78.95988744485294,0.9625007226844632,0.9500009453689265,0.24999899999999997,0.5000009856233865,0.0,1.2732925824820995e-11,1100.0,212.15515690863197,217.38446437672522,212.15515690863197,optimal,0.45284920185804367,0.5255422862246633,f40,confirmation
hourly_seed_960095,b969246ac789c91bcc20275204a844331ff4cc7d209891e26f89993235a94de6,960095,0,8,0,perfect_information,32.466589511948975,0.41117826484522596,78.95988744485294,0.9687506030543398,0.9500009414782382,0.24999900000000058,0.5000009845995217,0.0,0.0,1100.0,212.15515690863197,217.38446437672522,212.15515690863197,optimal,0.7114194640889764,0.7869898257777095,f40,confirmation
hourly_seed_960081,9324a866dffbeadc7c86c9f6b4ecdd5642f6ef8ab29c2d273a6af88d87365be1,960081,0,4,0,perfect_information,30.94609525868032,0.3919217245629137,78.95988744485294,0.9625007193014251,0.9500009386028511,0.24999900000000055,0.5000009838428394,0.0,0.0,1100.0,212.15515690863197,217.38446437672522,212.15515690863197,optimal,0.6967455041594803,0.705009835306555,f40,confirmation
hourly_seed_960081,9324a866dffbeadc7c86c9f6b4ecdd5642f6ef8ab29c2d273a6af88d87365be1,960081,0,8,0,perfect_information,30.94609525868032,0.3919217245629137,78.95988744485294,0.9562508443014255,0.9500009386028511,0.24999900000000017,0.5000009838428394,0.0,0.0,1100.0,212.15515690863197,217.38446437672522,212.15515690863197,optimal,0.7131635546684265,0.8401282117702067,f40,confirmation
hourly_seed_960091,0c182d3f0e6ec14d19bac0ef7ee839870a0f56ab84435d151fdee2032ec76591,960091,0,4,0,perfect_information,41.24317561641572,0.5223307295773532,78.95988744485294,0.9625007269658624,0.9500009539317248,0.2499990000000167,0.500000987876759,0.0,9.094947017729282e-12,1100.0,212.15515690863197,217.38446437672522,212.15515690863197,optimal,0.7499961298890412,0.5957937962375581,f40,confirmation
hourly_seed_960091,0c182d3f0e6ec14d19bac0ef7ee839870a0f56ab84435d151fdee2032ec76591,960091,0,8,0,perfect_information,30.503611454715077,0.3863178183482008,78.95988744485294,0.9687506016420857,0.9500009377122272,0.24999900000000103,0.5000009836084647,0.0,9.094947017729282e-12,1100.0,212.15515690863197,217.38446437672522,212.15515690863197,optimal,0.5992078767158091,0.4884474091231823,f40,confirmation
hourly_seed_960092,5d0b949c305885dabded6e560ae125f236460adae7d0072ee5834a3084b19b21,960092,0,4,0,perfect_information,32.44674078816684,0.4109268875392997,78.95988744485294,0.9625007207212201,0.9500009414424403,0.2499990000000083,0.5000009845901011,0.0,0.0,1100.0,212.15515690863197,217.38446437672522,212.15515690863197,optimal,0.6856626360677183,0.6192269790917635,f40,confirmation
hourly_seed_960092,5d0b949c305885dabded6e560ae125f236460adae7d0072ee5834a3084b19b21,960092,0,8,0,perfect_information,28.09739402453721,0.3558438966134666,78.95988744485294,0.9637886747645894,0.9500009323779985,0.2499990000000037,0.5000009822047139,0.0,0.0,1100.0,212.15515690863197,217.38446437672522,212.15515690863197,optimal,0.4875419526360929,0.7580710500478745,f40,confirmation
hourly_seed_960088,6463dfa09006cd02b752d3a401ff507990373cf20ca0cba9b3f50d4e0531b890,960088,0,4,0,perfect_information,23.073553739120236,0.29221867565648746,78.95988744485294,0.9625007088272793,0.9500009176545587,0.24999900000008785,0.5000009783301254,0.0,0.0,1100.0,212.15515690863197,217.38446437672522,212.15515690863197,optimal,0.684288676828146,0.6059456481598318,f40,confirmation
hourly_seed_960088,6463dfa09006cd02b752d3a401ff507990373cf20ca0cba9b3f50d4e0531b890,960088,0,8,0,perfect_information,23.073553739120236,0.29221867565648746,78.95988744485294,0.9625007139738694,0.9500009176545587,0.24999900000000713,0.5000009783301254,0.0,0.0,1100.0,212.15515690863197,217.38446437672522,212.15515690863197,optimal,0.6657717251218855,0.7039456781931221,f40,confirmation
hourly_seed_960099,e8f6c67e5b42f98cdb60dfe2ae0cd7d1f5965891ae7a81c135ec0f2dc2d1d01f,960099,0,4,0,perfect_information,42.41573721564199,0.5371808216579074,78.95988744485294,0.9625007276026295,0.950000955205259,0.24999899999999958,0.5000009882118983,0.0,0.0,1100.0,212.15515690863197,217.38446437672522,212.15515690863197,optimal,0.5813967576250434,0.4986994620412588,f40,confirmation
hourly_seed_960099,e8f6c67e5b42f98cdb60dfe2ae0cd7d1f5965891ae7a81c135ec0f2dc2d1d01f,960099,0,8,0,perfect_information,28.898847782981104,0.3659940346693706,78.95988744485294,0.9683891143320115,0.9500009342533643,0.24999899999999947,0.500000982698235,0.0,0.0,1100.0,212.15515690863197,217.38446437672522,212.15515690863197,optimal,0.44220561580732465,0.5851713311858475,f40,confirmation
hourly_seed_960004,b86d8ccca6b55791d647748a93d0e4e9533a30e55166b1ca6aac1992cd89b114,960004,0,4,0,perfect_information,45.89277936121175,0.3863577043261968,118.78313502573529,0.9625007292995108,0.9500009585991088,0.24999900000026767,0.5000009891058913,0.0,0.0,1100.0,226.16616044220174,231.66862486808822,226.16616044220174,optimal,0.4376038978807628,0.4939274429343641,f60,confirmation
hourly_seed_960004,b86d8ccca6b55791d647748a93d0e4e9533a30e55166b1ca6aac1992cd89b114,960004,0,8,0,perfect_information,45.89277936121175,0.3863577043261968,118.78313502573529,0.9625007318871102,0.9500009585991088,0.24999900000000014,0.5000009891050181,0.0,0.0,1100.0,226.16616044220174,231.66862486808822,226.16616044220174,optimal,0.4694526526145637,0.5290319677442312,f60,confirmation
hourly_seed_960082,1fe3f3e786e913c77404ef98a3ca70fd4c253d50cda65bd3c84f3350af2a53bd,960082,0,4,0,perfect_information,28.166079965192786,0.3567137805871938,78.95988744485294,0.9625007162714518,0.9500009325429039,0.24999900000001166,0.5000009822481173,0.0,0.0,1100.0,212.15515690863197,217.38446437672522,212.15515690863197,optimal,0.8017738871276379,0.8167977789416909,f40,confirmation
hourly_seed_960082,1fe3f3e786e913c77404ef98a3ca70fd4c253d50cda65bd3c84f3350af2a53bd,960082,0,8,0,perfect_information,23.075270596406895,0.2922404190675056,78.95988744485294,0.9625007139765499,0.9500009176606855,0.249999000000212,0.5000009783317018,0.0,7.275957614183426e-12,1100.0,212.15515690863197,217.38446437672522,212.15515690863197,optimal,0.7166021061129868,0.854458250105381,f40,confirmation
hourly_seed_960097,98b2af5a56b852b9de7edcaffb1ea5ebeca6d4d378e5fe9f848ecbfb0985210c,960097,0,4,0,perfect_information,23.713549504014747,0.3003240033818024,78.95988744485294,0.9625007099384739,0.9500009198769479,0.2499990000000454,0.5000009789149656,0.0,0.0,1100.0,212.15515690863197,217.38446437672522,212.15515690863197,optimal,0.4567283350042999,0.532856980804354,f40,confirmation
hourly_seed_960097,98b2af5a56b852b9de7edcaffb1ea5ebeca6d4d378e5fe9f848ecbfb0985210c,960097,0,8,0,perfect_information,23.713549504014747,0.3003240033818024,78.95988744485294,0.9750004749615463,0.9500009198769479,0.24999900000063108,0.5000009789149656,0.0,0.0,1100.0,212.15515690863197,217.38446437672522,212.15515690863197,optimal,0.7535598119720817,0.8873633909970522,f40,confirmation
hourly_seed_960094,ca547cd288f2d60a9ade18121d3819a39d7786c5edaba91d914b5db8c60ab921,960094,0,4,0,perfect_information,34.16493045168656,0.432687172655204,78.95988744485294,0.9625007221936802,0.9500009443873604,0.24999899999999994,0.500000985365081,0.0,0.0,1100.0,212.15515690863197,217.38446437672522,212.15515690863197,optimal,0.686095688957721,0.6461333739571273,f40,confirmation
hourly_seed_960094,ca547cd288f2d60a9ade18121d3819a39d7786c5edaba91d914b5db8c60ab921,960094,0,8,0,perfect_information,26.447939579929667,0.3349541195635746,78.95988744485294,0.9750004775502129,0.9500009281606812,0.2499990000000053,0.5000009810948998,0.0,0.0,1100.0,212.15515690863197,217.38446437672522,212.15515690863197,optimal,0.4503688858821988,0.7109528118744493,f40,confirmation
hourly_seed_960080,fb8ff88eb9691b41755bf9c16239a597e41fe3d8a87d7d85c89d63b247564854,960080,0,4,0,perfect_information,39.27037310243639,0.4973458596919043,78.95988744485294,0.9625007258087102,0.9500009516174202,0.24999899999999972,0.5000009872677291,0.0,0.0,1100.0,212.15515690863197,217.38446437672522,212.15515690863197,optimal,0.7171583590097725,0.7575861667282879,f40,confirmation
hourly_seed_960080,fb8ff88eb9691b41755bf9c16239a597e41fe3d8a87d7d85c89d63b247564854,960080,0,8,0,perfect_information,32.10022386273365,0.4065383690567321,78.95988744485294,0.9687506028038699,0.9500009408103187,0.24999900000000025,0.5000009844237537,0.0,0.0,1100.0,212.15515690863197,217.38446437672522,212.15515690863197,optimal,0.963099995162338,0.9656095099635422,f40,confirmation
hourly_seed_960085,ac30887bc87f224dbe749cc03ff718760e1d715d9b2f37fb37f2867868478054,960085,0,4,0,perfect_information,32.70496927761254,0.4141972631414185,78.95988744485294,0.9750004782142969,0.9500009419047912,0.24999900000016195,0.5000009847117725,0.0,0.0,1100.0,212.15515690863197,217.38446437672522,212.15515690863197,optimal,0.8298644181340933,0.916949151083827,f40,confirmation
hourly_seed_960085,ac30887bc87f224dbe749cc03ff718760e1d715d9b2f37fb37f2867868478054,960085,0,8,0,perfect_information,32.70496927761254,0.4141972631414185,78.95988744485294,0.9500009745833475,0.9500009419047912,0.24999900000000413,0.5000009847117725,0.0,1.0913936421275139e-11,1100.0,212.15515690863197,217.38446437672522,212.15515690863197,optimal,0.7407672833651304,0.8681288929656148,f40,confirmation
hourly_seed_960010,8b468be2ac6e30ef7f9b23f7a5008a286f6f650c061f34bd16d48081b0e8b567,960010,0,4,0,perfect_information,56.22648114719195,0.4733540761911196,118.78313502573529,0.9750004873280219,0.9500009662080585,0.24999900000001846,0.5000009911073741,0.0,0.0,1100.0,226.16616044220174,231.66862486808822,226.16616044220174,optimal,0.4434811142273247,0.4802126791328192,f60,confirmation
hourly_seed_960010,8b468be2ac6e30ef7f9b23f7a5008a286f6f650c061f34bd16d48081b0e8b567,960010,0,8,0,perfect_information,39.902041602302056,0.33592345911443544,118.78313502573529,0.9687506071437524,0.9500009523833396,0.2499990000000013,0.5000009874692889,0.0,0.0,1100.0,226.16616044220174,231.66862486808822,226.16616044220174,optimal,0.5632813670672476,0.5783927100710571,f60,confirmation
hourly_seed_960008,72a98dd2d94c1c86b4f792c5d0ad961a17830b2403c14ba995a45eff626e8008,960008,0,4,0,perfect_information,42.91982160646496,0.361329254335357,118.78313502573529,0.9625007278656816,0.9500009557313627,0.24999900000000128,0.5000009883503468,0.0,0.0,1100.0,226.16616044220174,231.66862486808822,226.16616044220174,optimal,0.5232422822155058,0.8761064419522882,f60,confirmation
hourly_seed_960008,72a98dd2d94c1c86b4f792c5d0ad961a17830b2403c14ba995a45eff626e8008,960008,0,8,0,perfect_information,37.03414823719588,0.3117795150731806,118.78313502573529,0.9687506057609789,0.9500009486959439,0.24999900000000125,0.5000009864989191,0.0,1.8189894035458565e-12,1100.0,226.16616044220174,231.66862486808822,226.16616044220174,optimal,0.4370696139521897,0.5372398993931711,f60,confirmation
hourly_seed_960003,28993e712900a7614b49839aac548311c58a2a39e4d7ff3521a3a0474456c804,960003,0,4,0,perfect_information,50.30869607175299,0.42353399799435515,118.78313502573529,0.962500731116565,0.9500009622331294,0.24999900000003053,0.5000009900613407,0.0,1.6370904631912708e-11,1100.0,226.16616044220174,231.66862486808822,226.16616044220174,optimal,0.44058776600286365,0.6036703549325466,f60,confirmation
hourly_seed_960003,28993e712900a7614b49839aac548311c58a2a39e4d7ff3521a3a0474456c804,960003,0,8,0,perfect_information,50.30869607175299,0.42353399799435515,118.78313502573529,0.9625007334769944,0.9500009622331294,0.24999900000000042,0.5000009900613407,0.0,0.0,1100.0,226.16616044220174,231.66862486808822,226.16616044220174,optimal,0.7256377809680998,0.7982836258597672,f60,confirmation
hourly_seed_960013,2900101a548a6c3608989e372634cea957f7b6c460a5480041ed6cd169744d9a,960013,0,4,0,perfect_information,69.06299441479031,0.5814208759503382,118.78313502573529,0.9625007362444281,0.9500009724888563,0.24999900000000133,0.5000009927602619,0.0,1.2732925824820995e-11,1100.0,226.16616044220174,231.66862486808822,226.16616044220174,optimal,0.44570536771789193,0.5828345469199121,f60,confirmation
hourly_seed_960013,2900101a548a6c3608989e372634cea957f7b6c460a5480041ed6cd169744d9a,960013,0,8,0,perfect_information,59.076406760692066,0.4973467550582219,118.78313502573529,0.9625007359292245,0.9500009678382273,0.24999900000000405,0.5000009915363666,0.0,0.0,1100.0,226.16616044220174,231.66862486808822,226.16616044220174,optimal,0.5747496471740305,0.6997387227602303,f60,confirmation
hourly_seed_960015,37243cb419fff4b8ae217542cf8aea2a5c528fcf51fef09b6d3498be5871d69c,960015,0,4,0,perfect_information,58.89918323833462,0.49585476276218554,118.78313502573529,0.9625007338707274,0.9500009677414549,0.2499990000000004,0.8002917568554594,0.0,0.0,1100.0,226.16616044220174,231.66862486808822,226.16616044220174,optimal,0.516923283226788,0.5068843620829284,f60,confirmation
hourly_seed_960015,37243cb419fff4b8ae217542cf8aea2a5c528fcf51fef09b6d3498be5871d69c,960015,0,8,0,perfect_information,40.44274738602588,0.3404755008130038,118.78313502573529,0.9625007294462316,0.9500009530199568,0.24999900000043543,1.036408332779199,0.0,0.0,1100.0,226.16616044220174,231.66862486808822,226.16616044220174,optimal,0.48486204678192735,0.5156734059564769,f60,confirmation
hourly_seed_960098,41983c7226a7bfa095f28448e37ca825af5d40ee357285d100023d4cb9f3ac7d,960098,0,4,0,perfect_information,28.264518202383858,0.3579604672324834,78.95988744485294,0.9750004747916899,0.95000093277784,0.24999899999999958,0.5000009823099414,0.0,1.2732925824820995e-11,1100.0,212.15515690863197,217.38446437672522,212.15515690863197,optimal,0.7002434162423015,0.762798978947103,f40,confirmation
hourly_seed_960098,41983c7226a7bfa095f28448e37ca825af5d40ee357285d100023d4cb9f3ac7d,960098,0,8,0,perfect_information,28.264518202383858,0.3579604672324834,78.95988744485294,0.96875059979169,0.95000093277784,0.2499990000000065,0.5000009823099414,0.0,0.0,1100.0,212.15515690863197,217.38446437672522,212.15515690863197,optimal,0.7902401071041822,0.7990345498546958,f40,confirmation
hourly_seed_960014,b184ae86c5788ef9a44e4ef30d234b8ade4973afb19fd42ef66a14cc127e0bd2,960014,0,4,0,perfect_information,41.183571022337546,0.34671227538669364,118.78313502573529,0.975000482699394,0.9500009538650506,0.2499989999999998,0.5000009878592125,0.0,3.8198777474462986e-11,1100.0,226.16616044220174,231.66862486808822,226.16616044220174,optimal,0.6233966462314129,0.47588998218998313,f60,confirmation
hourly_seed_960014,b184ae86c5788ef9a44e4ef30d234b8ade4973afb19fd42ef66a14cc127e0bd2,960014,0,8,0,perfect_information,41.183571022337546,0.34671227538669364,118.78313502573529,0.9625007298159597,0.9500009538650506,0.24999899999999986,0.5000009878592125,0.0,0.0,1100.0,226.16616044220174,231.66862486808822,226.16616044220174,optimal,0.5363546418957412,0.502800437156111,f60,confirmation
hourly_seed_960017,05f9fccce00f1986f99cc4af3eba046fe4a000898e70b2eb975eb3d17f49d72b,960017,0,4,0,perfect_information,45.85506288728572,0.3860401805134278,118.78313502573529,0.9625824503652588,0.9500009585650548,0.2499990000000006,0.5000009890960572,0.0,0.0,1100.0,226.16616044220174,231.66862486808822,226.16616044220174,optimal,0.4202794320881367,0.5374350789934397,f60,confirmation
hourly_seed_960017,05f9fccce00f1986f99cc4af3eba046fe4a000898e70b2eb975eb3d17f49d72b,960017,0,8,0,perfect_information,40.09864163703273,0.3375785765238899,118.78313502573529,0.9500009763083995,0.9500009526167991,0.24999900000010303,0.5000009875307249,0.0,0.0,1100.0,226.16616044220174,231.66862486808822,226.16616044220174,optimal,0.4403085350058973,0.5247708009555936,f60,confirmation
hourly_seed_960006,9790e0ff359a6e1963d6f9d5d1bbae4f103e9100483af8d154b85541ec842d13,960006,0,4,0,perfect_information,56.638999594942646,0.4768269467098285,118.78313502573529,0.9625007332270875,0.9500009664541751,0.2499990000000001,0.5000009911721425,0.0,0.0,1100.0,226.16616044220174,231.66862486808822,226.16616044220174,optimal,0.4427980398759246,0.5025284360162914,f60,confirmation
hourly_seed_960006,9790e0ff359a6e1963d6f9d5d1bbae4f103e9100483af8d154b85541ec842d13,960006,0,8,0,perfect_information,43.438813322099584,0.36569849173191316,118.78313502573529,0.956250853130135,0.95000095626027,0.24999900000007452,0.6268776041416579,0.0,0.0,1100.0,226.16616044220174,231.66862486808822,226.16616044220174,optimal,0.8095392440445721,0.9742997218854725,f60,confirmation
hourly_seed_960024,d548315f0b55d8fe2e640fd5a94d1c96e1352269a85cf1b9e8dee18fed505a07,960024,0,4,0,perfect_information,50.06023747542742,0.42144229872853145,118.78313502573529,0.9655820613091118,0.9500009620456851,0.24999900000000042,0.5000009900120141,0.0,3.637978807091713e-12,1100.0,226.16616044220174,231.66862486808822,226.16616044220174,optimal,0.4364101109094918,0.47691740887239575,f60,confirmation
hourly_seed_960024,d548315f0b55d8fe2e640fd5a94d1c96e1352269a85cf1b9e8dee18fed505a07,960024,0,8,0,perfect_information,48.06547789393279,0.4046490091671602,118.78313502573529,0.9640336672256462,0.9500009604705476,0.24999900000000025,0.5000009895975029,0.0,1.4551915228366852e-11,1100.0,226.16616044220174,231.66862486808822,226.16616044220174,optimal,0.43417918821796775,0.5488121779635549,f60,confirmation
hourly_seed_960009,51e85295797a5af21d81d457cf1ddff9d8e93349c3ff84c9fccb4d98fb09b581,960009,0,4,0,perfect_information,44.01077293432193,0.37051365014727594,118.78313502573529,0.9750004838107651,0.9500009568287072,0.24999900000009717,0.5000009886391217,0.0,0.0,1100.0,226.16616044220174,231.66862486808822,226.16616044220174,optimal,0.6790919462218881,0.564962166827172,f60,confirmation
hourly_seed_960009,51e85295797a5af21d81d457cf1ddff9d8e93349c3ff84c9fccb4d98fb09b581,960009,0,8,0,perfect_information,38.337737312222785,0.3227540450411299,118.78313502573529,0.9687506064151588,0.9500009504404238,0.24999900000000005,0.5000009869579928,0.0,0.0,1100.0,226.16616044220174,231.66862486808822,226.16616044220174,optimal,0.7235753890126944,0.7799834231846035,f60,confirmation
hourly_seed_960000,9169976ac7132d882d6fc4067d124dc731040988b50a742715d9d8f67109fc8b,960000,0,4,0,perfect_information,43.18452604511672,0.36355772253157365,118.78313502573529,0.9750004835010172,0.9500009560027123,0.24999900000003622,0.500000988421702,0.0,1.8189894035458565e-11,1100.0,226.16616044220174,231.66862486808822,226.16616044220174,optimal,0.6964987120591104,0.786791215185076,f60,confirmation
hourly_seed_960000,9169976ac7132d882d6fc4067d124dc731040988b50a742715d9d8f67109fc8b,960000,0,8,0,perfect_information,43.18452604511672,0.36355772253157365,118.78313502573529,0.958945440049292,0.9500009560027123,0.24999900000000327,0.5000009884217547,0.0,0.0,1100.0,226.16616044220174,231.66862486808822,226.16616044220174,optimal,0.7768653146922588,1.048974629957229,f60,confirmation
hourly_seed_960011,85f1e0db3b215bdb7582b373fc6dc6218a536f406aa3a5840db5c9d759f9770e,960011,0,4,0,perfect_information,50.483921161579566,0.42500916607935824,118.78313502573529,0.9625007311821078,0.9500009623642157,0.24999900000000383,0.5000009900958372,0.0,0.0,1100.0,226.16616044220174,231.66862486808822,226.16616044220174,optimal,0.47031376883387566,0.7316408478654921,f60,confirmation
hourly_seed_960011,85f1e0db3b215bdb7582b373fc6dc6218a536f406aa3a5840db5c9d759f9770e,960011,0,8,0,perfect_information,47.469663638063416,0.39963302557874686,118.78313502573529,0.9687506099903985,0.9500009599743959,0.24999900000000036,0.500000989466936,0.0,0.0,1100.0,226.16616044220174,231.66862486808822,226.16616044220174,optimal,0.7161939330399036,0.8170945309102535,f60,confirmation
hourly_seed_960002,47d1c0aa37be5063778e3ce92a7a00bc90ecf29237a62b63d2e04674bb5b5af6,960002,0,4,0,perfect_information,44.075229797071344,0.37105629336624346,118.78313502573529,0.9625007284459213,0.9500009568918423,0.24999900000000036,0.5000009886557378,0.0,0.0,1100.0,226.16616044220174,231.66862486808822,226.16616044220174,optimal,0.8233088180422783,0.7835909761488438,f60,confirmation
hourly_seed_960002,47d1c0aa37be5063778e3ce92a7a00bc90ecf29237a62b63d2e04674bb5b5af6,960002,0,8,0,perfect_information,44.075229797071344,0.37105629336624346,118.78313502573529,0.9500009811401811,0.9500009784459211,0.24999900000001532,0.5000009886557378,0.0,0.0,1100.0,226.16616044220174,231.66862486808822,226.16616044220174,optimal,0.7057574600912631,0.7180049042217433,f60,confirmation
hourly_seed_960005,de0f258c4a1eb63c36e1fc0cecf95f54d29f9ac0fa461a5a044ad3d2c50b764a,960005,0,4,0,perfect_information,58.42745405006124,0.4918834145723,118.78313502573529,0.9750004878053776,0.9500009674810072,0.2499990000000091,0.5000009914423627,0.0,0.0,1100.0,226.16616044220174,231.66862486808822,226.16616044220174,optimal,0.7645783987827599,0.8527136179618537,f60,confirmation
hourly_seed_960005,de0f258c4a1eb63c36e1fc0cecf95f54d29f9ac0fa461a5a044ad3d2c50b764a,960005,0,8,0,perfect_information,45.97131270253745,0.38701885324526425,118.78313502573529,0.968750609501188,0.9500009586698333,0.24999900000000028,0.5000009891236291,0.0,0.0,1100.0,226.16616044220174,231.66862486808822,226.16616044220174,optimal,0.6967563042417169,0.7966772462241352,f60,confirmation
hourly_seed_960001,2beae8e4ef14a1585695833ce41a4d3619c721083d6d251655488020ec35b1d8,960001,0,4,0,perfect_information,57.020995208218345,0.48004285453372064,118.78313502573529,0.9625007333394529,0.9500009666789057,0.2499990000000009,0.5000009912312797,0.0,2.1827872842550278e-11,1100.0,226.16616044220174,231.66862486808822,226.16616044220174,optimal,0.8937731101177633,0.7102205264382064,f60,confirmation
hourly_seed_960001,2beae8e4ef14a1585695833ce41a4d3619c721083d6d251655488020ec35b1d8,960001,0,8,0,perfect_information,47.45608236954444,0.3995186889053123,118.78313502573529,0.9625007324837868,0.9500009599629411,0.24999899999999967,0.5000009894639226,0.0,0.0,1100.0,226.16616044220174,231.66862486808822,226.16616044220174,optimal,0.9164380789734423,0.8219527299515903,f60,confirmation
hourly_seed_960028,2734f7a79f03a20e5821833ca03c3650c2e225764eecf71b3edd349290d5d5bb,960028,0,4,0,perfect_information,44.57730616731867,0.37528312548461235,118.78313502573529,0.9750004840165143,0.9500009573773713,0.24999900000022648,0.5000009887833037,0.0,0.0,1100.0,226.16616044220174,231.66862486808822,226.16616044220174,optimal,0.41385001270100474,0.5326946596615016,f60,confirmation
hourly_seed_960028,2734f7a79f03a20e5821833ca03c3650c2e225764eecf71b3edd349290d5d5bb,960028,0,8,0,perfect_information,44.57730616731867,0.37528312548461235,118.78313502573529,0.963540128514636,0.9500009573773713,0.24999900000003192,0.5000009887835076,0.0,0.0,1100.0,226.16616044220174,231.66862486808822,226.16616044220174,optimal,0.4190062549896538,0.59810043964535,f60,confirmation
hourly_seed_960012,d3fd4c6a053593c93fb84440c9658e9108a83988f34f387f975fbccfc70f2159,960012,0,4,0,perfect_information,56.442159737084765,0.4751698103005627,118.78313502573529,0.9625007331685926,0.9500009663371853,0.24999899999999997,0.5000009911413551,0.0,5.093170329928398e-11,1100.0,226.16616044220174,231.66862486808822,226.16616044220174,optimal,0.7202043067663908,0.7741161370649934,f60,confirmation
hourly_seed_960012,d3fd4c6a053593c93fb84440c9658e9108a83988f34f387f975fbccfc70f2159,960012,0,8,0,perfect_information,43.12882906832443,0.36308882619557253,118.78313502573529,0.9687506084797104,0.9500009559458937,0.24999899999999914,0.5000009884068028,0.0,2.9103830456733704e-11,1100.0,226.16616044220174,231.66862486808822,226.16616044220174,optimal,0.7298231772147119,0.7876043398864567,f60,confirmation
hourly_seed_960016,9dbf67ec8b0a748f3939051755e67443dc6c65c40d4c3a5427bdf638593db5c4,960016,0,4,0,perfect_information,43.79655235418501,0.36871019058973437,118.78313502573529,0.9750004837315791,0.9500009566175438,0.24999900000000552,0.5000009885835526,0.0,1.4551915228366852e-11,1100.0,226.16616044220174,231.66862486808822,226.16616044220174,optimal,0.8115251371636987,0.7776492689736187,f60,confirmation
hourly_seed_960016,9dbf67ec8b0a748f3939051755e67443dc6c65c40d4c3a5427bdf638593db5c4,960016,0,8,0,perfect_information,43.79655235418501,0.36871019058973437,118.78313502573529,0.9613122220300585,0.9500009566175438,0.24999900000000028,0.5000009885835526,0.0,1.0913936421275139e-11,1100.0,226.16616044220174,231.66862486808822,226.16616044220174,optimal,0.5018463609740138,0.4965348090045154,f60,confirmation
hourly_seed_960007,dc41fe2d580b465284a49b0a92b97a1cb4264b8866254e8b0ef61aef5bb50d63,960007,0,4,0,perfect_information,52.84753081606882,0.44490769505804834,118.78313502573529,0.9750004865178045,0.9500009640474779,0.2499990000000274,0.9681003982120052,0.0,0.0,1100.0,226.16616044220174,231.66862486808822,226.16616044220174,optimal,0.8339323443360627,0.860346055123955,f60,confirmation
hourly_seed_960007,dc41fe2d580b465284a49b0a92b97a1cb4264b8866254e8b0ef61aef5bb50d63,960007,0,8,0,perfect_information,41.024434168110865,0.345372549387778,118.78313502573529,0.9626161128531479,0.9500009536860884,0.2499990000000731,0.9500009768430283,0.0,0.0,1100.0,226.16616044220174,231.66862486808822,226.16616044220174,optimal,0.833074897993356,0.923589632846415,f60,confirmation
hourly_seed_960035,920df26a980937b6ac2a3903ae034ddc95f9384452c50d58b593dd865f951ae8,960035,0,4,0,perfect_information,54.35662093692191,0.4576122774091214,118.78313502573529,0.9625007325228099,0.9500009650456194,0.24999900000000014,0.5000009908014683,0.0,9.094947017729282e-12,1100.0,226.16616044220174,231.66862486808822,226.16616044220174,optimal,0.4448875030502677,0.5720347808673978,f60,confirmation
hourly_seed_960035,920df26a980937b6ac2a3903ae034ddc95f9384452c50d58b593dd865f951ae8,960035,0,8,0,perfect_information,48.19412614485861,0.4057320606533661,118.78313502573529,0.9687506102160252,0.9500009605760666,0.24999900000000466,0.5000009896252713,0.0,0.0,1100.0,226.16616044220174,231.66862486808822,226.16616044220174,optimal,0.41451316606253386,0.4682999770157039,f60,confirmation
hourly_seed_960025,c7f75efb54bd1a701bc9cc5b6e366dff9d0e6478a1966b22a03bbf472865a249,960025,0,4,0,perfect_information,58.67719127249928,0.49398587821231027,118.78313502573529,0.9625007338097059,0.9500009676194119,0.24999900000000008,0.5000009914787845,0.0,0.0,1100.0,226.16616044220174,231.66862486808822,226.16616044220174,optimal,0.43351857317611575,0.586699491366744,f60,confirmation
hourly_seed_960025,c7f75efb54bd1a701bc9cc5b6e366dff9d0e6478a1966b22a03bbf472865a249,960025,0,8,0,perfect_information,35.899487954270086,0.3022271465262487,118.78313502573529,0.9687506051528995,0.9500009470743979,0.24999900000000044,0.5000009860721975,0.0,0.0,1100.0,226.16616044220174,231.66862486808822,226.16616044220174,optimal,0.7448522187769413,0.9496820317581296,f60,confirmation
hourly_seed_960023,e8c315ba060f8279f05c85dfe1ec889e82e5f6a5050d91040836580044e10b4b,960023,0,4,0,perfect_information,50.99529316553878,0.4293142553822161,118.78313502573529,0.9625007313708104,0.9500009627416209,0.24999900000000025,0.5000009901951549,0.0,0.0,1100.0,226.16616044220174,231.66862486808822,226.16616044220174,optimal,0.46796167409047484,0.5254626860842109,f60,confirmation
hourly_seed_960023,e8c315ba060f8279f05c85dfe1ec889e82e5f6a5050d91040836580044e10b4b,960023,0,8,0,perfect_information,50.47199044114092,0.4249087248808997,118.78313502573529,0.9625007335304522,0.9500009623553193,0.24999899999999983,0.5000009900934957,0.0,0.0,1100.0,226.16616044220174,231.66862486808822,226.16616044220174,optimal,0.7090690699405968,0.9642377612181008,f60,confirmation
hourly_seed_960027,d6df87c4127df4e69aea782d204533007b77294a1a622dad4bf8c7470773d08f,960027,0,4,0,perfect_information,59.0369813299578,0.497014844044712,118.78313502573529,0.9625007339083748,0.9500009678167495,0.24999900000000036,0.5000009915307152,0.0,0.0,1100.0,226.16616044220174,231.66862486808822,226.16616044220174,optimal,0.4922679830342531,0.6433775881305337,f60,confirmation
hourly_seed_960027,d6df87c4127df4e69aea782d204533007b77294a1a622dad4bf8c7470773d08f,960027,0,8,0,perfect_information,46.81963020482869,0.39416058680960775,118.78313502573529,0.9729669180077991,0.9500009594186881,0.24999900000000908,0.5000009893206961,0.0,0.0,1100.0,226.16616044220174,231.66862486808822,226.16616044220174,optimal,0.6220777668058872,0.5269100149162114,f60,confirmation
hourly_seed_960020,2a05e4ec5e5365717741535cde8768355a688b621eed4ca895d586b1ab9072e7,960020,0,4,0,perfect_information,34.78691241952559,0.29286070292713473,118.78313502573529,0.9625007226908276,0.9500009453817017,0.24999900000000158,0.5000009856267489,0.0,0.0,1100.0,226.16616044220174,231.66862486808822,226.16616044220174,optimal,0.6826160368509591,0.8567382632754743,f60,confirmation
hourly_seed_960020,2a05e4ec5e5365717741535cde8768355a688b621eed4ca895d586b1ab9072e7,960020,0,8,0,perfect_information,34.78691241952559,0.29286070292713473,118.78313502573529,0.9625007261044947,0.9500009453817017,0.24999900000014047,0.5000009856267489,0.0,0.0,1100.0,226.16616044220174,231.66862486808822,226.16616044220174,optimal,0.72834955714643,0.9081382281146944,f60,confirmation
hourly_seed_960019,8cbf1177fc9a9fda5d54543f734ebc49f36ac2a5b86b0e7fa8dd2f32a9a65430,960019,0,4,0,perfect_information,38.82229723583622,0.3268334113881155,118.78313502573529,0.9625007255295005,0.9500009510590023,0.24999899999999972,0.5000009871207762,0.0,0.0,1100.0,226.16616044220174,231.66862486808822,226.16616044220174,optimal,0.7206152598373592,0.8611101098358631,f60,confirmation
hourly_seed_960019,8cbf1177fc9a9fda5d54543f734ebc49f36ac2a5b86b0e7fa8dd2f32a9a65430,960019,0,8,0,perfect_information,38.82229723583622,0.3268334113881155,118.78313502573529,0.9687506066471254,0.9500009510590023,0.2499990000000357,0.5000009871207762,0.0,0.0,1100.0,226.16616044220174,231.66862486808822,226.16616044220174,optimal,0.751921852119267,0.839771849103272,f60,confirmation
hourly_seed_960018,2d977bbba21bd20e2f8aa2c1c83c9c7a231f21e7363ce13be95f40c7159b590d,960018,0,4,0,perfect_information,56.55302633582427,0.47610316332846087,118.78313502573529,0.9625007332015889,0.950000966403178,0.2499989999999986,0.5000009911587233,0.0,0.0,1100.0,226.16616044220174,231.66862486808822,226.16616044220174,optimal,0.8686666460707784,0.7849648538976908,f60,confirmation
hourly_seed_960018,2d977bbba21bd20e2f8aa2c1c83c9c7a231f21e7363ce13be95f40c7159b590d,960018,0,8,0,perfect_information,41.877189530345035,0.35255164397935795,118.78313502573529,0.9625007301502712,0.9500009546291911,0.249999000000005,0.5000009880603012,0.0,0.0,1100.0,226.16616044220174,231.66862486808822,226.16616044220174,optimal,0.7594901886768639,0.8071089000441134,f60,confirmation
hourly_seed_960026,37e98feba7053b48815d05b4eeea404346be87f3b59b6ee0f78092474903ad5c,960026,0,4,0,perfect_information,40.928977063846446,0.34456892432565334,118.78313502573529,0.9625007267890368,0.9500009535780736,0.24999900000003053,0.5000009877836175,0.0,0.0,1100.0,226.16616044220174,231.66862486808822,226.16616044220174,optimal,0.7136952681466937,0.7349432278424501,f60,confirmation
hourly_seed_960026,37e98feba7053b48815d05b4eeea404346be87f3b59b6ee0f78092474903ad5c,960026,0,8,0,perfect_information,40.928977063846446,0.34456892432565334,118.78313502573529,0.9625007296904071,0.9500009535780736,0.24999900000121136,0.5000009877836924,0.0,0.0,1100.0,226.16616044220174,231.66862486808822,226.16616044220174,optimal,0.5204808553680778,0.6217335746623576,f60,confirmation
hourly_seed_960021,82dee93889f1a07a069c7af29ae2022c323c65030be4ec7a4ac91fc4c6e00e28,960021,0,4,0,perfect_information,35.55966696843305,0.2993662943879093,118.78313502573529,0.9750004799632337,0.9500009465686232,0.24999900000000078,0.5000009859390968,0.0,0.0,1100.0,226.16616044220174,231.66862486808822,226.16616044220174,optimal,0.6815051212906837,0.8225975041277707,f60,confirmation
hourly_seed_960021,82dee93889f1a07a069c7af29ae2022c323c65030be4ec7a4ac91fc4c6e00e28,960021,0,8,0,perfect_information,35.55966696843305,0.2993662943879093,118.78313502573529,0.9625007266237726,0.9500009465686232,0.2499990000000003,0.5000009859390968,0.0,0.0,1100.0,226.16616044220174,231.66862486808822,226.16616044220174,optimal,0.6889749360270798,0.9758547227829695,f60,confirmation
hourly_seed_960022,39884494a95a63562fe84b2f285649c21f1b1050afb146f590ddcd4e3625bb00,960022,0,4,0,perfect_information,60.284471043532655,0.5075170901194985,118.78313502573529,0.9625007342413648,0.9500009684827297,0.2499990000000003,0.5000009917059741,0.0,0.0,1100.0,226.16616044220174,231.66862486808822,226.16616044220174,optimal,0.692051684949547,0.7886463571339846,f60,confirmation
hourly_seed_960022,39884494a95a63562fe84b2f285649c21f1b1050afb146f590ddcd4e3625bb00,960022,0,8,0,perfect_information,52.997684439263665,0.4461717938980252,118.78313502573529,0.9625007343153362,0.950000964149339,0.24999900000013142,0.5000009905656061,0.0,0.0,1100.0,226.16616044220174,231.66862486808822,226.16616044220174,optimal,0.6678721271455288,0.9997173179872334,f60,confirmation
hourly_seed_960038,8574da4959ba7aa08a2ae2c319f6382a565729fd69216d1bceb17a156c158360,960038,0,4,0,perfect_information,37.24926951269892,0.3135905573179945,118.78313502573529,0.9625007244961178,0.9500009489922355,0.2499989999999997,0.5000009865768928,0.0,0.0,1100.0,226.16616044220174,231.66862486808822,226.16616044220174,optimal,0.4392672278918326,0.5123010957613587,f60,confirmation
hourly_seed_960038,8574da4959ba7aa08a2ae2c319f6382a565729fd69216d1bceb17a156c158360,960038,0,8,0,perfect_information,37.24926951269892,0.3135905573179945,118.78313502573529,0.9651780348162805,0.9500009489922355,0.24999900000000067,0.5000009865768898,0.0,0.0,1100.0,226.16616044220174,231.66862486808822,226.16616044220174,optimal,0.5371851283125579,0.520870337728411,f60,confirmation
hourly_seed_960030,dfd41e036976db5a6bb8ed764ad129b479cb8064227b49f3960ed8c82389369b,960030,0,4,0,perfect_information,52.166279704775604,0.4391724439119524,118.78313502573529,0.9625007317889982,0.9500009635779669,0.2499990000004539,0.732005381183252,0.0,0.0,1100.0,226.16616044220174,231.66862486808822,226.16616044220174,optimal,0.4603404770605266,0.5033304509706795,f60,confirmation
hourly_seed_960030,dfd41e036976db5a6bb8ed764ad129b479cb8064227b49f3960ed8c82389369b,960030,0,8,0,perfect_information,49.06326621121012,0.41304909321159256,118.78313502573529,0.9687506104779188,0.9500009612744501,0.24999900000000091,0.5000009898090567,0.0,0.0,1100.0,226.16616044220174,231.66862486808822,226.16616044220174,optimal,0.7275542127899826,0.8421285143122077,f60,confirmation
hourly_seed_960031,d0c13b5f534858613f45ffa41c5a6e4626d1e3f75e8c4cb7237756d11e6c995d,960031,0,4,0,perfect_information,48.05007895174757,0.4045193700379869,118.78313502573529,0.9625007302289402,0.9500009604578806,0.24999900000000053,0.5000009895941689,0.0,0.0,1100.0,226.16616044220174,231.66862486808822,226.16616044220174,optimal,0.4925085250288248,0.5950028724037111,f60,confirmation
hourly_seed_960031,d0c13b5f534858613f45ffa41c5a6e4626d1e3f75e8c4cb7237756d11e6c995d,960031,0,8,0,perfect_information,43.77091684326409,0.36849437282305086,118.78313502573529,0.9687506087220515,0.950000956592137,0.24999900000000083,0.5000009885768675,0.0,0.0,1100.0,226.16616044220174,231.66862486808822,226.16616044220174,optimal,0.6590079530142248,0.49982872884720564,f60,confirmation
hourly_seed_960033,8e1324977ca4ce170c27b51ea4fc34c982d4f59075b56b0be05ef84523249c72,960033,0,4,0,perfect_information,33.25273718208618,0.27994493641611423,118.78313502573529,0.962500721430872,0.9500009428617858,0.24999900000034642,0.5000009849636152,0.0,0.0,1100.0,226.16616044220174,231.66862486808822,226.16616044220174,optimal,0.7333233482204378,0.5826573558151722,f60,confirmation
hourly_seed_960033,8e1324977ca4ce170c27b51ea4fc34c982d4f59075b56b0be05ef84523249c72,960033,0,8,0,perfect_information,33.25273718208618,0.27994493641611423,118.78313502573529,0.9625007250020318,0.9500009428617858,0.24999900000000008,0.5000009849636152,0.0,0.0,1100.0,226.16616044220174,231.66862486808822,226.16616044220174,optimal,0.41048057191073895,0.5834528007544577,f60,confirmation
hourly_seed_960039,b9f01c89dc49017fc878481cc2036a9e254165e7cea33f837cbb71f36be9c0c5,960039,0,4,0,perfect_information,52.35715406382801,0.4407793585552732,118.78313502573529,0.9750004863915304,0.9500009637107479,0.2499989999999999,0.5000009904501884,0.0,3.637978807091713e-12,1100.0,226.16616044220174,231.66862486808822,226.16616044220174,optimal,0.7050323537550867,0.4769260799512267,f60,confirmation
hourly_seed_960039,b9f01c89dc49017fc878481cc2036a9e254165e7cea33f837cbb71f36be9c0c5,960039,0,8,0,perfect_information,45.1827818756207,0.38038044597687626,118.78313502573529,0.9750004868589185,0.9500009579485396,0.24999900000000036,0.5000009889338162,0.0,7.275957614183426e-12,1100.0,226.16616044220174,231.66862486808822,226.16616044220174,optimal,0.45219787722453475,0.5150992320850492,f60,confirmation
hourly_seed_960042,7dd73263f117c6e165127c73aeefbb478e2958152c2684ffc6b941bf57126c59,960042,0,4,0,perfect_information,49.432448624007996,0.4161571304991914,118.78313502573529,0.9625007307818345,0.950000961563669,0.2499990000000016,0.5000009898851658,0.0,0.0,1100.0,226.16616044220174,231.66862486808822,226.16616044220174,optimal,0.6461617550812662,0.44326730305328965,f60,confirmation
hourly_seed_960042,7dd73263f117c6e165127c73aeefbb478e2958152c2684ffc6b941bf57126c59,960042,0,8,0,perfect_information,43.24262173126783,0.36404681289055874,118.78313502573529,0.9750004862693197,0.9500009560618231,0.24999900000000064,0.5000009884373094,0.0,0.0,1100.0,226.16616044220174,231.66862486808822,226.16616044220174,optimal,0.4733986370265484,0.5419593970291317,f60,confirmation
hourly_seed_960040,24adf5e26b0a3c919091173b24f0cd4b046bdad3a15c903e301a48d26b89a0e7,960040,0,4,0,perfect_information,59.213289625207224,0.4984991313150491,118.78313502573529,0.9625007339562877,0.9500009679125755,0.24999900000000036,0.5000009915559334,0.0,0.0,1100.0,226.16616044220174,231.66862486808822,226.16616044220174,optimal,0.45112880086526275,0.5624479129910469,f60,confirmation
hourly_seed_960040,24adf5e26b0a3c919091173b24f0cd4b046bdad3a15c903e301a48d26b89a0e7,960040,0,8,0,perfect_information,46.60419432869257,0.3923468960353287,118.78313502573529,0.9687506097116607,0.9500009592310952,0.2499990000002649,0.5000009892713294,0.0,0.0,1100.0,226.16616044220174,231.66862486808822,226.16616044220174,optimal,0.5403735172003508,0.6065685632638633,f60,confirmation
hourly_seed_960037,3779516631f01107ac746023f01670ee8ac18f083fc0b70f43efb8181265a295,960037,0,4,0,perfect_information,48.4698132355366,0.4080529885411362,118.78313502573529,0.9625007304001518,0.9500009608003036,0.24999900000000083,0.5000009896842806,0.0,3.092281986027956e-11,1100.0,226.16616044220174,231.66862486808822,226.16616044220174,optimal,0.4570705867372453,0.511075098067522,f60,confirmation
hourly_seed_960037,3779516631f01107ac746023f01670ee8ac18f083fc0b70f43efb8181265a295,960037,0,8,0,perfect_information,48.4698132355366,0.4080529885411362,118.78313502573529,0.9687506103001139,0.9500009608003036,0.2499990000000002,0.5000009896842806,0.0,0.0,1100.0,226.16616044220174,231.66862486808822,226.16616044220174,optimal,0.6957033779472113,0.8639931580983102,f60,confirmation
hourly_seed_960045,47c3e7fc82186833bfbf1642b31a3c9ee9dc330dd72dbb7ed623a1ba3257e128,960045,0,4,0,perfect_information,35.63714661944858,0.3000185726006265,118.78313502573529,0.9750004800067961,0.9500009466847897,0.2499989999999992,0.5000009859696681,0.0,0.0,1100.0,226.16616044220174,231.66862486808822,226.16616044220174,optimal,0.45795217296108603,0.48557741241529584,f60,confirmation
hourly_seed_960045,47c3e7fc82186833bfbf1642b31a3c9ee9dc330dd72dbb7ed623a1ba3257e128,960045,0,8,0,perfect_information,35.63714661944858,0.3000185726006265,118.78313502573529,0.9687506050067961,0.9500009466847897,0.24999900000043637,0.5000009859696681,0.0,3.637978807091713e-12,1100.0,226.16616044220174,231.66862486808822,226.16616044220174,optimal,0.6879590800963342,0.8354169828817248,f60,confirmation
hourly_seed_960048,58c2fcf7e7e023b74885b38bc520d1d540731d9a1e330052444477779f68c8b8,960048,0,4,0,perfect_information,40.50327791103317,0.34098508935850047,118.78313502573529,0.9500009706813802,0.950000953090168,0.2499990061725139,0.9500009765451962,0.0,0.0,1100.0,226.16616044220174,231.66862486808822,226.16616044220174,optimal,0.4524879390373826,0.5587422703392804,f60,confirmation
hourly_seed_960048,58c2fcf7e7e023b74885b38bc520d1d540731d9a1e330052444477779f68c8b8,960048,0,8,0,perfect_information,40.50327791103317,0.34098508935850047,118.78313502573529,0.9587582979742618,0.950000953090168,0.24999900000052783,0.950000976545084,0.0,2.3646862246096134e-11,1100.0,226.16616044220174,231.66862486808822,226.16616044220174,optimal,0.46545696910470724,0.5178652890026569,f60,confirmation
hourly_seed_960046,44fc551b16b61f7f311265fb44fc18e07caaf840fa2740b07c1b32f6614c6f06,960046,0,4,0,perfect_information,61.854924149473355,0.520738269250698,118.78313502573529,0.9750004884810992,0.9500009692829312,0.2499990000000001,0.5000009919165526,0.0,0.0,1100.0,226.16616044220174,231.66862486808822,226.16616044220174,optimal,0.5420601479709148,0.4807660118676722,f60,confirmation
hourly_seed_960046,44fc551b16b61f7f311265fb44fc18e07caaf840fa2740b07c1b32f6614c6f06,960046,0,8,0,perfect_information,47.96843332704616,0.4038320197278294,118.78313502573529,0.9750004876220553,0.950000960390577,0.24999900000000097,0.5000009895764562,0.0,0.0,1100.0,226.16616044220174,231.66862486808822,226.16616044220174,optimal,0.47546128975227475,0.535481926985085,f60,confirmation
hourly_seed_960041,c6855edd18edf92af0fc43523f9643b13e8b4f84d940a7d4e6c975fe397b1f50,960041,0,4,0,perfect_information,63.763315020297114,0.5368044462413144,118.78313502573529,0.9750004888258517,0.9500009702022713,0.2499990000000947,0.5000009921584598,0.0,0.0,1100.0,226.16616044220174,231.66862486808822,226.16616044220174,optimal,0.7420354816131294,0.5771878017112613,f60,confirmation
hourly_seed_960041,c6855edd18edf92af0fc43523f9643b13e8b4f84d940a7d4e6c975fe397b1f50,960041,0,8,0,perfect_information,49.60657658981252,0.41762306222230006,118.78313502573529,0.9625007332431316,0.9500009616985862,0.24999900000193545,0.5000009899206707,0.0,0.0,1100.0,226.16616044220174,231.66862486808822,226.16616044220174,optimal,0.5564575158059597,0.7310756337828934,f60,confirmation
hourly_seed_960034,2992bffad474e4c5d9181ff39a4982c5e8270f574fbad54fda3805982ab15713,960034,0,4,0,perfect_information,48.353890561958,0.40707706991806336,118.78313502573529,0.9750004852648508,0.950000960706327,0.24999900000000916,0.5000009896595495,0.0,0.0,1100.0,226.16616044220174,231.66862486808822,226.16616044220174,optimal,0.8255664417520165,0.6957286279648542,f60,confirmation
hourly_seed_960034,2992bffad474e4c5d9181ff39a4982c5e8270f574fbad54fda3805982ab15713,960034,0,8,0,perfect_information,42.78336242738201,0.36018044496058016,118.78313502573529,0.9687506083463127,0.9500009555901662,0.24999900000000003,0.5000009883131912,0.0,0.0,1100.0,226.16616044220174,231.66862486808822,226.16616044220174,optimal,0.775791538413614,0.6427257037721574,f60,confirmation
hourly_seed_960029,28d3d423dcf17a57f9b982ce5955467aa6021a429a5b9d21bd1e7cccdc65021b,960029,0,4,0,perfect_information,63.20555303622038,0.5321088134483604,118.78313502573529,0.9625007349696596,0.9500009699393192,0.24999900000000022,0.5000009920892876,0.0,1.8189894035458565e-11,1100.0,226.16616044220174,231.66862486808822,226.16616044220174,optimal,0.741454198025167,0.7511335867457092,f60,confirmation
hourly_seed_960029,28d3d423dcf17a57f9b982ce5955467aa6021a429a5b9d21bd1e7cccdc65021b,960029,0,8,0,perfect_information,54.353064618095466,0.45758233781520796,118.78313502573529,0.9711897755043246,0.9500009650433323,0.24999900000000044,0.500000990800868,0.0,0.0,1100.0,226.16616044220174,231.66862486808822,226.16616044220174,optimal,0.7087216973304749,0.7930153436027467,f60,confirmation
hourly_seed_960044,ca15fff393ae3813f882c8362a03f1dbc86876f98d96c4eb85ea1a237fd7b2d3,960044,0,4,0,perfect_information,42.909597605213015,0.3612431814997669,118.78313502573529,0.975000483395306,0.9500009557208161,0.24999900000004183,0.5000009883475708,0.0,0.0,1100.0,226.16616044220174,231.66862486808822,226.16616044220174,optimal,0.5700507392175496,0.4898383882828057,f60,confirmation
hourly_seed_960044,ca15fff393ae3813f882c8362a03f1dbc86876f98d96c4eb85ea1a237fd7b2d3,960044,0,8,0,perfect_information,42.909597605213015,0.3612431814997669,118.78313502573529,0.962500730627857,0.9500009557208161,0.24999900000000072,0.5000009883475708,0.0,0.0,1100.0,226.16616044220174,231.66862486808822,226.16616044220174,optimal,0.4961553472094238,0.8507169568911195,f60,confirmation
hourly_seed_960036,8da199e72891133ae3049adecf392fc2a9c5a29db862b098035d3a343c541903,960036,0,4,0,perfect_information,42.94702588125446,0.36155827905998317,118.78313502573529,0.9750004834097771,0.9500009557594054,0.249999000000003,0.5000009883577277,0.0,0.0,1100.0,226.16616044220174,231.66862486808822,226.16616044220174,optimal,0.7577623981051147,0.7318816790357232,f60,confirmation
hourly_seed_960036,8da199e72891133ae3049adecf392fc2a9c5a29db862b098035d3a343c541903,960036,0,8,0,perfect_information,42.94702588125446,0.36155827905998317,118.78313502573529,0.968750608409777,0.9500009557594054,0.24999899999999994,0.5000009883577277,0.0,1.8189894035458565e-11,1100.0,226.16616044220174,231.66862486808822,226.16616044220174,optimal,0.67227912414819,0.8551177438348532,f60,confirmation
hourly_seed_960052,188d4333826c94ee37607d00e0db7fe5050e30c54b5af0974c4c500eac430f89,960052,0,4,0,perfect_information,43.97271498078065,0.3701932515188593,118.78313502573529,0.9625007283956712,0.9500009567913417,0.24999900000000033,0.5000009886292897,0.0,0.0,1100.0,226.16616044220174,231.66862486808822,226.16616044220174,optimal,0.4717552582733333,0.5473508299328387,f60,confirmation
hourly_seed_960052,188d4333826c94ee37607d00e0db7fe5050e30c54b5af0974c4c500eac430f89,960052,0,8,0,perfect_information,41.95325566491187,0.35319202221613677,118.78313502573529,0.968750608016795,0.9500009547114537,0.24999900000000053,0.5000009880819503,0.0,0.0,1100.0,226.16616044220174,231.66862486808822,226.16616044220174,optimal,0.5568054276518524,0.523767386097461,f60,confirmation
hourly_seed_960032,6186643613a25d441e753dec4b7f2c25cabf784bf0d86dc4b427c9324c6521e8,960032,0,4,0,perfect_information,49.705267526855664,0.4184539119639049,118.78313502573529,0.9625007308873178,0.9500009617746357,0.24999899999999986,0.5000009899406838,0.0,2.7284841053187847e-11,1100.0,226.16616044220174,231.66862486808822,226.16616044220174,optimal,0.714472393039614,0.7661397592164576,f60,confirmation
hourly_seed_960032,6186643613a25d441e753dec4b7f2c25cabf784bf0d86dc4b427c9324c6521e8,960032,0,8,0,perfect_information,46.096224173968636,0.38807044589268946,118.78313502573529,0.9625007319670509,0.9500009587818297,0.2499990000000005,0.5000009891531026,0.0,0.0,1100.0,226.16616044220174,231.66862486808822,226.16616044220174,optimal,0.7186267180368304,0.9020967213436961,f60,confirmation
hourly_seed_960054,8cacc4f5bdaea5e173f921b7b5e6d420140c48ae1c8624f8603dcdab9e50a77c,960054,0,4,0,perfect_information,33.313571855242905,0.2804570854947149,118.78313502573529,0.9625007214830644,0.9500009429661288,0.24999900000000833,0.5000009849910717,0.0,0.0,1100.0,226.16616044220174,231.66862486808822,226.16616044220174,optimal,0.42191360192373395,0.6046301801688969,f60,confirmation
hourly_seed_960054,8cacc4f5bdaea5e173f921b7b5e6d420140c48ae1c8624f8603dcdab9e50a77c,960054,0,8,0,perfect_information,33.313571855242905,0.2804570854947149,118.78313502573529,0.9666051273813696,0.9500009429661288,0.2499990000000119,0.5000009849910717,0.0,0.0,1100.0,226.16616044220174,231.66862486808822,226.16616044220174,optimal,0.4093459350988269,0.8931642170064151,f60,confirmation
hourly_seed_960061,de66a1af50ec5923a15693f1dc0e35aa62d07bf2bcba9c3732e72db2c14614e8,960061,0,4,0,perfect_information,52.69842918596274,0.4436524526360178,118.78313502573529,0.9625007319728786,0.9500009639457571,0.24999900000001749,0.9199124919569605,0.0,0.0,1100.0,226.16616044220174,231.66862486808822,226.16616044220174,optimal,0.4525222899392247,0.5003137518651783,f60,confirmation
hourly_seed_960061,de66a1af50ec5923a15693f1dc0e35aa62d07bf2bcba9c3732e72db2c14614e8,960061,0,8,0,perfect_information,39.80634596948424,0.3351178259511326,118.78313502573529,0.9687506071008255,0.9500009522688678,0.2499990000000821,0.9500009761344339,0.0,0.0,1100.0,226.16616044220174,231.66862486808822,226.16616044220174,optimal,0.41507730074226856,0.5459897122345865,f60,confirmation
hourly_seed_960051,82bea2947ac3a8b131ad92a0c00c33731e0e1912bf52d355530e42a67c100f57,960051,0,4,0,perfect_information,66.97609978416507,0.563851928724176,118.78313502573529,0.9750004893618657,0.9500009716316421,0.24999900000000053,0.500000992534635,0.0,0.0,1100.0,226.16616044220174,231.66862486808822,226.16616044220174,optimal,0.43849681271240115,0.6132597532123327,f60,confirmation
hourly_seed_960051,82bea2947ac3a8b131ad92a0c00c33731e0e1912bf52d355530e42a67c100f57,960051,0,8,0,perfect_information,43.21120418743277,0.3637823179028801,118.78313502573529,0.9638700559797974,0.950000956029877,0.24999900000002562,0.500000988428905,0.0,0.0,1100.0,226.16616044220174,231.66862486808822,226.16616044220174,optimal,0.7279870249330997,0.5682969489134848,f60,confirmation
hourly_seed_960043,49f7c324db94b8f5ac2668ae82a3d5e540c39ddfc2b78547e2b09a67bf83838c,960043,0,4,0,perfect_information,43.131143828146755,0.363108313472296,118.78313502573529,0.9625007279741296,0.9500009559482593,0.2499990000000001,0.725516098818028,0.0,0.0,1100.0,226.16616044220174,231.66862486808822,226.16616044220174,optimal,0.7049548751674592,0.8574623381718993,f60,confirmation
hourly_seed_960043,49f7c324db94b8f5ac2668ae82a3d5e540c39ddfc2b78547e2b09a67bf83838c,960043,0,8,0,perfect_information,43.131143828146755,0.363108313472296,118.78313502573529,0.9687506084805972,0.9500009559482593,0.2499990000001345,0.5000009884074251,0.0,0.0,1100.0,226.16616044220174,231.66862486808822,226.16616044220174,optimal,0.7606928860768676,0.8187850709073246,f60,confirmation
hourly_seed_960047,f22a7f8f658a5113a194fd160eee709af9229235e12f32b905c9510062332d36,960047,0,4,0,perfect_information,47.052868896067906,0.3961241542065171,118.78313502573529,0.9749730355704752,0.9500009596198477,0.2499990000000055,0.5000009893736321,0.0,3.092281986027956e-11,1100.0,226.16616044220174,231.66862486808822,226.16616044220174,optimal,0.8469706643372774,0.7555821049027145,f60,confirmation
hourly_seed_960047,f22a7f8f658a5113a194fd160eee709af9229235e12f32b905c9510062332d36,960047,0,8,0,perfect_information,42.374849292983015,0.35674129398758647,118.78313502573529,0.9625007303833906,0.9500009551620361,0.24999900000000091,0.5000009882005254,0.0,0.0,1100.0,226.16616044220174,231.66862486808822,226.16616044220174,optimal,0.7003029459156096,0.5402822569012642,f60,confirmation
hourly_seed_960060,8e0ba1efc0b44707b81814f50246ed97dd74a7be9059ad0c031e874eefa2d603,960060,0,4,0,perfect_information,53.07425081475826,0.4468163835148762,118.78313502573529,0.9750004865753972,0.9500009642010592,0.2499990000000004,0.5000009905792168,0.0,0.0,1100.0,226.16616044220174,231.66862486808822,226.16616044220174,optimal,0.7620079242624342,0.45610308134928346,f60,confirmation
hourly_seed_960060,8e0ba1efc0b44707b81814f50246ed97dd74a7be9059ad0c031e874eefa2d603,960060,0,8,0,perfect_information,42.02263865401312,0.35377613703248856,118.78313502573529,0.9687506080448357,0.9500009547862277,0.2499990000000015,0.5000009881016227,0.0,0.0,1100.0,226.16616044220174,231.66862486808822,226.16616044220174,optimal,0.4175863256677985,0.504270345903933,f60,confirmation
hourly_seed_960056,8216b6ef594a286529d7b5fff6894205765d44e7f1b7016b852a7a79fbb028b4,960056,0,4,0,perfect_information,42.790464598701504,0.36024023603544914,118.78313502573529,0.9750004833490766,0.9500009555975371,0.24999900000000624,0.50000098831513,0.0,0.0,1100.0,226.16616044220174,231.66862486808822,226.16616044220174,optimal,0.7725262283347547,0.7237608400173485,f60,confirmation
hourly_seed_960056,8216b6ef594a286529d7b5fff6894205765d44e7f1b7016b852a7a79fbb028b4,960056,0,8,0,perfect_information,42.790464598701504,0.36024023603544914,118.78313502573529,0.9750004861242306,0.9500009555975371,0.2499990000000014,0.50000098831513,0.0,0.0,1100.0,226.16616044220174,231.66862486808822,226.16616044220174,optimal,0.45303964288905263,0.5293740900233388,f60,confirmation
hourly_seed_960050,fb7ada8cdd625b9ec84cc4d22e4c30540526ecabe8d54952fe9d9dbaa3486161,960050,0,4,0,perfect_information,61.85015258745165,0.5206980988845877,118.78313502573529,0.9750004884802105,0.9500009692805614,0.24999899999999997,0.5000009919159293,0.0,3.456079866737127e-11,1100.0,226.16616044220174,231.66862486808822,226.16616044220174,optimal,0.6372867999598384,0.42837024200707674,f60,confirmation
hourly_seed_960050,fb7ada8cdd625b9ec84cc4d22e4c30540526ecabe8d54952fe9d9dbaa3486161,960050,0,8,0,perfect_information,49.10802639260991,0.41342591590944516,118.78313502573529,0.9681213414007274,0.950000961309746,0.24999900000000178,0.5000009898183443,0.0,0.0,1100.0,226.16616044220174,231.66862486808822,226.16616044220174,optimal,0.7312044249847531,0.7602606932632625,f60,confirmation
hourly_seed_960053,7a69ac8ca126b5093af57ccb871086cc252a99cee1c2972dc08d1b67c3115245,960053,0,4,0,perfect_information,51.498058799447236,0.4335468902070128,118.78313502573529,0.9750004861645127,0.9500009631053673,0.24999900000000005,0.500000990290877,0.0,0.0,1100.0,226.16616044220174,231.66862486808822,226.16616044220174,optimal,0.7138622188940644,0.6357962908223271,f60,confirmation
hourly_seed_960053,7a69ac8ca126b5093af57ccb871086cc252a99cee1c2972dc08d1b67c3115245,960053,0,8,0,perfect_information,51.498058799447236,0.4335468902070128,118.78313502573529,0.9750004884704273,0.9500009631053673,0.24999900000000125,0.500000990290877,0.0,0.0,1100.0,226.16616044220174,231.66862486808822,226.16616044220174,optimal,0.6980770830996335,0.9012400759384036,f60,confirmation
hourly_seed_960059,a0016d4d3f6edb71dc199efc9635b5ae21ccae162fa3201d10ba7968232d63e1,960059,0,4,0,perfect_information,48.40612453592374,0.40751681225989006,118.78313502573529,0.9625007303743617,0.950000960748728,0.24999900000001063,1.5384000170029657,0.0,0.0,1100.0,226.16616044220174,231.66862486808822,226.16616044220174,optimal,0.42853916296735406,0.5640469421632588,f60,confirmation
hourly_seed_960059,a0016d4d3f6edb71dc199efc9635b5ae21ccae162fa3201d10ba7968232d63e1,960059,0,8,0,perfect_information,48.40612453592374,0.40751681225989006,118.78313502573529,0.9676315271923354,0.950000960748728,0.24999900000107866,0.9485053854709744,0.0,0.0,1100.0,226.16616044220174,231.66862486808822,226.16616044220174,optimal,0.8442772468551993,0.555119788274169,f60,confirmation
hourly_seed_960055,a6887734744bceac3279f1e232d902ee1a1a61b660fbbf14fe1e1f7722f532ce,960055,0,4,0,perfect_information,44.73129510732732,0.37657951271984813,118.78313502573529,0.975000484071538,0.9500009575241012,0.24999900000001307,0.5000009888221216,0.0,1.8189894035458565e-12,1100.0,226.16616044220174,231.66862486808822,226.16616044220174,optimal,0.7703685448504984,0.7182749467901886,f60,confirmation
hourly_seed_960055,a6887734744bceac3279f1e232d902ee1a1a61b660fbbf14fe1e1f7722f532ce,960055,0,8,0,perfect_information,42.2338764705236,0.35555448558731256,118.78313502573529,0.9687506081296389,0.9500009550123697,0.24999900000005698,0.5000009881611377,0.0,0.0,1100.0,226.16616044220174,231.66862486808822,226.16616044220174,optimal,0.5040720561519265,0.5327316108159721,f60,confirmation
hourly_seed_960049,9fc637321f9d49d858b58a848160c898d9d841421a8affe24db768b1fa7fff5a,960049,0,4,0,perfect_information,53.91964358061487,0.45393349459022747,118.78313502573529,0.962500732381171,0.9500009647623419,0.24999900000000042,0.5000009907269236,0.0,0.0,1100.0,226.16616044220174,231.66862486808822,226.16616044220174,optimal,0.7484342409297824,0.8634540648199618,f60,confirmation
hourly_seed_960049,9fc637321f9d49d858b58a848160c898d9d841421a8affe24db768b1fa7fff5a,960049,0,8,0,perfect_information,40.424419190234225,0.340321201166108,118.78313502573529,0.9687506073744964,0.9500009529986564,0.2499990000002399,0.5000009876312153,0.0,0.0,1100.0,226.16616044220174,231.66862486808822,226.16616044220174,optimal,0.7211665641516447,0.7992825522087514,f60,confirmation
hourly_seed_960058,edc81ad45956bb1af340622b52e52417512ac6a73e394361204c927d403d4ab3,960058,0,4,0,perfect_information,63.08091987862791,0.5310595638426359,118.78313502573529,0.9625007349399631,0.9500009698799262,0.2499990000000003,0.5000009920736566,0.0,0.0,1100.0,226.16616044220174,231.66862486808822,226.16616044220174,optimal,0.819999918807298,0.6095338398590684,f60,confirmation
hourly_seed_960058,edc81ad45956bb1af340622b52e52417512ac6a73e394361204c927d403d4ab3,960058,0,8,0,perfect_information,48.78757722610118,0.4107281493751699,118.78313502573529,0.9625007329618335,0.9500009610556186,0.2499989999999998,0.5000009897514677,0.0,0.0,1100.0,226.16616044220174,231.66862486808822,226.16616044220174,optimal,0.4587284568697214,0.8365584900602698,f60,confirmation
hourly_seed_960063,285fa7e84dc5b93dd58ef6e888efaf7421413c0414086a6a544db5ee916aa0b0,960063,0,4,0,perfect_information,56.871732672914284,0.4787862574985294,118.78313502573529,0.9621058564806061,0.9500009665914529,0.24999900000000172,0.5000009912082692,0.0,1.2732925824820995e-11,1100.0,226.16616044220174,231.66862486808822,226.16616044220174,optimal,0.7313552261330187,0.5974905272014439,f60,confirmation
hourly_seed_960063,285fa7e84dc5b93dd58ef6e888efaf7421413c0414086a6a544db5ee916aa0b0,960063,0,8,0,perfect_information,48.013723507580174,0.4042133043312725,118.78313502573529,0.9625007326872237,0.9500009604279397,0.24999900000000058,0.5000009895862896,0.0,0.0,1100.0,226.16616044220174,231.66862486808822,226.16616044220174,optimal,0.6677802582271397,0.4710930730216205,f60,confirmation
hourly_seed_960064,fd2ffdf0e3689fb54a7d5bfc7a340a53a75b68852df36a80a6292332f4962e02,960064,0,4,0,perfect_information,48.137638586769505,0.40525650864779844,118.78313502573529,0.9625007302649027,0.9500009605298054,0.249998999999993,0.5000009896130955,0.0,0.0,1100.0,226.16616044220174,231.66862486808822,226.16616044220174,optimal,0.6200452637858689,0.5039719548076391,f60,confirmation
hourly_seed_960064,fd2ffdf0e3689fb54a7d5bfc7a340a53a75b68852df36a80a6292332f4962e02,960064,0,8,0,perfect_information,43.672928970267435,0.36766944196922696,118.78313502573529,0.9625007309664504,0.9500009564947438,0.2499990000000006,0.5000009885512374,0.0,0.0,1100.0,226.16616044220174,231.66862486808822,226.16616044220174,optimal,0.536423163022846,0.558784110005945,f60,confirmation
hourly_seed_960066,e4bd02c8292f69ce8055a1f2b323c3e84e838fc7716bc977dd403bf64f79f735,960066,0,4,0,perfect_information,63.24224614072244,0.5324177218173314,118.78313502573529,0.9625007349783801,0.9500009699567602,0.24999900000000025,1.0955991256368935,0.0,0.0,1100.0,226.16616044220174,231.66862486808822,226.16616044220174,optimal,0.4167948910035193,0.558528508991003,f60,confirmation
hourly_seed_960066,e4bd02c8292f69ce8055a1f2b323c3e84e838fc7716bc977dd403bf64f79f735,960066,0,8,0,perfect_information,40.531965845018604,0.3412266045700599,118.78313502573529,0.9592237161671798,0.9500009531233701,0.2499990000000109,1.6129100555203897,0.0,0.0,1100.0,226.16616044220174,231.66862486808822,226.16616044220174,optimal,0.664049344137311,0.5969583727419376,f60,confirmation
hourly_seed_960069,195e65905137a02be994fa5e1b2282abf8067613ccd2de6a4105aea20fde2ee0,960069,0,4,0,perfect_information,41.90532025693072,0.35278846822700555,118.78313502573529,0.9750004829973681,0.9500009546596483,0.24999900000000125,0.5000009880683176,0.0,2.9103830456733704e-11,1100.0,226.16616044220174,231.66862486808822,226.16616044220174,optimal,0.5153501941822469,0.5486153280362487,f60,confirmation
hourly_seed_960069,195e65905137a02be994fa5e1b2282abf8067613ccd2de6a4105aea20fde2ee0,960069,0,8,0,perfect_information,41.90532025693072,0.35278846822700555,118.78313502573529,0.9500009773298244,0.9500009546596483,0.24999900000001665,0.5000009880683176,0.0,0.0,1100.0,226.16616044220174,231.66862486808822,226.16616044220174,optimal,0.48212877102196217,0.5453569777309895,f60,confirmation
hourly_seed_960057,6426ae8e297aa6464fcd6105ccbc34e1d2863ab37a4fdff891830276351da73f,960057,0,4,0,perfect_information,52.30362709742629,0.44032873089344127,118.78313502573529,0.9500009909184025,0.9500009818368049,0.24999900000069428,0.5000009904404049,0.0,0.0,1100.0,226.16616044220174,231.66862486808822,226.16616044220174,optimal,0.7984073562547565,0.8529605311341584,f60,confirmation
hourly_seed_960057,6426ae8e297aa6464fcd6105ccbc34e1d2863ab37a4fdff891830276351da73f,960057,0,8,0,perfect_information,52.30362709742629,0.44032873089344127,118.78313502573529,0.9564581353163405,0.9500009636736099,0.24999900000000083,0.5000009904404136,0.0,3.637978807091713e-12,1100.0,226.16616044220174,231.66862486808822,226.16616044220174,optimal,0.6689089038409293,0.5938402549363673,f60,confirmation
hourly_seed_960071,fb8501f342826ce31d36f69947ec7048265d697b091cf5e85e8259a0e37bd6c9,960071,0,4,0,perfect_information,40.20289167510723,0.33845622668905784,118.78313502573529,0.9750004822773758,0.9500009527396691,0.24999900000003517,0.5000009875630587,0.0,0.0,1100.0,226.16616044220174,231.66862486808822,226.16616044220174,optimal,0.4438804271630943,0.6737327831797302,f60,confirmation
hourly_seed_960071,fb8501f342826ce31d36f69947ec7048265d697b091cf5e85e8259a0e37bd6c9,960071,0,8,0,perfect_information,40.20289167510723,0.33845622668905784,118.78313502573529,0.9625007293236052,0.9500009527396691,0.2499990000000184,0.5000009875630587,0.0,0.0,1100.0,226.16616044220174,231.66862486808822,226.16616044220174,optimal,0.5033318409696221,0.5280586117878556,f60,confirmation
hourly_seed_960062,8a7f39eea3e666a12518a2def7c0d63d3783d8d445bf8006fc4ab988e932f3f7,960062,0,4,0,perfect_information,46.227697901869504,0.38917728423192327,118.78313502573529,0.9625007294495287,0.9500009588990573,0.24999900000000663,0.5000009891838892,0.0,0.0,1100.0,226.16616044220174,231.66862486808822,226.16616044220174,optimal,0.7197501249611378,0.7705705263651907,f60,confirmation
hourly_seed_960062,8a7f39eea3e666a12518a2def7c0d63d3783d8d445bf8006fc4ab988e932f3f7,960062,0,8,0,perfect_information,46.227697901869504,0.38917728423192327,118.78313502573529,0.9687506095871464,0.9500009588990573,0.24999900000000452,0.5000009891839532,0.0,7.275957614183426e-12,1100.0,226.16616044220174,231.66862486808822,226.16616044220174,optimal,0.8168168794363737,0.47446005372330546,f60,confirmation
hourly_seed_960080,5141a6cabbb486550a33ecbf27b52c7e7eb7cd81d0a045b1cf30fcf2e93e9a8b,960080,0,4,0,perfect_information,60.1611576944341,0.5064789515902213,118.78313502573529,0.9750004881567982,0.9500009684181283,0.24999899999999978,0.5000009916889513,0.0,0.0,1100.0,226.16616044220174,231.66862486808822,226.16616044220174,optimal,0.5101237120106816,0.522626097779721,f60,confirmation
hourly_seed_960080,5141a6cabbb486550a33ecbf27b52c7e7eb7cd81d0a045b1cf30fcf2e93e9a8b,960080,0,8,0,perfect_information,49.17668148441272,0.41400390277422977,118.78313502573529,0.9687506105114104,0.9500009613637621,0.24999900000000042,0.5000009898325601,0.0,1.4551915228366852e-11,1100.0,226.16616044220174,231.66862486808822,226.16616044220174,optimal,0.4550849557854235,0.48601992428302765,f60,confirmation
hourly_seed_960067,3a3eeaa83d084637c23c66b0d22e7ed339ef23d3820791e06ac0ca33dbd0cbae,960067,0,4,0,perfect_information,41.63423354436739,0.35050626955878045,118.78313502573529,0.9625007271822152,0.9500009543644304,0.2499990000000007,0.500000987990628,0.0,0.0,1100.0,226.16616044220174,231.66862486808822,226.16616044220174,optimal,0.738658640999347,0.7794053703546524,f60,confirmation
hourly_seed_960067,3a3eeaa83d084637c23c66b0d22e7ed339ef23d3820791e06ac0ca33dbd0cbae,960067,0,8,0,perfect_information,41.63423354436739,0.35050626955878045,118.78313502573529,0.9625007300344383,0.9500009543644304,0.24999900000000264,0.500000987990628,0.0,0.0,1100.0,226.16616044220174,231.66862486808822,226.16616044220174,optimal,0.44773186137899756,0.5055260239169002,f60,confirmation
hourly_seed_960072,7bf04d3f5e4a68e3046827dd566960f3fa2143aaaab2f3dfa63c89e713a288c8,960072,0,4,0,perfect_information,48.30534088878124,0.40666834461235185,118.78313502573529,0.9750004852500628,0.9500009606668335,0.24999900000004435,0.5000009896491492,0.0,0.0,1100.0,226.16616044220174,231.66862486808822,226.16616044220174,optimal,0.5438473080284894,0.5262015513144433,f60,confirmation
hourly_seed_960072,7bf04d3f5e4a68e3046827dd566960f3fa2143aaaab2f3dfa63c89e713a288c8,960072,0,8,0,perfect_information,48.30534088878124,0.40666834461235185,118.78313502573529,0.9625007327917401,0.9500009606668335,0.24999900000000064,0.5000009896491562,0.0,1.2732925824820995e-11,1100.0,226.16616044220174,231.66862486808822,226.16616044220174,optimal,0.504810739774257,0.5348249929957092,f60,confirmation
hourly_seed_960070,95fc54db9ac489ae3694d7cb93203e256f978ddea6e008d4693fa10d097d358e,960070,0,4,0,perfect_information,66.84229436470332,0.5627254605649313,118.78313502573529,0.9750004893405703,0.9500009715748541,0.24999900000000033,0.7361809586232747,0.0,5.4569682106375694e-12,1100.0,226.16616044220174,231.66862486808822,226.16616044220174,optimal,0.7669237442314625,0.785859249997884,f60,confirmation
hourly_seed_960070,95fc54db9ac489ae3694d7cb93203e256f978ddea6e008d4693fa10d097d358e,960070,0,8,0,perfect_information,53.90765622717065,0.4538325766152841,118.78313502573529,0.9685318190216345,0.9500009647545052,0.2499990000000007,0.8823930882064369,0.0,0.0,1100.0,226.16616044220174,231.66862486808822,226.16616044220174,optimal,0.42938493797555566,0.46322429506108165,f60,confirmation
hourly_seed_960083,3642f04980a65ac423b9e644ecf514d16b984372846c082178ce61cbd56cf341,960083,0,4,0,perfect_information,49.06100773093645,0.41303007973570494,118.78313502573529,0.9625007306363335,0.9500009612726663,0.24999900000000017,0.5000009898085871,0.0,0.0,1100.0,226.16616044220174,231.66862486808822,226.16616044220174,optimal,0.5730473469011486,0.5263139610178769,f60,confirmation
hourly_seed_960083,3642f04980a65ac423b9e644ecf514d16b984372846c082178ce61cbd56cf341,960083,0,8,0,perfect_information,49.06100773093645,0.41303007973570494,118.78313502573529,0.9625007330567918,0.9500009612726663,0.24999900000000042,0.5000009898085871,0.0,0.0,1100.0,226.16616044220174,231.66862486808822,226.16616044220174,optimal,0.4385544448159635,0.5785067910328507,f60,confirmation
hourly_seed_960068,f9ca0d43e53b47e31d8f48090d1ae4c8883184e42e4ce9e8e0e5fcc23cc5bc33,960068,0,4,0,perfect_information,62.15853196909617,0.5232942534782319,118.78313502573529,0.9562011131008494,0.950000969432966,0.24999900000001019,0.5000009919560362,0.0,0.0,1100.0,226.16616044220174,231.66862486808822,226.16616044220174,optimal,0.6500684879720211,0.4607916600070894,f60,confirmation
hourly_seed_960068,f9ca0d43e53b47e31d8f48090d1ae4c8883184e42e4ce9e8e0e5fcc23cc5bc33,960068,0,8,0,perfect_information,45.830146326752484,0.3858304153769222,118.78313502573529,0.9687506094534475,0.9500009585425279,0.24999900000000005,0.5000009890901297,0.0,0.0,1100.0,226.16616044220174,231.66862486808822,226.16616044220174,optimal,0.6779167088679969,0.5669984212145209,f60,confirmation
hourly_seed_960065,b313e875bff9e3aea1a5df3d67c302bbe154615c21452db2b0d03c546f2bd57d,960065,0,4,0,perfect_information,54.652842432414054,0.4601060783635075,118.78313502573529,0.9625007326175375,0.9500009652350752,0.2499990000000008,0.5000009908513269,0.0,0.0,1100.0,226.16616044220174,231.66862486808822,226.16616044220174,optimal,0.7440400440245867,0.8509772778488696,f60,confirmation
hourly_seed_960065,b313e875bff9e3aea1a5df3d67c302bbe154615c21452db2b0d03c546f2bd57d,960065,0,8,0,perfect_information,42.47516582384023,0.35758582912159753,118.78313502573529,0.9687506082254748,0.9500009552679329,0.2499990000003605,0.5000009882283926,0.0,3.637978807091713e-12,1100.0,226.16616044220174,231.66862486808822,226.16616044220174,optimal,0.7577416677959263,0.5090694855898619,f60,confirmation
hourly_seed_960078,7d05af773c04207e544e676218a7de0277aedf98c1a49645c4a12a216c28d0da,960078,0,4,0,perfect_information,43.30613550938248,0.3645815165595677,118.78313502573529,0.9750004835473488,0.9500009561262638,0.24999900000000638,0.5000009884542695,0.0,0.0,1100.0,226.16616044220174,231.66862486808822,226.16616044220174,optimal,0.4866129490546882,0.55481111491099,f60,confirmation
hourly_seed_960078,7d05af773c04207e544e676218a7de0277aedf98c1a49645c4a12a216c28d0da,960078,0,8,0,perfect_information,39.76560271231296,0.334774820547525,118.78313502573529,0.964083931034018,0.9500009522199631,0.24999900000000133,0.5000009874262938,0.0,0.0,1100.0,226.16616044220174,231.66862486808822,226.16616044220174,optimal,0.4346717200241983,0.5507312212139368,f60,confirmation
hourly_seed_960073,60796212845bff47208e46d871cfcce120884dd43bf6d3dc7fd6091bab512fac,960073,0,4,0,perfect_information,52.77436174599546,0.4442917063483927,118.78313502573529,0.9750004864991122,0.9500009639976326,0.24999900000001177,0.5000009905256825,0.0,1.6370904631912708e-11,1100.0,226.16616044220174,231.66862486808822,226.16616044220174,optimal,0.7996513941325247,0.5959054972045124,f60,confirmation
hourly_seed_960073,60796212845bff47208e46d871cfcce120884dd43bf6d3dc7fd6091bab512fac,960073,0,8,0,perfect_information,27.54725054339393,0.2319121358215171,118.78313502573529,0.9625007198245435,0.9500009310275281,0.24999900000003492,0.7388807197433976,0.0,0.0,1100.0,226.16616044220174,231.66862486808822,226.16616044220174,optimal,0.5078895282931626,0.4731983062811196,f60,confirmation
hourly_seed_960075,9ecc44734b7e4bc404c989bed7f0b68b7be54ecb672caff504e7e146a7fe0039,960075,0,4,0,perfect_information,47.07250666907942,0.396289478795797,118.78313502573529,0.9625007298183473,0.9500009596366946,0.24999900000000083,0.5000009893780681,0.0,3.637978807091713e-12,1100.0,226.16616044220174,231.66862486808822,226.16616044220174,optimal,0.7073875800706446,0.733800410758704,f60,confirmation
hourly_seed_960075,9ecc44734b7e4bc404c989bed7f0b68b7be54ecb672caff504e7e146a7fe0039,960075,0,8,0,perfect_information,47.07250666907942,0.396289478795797,118.78313502573529,0.9625007323410539,0.9500009596366946,0.24999900000001976,0.5000009893780681,0.0,0.0,1100.0,226.16616044220174,231.66862486808822,226.16616044220174,optimal,0.5269040251150727,0.44773987028747797,f60,confirmation
hourly_seed_960086,c60c0918d37b19bf6a3a4493f4071d8a86b321b67830650f664919a8ba0effa2,960086,0,4,0,perfect_information,42.583666161439254,0.3584992612984425,118.78313502573529,0.9625007276909537,0.9500009553819073,0.24999900000000175,0.500000988258327,0.0,0.0,1100.0,226.16616044220174,231.66862486808822,226.16616044220174,optimal,0.48879718221724033,0.5138465450145304,f60,confirmation
hourly_seed_960086,c60c0918d37b19bf6a3a4493f4071d8a86b321b67830650f664919a8ba0effa2,960086,0,8,0,perfect_information,32.11567845737744,0.27037237609884035,118.78313502573529,0.968750602814551,0.9500009408388017,0.2499990000000006,0.5000009844312504,0.0,0.0,1100.0,226.16616044220174,231.66862486808822,226.16616044220174,optimal,0.5348678738810122,0.5395294330082834,f60,confirmation
hourly_seed_960087,330f20785cbe3cae0b84c8c52cc6751b295ea5f1ad5d0e66a5d4a265ba959050,960087,0,4,0,perfect_information,53.00492568245893,0.4462327557777878,118.78313502573529,0.9625007320771187,0.9500009641542377,0.24999900000000028,0.707278924027161,0.0,9.094947017729282e-12,1100.0,226.16616044220174,231.66862486808822,226.16616044220174,optimal,0.4290376561693847,0.4755733306519687,f60,confirmation
hourly_seed_960087,330f20785cbe3cae0b84c8c52cc6751b295ea5f1ad5d0e66a5d4a265ba959050,960087,0,8,0,perfect_information,38.882411641149595,0.3273394967452696,118.78313502573529,0.9687506066755003,0.9500009511346676,0.24999900000000055,0.9023486477052551,0.0,0.0,1100.0,226.16616044220174,231.66862486808822,226.16616044220174,optimal,0.4062266261316836,0.5028235083445907,f60,confirmation
hourly_seed_960079,49cfb9faf134cc05b19b5c81389161d39ddf0ccc4ac3c2b1eb8c96b5f9b89749,960079,0,4,0,perfect_information,44.360750353762626,0.37346000628920534,118.78313502573529,0.9750004839384877,0.9500009571693006,0.24999900000000058,0.5000009887287534,0.0,0.0,1100.0,226.16616044220174,231.66862486808822,226.16616044220174,optimal,0.6817927532829344,0.6129530807957053,f60,confirmation
hourly_seed_960079,49cfb9faf134cc05b19b5c81389161d39ddf0ccc4ac3c2b1eb8c96b5f9b89749,960079,0,8,0,perfect_information,35.3772607433011,0.29783067045364936,118.78313502573529,0.9625007265032439,0.9500009462931279,0.24999900000000497,0.5000009858665995,0.0,0.0,1100.0,226.16616044220174,231.66862486808822,226.16616044220174,optimal,0.41419633524492383,0.5661435858346522,f60,confirmation
hourly_seed_960074,bfa8ea2683fd05997fd8de98c45f190f5c28f663002598f85ea67b14382ce948,960074,0,4,0,perfect_information,45.83338245574497,0.3858576593875453,118.78313502573529,0.9625007292727281,0.9500009585454561,0.24999899999999886,0.5393396885971552,0.0,0.0,1100.0,226.16616044220174,231.66862486808822,226.16616044220174,optimal,0.6936911758966744,0.7813711618073285,f60,confirmation
hourly_seed_960074,bfa8ea2683fd05997fd8de98c45f190f5c28f663002598f85ea67b14382ce948,960074,0,8,0,perfect_information,41.316098398510825,0.3478279840783742,118.78313502573529,0.9625007298807029,0.9500009540130352,0.24999900000020808,0.5000009878981565,0.0,0.0,1100.0,226.16616044220174,231.66862486808822,226.16616044220174,optimal,0.5065079401247203,0.5140430270694196,f60,confirmation
hourly_seed_960084,1890669d263778f23284e4e93419abf68fe8813282cae176377b1978ec368b2c,960084,0,4,0,perfect_information,46.790139824796846,0.3939123160426722,118.78313502573529,0.9625007296965561,0.9500009593931121,0.24999900000010572,0.5000009893139661,0.0,0.0,1100.0,226.16616044220174,231.66862486808822,226.16616044220174,optimal,0.5726640350185335,0.4827984147705138,f60,confirmation
hourly_seed_960084,1890669d263778f23284e4e93419abf68fe8813282cae176377b1978ec368b2c,960084,0,8,0,perfect_information,42.19071397502564,0.3551911133334264,118.78313502573529,0.9625007302977766,0.9500009549663472,0.24999900000001365,0.5000009881490279,0.0,0.0,1100.0,226.16616044220174,231.66862486808822,226.16616044220174,optimal,0.5214278721250594,0.5621905010193586,f60,confirmation
hourly_seed_960090,e32e309257366a40df1b2de8a6a242b3d9eb049b22638519c9086be70b347e67,960090,0,4,0,perfect_information,50.627592285816114,0.42621869068237045,118.78313502573529,0.9500009906177547,0.9500009812355094,0.24999900000018616,0.5000009901233425,0.0,1.0913936421275139e-11,1100.0,226.16616044220174,231.66862486808822,226.16616044220174,optimal,0.4694437640719116,0.48879196122288704,f60,confirmation
hourly_seed_960090,e32e309257366a40df1b2de8a6a242b3d9eb049b22638519c9086be70b347e67,960090,0,8,0,perfect_information,50.627592285816114,0.42621869068237045,118.78313502573529,0.9640090731831723,0.9500009624710176,0.2499989999999998,0.5000009901239422,0.0,3.637978807091713e-11,1100.0,226.16616044220174,231.66862486808822,226.16616044220174,optimal,0.41880599316209555,0.4596144030801952,f60,confirmation
hourly_seed_960081,bf8f4ca6146d8be08698dabd50eebe512081f696693a7c146d565cf850b5ada3,960081,0,4,0,perfect_information,47.40858743633733,0.399118843142723,118.78313502573529,0.9625007299614149,0.9500009599228311,0.2499990000000027,0.500000989453366,0.0,5.4569682106375694e-12,1100.0,226.16616044220174,231.66862486808822,226.16616044220174,optimal,0.7430392778478563,0.6902099638246,f60,confirmation
hourly_seed_960081,bf8f4ca6146d8be08698dabd50eebe512081f696693a7c146d565cf850b5ada3,960081,0,8,0,perfect_information,47.40858743633733,0.399118843142723,118.78313502573529,0.956250854961415,0.9500009599228311,0.24999900000003045,0.500000989453366,0.0,0.0,1100.0,226.16616044220174,231.66862486808822,226.16616044220174,optimal,0.482993446290493,0.47586676198989153,f60,confirmation
hourly_seed_960077,f92a847a95c88a9faf1286a2d6ca61259c00229f79de50d1afb91d5be5abf7b4,960077,0,4,0,perfect_information,57.949675426532316,0.48786113798037967,118.78313502573529,0.9625007336064486,0.9500009672128973,0.24999900000000924,0.661858915774798,0.0,0.0,1100.0,226.16616044220174,231.66862486808822,226.16616044220174,optimal,0.7162822028622031,0.8094929740764201,f60,confirmation
hourly_seed_960077,f92a847a95c88a9faf1286a2d6ca61259c00229f79de50d1afb91d5be5abf7b4,960077,0,8,0,perfect_information,45.11866151300258,0.37984063565275716,118.78313502573529,0.9687506092082918,0.9500009578887783,0.2499989999999999,0.5690375278079868,0.0,0.0,1100.0,226.16616044220174,231.66862486808822,226.16616044220174,optimal,0.4582036049105227,0.5618171491660178,f60,confirmation
hourly_seed_960088,ac551d6127a9bab27e9046686c419ae920182356d90881e8430bc0a9f80aa25f,960088,0,4,0,perfect_information,35.34806510366697,0.2975848810187451,118.78313502573529,0.9625007231243852,0.9500009462487705,0.24999900000002057,0.5000009858549257,0.0,0.0,1100.0,226.16616044220174,231.66862486808822,226.16616044220174,optimal,0.43594702798873186,0.4932824387215078,f60,confirmation
hourly_seed_960088,ac551d6127a9bab27e9046686c419ae920182356d90881e8430bc0a9f80aa25f,960088,0,8,0,perfect_information,35.34806510366697,0.2975848810187451,118.78313502573529,0.962500726483837,0.9500009462487705,0.24999900000000277,0.5000009858549257,0.0,0.0,1100.0,226.16616044220174,231.66862486808822,226.16616044220174,optimal,0.41899204393848777,0.5696254172362387,f60,confirmation
hourly_seed_960076,9a0c357068b06d002c614dc1e5acc69abb5fa9a60907c456ef4535fb820f5a20,960076,0,4,0,perfect_information,53.841878635980244,0.45327881457510766,118.78313502573529,0.9750004867667925,0.9500009647114465,0.24999900000000053,0.5000009907135308,0.0,1.4551915228366852e-11,1100.0,226.16616044220174,231.66862486808822,226.16616044220174,optimal,0.9162166980095208,0.9366486831568182,f60,confirmation
hourly_seed_960076,9a0c357068b06d002c614dc1e5acc69abb5fa9a60907c456ef4535fb820f5a20,960076,0,8,0,perfect_information,45.371953630032635,0.38197302689647356,118.78313502573529,0.9687506092964501,0.9500009581238659,0.24999900000001335,0.5000009889799546,0.0,0.0,1100.0,226.16616044220174,231.66862486808822,226.16616044220174,optimal,0.4357343968003988,0.4848569678142667,f60,confirmation
hourly_seed_960085,81773067b5317116732d596911b5c94d1a84c9bcdf2365133fe2f8d20adbb807,960085,0,4,0,perfect_information,50.103135230462264,0.42180344221094207,118.78313502573529,0.9750004857793182,0.9500009620781812,0.2499990000000986,0.5000009900205026,0.0,2.1827872842550278e-11,1100.0,226.16616044220174,231.66862486808822,226.16616044220174,optimal,0.8516271319240332,0.558583898935467,f60,confirmation
hourly_seed_960085,81773067b5317116732d596911b5c94d1a84c9bcdf2365133fe2f8d20adbb807,960085,0,8,0,perfect_information,50.103135230462264,0.42180344221094207,118.78313502573529,0.9687506107793182,0.9500009620781812,0.24999900000002023,0.5000009900205639,0.0,0.0,1100.0,226.16616044220174,231.66862486808822,226.16616044220174,optimal,0.4450747137889266,0.5300681637600064,f60,confirmation
hourly_seed_960082,a026cf45853270bf28adab32c71b8927d23a15a85698404f0023c5a929c5c274,960082,0,4,0,perfect_information,43.14967861394902,0.3632643523392467,118.78313502573529,0.9625007279835909,0.9500009559671817,0.24999900000001604,0.5000009884122574,0.0,7.275957614183426e-12,1100.0,226.16616044220174,231.66862486808822,226.16616044220174,optimal,0.8331584092229605,0.7416051789186895,f60,confirmation
hourly_seed_960082,a026cf45853270bf28adab32c71b8927d23a15a85698404f0023c5a929c5c274,960082,0,8,0,perfect_information,35.35069528295479,0.29760702371844105,118.78313502573529,0.9625007264855865,0.9500009462527681,0.24999900000012454,0.5000009858560209,0.0,0.0,1100.0,226.16616044220174,231.66862486808822,226.16616044220174,optimal,0.4343903879635036,0.5274081379175186,f60,confirmation
hourly_seed_960094,490549dbb9c9712393e3cb77dc51044e52185a2c84714de0ba59a8af903e4d3c,960094,0,4,0,perfect_information,52.33975656818416,0.44063289419701157,118.78313502573529,0.9625007318493427,0.9500009636986855,0.249999000000019,0.5000009904468629,0.0,0.0,1100.0,226.16616044220174,231.66862486808822,226.16616044220174,optimal,0.4985618507489562,0.5119227939285338,f60,confirmation
hourly_seed_960094,490549dbb9c9712393e3cb77dc51044e52185a2c84714de0ba59a8af903e4d3c,960094,0,8,0,perfect_information,40.51753365343768,0.34110510422762663,118.78313502573529,0.9687506074150023,0.9500009531066729,0.24999900000001668,0.5000009876594192,0.0,0.0,1100.0,226.16616044220174,231.66862486808822,226.16616044220174,optimal,0.45929019106552005,0.5476297819986939,f60,confirmation
hourly_seed_960089,8c18bc9737a9265a9eba183346ed7cb357eabecefc4eab63421f06cf2a91b09b,960089,0,4,0,perfect_information,58.279688828713795,0.4906394229794242,118.78313502573529,0.9735393808932473,0.9500009673985568,0.24999900000000042,0.5000009914206189,0.0,0.0,1100.0,226.16616044220174,231.66862486808822,226.16616044220174,optimal,0.7505425442941487,0.5312735419720411,f60,confirmation
hourly_seed_960089,8c18bc9737a9265a9eba183346ed7cb357eabecefc4eab63421f06cf2a91b09b,960089,0,8,0,perfect_information,55.77068990373148,0.4695169048337403,118.78313502573529,0.9677328210944393,0.9500009659318897,0.24999900000000042,0.5000009910346987,0.0,0.0,1100.0,226.16616044220174,231.66862486808822,226.16616044220174,optimal,0.4445629008114338,0.4786411700770259,f60,confirmation
hourly_seed_960098,aa77ac655db2f1def94e8a2ccd0e4a280f00561b20169b886c6ac055a3d6790a,960098,0,4,0,perfect_information,43.30048335154043,0.3645339327183025,118.78313502573529,0.9750004835452011,0.9500009561205356,0.24999900000000055,0.5000009884527608,0.0,0.0,1100.0,226.16616044220174,231.66862486808822,226.16616044220174,optimal,0.5492856120690703,0.449305169750005,f60,confirmation
hourly_seed_960098,aa77ac655db2f1def94e8a2ccd0e4a280f00561b20169b886c6ac055a3d6790a,960098,0,8,0,perfect_information,43.30048335154043,0.3645339327183025,118.78313502573529,0.9500009808027348,0.9500009561205356,0.24999900000000103,0.5000009884527608,0.0,4.001776687800884e-11,1100.0,226.16616044220174,231.66862486808822,226.16616044220174,optimal,0.4808464031666517,0.4940407141111791,f60,confirmation
hourly_seed_960092,7e43a101f2b6a18673220fe9597aec71cf145edb94140a0ac2310ef546bc66c4,960092,0,4,0,perfect_information,49.707536114705846,0.41847301053248276,118.78313502573529,0.9625007308881901,0.9500009617763802,0.24999900000003883,0.5000009899411421,0.0,9.094947017729282e-12,1100.0,226.16616044220174,231.66862486808822,226.16616044220174,optimal,0.5800289898179471,0.4717798768542707,f60,confirmation
hourly_seed_960092,7e43a101f2b6a18673220fe9597aec71cf145edb94140a0ac2310ef546bc66c4,960092,0,8,0,perfect_information,43.0444535961886,0.36237849410914,118.78313502573529,0.9625007306885488,0.9500009558595405,0.24999900000007533,0.5000009883840786,0.0,0.0,1100.0,226.16616044220174,231.66862486808822,226.16616044220174,optimal,0.45284157199785113,0.463146744761616,f60,confirmation
hourly_seed_960093,3ad659f52233d71a6789a22109f4f91a208b5574214ee3a97cedb318c208fc63,960093,0,4,0,perfect_information,66.54794785712095,0.5602474445779093,118.78313502573529,0.9625007357245637,0.9500009714491269,0.24999900000000141,0.500000992486605,0.0,2.1827872842550278e-11,1100.0,226.16616044220174,231.66862486808822,226.16616044220174,optimal,0.566447617020458,0.5828678668476641,f60,confirmation
hourly_seed_960093,3ad659f52233d71a6789a22109f4f91a208b5574214ee3a97cedb318c208fc63,960093,0,8,0,perfect_information,50.68316112887619,0.4266865082984659,118.78313502573529,0.9625007335990712,0.9500009625121643,0.24999899999999986,0.5000009901347721,0.0,2.1827872842550278e-11,1100.0,226.16616044220174,231.66862486808822,226.16616044220174,optimal,0.42696304293349385,0.5002402518875897,f60,confirmation
hourly_seed_960091,4beac7a88141d5b5138678c59b8d642e3cd357995965feacb7163d657c173f0a,960091,0,4,0,perfect_information,63.18343820177474,0.5319226352132023,118.78313502573529,0.9625007349643988,0.9500009699287976,0.2499990000000007,0.5000009920865177,0.0,0.0,1100.0,226.16616044220174,231.66862486808822,226.16616044220174,optimal,0.7526240972802043,0.6119194347411394,f60,confirmation
hourly_seed_960091,4beac7a88141d5b5138678c59b8d642e3cd357995965feacb7163d657c173f0a,960091,0,8,0,perfect_information,46.730714123594915,0.39341202868126307,118.78313502573529,0.9500009872942106,0.9500009796707369,0.24999900000000846,0.5000009893003772,0.0,0.0,1100.0,226.16616044220174,231.66862486808822,226.16616044220174,optimal,0.4542927397415042,0.49280586605891585,f60,confirmation
hourly_seed_960096,cf192b1c4c528c03447bdc7ce17ef5b9d07d32b0a498e519c8af873ef200d519,960096,0,4,0,perfect_information,54.55126879037048,0.45925095998309456,118.78313502573529,0.9625007325851715,0.9500009651703433,0.24999899999999975,0.5000009908342923,0.0,0.0,1100.0,226.16616044220174,231.66862486808822,226.16616044220174,optimal,0.6638870527967811,0.4650506768375635,f60,confirmation
hourly_seed_960096,cf192b1c4c528c03447bdc7ce17ef5b9d07d32b0a498e519c8af873ef200d519,960096,0,8,0,perfect_information,51.31607798414944,0.43201484767203197,118.78313502573529,0.9625007338013565,0.950000962974529,0.24999899999999955,0.5000009902564446,0.0,0.0,1100.0,226.16616044220174,231.66862486808822,226.16616044220174,optimal,0.4199422700330615,0.5335574159398675,f60,confirmation
hourly_seed_960095,6f88f598e6dd2ca64f805e799cb0fe0941321102706a4d82253c40610b8e7b3f,960095,0,4,0,perfect_information,53.280154232664884,0.4485498233492602,118.78313502573529,0.9625007321697028,0.9500009643394057,0.24999900000000042,0.5000009906156232,0.0,0.0,1100.0,226.16616044220174,231.66862486808822,226.16616044220174,optimal,0.7033678540028632,0.5146631998941302,f60,confirmation
hourly_seed_960095,6f88f598e6dd2ca64f805e799cb0fe0941321102706a4d82253c40610b8e7b3f,960095,0,8,0,perfect_information,49.73794382686024,0.4187290040466109,118.78313502573529,0.9687506106749051,0.9500009617997485,0.24999900000000067,0.5000009899472931,0.0,2.000888343900442e-11,1100.0,226.16616044220174,231.66862486808822,226.16616044220174,optimal,0.47859138902276754,0.44726756820455194,f60,confirmation
hourly_seed_960097,4f2185c13eb88993a0dcab629591a32516fb64d24215d44c80b0f357876bd762,960097,0,4,0,perfect_information,36.328521439927144,0.30583905225313585,118.78313502573529,0.9750004803872906,0.9500009476994415,0.24999900000006844,0.5000009862366815,0.0,2.3646862246096134e-11,1100.0,226.16616044220174,231.66862486808822,226.16616044220174,optimal,0.8808640311472118,0.5818368005566299,f60,confirmation
hourly_seed_960097,4f2185c13eb88993a0dcab629591a32516fb64d24215d44c80b0f357876bd762,960097,0,8,0,perfect_information,36.328521439927144,0.30583905225313585,118.78313502573529,0.9687506053872907,0.9500009476994415,0.24999900000000055,0.5000009862366815,0.0,0.0,1100.0,226.16616044220174,231.66862486808822,226.16616044220174,optimal,0.44205999560654163,0.5428176731802523,f60,confirmation
hourly_seed_960099,5f0a08e4fe2c8467078a7653e54cd10a5343d2b207631bcd80419642883845f4,960099,0,4,0,perfect_information,64.97977110376888,0.5470454293843188,118.78313502573529,0.9625007353800502,0.9500009707600999,0.2499990000000008,0.5000009923052819,0.0,9.094947017729282e-12,1100.0,226.16616044220174,231.66862486808822,226.16616044220174,optimal,0.6946345618925989,0.5366584649309516,f60,confirmation
hourly_seed_960099,5f0a08e4fe2c8467078a7653e54cd10a5343d2b207631bcd80419642883845f4,960099,0,8,0,perfect_information,44.27225924552052,0.37271502588249245,118.78313502573529,0.9625007312241147,0.9500009570836897,0.24999900000000014,0.5000009887062243,0.0,0.0,1100.0,226.16616044220174,231.66862486808822,226.16616044220174,optimal,0.448852906934917,0.448707917239517,f60,confirmation
