case,fraction,role,seed,artifact,scenario_hash,baseline_service_feasible,baseline_deadline_miss_rate,operating_peak_kw,flexible_gpu_count,rigid_gpu_count,total_flexible_gpu_h,scope
f05,0.05,confirmation,960000,/home/user/projects/AIDRBench/results/nature_mainline/workload_composition_v4/confirmation/f05/scenarios/single/hourly_seed_960000,a14b08271f577805d3c3f7dc02f399ebf850375fee2f7519891591f7ee876612,True,0.0,189.93589068897205,29,547,3144.96,LP_batch_permission_scenario
f05,0.05,confirmation,960001,/home/user/projects/AIDRBench/results/nature_mainline/workload_composition_v4/confirmation/f05/scenarios/single/hourly_seed_960001,ea479d0aeb8520bcc86302a283be125319226ceda82d428f85e9da5de9b25f42,True,0.0,189.93589068897205,29,547,3144.96,LP_batch_permission_scenario
f05,0.05,confirmation,960002,/home/user/projects/AIDRBench/results/nature_mainline/workload_composition_v4/confirmation/f05/scenarios/single/hourly_seed_960002,7c0d117921a4c45814d48fcd0cc91a9b873cf2a8080a8d467574ac317a3e4a42,True,0.0,189.93589068897205,29,547,3144.96,LP_batch_permission_scenario
f05,0.05,confirmation,960003,/home/user/projects/AIDRBench/results/nature_mainline/workload_composition_v4/confirmation/f05/scenarios/single/hourly_seed_960003,cc1b7b09fe51075a0e5ef6b0bdcab8e9b797c16e710aa362284cb3afc721236e,True,0.0,189.93589068897205,29,547,3144.96,LP_batch_permission_scenario
f05,0.05,confirmation,960004,/home/user/projects/AIDRBench/results/nature_mainline/workload_composition_v4/confirmation/f05/scenarios/single/hourly_seed_960004,d80be8dee4d55cded5b3801e341c90dfe45012711a7a1c944217451b70ade8ad,True,0.0,189.93589068897205,29,547,3144.96,LP_batch_permission_scenario
f05,0.05,confirmation,960005,/home/user/projects/AIDRBench/results/nature_mainline/workload_composition_v4/confirmation/f05/scenarios/single/hourly_seed_960005,0a7f97834106cb593fa5be632aa9b63bf2d1f50e39c03138a9747833416dc0c1,True,0.0,189.93589068897205,29,547,3144.96,LP_batch_permission_scenario
f05,0.05,confirmation,960006,/home/user/projects/AIDRBench/results/nature_mainline/workload_composition_v4/confirmation/f05/scenarios/single/hourly_seed_960006,ddff633f9673430404c3bdc9a9dcc5d07fa306b0584ff0e0b675a2484165ef30,True,0.0,189.93589068897205,29,547,3144.96,LP_batch_permission_scenario
f05,0.05,confirmation,960007,/home/user/projects/AIDRBench/results/nature_mainline/workload_composition_v4/confirmation/f05/scenarios/single/hourly_seed_960007,b321c4c620c83da81b039cab8113ea2603323f45d147965b402dcfa50f04d880,True,0.0,189.93589068897205,29,547,3144.96,LP_batch_permission_scenario
f05,0.05,confirmation,960008,/home/user/projects/AIDRBench/results/nature_mainline/workload_composition_v4/confirmation/f05/scenarios/single/hourly_seed_960008,ad99f6b5d44eb7ae8fe08d7d867e866153306e14ff23da349073ab5ad43b4582,True,0.0,189.93589068897205,29,547,3144.96,LP_batch_permission_scenario
f05,0.05,confirmation,960009,/home/user/projects/AIDRBench/results/nature_mainline/workload_composition_v4/confirmation/f05/scenarios/single/hourly_seed_960009,56097abbcccad18c8a9e1b67d09f089109dfbfe744043447dd52e83ac91d12f8,True,0.0,189.93589068897205,29,547,3144.96,LP_batch_permission_scenario
f05,0.05,confirmation,960010,/home/user/projects/AIDRBench/results/nature_mainline/workload_composition_v4/confirmation/f05/scenarios/single/hourly_seed_960010,d03e6543854cff8b14165fe44d33d0f7438b43b6e51daf3f1134cf7dcc8fa4f7,True,0.0,189.93589068897205,29,547,3144.96,LP_batch_permission_scenario
f05,0.05,confirmation,960011,/home/user/projects/AIDRBench/results/nature_mainline/workload_composition_v4/confirmation/f05/scenarios/single/hourly_seed_960011,32ccc4b2c72fe07a48d6a24426e22a2fca39f66595e45a5be22ddc76ffaa9ea1,True,0.0,189.93589068897205,29,547,3144.96,LP_batch_permission_scenario
f05,0.05,confirmation,960012,/home/user/projects/AIDRBench/results/nature_mainline/workload_composition_v4/confirmation/f05/scenarios/single/hourly_seed_960012,085e21315703718d27c7a0e9f80f672bf3063443e54d2ff686b38f29f6b28095,True,0.0,189.93589068897205,29,547,3144.96,LP_batch_permission_scenario
f05,0.05,confirmation,960013,/home/user/projects/AIDRBench/results/nature_mainline/workload_composition_v4/confirmation/f05/scenarios/single/hourly_seed_960013,cff9a9fa0146687f472207180c4790b8265cdcf985d24153ab13e2850e33b7e8,True,0.0,189.93589068897205,29,547,3144.96,LP_batch_permission_scenario
f05,0.05,confirmation,960014,/home/user/projects/AIDRBench/results/nature_mainline/workload_composition_v4/confirmation/f05/scenarios/single/hourly_seed_960014,b5f1432a8f9c4db42f7812bfb67ce3878a731f0d10d4f9c9c181b8ea074aa038,True,0.0,189.93589068897205,29,547,3144.96,LP_batch_permission_scenario
f05,0.05,confirmation,960015,/home/user/projects/AIDRBench/results/nature_mainline/workload_composition_v4/confirmation/f05/scenarios/single/hourly_seed_960015,71ae6a09e8d88408dd5bc0a1f82f4b09cb8ef37c000772ff3707b39a0060fc6a,True,0.0,189.93589068897205,29,547,3144.96,LP_batch_permission_scenario
f05,0.05,confirmation,960016,/home/user/projects/AIDRBench/results/nature_mainline/workload_composition_v4/confirmation/f05/scenarios/single/hourly_seed_960016,78dc4a7fbb1519bfc7d1a615db8ffc4afda645d0e26c30f2504dd492aa403cf0,True,0.0,189.93589068897205,29,547,3144.96,LP_batch_permission_scenario
f05,0.05,confirmation,960017,/home/user/projects/AIDRBench/results/nature_mainline/workload_composition_v4/confirmation/f05/scenarios/single/hourly_seed_960017,fdbd8c6d065e1b0bb63a3447e618120ec1566c64bebcbfe32c123880c0ab7a4e,True,0.0,189.93589068897205,29,547,3144.96,LP_batch_permission_scenario
f05,0.05,confirmation,960018,/home/user/projects/AIDRBench/results/nature_mainline/workload_composition_v4/confirmation/f05/scenarios/single/hourly_seed_960018,dfc6df68deb394bc8fb53d71f284034038c82c8ffb07e11fbe4d2c5d23073697,True,0.0,189.93589068897205,29,547,3144.96,LP_batch_permission_scenario
f05,0.05,confirmation,960019,/home/user/projects/AIDRBench/results/nature_mainline/workload_composition_v4/confirmation/f05/scenarios/single/hourly_seed_960019,17c3602582032a3bb92c6a9e801a05754815c4905152b6caa29955d54945a065,True,0.0,189.93589068897205,29,547,3144.96,LP_batch_permission_scenario
f05,0.05,confirmation,960020,/home/user/projects/AIDRBench/results/nature_mainline/workload_composition_v4/confirmation/f05/scenarios/single/hourly_seed_960020,3b5c16ecfb380083011d20866479d644c455a4ef9a32e9f90ef027545f6b1e24,True,0.0,189.93589068897205,29,547,3144.96,LP_batch_permission_scenario
f05,0.05,confirmation,960021,/home/user/projects/AIDRBench/results/nature_mainline/workload_composition_v4/confirmation/f05/scenarios/single/hourly_seed_960021,797f5915dba53fe765616a6f846ee9c85ef78a1b2a07cf31c5b5ac310ea90bfc,True,0.0,189.93589068897205,29,547,3144.96,LP_batch_permission_scenario
f05,0.05,confirmation,960022,/home/user/projects/AIDRBench/results/nature_mainline/workload_composition_v4/confirmation/f05/scenarios/single/hourly_seed_960022,d09967ef67a5a9d9370a29cfece169811c024cd4f19b2430fc3f75f6ab17c6e0,True,0.0,189.93589068897205,29,547,3144.96,LP_batch_permission_scenario
f05,0.05,confirmation,960023,/home/user/projects/AIDRBench/results/nature_mainline/workload_composition_v4/confirmation/f05/scenarios/single/hourly_seed_960023,1d5e64f6d91571d02a4cbbab26e4bf2dd9548ee43e1c5937d0a4f6ad143bdffc,True,0.0,189.93589068897205,29,547,3144.96,LP_batch_permission_scenario
f05,0.05,confirmation,960024,/home/user/projects/AIDRBench/results/nature_mainline/workload_composition_v4/confirmation/f05/scenarios/single/hourly_seed_960024,f3e0b65dfcc0af9c7b1f14ded480b9bb4f5368855a0c017e600830868fa231d2,True,0.0,189.93589068897205,29,547,3144.96,LP_batch_permission_scenario
f05,0.05,confirmation,960025,/home/user/projects/AIDRBench/results/nature_mainline/workload_composition_v4/confirmation/f05/scenarios/single/hourly_seed_960025,b90b152a3efe01764e0bada590c2661142272fbb374e83e38580281ccec4efb6,True,0.0,189.93589068897205,29,547,3144.96,LP_batch_permission_scenario
f05,0.05,confirmation,960026,/home/user/projects/AIDRBench/results/nature_mainline/workload_composition_v4/confirmation/f05/scenarios/single/hourly_seed_960026,9a8b179bcb0d9542140ff28e67411054f542210598f621860ff101875cb1d0f1,True,0.0,189.93589068897205,29,547,3144.96,LP_batch_permission_scenario
f05,0.05,confirmation,960027,/home/user/projects/AIDRBench/results/nature_mainline/workload_composition_v4/confirmation/f05/scenarios/single/hourly_seed_960027,f91e791d7bfaef3957c0163a29d0c9afd69fec1742794285ab6652fed4256f40,True,0.0,189.93589068897205,29,547,3144.96,LP_batch_permission_scenario
f05,0.05,confirmation,960028,/home/user/projects/AIDRBench/results/nature_mainline/workload_composition_v4/confirmation/f05/scenarios/single/hourly_seed_960028,50ded5edfc83624644690adc9643ce03aeeffd1c4074dd7b1d358de46be91a6d,True,0.0,189.93589068897205,29,547,3144.96,LP_batch_permission_scenario
f05,0.05,confirmation,960029,/home/user/projects/AIDRBench/results/nature_mainline/workload_composition_v4/confirmation/f05/scenarios/single/hourly_seed_960029,ec8e30c2e09e4429232acaac5ca9657060c31fe769976c33c2d4d0ae51e1db73,True,0.0,189.93589068897205,29,547,3144.96,LP_batch_permission_scenario
f05,0.05,confirmation,960030,/home/user/projects/AIDRBench/results/nature_mainline/workload_composition_v4/confirmation/f05/scenarios/single/hourly_seed_960030,c6b830dbe9f5e179b404197b9aa8125025604f741aa2d68fae7e4672d734642a,True,0.0,189.93589068897205,29,547,3144.96,LP_batch_permission_scenario
f05,0.05,confirmation,960031,/home/user/projects/AIDRBench/results/nature_mainline/workload_composition_v4/confirmation/f05/scenarios/single/hourly_seed_960031,5cab5a322e9b5228957ae322138958b3ed518a8ac5ab75aa3528703ac998bf77,True,0.0,189.93589068897205,29,547,3144.96,LP_batch_permission_scenario
f05,0.05,confirmation,960032,/home/user/projects/AIDRBench/results/nature_mainline/workload_composition_v4/confirmation/f05/scenarios/single/hourly_seed_960032,ebf9d1862d9dfb74b71374df6eaa9e99c44fe039b30a91258096688a4a125745,True,0.0,189.93589068897205,29,547,3144.96,LP_batch_permission_scenario
f05,0.05,confirmation,960033,/home/user/projects/AIDRBench/results/nature_mainline/workload_composition_v4/confirmation/f05/scenarios/single/hourly_seed_960033,8c973c3d73ffb9ba770aa39407cb7418860eaa3813c620b01428928823b38208,True,0.0,189.93589068897205,29,547,3144.96,LP_batch_permission_scenario
f05,0.05,confirmation,960034,/home/user/projects/AIDRBench/results/nature_mainline/workload_composition_v4/confirmation/f05/scenarios/single/hourly_seed_960034,2df52cfdce20162d5769cc82babd22e958b7f0971dd0b17eebda8ab7327410ec,True,0.0,189.93589068897205,29,547,3144.96,LP_batch_permission_scenario
f05,0.05,confirmation,960035,/home/user/projects/AIDRBench/results/nature_mainline/workload_composition_v4/confirmation/f05/scenarios/single/hourly_seed_960035,bf66f88d787b5aa4c96a6b612e346e70e843bf4a1cb08c6fe370b2a72280be9a,True,0.0,189.93589068897205,29,547,3144.96,LP_batch_permission_scenario
f05,0.05,confirmation,960036,/home/user/projects/AIDRBench/results/nature_mainline/workload_composition_v4/confirmation/f05/scenarios/single/hourly_seed_960036,f1ac5081fbe45443a3f6cd21f09f85bd67f82a5b2c7557455a1435b8522a093e,True,0.0,189.93589068897205,29,547,3144.96,LP_batch_permission_scenario
f05,0.05,confirmation,960037,/home/user/projects/AIDRBench/results/nature_mainline/workload_composition_v4/confirmation/f05/scenarios/single/hourly_seed_960037,1eaf9a1a39b57b520a7cc6935e2324246428d7577e615506059ec3cae578fe97,True,0.0,189.93589068897205,29,547,3144.96,LP_batch_permission_scenario
f05,0.05,confirmation,960038,/home/user/projects/AIDRBench/results/nature_mainline/workload_composition_v4/confirmation/f05/scenarios/single/hourly_seed_960038,2c0162ef68284d4c6e1773a81cf51d8d13a54ea0caa558453e54b31753cf1844,True,0.0,189.93589068897205,29,547,3144.96,LP_batch_permission_scenario
f05,0.05,confirmation,960039,/home/user/projects/AIDRBench/results/nature_mainline/workload_composition_v4/confirmation/f05/scenarios/single/hourly_seed_960039,e3d814e10e755c6d7232356ae2249b4e2630cbb48157114c38ca0ff3438c5ab1,True,0.0,189.93589068897205,29,547,3144.96,LP_batch_permission_scenario
f05,0.05,confirmation,960040,/home/user/projects/AIDRBench/results/nature_mainline/workload_composition_v4/confirmation/f05/scenarios/single/hourly_seed_960040,1d32d2287f0083c7df07320fcc2c1f904376f47df4dd256f67cceb846bbfa5ab,True,0.0,189.93589068897205,29,547,3144.96,LP_batch_permission_scenario
f05,0.05,confirmation,960041,/home/user/projects/AIDRBench/results/nature_mainline/workload_composition_v4/confirmation/f05/scenarios/single/hourly_seed_960041,4ee763015c68646477e2be6b13fed7a61bd75c3a880131e4fdb7bb2d08452a9d,True,0.0,189.93589068897205,29,547,3144.96,LP_batch_permission_scenario
f05,0.05,confirmation,960042,/home/user/projects/AIDRBench/results/nature_mainline/workload_composition_v4/confirmation/f05/scenarios/single/hourly_seed_960042,dba3f5dd0d2eb4b5d83425b90ea28f8abf545ff705aa7efdcbfa6601022213c9,True,0.0,189.93589068897205,29,547,3144.96,LP_batch_permission_scenario
f05,0.05,confirmation,960043,/home/user/projects/AIDRBench/results/nature_mainline/workload_composition_v4/confirmation/f05/scenarios/single/hourly_seed_960043,5b03afae9ac14eb237aae6b5fb5b9b1e4fea17558f3769db0d5ac13c650c9086,True,0.0,189.93589068897205,29,547,3144.96,LP_batch_permission_scenario
f05,0.05,confirmation,960044,/home/user/projects/AIDRBench/results/nature_mainline/workload_composition_v4/confirmation/f05/scenarios/single/hourly_seed_960044,005d596ef41b87850ec37b88028acdbbd5eadfe58ca302e01da3731de756a1e4,True,0.0,189.93589068897205,29,547,3144.96,LP_batch_permission_scenario
f05,0.05,confirmation,960045,/home/user/projects/AIDRBench/results/nature_mainline/workload_composition_v4/confirmation/f05/scenarios/single/hourly_seed_960045,d3c7cd1c790004d86a1ba1f1cb7710daee74a5d068f0725674138e1f8598cbd1,True,0.0,189.93589068897205,29,547,3144.96,LP_batch_permission_scenario
f05,0.05,confirmation,960046,/home/user/projects/AIDRBench/results/nature_mainline/workload_composition_v4/confirmation/f05/scenarios/single/hourly_seed_960046,e28de864e0c7a4141cd250b065995ffa6d0781ca5ff1aa00616664f7caa67633,True,0.0,189.93589068897205,29,547,3144.96,LP_batch_permission_scenario
f05,0.05,confirmation,960047,/home/user/projects/AIDRBench/results/nature_mainline/workload_composition_v4/confirmation/f05/scenarios/single/hourly_seed_960047,f318f46861a1c0162a152233520c130223a918a184d4e730afd9ab343a8d2427,True,0.0,189.93589068897205,29,547,3144.96,LP_batch_permission_scenario
f05,0.05,confirmation,960048,/home/user/projects/AIDRBench/results/nature_mainline/workload_composition_v4/confirmation/f05/scenarios/single/hourly_seed_960048,daac713dbacff90298986521e8e3c137e09d6b5a3468da32852e68cb44791b69,True,0.0,189.93589068897205,29,547,3144.96,LP_batch_permission_scenario
f05,0.05,confirmation,960049,/home/user/projects/AIDRBench/results/nature_mainline/workload_composition_v4/confirmation/f05/scenarios/single/hourly_seed_960049,7372c2c50c27991fa717626ddbd540976f45fbd165fdb8f2981ae1ad7f5f0323,True,0.0,189.93589068897205,29,547,3144.96,LP_batch_permission_scenario
f05,0.05,confirmation,960050,/home/user/projects/AIDRBench/results/nature_mainline/workload_composition_v4/confirmation/f05/scenarios/single/hourly_seed_960050,3f5903520379cc74d43a8d763ae9efd02760c8e105f614bf07518802d4861d3a,True,0.0,189.93589068897205,29,547,3144.96,LP_batch_permission_scenario
f05,0.05,confirmation,960051,/home/user/projects/AIDRBench/results/nature_mainline/workload_composition_v4/confirmation/f05/scenarios/single/hourly_seed_960051,09c27c43671e351d913cedd75f3ace9cfe28ad9bfc8d1f20ae781595549ecd21,True,0.0,189.93589068897205,29,547,3144.96,LP_batch_permission_scenario
f05,0.05,confirmation,960052,/home/user/projects/AIDRBench/results/nature_mainline/workload_composition_v4/confirmation/f05/scenarios/single/hourly_seed_960052,17a1f4bb9e24de067e7a16fb251fec44ec5bdcf9a49c672ac75d4f27745b19fa,True,0.0,189.93589068897205,29,547,3144.96,LP_batch_permission_scenario
f05,0.05,confirmation,960053,/home/user/projects/AIDRBench/results/nature_mainline/workload_composition_v4/confirmation/f05/scenarios/single/hourly_seed_960053,3ef14ca82d41ddad9e7ca4b722674f1d8980af1f2ac24a3011dfea2017142a72,True,0.0,189.93589068897205,29,547,3144.96,LP_batch_permission_scenario
f05,0.05,confirmation,960054,/home/user/projects/AIDRBench/results/nature_mainline/workload_composition_v4/confirmation/f05/scenarios/single/hourly_seed_960054,298eeeb864ad3f00579ffd16f459067d0c079584f21d962ed4aa26535b034c02,True,0.0,189.93589068897205,29,547,3144.96,LP_batch_permission_scenario
f05,0.05,confirmation,960055,/home/user/projects/AIDRBench/results/nature_mainline/workload_composition_v4/confirmation/f05/scenarios/single/hourly_seed_960055,7d7e5eafa3fb2b7180ff2e1a12b8e7ec51a729ca6d983f0d5410e10c73542eca,True,0.0,189.93589068897205,29,547,3144.96,LP_batch_permission_scenario
f05,0.05,confirmation,960056,/home/user/projects/AIDRBench/results/nature_mainline/workload_composition_v4/confirmation/f05/scenarios/single/hourly_seed_960056,2409c4a2663a5724755397909a60132990524243b620297e58720f17f3a394b8,True,0.0,189.93589068897205,29,547,3144.96,LP_batch_permission_scenario
f05,0.05,confirmation,960057,/home/user/projects/AIDRBench/results/nature_mainline/workload_composition_v4/confirmation/f05/scenarios/single/hourly_seed_960057,5f0aa14b421918ab44293e34432183b5664a20cb86c427650176f3a96fed6edb,True,0.0,189.93589068897205,29,547,3144.96,LP_batch_permission_scenario
f05,0.05,confirmation,960058,/home/user/projects/AIDRBench/results/nature_mainline/workload_composition_v4/confirmation/f05/scenarios/single/hourly_seed_960058,82128d945414bc5856c02c5380038c364fafb3987ed43a930f93b9514476f901,True,0.0,189.93589068897205,29,547,3144.96,LP_batch_permission_scenario
f05,0.05,confirmation,960059,/home/user/projects/AIDRBench/results/nature_mainline/workload_composition_v4/confirmation/f05/scenarios/single/hourly_seed_960059,36089e26348189858d58e0a1cf081193362289d05462e75013775fa71030401f,True,0.0,189.93589068897205,29,547,3144.96,LP_batch_permission_scenario
f05,0.05,confirmation,960060,/home/user/projects/AIDRBench/results/nature_mainline/workload_composition_v4/confirmation/f05/scenarios/single/hourly_seed_960060,71973da35ec7ab3d4d2a20ab348396c4ed8b7fd5f1f7ce943f92225db5ccc089,True,0.0,189.93589068897205,29,547,3144.96,LP_batch_permission_scenario
f05,0.05,confirmation,960061,/home/user/projects/AIDRBench/results/nature_mainline/workload_composition_v4/confirmation/f05/scenarios/single/hourly_seed_960061,a2e32563ac21a0594bc91f762ba489348228f6c764f358bab129945ea9b51f66,True,0.0,189.93589068897205,29,547,3144.96,LP_batch_permission_scenario
f05,0.05,confirmation,960062,/home/user/projects/AIDRBench/results/nature_mainline/workload_composition_v4/confirmation/f05/scenarios/single/hourly_seed_960062,4b549084fde8459228ef99d52d5084a35daa34c7551164a01af876421a5b12f9,True,0.0,189.93589068897205,29,547,3144.96,LP_batch_permission_scenario
f05,0.05,confirmation,960063,/home/user/projects/AIDRBench/results/nature_mainline/workload_composition_v4/confirmation/f05/scenarios/single/hourly_seed_960063,56fb9a96dcec9fd161abfd39cf4c453503f612cd6d32407f6dd1af442bc23ccf,True,0.0,189.93589068897205,29,547,3144.96,LP_batch_permission_scenario
f05,0.05,confirmation,960064,/home/user/projects/AIDRBench/results/nature_mainline/workload_composition_v4/confirmation/f05/scenarios/single/hourly_seed_960064,0b489b13b42e7f72e6774584f38918f1ca6965ec7ab66d42eda36e8277d64a5b,True,0.0,189.93589068897205,29,547,3144.96,LP_batch_permission_scenario
f05,0.05,confirmation,960065,/home/user/projects/AIDRBench/results/nature_mainline/workload_composition_v4/confirmation/f05/scenarios/single/hourly_seed_960065,40b9f14be6a3940c12bc890086531af0903572c8c10d29c4dfb12c1c9fca9f3c,True,0.0,189.93589068897205,29,547,3144.96,LP_batch_permission_scenario
f05,0.05,confirmation,960066,/home/user/projects/AIDRBench/results/nature_mainline/workload_composition_v4/confirmation/f05/scenarios/single/hourly_seed_960066,5c87a9a9ff778320f292fbd21660f06aa730147642bd18d2bf2051340349ea34,True,0.0,189.93589068897205,29,547,3144.96,LP_batch_permission_scenario
f05,0.05,confirmation,960067,/home/user/projects/AIDRBench/results/nature_mainline/workload_composition_v4/confirmation/f05/scenarios/single/hourly_seed_960067,601711e4fe3a2c8b5c0d94baa149ea3d9f2ad81a022197ed446793328fdb10fd,True,0.0,189.93589068897205,29,547,3144.96,LP_batch_permission_scenario
f05,0.05,confirmation,960068,/home/user/projects/AIDRBench/results/nature_mainline/workload_composition_v4/confirmation/f05/scenarios/single/hourly_seed_960068,1401a99a445744ac765fbb13a4e8901d8ab1aabcbf2ddd96d05d2e6adc31a3a0,True,0.0,189.93589068897205,29,547,3144.96,LP_batch_permission_scenario
f05,0.05,confirmation,960069,/home/user/projects/AIDRBench/results/nature_mainline/workload_composition_v4/confirmation/f05/scenarios/single/hourly_seed_960069,1262acd79531bfaea0cd614a75f8b5a7b4eee0a37cf14b7a3ccf96160da035af,True,0.0,189.93589068897205,29,547,3144.96,LP_batch_permission_scenario
f05,0.05,confirmation,960070,/home/user/projects/AIDRBench/results/nature_mainline/workload_composition_v4/confirmation/f05/scenarios/single/hourly_seed_960070,dbb093dce3423b37b67ee5b4b167213b3a16a007ddcc3e0018551e3dc45b80e2,True,0.0,189.93589068897205,29,547,3144.96,LP_batch_permission_scenario
f05,0.05,confirmation,960071,/home/user/projects/AIDRBench/results/nature_mainline/workload_composition_v4/confirmation/f05/scenarios/single/hourly_seed_960071,eeb9513f87f44ef1d6da8a2747b3ae59fade573313d38015da0e52c830513e2e,True,0.0,189.93589068897205,29,547,3144.96,LP_batch_permission_scenario
f05,0.05,confirmation,960072,/home/user/projects/AIDRBench/results/nature_mainline/workload_composition_v4/confirmation/f05/scenarios/single/hourly_seed_960072,12ea97ecf400905bddbaa07c677473b738bc5ec9ba2e4a6a0c04193982d60229,True,0.0,189.93589068897205,29,547,3144.96,LP_batch_permission_scenario
f05,0.05,confirmation,960073,/home/user/projects/AIDRBench/results/nature_mainline/workload_composition_v4/confirmation/f05/scenarios/single/hourly_seed_960073,adaa9d89abb47a975dc0fed2aa1f5b439016a3a50633e077a47566e4322d98d5,True,0.0,189.93589068897205,29,547,3144.96,LP_batch_permission_scenario
f05,0.05,confirmation,960074,/home/user/projects/AIDRBench/results/nature_mainline/workload_composition_v4/confirmation/f05/scenarios/single/hourly_seed_960074,fa591adb8d404fcd9d5d64fc8c392db43c5236866aeafdc45bedde6de5e24f42,True,0.0,189.93589068897205,29,547,3144.96,LP_batch_permission_scenario
f05,0.05,confirmation,960075,/home/user/projects/AIDRBench/results/nature_mainline/workload_composition_v4/confirmation/f05/scenarios/single/hourly_seed_960075,417e4332b50c07327e7674c7bcf275ab69adadf9c9b8b2a8833775a631bee9ee,True,0.0,189.93589068897205,29,547,3144.96,LP_batch_permission_scenario
f05,0.05,confirmation,960076,/home/user/projects/AIDRBench/results/nature_mainline/workload_composition_v4/confirmation/f05/scenarios/single/hourly_seed_960076,4eaf9cff4b6a4d002da7cfa5e51aa5f5567bfa7f0749400ba9f425eee32ed625,True,0.0,189.93589068897205,29,547,3144.96,LP_batch_permission_scenario
f05,0.05,confirmation,960077,/home/user/projects/AIDRBench/results/nature_mainline/workload_composition_v4/confirmation/f05/scenarios/single/hourly_seed_960077,d65c28e0bc4881e569154dd99a485f28e0370ecc357431fb9231b98654126f4d,True,0.0,189.93589068897205,29,547,3144.96,LP_batch_permission_scenario
f05,0.05,confirmation,960078,/home/user/projects/AIDRBench/results/nature_mainline/workload_composition_v4/confirmation/f05/scenarios/single/hourly_seed_960078,067ecce1e0453f92385c47d8c780b7a25a460b7a9adc46c1fd6e755e52f9a672,True,0.0,189.93589068897205,29,547,3144.96,LP_batch_permission_scenario
f05,0.05,confirmation,960079,/home/user/projects/AIDRBench/results/nature_mainline/workload_composition_v4/confirmation/f05/scenarios/single/hourly_seed_960079,518071cb84877ef21c44e0c4abe5795281bb405e714e4921aa963c39e2330a30,True,0.0,189.93589068897205,29,547,3144.96,LP_batch_permission_scenario
f05,0.05,confirmation,960080,/home/user/projects/AIDRBench/results/nature_mainline/workload_composition_v4/confirmation/f05/scenarios/single/hourly_seed_960080,e367eb3aaaf6e2d773c919a8f929c6c8ac6163fbd362172f0ae2f8fa4a55585b,True,0.0,189.93589068897205,29,547,3144.96,LP_batch_permission_scenario
f05,0.05,confirmation,960081,/home/user/projects/AIDRBench/results/nature_mainline/workload_composition_v4/confirmation/f05/scenarios/single/hourly_seed_960081,f8f8c5109452a09130b621d6e4171f2887dd6b56b8db9ed83ace7571480506c8,True,0.0,189.93589068897205,29,547,3144.96,LP_batch_permission_scenario
f05,0.05,confirmation,960082,/home/user/projects/AIDRBench/results/nature_mainline/workload_composition_v4/confirmation/f05/scenarios/single/hourly_seed_960082,f8149a5949c7cabede7953f90d0badbb67d2042729e886fd07cad0b073c22ee9,True,0.0,189.93589068897205,29,547,3144.96,LP_batch_permission_scenario
f05,0.05,confirmation,960083,/home/user/projects/AIDRBench/results/nature_mainline/workload_composition_v4/confirmation/f05/scenarios/single/hourly_seed_960083,f009856d307e3c7a0f85f979f0a74eb60029c3b836906072f6f559a478da88cd,True,0.0,189.93589068897205,29,547,3144.96,LP_batch_permission_scenario
f05,0.05,confirmation,960084,/home/user/projects/AIDRBench/results/nature_mainline/workload_composition_v4/confirmation/f05/scenarios/single/hourly_seed_960084,7c5c43df5856350358d828ca8c8a14f33f9e5f0f45dc72829559b1d523933124,True,0.0,189.93589068897205,29,547,3144.96,LP_batch_permission_scenario
f05,0.05,confirmation,960085,/home/user/projects/AIDRBench/results/nature_mainline/workload_composition_v4/confirmation/f05/scenarios/single/hourly_seed_960085,0b5b7d51fb01311976a1d6d55297d2c49dbd3e86dfdad5df6321d50e5bb1fdd8,True,0.0,189.93589068897205,29,547,3144.96,LP_batch_permission_scenario
f05,0.05,confirmation,960086,/home/user/projects/AIDRBench/results/nature_mainline/workload_composition_v4/confirmation/f05/scenarios/single/hourly_seed_960086,cae140b027955cd367f335d47cee455ec383253caddc0d777ed9cf56c859ae99,True,0.0,189.93589068897205,29,547,3144.96,LP_batch_permission_scenario
f05,0.05,confirmation,960087,/home/user/projects/AIDRBench/results/nature_mainline/workload_composition_v4/confirmation/f05/scenarios/single/hourly_seed_960087,56197cd16c6ca21178f91b46b666ce04b903c1a6283b18223980f37d9d0888aa,True,0.0,189.93589068897205,29,547,3144.96,LP_batch_permission_scenario
f05,0.05,confirmation,960088,/home/user/projects/AIDRBench/results/nature_mainline/workload_composition_v4/confirmation/f05/scenarios/single/hourly_seed_960088,97fdf3796f9281fa0be29f5d60bf8117bd6e773b5345d5aa1df4dc6da0c088fa,True,0.0,189.93589068897205,29,547,3144.96,LP_batch_permission_scenario
f05,0.05,confirmation,960089,/home/user/projects/AIDRBench/results/nature_mainline/workload_composition_v4/confirmation/f05/scenarios/single/hourly_seed_960089,9eb8d2b61308abec1824b0a38ea822b43181f2630975c0ca072295bad93f61da,True,0.0,189.93589068897205,29,547,3144.96,LP_batch_permission_scenario
f05,0.05,confirmation,960090,/home/user/projects/AIDRBench/results/nature_mainline/workload_composition_v4/confirmation/f05/scenarios/single/hourly_seed_960090,1760bcdf46705db19e6944a8b49c7b8aafc29d612b5189c98f7cb3b6816989a6,True,0.0,189.93589068897205,29,547,3144.96,LP_batch_permission_scenario
f05,0.05,confirmation,960091,/home/user/projects/AIDRBench/results/nature_mainline/workload_composition_v4/confirmation/f05/scenarios/single/hourly_seed_960091,864b1b729c46a88fd86c46f70bdf064286e2adc1930027f5bd44f5199c0ab0f2,True,0.0,189.93589068897205,29,547,3144.96,LP_batch_permission_scenario
f05,0.05,confirmation,960092,/home/user/projects/AIDRBench/results/nature_mainline/workload_composition_v4/confirmation/f05/scenarios/single/hourly_seed_960092,3dcd5bb59e75c84e7667badf06361ae7830496eaea64d101ab7966903f8ed7b7,True,0.0,189.93589068897205,29,547,3144.96,LP_batch_permission_scenario
f05,0.05,confirmation,960093,/home/user/projects/AIDRBench/results/nature_mainline/workload_composition_v4/confirmation/f05/scenarios/single/hourly_seed_960093,69c50e11d2c1bd0a25679abfe59f07a84ea5e9ef43e5be2a79a12e6bcbf566cc,True,0.0,189.93589068897205,29,547,3144.96,LP_batch_permission_scenario
f05,0.05,confirmation,960094,/home/user/projects/AIDRBench/results/nature_mainline/workload_composition_v4/confirmation/f05/scenarios/single/hourly_seed_960094,befa3186d2c684aa0356c0012b635fb80906e2551743fd7153b6c682412dbf2d,True,0.0,189.93589068897205,29,547,3144.96,LP_batch_permission_scenario
f05,0.05,confirmation,960095,/home/user/projects/AIDRBench/results/nature_mainline/workload_composition_v4/confirmation/f05/scenarios/single/hourly_seed_960095,5ad6215fa5d7f0c8577c8ee8b8a322e53cb15c4acfac35b99982922bb6f0b0c9,True,0.0,189.93589068897205,29,547,3144.96,LP_batch_permission_scenario
f05,0.05,confirmation,960096,/home/user/projects/AIDRBench/results/nature_mainline/workload_composition_v4/confirmation/f05/scenarios/single/hourly_seed_960096,f401ae804210235365eead1f13c9d59fb283efd8e3971d84029ad5dc8e842440,True,0.0,189.93589068897205,29,547,3144.96,LP_batch_permission_scenario
f05,0.05,confirmation,960097,/home/user/projects/AIDRBench/results/nature_mainline/workload_composition_v4/confirmation/f05/scenarios/single/hourly_seed_960097,ff369b9bc472b09d29bcad19eac907e1c807d27132c28ad63da65baa157226ad,True,0.0,189.93589068897205,29,547,3144.96,LP_batch_permission_scenario
f05,0.05,confirmation,960098,/home/user/projects/AIDRBench/results/nature_mainline/workload_composition_v4/confirmation/f05/scenarios/single/hourly_seed_960098,67f41010e6da1c486580daae1aa912b0f9affcc4d4930b4693bc294fb8ecb16f,True,0.0,189.93589068897205,29,547,3144.96,LP_batch_permission_scenario
f05,0.05,confirmation,960099,/home/user/projects/AIDRBench/results/nature_mainline/workload_composition_v4/confirmation/f05/scenarios/single/hourly_seed_960099,334fefb01fee140767c0ef179a854f7ffb6c372bb0af72491af980f21d13cf9c,True,0.0,189.93589068897205,29,547,3144.96,LP_batch_permission_scenario
f05,0.05,confirmation,960100,/home/user/projects/AIDRBench/results/nature_mainline/workload_composition_v4/confirmation/f05/scenarios/single/hourly_seed_960100,db8ce57ee8ef13c2f17508b5276423cd7e390e7d5133d564187cd4f4596f08df,True,0.0,189.93589068897205,29,547,3144.96,LP_batch_permission_scenario
f05,0.05,confirmation,960101,/home/user/projects/AIDRBench/results/nature_mainline/workload_composition_v4/confirmation/f05/scenarios/single/hourly_seed_960101,284bbb360b5f99f81b2901a7bcdf511a53e867acf8a855c156c1e3fc125d44d8,True,0.0,189.93589068897205,29,547,3144.96,LP_batch_permission_scenario
f05,0.05,confirmation,960102,/home/user/projects/AIDRBench/results/nature_mainline/workload_composition_v4/confirmation/f05/scenarios/single/hourly_seed_960102,26cfb50e9cc97e27c9e4c9d03dfa28914d923e2871609de33b6288ed8f78b98f,True,0.0,189.93589068897205,29,547,3144.96,LP_batch_permission_scenario
f05,0.05,confirmation,960103,/home/user/projects/AIDRBench/results/nature_mainline/workload_composition_v4/confirmation/f05/scenarios/single/hourly_seed_960103,4632f88c74d85fad7e40cde72ce5df14ddb628920377e550102a95eceb03fa1f,True,0.0,189.93589068897205,29,547,3144.96,LP_batch_permission_scenario
f05,0.05,confirmation,960104,/home/user/projects/AIDRBench/results/nature_mainline/workload_composition_v4/confirmation/f05/scenarios/single/hourly_seed_960104,553781aefb4b6796fa440b785b3ac8bdaa22f36c53a144dbc7b1532ecbaa65af,True,0.0,189.93589068897205,29,547,3144.96,LP_batch_permission_scenario
f05,0.05,confirmation,960105,/home/user/projects/AIDRBench/results/nature_mainline/workload_composition_v4/confirmation/f05/scenarios/single/hourly_seed_960105,73cfac3b2f86f021c3f08ff0cad7475f396622bb61bb35599057cbadd1003d41,True,0.0,189.93589068897205,29,547,3144.96,LP_batch_permission_scenario
f05,0.05,confirmation,960106,/home/user/projects/AIDRBench/results/nature_mainline/workload_composition_v4/confirmation/f05/scenarios/single/hourly_seed_960106,e7190e71a5088c59afd13d686e630c7c1a27571073809b6b57cf5b0dfbaac4d2,True,0.0,189.93589068897205,29,547,3144.96,LP_batch_permission_scenario
f05,0.05,confirmation,960107,/home/user/projects/AIDRBench/results/nature_mainline/workload_composition_v4/confirmation/f05/scenarios/single/hourly_seed_960107,5ca7dd531bde98a61654d3f722ecd6d6e7dc279023ad3c4f2be1cc08d125fdba,True,0.0,189.93589068897205,29,547,3144.96,LP_batch_permission_scenario
f05,0.05,confirmation,960108,/home/user/projects/AIDRBench/results/nature_mainline/workload_composition_v4/confirmation/f05/scenarios/single/hourly_seed_960108,5d270c6f2ad00a2c8befc114c86f87c2d398c3130ebfce3a905733cf527d3cc7,True,0.0,189.93589068897205,29,547,3144.96,LP_batch_permission_scenario
f05,0.05,confirmation,960109,/home/user/projects/AIDRBench/results/nature_mainline/workload_composition_v4/confirmation/f05/scenarios/single/hourly_seed_960109,140e28aeaa436597373b75ec2180681e4ef5d231a25634f0ee8e6d23e15eb5ed,True,0.0,189.93589068897205,29,547,3144.96,LP_batch_permission_scenario
f05,0.05,confirmation,960110,/home/user/projects/AIDRBench/results/nature_mainline/workload_composition_v4/confirmation/f05/scenarios/single/hourly_seed_960110,8738b173c00c65b8dc9696810b874e6e3268e5e2d4133ace9f3212c73d4289b8,True,0.0,189.93589068897205,29,547,3144.96,LP_batch_permission_scenario
f05,0.05,confirmation,960111,/home/user/projects/AIDRBench/results/nature_mainline/workload_composition_v4/confirmation/f05/scenarios/single/hourly_seed_960111,89b233625db1537f34db12d1ad13014968989346ab322fe0089fc30f51b52fc9,True,0.0,189.93589068897205,29,547,3144.96,LP_batch_permission_scenario
f05,0.05,confirmation,960112,/home/user/projects/AIDRBench/results/nature_mainline/workload_composition_v4/confirmation/f05/scenarios/single/hourly_seed_960112,013b2eb721b9c10b96f8ee6e96eeb42108ad2f51064d716312b15e961396acff,True,0.0,189.93589068897205,29,547,3144.96,LP_batch_permission_scenario
f05,0.05,confirmation,960113,/home/user/projects/AIDRBench/results/nature_mainline/workload_composition_v4/confirmation/f05/scenarios/single/hourly_seed_960113,b9180a309d6561f9a8e022a28b8886bd6408c63d828cdd1d293395fb34e68bc9,True,0.0,189.93589068897205,29,547,3144.96,LP_batch_permission_scenario
f05,0.05,confirmation,960114,/home/user/projects/AIDRBench/results/nature_mainline/workload_composition_v4/confirmation/f05/scenarios/single/hourly_seed_960114,35a885b90e2a13c8ac23f69b9e74716b0bb706a057d28f082237c9c2033d05a1,True,0.0,189.93589068897205,29,547,3144.96,LP_batch_permission_scenario
f05,0.05,confirmation,960115,/home/user/projects/AIDRBench/results/nature_mainline/workload_composition_v4/confirmation/f05/scenarios/single/hourly_seed_960115,293d65b126dc362e71c3f113749b31d0a7d0d9acf84ec1de5d8f000f630ecc82,True,0.0,189.93589068897205,29,547,3144.96,LP_batch_permission_scenario
f05,0.05,confirmation,960116,/home/user/projects/AIDRBench/results/nature_mainline/workload_composition_v4/confirmation/f05/scenarios/single/hourly_seed_960116,1a564fab97dc887b4c600fa7845b1e8c9346751a788d965d29ec859c6d6f0a1a,True,0.0,189.93589068897205,29,547,3144.96,LP_batch_permission_scenario
f05,0.05,confirmation,960117,/home/user/projects/AIDRBench/results/nature_mainline/workload_composition_v4/confirmation/f05/scenarios/single/hourly_seed_960117,c8b714195ccea57d2ef35bb52ab53b9a367227c23381087d471ae16cf1a5b2df,True,0.0,189.93589068897205,29,547,3144.96,LP_batch_permission_scenario
f05,0.05,confirmation,960118,/home/user/projects/AIDRBench/results/nature_mainline/workload_composition_v4/confirmation/f05/scenarios/single/hourly_seed_960118,f836885e77f36734dee49dac4ec8f9facd3b286a98336c5ec64113250988e102,True,0.0,189.93589068897205,29,547,3144.96,LP_batch_permission_scenario
f05,0.05,confirmation,960119,/home/user/projects/AIDRBench/results/nature_mainline/workload_composition_v4/confirmation/f05/scenarios/single/hourly_seed_960119,ed7b0aa937646d2ad044171b8ac3afad64cc6062bfeef793c5249f651cdaa60e,True,0.0,189.93589068897205,29,547,3144.96,LP_batch_permission_scenario
f05,0.05,confirmation,960120,/home/user/projects/AIDRBench/results/nature_mainline/workload_composition_v4/confirmation/f05/scenarios/single/hourly_seed_960120,ffce7fa911ef52a615725335f2c367b570dbda9c3541092443aa80f901874548,True,0.0,189.93589068897205,29,547,3144.96,LP_batch_permission_scenario
f05,0.05,confirmation,960121,/home/user/projects/AIDRBench/results/nature_mainline/workload_composition_v4/confirmation/f05/scenarios/single/hourly_seed_960121,7f6a8390958ab15f3e71a168bc0e531b9356f7511ee026569a4fd0239365c79f,True,0.0,189.93589068897205,29,547,3144.96,LP_batch_permission_scenario
f05,0.05,confirmation,960122,/home/user/projects/AIDRBench/results/nature_mainline/workload_composition_v4/confirmation/f05/scenarios/single/hourly_seed_960122,4dc3609caa363f48570344e62fbdab4bf34ff5bb4da1081837b8585338699a83,True,0.0,189.93589068897205,29,547,3144.96,LP_batch_permission_scenario
f05,0.05,confirmation,960123,/home/user/projects/AIDRBench/results/nature_mainline/workload_composition_v4/confirmation/f05/scenarios/single/hourly_seed_960123,c21d5cff7fece6f8cec9cb8720ca2c000a0f4c5d331b3dbf623986a753d7ec0b,True,0.0,189.93589068897205,29,547,3144.96,LP_batch_permission_scenario
f05,0.05,confirmation,960124,/home/user/projects/AIDRBench/results/nature_mainline/workload_composition_v4/confirmation/f05/scenarios/single/hourly_seed_960124,2307f36bf782ea4c93b67ecc248fceb432d819a38def3580060c980625515433,True,0.0,189.93589068897205,29,547,3144.96,LP_batch_permission_scenario
f05,0.05,confirmation,960125,/home/user/projects/AIDRBench/results/nature_mainline/workload_composition_v4/confirmation/f05/scenarios/single/hourly_seed_960125,07c8db82c9209750119e8cea09b43f9be95970dbe281027bf60af6120da85c62,True,0.0,189.93589068897205,29,547,3144.96,LP_batch_permission_scenario
f05,0.05,confirmation,960126,/home/user/projects/AIDRBench/results/nature_mainline/workload_composition_v4/confirmation/f05/scenarios/single/hourly_seed_960126,ac7bf2ebf83a76e58ef56c6bf9f7961e3a4838cebe25692c1031aec20ba21d76,True,0.0,189.93589068897205,29,547,3144.96,LP_batch_permission_scenario
f05,0.05,confirmation,960127,/home/user/projects/AIDRBench/results/nature_mainline/workload_composition_v4/confirmation/f05/scenarios/single/hourly_seed_960127,83ae85096a18ef9b57bd4cdc336c377c83781b24b6b6d4b28b575ba401f7353f,True,0.0,189.93589068897205,29,547,3144.96,LP_batch_permission_scenario
f05,0.05,confirmation,960128,/home/user/projects/AIDRBench/results/nature_mainline/workload_composition_v4/confirmation/f05/scenarios/single/hourly_seed_960128,16e05e584dd0b7748815d3be9ac5a00530563c8d3eba04d575f414f577793aca,True,0.0,189.93589068897205,29,547,3144.96,LP_batch_permission_scenario
f05,0.05,confirmation,960129,/home/user/projects/AIDRBench/results/nature_mainline/workload_composition_v4/confirmation/f05/scenarios/single/hourly_seed_960129,b76ecad1e1929afc0221cccc6e7b79e3e16b2361a4f92ae70a6487cfbdcb4c92,True,0.0,189.93589068897205,29,547,3144.96,LP_batch_permission_scenario
f05,0.05,confirmation,960130,/home/user/projects/AIDRBench/results/nature_mainline/workload_composition_v4/confirmation/f05/scenarios/single/hourly_seed_960130,c4360269d2aecb084f7140bc01539f77ff68bc4a94abe23e09662d5dc929d590,True,0.0,189.93589068897205,29,547,3144.96,LP_batch_permission_scenario
f05,0.05,confirmation,960131,/home/user/projects/AIDRBench/results/nature_mainline/workload_composition_v4/confirmation/f05/scenarios/single/hourly_seed_960131,4000aa620082c441cddb1e7bda08bb9a28f03e1ec09a6a9c366597a89c5877e2,True,0.0,189.93589068897205,29,547,3144.96,LP_batch_permission_scenario
f05,0.05,confirmation,960132,/home/user/projects/AIDRBench/results/nature_mainline/workload_composition_v4/confirmation/f05/scenarios/single/hourly_seed_960132,c001434be16be5429d1d8b9ed5e44c2a4570746b7c895115ab91c951c0e2be54,True,0.0,189.93589068897205,29,547,3144.96,LP_batch_permission_scenario
f05,0.05,confirmation,960133,/home/user/projects/AIDRBench/results/nature_mainline/workload_composition_v4/confirmation/f05/scenarios/single/hourly_seed_960133,983b509bfa34802aae72428151a6ae10fb6feaaddf02673d492d93079bb8b7a3,True,0.0,189.93589068897205,29,547,3144.96,LP_batch_permission_scenario
f05,0.05,confirmation,960134,/home/user/projects/AIDRBench/results/nature_mainline/workload_composition_v4/confirmation/f05/scenarios/single/hourly_seed_960134,f84372125b116e399a3b3a24c3c984546916ec177c222cbc79e935fd3b3c1cc8,True,0.0,189.93589068897205,29,547,3144.96,LP_batch_permission_scenario
f05,0.05,confirmation,960135,/home/user/projects/AIDRBench/results/nature_mainline/workload_composition_v4/confirmation/f05/scenarios/single/hourly_seed_960135,c41a87f32a1b973d7e2b331080b7a58444bb68c25c68356acf3bb1e5afc0ae69,True,0.0,189.93589068897205,29,547,3144.96,LP_batch_permission_scenario
f05,0.05,confirmation,960136,/home/user/projects/AIDRBench/results/nature_mainline/workload_composition_v4/confirmation/f05/scenarios/single/hourly_seed_960136,b3b39683143636396537bec707143aef329ad366df8d01c6c5ddced7fbf57e07,True,0.0,189.93589068897205,29,547,3144.96,LP_batch_permission_scenario
f05,0.05,confirmation,960137,/home/user/projects/AIDRBench/results/nature_mainline/workload_composition_v4/confirmation/f05/scenarios/single/hourly_seed_960137,fc691bd80022ed44ae0e6a98fd29b44a7c1067dec5d90fcd4f697573450f4821,True,0.0,189.93589068897205,29,547,3144.96,LP_batch_permission_scenario
f05,0.05,confirmation,960138,/home/user/projects/AIDRBench/results/nature_mainline/workload_composition_v4/confirmation/f05/scenarios/single/hourly_seed_960138,2523db194971459960fdbcc71172d79b0da014660055a6015cb58e121bcd7b21,True,0.0,189.93589068897205,29,547,3144.96,LP_batch_permission_scenario
f05,0.05,confirmation,960139,/home/user/projects/AIDRBench/results/nature_mainline/workload_composition_v4/confirmation/f05/scenarios/single/hourly_seed_960139,f6065303d05501acbbda559cd128248b5974bef509a6b156898794daeba54176,True,0.0,189.93589068897205,29,547,3144.96,LP_batch_permission_scenario
f05,0.05,confirmation,960140,/home/user/projects/AIDRBench/results/nature_mainline/workload_composition_v4/confirmation/f05/scenarios/single/hourly_seed_960140,03376f58eef94dabc663ccb4b79134105c440185623fae6f8c7b8e52e90327c2,True,0.0,189.93589068897205,29,547,3144.96,LP_batch_permission_scenario
f05,0.05,confirmation,960141,/home/user/projects/AIDRBench/results/nature_mainline/workload_composition_v4/confirmation/f05/scenarios/single/hourly_seed_960141,b513ea26fcf045142079063590d1a9070f8c57e7e32038208e9a63337b88b068,True,0.0,189.93589068897205,29,547,3144.96,LP_batch_permission_scenario
f05,0.05,confirmation,960142,/home/user/projects/AIDRBench/results/nature_mainline/workload_composition_v4/confirmation/f05/scenarios/single/hourly_seed_960142,13e3d08bce27d4367d5dffc63f8ac80844ec3c2196c3719244d2cb9d39b4f910,True,0.0,189.93589068897205,29,547,3144.96,LP_batch_permission_scenario
f05,0.05,confirmation,960143,/home/user/projects/AIDRBench/results/nature_mainline/workload_composition_v4/confirmation/f05/scenarios/single/hourly_seed_960143,6aba7836d577af12fb3b307341c4d162bc223984ef44612716b9e555a2509c82,True,0.0,189.93589068897205,29,547,3144.96,LP_batch_permission_scenario
f05,0.05,confirmation,960144,/home/user/projects/AIDRBench/results/nature_mainline/workload_composition_v4/confirmation/f05/scenarios/single/hourly_seed_960144,f077a810a60904788f43a91496be3d928938a655dac41495fa305e9f51e32768,True,0.0,189.93589068897205,29,547,3144.96,LP_batch_permission_scenario
f05,0.05,confirmation,960145,/home/user/projects/AIDRBench/results/nature_mainline/workload_composition_v4/confirmation/f05/scenarios/single/hourly_seed_960145,24724825c20aeeb4400225dd7075a7aba1e1b4ed2a1585b63ca5e8819092279e,True,0.0,189.93589068897205,29,547,3144.96,LP_batch_permission_scenario
f05,0.05,confirmation,960146,/home/user/projects/AIDRBench/results/nature_mainline/workload_composition_v4/confirmation/f05/scenarios/single/hourly_seed_960146,bd9ce38678c027382af35fadbb38cfa8ff7541620223d8d5c586f1f3355b8d16,True,0.0,189.93589068897205,29,547,3144.96,LP_batch_permission_scenario
f05,0.05,confirmation,960147,/home/user/projects/AIDRBench/results/nature_mainline/workload_composition_v4/confirmation/f05/scenarios/single/hourly_seed_960147,fa456f96f39b7f86111c1ddd7d2ad6af7441f78d7ff37c9f940eca6bb0b92f6b,True,0.0,189.93589068897205,29,547,3144.96,LP_batch_permission_scenario
f05,0.05,confirmation,960148,/home/user/projects/AIDRBench/results/nature_mainline/workload_composition_v4/confirmation/f05/scenarios/single/hourly_seed_960148,f55cdc8b7ec4d973c8b3f6983cf9f790154e8d09d250c722fd32ea5ee3eeea33,True,0.0,189.93589068897205,29,547,3144.96,LP_batch_permission_scenario
f05,0.05,confirmation,960149,/home/user/projects/AIDRBench/results/nature_mainline/workload_composition_v4/confirmation/f05/scenarios/single/hourly_seed_960149,2ac0d6c415b83c674938f5e94b2bad80662889069eb1946fb80d2ee63041175e,True,0.0,189.93589068897205,29,547,3144.96,LP_batch_permission_scenario
f05,0.05,confirmation,960150,/home/user/projects/AIDRBench/results/nature_mainline/workload_composition_v4/confirmation/f05/scenarios/single/hourly_seed_960150,6c5bba61583648659d07d0984e0f848236533eab2d28de5c3fd6fa2ecb7ad299,True,0.0,189.93589068897205,29,547,3144.96,LP_batch_permission_scenario
f05,0.05,confirmation,960151,/home/user/projects/AIDRBench/results/nature_mainline/workload_composition_v4/confirmation/f05/scenarios/single/hourly_seed_960151,1cb6bf40b1a4d4066971c7ace5d6c5c9d8f4d28b175274e7ea91170172ccc094,True,0.0,189.93589068897205,29,547,3144.96,LP_batch_permission_scenario
f05,0.05,confirmation,960152,/home/user/projects/AIDRBench/results/nature_mainline/workload_composition_v4/confirmation/f05/scenarios/single/hourly_seed_960152,61079651a756a15aa7cfc4520d78c4665c985190cd5ba7ba1853a6a0ac560cb1,True,0.0,189.93589068897205,29,547,3144.96,LP_batch_permission_scenario
f05,0.05,confirmation,960153,/home/user/projects/AIDRBench/results/nature_mainline/workload_composition_v4/confirmation/f05/scenarios/single/hourly_seed_960153,c58b936118484ed1b939f81437fce37f5e35e7d6a790b626f943eb77961cd488,True,0.0,189.93589068897205,29,547,3144.96,LP_batch_permission_scenario
f05,0.05,confirmation,960154,/home/user/projects/AIDRBench/results/nature_mainline/workload_composition_v4/confirmation/f05/scenarios/single/hourly_seed_960154,493e130518f6f0d6ee1faf05ab6b342dee6a94951ac9f97712461920f354c822,True,0.0,189.93589068897205,29,547,3144.96,LP_batch_permission_scenario
f05,0.05,confirmation,960155,/home/user/projects/AIDRBench/results/nature_mainline/workload_composition_v4/confirmation/f05/scenarios/single/hourly_seed_960155,6a913f29ed9dae5817abaf12aa20726e10955ab34b62b745bd6ea0e1c48709ed,True,0.0,189.93589068897205,29,547,3144.96,LP_batch_permission_scenario
f05,0.05,confirmation,960156,/home/user/projects/AIDRBench/results/nature_mainline/workload_composition_v4/confirmation/f05/scenarios/single/hourly_seed_960156,db07133870d5d9484dff791f741e1f4a0e34caa9049ea61df96102af247c036b,True,0.0,189.93589068897205,29,547,3144.96,LP_batch_permission_scenario
f05,0.05,confirmation,960157,/home/user/projects/AIDRBench/results/nature_mainline/workload_composition_v4/confirmation/f05/scenarios/single/hourly_seed_960157,a3f668182269cb5972b8851a74ed459b79c5c629f701ccfc79187c2f72648e94,True,0.0,189.93589068897205,29,547,3144.96,LP_batch_permission_scenario
f05,0.05,confirmation,960158,/home/user/projects/AIDRBench/results/nature_mainline/workload_composition_v4/confirmation/f05/scenarios/single/hourly_seed_960158,54cff5e56d60c7c110c1289b3baa0677ea2bb677459b9a91a2fee9969dc9a513,True,0.0,189.93589068897205,29,547,3144.96,LP_batch_permission_scenario
f05,0.05,confirmation,960159,/home/user/projects/AIDRBench/results/nature_mainline/workload_composition_v4/confirmation/f05/scenarios/single/hourly_seed_960159,4f28dccd64a75bfc90f8f6f277c82eb6081123fad83e95a7c50390e029d4a31f,True,0.0,189.93589068897205,29,547,3144.96,LP_batch_permission_scenario
f05,0.05,confirmation,960160,/home/user/projects/AIDRBench/results/nature_mainline/workload_composition_v4/confirmation/f05/scenarios/single/hourly_seed_960160,6598711ca862d93385061979f240388c68fa15dcf823eca1553f4cc96f73e2ed,True,0.0,189.93589068897205,29,547,3144.96,LP_batch_permission_scenario
f05,0.05,confirmation,960161,/home/user/projects/AIDRBench/results/nature_mainline/workload_composition_v4/confirmation/f05/scenarios/single/hourly_seed_960161,da58629e3d1513700882478a95a833238b82bdc75515addc848154a52304cf5e,True,0.0,189.93589068897205,29,547,3144.96,LP_batch_permission_scenario
f05,0.05,confirmation,960162,/home/user/projects/AIDRBench/results/nature_mainline/workload_composition_v4/confirmation/f05/scenarios/single/hourly_seed_960162,7822fc33487ee92cd3353c5f180495208a838875cc6ba94355cfb07fb8592d72,True,0.0,189.93589068897205,29,547,3144.96,LP_batch_permission_scenario
f05,0.05,confirmation,960163,/home/user/projects/AIDRBench/results/nature_mainline/workload_composition_v4/confirmation/f05/scenarios/single/hourly_seed_960163,c95c9de31d67b9bcd795b8b2a644b2b132dd676a418610d228120332202f34fb,True,0.0,189.93589068897205,29,547,3144.96,LP_batch_permission_scenario
f05,0.05,confirmation,960164,/home/user/projects/AIDRBench/results/nature_mainline/workload_composition_v4/confirmation/f05/scenarios/single/hourly_seed_960164,00511baa74f1f46a1a8a4fa8e57ff052a550c248c04937d3965e1b9c7bf0b551,True,0.0,189.93589068897205,29,547,3144.96,LP_batch_permission_scenario
f05,0.05,confirmation,960165,/home/user/projects/AIDRBench/results/nature_mainline/workload_composition_v4/confirmation/f05/scenarios/single/hourly_seed_960165,c85c2fb68af02c6065d0b2e134bce3a4f51d4b4dbe1550b14b5f9244e7eb17d4,True,0.0,189.93589068897205,29,547,3144.96,LP_batch_permission_scenario
f05,0.05,confirmation,960166,/home/user/projects/AIDRBench/results/nature_mainline/workload_composition_v4/confirmation/f05/scenarios/single/hourly_seed_960166,a2663b58138e814fd3b71a8c1e6d30a5d57c2fb2f70a751ce52196a0b6fb7022,True,0.0,189.93589068897205,29,547,3144.96,LP_batch_permission_scenario
f05,0.05,confirmation,960167,/home/user/projects/AIDRBench/results/nature_mainline/workload_composition_v4/confirmation/f05/scenarios/single/hourly_seed_960167,6f7406dcb23bb03aadaa9516e53983e5e6937faf1c900314f5875ab61b984f6d,True,0.0,189.93589068897205,29,547,3144.96,LP_batch_permission_scenario
f05,0.05,confirmation,960168,/home/user/projects/AIDRBench/results/nature_mainline/workload_composition_v4/confirmation/f05/scenarios/single/hourly_seed_960168,74c157a3383cdb74e13d90ea8e28e7a5a30b8d230928cefa3f45bbc5e5753fb0,True,0.0,189.93589068897205,29,547,3144.96,LP_batch_permission_scenario
f05,0.05,confirmation,960169,/home/user/projects/AIDRBench/results/nature_mainline/workload_composition_v4/confirmation/f05/scenarios/single/hourly_seed_960169,840870230a31e22f496b061fdf7f0fdb3c9709392a0dcfc36999992f4dc78006,True,0.0,189.93589068897205,29,547,3144.96,LP_batch_permission_scenario
f05,0.05,confirmation,960170,/home/user/projects/AIDRBench/results/nature_mainline/workload_composition_v4/confirmation/f05/scenarios/single/hourly_seed_960170,dda159b76715d4c492cabd3570d572e66f2c334ede0b9ec607231e3956e3c5c3,True,0.0,189.93589068897205,29,547,3144.96,LP_batch_permission_scenario
f05,0.05,confirmation,960171,/home/user/projects/AIDRBench/results/nature_mainline/workload_composition_v4/confirmation/f05/scenarios/single/hourly_seed_960171,37eb2587fa1c1bca827bb09bb29d2eb05c7240de64432421d98fa0f44a01f526,True,0.0,189.93589068897205,29,547,3144.96,LP_batch_permission_scenario
f05,0.05,confirmation,960172,/home/user/projects/AIDRBench/results/nature_mainline/workload_composition_v4/confirmation/f05/scenarios/single/hourly_seed_960172,27989556d083f4d82614702ced069d2e777d71fe7bce0b5b742b462d90cf8b28,True,0.0,189.93589068897205,29,547,3144.96,LP_batch_permission_scenario
f05,0.05,confirmation,960173,/home/user/projects/AIDRBench/results/nature_mainline/workload_composition_v4/confirmation/f05/scenarios/single/hourly_seed_960173,ca8136e4d015202e036d89860f6a3fed3f219a9aa2c820be1170bd591e27ca87,True,0.0,189.93589068897205,29,547,3144.96,LP_batch_permission_scenario
f05,0.05,confirmation,960174,/home/user/projects/AIDRBench/results/nature_mainline/workload_composition_v4/confirmation/f05/scenarios/single/hourly_seed_960174,65722c217ccacc268680acd3fda939a5733f25fc0cd15177bdd821ec03f9374d,True,0.0,189.93589068897205,29,547,3144.96,LP_batch_permission_scenario
f05,0.05,confirmation,960175,/home/user/projects/AIDRBench/results/nature_mainline/workload_composition_v4/confirmation/f05/scenarios/single/hourly_seed_960175,36168f07bad2ac445a0285adad73a6ba4b70c46dc89e42ec42d3d7ba84c6a309,True,0.0,189.93589068897205,29,547,3144.96,LP_batch_permission_scenario
f05,0.05,confirmation,960176,/home/user/projects/AIDRBench/results/nature_mainline/workload_composition_v4/confirmation/f05/scenarios/single/hourly_seed_960176,4f529f12faadf054793b7c4096e2d13bce387a9827d0bb7ef4aae6e9ec97509c,True,0.0,189.93589068897205,29,547,3144.96,LP_batch_permission_scenario
f05,0.05,confirmation,960177,/home/user/projects/AIDRBench/results/nature_mainline/workload_composition_v4/confirmation/f05/scenarios/single/hourly_seed_960177,09d085fad98b96cb822388a52471131ff3de509d5bb2a0d2ea2367e04bf1e688,True,0.0,189.93589068897205,29,547,3144.96,LP_batch_permission_scenario
f05,0.05,confirmation,960178,/home/user/projects/AIDRBench/results/nature_mainline/workload_composition_v4/confirmation/f05/scenarios/single/hourly_seed_960178,80a8603f4165124aba97e03bb87c9bf1709831bead0dbcc94accc0904103b785,True,0.0,189.93589068897205,29,547,3144.96,LP_batch_permission_scenario
f05,0.05,confirmation,960179,/home/user/projects/AIDRBench/results/nature_mainline/workload_composition_v4/confirmation/f05/scenarios/single/hourly_seed_960179,8cc107772fd47258a40711958a88bf8fbe3f364d60182739b1a4384bd2985718,True,0.0,189.93589068897205,29,547,3144.96,LP_batch_permission_scenario
f05,0.05,confirmation,960180,/home/user/projects/AIDRBench/results/nature_mainline/workload_composition_v4/confirmation/f05/scenarios/single/hourly_seed_960180,cf71a76eea76c03cbb60f9f4d17d9814c47f07e7bd53f94fe5ba0d125c330caa,True,0.0,189.93589068897205,29,547,3144.96,LP_batch_permission_scenario
f05,0.05,confirmation,960181,/home/user/projects/AIDRBench/results/nature_mainline/workload_composition_v4/confirmation/f05/scenarios/single/hourly_seed_960181,e6ddcaf707725dd0f3211c5bbbba4e4fc5f512f1ea84b05fb5da803387e02950,True,0.0,189.93589068897205,29,547,3144.96,LP_batch_permission_scenario
f05,0.05,confirmation,960182,/home/user/projects/AIDRBench/results/nature_mainline/workload_composition_v4/confirmation/f05/scenarios/single/hourly_seed_960182,1e03082f1a8e4df7c12d62dcb0cb92aab0e946a7f1dab1de71b5da6fd6b19c07,True,0.0,189.93589068897205,29,547,3144.96,LP_batch_permission_scenario
f05,0.05,confirmation,960183,/home/user/projects/AIDRBench/results/nature_mainline/workload_composition_v4/confirmation/f05/scenarios/single/hourly_seed_960183,e1dd8f9aa3e2ebaf1d3b6993fd180b9f5db1aa4ffd742a0cf9af4702d73f6f5d,True,0.0,189.93589068897205,29,547,3144.96,LP_batch_permission_scenario
f05,0.05,confirmation,960184,/home/user/projects/AIDRBench/results/nature_mainline/workload_composition_v4/confirmation/f05/scenarios/single/hourly_seed_960184,9640b4e9702ec82d4aaad29ef657792f9498b63dcd963cbef2150728fd375b42,True,0.0,189.93589068897205,29,547,3144.96,LP_batch_permission_scenario
f05,0.05,confirmation,960185,/home/user/projects/AIDRBench/results/nature_mainline/workload_composition_v4/confirmation/f05/scenarios/single/hourly_seed_960185,5384df43639454f6cecc357445cc2905b3546e488d759763353591ae2d84d896,True,0.0,189.93589068897205,29,547,3144.96,LP_batch_permission_scenario
f05,0.05,confirmation,960186,/home/user/projects/AIDRBench/results/nature_mainline/workload_composition_v4/confirmation/f05/scenarios/single/hourly_seed_960186,e81e1030c28c0f35d1a67717084abb0d124ae5324c00f0fa48c19a7f69f242a9,True,0.0,189.93589068897205,29,547,3144.96,LP_batch_permission_scenario
f05,0.05,confirmation,960187,/home/user/projects/AIDRBench/results/nature_mainline/workload_composition_v4/confirmation/f05/scenarios/single/hourly_seed_960187,6e9ebc894078e62d7442d01e6a196b8e05cab0fd3d13e9854141d0910fb562c5,True,0.0,189.93589068897205,29,547,3144.96,LP_batch_permission_scenario
f05,0.05,confirmation,960188,/home/user/projects/AIDRBench/results/nature_mainline/workload_composition_v4/confirmation/f05/scenarios/single/hourly_seed_960188,72113581d779167674f79c57e8e8bb0b6c760acf97b48e7379ebc55d2616da66,True,0.0,189.93589068897205,29,547,3144.96,LP_batch_permission_scenario
f05,0.05,confirmation,960189,/home/user/projects/AIDRBench/results/nature_mainline/workload_composition_v4/confirmation/f05/scenarios/single/hourly_seed_960189,bd236b19bd3ed4b70bb1965494f60ac22d8e472053d4f0ef5d0958fb8e6a0c79,True,0.0,189.93589068897205,29,547,3144.96,LP_batch_permission_scenario
f05,0.05,confirmation,960190,/home/user/projects/AIDRBench/results/nature_mainline/workload_composition_v4/confirmation/f05/scenarios/single/hourly_seed_960190,590d386e21fb4c1fd6e9cb20239deeeb34963b05feb37679c01e019de92acd38,True,0.0,189.93589068897205,29,547,3144.96,LP_batch_permission_scenario
f05,0.05,confirmation,960191,/home/user/projects/AIDRBench/results/nature_mainline/workload_composition_v4/confirmation/f05/scenarios/single/hourly_seed_960191,402a2100ac22a7a43470cd22d780cec945c6a89e3e79a0e792e507cd5f6ae912,True,0.0,189.93589068897205,29,547,3144.96,LP_batch_permission_scenario
f05,0.05,confirmation,960192,/home/user/projects/AIDRBench/results/nature_mainline/workload_composition_v4/confirmation/f05/scenarios/single/hourly_seed_960192,9c7348585d26651535eb36db81a40e10e8f48a3e614207e645dc6578abf315b1,True,0.0,189.93589068897205,29,547,3144.96,LP_batch_permission_scenario
f05,0.05,confirmation,960193,/home/user/projects/AIDRBench/results/nature_mainline/workload_composition_v4/confirmation/f05/scenarios/single/hourly_seed_960193,209c670770e9316c1234e775ae7c285b06e1197528e9e9779ec6302ed905bb43,True,0.0,189.93589068897205,29,547,3144.96,LP_batch_permission_scenario
f05,0.05,confirmation,960194,/home/user/projects/AIDRBench/results/nature_mainline/workload_composition_v4/confirmation/f05/scenarios/single/hourly_seed_960194,16d42f70d5a4a1260cc82a38ed4d6d23f7a9c073c1e15b7984d032d8519aede1,True,0.0,189.93589068897205,29,547,3144.96,LP_batch_permission_scenario
f05,0.05,confirmation,960195,/home/user/projects/AIDRBench/results/nature_mainline/workload_composition_v4/confirmation/f05/scenarios/single/hourly_seed_960195,e78721f9e89d8aaa0661cb484a6e9eff657a80071c29cddf5dbc4123fb8b2731,True,0.0,189.93589068897205,29,547,3144.96,LP_batch_permission_scenario
f05,0.05,confirmation,960196,/home/user/projects/AIDRBench/results/nature_mainline/workload_composition_v4/confirmation/f05/scenarios/single/hourly_seed_960196,9e29a3df2c38e255df84ff0587ef0ff553d90387636c07b29af6b8106aeb7709,True,0.0,189.93589068897205,29,547,3144.96,LP_batch_permission_scenario
f05,0.05,confirmation,960197,/home/user/projects/AIDRBench/results/nature_mainline/workload_composition_v4/confirmation/f05/scenarios/single/hourly_seed_960197,e90176db38f07153024141314f5397faf673c2b5ea27f13979d71f5addf644c2,True,0.0,189.93589068897205,29,547,3144.96,LP_batch_permission_scenario
f05,0.05,confirmation,960198,/home/user/projects/AIDRBench/results/nature_mainline/workload_composition_v4/confirmation/f05/scenarios/single/hourly_seed_960198,29e6d4a737a14a4c90f0dc68fab5ae0fc35d1c4a9f46a7741347a4f6712ce136,True,0.0,189.93589068897205,29,547,3144.96,LP_batch_permission_scenario
f05,0.05,confirmation,960199,/home/user/projects/AIDRBench/results/nature_mainline/workload_composition_v4/confirmation/f05/scenarios/single/hourly_seed_960199,11713a9b709ffb2fdb47bef5053482afa92439f2714d228fdbc04ad99764a7dd,True,0.0,189.93589068897205,29,547,3144.96,LP_batch_permission_scenario
f05,0.05,confirmation,960200,/home/user/projects/AIDRBench/results/nature_mainline/workload_composition_v4/confirmation/f05/scenarios/single/hourly_seed_960200,5ada5f5dc49136d31a2088dfffbcc2f0a32cabfea5243f3b38027eac375a8fab,True,0.0,189.93589068897205,29,547,3144.96,LP_batch_permission_scenario
f05,0.05,confirmation,960201,/home/user/projects/AIDRBench/results/nature_mainline/workload_composition_v4/confirmation/f05/scenarios/single/hourly_seed_960201,8d6ed86912d85fadb7213b7e47dcfa4c704234e988443bd48ad4d19c0631de25,True,0.0,189.93589068897205,29,547,3144.96,LP_batch_permission_scenario
f05,0.05,confirmation,960202,/home/user/projects/AIDRBench/results/nature_mainline/workload_composition_v4/confirmation/f05/scenarios/single/hourly_seed_960202,0b7e3bf323a8f43ba355b8a60a11acf0a7f364962d226e9cebf892723efe922b,True,0.0,189.93589068897205,29,547,3144.96,LP_batch_permission_scenario
f05,0.05,confirmation,960203,/home/user/projects/AIDRBench/results/nature_mainline/workload_composition_v4/confirmation/f05/scenarios/single/hourly_seed_960203,6bd50ef0db2940bd7691af3b48a597837bdf0a8361f607e6549a78263f093ad0,True,0.0,189.93589068897205,29,547,3144.96,LP_batch_permission_scenario
f05,0.05,confirmation,960204,/home/user/projects/AIDRBench/results/nature_mainline/workload_composition_v4/confirmation/f05/scenarios/single/hourly_seed_960204,f51b0ed4ff3f563e4075613c2af8789bbed2dc1cf3ac0df179fe50a27a02090d,True,0.0,189.93589068897205,29,547,3144.96,LP_batch_permission_scenario
f05,0.05,confirmation,960205,/home/user/projects/AIDRBench/results/nature_mainline/workload_composition_v4/confirmation/f05/scenarios/single/hourly_seed_960205,01d9ba1fe2c816e03ceeb242d1bdb760e9346be15ba206c00923ea4e691b832d,True,0.0,189.93589068897205,29,547,3144.96,LP_batch_permission_scenario
f05,0.05,confirmation,960206,/home/user/projects/AIDRBench/results/nature_mainline/workload_composition_v4/confirmation/f05/scenarios/single/hourly_seed_960206,4e17abaf6adb01939f3421dbfb40aafe16f5d353fa2e68ce62227b781a13fbc3,True,0.0,189.93589068897205,29,547,3144.96,LP_batch_permission_scenario
f05,0.05,confirmation,960207,/home/user/projects/AIDRBench/results/nature_mainline/workload_composition_v4/confirmation/f05/scenarios/single/hourly_seed_960207,5e23e51cf194ed5064935b54adc758b8f5f3e99f13482bb0eb99cfb410e891f4,True,0.0,189.93589068897205,29,547,3144.96,LP_batch_permission_scenario
f05,0.05,confirmation,960208,/home/user/projects/AIDRBench/results/nature_mainline/workload_composition_v4/confirmation/f05/scenarios/single/hourly_seed_960208,dc8d45450fbf673364d0f2e09f2795ac8cf6572df3e0a1d1d5273e2e74a9ad42,True,0.0,189.93589068897205,29,547,3144.96,LP_batch_permission_scenario
f05,0.05,confirmation,960209,/home/user/projects/AIDRBench/results/nature_mainline/workload_composition_v4/confirmation/f05/scenarios/single/hourly_seed_960209,f4d955ea711b44df6c0d86d2fb3ea37a9c294702624a818058ceeefd5b4ace2c,True,0.0,189.93589068897205,29,547,3144.96,LP_batch_permission_scenario
f05,0.05,confirmation,960210,/home/user/projects/AIDRBench/results/nature_mainline/workload_composition_v4/confirmation/f05/scenarios/single/hourly_seed_960210,f7604cb39e900462998c383612e389e7e7d94ceb56588df312f6a98ab9f790f3,True,0.0,189.93589068897205,29,547,3144.96,LP_batch_permission_scenario
f05,0.05,confirmation,960211,/home/user/projects/AIDRBench/results/nature_mainline/workload_composition_v4/confirmation/f05/scenarios/single/hourly_seed_960211,819403de85425be27aae64221822811c198cc311c255171e16701114ca116ab5,True,0.0,189.93589068897205,29,547,3144.96,LP_batch_permission_scenario
f05,0.05,confirmation,960212,/home/user/projects/AIDRBench/results/nature_mainline/workload_composition_v4/confirmation/f05/scenarios/single/hourly_seed_960212,b57bb37c4ee703344b98ba86031cf6c09c81a71a6d5b133fb8f23ad70cbbe883,True,0.0,189.93589068897205,29,547,3144.96,LP_batch_permission_scenario
f05,0.05,confirmation,960213,/home/user/projects/AIDRBench/results/nature_mainline/workload_composition_v4/confirmation/f05/scenarios/single/hourly_seed_960213,135fb475b0f4adcf98758c46742e62424f0e56f392cdceb2472be36c82d38fbe,True,0.0,189.93589068897205,29,547,3144.96,LP_batch_permission_scenario
f05,0.05,confirmation,960214,/home/user/projects/AIDRBench/results/nature_mainline/workload_composition_v4/confirmation/f05/scenarios/single/hourly_seed_960214,592694c21ad02275f6eecadbb02f9dc2a6d23091536eab90f424a388ae9f4e4a,True,0.0,189.93589068897205,29,547,3144.96,LP_batch_permission_scenario
f05,0.05,confirmation,960215,/home/user/projects/AIDRBench/results/nature_mainline/workload_composition_v4/confirmation/f05/scenarios/single/hourly_seed_960215,9b815b9596a2dc02d934e787a420f9ee92f240bf6e0636fa462849d20d720914,True,0.0,189.93589068897205,29,547,3144.96,LP_batch_permission_scenario
f05,0.05,confirmation,960216,/home/user/projects/AIDRBench/results/nature_mainline/workload_composition_v4/confirmation/f05/scenarios/single/hourly_seed_960216,3aab137fbd91ed3fb6b03e79120b00278f5e413afe14ac3667ac9ecd6be62217,True,0.0,189.93589068897205,29,547,3144.96,LP_batch_permission_scenario
f05,0.05,confirmation,960217,/home/user/projects/AIDRBench/results/nature_mainline/workload_composition_v4/confirmation/f05/scenarios/single/hourly_seed_960217,da87f7b600fbe58ae3ad815911a1293e929fdb6655603528037ce46ebdbc7bae,True,0.0,189.93589068897205,29,547,3144.96,LP_batch_permission_scenario
f05,0.05,confirmation,960218,/home/user/projects/AIDRBench/results/nature_mainline/workload_composition_v4/confirmation/f05/scenarios/single/hourly_seed_960218,e1237310697093f8fa22348c6e5a3221216b09f55b7357b6c18900f2861b2adb,True,0.0,189.93589068897205,29,547,3144.96,LP_batch_permission_scenario
f05,0.05,confirmation,960219,/home/user/projects/AIDRBench/results/nature_mainline/workload_composition_v4/confirmation/f05/scenarios/single/hourly_seed_960219,8606c8381f5838aa2147d42c309ec876e5cfee6603d5b889bfd2e1651739dfba,True,0.0,189.93589068897205,29,547,3144.96,LP_batch_permission_scenario
f05,0.05,confirmation,960220,/home/user/projects/AIDRBench/results/nature_mainline/workload_composition_v4/confirmation/f05/scenarios/single/hourly_seed_960220,e6c6f0778db1ec7616549d52f566f3ed6e0426b752d02a1b6c51ecb430073315,True,0.0,189.93589068897205,29,547,3144.96,LP_batch_permission_scenario
f05,0.05,confirmation,960221,/home/user/projects/AIDRBench/results/nature_mainline/workload_composition_v4/confirmation/f05/scenarios/single/hourly_seed_960221,d5e3707ca6e6bc3252154d172f7dbce89cd0571fed997d3ab32ffcec0e9d801c,True,0.0,189.93589068897205,29,547,3144.96,LP_batch_permission_scenario
f05,0.05,confirmation,960222,/home/user/projects/AIDRBench/results/nature_mainline/workload_composition_v4/confirmation/f05/scenarios/single/hourly_seed_960222,8c5d160279a24605e6b89267a56168dd8b1f7ee5193b15ead18697346641403e,True,0.0,189.93589068897205,29,547,3144.96,LP_batch_permission_scenario
f05,0.05,confirmation,960223,/home/user/projects/AIDRBench/results/nature_mainline/workload_composition_v4/confirmation/f05/scenarios/single/hourly_seed_960223,3a264b3605a538c38425bb12d4134b6a941540fb9d96d5cc9a3dcf15c2a8dca1,True,0.0,189.93589068897205,29,547,3144.96,LP_batch_permission_scenario
f05,0.05,confirmation,960224,/home/user/projects/AIDRBench/results/nature_mainline/workload_composition_v4/confirmation/f05/scenarios/single/hourly_seed_960224,901f48c190c15c22df9f8c3a1c1cb2bc80ddba1f6a553ce47153ac7d1756a0f8,True,0.0,189.93589068897205,29,547,3144.96,LP_batch_permission_scenario
f05,0.05,confirmation,960225,/home/user/projects/AIDRBench/results/nature_mainline/workload_composition_v4/confirmation/f05/scenarios/single/hourly_seed_960225,d3cfba8b95e8e71b66900b4050416904720a3624788d0995dcecef758683fe8a,True,0.0,189.93589068897205,29,547,3144.96,LP_batch_permission_scenario
f05,0.05,confirmation,960226,/home/user/projects/AIDRBench/results/nature_mainline/workload_composition_v4/confirmation/f05/scenarios/single/hourly_seed_960226,1a9eef6c8fbe111b877822d66520025421f602e17dece043e320faf2cf91966a,True,0.0,189.93589068897205,29,547,3144.96,LP_batch_permission_scenario
f05,0.05,confirmation,960227,/home/user/projects/AIDRBench/results/nature_mainline/workload_composition_v4/confirmation/f05/scenarios/single/hourly_seed_960227,4c642776284fce9a6eb63714185bf1f25d022801d8452c1b91dcea04f2a996e9,True,0.0,189.93589068897205,29,547,3144.96,LP_batch_permission_scenario
f05,0.05,confirmation,960228,/home/user/projects/AIDRBench/results/nature_mainline/workload_composition_v4/confirmation/f05/scenarios/single/hourly_seed_960228,716844ca8ec8e492c89d8100e8fa16868b268a56ef6bbcdde67e5c8b1911287b,True,0.0,189.93589068897205,29,547,3144.96,LP_batch_permission_scenario
f05,0.05,confirmation,960229,/home/user/projects/AIDRBench/results/nature_mainline/workload_composition_v4/confirmation/f05/scenarios/single/hourly_seed_960229,a9093146ce554602aef0aeb42e736c1afee9da01532037e28a59a479184f69e4,True,0.0,189.93589068897205,29,547,3144.96,LP_batch_permission_scenario
f05,0.05,confirmation,960230,/home/user/projects/AIDRBench/results/nature_mainline/workload_composition_v4/confirmation/f05/scenarios/single/hourly_seed_960230,ede3487f2ecc17b577ded3a40cce35d1749ff04945425ded4e7e0725d95d156c,True,0.0,189.93589068897205,29,547,3144.96,LP_batch_permission_scenario
f05,0.05,confirmation,960231,/home/user/projects/AIDRBench/results/nature_mainline/workload_composition_v4/confirmation/f05/scenarios/single/hourly_seed_960231,733c7e0e134e07c3404cf03777d8e73575094b7663fbeb54e207bc34847090e8,True,0.0,189.93589068897205,29,547,3144.96,LP_batch_permission_scenario
f05,0.05,confirmation,960232,/home/user/projects/AIDRBench/results/nature_mainline/workload_composition_v4/confirmation/f05/scenarios/single/hourly_seed_960232,5b042b648464739d793c0368b2f327f8a8864420b42256c112171e779af7fa89,True,0.0,189.93589068897205,29,547,3144.96,LP_batch_permission_scenario
f05,0.05,confirmation,960233,/home/user/projects/AIDRBench/results/nature_mainline/workload_composition_v4/confirmation/f05/scenarios/single/hourly_seed_960233,50c6fff43f11a32b7394b47867e7d6c1be1e46879e463cc0e3b379e5ea964d84,True,0.0,189.93589068897205,29,547,3144.96,LP_batch_permission_scenario
f05,0.05,confirmation,960234,/home/user/projects/AIDRBench/results/nature_mainline/workload_composition_v4/confirmation/f05/scenarios/single/hourly_seed_960234,80f50463d39b3ba760e9dde766d6db2b657a339cc5a0f60de3c6c5202e5ba2d1,True,0.0,189.93589068897205,29,547,3144.96,LP_batch_permission_scenario
f05,0.05,confirmation,960235,/home/user/projects/AIDRBench/results/nature_mainline/workload_composition_v4/confirmation/f05/scenarios/single/hourly_seed_960235,6a7822894a8556a565d39000662d8ba6aa3bd70a5339061593c2f9fc25d24d9c,True,0.0,189.93589068897205,29,547,3144.96,LP_batch_permission_scenario
f05,0.05,confirmation,960236,/home/user/projects/AIDRBench/results/nature_mainline/workload_composition_v4/confirmation/f05/scenarios/single/hourly_seed_960236,b7409e8ed0e75e93940614956f10923723564b63844116d0076200a1834cc320,True,0.0,189.93589068897205,29,547,3144.96,LP_batch_permission_scenario
f05,0.05,confirmation,960237,/home/user/projects/AIDRBench/results/nature_mainline/workload_composition_v4/confirmation/f05/scenarios/single/hourly_seed_960237,80ee9ef36e11710163abf2a83f8f0d32009ef580dab994f13622ffc9d5123e1a,True,0.0,189.93589068897205,29,547,3144.96,LP_batch_permission_scenario
f05,0.05,confirmation,960238,/home/user/projects/AIDRBench/results/nature_mainline/workload_composition_v4/confirmation/f05/scenarios/single/hourly_seed_960238,ff8bcc1dab5bb590e0031205badafe5bd9cc4832bdee6b81312fe975100bb38b,True,0.0,189.93589068897205,29,547,3144.96,LP_batch_permission_scenario
f05,0.05,confirmation,960239,/home/user/projects/AIDRBench/results/nature_mainline/workload_composition_v4/confirmation/f05/scenarios/single/hourly_seed_960239,e2a5badc2b3d361678916623d6adef18ba4fc0987cf496fa265d40bf2bac6fef,True,0.0,189.93589068897205,29,547,3144.96,LP_batch_permission_scenario
f05,0.05,confirmation,960240,/home/user/projects/AIDRBench/results/nature_mainline/workload_composition_v4/confirmation/f05/scenarios/single/hourly_seed_960240,468640427eefae2099d190b9f5ad48daf5e962399a076c16a017be0dcc1274d2,True,0.0,189.93589068897205,29,547,3144.96,LP_batch_permission_scenario
f05,0.05,confirmation,960241,/home/user/projects/AIDRBench/results/nature_mainline/workload_composition_v4/confirmation/f05/scenarios/single/hourly_seed_960241,627babe305e1e35a5df12c5e153d29160fc38c542705207a1309c8cd9e4c8423,True,0.0,189.93589068897205,29,547,3144.96,LP_batch_permission_scenario
f05,0.05,confirmation,960242,/home/user/projects/AIDRBench/results/nature_mainline/workload_composition_v4/confirmation/f05/scenarios/single/hourly_seed_960242,b1f6c5bb21e77947db4644cdbf85da11535faf95bb489d2454dedf160a872423,True,0.0,189.93589068897205,29,547,3144.96,LP_batch_permission_scenario
f05,0.05,confirmation,960243,/home/user/projects/AIDRBench/results/nature_mainline/workload_composition_v4/confirmation/f05/scenarios/single/hourly_seed_960243,3268f9f4c330ca696f5285b3c107de5c51c27684379123210ec0980bd3db8c9c,True,0.0,189.93589068897205,29,547,3144.96,LP_batch_permission_scenario
f05,0.05,confirmation,960244,/home/user/projects/AIDRBench/results/nature_mainline/workload_composition_v4/confirmation/f05/scenarios/single/hourly_seed_960244,89c1fe4f00e342a9cc51f7e45399e1a1497a1426e20a0619ab377b9ba2447926,True,0.0,189.93589068897205,29,547,3144.96,LP_batch_permission_scenario
f05,0.05,confirmation,960245,/home/user/projects/AIDRBench/results/nature_mainline/workload_composition_v4/confirmation/f05/scenarios/single/hourly_seed_960245,a115b80ec270094d3df1c26c07f397f36164e1599188a3f73503f0a122d5e80e,True,0.0,189.93589068897205,29,547,3144.96,LP_batch_permission_scenario
f05,0.05,confirmation,960246,/home/user/projects/AIDRBench/results/nature_mainline/workload_composition_v4/confirmation/f05/scenarios/single/hourly_seed_960246,ac7695dc605dac79eccbdccad228ede96d83d65e71f8296958670b8e22d8ac46,True,0.0,189.93589068897205,29,547,3144.96,LP_batch_permission_scenario
f05,0.05,confirmation,960247,/home/user/projects/AIDRBench/results/nature_mainline/workload_composition_v4/confirmation/f05/scenarios/single/hourly_seed_960247,41dd3495085ed5835efba4302f660122dbdb6123713429d956a5fc865af4cc34,True,0.0,189.93589068897205,29,547,3144.96,LP_batch_permission_scenario
f05,0.05,confirmation,960248,/home/user/projects/AIDRBench/results/nature_mainline/workload_composition_v4/confirmation/f05/scenarios/single/hourly_seed_960248,9629fa3ea264b0225722e4f5339924e8595072b49ce99847ba008e97dd856716,True,0.0,189.93589068897205,29,547,3144.96,LP_batch_permission_scenario
f05,0.05,confirmation,960249,/home/user/projects/AIDRBench/results/nature_mainline/workload_composition_v4/confirmation/f05/scenarios/single/hourly_seed_960249,e13b4b47407b4a387acfff3c7e20b23f93a98fe28469426fbf83c388f2082b8b,True,0.0,189.93589068897205,29,547,3144.96,LP_batch_permission_scenario
f05,0.05,confirmation,960250,/home/user/projects/AIDRBench/results/nature_mainline/workload_composition_v4/confirmation/f05/scenarios/single/hourly_seed_960250,e0a1916c7d1660b1fb1813eb19a87b16b2903bd24e5e1a2092fdfbeae454d978,True,0.0,189.93589068897205,29,547,3144.96,LP_batch_permission_scenario
f05,0.05,confirmation,960251,/home/user/projects/AIDRBench/results/nature_mainline/workload_composition_v4/confirmation/f05/scenarios/single/hourly_seed_960251,c5f8a3d20001fc7ac94cdd108b873b470efef9163d637c5389b136c3bad97142,True,0.0,189.93589068897205,29,547,3144.96,LP_batch_permission_scenario
f05,0.05,confirmation,960252,/home/user/projects/AIDRBench/results/nature_mainline/workload_composition_v4/confirmation/f05/scenarios/single/hourly_seed_960252,274486511debe365b73fdf9f6af99e8a3e0388a37c626405067f52b16743ab20,True,0.0,189.93589068897205,29,547,3144.96,LP_batch_permission_scenario
f05,0.05,confirmation,960253,/home/user/projects/AIDRBench/results/nature_mainline/workload_composition_v4/confirmation/f05/scenarios/single/hourly_seed_960253,b9d7b1932ec210fb9c12892ace07cbb02b879cbb2255df5ea7d8c7cfce9d319a,True,0.0,189.93589068897205,29,547,3144.96,LP_batch_permission_scenario
f05,0.05,confirmation,960254,/home/user/projects/AIDRBench/results/nature_mainline/workload_composition_v4/confirmation/f05/scenarios/single/hourly_seed_960254,2eec71928e62ab0f37996803619b4e69e487a7154c44169317ac637eefcb9868,True,0.0,189.93589068897205,29,547,3144.96,LP_batch_permission_scenario
f05,0.05,confirmation,960255,/home/user/projects/AIDRBench/results/nature_mainline/workload_composition_v4/confirmation/f05/scenarios/single/hourly_seed_960255,4c808353fc09c294c2dcdc9e5ebc8bc1b39bba541efaf9b9e02e90ed7b8e26b8,True,0.0,189.93589068897205,29,547,3144.96,LP_batch_permission_scenario
f05,0.05,confirmation,960256,/home/user/projects/AIDRBench/results/nature_mainline/workload_composition_v4/confirmation/f05/scenarios/single/hourly_seed_960256,5a6da0704b549f7722655c19add386dd86a2d9c3810c4516cc4a829839572057,True,0.0,189.93589068897205,29,547,3144.96,LP_batch_permission_scenario
f05,0.05,confirmation,960257,/home/user/projects/AIDRBench/results/nature_mainline/workload_composition_v4/confirmation/f05/scenarios/single/hourly_seed_960257,e763bcff8fdfa5fa5c307549d1a65629745f84bf26b0f62b670243b264f4a9a6,True,0.0,189.93589068897205,29,547,3144.96,LP_batch_permission_scenario
f05,0.05,confirmation,960258,/home/user/projects/AIDRBench/results/nature_mainline/workload_composition_v4/confirmation/f05/scenarios/single/hourly_seed_960258,aeb954cef188be1f2fb240b8d79af01d2291d52bcc6eaa9859098fc72a1a5fb7,True,0.0,189.93589068897205,29,547,3144.96,LP_batch_permission_scenario
f05,0.05,confirmation,960259,/home/user/projects/AIDRBench/results/nature_mainline/workload_composition_v4/confirmation/f05/scenarios/single/hourly_seed_960259,5293c01af225146e4ba82db9ae535379a3f151d886f8d98be160881eac3463bc,True,0.0,189.93589068897205,29,547,3144.96,LP_batch_permission_scenario
f05,0.05,confirmation,960260,/home/user/projects/AIDRBench/results/nature_mainline/workload_composition_v4/confirmation/f05/scenarios/single/hourly_seed_960260,489446a7705f4bd7f4b1797d8be210e6f6b9306758c52d27ea2170580d225f39,True,0.0,189.93589068897205,29,547,3144.96,LP_batch_permission_scenario
f05,0.05,confirmation,960261,/home/user/projects/AIDRBench/results/nature_mainline/workload_composition_v4/confirmation/f05/scenarios/single/hourly_seed_960261,6bb7efd27bdce288bfca9e01e33af5fbcc75fe97f44c1d0b188853bd766754f1,True,0.0,189.93589068897205,29,547,3144.96,LP_batch_permission_scenario
f05,0.05,confirmation,960262,/home/user/projects/AIDRBench/results/nature_mainline/workload_composition_v4/confirmation/f05/scenarios/single/hourly_seed_960262,30e330fcfcbfd9311a4a7536b3ebc388a569bccdc586163c40408e0bb908c129,True,0.0,189.93589068897205,29,547,3144.96,LP_batch_permission_scenario
f05,0.05,confirmation,960263,/home/user/projects/AIDRBench/results/nature_mainline/workload_composition_v4/confirmation/f05/scenarios/single/hourly_seed_960263,541980fea757e7bbdd03b26e2d95bba9e9eabce9e1f35a72c2df0d1f4cafaa47,True,0.0,189.93589068897205,29,547,3144.96,LP_batch_permission_scenario
f05,0.05,confirmation,960264,/home/user/projects/AIDRBench/results/nature_mainline/workload_composition_v4/confirmation/f05/scenarios/single/hourly_seed_960264,94cb26e4deb8256586818629b8e86b46096be22f25d8c42c8c3828cd90bf31f8,True,0.0,189.93589068897205,29,547,3144.96,LP_batch_permission_scenario
f05,0.05,confirmation,960265,/home/user/projects/AIDRBench/results/nature_mainline/workload_composition_v4/confirmation/f05/scenarios/single/hourly_seed_960265,12248e2c131f06e1d0430f149621622f26bd101789daa591a4347063f45dbb35,True,0.0,189.93589068897205,29,547,3144.96,LP_batch_permission_scenario
f05,0.05,confirmation,960266,/home/user/projects/AIDRBench/results/nature_mainline/workload_composition_v4/confirmation/f05/scenarios/single/hourly_seed_960266,bea3e9f0b318949d1a8c53372630f22b78bb7b8f069b6ab80fbf3f0c73e2ce2b,True,0.0,189.93589068897205,29,547,3144.96,LP_batch_permission_scenario
f05,0.05,confirmation,960267,/home/user/projects/AIDRBench/results/nature_mainline/workload_composition_v4/confirmation/f05/scenarios/single/hourly_seed_960267,dc3864765b2d1bed8d07272b8bfb3fbfbabea47d437849d2d47e8a7575c50c91,True,0.0,189.93589068897205,29,547,3144.96,LP_batch_permission_scenario
f05,0.05,confirmation,960268,/home/user/projects/AIDRBench/results/nature_mainline/workload_composition_v4/confirmation/f05/scenarios/single/hourly_seed_960268,ec974e1b368ddc1a839887e10c246bfbd7677214181f20aa450f253e7384089e,True,0.0,189.93589068897205,29,547,3144.96,LP_batch_permission_scenario
f05,0.05,confirmation,960269,/home/user/projects/AIDRBench/results/nature_mainline/workload_composition_v4/confirmation/f05/scenarios/single/hourly_seed_960269,bb88879406fcc72928e784b5a1d0d3118748fb24f003e62ddca9621dabe0353c,True,0.0,189.93589068897205,29,547,3144.96,LP_batch_permission_scenario
f05,0.05,confirmation,960270,/home/user/projects/AIDRBench/results/nature_mainline/workload_composition_v4/confirmation/f05/scenarios/single/hourly_seed_960270,46aca60faf5c6b3c3e06cf88beb6897bd507de288367030d92e19e804cf2f783,True,0.0,189.93589068897205,29,547,3144.96,LP_batch_permission_scenario
f05,0.05,confirmation,960271,/home/user/projects/AIDRBench/results/nature_mainline/workload_composition_v4/confirmation/f05/scenarios/single/hourly_seed_960271,1226e3b910270ccd3b01460c6c3b4eb1070ab634e51dfd8a31b3d4efaf5309c0,True,0.0,189.93589068897205,29,547,3144.96,LP_batch_permission_scenario
f05,0.05,confirmation,960272,/home/user/projects/AIDRBench/results/nature_mainline/workload_composition_v4/confirmation/f05/scenarios/single/hourly_seed_960272,fcce842f637e9188bee7518d4fb42498849060b4486729c7f9dbf090462abc7a,True,0.0,189.93589068897205,29,547,3144.96,LP_batch_permission_scenario
f05,0.05,confirmation,960273,/home/user/projects/AIDRBench/results/nature_mainline/workload_composition_v4/confirmation/f05/scenarios/single/hourly_seed_960273,b2ae5b3f8dee06809be2788413b94446786fb6fb7258e87a8b5f9dddb61fddb6,True,0.0,189.93589068897205,29,547,3144.96,LP_batch_permission_scenario
f05,0.05,confirmation,960274,/home/user/projects/AIDRBench/results/nature_mainline/workload_composition_v4/confirmation/f05/scenarios/single/hourly_seed_960274,6eb6972ca8422b3be00d5c266dbd84ba5c6acf2364797dd7f01238a8f212a5bd,True,0.0,189.93589068897205,29,547,3144.96,LP_batch_permission_scenario
f05,0.05,confirmation,960275,/home/user/projects/AIDRBench/results/nature_mainline/workload_composition_v4/confirmation/f05/scenarios/single/hourly_seed_960275,15190c118622a2412a669c7483b48365c54d755abdd0a1655d15d47ad21cafcd,True,0.0,189.93589068897205,29,547,3144.96,LP_batch_permission_scenario
f05,0.05,confirmation,960276,/home/user/projects/AIDRBench/results/nature_mainline/workload_composition_v4/confirmation/f05/scenarios/single/hourly_seed_960276,3bf0accc09e385000809bb2c2dae58387e89d8e7cfb5df8f486785d844e3e0b4,True,0.0,189.93589068897205,29,547,3144.96,LP_batch_permission_scenario
f05,0.05,confirmation,960277,/home/user/projects/AIDRBench/results/nature_mainline/workload_composition_v4/confirmation/f05/scenarios/single/hourly_seed_960277,e86bf6a830388f5d2ee94d8a8645099c29adde0f0b3346d9ae87e9cd27e5c5e4,True,0.0,189.93589068897205,29,547,3144.96,LP_batch_permission_scenario
f05,0.05,confirmation,960278,/home/user/projects/AIDRBench/results/nature_mainline/workload_composition_v4/confirmation/f05/scenarios/single/hourly_seed_960278,738eee3bfa9dcc4343fe1dae25c2440cc50083bc9b2291bc4606d9fb0584e20f,True,0.0,189.93589068897205,29,547,3144.96,LP_batch_permission_scenario
f05,0.05,confirmation,960279,/home/user/projects/AIDRBench/results/nature_mainline/workload_composition_v4/confirmation/f05/scenarios/single/hourly_seed_960279,4a472992faa14d82813d39a6bd6fac406d879e51c303653698bc2bb4075f04fe,True,0.0,189.93589068897205,29,547,3144.96,LP_batch_permission_scenario
f05,0.05,confirmation,960280,/home/user/projects/AIDRBench/results/nature_mainline/workload_composition_v4/confirmation/f05/scenarios/single/hourly_seed_960280,ddb79fae5317e37c0a0f8e2b5ae4723566c7cbcc7dcc28892741b5f128aa5112,True,0.0,189.93589068897205,29,547,3144.96,LP_batch_permission_scenario
f05,0.05,confirmation,960281,/home/user/projects/AIDRBench/results/nature_mainline/workload_composition_v4/confirmation/f05/scenarios/single/hourly_seed_960281,950d7fd391a358b43406f456bc7140fc9bd8cd11c60cb7d27113c3639f8bf3d7,True,0.0,189.93589068897205,29,547,3144.96,LP_batch_permission_scenario
f05,0.05,confirmation,960282,/home/user/projects/AIDRBench/results/nature_mainline/workload_composition_v4/confirmation/f05/scenarios/single/hourly_seed_960282,55c87ad00de2de36435cbc3d7b992c8bab85766eec8aa65fcfe733f124baf9b4,True,0.0,189.93589068897205,29,547,3144.96,LP_batch_permission_scenario
f05,0.05,confirmation,960283,/home/user/projects/AIDRBench/results/nature_mainline/workload_composition_v4/confirmation/f05/scenarios/single/hourly_seed_960283,992623b7a23d5a6dea7f0ee028a5eca03d62d336a8bac4e5ff3045f35ed97159,True,0.0,189.93589068897205,29,547,3144.96,LP_batch_permission_scenario
f05,0.05,confirmation,960284,/home/user/projects/AIDRBench/results/nature_mainline/workload_composition_v4/confirmation/f05/scenarios/single/hourly_seed_960284,086904e3b6cecab1d20c744f8cc33fb9f6a00e1fbdfa09b68a59c0c15c980981,True,0.0,189.93589068897205,29,547,3144.96,LP_batch_permission_scenario
f05,0.05,confirmation,960285,/home/user/projects/AIDRBench/results/nature_mainline/workload_composition_v4/confirmation/f05/scenarios/single/hourly_seed_960285,f952c285b99113c30b4bf4ce3efcf47bf3693e3b055e2feb65f635f2eb2f93d0,True,0.0,189.93589068897205,29,547,3144.96,LP_batch_permission_scenario
f05,0.05,confirmation,960286,/home/user/projects/AIDRBench/results/nature_mainline/workload_composition_v4/confirmation/f05/scenarios/single/hourly_seed_960286,36ab905b088a6d284d84aca12e928595728016699ffa8a95639c138269b43b98,True,0.0,189.93589068897205,29,547,3144.96,LP_batch_permission_scenario
f05,0.05,confirmation,960287,/home/user/projects/AIDRBench/results/nature_mainline/workload_composition_v4/confirmation/f05/scenarios/single/hourly_seed_960287,b91f598ada7ff313ffba3eb574f9c78026f773d693eb21964b18bec51f1c4396,True,0.0,189.93589068897205,29,547,3144.96,LP_batch_permission_scenario
f05,0.05,confirmation,960288,/home/user/projects/AIDRBench/results/nature_mainline/workload_composition_v4/confirmation/f05/scenarios/single/hourly_seed_960288,5af976c91a492ac6e1a2b64c7ef2d7d225beaff01f2fb4de89f0fb5b85df92b7,True,0.0,189.93589068897205,29,547,3144.96,LP_batch_permission_scenario
f05,0.05,confirmation,960289,/home/user/projects/AIDRBench/results/nature_mainline/workload_composition_v4/confirmation/f05/scenarios/single/hourly_seed_960289,eed337c52676cd5bd93aa4392694247124badd52732132c02b60907ec4e1fa27,True,0.0,189.93589068897205,29,547,3144.96,LP_batch_permission_scenario
f05,0.05,confirmation,960290,/home/user/projects/AIDRBench/results/nature_mainline/workload_composition_v4/confirmation/f05/scenarios/single/hourly_seed_960290,7c6d28db9c75c9367b7a2c907e238f9d08417b201841c85bbfa18ea40ad0a74c,True,0.0,189.93589068897205,29,547,3144.96,LP_batch_permission_scenario
f05,0.05,confirmation,960291,/home/user/projects/AIDRBench/results/nature_mainline/workload_composition_v4/confirmation/f05/scenarios/single/hourly_seed_960291,e81deff48939829300061b255af3ea099f08a44b1a89555cc74667374e9e14c7,True,0.0,189.93589068897205,29,547,3144.96,LP_batch_permission_scenario
f05,0.05,confirmation,960292,/home/user/projects/AIDRBench/results/nature_mainline/workload_composition_v4/confirmation/f05/scenarios/single/hourly_seed_960292,dd0e2f8122d55edd33f407fab8dbe881b48689ba9faf7b278ea639ab7ca0118b,True,0.0,189.93589068897205,29,547,3144.96,LP_batch_permission_scenario
f05,0.05,confirmation,960293,/home/user/projects/AIDRBench/results/nature_mainline/workload_composition_v4/confirmation/f05/scenarios/single/hourly_seed_960293,e69027e2e47bb827b0348d1b12db909ef1f55b096b1908e7212ad61498be7405,True,0.0,189.93589068897205,29,547,3144.96,LP_batch_permission_scenario
f05,0.05,confirmation,960294,/home/user/projects/AIDRBench/results/nature_mainline/workload_composition_v4/confirmation/f05/scenarios/single/hourly_seed_960294,1915abf3e43ee9d0c4141de2df11ca50c60b7a7e1b84049c5b7043d185fa39ca,True,0.0,189.93589068897205,29,547,3144.96,LP_batch_permission_scenario
f05,0.05,confirmation,960295,/home/user/projects/AIDRBench/results/nature_mainline/workload_composition_v4/confirmation/f05/scenarios/single/hourly_seed_960295,b837eb266d4cfdbd95f94d8673b4ad39135d06b1ca71fc292ad6a5426d94544b,True,0.0,189.93589068897205,29,547,3144.96,LP_batch_permission_scenario
f05,0.05,confirmation,960296,/home/user/projects/AIDRBench/results/nature_mainline/workload_composition_v4/confirmation/f05/scenarios/single/hourly_seed_960296,44020322c9e102e55b4d4b4491d357ca3473dcaa97431af7e48fdf434fb704e4,True,0.0,189.93589068897205,29,547,3144.96,LP_batch_permission_scenario
f05,0.05,confirmation,960297,/home/user/projects/AIDRBench/results/nature_mainline/workload_composition_v4/confirmation/f05/scenarios/single/hourly_seed_960297,f176367b68704854fc33074809930d7de0dc402036be9212dfab4053790f4bae,True,0.0,189.93589068897205,29,547,3144.96,LP_batch_permission_scenario
f05,0.05,confirmation,960298,/home/user/projects/AIDRBench/results/nature_mainline/workload_composition_v4/confirmation/f05/scenarios/single/hourly_seed_960298,9eb0116daf88f47864f0456727e499db2c27d609b8c418671f30dbd6bcf8302e,True,0.0,189.93589068897205,29,547,3144.96,LP_batch_permission_scenario
f05,0.05,confirmation,960299,/home/user/projects/AIDRBench/results/nature_mainline/workload_composition_v4/confirmation/f05/scenarios/single/hourly_seed_960299,061718f703829b79029d2dcf00d91ba4dd041b79893b43ef286094b6007e3ae7,True,0.0,189.93589068897205,29,547,3144.96,LP_batch_permission_scenario
f10,0.1,confirmation,960000,/home/user/projects/AIDRBench/results/nature_mainline/workload_composition_v4/confirmation/f10/scenarios/single/hourly_seed_960000,056b733304d659dbd4ff96e312666b3ee3b0c8e45e715046fcafcab6175f5d54,True,0.0,193.4389798490304,58,518,6289.92,LP_batch_permission_scenario
f10,0.1,confirmation,960001,/home/user/projects/AIDRBench/results/nature_mainline/workload_composition_v4/confirmation/f10/scenarios/single/hourly_seed_960001,c6e078732c42684888d063ac236fd2c33725f1e0fb1cb0cd1ce2d9482c49a843,True,0.0,193.4389798490304,58,518,6289.92,LP_batch_permission_scenario
f10,0.1,confirmation,960002,/home/user/projects/AIDRBench/results/nature_mainline/workload_composition_v4/confirmation/f10/scenarios/single/hourly_seed_960002,61a2a85858c095cab56662920190982736e85356563339a963fb78886ba5a0ee,True,0.0,193.4389798490304,58,518,6289.92,LP_batch_permission_scenario
f10,0.1,confirmation,960003,/home/user/projects/AIDRBench/results/nature_mainline/workload_composition_v4/confirmation/f10/scenarios/single/hourly_seed_960003,f73894e9e3c62cfa17596f283fb6b46211e38f9231904d68d39553c62e87794b,True,0.0,193.4389798490304,58,518,6289.92,LP_batch_permission_scenario
f10,0.1,confirmation,960004,/home/user/projects/AIDRBench/results/nature_mainline/workload_composition_v4/confirmation/f10/scenarios/single/hourly_seed_960004,2223cb73b71e65bf63f1cf8532b1010e2418b70a37a27a39b34e250f19dbd473,True,0.0,193.4389798490304,58,518,6289.92,LP_batch_permission_scenario
f10,0.1,confirmation,960005,/home/user/projects/AIDRBench/results/nature_mainline/workload_composition_v4/confirmation/f10/scenarios/single/hourly_seed_960005,1967b4cfae48afcb1c80a8e0957c017266c458532ac1935a75bd4232ab8de24b,True,0.0,193.4389798490304,58,518,6289.92,LP_batch_permission_scenario
f10,0.1,confirmation,960006,/home/user/projects/AIDRBench/results/nature_mainline/workload_composition_v4/confirmation/f10/scenarios/single/hourly_seed_960006,042205a6914009f4b39226d335b1b49762038cb8eeac4aaddd943c63aa345b87,True,0.0,193.4389798490304,58,518,6289.92,LP_batch_permission_scenario
f10,0.1,confirmation,960007,/home/user/projects/AIDRBench/results/nature_mainline/workload_composition_v4/confirmation/f10/scenarios/single/hourly_seed_960007,49f28be31a073f32d4398d95142a037bad931f71bf958e619f945c084dc3368b,True,0.0,193.4389798490304,58,518,6289.92,LP_batch_permission_scenario
f10,0.1,confirmation,960008,/home/user/projects/AIDRBench/results/nature_mainline/workload_composition_v4/confirmation/f10/scenarios/single/hourly_seed_960008,3817c5d9fca7f71a90958cdfd534940186573d28b6485264649b0320c0c2b742,True,0.0,193.4389798490304,58,518,6289.92,LP_batch_permission_scenario
f10,0.1,confirmation,960009,/home/user/projects/AIDRBench/results/nature_mainline/workload_composition_v4/confirmation/f10/scenarios/single/hourly_seed_960009,40765699eb75b5ffefde4a8b07e510fac7d914f11475ee07bbe3d376f4cdf6e4,True,0.0,193.4389798490304,58,518,6289.92,LP_batch_permission_scenario
f10,0.1,confirmation,960010,/home/user/projects/AIDRBench/results/nature_mainline/workload_composition_v4/confirmation/f10/scenarios/single/hourly_seed_960010,5de666a82dde3e015e9bc041701b2c6e7fc0d0b633dea7cc8d37cb12977773b9,True,0.0,193.4389798490304,58,518,6289.92,LP_batch_permission_scenario
f10,0.1,confirmation,960011,/home/user/projects/AIDRBench/results/nature_mainline/workload_composition_v4/confirmation/f10/scenarios/single/hourly_seed_960011,6a40c52aa888d16f020b1155506e0450b4a3250b2bf24eabc5a372029c29ec4f,True,0.0,193.4389798490304,58,518,6289.92,LP_batch_permission_scenario
f10,0.1,confirmation,960012,/home/user/projects/AIDRBench/results/nature_mainline/workload_composition_v4/confirmation/f10/scenarios/single/hourly_seed_960012,d86d16827a1a1a305e9c5f4f5ea0828d5e8ca54f7579f772bf392ab47a3db322,True,0.0,193.4389798490304,58,518,6289.92,LP_batch_permission_scenario
f10,0.1,confirmation,960013,/home/user/projects/AIDRBench/results/nature_mainline/workload_composition_v4/confirmation/f10/scenarios/single/hourly_seed_960013,37859ee93ddbdbc45c0ec2d79d01949b5d37b332ec4cdc56d51df59be43b3fe4,True,0.0,193.4389798490304,58,518,6289.92,LP_batch_permission_scenario
f10,0.1,confirmation,960014,/home/user/projects/AIDRBench/results/nature_mainline/workload_composition_v4/confirmation/f10/scenarios/single/hourly_seed_960014,dfe08b19f612d89b6fff0951235883cce72b3f110859771efd05b818dc6ea671,True,0.0,193.4389798490304,58,518,6289.92,LP_batch_permission_scenario
f10,0.1,confirmation,960015,/home/user/projects/AIDRBench/results/nature_mainline/workload_composition_v4/confirmation/f10/scenarios/single/hourly_seed_960015,8113cd0e54271b2f2fcd98dfd2415ca43f4562256968942c535be7147e0b1375,True,0.0,193.4389798490304,58,518,6289.92,LP_batch_permission_scenario
f10,0.1,confirmation,960016,/home/user/projects/AIDRBench/results/nature_mainline/workload_composition_v4/confirmation/f10/scenarios/single/hourly_seed_960016,bdfdc0e0ebd7c79bfa3c71cf88b9a84219f60069d56ab29be759646385fe6b32,True,0.0,193.4389798490304,58,518,6289.92,LP_batch_permission_scenario
f10,0.1,confirmation,960017,/home/user/projects/AIDRBench/results/nature_mainline/workload_composition_v4/confirmation/f10/scenarios/single/hourly_seed_960017,d6a3575594f69822bbd2ad68393e5ef6a4c0d01d4af4c3171ce0b2c0968d93c1,True,0.0,193.4389798490304,58,518,6289.92,LP_batch_permission_scenario
f10,0.1,confirmation,960018,/home/user/projects/AIDRBench/results/nature_mainline/workload_composition_v4/confirmation/f10/scenarios/single/hourly_seed_960018,2b5fcc1148dc3ffee53ee468c1ea9cc093e1a66f145b06c0664032723a4e5244,True,0.0,193.4389798490304,58,518,6289.92,LP_batch_permission_scenario
f10,0.1,confirmation,960019,/home/user/projects/AIDRBench/results/nature_mainline/workload_composition_v4/confirmation/f10/scenarios/single/hourly_seed_960019,b3ac5793e55fb03b286bd84d43e23e9bb3f2b4bdfc24a163caf7e60dbc8e2b31,True,0.0,193.4389798490304,58,518,6289.92,LP_batch_permission_scenario
f10,0.1,confirmation,960020,/home/user/projects/AIDRBench/results/nature_mainline/workload_composition_v4/confirmation/f10/scenarios/single/hourly_seed_960020,da42f44bcc656049bf18f518283451acc32c30cc597b70d335c43d27a4f70d0b,True,0.0,193.4389798490304,58,518,6289.92,LP_batch_permission_scenario
f10,0.1,confirmation,960021,/home/user/projects/AIDRBench/results/nature_mainline/workload_composition_v4/confirmation/f10/scenarios/single/hourly_seed_960021,2a2af7c699400c4c5049efbc0ef371fb6e69f9dcc4a98cf72a620f43668fa491,True,0.0,193.4389798490304,58,518,6289.92,LP_batch_permission_scenario
f10,0.1,confirmation,960022,/home/user/projects/AIDRBench/results/nature_mainline/workload_composition_v4/confirmation/f10/scenarios/single/hourly_seed_960022,420553989fd0234530320ad37c0ec94fc5cdb3cff7c2cc11b6b34aefb13f5a54,True,0.0,193.4389798490304,58,518,6289.92,LP_batch_permission_scenario
f10,0.1,confirmation,960023,/home/user/projects/AIDRBench/results/nature_mainline/workload_composition_v4/confirmation/f10/scenarios/single/hourly_seed_960023,b9e212b854526ba1b42b2165d243d5292175107ab5d02f4ca62d543828c17a88,True,0.0,193.4389798490304,58,518,6289.92,LP_batch_permission_scenario
f10,0.1,confirmation,960024,/home/user/projects/AIDRBench/results/nature_mainline/workload_composition_v4/confirmation/f10/scenarios/single/hourly_seed_960024,290b6ef9ce4ad4b6281f89c48d348bf4fcd2a3ba5b7b2336d913c77b8ec2a0ee,True,0.0,193.4389798490304,58,518,6289.92,LP_batch_permission_scenario
f10,0.1,confirmation,960025,/home/user/projects/AIDRBench/results/nature_mainline/workload_composition_v4/confirmation/f10/scenarios/single/hourly_seed_960025,cd521fc6a41be800053bb82552cdde14f6595551589f495520c93ff76c52a710,True,0.0,193.4389798490304,58,518,6289.92,LP_batch_permission_scenario
f10,0.1,confirmation,960026,/home/user/projects/AIDRBench/results/nature_mainline/workload_composition_v4/confirmation/f10/scenarios/single/hourly_seed_960026,e0ae961da5fdaab7c9bec5c300c7fae5dfa2ffe2f01295bd102ae8fe06852f10,True,0.0,193.4389798490304,58,518,6289.92,LP_batch_permission_scenario
f10,0.1,confirmation,960027,/home/user/projects/AIDRBench/results/nature_mainline/workload_composition_v4/confirmation/f10/scenarios/single/hourly_seed_960027,511fa3f1b39f295d667dbea8999aba2ea6600b00c892554edaa4d378b12c8d7a,True,0.0,193.4389798490304,58,518,6289.92,LP_batch_permission_scenario
f10,0.1,confirmation,960028,/home/user/projects/AIDRBench/results/nature_mainline/workload_composition_v4/confirmation/f10/scenarios/single/hourly_seed_960028,4dab5cec26728c2a93da2675dae15b1f37a5cf9b8bc4eb19b68e36cc50831ad7,True,0.0,193.4389798490304,58,518,6289.92,LP_batch_permission_scenario
f10,0.1,confirmation,960029,/home/user/projects/AIDRBench/results/nature_mainline/workload_composition_v4/confirmation/f10/scenarios/single/hourly_seed_960029,b1907f2c85c9528185d425806ed4200ea7b3a5df3373ea88c8ec5bcf7467f3bf,True,0.0,193.4389798490304,58,518,6289.92,LP_batch_permission_scenario
f10,0.1,confirmation,960030,/home/user/projects/AIDRBench/results/nature_mainline/workload_composition_v4/confirmation/f10/scenarios/single/hourly_seed_960030,d2f11aa1ad38e082d428112c79acf33d725afe5b92fdea5a33e20f01a5a4e6ed,True,0.0,193.4389798490304,58,518,6289.92,LP_batch_permission_scenario
f10,0.1,confirmation,960031,/home/user/projects/AIDRBench/results/nature_mainline/workload_composition_v4/confirmation/f10/scenarios/single/hourly_seed_960031,340a224f2c7a659b07f92770d65a1e7f1307bfde12fb278d9c50419df86f3932,True,0.0,193.4389798490304,58,518,6289.92,LP_batch_permission_scenario
f10,0.1,confirmation,960032,/home/user/projects/AIDRBench/results/nature_mainline/workload_composition_v4/confirmation/f10/scenarios/single/hourly_seed_960032,766a906ec970ea716fa4446e99b4da1666f3e9724ec600e135f5a0c3a82a8970,True,0.0,193.4389798490304,58,518,6289.92,LP_batch_permission_scenario
f10,0.1,confirmation,960033,/home/user/projects/AIDRBench/results/nature_mainline/workload_composition_v4/confirmation/f10/scenarios/single/hourly_seed_960033,bc5590f1ceee932cf87b1f504a38b1b85246e2be69efdc8fb6c948644a9cb9b5,True,0.0,193.4389798490304,58,518,6289.92,LP_batch_permission_scenario
f10,0.1,confirmation,960034,/home/user/projects/AIDRBench/results/nature_mainline/workload_composition_v4/confirmation/f10/scenarios/single/hourly_seed_960034,b18c67661ad70ce9bdcfa3b7d68eb8dbd7f75ca2b75ec8226443d6a3a45d0e34,True,0.0,193.4389798490304,58,518,6289.92,LP_batch_permission_scenario
f10,0.1,confirmation,960035,/home/user/projects/AIDRBench/results/nature_mainline/workload_composition_v4/confirmation/f10/scenarios/single/hourly_seed_960035,68c5fd3fe84cc827645999d953c670b3afd850a7d3c69a33beae196bdf567fa7,True,0.0,193.4389798490304,58,518,6289.92,LP_batch_permission_scenario
f10,0.1,confirmation,960036,/home/user/projects/AIDRBench/results/nature_mainline/workload_composition_v4/confirmation/f10/scenarios/single/hourly_seed_960036,d80600bd38f317ca32e38d070244e7badd9d985e8b7c534beaf5b6a9d0246261,True,0.0,193.4389798490304,58,518,6289.92,LP_batch_permission_scenario
f10,0.1,confirmation,960037,/home/user/projects/AIDRBench/results/nature_mainline/workload_composition_v4/confirmation/f10/scenarios/single/hourly_seed_960037,a8247d422a03e8690cb5839799a45a11f0376aaf9217f15a9578e14b9f380a84,True,0.0,193.4389798490304,58,518,6289.92,LP_batch_permission_scenario
f10,0.1,confirmation,960038,/home/user/projects/AIDRBench/results/nature_mainline/workload_composition_v4/confirmation/f10/scenarios/single/hourly_seed_960038,af72154f94e6c51a912ca48028ac1595c5c7105fe401c0446e787e95f3b6294e,True,0.0,193.4389798490304,58,518,6289.92,LP_batch_permission_scenario
f10,0.1,confirmation,960039,/home/user/projects/AIDRBench/results/nature_mainline/workload_composition_v4/confirmation/f10/scenarios/single/hourly_seed_960039,eb71281dacc1d996d31e252f333838d33690012c8de43fa86eee9b8c023947a1,True,0.0,193.4389798490304,58,518,6289.92,LP_batch_permission_scenario
f10,0.1,confirmation,960040,/home/user/projects/AIDRBench/results/nature_mainline/workload_composition_v4/confirmation/f10/scenarios/single/hourly_seed_960040,4aa65a00fd1150ddd39c71b820a0038b89d2cfec9c7ffcb165a7e2717d7190a3,True,0.0,193.4389798490304,58,518,6289.92,LP_batch_permission_scenario
f10,0.1,confirmation,960041,/home/user/projects/AIDRBench/results/nature_mainline/workload_composition_v4/confirmation/f10/scenarios/single/hourly_seed_960041,e24627c71f590db2878d4223de393e0144c117f0a2fdf493d2cc433c2f8d92ac,True,0.0,193.4389798490304,58,518,6289.92,LP_batch_permission_scenario
f10,0.1,confirmation,960042,/home/user/projects/AIDRBench/results/nature_mainline/workload_composition_v4/confirmation/f10/scenarios/single/hourly_seed_960042,77b244c4aa543232e48d02fcaf5f070244180004c74da0dc6f7c025249e5aac1,True,0.0,193.4389798490304,58,518,6289.92,LP_batch_permission_scenario
f10,0.1,confirmation,960043,/home/user/projects/AIDRBench/results/nature_mainline/workload_composition_v4/confirmation/f10/scenarios/single/hourly_seed_960043,ef708cdbd435c707a6b1eb558491c307b592068144e51aa521e9f516d54c3930,True,0.0,193.4389798490304,58,518,6289.92,LP_batch_permission_scenario
f10,0.1,confirmation,960044,/home/user/projects/AIDRBench/results/nature_mainline/workload_composition_v4/confirmation/f10/scenarios/single/hourly_seed_960044,8a7d5a424874351d756a94e9c70ebf8ff61def764b3b8ff84ee098543d1d413b,True,0.0,193.4389798490304,58,518,6289.92,LP_batch_permission_scenario
f10,0.1,confirmation,960045,/home/user/projects/AIDRBench/results/nature_mainline/workload_composition_v4/confirmation/f10/scenarios/single/hourly_seed_960045,121e8ec90be074d5f15004ff6cdbaeb0f39ee8c25de1641a39d9c20c3bdba7dc,True,0.0,193.4389798490304,58,518,6289.92,LP_batch_permission_scenario
f10,0.1,confirmation,960046,/home/user/projects/AIDRBench/results/nature_mainline/workload_composition_v4/confirmation/f10/scenarios/single/hourly_seed_960046,7104b3442d331db121a27cbcfb1b7ec20aa050857539324dcf6f5bf04225dc47,True,0.0,193.4389798490304,58,518,6289.92,LP_batch_permission_scenario
f10,0.1,confirmation,960047,/home/user/projects/AIDRBench/results/nature_mainline/workload_composition_v4/confirmation/f10/scenarios/single/hourly_seed_960047,f56a579e2cd14992075c9011e9f658f47dc29110af38656784d90889adbb544b,True,0.0,193.4389798490304,58,518,6289.92,LP_batch_permission_scenario
f10,0.1,confirmation,960048,/home/user/projects/AIDRBench/results/nature_mainline/workload_composition_v4/confirmation/f10/scenarios/single/hourly_seed_960048,11a92b1957d33d4b8312fd910c42e4044dc55ca688c8603eaba090ef62e4eeca,True,0.0,193.4389798490304,58,518,6289.92,LP_batch_permission_scenario
f10,0.1,confirmation,960049,/home/user/projects/AIDRBench/results/nature_mainline/workload_composition_v4/confirmation/f10/scenarios/single/hourly_seed_960049,7d029265060d15806b6dc2ac6f87684f07b639e47eba881d491a15e2c7f1e32a,True,0.0,193.4389798490304,58,518,6289.92,LP_batch_permission_scenario
f10,0.1,confirmation,960050,/home/user/projects/AIDRBench/results/nature_mainline/workload_composition_v4/confirmation/f10/scenarios/single/hourly_seed_960050,c14a48ae98529f46f4fe2b35f2a1beffc56e73e2be412e2546e3a2aa5c786c8e,True,0.0,193.4389798490304,58,518,6289.92,LP_batch_permission_scenario
f10,0.1,confirmation,960051,/home/user/projects/AIDRBench/results/nature_mainline/workload_composition_v4/confirmation/f10/scenarios/single/hourly_seed_960051,202caf050444a0a2b974eb99f2cab04bde1eab85dfc6e3da3e762acb9f09a754,True,0.0,193.4389798490304,58,518,6289.92,LP_batch_permission_scenario
f10,0.1,confirmation,960052,/home/user/projects/AIDRBench/results/nature_mainline/workload_composition_v4/confirmation/f10/scenarios/single/hourly_seed_960052,0af8f61d47855c5d8aaf27d1943fda0da50f69b01123fd263237e7828e8282bf,True,0.0,193.4389798490304,58,518,6289.92,LP_batch_permission_scenario
f10,0.1,confirmation,960053,/home/user/projects/AIDRBench/results/nature_mainline/workload_composition_v4/confirmation/f10/scenarios/single/hourly_seed_960053,4f7beafc01bad43375227164c0e3ba6e5098771702da7d33c599b4162ae23d1c,True,0.0,193.4389798490304,58,518,6289.92,LP_batch_permission_scenario
f10,0.1,confirmation,960054,/home/user/projects/AIDRBench/results/nature_mainline/workload_composition_v4/confirmation/f10/scenarios/single/hourly_seed_960054,101dc9f8e9ff9d72adfea15db31030c5caa088e465088374ef6aebc554630870,True,0.0,193.4389798490304,58,518,6289.92,LP_batch_permission_scenario
f10,0.1,confirmation,960055,/home/user/projects/AIDRBench/results/nature_mainline/workload_composition_v4/confirmation/f10/scenarios/single/hourly_seed_960055,99333a6b1fc80dbda2aa8559f813aab9b5e29fd5d5d3c7828879dd74b4def64d,True,0.0,193.4389798490304,58,518,6289.92,LP_batch_permission_scenario
f10,0.1,confirmation,960056,/home/user/projects/AIDRBench/results/nature_mainline/workload_composition_v4/confirmation/f10/scenarios/single/hourly_seed_960056,937b8a2f39715fadfdb66433b05c488bfa24b860a689ccc1d7493e2775176eda,True,0.0,193.4389798490304,58,518,6289.92,LP_batch_permission_scenario
f10,0.1,confirmation,960057,/home/user/projects/AIDRBench/results/nature_mainline/workload_composition_v4/confirmation/f10/scenarios/single/hourly_seed_960057,e2aed7787c0eb746109dde81d2f6dfc264b09d435a41065ed0f0bba6649f27ee,True,0.0,193.4389798490304,58,518,6289.92,LP_batch_permission_scenario
f10,0.1,confirmation,960058,/home/user/projects/AIDRBench/results/nature_mainline/workload_composition_v4/confirmation/f10/scenarios/single/hourly_seed_960058,e32ecea86977f67641704da4d74bd9807bf4de6a07b9bddbac7b165f69281fdb,True,0.0,193.4389798490304,58,518,6289.92,LP_batch_permission_scenario
f10,0.1,confirmation,960059,/home/user/projects/AIDRBench/results/nature_mainline/workload_composition_v4/confirmation/f10/scenarios/single/hourly_seed_960059,9557c45404480e1f8cce971fee74ecc66b3374179e69168ae57fc30d036967d0,True,0.0,193.4389798490304,58,518,6289.92,LP_batch_permission_scenario
f10,0.1,confirmation,960060,/home/user/projects/AIDRBench/results/nature_mainline/workload_composition_v4/confirmation/f10/scenarios/single/hourly_seed_960060,61d2a380e82fc1eeb0b3bd0549fc6b5ef0692658608e6db3ec8ef495725d5b92,True,0.0,193.4389798490304,58,518,6289.92,LP_batch_permission_scenario
f10,0.1,confirmation,960061,/home/user/projects/AIDRBench/results/nature_mainline/workload_composition_v4/confirmation/f10/scenarios/single/hourly_seed_960061,13db62a4de6f1e4fd640b3d4e7e4a5764899f6ef042147ccde1f577988ca1a9e,True,0.0,193.4389798490304,58,518,6289.92,LP_batch_permission_scenario
f10,0.1,confirmation,960062,/home/user/projects/AIDRBench/results/nature_mainline/workload_composition_v4/confirmation/f10/scenarios/single/hourly_seed_960062,8b94c01da8079ee57a6f9f744c19aedc761faaf33e6c24b1c58503b230c05ba9,True,0.0,193.4389798490304,58,518,6289.92,LP_batch_permission_scenario
f10,0.1,confirmation,960063,/home/user/projects/AIDRBench/results/nature_mainline/workload_composition_v4/confirmation/f10/scenarios/single/hourly_seed_960063,367bce8fb6beace7c7b746a5f48cb4d57263380ae838b42c99ed969df5609d4c,True,0.0,193.4389798490304,58,518,6289.92,LP_batch_permission_scenario
f10,0.1,confirmation,960064,/home/user/projects/AIDRBench/results/nature_mainline/workload_composition_v4/confirmation/f10/scenarios/single/hourly_seed_960064,6cfd3f0d9d60cb768bd6391bd21a95d43910ad17f4b75da61943800be56dac11,True,0.0,193.4389798490304,58,518,6289.92,LP_batch_permission_scenario
f10,0.1,confirmation,960065,/home/user/projects/AIDRBench/results/nature_mainline/workload_composition_v4/confirmation/f10/scenarios/single/hourly_seed_960065,ed07ec6742508401664d87a6fc614aafe19f93055825fc1f548c3e156955e0f4,True,0.0,193.4389798490304,58,518,6289.92,LP_batch_permission_scenario
f10,0.1,confirmation,960066,/home/user/projects/AIDRBench/results/nature_mainline/workload_composition_v4/confirmation/f10/scenarios/single/hourly_seed_960066,4ffbb2df6c065a6e0a82cab3d055414c2f2e924b2c1b1235473a41ee190ab147,True,0.0,193.4389798490304,58,518,6289.92,LP_batch_permission_scenario
f10,0.1,confirmation,960067,/home/user/projects/AIDRBench/results/nature_mainline/workload_composition_v4/confirmation/f10/scenarios/single/hourly_seed_960067,1890d2550627f3309bfada6a3fb8ff33311d5eb36e628f6443e62a94d8ca8acf,True,0.0,193.4389798490304,58,518,6289.92,LP_batch_permission_scenario
f10,0.1,confirmation,960068,/home/user/projects/AIDRBench/results/nature_mainline/workload_composition_v4/confirmation/f10/scenarios/single/hourly_seed_960068,547e584060b0ec4b60be2389747d9575f7df29a8cb991265ab5d2efe958c5472,True,0.0,193.4389798490304,58,518,6289.92,LP_batch_permission_scenario
f10,0.1,confirmation,960069,/home/user/projects/AIDRBench/results/nature_mainline/workload_composition_v4/confirmation/f10/scenarios/single/hourly_seed_960069,790a9a5f835864d5637990744ee168a8a332b9fc58c0f9ea248a61cd7fbf63aa,True,0.0,193.4389798490304,58,518,6289.92,LP_batch_permission_scenario
f10,0.1,confirmation,960070,/home/user/projects/AIDRBench/results/nature_mainline/workload_composition_v4/confirmation/f10/scenarios/single/hourly_seed_960070,630a0f967c17b6de30f72984846cc15b4d981412ce7e4b383961f79591dee37d,True,0.0,193.4389798490304,58,518,6289.92,LP_batch_permission_scenario
f10,0.1,confirmation,960071,/home/user/projects/AIDRBench/results/nature_mainline/workload_composition_v4/confirmation/f10/scenarios/single/hourly_seed_960071,d055edfb55dd252f8e92c587b371a264cf3252d71c0a7ffccd4ef3b98ee3960e,True,0.0,193.4389798490304,58,518,6289.92,LP_batch_permission_scenario
f10,0.1,confirmation,960072,/home/user/projects/AIDRBench/results/nature_mainline/workload_composition_v4/confirmation/f10/scenarios/single/hourly_seed_960072,904802464baf058fd109902410351bd41c1786ee1b8bb1ef76674aa1f1cb9f32,True,0.0,193.4389798490304,58,518,6289.92,LP_batch_permission_scenario
f10,0.1,confirmation,960073,/home/user/projects/AIDRBench/results/nature_mainline/workload_composition_v4/confirmation/f10/scenarios/single/hourly_seed_960073,c4757c574c2a856c54989624e41e7750898ebeda3c50571b14b947ac14330590,True,0.0,193.4389798490304,58,518,6289.92,LP_batch_permission_scenario
f10,0.1,confirmation,960074,/home/user/projects/AIDRBench/results/nature_mainline/workload_composition_v4/confirmation/f10/scenarios/single/hourly_seed_960074,f09d14d843833769a982bfe562242b87cd01e25c4a6b0b924038dc6806671b82,True,0.0,193.4389798490304,58,518,6289.92,LP_batch_permission_scenario
f10,0.1,confirmation,960075,/home/user/projects/AIDRBench/results/nature_mainline/workload_composition_v4/confirmation/f10/scenarios/single/hourly_seed_960075,b111af28bc6e2e0a53fef4ed90ef031f3d768729f9608fea6d0153eda1498397,True,0.0,193.4389798490304,58,518,6289.92,LP_batch_permission_scenario
f10,0.1,confirmation,960076,/home/user/projects/AIDRBench/results/nature_mainline/workload_composition_v4/confirmation/f10/scenarios/single/hourly_seed_960076,2f6b0962c49a8e8c929293defc857340b16d174307780745f1b10895bd31d653,True,0.0,193.4389798490304,58,518,6289.92,LP_batch_permission_scenario
f10,0.1,confirmation,960077,/home/user/projects/AIDRBench/results/nature_mainline/workload_composition_v4/confirmation/f10/scenarios/single/hourly_seed_960077,b24791570b4986414e13189bc56db445a11a59b793bea81143b579c4b97537f1,True,0.0,193.4389798490304,58,518,6289.92,LP_batch_permission_scenario
f10,0.1,confirmation,960078,/home/user/projects/AIDRBench/results/nature_mainline/workload_composition_v4/confirmation/f10/scenarios/single/hourly_seed_960078,66ff7cd32e4583820bbd477a80a966cf19df160d969377fb7c3a201e48c12d15,True,0.0,193.4389798490304,58,518,6289.92,LP_batch_permission_scenario
f10,0.1,confirmation,960079,/home/user/projects/AIDRBench/results/nature_mainline/workload_composition_v4/confirmation/f10/scenarios/single/hourly_seed_960079,abe328d09f3575ce85ac110de37755ea4d80294376f0d44873979b5edd7c1e06,True,0.0,193.4389798490304,58,518,6289.92,LP_batch_permission_scenario
f10,0.1,confirmation,960080,/home/user/projects/AIDRBench/results/nature_mainline/workload_composition_v4/confirmation/f10/scenarios/single/hourly_seed_960080,cbeb81145de575ec7ab3938f03ba1bed04b0548ebcd827f6acc24dfeb0b34550,True,0.0,193.4389798490304,58,518,6289.92,LP_batch_permission_scenario
f10,0.1,confirmation,960081,/home/user/projects/AIDRBench/results/nature_mainline/workload_composition_v4/confirmation/f10/scenarios/single/hourly_seed_960081,72035540ad11c1279d99fa40290ea5e73f4b12ab03aca9fa0a8a688b7bef3a02,True,0.0,193.4389798490304,58,518,6289.92,LP_batch_permission_scenario
f10,0.1,confirmation,960082,/home/user/projects/AIDRBench/results/nature_mainline/workload_composition_v4/confirmation/f10/scenarios/single/hourly_seed_960082,3da423d573e62b05c9ca588a6ad5d289be32fd7ea648dd731e18623da43b3b5d,True,0.0,193.4389798490304,58,518,6289.92,LP_batch_permission_scenario
f10,0.1,confirmation,960083,/home/user/projects/AIDRBench/results/nature_mainline/workload_composition_v4/confirmation/f10/scenarios/single/hourly_seed_960083,3d417bf1327fe5ac4ffc76906864985e405744a5362001a83892f4b9330b184f,True,0.0,193.4389798490304,58,518,6289.92,LP_batch_permission_scenario
f10,0.1,confirmation,960084,/home/user/projects/AIDRBench/results/nature_mainline/workload_composition_v4/confirmation/f10/scenarios/single/hourly_seed_960084,c5acf6c8df0fa70252ca8ca4d793a42e2357a571b146e7ebdb303cf879752bd6,True,0.0,193.4389798490304,58,518,6289.92,LP_batch_permission_scenario
f10,0.1,confirmation,960085,/home/user/projects/AIDRBench/results/nature_mainline/workload_composition_v4/confirmation/f10/scenarios/single/hourly_seed_960085,ca24f226c05e22f12d3ae4e84a9043abb2d74b5cd99054cb1fc6811ce056040d,True,0.0,193.4389798490304,58,518,6289.92,LP_batch_permission_scenario
f10,0.1,confirmation,960086,/home/user/projects/AIDRBench/results/nature_mainline/workload_composition_v4/confirmation/f10/scenarios/single/hourly_seed_960086,8495a3c46ddbe3e34b3eda4ad43a275188b923644f7c2622c83888ccb6f3b739,True,0.0,193.4389798490304,58,518,6289.92,LP_batch_permission_scenario
f10,0.1,confirmation,960087,/home/user/projects/AIDRBench/results/nature_mainline/workload_composition_v4/confirmation/f10/scenarios/single/hourly_seed_960087,0987f24ef5308e51985a38e518c647954c2d198d0a492ee7c0da4d9cac3d2d9d,True,0.0,193.4389798490304,58,518,6289.92,LP_batch_permission_scenario
f10,0.1,confirmation,960088,/home/user/projects/AIDRBench/results/nature_mainline/workload_composition_v4/confirmation/f10/scenarios/single/hourly_seed_960088,547e0d5aaa2634ff3865dc3a3c04521a3e74aa76e720906dfc1cb54c59061b77,True,0.0,193.4389798490304,58,518,6289.92,LP_batch_permission_scenario
f10,0.1,confirmation,960089,/home/user/projects/AIDRBench/results/nature_mainline/workload_composition_v4/confirmation/f10/scenarios/single/hourly_seed_960089,fa0b33e7d892049facea4d59bddd4efc503d38e7bbb548cd57f114145d8f05f3,True,0.0,193.4389798490304,58,518,6289.92,LP_batch_permission_scenario
f10,0.1,confirmation,960090,/home/user/projects/AIDRBench/results/nature_mainline/workload_composition_v4/confirmation/f10/scenarios/single/hourly_seed_960090,3e6a08b396d53ab7ba5045fdc8833793e811292fc7b58eac914e8fb30fb20d57,True,0.0,193.4389798490304,58,518,6289.92,LP_batch_permission_scenario
f10,0.1,confirmation,960091,/home/user/projects/AIDRBench/results/nature_mainline/workload_composition_v4/confirmation/f10/scenarios/single/hourly_seed_960091,35579230dbf31ac92aa9d76743556baa63910af210e36963ce65d0ad3622721a,True,0.0,193.4389798490304,58,518,6289.92,LP_batch_permission_scenario
f10,0.1,confirmation,960092,/home/user/projects/AIDRBench/results/nature_mainline/workload_composition_v4/confirmation/f10/scenarios/single/hourly_seed_960092,b1330f3cda109297588a82c2df88b58b11db1796d1c3ca1a92f588dc11ce3cca,True,0.0,193.4389798490304,58,518,6289.92,LP_batch_permission_scenario
f10,0.1,confirmation,960093,/home/user/projects/AIDRBench/results/nature_mainline/workload_composition_v4/confirmation/f10/scenarios/single/hourly_seed_960093,590759f6b3a493acbb9d6fb81fc35a482e19f724f27e2d024f1e2f4091e2ac81,True,0.0,193.4389798490304,58,518,6289.92,LP_batch_permission_scenario
f10,0.1,confirmation,960094,/home/user/projects/AIDRBench/results/nature_mainline/workload_composition_v4/confirmation/f10/scenarios/single/hourly_seed_960094,eb6004ab814668a09f955af7502fb018fee80c4f3e9f73375425fffac0d4e485,True,0.0,193.4389798490304,58,518,6289.92,LP_batch_permission_scenario
f10,0.1,confirmation,960095,/home/user/projects/AIDRBench/results/nature_mainline/workload_composition_v4/confirmation/f10/scenarios/single/hourly_seed_960095,281aa487f94f1c05da56608e891e9bd25700057e0e10273354a85e0dd4c3f524,True,0.0,193.4389798490304,58,518,6289.92,LP_batch_permission_scenario
f10,0.1,confirmation,960096,/home/user/projects/AIDRBench/results/nature_mainline/workload_composition_v4/confirmation/f10/scenarios/single/hourly_seed_960096,c0977ccca51752ca516b71b0130fd763f810975faf6f2803e10acc5e6016f1a1,True,0.0,193.4389798490304,58,518,6289.92,LP_batch_permission_scenario
f10,0.1,confirmation,960097,/home/user/projects/AIDRBench/results/nature_mainline/workload_composition_v4/confirmation/f10/scenarios/single/hourly_seed_960097,20fc8754ce09cb934defad5fae72e116f32b2c6954f5aa24af771d0fdcdb8c2a,True,0.0,193.4389798490304,58,518,6289.92,LP_batch_permission_scenario
f10,0.1,confirmation,960098,/home/user/projects/AIDRBench/results/nature_mainline/workload_composition_v4/confirmation/f10/scenarios/single/hourly_seed_960098,b839ee012eab0ac50fbe26cf85a1df8025f68dd78210575438aa63a42054519f,True,0.0,193.4389798490304,58,518,6289.92,LP_batch_permission_scenario
f10,0.1,confirmation,960099,/home/user/projects/AIDRBench/results/nature_mainline/workload_composition_v4/confirmation/f10/scenarios/single/hourly_seed_960099,da3ae17b69fb8b337e286d2699449c4c6b36305bed40517a4d17cc7589ca5666,True,0.0,193.4389798490304,58,518,6289.92,LP_batch_permission_scenario
f10,0.1,confirmation,960100,/home/user/projects/AIDRBench/results/nature_mainline/workload_composition_v4/confirmation/f10/scenarios/single/hourly_seed_960100,bbd79559f62703bd33fe0405848eeffa44a405aa49dad88e61f0deb4629ce062,True,0.0,193.4389798490304,58,518,6289.92,LP_batch_permission_scenario
f10,0.1,confirmation,960101,/home/user/projects/AIDRBench/results/nature_mainline/workload_composition_v4/confirmation/f10/scenarios/single/hourly_seed_960101,5758bc5a691d7fe93101f3386db6f77b42b00498969d5d20238e0ff3a701591a,True,0.0,193.4389798490304,58,518,6289.92,LP_batch_permission_scenario
f10,0.1,confirmation,960102,/home/user/projects/AIDRBench/results/nature_mainline/workload_composition_v4/confirmation/f10/scenarios/single/hourly_seed_960102,ec3c8988bb8e47720690f855adc2812d48502c5c243219906b21df372df98af2,True,0.0,193.4389798490304,58,518,6289.92,LP_batch_permission_scenario
f10,0.1,confirmation,960103,/home/user/projects/AIDRBench/results/nature_mainline/workload_composition_v4/confirmation/f10/scenarios/single/hourly_seed_960103,1bfc58cee4746f3a583c019f75ff92a99d5ef7e0a402eaee5870bbb6df580c34,True,0.0,193.4389798490304,58,518,6289.92,LP_batch_permission_scenario
f10,0.1,confirmation,960104,/home/user/projects/AIDRBench/results/nature_mainline/workload_composition_v4/confirmation/f10/scenarios/single/hourly_seed_960104,755814a2d053903e0c2f4cc93bd070e944d1a9b7968015ea49a6969307a6beb1,True,0.0,193.4389798490304,58,518,6289.92,LP_batch_permission_scenario
f10,0.1,confirmation,960105,/home/user/projects/AIDRBench/results/nature_mainline/workload_composition_v4/confirmation/f10/scenarios/single/hourly_seed_960105,94e9c797bd3d71bbd58704a5b1b86986ea502b1ff50c0b3545ea7205cf077f97,True,0.0,193.4389798490304,58,518,6289.92,LP_batch_permission_scenario
f10,0.1,confirmation,960106,/home/user/projects/AIDRBench/results/nature_mainline/workload_composition_v4/confirmation/f10/scenarios/single/hourly_seed_960106,9c6bd6309132072b8a5c79de203cf05d838b6672b6fa5859eaae72683da798ef,True,0.0,193.4389798490304,58,518,6289.92,LP_batch_permission_scenario
f10,0.1,confirmation,960107,/home/user/projects/AIDRBench/results/nature_mainline/workload_composition_v4/confirmation/f10/scenarios/single/hourly_seed_960107,29ea19f0d5155a47507ea8782df8ab9cc52619b8964c06be4cb4714829799993,True,0.0,193.4389798490304,58,518,6289.92,LP_batch_permission_scenario
f10,0.1,confirmation,960108,/home/user/projects/AIDRBench/results/nature_mainline/workload_composition_v4/confirmation/f10/scenarios/single/hourly_seed_960108,5fc8c0b87ca8340bdd9de2fbc7e9a2d6fd8f660e81130e30e1938a9c9eec5003,True,0.0,193.4389798490304,58,518,6289.92,LP_batch_permission_scenario
f10,0.1,confirmation,960109,/home/user/projects/AIDRBench/results/nature_mainline/workload_composition_v4/confirmation/f10/scenarios/single/hourly_seed_960109,b248c34410b6f546d9bd8e57e78cd566e22fd8f5103cd5ac688f2509ccb561d9,True,0.0,193.4389798490304,58,518,6289.92,LP_batch_permission_scenario
f10,0.1,confirmation,960110,/home/user/projects/AIDRBench/results/nature_mainline/workload_composition_v4/confirmation/f10/scenarios/single/hourly_seed_960110,770fe79eb5479c37e2a97508040b336c4dce7ac388f111e91d578cd9376cb6a3,True,0.0,193.4389798490304,58,518,6289.92,LP_batch_permission_scenario
f10,0.1,confirmation,960111,/home/user/projects/AIDRBench/results/nature_mainline/workload_composition_v4/confirmation/f10/scenarios/single/hourly_seed_960111,417c783a9f7312bd01b14ad100f6eed579a6cabef6b6599c2b5a31693ab698b9,True,0.0,193.4389798490304,58,518,6289.92,LP_batch_permission_scenario
f10,0.1,confirmation,960112,/home/user/projects/AIDRBench/results/nature_mainline/workload_composition_v4/confirmation/f10/scenarios/single/hourly_seed_960112,c2f57fc8cdca758b36efd1ff0834e28e08f0bff4a4c4ffbd2c8a14592a52e537,True,0.0,193.4389798490304,58,518,6289.92,LP_batch_permission_scenario
f10,0.1,confirmation,960113,/home/user/projects/AIDRBench/results/nature_mainline/workload_composition_v4/confirmation/f10/scenarios/single/hourly_seed_960113,bc9a03371335304b045b0635bbac8322524f38ba519f15b88b094fb9d0980cf2,True,0.0,193.4389798490304,58,518,6289.92,LP_batch_permission_scenario
f10,0.1,confirmation,960114,/home/user/projects/AIDRBench/results/nature_mainline/workload_composition_v4/confirmation/f10/scenarios/single/hourly_seed_960114,8b1dbdecbbfa3b50988b651b94765701f8c17ca0711d030bd93cfbcd08d690eb,True,0.0,193.4389798490304,58,518,6289.92,LP_batch_permission_scenario
f10,0.1,confirmation,960115,/home/user/projects/AIDRBench/results/nature_mainline/workload_composition_v4/confirmation/f10/scenarios/single/hourly_seed_960115,0c625b250dad7f914a6be5674d61188225583cbbb1463079ad07ac0fde8a872f,True,0.0,193.4389798490304,58,518,6289.92,LP_batch_permission_scenario
f10,0.1,confirmation,960116,/home/user/projects/AIDRBench/results/nature_mainline/workload_composition_v4/confirmation/f10/scenarios/single/hourly_seed_960116,6691405aac627312b857d830a67beecd75d98849a32a12a51d592c580f94b008,True,0.0,193.4389798490304,58,518,6289.92,LP_batch_permission_scenario
f10,0.1,confirmation,960117,/home/user/projects/AIDRBench/results/nature_mainline/workload_composition_v4/confirmation/f10/scenarios/single/hourly_seed_960117,f6a458fbdd7426b8753342a6f74296c77eff98b60071dce41b16e70d5e32f8ee,True,0.0,193.4389798490304,58,518,6289.92,LP_batch_permission_scenario
f10,0.1,confirmation,960118,/home/user/projects/AIDRBench/results/nature_mainline/workload_composition_v4/confirmation/f10/scenarios/single/hourly_seed_960118,5b617ced1969288e2c0ed103abef025aee4cf3031f6485b3cc5663c20346bbad,True,0.0,193.4389798490304,58,518,6289.92,LP_batch_permission_scenario
f10,0.1,confirmation,960119,/home/user/projects/AIDRBench/results/nature_mainline/workload_composition_v4/confirmation/f10/scenarios/single/hourly_seed_960119,64faf079a4366fb83f246edc9cb2e7612083c4bb06c4895d8b60cf49fb16f142,True,0.0,193.4389798490304,58,518,6289.92,LP_batch_permission_scenario
f10,0.1,confirmation,960120,/home/user/projects/AIDRBench/results/nature_mainline/workload_composition_v4/confirmation/f10/scenarios/single/hourly_seed_960120,962457fc470bf11c43a63d3a61a0eb28ab02ba5a7663f2dde02ac33847d57e31,True,0.0,193.4389798490304,58,518,6289.92,LP_batch_permission_scenario
f10,0.1,confirmation,960121,/home/user/projects/AIDRBench/results/nature_mainline/workload_composition_v4/confirmation/f10/scenarios/single/hourly_seed_960121,d5aa1a71ceb507375407f6ba60d9826efd192aaf4515d54084833d60400d148b,True,0.0,193.4389798490304,58,518,6289.92,LP_batch_permission_scenario
f10,0.1,confirmation,960122,/home/user/projects/AIDRBench/results/nature_mainline/workload_composition_v4/confirmation/f10/scenarios/single/hourly_seed_960122,4865b0372cbd45a5472a85b3cd0f48f46f95588f2f1ca77bc9125cf501d6153c,True,0.0,193.4389798490304,58,518,6289.92,LP_batch_permission_scenario
f10,0.1,confirmation,960123,/home/user/projects/AIDRBench/results/nature_mainline/workload_composition_v4/confirmation/f10/scenarios/single/hourly_seed_960123,68e636d6ec30e684c62d6bde8920391568a2d3b0f0f846f3eb497045cae979d9,True,0.0,193.4389798490304,58,518,6289.92,LP_batch_permission_scenario
f10,0.1,confirmation,960124,/home/user/projects/AIDRBench/results/nature_mainline/workload_composition_v4/confirmation/f10/scenarios/single/hourly_seed_960124,dca266a619d95dbb04bf627d705b42e3bf1f88a24a74c628fbdc489b680f9f2f,True,0.0,193.4389798490304,58,518,6289.92,LP_batch_permission_scenario
f10,0.1,confirmation,960125,/home/user/projects/AIDRBench/results/nature_mainline/workload_composition_v4/confirmation/f10/scenarios/single/hourly_seed_960125,3d5cc551a854f268bcdcb613c638f9f9d501b9558563550250a39c5098d5df2c,True,0.0,193.4389798490304,58,518,6289.92,LP_batch_permission_scenario
f10,0.1,confirmation,960126,/home/user/projects/AIDRBench/results/nature_mainline/workload_composition_v4/confirmation/f10/scenarios/single/hourly_seed_960126,1be60a33942b4aa4016c02a9c08cfc00398b52b7f02cefcc29c3eeff5b079c68,True,0.0,193.4389798490304,58,518,6289.92,LP_batch_permission_scenario
f10,0.1,confirmation,960127,/home/user/projects/AIDRBench/results/nature_mainline/workload_composition_v4/confirmation/f10/scenarios/single/hourly_seed_960127,1f9afa720ad7dd5a544881d2ee24ac9d3387e7c9cc44d3438c674c9b66ac6c77,True,0.0,193.4389798490304,58,518,6289.92,LP_batch_permission_scenario
f10,0.1,confirmation,960128,/home/user/projects/AIDRBench/results/nature_mainline/workload_composition_v4/confirmation/f10/scenarios/single/hourly_seed_960128,5c9b143ed8ee723882aa3c1984e665379cc942412dbb2b8185d9ffad9dc5eba2,True,0.0,193.4389798490304,58,518,6289.92,LP_batch_permission_scenario
f10,0.1,confirmation,960129,/home/user/projects/AIDRBench/results/nature_mainline/workload_composition_v4/confirmation/f10/scenarios/single/hourly_seed_960129,72d61354543f3af39e3b3cb8d74076e37e522d2e6e836fd3084759b8a9bf5790,True,0.0,193.4389798490304,58,518,6289.92,LP_batch_permission_scenario
f10,0.1,confirmation,960130,/home/user/projects/AIDRBench/results/nature_mainline/workload_composition_v4/confirmation/f10/scenarios/single/hourly_seed_960130,6b47863a34ef5a253b913cb519699bdf7aeb09d13ca698ac1570d67975d9d028,True,0.0,193.4389798490304,58,518,6289.92,LP_batch_permission_scenario
f10,0.1,confirmation,960131,/home/user/projects/AIDRBench/results/nature_mainline/workload_composition_v4/confirmation/f10/scenarios/single/hourly_seed_960131,52dd8cddf5579c8cc15056f87be3de72a3ac9fcbb6efb971ca9b6fc59dc0008a,True,0.0,193.4389798490304,58,518,6289.92,LP_batch_permission_scenario
f10,0.1,confirmation,960132,/home/user/projects/AIDRBench/results/nature_mainline/workload_composition_v4/confirmation/f10/scenarios/single/hourly_seed_960132,74e9ebfe1bbf0c6f238963072eba870d7e3cce1f78b5b213398572a938680799,True,0.0,193.4389798490304,58,518,6289.92,LP_batch_permission_scenario
f10,0.1,confirmation,960133,/home/user/projects/AIDRBench/results/nature_mainline/workload_composition_v4/confirmation/f10/scenarios/single/hourly_seed_960133,a0d6d733a70db36b6edb241526f0400922f2351c60681f4ab5ef8e73d068b91f,True,0.0,193.4389798490304,58,518,6289.92,LP_batch_permission_scenario
f10,0.1,confirmation,960134,/home/user/projects/AIDRBench/results/nature_mainline/workload_composition_v4/confirmation/f10/scenarios/single/hourly_seed_960134,2d6581068b533f5694c3eab0ab349a3db7dd5bc452515fff7299e7927ba92640,True,0.0,193.4389798490304,58,518,6289.92,LP_batch_permission_scenario
f10,0.1,confirmation,960135,/home/user/projects/AIDRBench/results/nature_mainline/workload_composition_v4/confirmation/f10/scenarios/single/hourly_seed_960135,364f4570187bb862212cd1a4675a7e82cb27c00e07e900dc8d928df3b22dbe4b,True,0.0,193.4389798490304,58,518,6289.92,LP_batch_permission_scenario
f10,0.1,confirmation,960136,/home/user/projects/AIDRBench/results/nature_mainline/workload_composition_v4/confirmation/f10/scenarios/single/hourly_seed_960136,05b8727f452038a1906e59fde0d0efed24136df94b5f428776562e4b3242d167,True,0.0,193.4389798490304,58,518,6289.92,LP_batch_permission_scenario
f10,0.1,confirmation,960137,/home/user/projects/AIDRBench/results/nature_mainline/workload_composition_v4/confirmation/f10/scenarios/single/hourly_seed_960137,a0844e3012ce60714d279494cafd90a105d4e9dc301db3aeaadbf5c2bd68df2e,True,0.0,193.4389798490304,58,518,6289.92,LP_batch_permission_scenario
f10,0.1,confirmation,960138,/home/user/projects/AIDRBench/results/nature_mainline/workload_composition_v4/confirmation/f10/scenarios/single/hourly_seed_960138,164fe6437663aa1082b0d825341d4da2c76030fe52f3804c05cdd527991ce375,True,0.0,193.4389798490304,58,518,6289.92,LP_batch_permission_scenario
f10,0.1,confirmation,960139,/home/user/projects/AIDRBench/results/nature_mainline/workload_composition_v4/confirmation/f10/scenarios/single/hourly_seed_960139,746c5efa44919c89cacdafe2d24261f4c1fd188291757ae46a26afb21d75cecf,True,0.0,193.4389798490304,58,518,6289.92,LP_batch_permission_scenario
f10,0.1,confirmation,960140,/home/user/projects/AIDRBench/results/nature_mainline/workload_composition_v4/confirmation/f10/scenarios/single/hourly_seed_960140,96083504654761c3ab7284195f251e7cc1f70e648fa153669235d9423bb5bc69,True,0.0,193.4389798490304,58,518,6289.92,LP_batch_permission_scenario
f10,0.1,confirmation,960141,/home/user/projects/AIDRBench/results/nature_mainline/workload_composition_v4/confirmation/f10/scenarios/single/hourly_seed_960141,aa4c7b663a8db79158531a754866a09300140c65eb927d3b1cd8fd434c02ce5b,True,0.0,193.4389798490304,58,518,6289.92,LP_batch_permission_scenario
f10,0.1,confirmation,960142,/home/user/projects/AIDRBench/results/nature_mainline/workload_composition_v4/confirmation/f10/scenarios/single/hourly_seed_960142,a4d4d8855b61522ca23f4e2646f39fdbd41e93694922c34699a1265123ff3d93,True,0.0,193.4389798490304,58,518,6289.92,LP_batch_permission_scenario
f10,0.1,confirmation,960143,/home/user/projects/AIDRBench/results/nature_mainline/workload_composition_v4/confirmation/f10/scenarios/single/hourly_seed_960143,d85558103bd2b1d5b775e8db1b04ab4ccc41b7718c09350821d675b8a990555b,True,0.0,193.4389798490304,58,518,6289.92,LP_batch_permission_scenario
f10,0.1,confirmation,960144,/home/user/projects/AIDRBench/results/nature_mainline/workload_composition_v4/confirmation/f10/scenarios/single/hourly_seed_960144,3c38cff074c6fe2c26e7d33e9a88be02e56a8c648939cb78daf18cacc37c8c1b,True,0.0,193.4389798490304,58,518,6289.92,LP_batch_permission_scenario
f10,0.1,confirmation,960145,/home/user/projects/AIDRBench/results/nature_mainline/workload_composition_v4/confirmation/f10/scenarios/single/hourly_seed_960145,f81db03da288c5f621e8fe1b6ff90c317d6b34239f761cf2246d56437d15dc6a,True,0.0,193.4389798490304,58,518,6289.92,LP_batch_permission_scenario
f10,0.1,confirmation,960146,/home/user/projects/AIDRBench/results/nature_mainline/workload_composition_v4/confirmation/f10/scenarios/single/hourly_seed_960146,a0a25307a3ddf5b838768fcbed299a6e52875e6c675d87078cdb40a13a9e0031,True,0.0,193.4389798490304,58,518,6289.92,LP_batch_permission_scenario
f10,0.1,confirmation,960147,/home/user/projects/AIDRBench/results/nature_mainline/workload_composition_v4/confirmation/f10/scenarios/single/hourly_seed_960147,89b28ca2eb038417af4f50c5481e17fab24479f8c59821157e0b7749330ba8c1,True,0.0,193.4389798490304,58,518,6289.92,LP_batch_permission_scenario
f10,0.1,confirmation,960148,/home/user/projects/AIDRBench/results/nature_mainline/workload_composition_v4/confirmation/f10/scenarios/single/hourly_seed_960148,0855835714aae997803a3d3eb40eef777d1a4b5ce08271944f13cc9e6129487e,True,0.0,193.4389798490304,58,518,6289.92,LP_batch_permission_scenario
f10,0.1,confirmation,960149,/home/user/projects/AIDRBench/results/nature_mainline/workload_composition_v4/confirmation/f10/scenarios/single/hourly_seed_960149,cd3b85d6379f6b6b06a22c65f73918260fbb2510a9aa5d7462331e93ad445770,True,0.0,193.4389798490304,58,518,6289.92,LP_batch_permission_scenario
f10,0.1,confirmation,960150,/home/user/projects/AIDRBench/results/nature_mainline/workload_composition_v4/confirmation/f10/scenarios/single/hourly_seed_960150,ba8305189fcc6789fbb49551dbfa390692e0664e991821b08939857f86594c18,True,0.0,193.4389798490304,58,518,6289.92,LP_batch_permission_scenario
f10,0.1,confirmation,960151,/home/user/projects/AIDRBench/results/nature_mainline/workload_composition_v4/confirmation/f10/scenarios/single/hourly_seed_960151,07779d7d72ff040f3af22fd608119b6293318b7ce8963026c899166aa1afb563,True,0.0,193.4389798490304,58,518,6289.92,LP_batch_permission_scenario
f10,0.1,confirmation,960152,/home/user/projects/AIDRBench/results/nature_mainline/workload_composition_v4/confirmation/f10/scenarios/single/hourly_seed_960152,b9b7e7899f627351bcf95f04e4a088cb0b345a8430086d1206d158b498d6b335,True,0.0,193.4389798490304,58,518,6289.92,LP_batch_permission_scenario
f10,0.1,confirmation,960153,/home/user/projects/AIDRBench/results/nature_mainline/workload_composition_v4/confirmation/f10/scenarios/single/hourly_seed_960153,def2e5c522871f47fb54bdfd351c546baba974140174306d3e87a23b60c6de3b,True,0.0,193.4389798490304,58,518,6289.92,LP_batch_permission_scenario
f10,0.1,confirmation,960154,/home/user/projects/AIDRBench/results/nature_mainline/workload_composition_v4/confirmation/f10/scenarios/single/hourly_seed_960154,fafde4b0042a80105607860c80556a7e507427f08ddcbe70c48aec23601171b5,True,0.0,193.4389798490304,58,518,6289.92,LP_batch_permission_scenario
f10,0.1,confirmation,960155,/home/user/projects/AIDRBench/results/nature_mainline/workload_composition_v4/confirmation/f10/scenarios/single/hourly_seed_960155,88c1d0e3f6e0894a1252276e3dccb639033cc4d8f8f88308ab281051b901e8ba,True,0.0,193.4389798490304,58,518,6289.92,LP_batch_permission_scenario
f10,0.1,confirmation,960156,/home/user/projects/AIDRBench/results/nature_mainline/workload_composition_v4/confirmation/f10/scenarios/single/hourly_seed_960156,85f64837d53a614244156bcaaee139377c89aed369618d1850ab68638ebf3415,True,0.0,193.4389798490304,58,518,6289.92,LP_batch_permission_scenario
f10,0.1,confirmation,960157,/home/user/projects/AIDRBench/results/nature_mainline/workload_composition_v4/confirmation/f10/scenarios/single/hourly_seed_960157,84cdbd06b5595cbc234d97d3913a9e03967049296711d70160e8d3361314a3dc,True,0.0,193.4389798490304,58,518,6289.92,LP_batch_permission_scenario
f10,0.1,confirmation,960158,/home/user/projects/AIDRBench/results/nature_mainline/workload_composition_v4/confirmation/f10/scenarios/single/hourly_seed_960158,0f4dd80259c94ece1316b978486e98df5639da9d0a51ba9f8c04c19a0d6a1245,True,0.0,193.4389798490304,58,518,6289.92,LP_batch_permission_scenario
f10,0.1,confirmation,960159,/home/user/projects/AIDRBench/results/nature_mainline/workload_composition_v4/confirmation/f10/scenarios/single/hourly_seed_960159,2d323c02479fc14a2b7cbfd1b9affd849fd7de50e241e90093f7999ca308c894,True,0.0,193.4389798490304,58,518,6289.92,LP_batch_permission_scenario
f10,0.1,confirmation,960160,/home/user/projects/AIDRBench/results/nature_mainline/workload_composition_v4/confirmation/f10/scenarios/single/hourly_seed_960160,a5a33d323b74c55e4d1a851c55eb15fb16ff7fa4fac083f5591cfbd8daf51eed,True,0.0,193.4389798490304,58,518,6289.92,LP_batch_permission_scenario
f10,0.1,confirmation,960161,/home/user/projects/AIDRBench/results/nature_mainline/workload_composition_v4/confirmation/f10/scenarios/single/hourly_seed_960161,df85446d9f3afe440afa0598c6d331fc721bb46bdd3c5e2d2741f862ce6ffa0a,True,0.0,193.4389798490304,58,518,6289.92,LP_batch_permission_scenario
f10,0.1,confirmation,960162,/home/user/projects/AIDRBench/results/nature_mainline/workload_composition_v4/confirmation/f10/scenarios/single/hourly_seed_960162,e9b89034b13ef5dd50d5431fe50a0d171dcb1fc7ae12b6437f0956ec4615fc9c,True,0.0,193.4389798490304,58,518,6289.92,LP_batch_permission_scenario
f10,0.1,confirmation,960163,/home/user/projects/AIDRBench/results/nature_mainline/workload_composition_v4/confirmation/f10/scenarios/single/hourly_seed_960163,ed91adf464a4eab583904ee2104adb0eb74b2997f8e13d470d969358c04322a8,True,0.0,193.4389798490304,58,518,6289.92,LP_batch_permission_scenario
f10,0.1,confirmation,960164,/home/user/projects/AIDRBench/results/nature_mainline/workload_composition_v4/confirmation/f10/scenarios/single/hourly_seed_960164,0547f5dc8bc4f2615f8d8cc124e3226956ec2c133aa80dd559aff8adddd79df4,True,0.0,193.4389798490304,58,518,6289.92,LP_batch_permission_scenario
f10,0.1,confirmation,960165,/home/user/projects/AIDRBench/results/nature_mainline/workload_composition_v4/confirmation/f10/scenarios/single/hourly_seed_960165,b51c6a6435abfc5aed4a317a93480a0c648af2a4d08182f0fdf43e3982a8c65a,True,0.0,193.4389798490304,58,518,6289.92,LP_batch_permission_scenario
f10,0.1,confirmation,960166,/home/user/projects/AIDRBench/results/nature_mainline/workload_composition_v4/confirmation/f10/scenarios/single/hourly_seed_960166,30c15a66141dc31792eebed879c3726b7bb12a51c4244342386936ab580e68e9,True,0.0,193.4389798490304,58,518,6289.92,LP_batch_permission_scenario
f10,0.1,confirmation,960167,/home/user/projects/AIDRBench/results/nature_mainline/workload_composition_v4/confirmation/f10/scenarios/single/hourly_seed_960167,54b0b4a9166ffbbab81148a3658990bac6d2cb2f179a865aab245013a9baf3c5,True,0.0,193.4389798490304,58,518,6289.92,LP_batch_permission_scenario
f10,0.1,confirmation,960168,/home/user/projects/AIDRBench/results/nature_mainline/workload_composition_v4/confirmation/f10/scenarios/single/hourly_seed_960168,1209249a5c2297bf89482c95ff633115e38e0c2de5d289325ff627b50d6b56f9,True,0.0,193.4389798490304,58,518,6289.92,LP_batch_permission_scenario
f10,0.1,confirmation,960169,/home/user/projects/AIDRBench/results/nature_mainline/workload_composition_v4/confirmation/f10/scenarios/single/hourly_seed_960169,6521449f165a6003ae09849d0b14c4f622e744d5e6f6810f1509354c263dc18c,True,0.0,193.4389798490304,58,518,6289.92,LP_batch_permission_scenario
f10,0.1,confirmation,960170,/home/user/projects/AIDRBench/results/nature_mainline/workload_composition_v4/confirmation/f10/scenarios/single/hourly_seed_960170,88cf6ddb5fec5b7bbfeeb81c53f1390fa9fe4376bb455298d6dff1135ce06a82,True,0.0,193.4389798490304,58,518,6289.92,LP_batch_permission_scenario
f10,0.1,confirmation,960171,/home/user/projects/AIDRBench/results/nature_mainline/workload_composition_v4/confirmation/f10/scenarios/single/hourly_seed_960171,c46937b2bde13e56cbc3ca1b2733c14837d24694fef2ffdb25a83fdf247d643f,True,0.0,193.4389798490304,58,518,6289.92,LP_batch_permission_scenario
f10,0.1,confirmation,960172,/home/user/projects/AIDRBench/results/nature_mainline/workload_composition_v4/confirmation/f10/scenarios/single/hourly_seed_960172,fa9195c8e5dae08b391efbc01521441e9ce7c38a82140ec0c11dcc1934182dc1,True,0.0,193.4389798490304,58,518,6289.92,LP_batch_permission_scenario
f10,0.1,confirmation,960173,/home/user/projects/AIDRBench/results/nature_mainline/workload_composition_v4/confirmation/f10/scenarios/single/hourly_seed_960173,ffeaa9af0cb8fea8cbf519b1b62900769cd542b7365008c2972fbe203eb96991,True,0.0,193.4389798490304,58,518,6289.92,LP_batch_permission_scenario
f10,0.1,confirmation,960174,/home/user/projects/AIDRBench/results/nature_mainline/workload_composition_v4/confirmation/f10/scenarios/single/hourly_seed_960174,6353b18dbf210233e3d97c718cd073501af1c7568bd9d0fe7dddc078fef3e779,True,0.0,193.4389798490304,58,518,6289.92,LP_batch_permission_scenario
f10,0.1,confirmation,960175,/home/user/projects/AIDRBench/results/nature_mainline/workload_composition_v4/confirmation/f10/scenarios/single/hourly_seed_960175,30e9681c2db8ce499741c83359efad898f6dd77e099f55a0fff3d75b6ac124c2,True,0.0,193.4389798490304,58,518,6289.92,LP_batch_permission_scenario
f10,0.1,confirmation,960176,/home/user/projects/AIDRBench/results/nature_mainline/workload_composition_v4/confirmation/f10/scenarios/single/hourly_seed_960176,41814c573fff6b2d7dd32a7aa5312e86d5297096350fe14c09c30cd372154135,True,0.0,193.4389798490304,58,518,6289.92,LP_batch_permission_scenario
f10,0.1,confirmation,960177,/home/user/projects/AIDRBench/results/nature_mainline/workload_composition_v4/confirmation/f10/scenarios/single/hourly_seed_960177,2f8f1826f779fe682bfda8da14d3dc27ef9cdfdcac525160bbc1223f7bc520f4,True,0.0,193.4389798490304,58,518,6289.92,LP_batch_permission_scenario
f10,0.1,confirmation,960178,/home/user/projects/AIDRBench/results/nature_mainline/workload_composition_v4/confirmation/f10/scenarios/single/hourly_seed_960178,ed403991aa4cf85eed4b20f5b768014b5ceb36936f389b773f433312df9e8294,True,0.0,193.4389798490304,58,518,6289.92,LP_batch_permission_scenario
f10,0.1,confirmation,960179,/home/user/projects/AIDRBench/results/nature_mainline/workload_composition_v4/confirmation/f10/scenarios/single/hourly_seed_960179,dc498b3be1c6cb4e34dcd5e515b837b625861625777676991254efd391a34ae1,True,0.0,193.4389798490304,58,518,6289.92,LP_batch_permission_scenario
f10,0.1,confirmation,960180,/home/user/projects/AIDRBench/results/nature_mainline/workload_composition_v4/confirmation/f10/scenarios/single/hourly_seed_960180,c0e567d1445263b2380fae5a00ff25579011468813f119dbf7036c2a4d5866ae,True,0.0,193.4389798490304,58,518,6289.92,LP_batch_permission_scenario
f10,0.1,confirmation,960181,/home/user/projects/AIDRBench/results/nature_mainline/workload_composition_v4/confirmation/f10/scenarios/single/hourly_seed_960181,b4dc262afc7f16cc52e502c41fac094f8fb8790c91fc6e027b74fb9b196c761b,True,0.0,193.4389798490304,58,518,6289.92,LP_batch_permission_scenario
f10,0.1,confirmation,960182,/home/user/projects/AIDRBench/results/nature_mainline/workload_composition_v4/confirmation/f10/scenarios/single/hourly_seed_960182,d9f8a7ce078dd6fd309377bcfe5f29803ee847a364cdb6840796b05fcc5bd179,True,0.0,193.4389798490304,58,518,6289.92,LP_batch_permission_scenario
f10,0.1,confirmation,960183,/home/user/projects/AIDRBench/results/nature_mainline/workload_composition_v4/confirmation/f10/scenarios/single/hourly_seed_960183,1a34b69a07ac1e9d9ff88d675ee0ddc798ac612f9effb263320c4202afa826cc,True,0.0,193.4389798490304,58,518,6289.92,LP_batch_permission_scenario
f10,0.1,confirmation,960184,/home/user/projects/AIDRBench/results/nature_mainline/workload_composition_v4/confirmation/f10/scenarios/single/hourly_seed_960184,47f92dbb1a01bb16c4bd57637bb88fdbd1dfea80958afb75a8802d0b61f45655,True,0.0,193.4389798490304,58,518,6289.92,LP_batch_permission_scenario
f10,0.1,confirmation,960185,/home/user/projects/AIDRBench/results/nature_mainline/workload_composition_v4/confirmation/f10/scenarios/single/hourly_seed_960185,8cfc8c889ffd67a034022dc9b02ccc22f9a8cb6bcb4f031af00f34bfbd41c5b8,True,0.0,193.4389798490304,58,518,6289.92,LP_batch_permission_scenario
f10,0.1,confirmation,960186,/home/user/projects/AIDRBench/results/nature_mainline/workload_composition_v4/confirmation/f10/scenarios/single/hourly_seed_960186,8d50b3af1b5ca4396989b794157c610024a96a91dbbd5db5012b4ab2c22dbfa3,True,0.0,193.4389798490304,58,518,6289.92,LP_batch_permission_scenario
f10,0.1,confirmation,960187,/home/user/projects/AIDRBench/results/nature_mainline/workload_composition_v4/confirmation/f10/scenarios/single/hourly_seed_960187,d1f58b624b93dc1c6a7a35ed1d602ca86689a918bc0126f84a0e172268765644,True,0.0,193.4389798490304,58,518,6289.92,LP_batch_permission_scenario
f10,0.1,confirmation,960188,/home/user/projects/AIDRBench/results/nature_mainline/workload_composition_v4/confirmation/f10/scenarios/single/hourly_seed_960188,0fa7f2da517a96f40988ce9cc5d4d10692b4bb20241b2c1ce58d7e1102b2a4f4,True,0.0,193.4389798490304,58,518,6289.92,LP_batch_permission_scenario
f10,0.1,confirmation,960189,/home/user/projects/AIDRBench/results/nature_mainline/workload_composition_v4/confirmation/f10/scenarios/single/hourly_seed_960189,572fedd0a4f01e3033d290d8ed79ff2b406b59270a8289490abb42ccf995cf84,True,0.0,193.4389798490304,58,518,6289.92,LP_batch_permission_scenario
f10,0.1,confirmation,960190,/home/user/projects/AIDRBench/results/nature_mainline/workload_composition_v4/confirmation/f10/scenarios/single/hourly_seed_960190,21b4cfda385a8914f7db865807aa296e2831b0ed635b8bcbf7b914cac653f60c,True,0.0,193.4389798490304,58,518,6289.92,LP_batch_permission_scenario
f10,0.1,confirmation,960191,/home/user/projects/AIDRBench/results/nature_mainline/workload_composition_v4/confirmation/f10/scenarios/single/hourly_seed_960191,5cc36dd851f0cb59326a8ae0f6fc898847e11e9f72aa678f279a417dd2ca2b9c,True,0.0,193.4389798490304,58,518,6289.92,LP_batch_permission_scenario
f10,0.1,confirmation,960192,/home/user/projects/AIDRBench/results/nature_mainline/workload_composition_v4/confirmation/f10/scenarios/single/hourly_seed_960192,5f9d0dbb7fcacbc38e13c6ab86c1bfa239435bbe1ea33cf12e6d21d161d67f73,True,0.0,193.4389798490304,58,518,6289.92,LP_batch_permission_scenario
f10,0.1,confirmation,960193,/home/user/projects/AIDRBench/results/nature_mainline/workload_composition_v4/confirmation/f10/scenarios/single/hourly_seed_960193,4d5b478a62659f14054b6647eb0fd7e4dcb00becaf1019362fc7b8087d43d68c,True,0.0,193.4389798490304,58,518,6289.92,LP_batch_permission_scenario
f10,0.1,confirmation,960194,/home/user/projects/AIDRBench/results/nature_mainline/workload_composition_v4/confirmation/f10/scenarios/single/hourly_seed_960194,e9d13ba9dae850a9a517a7d38ed0d2223e4b0caee81b054b00c617b07421ec0f,True,0.0,193.4389798490304,58,518,6289.92,LP_batch_permission_scenario
f10,0.1,confirmation,960195,/home/user/projects/AIDRBench/results/nature_mainline/workload_composition_v4/confirmation/f10/scenarios/single/hourly_seed_960195,fbc33d66389afa9454eef644c4223efbd3b9978b384932c36f6956014f418577,True,0.0,193.4389798490304,58,518,6289.92,LP_batch_permission_scenario
f10,0.1,confirmation,960196,/home/user/projects/AIDRBench/results/nature_mainline/workload_composition_v4/confirmation/f10/scenarios/single/hourly_seed_960196,5e24b337e33ec2cbc3703bea91e058d23254a66c99a1e70885ac53e94e8ccfbe,True,0.0,193.4389798490304,58,518,6289.92,LP_batch_permission_scenario
f10,0.1,confirmation,960197,/home/user/projects/AIDRBench/results/nature_mainline/workload_composition_v4/confirmation/f10/scenarios/single/hourly_seed_960197,5690114e3470942d2bd22787587a6d0d184f6ee3485295c6b6426911f69e2222,True,0.0,193.4389798490304,58,518,6289.92,LP_batch_permission_scenario
f10,0.1,confirmation,960198,/home/user/projects/AIDRBench/results/nature_mainline/workload_composition_v4/confirmation/f10/scenarios/single/hourly_seed_960198,231aa8f83ef5d5d15529c5d2be09e933a8fbc79f73c502be9b2d11f5b732f8d6,True,0.0,193.4389798490304,58,518,6289.92,LP_batch_permission_scenario
f10,0.1,confirmation,960199,/home/user/projects/AIDRBench/results/nature_mainline/workload_composition_v4/confirmation/f10/scenarios/single/hourly_seed_960199,106acda8fc7303a1701e34da1b995e8ce29b485ad9c9312efe0dfa8e921cd56d,True,0.0,193.4389798490304,58,518,6289.92,LP_batch_permission_scenario
f10,0.1,confirmation,960200,/home/user/projects/AIDRBench/results/nature_mainline/workload_composition_v4/confirmation/f10/scenarios/single/hourly_seed_960200,d1917a9997331b2ac3b56d3f39789957d13a3406e81a1d03f75c94e2bc79505b,True,0.0,193.4389798490304,58,518,6289.92,LP_batch_permission_scenario
f10,0.1,confirmation,960201,/home/user/projects/AIDRBench/results/nature_mainline/workload_composition_v4/confirmation/f10/scenarios/single/hourly_seed_960201,868fdd321a84c5232a1be46085c432b092017e01601f2427956c4d4255e08f9d,True,0.0,193.4389798490304,58,518,6289.92,LP_batch_permission_scenario
f10,0.1,confirmation,960202,/home/user/projects/AIDRBench/results/nature_mainline/workload_composition_v4/confirmation/f10/scenarios/single/hourly_seed_960202,5a269bdf810b212a712c04b21504c40e52da2db4096bf498d622bbc094a2aa58,True,0.0,193.4389798490304,58,518,6289.92,LP_batch_permission_scenario
f10,0.1,confirmation,960203,/home/user/projects/AIDRBench/results/nature_mainline/workload_composition_v4/confirmation/f10/scenarios/single/hourly_seed_960203,198e4edda592eb3a70fc8010384c99dd90988e8e3b75e11d69aac6a57e0411ae,True,0.0,193.4389798490304,58,518,6289.92,LP_batch_permission_scenario
f10,0.1,confirmation,960204,/home/user/projects/AIDRBench/results/nature_mainline/workload_composition_v4/confirmation/f10/scenarios/single/hourly_seed_960204,99aa9b75250ae4f3b0f4fb3c2e8b35da517c0e41d1bcfc59c733edd9b18435d5,True,0.0,193.4389798490304,58,518,6289.92,LP_batch_permission_scenario
f10,0.1,confirmation,960205,/home/user/projects/AIDRBench/results/nature_mainline/workload_composition_v4/confirmation/f10/scenarios/single/hourly_seed_960205,71040ea6827b3b443b9ef893585fddf46d54fbf522ec8f125525ee20c6c131d5,True,0.0,193.4389798490304,58,518,6289.92,LP_batch_permission_scenario
f10,0.1,confirmation,960206,/home/user/projects/AIDRBench/results/nature_mainline/workload_composition_v4/confirmation/f10/scenarios/single/hourly_seed_960206,8dcf1acdfb5d98a07aa437185f1bd1c44c373fc46e6c93d93c79fa75b1739a3e,True,0.0,193.4389798490304,58,518,6289.92,LP_batch_permission_scenario
f10,0.1,confirmation,960207,/home/user/projects/AIDRBench/results/nature_mainline/workload_composition_v4/confirmation/f10/scenarios/single/hourly_seed_960207,7344e7005d87cffb23c44b5b9904dba1dc62410714ca10153c9d0f7df6262665,True,0.0,193.4389798490304,58,518,6289.92,LP_batch_permission_scenario
f10,0.1,confirmation,960208,/home/user/projects/AIDRBench/results/nature_mainline/workload_composition_v4/confirmation/f10/scenarios/single/hourly_seed_960208,38c6ef367df4a30b09c07d07ce262ee228a360d55f4df496efe94d4fefda6f94,True,0.0,193.4389798490304,58,518,6289.92,LP_batch_permission_scenario
f10,0.1,confirmation,960209,/home/user/projects/AIDRBench/results/nature_mainline/workload_composition_v4/confirmation/f10/scenarios/single/hourly_seed_960209,c9689af24eda83f975bf20896fa720d2eb357a516dceac3844b6f6dc99bfbfcf,True,0.0,193.4389798490304,58,518,6289.92,LP_batch_permission_scenario
f10,0.1,confirmation,960210,/home/user/projects/AIDRBench/results/nature_mainline/workload_composition_v4/confirmation/f10/scenarios/single/hourly_seed_960210,ec554c3ecc0c45e9a3afe53d7d7f2ba56e896af5712609d76614c1249225ec25,True,0.0,193.4389798490304,58,518,6289.92,LP_batch_permission_scenario
f10,0.1,confirmation,960211,/home/user/projects/AIDRBench/results/nature_mainline/workload_composition_v4/confirmation/f10/scenarios/single/hourly_seed_960211,be1f7fb64aa04856beccb8933f8959f3c91fa1c1722fe0906949c20656dfef08,True,0.0,193.4389798490304,58,518,6289.92,LP_batch_permission_scenario
f10,0.1,confirmation,960212,/home/user/projects/AIDRBench/results/nature_mainline/workload_composition_v4/confirmation/f10/scenarios/single/hourly_seed_960212,89fa6b1597402c75b10d60f9be5f8bccf4532f2e52de4eb8ca0e34db025db8c8,True,0.0,193.4389798490304,58,518,6289.92,LP_batch_permission_scenario
f10,0.1,confirmation,960213,/home/user/projects/AIDRBench/results/nature_mainline/workload_composition_v4/confirmation/f10/scenarios/single/hourly_seed_960213,89bf85e34c367df059732a401f3dab43f0b26d2d42ae4de3eaba8ff6df79496c,True,0.0,193.4389798490304,58,518,6289.92,LP_batch_permission_scenario
f10,0.1,confirmation,960214,/home/user/projects/AIDRBench/results/nature_mainline/workload_composition_v4/confirmation/f10/scenarios/single/hourly_seed_960214,e02acb1fbdf014060e2f439cf3b6573e7b3ba733c0f91eaab1873a5064e2b89d,True,0.0,193.4389798490304,58,518,6289.92,LP_batch_permission_scenario
f10,0.1,confirmation,960215,/home/user/projects/AIDRBench/results/nature_mainline/workload_composition_v4/confirmation/f10/scenarios/single/hourly_seed_960215,d0ffb509debfc3e9fa47269b3565a391f7eb395c3f60c8d00af9a50097ec8803,True,0.0,193.4389798490304,58,518,6289.92,LP_batch_permission_scenario
f10,0.1,confirmation,960216,/home/user/projects/AIDRBench/results/nature_mainline/workload_composition_v4/confirmation/f10/scenarios/single/hourly_seed_960216,89fdff37511e92e6a36b14159253219f5040a54279e04d1970433e8179fdc85d,True,0.0,193.4389798490304,58,518,6289.92,LP_batch_permission_scenario
f10,0.1,confirmation,960217,/home/user/projects/AIDRBench/results/nature_mainline/workload_composition_v4/confirmation/f10/scenarios/single/hourly_seed_960217,aca70074fac5752d89ca9df07d11d3e984864b9bb9e1030ff3c2b76bb60a012d,True,0.0,193.4389798490304,58,518,6289.92,LP_batch_permission_scenario
f10,0.1,confirmation,960218,/home/user/projects/AIDRBench/results/nature_mainline/workload_composition_v4/confirmation/f10/scenarios/single/hourly_seed_960218,d7103c59875bb801fc1d36b7958ff71844cf15561ff2a90ba60f1208c74269e2,True,0.0,193.4389798490304,58,518,6289.92,LP_batch_permission_scenario
f10,0.1,confirmation,960219,/home/user/projects/AIDRBench/results/nature_mainline/workload_composition_v4/confirmation/f10/scenarios/single/hourly_seed_960219,dd3289c5fc978a65b826ac6de51055fd20638968cf807bed2f12e4173673b523,True,0.0,193.4389798490304,58,518,6289.92,LP_batch_permission_scenario
f10,0.1,confirmation,960220,/home/user/projects/AIDRBench/results/nature_mainline/workload_composition_v4/confirmation/f10/scenarios/single/hourly_seed_960220,7c8fbbb617edc58cb190ed7670bce9a5c94739f731c653e050f239ddcf9454ae,True,0.0,193.4389798490304,58,518,6289.92,LP_batch_permission_scenario
f10,0.1,confirmation,960221,/home/user/projects/AIDRBench/results/nature_mainline/workload_composition_v4/confirmation/f10/scenarios/single/hourly_seed_960221,1ade10a56f90d14675e9c77b4b81dd8999d3531d19f1e96fd1e1832cd33e0714,True,0.0,193.4389798490304,58,518,6289.92,LP_batch_permission_scenario
f10,0.1,confirmation,960222,/home/user/projects/AIDRBench/results/nature_mainline/workload_composition_v4/confirmation/f10/scenarios/single/hourly_seed_960222,8417872a190a7153deea5d487f8d90c34f503425265f800bcac7b12e8e5c06a0,True,0.0,193.4389798490304,58,518,6289.92,LP_batch_permission_scenario
f10,0.1,confirmation,960223,/home/user/projects/AIDRBench/results/nature_mainline/workload_composition_v4/confirmation/f10/scenarios/single/hourly_seed_960223,399efebce052bc7b9e1cacade0224caa721aacf1c5e90e7be4c70cee256c3a39,True,0.0,193.4389798490304,58,518,6289.92,LP_batch_permission_scenario
f10,0.1,confirmation,960224,/home/user/projects/AIDRBench/results/nature_mainline/workload_composition_v4/confirmation/f10/scenarios/single/hourly_seed_960224,03a037af85b5a3eea1b4d1b0c8735c3a69640d781e2a7322a35c4cc80fdb3764,True,0.0,193.4389798490304,58,518,6289.92,LP_batch_permission_scenario
f10,0.1,confirmation,960225,/home/user/projects/AIDRBench/results/nature_mainline/workload_composition_v4/confirmation/f10/scenarios/single/hourly_seed_960225,68f25fe08821cae4b23dc841a2f58d5e453aa11ba6ad88507c072bd5c4e276c0,True,0.0,193.4389798490304,58,518,6289.92,LP_batch_permission_scenario
f10,0.1,confirmation,960226,/home/user/projects/AIDRBench/results/nature_mainline/workload_composition_v4/confirmation/f10/scenarios/single/hourly_seed_960226,93f99969c89ad08b99beb44da9410ee6767ce91e130b4c1d43676caca33aefcb,True,0.0,193.4389798490304,58,518,6289.92,LP_batch_permission_scenario
f10,0.1,confirmation,960227,/home/user/projects/AIDRBench/results/nature_mainline/workload_composition_v4/confirmation/f10/scenarios/single/hourly_seed_960227,5bd6509f4d0a6b7c3f9103fa13894730464a0a7539542e897b57ffb4f41c7da2,True,0.0,193.4389798490304,58,518,6289.92,LP_batch_permission_scenario
f10,0.1,confirmation,960228,/home/user/projects/AIDRBench/results/nature_mainline/workload_composition_v4/confirmation/f10/scenarios/single/hourly_seed_960228,2e3457f9128a576b027d13aac9b08957fd071fcfdd180f8f2ff43899b129d536,True,0.0,193.4389798490304,58,518,6289.92,LP_batch_permission_scenario
f10,0.1,confirmation,960229,/home/user/projects/AIDRBench/results/nature_mainline/workload_composition_v4/confirmation/f10/scenarios/single/hourly_seed_960229,0c36785010957d605e8df40f9f5dedb9227eb570ff9d22bea9473c3a9fbd3829,True,0.0,193.4389798490304,58,518,6289.92,LP_batch_permission_scenario
f10,0.1,confirmation,960230,/home/user/projects/AIDRBench/results/nature_mainline/workload_composition_v4/confirmation/f10/scenarios/single/hourly_seed_960230,f4fc4a352c465d1fd6941991e08dbcb384cce01cd31b29b966ab2148cdeb2cab,True,0.0,193.4389798490304,58,518,6289.92,LP_batch_permission_scenario
f10,0.1,confirmation,960231,/home/user/projects/AIDRBench/results/nature_mainline/workload_composition_v4/confirmation/f10/scenarios/single/hourly_seed_960231,8298c416d300bbc96ae9c463ea79b78021e9742a7fca5439bf69232d0e09d49f,True,0.0,193.4389798490304,58,518,6289.92,LP_batch_permission_scenario
f10,0.1,confirmation,960232,/home/user/projects/AIDRBench/results/nature_mainline/workload_composition_v4/confirmation/f10/scenarios/single/hourly_seed_960232,56c464c463f5f11506be44cba827696301742df18a764b60a0c950837e13a5dd,True,0.0,193.4389798490304,58,518,6289.92,LP_batch_permission_scenario
f10,0.1,confirmation,960233,/home/user/projects/AIDRBench/results/nature_mainline/workload_composition_v4/confirmation/f10/scenarios/single/hourly_seed_960233,ab2720da8c4b7bcb254d79bb86bb71bd620bb14b7ff06579d1a0dd388819623c,True,0.0,193.4389798490304,58,518,6289.92,LP_batch_permission_scenario
f10,0.1,confirmation,960234,/home/user/projects/AIDRBench/results/nature_mainline/workload_composition_v4/confirmation/f10/scenarios/single/hourly_seed_960234,b0ba6c5de0e1b808abf15685bab1a5fd868962524355142c4f03970282cda2b6,True,0.0,193.4389798490304,58,518,6289.92,LP_batch_permission_scenario
f10,0.1,confirmation,960235,/home/user/projects/AIDRBench/results/nature_mainline/workload_composition_v4/confirmation/f10/scenarios/single/hourly_seed_960235,e3eda7d90ac95b15a063062c0e39b851bf17223957aefd33c1015775c84c561e,True,0.0,193.4389798490304,58,518,6289.92,LP_batch_permission_scenario
f10,0.1,confirmation,960236,/home/user/projects/AIDRBench/results/nature_mainline/workload_composition_v4/confirmation/f10/scenarios/single/hourly_seed_960236,0e50610736970f7e3dae3cf2d99ee1ea0ea1fbaed3ccee705066b6ae0e44b16a,True,0.0,193.4389798490304,58,518,6289.92,LP_batch_permission_scenario
f10,0.1,confirmation,960237,/home/user/projects/AIDRBench/results/nature_mainline/workload_composition_v4/confirmation/f10/scenarios/single/hourly_seed_960237,8ebade91ba7df04b248cd12940b5070404f043b1c982f5699a4908598427087f,True,0.0,193.4389798490304,58,518,6289.92,LP_batch_permission_scenario
f10,0.1,confirmation,960238,/home/user/projects/AIDRBench/results/nature_mainline/workload_composition_v4/confirmation/f10/scenarios/single/hourly_seed_960238,07c27924bc964c55a3d641968fc9ef93586b72b3270dde0533431d842b6c1f93,True,0.0,193.4389798490304,58,518,6289.92,LP_batch_permission_scenario
f10,0.1,confirmation,960239,/home/user/projects/AIDRBench/results/nature_mainline/workload_composition_v4/confirmation/f10/scenarios/single/hourly_seed_960239,0810daa81f1b57e0cea7eda51b967c8b1fc55e2e6dd4f7533f05d6b112110c70,True,0.0,193.4389798490304,58,518,6289.92,LP_batch_permission_scenario
f10,0.1,confirmation,960240,/home/user/projects/AIDRBench/results/nature_mainline/workload_composition_v4/confirmation/f10/scenarios/single/hourly_seed_960240,32850c91d3e1d86a3ea77496a193cfbabeedc80291db5778ba190a37f02ac1e5,True,0.0,193.4389798490304,58,518,6289.92,LP_batch_permission_scenario
f10,0.1,confirmation,960241,/home/user/projects/AIDRBench/results/nature_mainline/workload_composition_v4/confirmation/f10/scenarios/single/hourly_seed_960241,401dd692f0fa38cd29a71898b4bf3e34ae2bff7904ed5706bd57269482d94454,True,0.0,193.4389798490304,58,518,6289.92,LP_batch_permission_scenario
f10,0.1,confirmation,960242,/home/user/projects/AIDRBench/results/nature_mainline/workload_composition_v4/confirmation/f10/scenarios/single/hourly_seed_960242,5e7a559f52979957d5d83a008ed7082b7c87fc47fe2fe4e5c02942695a2d04d3,True,0.0,193.4389798490304,58,518,6289.92,LP_batch_permission_scenario
f10,0.1,confirmation,960243,/home/user/projects/AIDRBench/results/nature_mainline/workload_composition_v4/confirmation/f10/scenarios/single/hourly_seed_960243,ccc2d3047e109b17ed5fd42243b9deae60d7167a00bc3d3b43cda743a741a8a1,True,0.0,193.4389798490304,58,518,6289.92,LP_batch_permission_scenario
f10,0.1,confirmation,960244,/home/user/projects/AIDRBench/results/nature_mainline/workload_composition_v4/confirmation/f10/scenarios/single/hourly_seed_960244,67f98f87087eeaa2e3a153b207e0c11fe8fd1235ca7b1e7fc565798212ee2f7d,True,0.0,193.4389798490304,58,518,6289.92,LP_batch_permission_scenario
f10,0.1,confirmation,960245,/home/user/projects/AIDRBench/results/nature_mainline/workload_composition_v4/confirmation/f10/scenarios/single/hourly_seed_960245,bc41787b6894fade6cbcec3f5dfe60a8dbd16ab18b0dcffc5cd730c15c49b846,True,0.0,193.4389798490304,58,518,6289.92,LP_batch_permission_scenario
f10,0.1,confirmation,960246,/home/user/projects/AIDRBench/results/nature_mainline/workload_composition_v4/confirmation/f10/scenarios/single/hourly_seed_960246,30b1e3d99ffdb2124f6a5315345a9e78c7ed9b980e36f23c31e8fc39b0c7488b,True,0.0,193.4389798490304,58,518,6289.92,LP_batch_permission_scenario
f10,0.1,confirmation,960247,/home/user/projects/AIDRBench/results/nature_mainline/workload_composition_v4/confirmation/f10/scenarios/single/hourly_seed_960247,b37bf39426f8b89b4a56b3866c07b8384763c0b5219f3e91076ee21b47aec317,True,0.0,193.4389798490304,58,518,6289.92,LP_batch_permission_scenario
f10,0.1,confirmation,960248,/home/user/projects/AIDRBench/results/nature_mainline/workload_composition_v4/confirmation/f10/scenarios/single/hourly_seed_960248,12626e9c9471525914be60966e48028a221cb4465ec18d320713bfc86fd0398e,True,0.0,193.4389798490304,58,518,6289.92,LP_batch_permission_scenario
f10,0.1,confirmation,960249,/home/user/projects/AIDRBench/results/nature_mainline/workload_composition_v4/confirmation/f10/scenarios/single/hourly_seed_960249,7c67dac16ef9d5a8c3ccede95fee548ab6bf274157d215ae5bcd3b7526c8c20a,True,0.0,193.4389798490304,58,518,6289.92,LP_batch_permission_scenario
f10,0.1,confirmation,960250,/home/user/projects/AIDRBench/results/nature_mainline/workload_composition_v4/confirmation/f10/scenarios/single/hourly_seed_960250,be46d118ae48bd18d434504e116e9c3b700b0d313324f3cd9bbc53e1fcc36aee,True,0.0,193.4389798490304,58,518,6289.92,LP_batch_permission_scenario
f10,0.1,confirmation,960251,/home/user/projects/AIDRBench/results/nature_mainline/workload_composition_v4/confirmation/f10/scenarios/single/hourly_seed_960251,5802dd846948b6470824885e4ba322e7b77b5adccfdc91dc78e27fc759bbcac4,True,0.0,193.4389798490304,58,518,6289.92,LP_batch_permission_scenario
f10,0.1,confirmation,960252,/home/user/projects/AIDRBench/results/nature_mainline/workload_composition_v4/confirmation/f10/scenarios/single/hourly_seed_960252,4c2cece2bc04e1a3511c185cbe8f9d3834857e91493739070bb8e9a218abc933,True,0.0,193.4389798490304,58,518,6289.92,LP_batch_permission_scenario
f10,0.1,confirmation,960253,/home/user/projects/AIDRBench/results/nature_mainline/workload_composition_v4/confirmation/f10/scenarios/single/hourly_seed_960253,f9da19e089bf7ded877504911893a7c28c05d940d596494f155424a9f0f30442,True,0.0,193.4389798490304,58,518,6289.92,LP_batch_permission_scenario
f10,0.1,confirmation,960254,/home/user/projects/AIDRBench/results/nature_mainline/workload_composition_v4/confirmation/f10/scenarios/single/hourly_seed_960254,73a1c3b00c656da78cf1bee0b56952737d5511bcd4622ff6cf399ccac02ed05a,True,0.0,193.4389798490304,58,518,6289.92,LP_batch_permission_scenario
f10,0.1,confirmation,960255,/home/user/projects/AIDRBench/results/nature_mainline/workload_composition_v4/confirmation/f10/scenarios/single/hourly_seed_960255,44754ccd5f65ba43587dc694ffe30f48f377a38b7f801aa620a07ccee64fd66f,True,0.0,193.4389798490304,58,518,6289.92,LP_batch_permission_scenario
f10,0.1,confirmation,960256,/home/user/projects/AIDRBench/results/nature_mainline/workload_composition_v4/confirmation/f10/scenarios/single/hourly_seed_960256,2b4f0f5c5a78cfaa009aa4508ba32e0eeaad791c14c62929964ac815eb513a38,True,0.0,193.4389798490304,58,518,6289.92,LP_batch_permission_scenario
f10,0.1,confirmation,960257,/home/user/projects/AIDRBench/results/nature_mainline/workload_composition_v4/confirmation/f10/scenarios/single/hourly_seed_960257,0c8c239b942514ef182ed11490d499e2e6613f124984c84872284f255da6c1df,True,0.0,193.4389798490304,58,518,6289.92,LP_batch_permission_scenario
f10,0.1,confirmation,960258,/home/user/projects/AIDRBench/results/nature_mainline/workload_composition_v4/confirmation/f10/scenarios/single/hourly_seed_960258,b8fd94e010dc00adfcbec4a38af524f3d74628cfce409e5e8d302ecd390b3652,True,0.0,193.4389798490304,58,518,6289.92,LP_batch_permission_scenario
f10,0.1,confirmation,960259,/home/user/projects/AIDRBench/results/nature_mainline/workload_composition_v4/confirmation/f10/scenarios/single/hourly_seed_960259,a2051c144f61f92a12d78978f71799089f627d12cc135d8f6a73fa12e345be42,True,0.0,193.4389798490304,58,518,6289.92,LP_batch_permission_scenario
f10,0.1,confirmation,960260,/home/user/projects/AIDRBench/results/nature_mainline/workload_composition_v4/confirmation/f10/scenarios/single/hourly_seed_960260,a2be09e00994435c0c687764b4e14fac567825ed68ac20bed72e076c6d21cf2e,True,0.0,193.4389798490304,58,518,6289.92,LP_batch_permission_scenario
f10,0.1,confirmation,960261,/home/user/projects/AIDRBench/results/nature_mainline/workload_composition_v4/confirmation/f10/scenarios/single/hourly_seed_960261,7bd0b0bb0a0454dd67114d316119af4a87a1d4646af7db5c552279f5842df1b0,True,0.0,193.4389798490304,58,518,6289.92,LP_batch_permission_scenario
f10,0.1,confirmation,960262,/home/user/projects/AIDRBench/results/nature_mainline/workload_composition_v4/confirmation/f10/scenarios/single/hourly_seed_960262,a431a2bd3362050a6a6427d6c10e07dc2a25d83342765f93ed30960de1e364f4,True,0.0,193.4389798490304,58,518,6289.92,LP_batch_permission_scenario
f10,0.1,confirmation,960263,/home/user/projects/AIDRBench/results/nature_mainline/workload_composition_v4/confirmation/f10/scenarios/single/hourly_seed_960263,7a02b8b37edfddad7100db46314ac557f1a5c683eb1983f1d5e895a0e39ef10b,True,0.0,193.4389798490304,58,518,6289.92,LP_batch_permission_scenario
f10,0.1,confirmation,960264,/home/user/projects/AIDRBench/results/nature_mainline/workload_composition_v4/confirmation/f10/scenarios/single/hourly_seed_960264,bd624d357e9c603507fc22a1ef14dfe1366f5997ff3ef79dfc58a56e7e4a05dd,True,0.0,193.4389798490304,58,518,6289.92,LP_batch_permission_scenario
f10,0.1,confirmation,960265,/home/user/projects/AIDRBench/results/nature_mainline/workload_composition_v4/confirmation/f10/scenarios/single/hourly_seed_960265,6eae7b08156b319ca08bb4de367508f75f0f5a9ffe40e66447f1223c515e0494,True,0.0,193.4389798490304,58,518,6289.92,LP_batch_permission_scenario
f10,0.1,confirmation,960266,/home/user/projects/AIDRBench/results/nature_mainline/workload_composition_v4/confirmation/f10/scenarios/single/hourly_seed_960266,5446a4aebd2d832403ad7ab728edeac1f11879a738dbfb6bbbd65ecac0c28ebb,True,0.0,193.4389798490304,58,518,6289.92,LP_batch_permission_scenario
f10,0.1,confirmation,960267,/home/user/projects/AIDRBench/results/nature_mainline/workload_composition_v4/confirmation/f10/scenarios/single/hourly_seed_960267,ac3d58a017d5d6af7296f62ff5f10dfb7f7276c6f2f8dc66a64d1f323b8c19bc,True,0.0,193.4389798490304,58,518,6289.92,LP_batch_permission_scenario
f10,0.1,confirmation,960268,/home/user/projects/AIDRBench/results/nature_mainline/workload_composition_v4/confirmation/f10/scenarios/single/hourly_seed_960268,9fa1e83336905ca5961ac9bea8c7150398fe6f5c80512fe84d19263df26c24d1,True,0.0,193.4389798490304,58,518,6289.92,LP_batch_permission_scenario
f10,0.1,confirmation,960269,/home/user/projects/AIDRBench/results/nature_mainline/workload_composition_v4/confirmation/f10/scenarios/single/hourly_seed_960269,91976a876343dcca75bd5c5c5401cd0e6a7c9dc6b543ad33537eb020c7b7bc08,True,0.0,193.4389798490304,58,518,6289.92,LP_batch_permission_scenario
f10,0.1,confirmation,960270,/home/user/projects/AIDRBench/results/nature_mainline/workload_composition_v4/confirmation/f10/scenarios/single/hourly_seed_960270,4f713ca86e906e225cfb10460698c044486b46a137789b0b751a690fdbb761f2,True,0.0,193.4389798490304,58,518,6289.92,LP_batch_permission_scenario
f10,0.1,confirmation,960271,/home/user/projects/AIDRBench/results/nature_mainline/workload_composition_v4/confirmation/f10/scenarios/single/hourly_seed_960271,e0fd7717bc217130a904b6396bc9c2879d38ca3d111310bd02a0971b5f24f554,True,0.0,193.4389798490304,58,518,6289.92,LP_batch_permission_scenario
f10,0.1,confirmation,960272,/home/user/projects/AIDRBench/results/nature_mainline/workload_composition_v4/confirmation/f10/scenarios/single/hourly_seed_960272,0c1893980696198c560913163ca68742d11e4ff30820aa9d947ffecb645f5a3d,True,0.0,193.4389798490304,58,518,6289.92,LP_batch_permission_scenario
f10,0.1,confirmation,960273,/home/user/projects/AIDRBench/results/nature_mainline/workload_composition_v4/confirmation/f10/scenarios/single/hourly_seed_960273,06d4d51443bbe14d3cf032fdaf9bbc4e989d3eff87a38f842b7a8b4500677a3a,True,0.0,193.4389798490304,58,518,6289.92,LP_batch_permission_scenario
f10,0.1,confirmation,960274,/home/user/projects/AIDRBench/results/nature_mainline/workload_composition_v4/confirmation/f10/scenarios/single/hourly_seed_960274,ea6a5d537fba358a59fc0a421a62e39595a0b2edadef95767f401ecae309a09c,True,0.0,193.4389798490304,58,518,6289.92,LP_batch_permission_scenario
f10,0.1,confirmation,960275,/home/user/projects/AIDRBench/results/nature_mainline/workload_composition_v4/confirmation/f10/scenarios/single/hourly_seed_960275,1dc3e8a05f5b40f9ff12e6c2d7f2b7dc071123cfad3338373bac941151492236,True,0.0,193.4389798490304,58,518,6289.92,LP_batch_permission_scenario
f10,0.1,confirmation,960276,/home/user/projects/AIDRBench/results/nature_mainline/workload_composition_v4/confirmation/f10/scenarios/single/hourly_seed_960276,16d363486165c47adf9bde0c0035281084d4c0f9b1a28560ea8b69b183460f35,True,0.0,193.4389798490304,58,518,6289.92,LP_batch_permission_scenario
f10,0.1,confirmation,960277,/home/user/projects/AIDRBench/results/nature_mainline/workload_composition_v4/confirmation/f10/scenarios/single/hourly_seed_960277,8e89b6bc5795a4899776e7aa7a108aafc404e6f63f3ca10ebc572397b448bc7b,True,0.0,193.4389798490304,58,518,6289.92,LP_batch_permission_scenario
f10,0.1,confirmation,960278,/home/user/projects/AIDRBench/results/nature_mainline/workload_composition_v4/confirmation/f10/scenarios/single/hourly_seed_960278,3e1bfd1b9bd13673919730e4bcb4c14e3ad1bf3753c5cec06ec2a15e4b87fa01,True,0.0,193.4389798490304,58,518,6289.92,LP_batch_permission_scenario
f10,0.1,confirmation,960279,/home/user/projects/AIDRBench/results/nature_mainline/workload_composition_v4/confirmation/f10/scenarios/single/hourly_seed_960279,2049241a94a20740d2b6621cd661d6597c06f544a3e0f21178a6c7346b0a1696,True,0.0,193.4389798490304,58,518,6289.92,LP_batch_permission_scenario
f10,0.1,confirmation,960280,/home/user/projects/AIDRBench/results/nature_mainline/workload_composition_v4/confirmation/f10/scenarios/single/hourly_seed_960280,58e1d22271fc9af902a1cc4fbcd0b4f5b9705df19312f90b03d0f4707b475d2a,True,0.0,193.4389798490304,58,518,6289.92,LP_batch_permission_scenario
f10,0.1,confirmation,960281,/home/user/projects/AIDRBench/results/nature_mainline/workload_composition_v4/confirmation/f10/scenarios/single/hourly_seed_960281,300abbfaae41371607836d1856366029b83afa65c0aa1d24c3b46d3d63f22190,True,0.0,193.4389798490304,58,518,6289.92,LP_batch_permission_scenario
f10,0.1,confirmation,960282,/home/user/projects/AIDRBench/results/nature_mainline/workload_composition_v4/confirmation/f10/scenarios/single/hourly_seed_960282,f0ceacfec0177bdccba9e5d6b2c1ff149ba9cf7cde35a45a5055adc2ceed9f87,True,0.0,193.4389798490304,58,518,6289.92,LP_batch_permission_scenario
f10,0.1,confirmation,960283,/home/user/projects/AIDRBench/results/nature_mainline/workload_composition_v4/confirmation/f10/scenarios/single/hourly_seed_960283,35cfb10b6503730c80c8d880f224febebd197e3e49d04f08fb43a0ccdb46c6e3,True,0.0,193.4389798490304,58,518,6289.92,LP_batch_permission_scenario
f10,0.1,confirmation,960284,/home/user/projects/AIDRBench/results/nature_mainline/workload_composition_v4/confirmation/f10/scenarios/single/hourly_seed_960284,da9f27cf6f7a10e09697b89bb0cc7b742eb9a6b48615fb19faf26ccacb3c819a,True,0.0,193.4389798490304,58,518,6289.92,LP_batch_permission_scenario
f10,0.1,confirmation,960285,/home/user/projects/AIDRBench/results/nature_mainline/workload_composition_v4/confirmation/f10/scenarios/single/hourly_seed_960285,70e9e480badc4e5ec35946d2be37957df07613e5cf6a324f96bbfb883aaceea5,True,0.0,193.4389798490304,58,518,6289.92,LP_batch_permission_scenario
f10,0.1,confirmation,960286,/home/user/projects/AIDRBench/results/nature_mainline/workload_composition_v4/confirmation/f10/scenarios/single/hourly_seed_960286,b6233ea1809125ce315097a04da46fbe78495c8cc0c7bf52f3d2dc1bfe111f36,True,0.0,193.4389798490304,58,518,6289.92,LP_batch_permission_scenario
f10,0.1,confirmation,960287,/home/user/projects/AIDRBench/results/nature_mainline/workload_composition_v4/confirmation/f10/scenarios/single/hourly_seed_960287,44dbdd78643025cd27f1f3f33d59fcb9ce440e41289268770fc0ef15b21efd1c,True,0.0,193.4389798490304,58,518,6289.92,LP_batch_permission_scenario
f10,0.1,confirmation,960288,/home/user/projects/AIDRBench/results/nature_mainline/workload_composition_v4/confirmation/f10/scenarios/single/hourly_seed_960288,bdb50c2c1016bdba05ff9fca15124da8fc684c38b16a551e8361e26c02822d12,True,0.0,193.4389798490304,58,518,6289.92,LP_batch_permission_scenario
f10,0.1,confirmation,960289,/home/user/projects/AIDRBench/results/nature_mainline/workload_composition_v4/confirmation/f10/scenarios/single/hourly_seed_960289,3f685df81d22da492f51f4fe29bdb9983b0b9dc6ae51cfcdd6928f7c666df5da,True,0.0,193.4389798490304,58,518,6289.92,LP_batch_permission_scenario
f10,0.1,confirmation,960290,/home/user/projects/AIDRBench/results/nature_mainline/workload_composition_v4/confirmation/f10/scenarios/single/hourly_seed_960290,eae0bb8d42c13eaeba537cf4c64f89e4acc60f0fb3ef63c36ca9765e2fb35a9c,True,0.0,193.4389798490304,58,518,6289.92,LP_batch_permission_scenario
f10,0.1,confirmation,960291,/home/user/projects/AIDRBench/results/nature_mainline/workload_composition_v4/confirmation/f10/scenarios/single/hourly_seed_960291,dc8dce2cba1bf0caaaff0d5959eeec2e0367b83650336717a4d7d3f8a9d96118,True,0.0,193.4389798490304,58,518,6289.92,LP_batch_permission_scenario
f10,0.1,confirmation,960292,/home/user/projects/AIDRBench/results/nature_mainline/workload_composition_v4/confirmation/f10/scenarios/single/hourly_seed_960292,31fd67e3c0189b1a124084cf4a0311a5594acc12f58c24463057f6db20e1dd50,True,0.0,193.4389798490304,58,518,6289.92,LP_batch_permission_scenario
f10,0.1,confirmation,960293,/home/user/projects/AIDRBench/results/nature_mainline/workload_composition_v4/confirmation/f10/scenarios/single/hourly_seed_960293,ddcb1de13024399cad87f72fbf345f110df1e0b7c5f73f376f7d994f1a6057bd,True,0.0,193.4389798490304,58,518,6289.92,LP_batch_permission_scenario
f10,0.1,confirmation,960294,/home/user/projects/AIDRBench/results/nature_mainline/workload_composition_v4/confirmation/f10/scenarios/single/hourly_seed_960294,e5b8392c5546257a46ef6011a1edc4c2a98f341f1a91e9cc3cb9d65139495bad,True,0.0,193.4389798490304,58,518,6289.92,LP_batch_permission_scenario
f10,0.1,confirmation,960295,/home/user/projects/AIDRBench/results/nature_mainline/workload_composition_v4/confirmation/f10/scenarios/single/hourly_seed_960295,26142951068014de762407eb92f8ba40451856c6046fbdb2ac2fb0b7838bf7e0,True,0.0,193.4389798490304,58,518,6289.92,LP_batch_permission_scenario
f10,0.1,confirmation,960296,/home/user/projects/AIDRBench/results/nature_mainline/workload_composition_v4/confirmation/f10/scenarios/single/hourly_seed_960296,aaa6a14a4164e9526e155fff3f1fd09da627123a0e2e87c7a17a6772d8f9acf9,True,0.0,193.4389798490304,58,518,6289.92,LP_batch_permission_scenario
f10,0.1,confirmation,960297,/home/user/projects/AIDRBench/results/nature_mainline/workload_composition_v4/confirmation/f10/scenarios/single/hourly_seed_960297,359926e1d2be43125a446fedab4de7b46882ed716b605f5214ef125b3abb66fd,True,0.0,193.4389798490304,58,518,6289.92,LP_batch_permission_scenario
f10,0.1,confirmation,960298,/home/user/projects/AIDRBench/results/nature_mainline/workload_composition_v4/confirmation/f10/scenarios/single/hourly_seed_960298,167e28dbf2ce9c4c4047f998afc1afedd45c4b4cf183f40e29c55b7245d3eee5,True,0.0,193.4389798490304,58,518,6289.92,LP_batch_permission_scenario
f10,0.1,confirmation,960299,/home/user/projects/AIDRBench/results/nature_mainline/workload_composition_v4/confirmation/f10/scenarios/single/hourly_seed_960299,6c0541739ba808db147f463fe9e80702e3938bcd647a909aeddcafd97967041b,True,0.0,193.4389798490304,58,518,6289.92,LP_batch_permission_scenario
f20,0.2,confirmation,960000,/home/user/projects/AIDRBench/results/nature_mainline/workload_composition_v4/confirmation/f20/scenarios/single/hourly_seed_960000,f8067658f6886e1d1b92a928fcca9147d2c4c1eb774b739f0156a17fd0392505,True,0.0,200.10439074112588,115,461,12579.84,LP_batch_permission_scenario
f20,0.2,confirmation,960001,/home/user/projects/AIDRBench/results/nature_mainline/workload_composition_v4/confirmation/f20/scenarios/single/hourly_seed_960001,10828cc3178c852fd000d081eef6588f6ed4c69b72c0cf0390f573e2b5c89f85,True,0.0,200.10439074112588,115,461,12579.84,LP_batch_permission_scenario
f20,0.2,confirmation,960002,/home/user/projects/AIDRBench/results/nature_mainline/workload_composition_v4/confirmation/f20/scenarios/single/hourly_seed_960002,728d2bb62414c6b1160cb0b99f9d2da7c0d7288dc546c7fde17e0c5a59fa7304,True,0.0,200.10439074112588,115,461,12579.84,LP_batch_permission_scenario
f20,0.2,confirmation,960003,/home/user/projects/AIDRBench/results/nature_mainline/workload_composition_v4/confirmation/f20/scenarios/single/hourly_seed_960003,49f67b1aaab4cdbe451eb16c408d8af87000b2fc23045edeb5c7c0945d0e9dd2,True,0.0,200.10439074112588,115,461,12579.84,LP_batch_permission_scenario
f20,0.2,confirmation,960004,/home/user/projects/AIDRBench/results/nature_mainline/workload_composition_v4/confirmation/f20/scenarios/single/hourly_seed_960004,b2f62e960588ccf8795cdd08ce4338bf6ec5b4f6f7548b4880621c939bc07aff,True,0.0,200.10439074112588,115,461,12579.84,LP_batch_permission_scenario
f20,0.2,confirmation,960005,/home/user/projects/AIDRBench/results/nature_mainline/workload_composition_v4/confirmation/f20/scenarios/single/hourly_seed_960005,c40aa659c8896c5802c42beec3752eb0e4ad23159294c711e05f9cea928e0274,True,0.0,200.10439074112588,115,461,12579.84,LP_batch_permission_scenario
f20,0.2,confirmation,960006,/home/user/projects/AIDRBench/results/nature_mainline/workload_composition_v4/confirmation/f20/scenarios/single/hourly_seed_960006,2953870cc7306d04ea1ea45bc48b69c1e3a25389d94b32c741a0d5ccad7f442f,True,0.0,200.10439074112588,115,461,12579.84,LP_batch_permission_scenario
f20,0.2,confirmation,960007,/home/user/projects/AIDRBench/results/nature_mainline/workload_composition_v4/confirmation/f20/scenarios/single/hourly_seed_960007,f5e19a2af69befa8fb690277292ddd3715b3ff105a6b39f46700f300c3208733,True,0.0,200.10439074112588,115,461,12579.84,LP_batch_permission_scenario
f20,0.2,confirmation,960008,/home/user/projects/AIDRBench/results/nature_mainline/workload_composition_v4/confirmation/f20/scenarios/single/hourly_seed_960008,38dd2cdbb1f909eb75bd1ed551049b76e7b8d15cf664c4151dc0f3ed784ad39d,True,0.0,200.10439074112588,115,461,12579.84,LP_batch_permission_scenario
f20,0.2,confirmation,960009,/home/user/projects/AIDRBench/results/nature_mainline/workload_composition_v4/confirmation/f20/scenarios/single/hourly_seed_960009,ae1a597fb362e7b870dc30e6923ac64fa5f01428eb1b4dd44849d9172a24331e,True,0.0,200.10439074112588,115,461,12579.84,LP_batch_permission_scenario
f20,0.2,confirmation,960010,/home/user/projects/AIDRBench/results/nature_mainline/workload_composition_v4/confirmation/f20/scenarios/single/hourly_seed_960010,34eb7cefd802a6df5eee809d5de29170af1b7f4fa1b98b76e652e38d0adf9218,True,0.0,200.10439074112588,115,461,12579.84,LP_batch_permission_scenario
f20,0.2,confirmation,960011,/home/user/projects/AIDRBench/results/nature_mainline/workload_composition_v4/confirmation/f20/scenarios/single/hourly_seed_960011,011d805745fe71ef108dd4f27e047c1579b13a51a9a787036335c65d9b798f0c,True,0.0,200.10439074112588,115,461,12579.84,LP_batch_permission_scenario
f20,0.2,confirmation,960012,/home/user/projects/AIDRBench/results/nature_mainline/workload_composition_v4/confirmation/f20/scenarios/single/hourly_seed_960012,3c845fe257801f41725e3e4b9159531204a534972d4f22f24d9a34ced306c454,True,0.0,200.10439074112588,115,461,12579.84,LP_batch_permission_scenario
f20,0.2,confirmation,960013,/home/user/projects/AIDRBench/results/nature_mainline/workload_composition_v4/confirmation/f20/scenarios/single/hourly_seed_960013,e49433a44ae8d9aa24ab9828318cb8a60f8db9f3c97da8cac140ce884d3ad1be,True,0.0,200.10439074112588,115,461,12579.84,LP_batch_permission_scenario
f20,0.2,confirmation,960014,/home/user/projects/AIDRBench/results/nature_mainline/workload_composition_v4/confirmation/f20/scenarios/single/hourly_seed_960014,d9d849db29de3f211d6f0503fa36e43987d64378c0492df03a7519d79b3a4a07,True,0.0,200.10439074112588,115,461,12579.84,LP_batch_permission_scenario
f20,0.2,confirmation,960015,/home/user/projects/AIDRBench/results/nature_mainline/workload_composition_v4/confirmation/f20/scenarios/single/hourly_seed_960015,7708e79486d4e04f4fcd6a17bac723a7dbabaa25406f173bd0a3debed4fc19d7,True,0.0,200.10439074112588,115,461,12579.84,LP_batch_permission_scenario
f20,0.2,confirmation,960016,/home/user/projects/AIDRBench/results/nature_mainline/workload_composition_v4/confirmation/f20/scenarios/single/hourly_seed_960016,53eb71dc8b0448ac69063eb8bf440dad83a8325af2b15ffd0b2413d6d0ee1aca,True,0.0,200.10439074112588,115,461,12579.84,LP_batch_permission_scenario
f20,0.2,confirmation,960017,/home/user/projects/AIDRBench/results/nature_mainline/workload_composition_v4/confirmation/f20/scenarios/single/hourly_seed_960017,e62f89b56405c9edf2277dfd8fba402fa87e74ad33352add947d6ba443dc0b6e,True,0.0,200.10439074112588,115,461,12579.84,LP_batch_permission_scenario
f20,0.2,confirmation,960018,/home/user/projects/AIDRBench/results/nature_mainline/workload_composition_v4/confirmation/f20/scenarios/single/hourly_seed_960018,72413ae6ebd5f04dcb5da4673e4234252a1e3992925aa02701c4ee11969ddfe6,True,0.0,200.10439074112588,115,461,12579.84,LP_batch_permission_scenario
f20,0.2,confirmation,960019,/home/user/projects/AIDRBench/results/nature_mainline/workload_composition_v4/confirmation/f20/scenarios/single/hourly_seed_960019,8f0c4931715e7ab935de8e5d19bce6cffdbee1a551f7d83e0f32c98e512f8b5e,True,0.0,200.10439074112588,115,461,12579.84,LP_batch_permission_scenario
f20,0.2,confirmation,960020,/home/user/projects/AIDRBench/results/nature_mainline/workload_composition_v4/confirmation/f20/scenarios/single/hourly_seed_960020,a6a33e9747434f11c39fb4071cc95580cc247ee1dfe4a4e2adff62bf4f9fe0e3,True,0.0,200.10439074112588,115,461,12579.84,LP_batch_permission_scenario
f20,0.2,confirmation,960021,/home/user/projects/AIDRBench/results/nature_mainline/workload_composition_v4/confirmation/f20/scenarios/single/hourly_seed_960021,d60e5f7ba8f79d44098083cafac0664ac9af7b204b57c524eae0480d17c5c990,True,0.0,200.10439074112588,115,461,12579.84,LP_batch_permission_scenario
f20,0.2,confirmation,960022,/home/user/projects/AIDRBench/results/nature_mainline/workload_composition_v4/confirmation/f20/scenarios/single/hourly_seed_960022,a6a24d5dcdc1c75e85621cfdb095c61ed07ae18f771c88d475bbebb204c4b79d,True,0.0,200.10439074112588,115,461,12579.84,LP_batch_permission_scenario
f20,0.2,confirmation,960023,/home/user/projects/AIDRBench/results/nature_mainline/workload_composition_v4/confirmation/f20/scenarios/single/hourly_seed_960023,a3093a462345cb5431899d64c0af86e25b82e816e4bb0e25b08737188a408f4f,True,0.0,200.10439074112588,115,461,12579.84,LP_batch_permission_scenario
f20,0.2,confirmation,960024,/home/user/projects/AIDRBench/results/nature_mainline/workload_composition_v4/confirmation/f20/scenarios/single/hourly_seed_960024,549483e22f895864a1b4b6c70048556d91a1a215c926f7a71ddfa61689a52932,True,0.0,200.10439074112588,115,461,12579.84,LP_batch_permission_scenario
f20,0.2,confirmation,960025,/home/user/projects/AIDRBench/results/nature_mainline/workload_composition_v4/confirmation/f20/scenarios/single/hourly_seed_960025,7c1a81a174b5a98b41f6b9fa56610764a5e298189c8664d5821979cb8f54b007,True,0.0,200.10439074112588,115,461,12579.84,LP_batch_permission_scenario
f20,0.2,confirmation,960026,/home/user/projects/AIDRBench/results/nature_mainline/workload_composition_v4/confirmation/f20/scenarios/single/hourly_seed_960026,4a366579f3041ce7c83589931eb89738f36e4e6008e18b846f1178019f530c28,True,0.0,200.10439074112588,115,461,12579.84,LP_batch_permission_scenario
f20,0.2,confirmation,960027,/home/user/projects/AIDRBench/results/nature_mainline/workload_composition_v4/confirmation/f20/scenarios/single/hourly_seed_960027,7e301b927faa957deaeda0eb790496d3a0280baa13941348a277dc1e7b21b4a6,True,0.0,200.10439074112588,115,461,12579.84,LP_batch_permission_scenario
f20,0.2,confirmation,960028,/home/user/projects/AIDRBench/results/nature_mainline/workload_composition_v4/confirmation/f20/scenarios/single/hourly_seed_960028,b041be96985e0027428f7879d8f3be5ecdc7a96b432151aa6e616d170fa35fba,True,0.0,200.10439074112588,115,461,12579.84,LP_batch_permission_scenario
f20,0.2,confirmation,960029,/home/user/projects/AIDRBench/results/nature_mainline/workload_composition_v4/confirmation/f20/scenarios/single/hourly_seed_960029,d0fb65d69f06c14ad0b67b0d4f0683e02d5ce6d7dea114fa771d0589e7ac402d,True,0.0,200.10439074112588,115,461,12579.84,LP_batch_permission_scenario
f20,0.2,confirmation,960030,/home/user/projects/AIDRBench/results/nature_mainline/workload_composition_v4/confirmation/f20/scenarios/single/hourly_seed_960030,ceaba6a4680454274ae33420d332726f9c253680087ca631a7dd97ebfec09f21,True,0.0,200.10439074112588,115,461,12579.84,LP_batch_permission_scenario
f20,0.2,confirmation,960031,/home/user/projects/AIDRBench/results/nature_mainline/workload_composition_v4/confirmation/f20/scenarios/single/hourly_seed_960031,207ad4d1be1c3baa47ff0646ad89d7ea876200951cca7bfabe48b3dda33c142b,True,0.0,200.10439074112588,115,461,12579.84,LP_batch_permission_scenario
f20,0.2,confirmation,960032,/home/user/projects/AIDRBench/results/nature_mainline/workload_composition_v4/confirmation/f20/scenarios/single/hourly_seed_960032,200dc3589c525b28204c76d7d7516156818753e31c8408b10f71ced64b519473,True,0.0,200.10439074112588,115,461,12579.84,LP_batch_permission_scenario
f20,0.2,confirmation,960033,/home/user/projects/AIDRBench/results/nature_mainline/workload_composition_v4/confirmation/f20/scenarios/single/hourly_seed_960033,55f8c3e1a450f4249430609444f1d6d446b7fb0cbd5524bee338c4d74d95b781,True,0.0,200.10439074112588,115,461,12579.84,LP_batch_permission_scenario
f20,0.2,confirmation,960034,/home/user/projects/AIDRBench/results/nature_mainline/workload_composition_v4/confirmation/f20/scenarios/single/hourly_seed_960034,f085e194b3828a69c95ec1c8d4dff14e939b018ceedc8c7c1369af75f0e39c74,True,0.0,200.10439074112588,115,461,12579.84,LP_batch_permission_scenario
f20,0.2,confirmation,960035,/home/user/projects/AIDRBench/results/nature_mainline/workload_composition_v4/confirmation/f20/scenarios/single/hourly_seed_960035,a700a220d2a2359831c24c1ebdc6dc9f4736edd9c9c4f219eda8e5aa44a9bcb7,True,0.0,200.10439074112588,115,461,12579.84,LP_batch_permission_scenario
f20,0.2,confirmation,960036,/home/user/projects/AIDRBench/results/nature_mainline/workload_composition_v4/confirmation/f20/scenarios/single/hourly_seed_960036,a86fcc665723d44bacf6639eb3b18c3e5171864e2e6ecbffa2517c8b4c8f6d70,True,0.0,200.10439074112588,115,461,12579.84,LP_batch_permission_scenario
f20,0.2,confirmation,960037,/home/user/projects/AIDRBench/results/nature_mainline/workload_composition_v4/confirmation/f20/scenarios/single/hourly_seed_960037,cc27ac21c550c675ba1c1a4045c26932d3c78c0489bf832b4f407c91396b1eb0,True,0.0,200.10439074112588,115,461,12579.84,LP_batch_permission_scenario
f20,0.2,confirmation,960038,/home/user/projects/AIDRBench/results/nature_mainline/workload_composition_v4/confirmation/f20/scenarios/single/hourly_seed_960038,b25eee540e2f81573dcb27895e98e7b6244f5914462ebb7e784048c5d1cb9944,True,0.0,200.10439074112588,115,461,12579.84,LP_batch_permission_scenario
f20,0.2,confirmation,960039,/home/user/projects/AIDRBench/results/nature_mainline/workload_composition_v4/confirmation/f20/scenarios/single/hourly_seed_960039,0ceb78b8a10e4b20527911c0543a0072bd7518bbf7455f7dd09178321f6f7cb5,True,0.0,200.10439074112588,115,461,12579.84,LP_batch_permission_scenario
f20,0.2,confirmation,960040,/home/user/projects/AIDRBench/results/nature_mainline/workload_composition_v4/confirmation/f20/scenarios/single/hourly_seed_960040,91472caa0b09e34a5b4415e00d6bd98d26a5ca4517e404b0ff94c079b7fd2ef5,True,0.0,200.10439074112588,115,461,12579.84,LP_batch_permission_scenario
f20,0.2,confirmation,960041,/home/user/projects/AIDRBench/results/nature_mainline/workload_composition_v4/confirmation/f20/scenarios/single/hourly_seed_960041,27b09d75463f05e4f5d7bd66975f274bc448e45d28ccfbb9cfbb4403803dbaa5,True,0.0,200.10439074112588,115,461,12579.84,LP_batch_permission_scenario
f20,0.2,confirmation,960042,/home/user/projects/AIDRBench/results/nature_mainline/workload_composition_v4/confirmation/f20/scenarios/single/hourly_seed_960042,51b8e2f2057140414d8557ab2e29fc85a1273a7647ead83d4a05c4e512ea1a6d,True,0.0,200.10439074112588,115,461,12579.84,LP_batch_permission_scenario
f20,0.2,confirmation,960043,/home/user/projects/AIDRBench/results/nature_mainline/workload_composition_v4/confirmation/f20/scenarios/single/hourly_seed_960043,cd7427955f90f0ac3a708fa7a314d4b277ef430059110bc68335e2bb455093c0,True,0.0,200.10439074112588,115,461,12579.84,LP_batch_permission_scenario
f20,0.2,confirmation,960044,/home/user/projects/AIDRBench/results/nature_mainline/workload_composition_v4/confirmation/f20/scenarios/single/hourly_seed_960044,d38e33b2480bf03d8a2876a4466c2b35c062c5ca07c933736c396d38fab104d9,True,0.0,200.10439074112588,115,461,12579.84,LP_batch_permission_scenario
f20,0.2,confirmation,960045,/home/user/projects/AIDRBench/results/nature_mainline/workload_composition_v4/confirmation/f20/scenarios/single/hourly_seed_960045,795e627b0e9942a67ba92ae7ed49db2c2db40223a2a3af5a70df7ead420a047e,True,0.0,200.10439074112588,115,461,12579.84,LP_batch_permission_scenario
f20,0.2,confirmation,960046,/home/user/projects/AIDRBench/results/nature_mainline/workload_composition_v4/confirmation/f20/scenarios/single/hourly_seed_960046,143fc7c0b5d2fc88af03dde0ee8c1007bf7627135e17dcdf6480178b5f95def1,True,0.0,200.10439074112588,115,461,12579.84,LP_batch_permission_scenario
f20,0.2,confirmation,960047,/home/user/projects/AIDRBench/results/nature_mainline/workload_composition_v4/confirmation/f20/scenarios/single/hourly_seed_960047,bc6ac0bdc88205980cb463ada68895538164e1449dd5103277d192e3bddb3a83,True,0.0,200.10439074112588,115,461,12579.84,LP_batch_permission_scenario
f20,0.2,confirmation,960048,/home/user/projects/AIDRBench/results/nature_mainline/workload_composition_v4/confirmation/f20/scenarios/single/hourly_seed_960048,546fc9a4a016399c8c71802bee9362220246d2a1a04bd86015df161af95559fc,True,0.0,200.10439074112588,115,461,12579.84,LP_batch_permission_scenario
f20,0.2,confirmation,960049,/home/user/projects/AIDRBench/results/nature_mainline/workload_composition_v4/confirmation/f20/scenarios/single/hourly_seed_960049,0bbaf1012c4e9618d31cae44da3dd96ab59b3b5d38b9230fc283776bbec5078f,True,0.0,200.10439074112588,115,461,12579.84,LP_batch_permission_scenario
f20,0.2,confirmation,960050,/home/user/projects/AIDRBench/results/nature_mainline/workload_composition_v4/confirmation/f20/scenarios/single/hourly_seed_960050,7ea0881db34c8acdc4471aaa425c33331e2f1dbed4ee622e724b6cfb3452bc46,True,0.0,200.10439074112588,115,461,12579.84,LP_batch_permission_scenario
f20,0.2,confirmation,960051,/home/user/projects/AIDRBench/results/nature_mainline/workload_composition_v4/confirmation/f20/scenarios/single/hourly_seed_960051,07b915728918236a8f6d61eee2e6689c66bdf8b61ae0e798ff53949bd5731aac,True,0.0,200.10439074112588,115,461,12579.84,LP_batch_permission_scenario
f20,0.2,confirmation,960052,/home/user/projects/AIDRBench/results/nature_mainline/workload_composition_v4/confirmation/f20/scenarios/single/hourly_seed_960052,42aa08c24cd710d5ef7c234f4aeee7649c5f4508ae32316341ec42eb8475cb5b,True,0.0,200.10439074112588,115,461,12579.84,LP_batch_permission_scenario
f20,0.2,confirmation,960053,/home/user/projects/AIDRBench/results/nature_mainline/workload_composition_v4/confirmation/f20/scenarios/single/hourly_seed_960053,a8ff26bf75fd8dd0bae7e291e53ac655324dc44caac47861b2f538b7a9e2b550,True,0.0,200.10439074112588,115,461,12579.84,LP_batch_permission_scenario
f20,0.2,confirmation,960054,/home/user/projects/AIDRBench/results/nature_mainline/workload_composition_v4/confirmation/f20/scenarios/single/hourly_seed_960054,c12518fab31c410573ba7237655e5061532d471b3c6a8199e3fe907d3d0cf79d,True,0.0,200.10439074112588,115,461,12579.84,LP_batch_permission_scenario
f20,0.2,confirmation,960055,/home/user/projects/AIDRBench/results/nature_mainline/workload_composition_v4/confirmation/f20/scenarios/single/hourly_seed_960055,99257d0b9ebe007013236e40c75c32ddf37e8cca86c6fed55eca2f8a5ca8271f,True,0.0,200.10439074112588,115,461,12579.84,LP_batch_permission_scenario
f20,0.2,confirmation,960056,/home/user/projects/AIDRBench/results/nature_mainline/workload_composition_v4/confirmation/f20/scenarios/single/hourly_seed_960056,7fd9b05a20abe5009fb3f2cebb088f3cb8aa9584671374decc38de0127326560,True,0.0,200.10439074112588,115,461,12579.84,LP_batch_permission_scenario
f20,0.2,confirmation,960057,/home/user/projects/AIDRBench/results/nature_mainline/workload_composition_v4/confirmation/f20/scenarios/single/hourly_seed_960057,93af7f381712d6de1b8f7e44ba4749e081bec08a395126326edb2aac1f866f47,True,0.0,200.10439074112588,115,461,12579.84,LP_batch_permission_scenario
f20,0.2,confirmation,960058,/home/user/projects/AIDRBench/results/nature_mainline/workload_composition_v4/confirmation/f20/scenarios/single/hourly_seed_960058,c40b581bc3e3521aa19e41b10454863f401588e73d82fb87658f2746a96fe366,True,0.0,200.10439074112588,115,461,12579.84,LP_batch_permission_scenario
f20,0.2,confirmation,960059,/home/user/projects/AIDRBench/results/nature_mainline/workload_composition_v4/confirmation/f20/scenarios/single/hourly_seed_960059,4b04493ac0ea067ebeee60c163ad411c1ed4fc4c8102e2b70dca642652920d37,True,0.0,200.10439074112588,115,461,12579.84,LP_batch_permission_scenario
f20,0.2,confirmation,960060,/home/user/projects/AIDRBench/results/nature_mainline/workload_composition_v4/confirmation/f20/scenarios/single/hourly_seed_960060,216666c028505d1c63651bc8088cf5ed795cf15c08a935af78d14b5bbac5215c,True,0.0,200.10439074112588,115,461,12579.84,LP_batch_permission_scenario
f20,0.2,confirmation,960061,/home/user/projects/AIDRBench/results/nature_mainline/workload_composition_v4/confirmation/f20/scenarios/single/hourly_seed_960061,0cfa6335b97b35e1673d35c9353e429fd106dae67cb3ff0a94b4e246572d6ff9,True,0.0,200.10439074112588,115,461,12579.84,LP_batch_permission_scenario
f20,0.2,confirmation,960062,/home/user/projects/AIDRBench/results/nature_mainline/workload_composition_v4/confirmation/f20/scenarios/single/hourly_seed_960062,676381160321661a50a8e236913b954fc5f9f651ef0302795ee0d32a65d34ec8,True,0.0,200.10439074112588,115,461,12579.84,LP_batch_permission_scenario
f20,0.2,confirmation,960063,/home/user/projects/AIDRBench/results/nature_mainline/workload_composition_v4/confirmation/f20/scenarios/single/hourly_seed_960063,c2455442fefe5966eb745373f217c68bb1426707cdbb502a700da7bd36c49643,True,0.0,200.10439074112588,115,461,12579.84,LP_batch_permission_scenario
f20,0.2,confirmation,960064,/home/user/projects/AIDRBench/results/nature_mainline/workload_composition_v4/confirmation/f20/scenarios/single/hourly_seed_960064,7e674d30a470c9bbbe807d8ddf5429990348f23b868df4df8fbecf15016267f4,True,0.0,200.10439074112588,115,461,12579.84,LP_batch_permission_scenario
f20,0.2,confirmation,960065,/home/user/projects/AIDRBench/results/nature_mainline/workload_composition_v4/confirmation/f20/scenarios/single/hourly_seed_960065,37405bcaa1ba44882b0ede24cb71da337d5a33f2b73d3814d33801e684d00242,True,0.0,200.10439074112588,115,461,12579.84,LP_batch_permission_scenario
f20,0.2,confirmation,960066,/home/user/projects/AIDRBench/results/nature_mainline/workload_composition_v4/confirmation/f20/scenarios/single/hourly_seed_960066,1233b2882f71fd75fa309954aef03d52db858c6cb33fd1d8f47d5b3c39631ae2,True,0.0,200.10439074112588,115,461,12579.84,LP_batch_permission_scenario
f20,0.2,confirmation,960067,/home/user/projects/AIDRBench/results/nature_mainline/workload_composition_v4/confirmation/f20/scenarios/single/hourly_seed_960067,b724be81e4eeef40075c96985f84bc277e421054cede2690b2fac74a5cf8a008,True,0.0,200.10439074112588,115,461,12579.84,LP_batch_permission_scenario
f20,0.2,confirmation,960068,/home/user/projects/AIDRBench/results/nature_mainline/workload_composition_v4/confirmation/f20/scenarios/single/hourly_seed_960068,1b5a654b6cf3550405e49cd602facac1b5f28182a8306285b2761a15e9bd510d,True,0.0,200.10439074112588,115,461,12579.84,LP_batch_permission_scenario
f20,0.2,confirmation,960069,/home/user/projects/AIDRBench/results/nature_mainline/workload_composition_v4/confirmation/f20/scenarios/single/hourly_seed_960069,03b9f4e373e0e7a874f1adf1e0260dc51e062efbffc0fa3124d027b1f0750f1b,True,0.0,200.10439074112588,115,461,12579.84,LP_batch_permission_scenario
f20,0.2,confirmation,960070,/home/user/projects/AIDRBench/results/nature_mainline/workload_composition_v4/confirmation/f20/scenarios/single/hourly_seed_960070,935e73faf081bd8442c07812ac1d9aad98f6ca48872cca9f3a1cca5491228b84,True,0.0,200.10439074112588,115,461,12579.84,LP_batch_permission_scenario
f20,0.2,confirmation,960071,/home/user/projects/AIDRBench/results/nature_mainline/workload_composition_v4/confirmation/f20/scenarios/single/hourly_seed_960071,3b62926399f41c11391834f4b170213b4e135888a9d48c11e8e3600441a56f29,True,0.0,200.10439074112588,115,461,12579.84,LP_batch_permission_scenario
f20,0.2,confirmation,960072,/home/user/projects/AIDRBench/results/nature_mainline/workload_composition_v4/confirmation/f20/scenarios/single/hourly_seed_960072,0638f36ca20f23a0c0871c181e4b7ae5477bcf39363f6c88ec6276328e9dd919,True,0.0,200.10439074112588,115,461,12579.84,LP_batch_permission_scenario
f20,0.2,confirmation,960073,/home/user/projects/AIDRBench/results/nature_mainline/workload_composition_v4/confirmation/f20/scenarios/single/hourly_seed_960073,f4598f26aa06fe18ef7c24eef67bfae046b5f375491d20ce4f89c98afade9339,True,0.0,200.10439074112588,115,461,12579.84,LP_batch_permission_scenario
f20,0.2,confirmation,960074,/home/user/projects/AIDRBench/results/nature_mainline/workload_composition_v4/confirmation/f20/scenarios/single/hourly_seed_960074,d2f8dfd87283b62e157a5f7536d509624b6a883e91f1d6159f2db632a4f74d77,True,0.0,200.10439074112588,115,461,12579.84,LP_batch_permission_scenario
f20,0.2,confirmation,960075,/home/user/projects/AIDRBench/results/nature_mainline/workload_composition_v4/confirmation/f20/scenarios/single/hourly_seed_960075,ee6dc9004d74aa4c4290848033acfd1007540e972880d121efbfb0b2abacdd0b,True,0.0,200.10439074112588,115,461,12579.84,LP_batch_permission_scenario
f20,0.2,confirmation,960076,/home/user/projects/AIDRBench/results/nature_mainline/workload_composition_v4/confirmation/f20/scenarios/single/hourly_seed_960076,6daf16f44a56d7b1baa7bc361c02988155cbcd9c12acb02002696d7292befc87,True,0.0,200.10439074112588,115,461,12579.84,LP_batch_permission_scenario
f20,0.2,confirmation,960077,/home/user/projects/AIDRBench/results/nature_mainline/workload_composition_v4/confirmation/f20/scenarios/single/hourly_seed_960077,9816409251fa3786360906254893036a503244e318fa37b8a5d017072af39a48,True,0.0,200.10439074112588,115,461,12579.84,LP_batch_permission_scenario
f20,0.2,confirmation,960078,/home/user/projects/AIDRBench/results/nature_mainline/workload_composition_v4/confirmation/f20/scenarios/single/hourly_seed_960078,546dcb26bf69ca141254d265d823fd51819f67efa2f455cbe6444dd3140ba5ce,True,0.0,200.10439074112588,115,461,12579.84,LP_batch_permission_scenario
f20,0.2,confirmation,960079,/home/user/projects/AIDRBench/results/nature_mainline/workload_composition_v4/confirmation/f20/scenarios/single/hourly_seed_960079,b0e6f271a7a2367e945def08d69633ab4786d97f20919665951a9765bc6f5f06,True,0.0,200.10439074112588,115,461,12579.84,LP_batch_permission_scenario
f20,0.2,confirmation,960080,/home/user/projects/AIDRBench/results/nature_mainline/workload_composition_v4/confirmation/f20/scenarios/single/hourly_seed_960080,05303f5e6b016b7338593d6d8b7af4ab4bf26117afb9161869759f9036c09cca,True,0.0,200.10439074112588,115,461,12579.84,LP_batch_permission_scenario
f20,0.2,confirmation,960081,/home/user/projects/AIDRBench/results/nature_mainline/workload_composition_v4/confirmation/f20/scenarios/single/hourly_seed_960081,cee1f42f5858aa9c21ca2544f42c1a3c877f42eb9764a10f8f3784c0b1f177e2,True,0.0,200.10439074112588,115,461,12579.84,LP_batch_permission_scenario
f20,0.2,confirmation,960082,/home/user/projects/AIDRBench/results/nature_mainline/workload_composition_v4/confirmation/f20/scenarios/single/hourly_seed_960082,f31bad4ffed69a588b2e61d8a93a3fe1aef04d8061fe29ef7e2fbd3c241c1755,True,0.0,200.10439074112588,115,461,12579.84,LP_batch_permission_scenario
f20,0.2,confirmation,960083,/home/user/projects/AIDRBench/results/nature_mainline/workload_composition_v4/confirmation/f20/scenarios/single/hourly_seed_960083,8ed20b3f40fd629e9c67478283f85d81eac0083f257f6895d0d9f609eb008571,True,0.0,200.10439074112588,115,461,12579.84,LP_batch_permission_scenario
f20,0.2,confirmation,960084,/home/user/projects/AIDRBench/results/nature_mainline/workload_composition_v4/confirmation/f20/scenarios/single/hourly_seed_960084,8eb41ebf0458739df0978cbbe292fe5fb22c57f5044050e2e52b075b2d448747,True,0.0,200.10439074112588,115,461,12579.84,LP_batch_permission_scenario
f20,0.2,confirmation,960085,/home/user/projects/AIDRBench/results/nature_mainline/workload_composition_v4/confirmation/f20/scenarios/single/hourly_seed_960085,5505aa94a1d7f63c1ac3435f4880f42d0f284f99d78e3fcb2f931531d10a1433,True,0.0,200.10439074112588,115,461,12579.84,LP_batch_permission_scenario
f20,0.2,confirmation,960086,/home/user/projects/AIDRBench/results/nature_mainline/workload_composition_v4/confirmation/f20/scenarios/single/hourly_seed_960086,81cddd3a75c201eb669f5536a83a79086f14798f2c205cd2dd1dd2eb3533d705,True,0.0,200.10439074112588,115,461,12579.84,LP_batch_permission_scenario
f20,0.2,confirmation,960087,/home/user/projects/AIDRBench/results/nature_mainline/workload_composition_v4/confirmation/f20/scenarios/single/hourly_seed_960087,ef56c0818789036e76c45e4e3ee26eea14158813687a5ef05f87840b3362c7c6,True,0.0,200.10439074112588,115,461,12579.84,LP_batch_permission_scenario
f20,0.2,confirmation,960088,/home/user/projects/AIDRBench/results/nature_mainline/workload_composition_v4/confirmation/f20/scenarios/single/hourly_seed_960088,021b8942cc6eeab2041805d206275dcd7302b96e14acae8bc2608898619a3bc4,True,0.0,200.10439074112588,115,461,12579.84,LP_batch_permission_scenario
f20,0.2,confirmation,960089,/home/user/projects/AIDRBench/results/nature_mainline/workload_composition_v4/confirmation/f20/scenarios/single/hourly_seed_960089,96df9bbf78262fcd3366dd5c21df49807f93f6d69bdcb4336369e57b2f44818d,True,0.0,200.10439074112588,115,461,12579.84,LP_batch_permission_scenario
f20,0.2,confirmation,960090,/home/user/projects/AIDRBench/results/nature_mainline/workload_composition_v4/confirmation/f20/scenarios/single/hourly_seed_960090,6e3308d4418d698ffb2c43abc4f81fe70be33702a9b7d8380590f20dcdb9a3b7,True,0.0,200.10439074112588,115,461,12579.84,LP_batch_permission_scenario
f20,0.2,confirmation,960091,/home/user/projects/AIDRBench/results/nature_mainline/workload_composition_v4/confirmation/f20/scenarios/single/hourly_seed_960091,a5892399dbb230ed87578f0ae3f48c60c9a68253a1b7dc71411530ff2819f41e,True,0.0,200.10439074112588,115,461,12579.84,LP_batch_permission_scenario
f20,0.2,confirmation,960092,/home/user/projects/AIDRBench/results/nature_mainline/workload_composition_v4/confirmation/f20/scenarios/single/hourly_seed_960092,84b134171a1be70194c8a25c2a7b471b33fde86f6809634643203e3906b9563d,True,0.0,200.10439074112588,115,461,12579.84,LP_batch_permission_scenario
f20,0.2,confirmation,960093,/home/user/projects/AIDRBench/results/nature_mainline/workload_composition_v4/confirmation/f20/scenarios/single/hourly_seed_960093,cdbb986408b615fc417bc2aacc3b3c5ca98a2fa338bf2cb8bf6f76bee6c25292,True,0.0,200.10439074112588,115,461,12579.84,LP_batch_permission_scenario
f20,0.2,confirmation,960094,/home/user/projects/AIDRBench/results/nature_mainline/workload_composition_v4/confirmation/f20/scenarios/single/hourly_seed_960094,97e4ee31f1eb074aa1a9642336a353042f5b480e891d9f832b72e7d14f5a63ba,True,0.0,200.10439074112588,115,461,12579.84,LP_batch_permission_scenario
f20,0.2,confirmation,960095,/home/user/projects/AIDRBench/results/nature_mainline/workload_composition_v4/confirmation/f20/scenarios/single/hourly_seed_960095,085ed23e7de8025cf327c08a99acd8402100944a09fd83c7fc49fe31f1bd81c4,True,0.0,200.10439074112588,115,461,12579.84,LP_batch_permission_scenario
f20,0.2,confirmation,960096,/home/user/projects/AIDRBench/results/nature_mainline/workload_composition_v4/confirmation/f20/scenarios/single/hourly_seed_960096,6755d2770f3cfb368a7038fe2b7824d9d1abf0677c146ea87a8e44ef339052b1,True,0.0,200.10439074112588,115,461,12579.84,LP_batch_permission_scenario
f20,0.2,confirmation,960097,/home/user/projects/AIDRBench/results/nature_mainline/workload_composition_v4/confirmation/f20/scenarios/single/hourly_seed_960097,ec1b8760f66c38ad7b1130f9b1887a699a87ece34a1a5c902c723c8fc416665d,True,0.0,200.10439074112588,115,461,12579.84,LP_batch_permission_scenario
f20,0.2,confirmation,960098,/home/user/projects/AIDRBench/results/nature_mainline/workload_composition_v4/confirmation/f20/scenarios/single/hourly_seed_960098,03535135bcabd3a7734f5b74aa8e2b8f9661711988b6d9c9616ed76a575bc724,True,0.0,200.10439074112588,115,461,12579.84,LP_batch_permission_scenario
f20,0.2,confirmation,960099,/home/user/projects/AIDRBench/results/nature_mainline/workload_composition_v4/confirmation/f20/scenarios/single/hourly_seed_960099,5a2559e0f597bf9ff36545c8d2474b540bc383cca3a14c13c273e6fd048b9e44,True,0.0,200.10439074112588,115,461,12579.84,LP_batch_permission_scenario
f20,0.2,confirmation,960100,/home/user/projects/AIDRBench/results/nature_mainline/workload_composition_v4/confirmation/f20/scenarios/single/hourly_seed_960100,cf7d79cb7ab704ec4c16b32ad549bcd21a7d0d833f9c087e952673bfecbe802b,True,0.0,200.10439074112588,115,461,12579.84,LP_batch_permission_scenario
f20,0.2,confirmation,960101,/home/user/projects/AIDRBench/results/nature_mainline/workload_composition_v4/confirmation/f20/scenarios/single/hourly_seed_960101,58d30d5212a21bbe8e321622016b5c48b24ca04ec848ba98fc630ccd960a02d4,True,0.0,200.10439074112588,115,461,12579.84,LP_batch_permission_scenario
f20,0.2,confirmation,960102,/home/user/projects/AIDRBench/results/nature_mainline/workload_composition_v4/confirmation/f20/scenarios/single/hourly_seed_960102,a771643ab89139d2d183be0c8f3a2067adb6792d187e763ac8d6bd4f78a7b3a3,True,0.0,200.10439074112588,115,461,12579.84,LP_batch_permission_scenario
f20,0.2,confirmation,960103,/home/user/projects/AIDRBench/results/nature_mainline/workload_composition_v4/confirmation/f20/scenarios/single/hourly_seed_960103,923573db69e9b582d0133804fb488ae1c0842de81c8f75e18cbe17a92fd8f41e,True,0.0,200.10439074112588,115,461,12579.84,LP_batch_permission_scenario
f20,0.2,confirmation,960104,/home/user/projects/AIDRBench/results/nature_mainline/workload_composition_v4/confirmation/f20/scenarios/single/hourly_seed_960104,42f491267748a2d3836f1f34f36ad24b8127a789056a41f10ec7e8dba582a1dc,True,0.0,200.10439074112588,115,461,12579.84,LP_batch_permission_scenario
f20,0.2,confirmation,960105,/home/user/projects/AIDRBench/results/nature_mainline/workload_composition_v4/confirmation/f20/scenarios/single/hourly_seed_960105,af97adf37b9094a82e2b21e48d4bb8666d5788d6b466b2b85142f985ddb532df,True,0.0,200.10439074112588,115,461,12579.84,LP_batch_permission_scenario
f20,0.2,confirmation,960106,/home/user/projects/AIDRBench/results/nature_mainline/workload_composition_v4/confirmation/f20/scenarios/single/hourly_seed_960106,53424abee2fc14bf05e6081b350926b573265ea46e422e749a7c50ff62c5960e,True,0.0,200.10439074112588,115,461,12579.84,LP_batch_permission_scenario
f20,0.2,confirmation,960107,/home/user/projects/AIDRBench/results/nature_mainline/workload_composition_v4/confirmation/f20/scenarios/single/hourly_seed_960107,5c7de7a17604a703cc3752e1e2cf40646281d7cb0b299d5e304dc9b4d6d9da10,True,0.0,200.10439074112588,115,461,12579.84,LP_batch_permission_scenario
f20,0.2,confirmation,960108,/home/user/projects/AIDRBench/results/nature_mainline/workload_composition_v4/confirmation/f20/scenarios/single/hourly_seed_960108,6154fdd2143c9e8a86ab97d0640a5447fe2090dd5513402e284ca435826f4bf3,True,0.0,200.10439074112588,115,461,12579.84,LP_batch_permission_scenario
f20,0.2,confirmation,960109,/home/user/projects/AIDRBench/results/nature_mainline/workload_composition_v4/confirmation/f20/scenarios/single/hourly_seed_960109,b3158515e4b16762f3385418c68e3bf566e22537c5082276dd3060bf080b8994,True,0.0,200.10439074112588,115,461,12579.84,LP_batch_permission_scenario
f20,0.2,confirmation,960110,/home/user/projects/AIDRBench/results/nature_mainline/workload_composition_v4/confirmation/f20/scenarios/single/hourly_seed_960110,75a1ece1de91a7c25f07dd1cc3080f9e7c98a2687420b561d601181a7554b73b,True,0.0,200.10439074112588,115,461,12579.84,LP_batch_permission_scenario
f20,0.2,confirmation,960111,/home/user/projects/AIDRBench/results/nature_mainline/workload_composition_v4/confirmation/f20/scenarios/single/hourly_seed_960111,ec6db764c237f630d5adc748baaec24cb590de8c70e4b8afcee5dfc80c9017a7,True,0.0,200.10439074112588,115,461,12579.84,LP_batch_permission_scenario
f20,0.2,confirmation,960112,/home/user/projects/AIDRBench/results/nature_mainline/workload_composition_v4/confirmation/f20/scenarios/single/hourly_seed_960112,3fc0c1bf0eaba902bb117e54a03f6b1baad95cf459f13c87d8ac1bb4b8c50e48,True,0.0,200.10439074112588,115,461,12579.84,LP_batch_permission_scenario
f20,0.2,confirmation,960113,/home/user/projects/AIDRBench/results/nature_mainline/workload_composition_v4/confirmation/f20/scenarios/single/hourly_seed_960113,922ab18c0ffd581dbe3c6b95ffc1fdd001a8eb4d6e1354bbcb4a6926dc62f4b4,True,0.0,200.10439074112588,115,461,12579.84,LP_batch_permission_scenario
f20,0.2,confirmation,960114,/home/user/projects/AIDRBench/results/nature_mainline/workload_composition_v4/confirmation/f20/scenarios/single/hourly_seed_960114,d02dfd130a0c9fa6cc018750f3cad9c4a4b98a2b11c07e73cf31eaa6f0a220e2,True,0.0,200.10439074112588,115,461,12579.84,LP_batch_permission_scenario
f20,0.2,confirmation,960115,/home/user/projects/AIDRBench/results/nature_mainline/workload_composition_v4/confirmation/f20/scenarios/single/hourly_seed_960115,c3d69fa053c7e133b9ce1c60ee226d87ae8618bb3e2a9481c15687a72a6f2c40,True,0.0,200.10439074112588,115,461,12579.84,LP_batch_permission_scenario
f20,0.2,confirmation,960116,/home/user/projects/AIDRBench/results/nature_mainline/workload_composition_v4/confirmation/f20/scenarios/single/hourly_seed_960116,f46ad92cc3fee327083771ec1d463a6414e8a7c1ae8d6264f218e3dac8a459c5,True,0.0,200.10439074112588,115,461,12579.84,LP_batch_permission_scenario
f20,0.2,confirmation,960117,/home/user/projects/AIDRBench/results/nature_mainline/workload_composition_v4/confirmation/f20/scenarios/single/hourly_seed_960117,c67d638cb2ab53941e66684c75cbc7c334ca030298dadb310e24f19144377fa3,True,0.0,200.10439074112588,115,461,12579.84,LP_batch_permission_scenario
f20,0.2,confirmation,960118,/home/user/projects/AIDRBench/results/nature_mainline/workload_composition_v4/confirmation/f20/scenarios/single/hourly_seed_960118,ef6cf3534a922fe590f37668252727373ac7c172f57f094093144fbc91a37279,True,0.0,200.10439074112588,115,461,12579.84,LP_batch_permission_scenario
f20,0.2,confirmation,960119,/home/user/projects/AIDRBench/results/nature_mainline/workload_composition_v4/confirmation/f20/scenarios/single/hourly_seed_960119,d3a3953058baed25b563b5f325adc63e0696211a96677b4480be1e812a36aef1,True,0.0,200.10439074112588,115,461,12579.84,LP_batch_permission_scenario
f20,0.2,confirmation,960120,/home/user/projects/AIDRBench/results/nature_mainline/workload_composition_v4/confirmation/f20/scenarios/single/hourly_seed_960120,0c509d5c4aa14e68ea9994a916a6a7614cbe2e00a2904aa42f1ee211d84eb4b8,True,0.0,200.10439074112588,115,461,12579.84,LP_batch_permission_scenario
f20,0.2,confirmation,960121,/home/user/projects/AIDRBench/results/nature_mainline/workload_composition_v4/confirmation/f20/scenarios/single/hourly_seed_960121,3878990f719d17a780952ab319a297d7f2318315cf9163bee064d32f63653610,True,0.0,200.10439074112588,115,461,12579.84,LP_batch_permission_scenario
f20,0.2,confirmation,960122,/home/user/projects/AIDRBench/results/nature_mainline/workload_composition_v4/confirmation/f20/scenarios/single/hourly_seed_960122,29258bc81f854650b1a75dec655757766ba855a22c476dcbd600bf78ef8b17fc,True,0.0,200.10439074112588,115,461,12579.84,LP_batch_permission_scenario
f20,0.2,confirmation,960123,/home/user/projects/AIDRBench/results/nature_mainline/workload_composition_v4/confirmation/f20/scenarios/single/hourly_seed_960123,9349c0db9a088670a3f89266d168b22480ce4e45ef1df57a7c64599291ed60a2,True,0.0,200.10439074112588,115,461,12579.84,LP_batch_permission_scenario
f20,0.2,confirmation,960124,/home/user/projects/AIDRBench/results/nature_mainline/workload_composition_v4/confirmation/f20/scenarios/single/hourly_seed_960124,6b4e0ee32d077ed608a0747e8b5fe8544b32c6fe1c9ed82aa7ec3849063b26b1,True,0.0,200.10439074112588,115,461,12579.84,LP_batch_permission_scenario
f20,0.2,confirmation,960125,/home/user/projects/AIDRBench/results/nature_mainline/workload_composition_v4/confirmation/f20/scenarios/single/hourly_seed_960125,65e073f5ae8133dbf2377105b96879b2d9e614c042f0b2e2b1b3782eb0960b71,True,0.0,200.10439074112588,115,461,12579.84,LP_batch_permission_scenario
f20,0.2,confirmation,960126,/home/user/projects/AIDRBench/results/nature_mainline/workload_composition_v4/confirmation/f20/scenarios/single/hourly_seed_960126,831e7f90f12d4ce728043dece26581fe22165b033e9c17d7eb870e7d068dd698,True,0.0,200.10439074112588,115,461,12579.84,LP_batch_permission_scenario
f20,0.2,confirmation,960127,/home/user/projects/AIDRBench/results/nature_mainline/workload_composition_v4/confirmation/f20/scenarios/single/hourly_seed_960127,441897d2aa94c3a58fdab02c247517b8d32e29540fa4abc31ece863129fa618f,True,0.0,200.10439074112588,115,461,12579.84,LP_batch_permission_scenario
f20,0.2,confirmation,960128,/home/user/projects/AIDRBench/results/nature_mainline/workload_composition_v4/confirmation/f20/scenarios/single/hourly_seed_960128,0d814aec39784d8d928185bf6d52917c397e0b7944380221e7fd201fae3b7133,True,0.0,200.10439074112588,115,461,12579.84,LP_batch_permission_scenario
f20,0.2,confirmation,960129,/home/user/projects/AIDRBench/results/nature_mainline/workload_composition_v4/confirmation/f20/scenarios/single/hourly_seed_960129,7b6ffeccf2b7856e4dffc4d1be4b7a8f8ec5b9120c5d2640ac7159d36f134133,True,0.0,200.10439074112588,115,461,12579.84,LP_batch_permission_scenario
f20,0.2,confirmation,960130,/home/user/projects/AIDRBench/results/nature_mainline/workload_composition_v4/confirmation/f20/scenarios/single/hourly_seed_960130,6d2d618cdaab46e6fde6bff76ac0c32f8a25f1d3b953e2e72ccba78a10098689,True,0.0,200.10439074112588,115,461,12579.84,LP_batch_permission_scenario
f20,0.2,confirmation,960131,/home/user/projects/AIDRBench/results/nature_mainline/workload_composition_v4/confirmation/f20/scenarios/single/hourly_seed_960131,17a84582e19eda07359f326f542d619f4bf5f5761501ebb21ceb357127874c47,True,0.0,200.10439074112588,115,461,12579.84,LP_batch_permission_scenario
f20,0.2,confirmation,960132,/home/user/projects/AIDRBench/results/nature_mainline/workload_composition_v4/confirmation/f20/scenarios/single/hourly_seed_960132,885014798b6cd29456849d61951c366aaaf33eec42aa00741b2d4f4be3664a0b,True,0.0,200.10439074112588,115,461,12579.84,LP_batch_permission_scenario
f20,0.2,confirmation,960133,/home/user/projects/AIDRBench/results/nature_mainline/workload_composition_v4/confirmation/f20/scenarios/single/hourly_seed_960133,4120ee86f26e18dc26c3cfe93bc8e92c3bfc821f37a917f2611e23c07dc0da2f,True,0.0,200.10439074112588,115,461,12579.84,LP_batch_permission_scenario
f20,0.2,confirmation,960134,/home/user/projects/AIDRBench/results/nature_mainline/workload_composition_v4/confirmation/f20/scenarios/single/hourly_seed_960134,35c0345ece5b32e26df79bb68ac1113962a127c0a0a0c358129ce4a610f6af9a,True,0.0,200.10439074112588,115,461,12579.84,LP_batch_permission_scenario
f20,0.2,confirmation,960135,/home/user/projects/AIDRBench/results/nature_mainline/workload_composition_v4/confirmation/f20/scenarios/single/hourly_seed_960135,61700c146c282392e91be299327842419bf4131f8fe5a6ba3663aa948f10f0fb,True,0.0,200.10439074112588,115,461,12579.84,LP_batch_permission_scenario
f20,0.2,confirmation,960136,/home/user/projects/AIDRBench/results/nature_mainline/workload_composition_v4/confirmation/f20/scenarios/single/hourly_seed_960136,018722ed504c50ed07784d1d86c1df629746f73da71ec0bed2058cd768ee6c1c,True,0.0,200.10439074112588,115,461,12579.84,LP_batch_permission_scenario
f20,0.2,confirmation,960137,/home/user/projects/AIDRBench/results/nature_mainline/workload_composition_v4/confirmation/f20/scenarios/single/hourly_seed_960137,bbb195764592886e694f683b8a7c75cec1e00375c6d1e467c09c746e71c3cbb6,True,0.0,200.10439074112588,115,461,12579.84,LP_batch_permission_scenario
f20,0.2,confirmation,960138,/home/user/projects/AIDRBench/results/nature_mainline/workload_composition_v4/confirmation/f20/scenarios/single/hourly_seed_960138,c16e2abc5aceefb213b3f6d937e7b5f5bafd688cecba6eb018058eca97f6b393,True,0.0,200.10439074112588,115,461,12579.84,LP_batch_permission_scenario
f20,0.2,confirmation,960139,/home/user/projects/AIDRBench/results/nature_mainline/workload_composition_v4/confirmation/f20/scenarios/single/hourly_seed_960139,0d787de0942c941d242ea40fa1cc2d1a75f9fe27ee8c9756745816ce140a6f15,True,0.0,200.10439074112588,115,461,12579.84,LP_batch_permission_scenario
f20,0.2,confirmation,960140,/home/user/projects/AIDRBench/results/nature_mainline/workload_composition_v4/confirmation/f20/scenarios/single/hourly_seed_960140,207f555477d1a3a8c5066507c50d03acc436e4054bf7246931a87b67cca44a35,True,0.0,200.10439074112588,115,461,12579.84,LP_batch_permission_scenario
f20,0.2,confirmation,960141,/home/user/projects/AIDRBench/results/nature_mainline/workload_composition_v4/confirmation/f20/scenarios/single/hourly_seed_960141,5cac1426cbcbb0a8b9c1b43f38e14be963847139f98df10abaf8c538780af32e,True,0.0,200.10439074112588,115,461,12579.84,LP_batch_permission_scenario
f20,0.2,confirmation,960142,/home/user/projects/AIDRBench/results/nature_mainline/workload_composition_v4/confirmation/f20/scenarios/single/hourly_seed_960142,17adf320f0eb0917c8a98ed24468406219b8474d25adb6ccc6781fdbf0417161,True,0.0,200.10439074112588,115,461,12579.84,LP_batch_permission_scenario
f20,0.2,confirmation,960143,/home/user/projects/AIDRBench/results/nature_mainline/workload_composition_v4/confirmation/f20/scenarios/single/hourly_seed_960143,351621192000c8cc715d656512f32388622b86af032ad02f7a602ca624fc7d5e,True,0.0,200.10439074112588,115,461,12579.84,LP_batch_permission_scenario
f20,0.2,confirmation,960144,/home/user/projects/AIDRBench/results/nature_mainline/workload_composition_v4/confirmation/f20/scenarios/single/hourly_seed_960144,2e679ffafbe65a55fa251655f460b9f1d7665ecec3ba7ea430f4f364adc4b000,True,0.0,200.10439074112588,115,461,12579.84,LP_batch_permission_scenario
f20,0.2,confirmation,960145,/home/user/projects/AIDRBench/results/nature_mainline/workload_composition_v4/confirmation/f20/scenarios/single/hourly_seed_960145,693de1b078eb916a228ab71fb78cd8057aeefb6f79bd995da883e6d08bbee252,True,0.0,200.10439074112588,115,461,12579.84,LP_batch_permission_scenario
f20,0.2,confirmation,960146,/home/user/projects/AIDRBench/results/nature_mainline/workload_composition_v4/confirmation/f20/scenarios/single/hourly_seed_960146,d2dc6c8fa20c2a02604ed937e1906f8e9cee8ad7ce82216d99e9ee5ce576796f,True,0.0,200.10439074112588,115,461,12579.84,LP_batch_permission_scenario
f20,0.2,confirmation,960147,/home/user/projects/AIDRBench/results/nature_mainline/workload_composition_v4/confirmation/f20/scenarios/single/hourly_seed_960147,866eeed5e431ebabf1530c768566bb4a929128df68b1434cc28a3ad7352d0b4f,True,0.0,200.10439074112588,115,461,12579.84,LP_batch_permission_scenario
f20,0.2,confirmation,960148,/home/user/projects/AIDRBench/results/nature_mainline/workload_composition_v4/confirmation/f20/scenarios/single/hourly_seed_960148,0592542a176ca7a850dd45ee521d822a1e201cc84770ac67c0ac3ee6dfbf4d5f,True,0.0,200.10439074112588,115,461,12579.84,LP_batch_permission_scenario
f20,0.2,confirmation,960149,/home/user/projects/AIDRBench/results/nature_mainline/workload_composition_v4/confirmation/f20/scenarios/single/hourly_seed_960149,7d22636c582b83287c5c34a9c4ab6296b80a9654a6463f0ec35fd8d06ca68346,True,0.0,200.10439074112588,115,461,12579.84,LP_batch_permission_scenario
f20,0.2,confirmation,960150,/home/user/projects/AIDRBench/results/nature_mainline/workload_composition_v4/confirmation/f20/scenarios/single/hourly_seed_960150,e6d9f9e5f89f10cceca4cd389bbb911fb8641c7c0b61a0031dab7b17a33c99a7,True,0.0,200.10439074112588,115,461,12579.84,LP_batch_permission_scenario
f20,0.2,confirmation,960151,/home/user/projects/AIDRBench/results/nature_mainline/workload_composition_v4/confirmation/f20/scenarios/single/hourly_seed_960151,fcab2aaaaa2321bd0c3d044dd04a04675a412f9ba68541a5c543498e10d904f7,True,0.0,200.10439074112588,115,461,12579.84,LP_batch_permission_scenario
f20,0.2,confirmation,960152,/home/user/projects/AIDRBench/results/nature_mainline/workload_composition_v4/confirmation/f20/scenarios/single/hourly_seed_960152,050a765c60d4c72aef2de6cc495b8cb7308625cfd1176271a41e973b1d01679f,True,0.0,200.10439074112588,115,461,12579.84,LP_batch_permission_scenario
f20,0.2,confirmation,960153,/home/user/projects/AIDRBench/results/nature_mainline/workload_composition_v4/confirmation/f20/scenarios/single/hourly_seed_960153,514f477231ff78a55889a76bf0177ac74ae52914efe7b6204b8c748fa6811fe2,True,0.0,200.10439074112588,115,461,12579.84,LP_batch_permission_scenario
f20,0.2,confirmation,960154,/home/user/projects/AIDRBench/results/nature_mainline/workload_composition_v4/confirmation/f20/scenarios/single/hourly_seed_960154,4b2dcc020d23cfdc03b99afe8de57775c5c922a845bdbf656d66333d3cc06c1e,True,0.0,200.10439074112588,115,461,12579.84,LP_batch_permission_scenario
f20,0.2,confirmation,960155,/home/user/projects/AIDRBench/results/nature_mainline/workload_composition_v4/confirmation/f20/scenarios/single/hourly_seed_960155,ac538f56f2453b3588f175f7e53037136134c516b6e8426eb639cf4a1502bd16,True,0.0,200.10439074112588,115,461,12579.84,LP_batch_permission_scenario
f20,0.2,confirmation,960156,/home/user/projects/AIDRBench/results/nature_mainline/workload_composition_v4/confirmation/f20/scenarios/single/hourly_seed_960156,a8c9bdf4861cb59f7c938c587ccc57ea980d154d067e4121a767046ebcf324b5,True,0.0,200.10439074112588,115,461,12579.84,LP_batch_permission_scenario
f20,0.2,confirmation,960157,/home/user/projects/AIDRBench/results/nature_mainline/workload_composition_v4/confirmation/f20/scenarios/single/hourly_seed_960157,a934e984276668473112df756a407cdaa19af76565c102369d9691630f8a1101,True,0.0,200.10439074112588,115,461,12579.84,LP_batch_permission_scenario
f20,0.2,confirmation,960158,/home/user/projects/AIDRBench/results/nature_mainline/workload_composition_v4/confirmation/f20/scenarios/single/hourly_seed_960158,9f4670c9ec4fe74b0c046962ae9631502710acc04fb0b86417d99c7d36f7d36e,True,0.0,200.10439074112588,115,461,12579.84,LP_batch_permission_scenario
f20,0.2,confirmation,960159,/home/user/projects/AIDRBench/results/nature_mainline/workload_composition_v4/confirmation/f20/scenarios/single/hourly_seed_960159,b79aa31ca67526b701a25bf5b434dfe5690b0c93786f84bf0fcd3e8e6e83559a,True,0.0,200.10439074112588,115,461,12579.84,LP_batch_permission_scenario
f20,0.2,confirmation,960160,/home/user/projects/AIDRBench/results/nature_mainline/workload_composition_v4/confirmation/f20/scenarios/single/hourly_seed_960160,eaa39d8d508b16d34d7c5c42acc01ac6da1c2e6a5440fec37d51d1d253ac85c8,True,0.0,200.10439074112588,115,461,12579.84,LP_batch_permission_scenario
f20,0.2,confirmation,960161,/home/user/projects/AIDRBench/results/nature_mainline/workload_composition_v4/confirmation/f20/scenarios/single/hourly_seed_960161,dae6ca64ee6a2316bd658be7af2123afb433d9836c8ee4780def5ad035f35e73,True,0.0,200.10439074112588,115,461,12579.84,LP_batch_permission_scenario
f20,0.2,confirmation,960162,/home/user/projects/AIDRBench/results/nature_mainline/workload_composition_v4/confirmation/f20/scenarios/single/hourly_seed_960162,88a95e40ac128a4cdaec6e1bba5920924038225fd6522fe5274cc4e40940cc4d,True,0.0,200.10439074112588,115,461,12579.84,LP_batch_permission_scenario
f20,0.2,confirmation,960163,/home/user/projects/AIDRBench/results/nature_mainline/workload_composition_v4/confirmation/f20/scenarios/single/hourly_seed_960163,3474dd8eb9d36a235661715ef5ee431d7729e9224e684cfe85258b3994818635,True,0.0,200.10439074112588,115,461,12579.84,LP_batch_permission_scenario
f20,0.2,confirmation,960164,/home/user/projects/AIDRBench/results/nature_mainline/workload_composition_v4/confirmation/f20/scenarios/single/hourly_seed_960164,9b3550b4da6c44c821197cf5aff859da1c4f385ee9fc926b16937bd36565df2d,True,0.0,200.10439074112588,115,461,12579.84,LP_batch_permission_scenario
f20,0.2,confirmation,960165,/home/user/projects/AIDRBench/results/nature_mainline/workload_composition_v4/confirmation/f20/scenarios/single/hourly_seed_960165,c4aa728eaca72c9147d3c037d1a826fc427422337de2fa8804ce30ea0c0c8ec6,True,0.0,200.10439074112588,115,461,12579.84,LP_batch_permission_scenario
f20,0.2,confirmation,960166,/home/user/projects/AIDRBench/results/nature_mainline/workload_composition_v4/confirmation/f20/scenarios/single/hourly_seed_960166,5097839039bed90ceb44c343c937baa35f67fbcedbbb414db9bd178257518681,True,0.0,200.10439074112588,115,461,12579.84,LP_batch_permission_scenario
f20,0.2,confirmation,960167,/home/user/projects/AIDRBench/results/nature_mainline/workload_composition_v4/confirmation/f20/scenarios/single/hourly_seed_960167,bb5fa87dcbc1e65e0f6d1a53a63251d211cc1423fa759a2b7d5c6271788e2626,True,0.0,200.10439074112588,115,461,12579.84,LP_batch_permission_scenario
f20,0.2,confirmation,960168,/home/user/projects/AIDRBench/results/nature_mainline/workload_composition_v4/confirmation/f20/scenarios/single/hourly_seed_960168,4100ddce2a2d7a22bfb8d6996d988f5bd0b74413dc9cabb7117cfba35b28997d,True,0.0,200.10439074112588,115,461,12579.84,LP_batch_permission_scenario
f20,0.2,confirmation,960169,/home/user/projects/AIDRBench/results/nature_mainline/workload_composition_v4/confirmation/f20/scenarios/single/hourly_seed_960169,f34e9451af8c2bdd364d8a75c2284ecfbb66ca726dc1691c0feb3b0939c90beb,True,0.0,200.10439074112588,115,461,12579.84,LP_batch_permission_scenario
f20,0.2,confirmation,960170,/home/user/projects/AIDRBench/results/nature_mainline/workload_composition_v4/confirmation/f20/scenarios/single/hourly_seed_960170,a26616fc1b5fa4cfae5e0086ccb19faa684d6d1ed3c33eb2467b03a2e9190def,True,0.0,200.10439074112588,115,461,12579.84,LP_batch_permission_scenario
f20,0.2,confirmation,960171,/home/user/projects/AIDRBench/results/nature_mainline/workload_composition_v4/confirmation/f20/scenarios/single/hourly_seed_960171,046b0b21dd3adfeb521fa2288f28160c0a62bf7930200037d221b678233cf4c4,True,0.0,200.10439074112588,115,461,12579.84,LP_batch_permission_scenario
f20,0.2,confirmation,960172,/home/user/projects/AIDRBench/results/nature_mainline/workload_composition_v4/confirmation/f20/scenarios/single/hourly_seed_960172,4bc159543bf59b8cb5aff0609b8db4c6aa2539eda49b20434605619fae0031ba,True,0.0,200.10439074112588,115,461,12579.84,LP_batch_permission_scenario
f20,0.2,confirmation,960173,/home/user/projects/AIDRBench/results/nature_mainline/workload_composition_v4/confirmation/f20/scenarios/single/hourly_seed_960173,0c0992baccc356f09b5538fb0f5db37b44dba7034100112ccf7a9ed53a47e152,True,0.0,200.10439074112588,115,461,12579.84,LP_batch_permission_scenario
f20,0.2,confirmation,960174,/home/user/projects/AIDRBench/results/nature_mainline/workload_composition_v4/confirmation/f20/scenarios/single/hourly_seed_960174,63a3c877feadb55eda0a999cb896d80587b410198b029e2a01b3f7307fbed727,True,0.0,200.10439074112588,115,461,12579.84,LP_batch_permission_scenario
f20,0.2,confirmation,960175,/home/user/projects/AIDRBench/results/nature_mainline/workload_composition_v4/confirmation/f20/scenarios/single/hourly_seed_960175,4d58b579daa5caaabb18422224818a57b690394206e5b8324ce11cd9fe800343,True,0.0,200.10439074112588,115,461,12579.84,LP_batch_permission_scenario
f20,0.2,confirmation,960176,/home/user/projects/AIDRBench/results/nature_mainline/workload_composition_v4/confirmation/f20/scenarios/single/hourly_seed_960176,1d0a7b6c82bcb5f53aa4f8f639d4c970160ca2d4554d49b3b154d6aabd0f560f,True,0.0,200.10439074112588,115,461,12579.84,LP_batch_permission_scenario
f20,0.2,confirmation,960177,/home/user/projects/AIDRBench/results/nature_mainline/workload_composition_v4/confirmation/f20/scenarios/single/hourly_seed_960177,d7ad55d503b584671e424d00ee9ddadd08bf0e8e7239564302cc6b7b8cf23884,True,0.0,200.10439074112588,115,461,12579.84,LP_batch_permission_scenario
f20,0.2,confirmation,960178,/home/user/projects/AIDRBench/results/nature_mainline/workload_composition_v4/confirmation/f20/scenarios/single/hourly_seed_960178,472ac5076db575d3ec980cec4b46fd14afd4f7477ba0fb61ac664be454940d3a,True,0.0,200.10439074112588,115,461,12579.84,LP_batch_permission_scenario
f20,0.2,confirmation,960179,/home/user/projects/AIDRBench/results/nature_mainline/workload_composition_v4/confirmation/f20/scenarios/single/hourly_seed_960179,60b1eb2484e2530866e8dd4793fd2d68fe706754fc026c11aabe84ae4754b55a,True,0.0,200.10439074112588,115,461,12579.84,LP_batch_permission_scenario
f20,0.2,confirmation,960180,/home/user/projects/AIDRBench/results/nature_mainline/workload_composition_v4/confirmation/f20/scenarios/single/hourly_seed_960180,c9dc2ceac095ac9bf5956d12cea4373f921594d71f040dd1a2212c7638453a1c,True,0.0,200.10439074112588,115,461,12579.84,LP_batch_permission_scenario
f20,0.2,confirmation,960181,/home/user/projects/AIDRBench/results/nature_mainline/workload_composition_v4/confirmation/f20/scenarios/single/hourly_seed_960181,5adbaca81a69fb1cbf460dc6ade3f9e9c7f9cb50cf465c73d0da06e12015b35c,True,0.0,200.10439074112588,115,461,12579.84,LP_batch_permission_scenario
f20,0.2,confirmation,960182,/home/user/projects/AIDRBench/results/nature_mainline/workload_composition_v4/confirmation/f20/scenarios/single/hourly_seed_960182,635a09bc5b6ccd6d3242903bc5bfada4d38129d87c88aed8e56950a143a3e82c,True,0.0,200.10439074112588,115,461,12579.84,LP_batch_permission_scenario
f20,0.2,confirmation,960183,/home/user/projects/AIDRBench/results/nature_mainline/workload_composition_v4/confirmation/f20/scenarios/single/hourly_seed_960183,0eb0784db2228771ecf1f4f815c0fcb609ad57b8bc5c3d7b1ad7b6287bf78937,True,0.0,200.10439074112588,115,461,12579.84,LP_batch_permission_scenario
f20,0.2,confirmation,960184,/home/user/projects/AIDRBench/results/nature_mainline/workload_composition_v4/confirmation/f20/scenarios/single/hourly_seed_960184,058fece60fe08f5c165c82632c4a39e3c303199602104e3d3adb5ce91408fd55,True,0.0,200.10439074112588,115,461,12579.84,LP_batch_permission_scenario
f20,0.2,confirmation,960185,/home/user/projects/AIDRBench/results/nature_mainline/workload_composition_v4/confirmation/f20/scenarios/single/hourly_seed_960185,50bc023224f9beb0b17cbe9f92532eb58a604936d08458d5a2b3cd3854e69684,True,0.0,200.10439074112588,115,461,12579.84,LP_batch_permission_scenario
f20,0.2,confirmation,960186,/home/user/projects/AIDRBench/results/nature_mainline/workload_composition_v4/confirmation/f20/scenarios/single/hourly_seed_960186,1167f45c5597b0c127f97db3c95f0aa9c1795a890b583bfc519552e55b112568,True,0.0,200.10439074112588,115,461,12579.84,LP_batch_permission_scenario
f20,0.2,confirmation,960187,/home/user/projects/AIDRBench/results/nature_mainline/workload_composition_v4/confirmation/f20/scenarios/single/hourly_seed_960187,af36839a60ce7c0e62005d02e78774187620bfad22cfe15abb89477543cc2219,True,0.0,200.10439074112588,115,461,12579.84,LP_batch_permission_scenario
f20,0.2,confirmation,960188,/home/user/projects/AIDRBench/results/nature_mainline/workload_composition_v4/confirmation/f20/scenarios/single/hourly_seed_960188,a18bf31cb3125202a2c8ad9cd30a069137fa8247102c0e2e09f5c8e84014337d,True,0.0,200.10439074112588,115,461,12579.84,LP_batch_permission_scenario
f20,0.2,confirmation,960189,/home/user/projects/AIDRBench/results/nature_mainline/workload_composition_v4/confirmation/f20/scenarios/single/hourly_seed_960189,c1886e9c13d4086cd9190b9c5bb62bc382f6567f6c064be91b7c6394f2a04adc,True,0.0,200.10439074112588,115,461,12579.84,LP_batch_permission_scenario
f20,0.2,confirmation,960190,/home/user/projects/AIDRBench/results/nature_mainline/workload_composition_v4/confirmation/f20/scenarios/single/hourly_seed_960190,1a2f74d365c6054ecf61580c37e9d3cb467444dcc25b41e42018c7186831b41e,True,0.0,200.10439074112588,115,461,12579.84,LP_batch_permission_scenario
f20,0.2,confirmation,960191,/home/user/projects/AIDRBench/results/nature_mainline/workload_composition_v4/confirmation/f20/scenarios/single/hourly_seed_960191,59ecabb6555d494e58629d2405c7abeed18eebee1b117d83d3d5e6f4efc8ea00,True,0.0,200.10439074112588,115,461,12579.84,LP_batch_permission_scenario
f20,0.2,confirmation,960192,/home/user/projects/AIDRBench/results/nature_mainline/workload_composition_v4/confirmation/f20/scenarios/single/hourly_seed_960192,5e128dcd20043dc3cefe962c26758515f036ed2eca6fa467d9566d290920121a,True,0.0,200.10439074112588,115,461,12579.84,LP_batch_permission_scenario
f20,0.2,confirmation,960193,/home/user/projects/AIDRBench/results/nature_mainline/workload_composition_v4/confirmation/f20/scenarios/single/hourly_seed_960193,bd87f9d8ec449b14630530c4974d228f4aae31b988e55bc876cc2a26a5d19c0f,True,0.0,200.10439074112588,115,461,12579.84,LP_batch_permission_scenario
f20,0.2,confirmation,960194,/home/user/projects/AIDRBench/results/nature_mainline/workload_composition_v4/confirmation/f20/scenarios/single/hourly_seed_960194,d18dccf8c75dd37cf773840a63bca0def282fb3b77c9463da1757238884102b7,True,0.0,200.10439074112588,115,461,12579.84,LP_batch_permission_scenario
f20,0.2,confirmation,960195,/home/user/projects/AIDRBench/results/nature_mainline/workload_composition_v4/confirmation/f20/scenarios/single/hourly_seed_960195,25d220d2eec760a15523bee23f779d05963b0bb06d5b07e6884723efee39bf55,True,0.0,200.10439074112588,115,461,12579.84,LP_batch_permission_scenario
f20,0.2,confirmation,960196,/home/user/projects/AIDRBench/results/nature_mainline/workload_composition_v4/confirmation/f20/scenarios/single/hourly_seed_960196,cb77c4287761bcca0f14628eb2b60409f6252d1893d03e3cd678e10b356ef6c3,True,0.0,200.10439074112588,115,461,12579.84,LP_batch_permission_scenario
f20,0.2,confirmation,960197,/home/user/projects/AIDRBench/results/nature_mainline/workload_composition_v4/confirmation/f20/scenarios/single/hourly_seed_960197,06b6479a09dc67b33c0867d51dabb7a033bb78e09057fb7def1bf801f1ecfff4,True,0.0,200.10439074112588,115,461,12579.84,LP_batch_permission_scenario
f20,0.2,confirmation,960198,/home/user/projects/AIDRBench/results/nature_mainline/workload_composition_v4/confirmation/f20/scenarios/single/hourly_seed_960198,fac582fc4391ea457afdfa47c75a0bca3b7f2adf69d5b024488f064e1cab388f,True,0.0,200.10439074112588,115,461,12579.84,LP_batch_permission_scenario
f20,0.2,confirmation,960199,/home/user/projects/AIDRBench/results/nature_mainline/workload_composition_v4/confirmation/f20/scenarios/single/hourly_seed_960199,a78ec5c6db62fc165f0f7072a7fbcd97228e7cde3c1c9f028e66fe51086d1c6d,True,0.0,200.10439074112588,115,461,12579.84,LP_batch_permission_scenario
f20,0.2,confirmation,960200,/home/user/projects/AIDRBench/results/nature_mainline/workload_composition_v4/confirmation/f20/scenarios/single/hourly_seed_960200,f5e833659c462de68d213c9265db6b039fd863d70a69070049c3e2cca104a88d,True,0.0,200.10439074112588,115,461,12579.84,LP_batch_permission_scenario
f20,0.2,confirmation,960201,/home/user/projects/AIDRBench/results/nature_mainline/workload_composition_v4/confirmation/f20/scenarios/single/hourly_seed_960201,3b1a9105746b4ddadea03da7b8d9d9e8d69b35e757a27ec009f1c9e86924eb29,True,0.0,200.10439074112588,115,461,12579.84,LP_batch_permission_scenario
f20,0.2,confirmation,960202,/home/user/projects/AIDRBench/results/nature_mainline/workload_composition_v4/confirmation/f20/scenarios/single/hourly_seed_960202,68ab38ed4299dd61b452a72fd697ed8dee1a8c1d80d48b7c3f7b3ba6593a94f7,True,0.0,200.10439074112588,115,461,12579.84,LP_batch_permission_scenario
f20,0.2,confirmation,960203,/home/user/projects/AIDRBench/results/nature_mainline/workload_composition_v4/confirmation/f20/scenarios/single/hourly_seed_960203,402ff75a3275e94f90da7f8c78be571af8b35c68545f63c95deaa2cf63fdf760,True,0.0,200.10439074112588,115,461,12579.84,LP_batch_permission_scenario
f20,0.2,confirmation,960204,/home/user/projects/AIDRBench/results/nature_mainline/workload_composition_v4/confirmation/f20/scenarios/single/hourly_seed_960204,506f201c81333564494c3cc3c86d78e3a5ce3759075a8cfce72562155f9e2e63,True,0.0,200.10439074112588,115,461,12579.84,LP_batch_permission_scenario
f20,0.2,confirmation,960205,/home/user/projects/AIDRBench/results/nature_mainline/workload_composition_v4/confirmation/f20/scenarios/single/hourly_seed_960205,e288ba1564795a44cf4d56d9546ff7fd38cb2790032c24e9dd51e3d6d82323fc,True,0.0,200.10439074112588,115,461,12579.84,LP_batch_permission_scenario
f20,0.2,confirmation,960206,/home/user/projects/AIDRBench/results/nature_mainline/workload_composition_v4/confirmation/f20/scenarios/single/hourly_seed_960206,10f2ce338048c79e762bcf9faf88eb0c19899019913deb5cc499643ab927fb11,True,0.0,200.10439074112588,115,461,12579.84,LP_batch_permission_scenario
f20,0.2,confirmation,960207,/home/user/projects/AIDRBench/results/nature_mainline/workload_composition_v4/confirmation/f20/scenarios/single/hourly_seed_960207,900c3fb1bb8d5a55294a1ce968309c4f05e481417ff29a6c737d51dd0cd63c89,True,0.0,200.10439074112588,115,461,12579.84,LP_batch_permission_scenario
f20,0.2,confirmation,960208,/home/user/projects/AIDRBench/results/nature_mainline/workload_composition_v4/confirmation/f20/scenarios/single/hourly_seed_960208,e6cb67a68f0d71dae39db12542d57c63a9e959686fa886ac9e4b24fbdec0a007,True,0.0,200.10439074112588,115,461,12579.84,LP_batch_permission_scenario
f20,0.2,confirmation,960209,/home/user/projects/AIDRBench/results/nature_mainline/workload_composition_v4/confirmation/f20/scenarios/single/hourly_seed_960209,d7c514510fbadc21e3a61519982c7266bf25d0d414f1e83dfda58d62a1c01f3d,True,0.0,200.10439074112588,115,461,12579.84,LP_batch_permission_scenario
f20,0.2,confirmation,960210,/home/user/projects/AIDRBench/results/nature_mainline/workload_composition_v4/confirmation/f20/scenarios/single/hourly_seed_960210,be14b344dd0c71ab74399b475f95a43373830b5bf7a0940d253dc63c1d505d6a,True,0.0,200.10439074112588,115,461,12579.84,LP_batch_permission_scenario
f20,0.2,confirmation,960211,/home/user/projects/AIDRBench/results/nature_mainline/workload_composition_v4/confirmation/f20/scenarios/single/hourly_seed_960211,aa063bbd9fda81c287242f9ab7d24f40fb9baad606db9cc7ffaea6ea786bc724,True,0.0,200.10439074112588,115,461,12579.84,LP_batch_permission_scenario
f20,0.2,confirmation,960212,/home/user/projects/AIDRBench/results/nature_mainline/workload_composition_v4/confirmation/f20/scenarios/single/hourly_seed_960212,a4293090de9d7bc4638ef7cf73c86f76ec125fefb2003cd55a20ed3e246aec22,True,0.0,200.10439074112588,115,461,12579.84,LP_batch_permission_scenario
f20,0.2,confirmation,960213,/home/user/projects/AIDRBench/results/nature_mainline/workload_composition_v4/confirmation/f20/scenarios/single/hourly_seed_960213,0ad83abac6326debe792303e0c2bff7d058cf978f74bb7da9cf99b39d899f626,True,0.0,200.10439074112588,115,461,12579.84,LP_batch_permission_scenario
f20,0.2,confirmation,960214,/home/user/projects/AIDRBench/results/nature_mainline/workload_composition_v4/confirmation/f20/scenarios/single/hourly_seed_960214,a483a5eb3ff2bb7f83fa74c604477f8874b86c4afd131665e7e72b6977676fe0,True,0.0,200.10439074112588,115,461,12579.84,LP_batch_permission_scenario
f20,0.2,confirmation,960215,/home/user/projects/AIDRBench/results/nature_mainline/workload_composition_v4/confirmation/f20/scenarios/single/hourly_seed_960215,3dad9563b6d8ae64fff0149141d41a5823dd1dca994440508dc62418b9ce3c3b,True,0.0,200.10439074112588,115,461,12579.84,LP_batch_permission_scenario
f20,0.2,confirmation,960216,/home/user/projects/AIDRBench/results/nature_mainline/workload_composition_v4/confirmation/f20/scenarios/single/hourly_seed_960216,6c218527bd3f7f32bba48a0a8c7ba89c99a70b6dfe56350e3d0980011f8a4c19,True,0.0,200.10439074112588,115,461,12579.84,LP_batch_permission_scenario
f20,0.2,confirmation,960217,/home/user/projects/AIDRBench/results/nature_mainline/workload_composition_v4/confirmation/f20/scenarios/single/hourly_seed_960217,698dfdff0e2c2efa2d9625db022cffd1ef35d0991eedcb58d2a31c0d38e045c8,True,0.0,200.10439074112588,115,461,12579.84,LP_batch_permission_scenario
f20,0.2,confirmation,960218,/home/user/projects/AIDRBench/results/nature_mainline/workload_composition_v4/confirmation/f20/scenarios/single/hourly_seed_960218,d8367f265847daf93de9a3ea4477892f40b9b17b684321bb93ab7158058df351,True,0.0,200.10439074112588,115,461,12579.84,LP_batch_permission_scenario
f20,0.2,confirmation,960219,/home/user/projects/AIDRBench/results/nature_mainline/workload_composition_v4/confirmation/f20/scenarios/single/hourly_seed_960219,1c9330a509608ecc3b7b4c1c00679fc2301e6a745053d8cb054bf10b7c0e2fa4,True,0.0,200.10439074112588,115,461,12579.84,LP_batch_permission_scenario
f20,0.2,confirmation,960220,/home/user/projects/AIDRBench/results/nature_mainline/workload_composition_v4/confirmation/f20/scenarios/single/hourly_seed_960220,76f9e24ddd218cd3e2f47d173e2eac3e65f6440ddf33ae66f081e325ec67b32c,True,0.0,200.10439074112588,115,461,12579.84,LP_batch_permission_scenario
f20,0.2,confirmation,960221,/home/user/projects/AIDRBench/results/nature_mainline/workload_composition_v4/confirmation/f20/scenarios/single/hourly_seed_960221,d2ae03296f4c1996ab60fa1b9ebbb01bdfd8ffb471a9c276559d41ccb1d3278e,True,0.0,200.10439074112588,115,461,12579.84,LP_batch_permission_scenario
f20,0.2,confirmation,960222,/home/user/projects/AIDRBench/results/nature_mainline/workload_composition_v4/confirmation/f20/scenarios/single/hourly_seed_960222,6f066aff1f83b504336a64ec88d2525de34ecc50ccfdbf2d19c122fed932c9d9,True,0.0,200.10439074112588,115,461,12579.84,LP_batch_permission_scenario
f20,0.2,confirmation,960223,/home/user/projects/AIDRBench/results/nature_mainline/workload_composition_v4/confirmation/f20/scenarios/single/hourly_seed_960223,8df989c9fed111f3fe205a4cf3ace3e18b1096d597f1e6cec5ddecc968973083,True,0.0,200.10439074112588,115,461,12579.84,LP_batch_permission_scenario
f20,0.2,confirmation,960224,/home/user/projects/AIDRBench/results/nature_mainline/workload_composition_v4/confirmation/f20/scenarios/single/hourly_seed_960224,6da6e2840e035f0e82cfc20db1ee5b798ecec369e766e5e2ada0366e40b98076,True,0.0,200.10439074112588,115,461,12579.84,LP_batch_permission_scenario
f20,0.2,confirmation,960225,/home/user/projects/AIDRBench/results/nature_mainline/workload_composition_v4/confirmation/f20/scenarios/single/hourly_seed_960225,d78a1bbd59923258f8cb159e949f7373e744da6d1c2ccb0767f2046d8c197e47,True,0.0,200.10439074112588,115,461,12579.84,LP_batch_permission_scenario
f20,0.2,confirmation,960226,/home/user/projects/AIDRBench/results/nature_mainline/workload_composition_v4/confirmation/f20/scenarios/single/hourly_seed_960226,70d05959dd2e2b6b5c9d92cd98f9d1bc3d43a7713424c64d627553169889683c,True,0.0,200.10439074112588,115,461,12579.84,LP_batch_permission_scenario
f20,0.2,confirmation,960227,/home/user/projects/AIDRBench/results/nature_mainline/workload_composition_v4/confirmation/f20/scenarios/single/hourly_seed_960227,e3a34a3da2795d1633ac93fae2a108c97d3343c4ec9004b8bc1f705d3d749b0b,True,0.0,200.10439074112588,115,461,12579.84,LP_batch_permission_scenario
f20,0.2,confirmation,960228,/home/user/projects/AIDRBench/results/nature_mainline/workload_composition_v4/confirmation/f20/scenarios/single/hourly_seed_960228,54246e7ef738aa9e04253f3f70959b4dea29b4d094659da55b93befd781fb331,True,0.0,200.10439074112588,115,461,12579.84,LP_batch_permission_scenario
f20,0.2,confirmation,960229,/home/user/projects/AIDRBench/results/nature_mainline/workload_composition_v4/confirmation/f20/scenarios/single/hourly_seed_960229,f7c86d0ee43e5da144544df8fa257e418562d13a3b7172c7c20a077810549769,True,0.0,200.10439074112588,115,461,12579.84,LP_batch_permission_scenario
f20,0.2,confirmation,960230,/home/user/projects/AIDRBench/results/nature_mainline/workload_composition_v4/confirmation/f20/scenarios/single/hourly_seed_960230,961bbcfcc52d3aae13e49c9c59e3a0f2bc69af568732ef4b36d8cf0320b54727,True,0.0,200.10439074112588,115,461,12579.84,LP_batch_permission_scenario
f20,0.2,confirmation,960231,/home/user/projects/AIDRBench/results/nature_mainline/workload_composition_v4/confirmation/f20/scenarios/single/hourly_seed_960231,89383b79e4271bc2558854ea75b6212734ae86f714652623751f5dcf03cbf567,True,0.0,200.10439074112588,115,461,12579.84,LP_batch_permission_scenario
f20,0.2,confirmation,960232,/home/user/projects/AIDRBench/results/nature_mainline/workload_composition_v4/confirmation/f20/scenarios/single/hourly_seed_960232,87d3bb93145247c5f48e4ddb5756cd06b9f7ede8be1587072c0725683922536b,True,0.0,200.10439074112588,115,461,12579.84,LP_batch_permission_scenario
f20,0.2,confirmation,960233,/home/user/projects/AIDRBench/results/nature_mainline/workload_composition_v4/confirmation/f20/scenarios/single/hourly_seed_960233,3531b533d691d2fc715c78fad1ac3934f623e3395f37795d5e6cf87658573c76,True,0.0,200.10439074112588,115,461,12579.84,LP_batch_permission_scenario
f20,0.2,confirmation,960234,/home/user/projects/AIDRBench/results/nature_mainline/workload_composition_v4/confirmation/f20/scenarios/single/hourly_seed_960234,4b1dc1ed08f9bd857e45ac1a64ff7ac49a228107eeca57814e3d352f8e8dad59,True,0.0,200.10439074112588,115,461,12579.84,LP_batch_permission_scenario
f20,0.2,confirmation,960235,/home/user/projects/AIDRBench/results/nature_mainline/workload_composition_v4/confirmation/f20/scenarios/single/hourly_seed_960235,834f06a735f1e69045a2307699bc157ffbf8108e13a4e8448ad5f4069241b078,True,0.0,200.10439074112588,115,461,12579.84,LP_batch_permission_scenario
f20,0.2,confirmation,960236,/home/user/projects/AIDRBench/results/nature_mainline/workload_composition_v4/confirmation/f20/scenarios/single/hourly_seed_960236,fe5dcdb6836faf3c47f82d2d9b3848722af5d7eab1fd931513c0406a035cf1ea,True,0.0,200.10439074112588,115,461,12579.84,LP_batch_permission_scenario
f20,0.2,confirmation,960237,/home/user/projects/AIDRBench/results/nature_mainline/workload_composition_v4/confirmation/f20/scenarios/single/hourly_seed_960237,b48f7f3878bcf10bf42b45f4b42c92a77c45ed04de8bc664a737510854e4ec03,True,0.0,200.10439074112588,115,461,12579.84,LP_batch_permission_scenario
f20,0.2,confirmation,960238,/home/user/projects/AIDRBench/results/nature_mainline/workload_composition_v4/confirmation/f20/scenarios/single/hourly_seed_960238,e11da031cf3b554a8245749b2f475aab6d08210c9faacca93f610a1cc5629046,True,0.0,200.10439074112588,115,461,12579.84,LP_batch_permission_scenario
f20,0.2,confirmation,960239,/home/user/projects/AIDRBench/results/nature_mainline/workload_composition_v4/confirmation/f20/scenarios/single/hourly_seed_960239,dfe84da61e1af582e3cfa370c22feb1f68a8c3a30c696c8fd32e2118edec5956,True,0.0,200.10439074112588,115,461,12579.84,LP_batch_permission_scenario
f20,0.2,confirmation,960240,/home/user/projects/AIDRBench/results/nature_mainline/workload_composition_v4/confirmation/f20/scenarios/single/hourly_seed_960240,5fa1bd23fc2a065621a69244f6eeb691402d2a6095772d4dfec3b15b03fd8aa3,True,0.0,200.10439074112588,115,461,12579.84,LP_batch_permission_scenario
f20,0.2,confirmation,960241,/home/user/projects/AIDRBench/results/nature_mainline/workload_composition_v4/confirmation/f20/scenarios/single/hourly_seed_960241,ca56d14e35b9e4392d2195fafcc57cc7e3cc3282e7568a87eadf85f673a15434,True,0.0,200.10439074112588,115,461,12579.84,LP_batch_permission_scenario
f20,0.2,confirmation,960242,/home/user/projects/AIDRBench/results/nature_mainline/workload_composition_v4/confirmation/f20/scenarios/single/hourly_seed_960242,40084d7d639084a47cb72a60fc02ceb5df467f0f0d11cdb6e0257141986defdb,True,0.0,200.10439074112588,115,461,12579.84,LP_batch_permission_scenario
f20,0.2,confirmation,960243,/home/user/projects/AIDRBench/results/nature_mainline/workload_composition_v4/confirmation/f20/scenarios/single/hourly_seed_960243,b79d344ea95d4b9090c2513dc9447d902965ba1afbd0aae0fb80f7f43689536f,True,0.0,200.10439074112588,115,461,12579.84,LP_batch_permission_scenario
f20,0.2,confirmation,960244,/home/user/projects/AIDRBench/results/nature_mainline/workload_composition_v4/confirmation/f20/scenarios/single/hourly_seed_960244,f9a586422118912e80370bc6d471b872b475bffbb990ce15e1c644731cc33843,True,0.0,200.10439074112588,115,461,12579.84,LP_batch_permission_scenario
f20,0.2,confirmation,960245,/home/user/projects/AIDRBench/results/nature_mainline/workload_composition_v4/confirmation/f20/scenarios/single/hourly_seed_960245,1fc64c0825604a308b8cb0634af316d5a6bd47609ba89a69d64f577d2c4be632,True,0.0,200.10439074112588,115,461,12579.84,LP_batch_permission_scenario
f20,0.2,confirmation,960246,/home/user/projects/AIDRBench/results/nature_mainline/workload_composition_v4/confirmation/f20/scenarios/single/hourly_seed_960246,cc25f060c528936f9f178b0788228445bcbfb27d4affe6eeee65e17a136ced4d,True,0.0,200.10439074112588,115,461,12579.84,LP_batch_permission_scenario
f20,0.2,confirmation,960247,/home/user/projects/AIDRBench/results/nature_mainline/workload_composition_v4/confirmation/f20/scenarios/single/hourly_seed_960247,1d4137baa4aee2a151d1c162c87d2936323026501c8cae8a325ba1f68f98e486,True,0.0,200.10439074112588,115,461,12579.84,LP_batch_permission_scenario
f20,0.2,confirmation,960248,/home/user/projects/AIDRBench/results/nature_mainline/workload_composition_v4/confirmation/f20/scenarios/single/hourly_seed_960248,3ba5bb30365fa2328d8469a29c76e9f97ebfd255e37b7680eed39fbf08f72120,True,0.0,200.10439074112588,115,461,12579.84,LP_batch_permission_scenario
f20,0.2,confirmation,960249,/home/user/projects/AIDRBench/results/nature_mainline/workload_composition_v4/confirmation/f20/scenarios/single/hourly_seed_960249,90c5fda57888380186272a060733e62876dc6a37e62e9ca9ce545ad12bac2780,True,0.0,200.10439074112588,115,461,12579.84,LP_batch_permission_scenario
f20,0.2,confirmation,960250,/home/user/projects/AIDRBench/results/nature_mainline/workload_composition_v4/confirmation/f20/scenarios/single/hourly_seed_960250,903198dfea0a846931d73adddc681699e2b51e2d691654df3a58d2c57abeba8b,True,0.0,200.10439074112588,115,461,12579.84,LP_batch_permission_scenario
f20,0.2,confirmation,960251,/home/user/projects/AIDRBench/results/nature_mainline/workload_composition_v4/confirmation/f20/scenarios/single/hourly_seed_960251,f56f8232367ff2210a1f2021895dcb56043155f554e003039a46cff6a21baf6b,True,0.0,200.10439074112588,115,461,12579.84,LP_batch_permission_scenario
f20,0.2,confirmation,960252,/home/user/projects/AIDRBench/results/nature_mainline/workload_composition_v4/confirmation/f20/scenarios/single/hourly_seed_960252,49a202f5e96cb3bac93376560e563bf5dcabb43af2a3332d6c1e4499a5370ce7,True,0.0,200.10439074112588,115,461,12579.84,LP_batch_permission_scenario
f20,0.2,confirmation,960253,/home/user/projects/AIDRBench/results/nature_mainline/workload_composition_v4/confirmation/f20/scenarios/single/hourly_seed_960253,91dfb4ecb43d5d777a7647e7e76a80de8c92a8cf1f21d4d559059aa984b98b12,True,0.0,200.10439074112588,115,461,12579.84,LP_batch_permission_scenario
f20,0.2,confirmation,960254,/home/user/projects/AIDRBench/results/nature_mainline/workload_composition_v4/confirmation/f20/scenarios/single/hourly_seed_960254,ee13d5b649044fe80bcdec6ca7ba3639c2d638f20db286a99677cece692df8d0,True,0.0,200.10439074112588,115,461,12579.84,LP_batch_permission_scenario
f20,0.2,confirmation,960255,/home/user/projects/AIDRBench/results/nature_mainline/workload_composition_v4/confirmation/f20/scenarios/single/hourly_seed_960255,c4909973e8caea14719dfa93683dc4f6b14094d92769c6dc0211cb95779158c8,True,0.0,200.10439074112588,115,461,12579.84,LP_batch_permission_scenario
f20,0.2,confirmation,960256,/home/user/projects/AIDRBench/results/nature_mainline/workload_composition_v4/confirmation/f20/scenarios/single/hourly_seed_960256,3c3fd103ad328b1e01b083ab61704b1209e5c60a58cc05aea0c99224ac177f90,True,0.0,200.10439074112588,115,461,12579.84,LP_batch_permission_scenario
f20,0.2,confirmation,960257,/home/user/projects/AIDRBench/results/nature_mainline/workload_composition_v4/confirmation/f20/scenarios/single/hourly_seed_960257,516243c8a6996b455bb72d968159475b8d3ea4da0d15ec5d318f4880387bf72f,True,0.0,200.10439074112588,115,461,12579.84,LP_batch_permission_scenario
f20,0.2,confirmation,960258,/home/user/projects/AIDRBench/results/nature_mainline/workload_composition_v4/confirmation/f20/scenarios/single/hourly_seed_960258,98d2d46f9a0ee343502e080ee6ba15933076e12f4b9ba9b0d4a55dc4d6db064b,True,0.0,200.10439074112588,115,461,12579.84,LP_batch_permission_scenario
f20,0.2,confirmation,960259,/home/user/projects/AIDRBench/results/nature_mainline/workload_composition_v4/confirmation/f20/scenarios/single/hourly_seed_960259,05de9ca47db357d3e9cb333708a1b6d44d1d205ea05e95f333fcb6f29edfc37f,True,0.0,200.10439074112588,115,461,12579.84,LP_batch_permission_scenario
f20,0.2,confirmation,960260,/home/user/projects/AIDRBench/results/nature_mainline/workload_composition_v4/confirmation/f20/scenarios/single/hourly_seed_960260,524b09ddee8066ce92ae9940dbde12e41b1523294fb94b9e8e54cd4bd456f9c2,True,0.0,200.10439074112588,115,461,12579.84,LP_batch_permission_scenario
f20,0.2,confirmation,960261,/home/user/projects/AIDRBench/results/nature_mainline/workload_composition_v4/confirmation/f20/scenarios/single/hourly_seed_960261,18e2949e314ed398a709764f7a6d7df5881efd3613eb10d70b7bcf0d9913153e,True,0.0,200.10439074112588,115,461,12579.84,LP_batch_permission_scenario
f20,0.2,confirmation,960262,/home/user/projects/AIDRBench/results/nature_mainline/workload_composition_v4/confirmation/f20/scenarios/single/hourly_seed_960262,b0b28a804565a61bf1fe71838b6d5ae15f24d2d789012084f1ca812a2e76b3f3,True,0.0,200.10439074112588,115,461,12579.84,LP_batch_permission_scenario
f20,0.2,confirmation,960263,/home/user/projects/AIDRBench/results/nature_mainline/workload_composition_v4/confirmation/f20/scenarios/single/hourly_seed_960263,40356aa9f3348efb48680663f6310684cacaa29d13e56581a246ecd73cd63073,True,0.0,200.10439074112588,115,461,12579.84,LP_batch_permission_scenario
f20,0.2,confirmation,960264,/home/user/projects/AIDRBench/results/nature_mainline/workload_composition_v4/confirmation/f20/scenarios/single/hourly_seed_960264,b1a8ad9faa4f14c13a703f3134db25c1062eb0d09f8b308383cb33b2ac52a2ac,True,0.0,200.10439074112588,115,461,12579.84,LP_batch_permission_scenario
f20,0.2,confirmation,960265,/home/user/projects/AIDRBench/results/nature_mainline/workload_composition_v4/confirmation/f20/scenarios/single/hourly_seed_960265,840b86faf3cde0cca3e0014dec2b9d5476dcc625f284395ac2052e654ed988cb,True,0.0,200.10439074112588,115,461,12579.84,LP_batch_permission_scenario
f20,0.2,confirmation,960266,/home/user/projects/AIDRBench/results/nature_mainline/workload_composition_v4/confirmation/f20/scenarios/single/hourly_seed_960266,919227d93f6895c47826b38c3785893dfeb9bbd89001b754b063c8d54e5ece77,True,0.0,200.10439074112588,115,461,12579.84,LP_batch_permission_scenario
f20,0.2,confirmation,960267,/home/user/projects/AIDRBench/results/nature_mainline/workload_composition_v4/confirmation/f20/scenarios/single/hourly_seed_960267,8062f75ce6feae0eaf4951674d8e75cf7d5b7bcf74c3b9fc726c48b10091e4d7,True,0.0,200.10439074112588,115,461,12579.84,LP_batch_permission_scenario
f20,0.2,confirmation,960268,/home/user/projects/AIDRBench/results/nature_mainline/workload_composition_v4/confirmation/f20/scenarios/single/hourly_seed_960268,6382c4b0dc656623e801fd634a6168198f45089a046a41373deb7570dc31d552,True,0.0,200.10439074112588,115,461,12579.84,LP_batch_permission_scenario
f20,0.2,confirmation,960269,/home/user/projects/AIDRBench/results/nature_mainline/workload_composition_v4/confirmation/f20/scenarios/single/hourly_seed_960269,d149521d100692907af7016df3e23cec80b5b67b6ff385b3dc83df7e915fe573,True,0.0,200.10439074112588,115,461,12579.84,LP_batch_permission_scenario
f20,0.2,confirmation,960270,/home/user/projects/AIDRBench/results/nature_mainline/workload_composition_v4/confirmation/f20/scenarios/single/hourly_seed_960270,b66652e03f2c8febe5a2c66556a9ec537ea68d0fdbd19d0d878c2220a7e86e56,True,0.0,200.10439074112588,115,461,12579.84,LP_batch_permission_scenario
f20,0.2,confirmation,960271,/home/user/projects/AIDRBench/results/nature_mainline/workload_composition_v4/confirmation/f20/scenarios/single/hourly_seed_960271,875920219f289bff14be21a6a674f406b70088e4cb65c978d800af9f2ad9775d,True,0.0,200.10439074112588,115,461,12579.84,LP_batch_permission_scenario
f20,0.2,confirmation,960272,/home/user/projects/AIDRBench/results/nature_mainline/workload_composition_v4/confirmation/f20/scenarios/single/hourly_seed_960272,5ace9a8491cbef7583e5ca7e842390a320c16eeb6dfb922a70df950b9887c4d2,True,0.0,200.10439074112588,115,461,12579.84,LP_batch_permission_scenario
f20,0.2,confirmation,960273,/home/user/projects/AIDRBench/results/nature_mainline/workload_composition_v4/confirmation/f20/scenarios/single/hourly_seed_960273,a5b1ed5fc4bee96a80621d6d24505f8e4cfb438090ca2c844cceff732dd6a329,True,0.0,200.10439074112588,115,461,12579.84,LP_batch_permission_scenario
f20,0.2,confirmation,960274,/home/user/projects/AIDRBench/results/nature_mainline/workload_composition_v4/confirmation/f20/scenarios/single/hourly_seed_960274,9ea32db1c4d1a1dcf8b1f1dc570bd17bb5bcd34bf2f474d3685d396f4c01f484,True,0.0,200.10439074112588,115,461,12579.84,LP_batch_permission_scenario
f20,0.2,confirmation,960275,/home/user/projects/AIDRBench/results/nature_mainline/workload_composition_v4/confirmation/f20/scenarios/single/hourly_seed_960275,d7fb4e8e44d50756a8b280c8e5a57e5496f2adb2d9b4624da6c8016e92b5635a,True,0.0,200.10439074112588,115,461,12579.84,LP_batch_permission_scenario
f20,0.2,confirmation,960276,/home/user/projects/AIDRBench/results/nature_mainline/workload_composition_v4/confirmation/f20/scenarios/single/hourly_seed_960276,296bff4068fa0a5d9a7cef5912de39c5e214a6a020575f9591057fafe4893e58,True,0.0,200.10439074112588,115,461,12579.84,LP_batch_permission_scenario
f20,0.2,confirmation,960277,/home/user/projects/AIDRBench/results/nature_mainline/workload_composition_v4/confirmation/f20/scenarios/single/hourly_seed_960277,b0b3dd43c3ce496603bd97f757c0424bffa1e265897e23a45013ea2910355422,True,0.0,200.10439074112588,115,461,12579.84,LP_batch_permission_scenario
f20,0.2,confirmation,960278,/home/user/projects/AIDRBench/results/nature_mainline/workload_composition_v4/confirmation/f20/scenarios/single/hourly_seed_960278,de07038123d3c7572be31f6820e48ee9cda814a0ac6a1c5eff8b393d35f564ed,True,0.0,200.10439074112588,115,461,12579.84,LP_batch_permission_scenario
f20,0.2,confirmation,960279,/home/user/projects/AIDRBench/results/nature_mainline/workload_composition_v4/confirmation/f20/scenarios/single/hourly_seed_960279,eb53a59260e681c3b28f7b81348239e20a09dae4513f91bde1d14eb973ad0810,True,0.0,200.10439074112588,115,461,12579.84,LP_batch_permission_scenario
f20,0.2,confirmation,960280,/home/user/projects/AIDRBench/results/nature_mainline/workload_composition_v4/confirmation/f20/scenarios/single/hourly_seed_960280,5556568f5c8ce9559097f46701e7125792a9043a5180368c49593db76469641e,True,0.0,200.10439074112588,115,461,12579.84,LP_batch_permission_scenario
f20,0.2,confirmation,960281,/home/user/projects/AIDRBench/results/nature_mainline/workload_composition_v4/confirmation/f20/scenarios/single/hourly_seed_960281,3b018abb5a0c7e6c3a13a757af5b72565c3fd083fd6cb5628c1d06ffdee6aea4,True,0.0,200.10439074112588,115,461,12579.84,LP_batch_permission_scenario
f20,0.2,confirmation,960282,/home/user/projects/AIDRBench/results/nature_mainline/workload_composition_v4/confirmation/f20/scenarios/single/hourly_seed_960282,a2c80ccf67b034d2e8397e96e61e14b76970471e7f883d76fe76680353026965,True,0.0,200.10439074112588,115,461,12579.84,LP_batch_permission_scenario
f20,0.2,confirmation,960283,/home/user/projects/AIDRBench/results/nature_mainline/workload_composition_v4/confirmation/f20/scenarios/single/hourly_seed_960283,ca0bb9756e7a1e3db47c4888ab3d07840e2ef09297c5d4743e532b2d527d716b,True,0.0,200.10439074112588,115,461,12579.84,LP_batch_permission_scenario
f20,0.2,confirmation,960284,/home/user/projects/AIDRBench/results/nature_mainline/workload_composition_v4/confirmation/f20/scenarios/single/hourly_seed_960284,c047b689c61f89e0458deb548124236039e98164935deccc1732cbc68124f98a,True,0.0,200.10439074112588,115,461,12579.84,LP_batch_permission_scenario
f20,0.2,confirmation,960285,/home/user/projects/AIDRBench/results/nature_mainline/workload_composition_v4/confirmation/f20/scenarios/single/hourly_seed_960285,876d1deb1a7291a359c40ff96866951c56b6cf6c3bfb0ba387841854b65e85af,True,0.0,200.10439074112588,115,461,12579.84,LP_batch_permission_scenario
f20,0.2,confirmation,960286,/home/user/projects/AIDRBench/results/nature_mainline/workload_composition_v4/confirmation/f20/scenarios/single/hourly_seed_960286,131cbce0502c63ce80dfe7c8bf65517e41ca51ad735308d682aa4840ee5b968b,True,0.0,200.10439074112588,115,461,12579.84,LP_batch_permission_scenario
f20,0.2,confirmation,960287,/home/user/projects/AIDRBench/results/nature_mainline/workload_composition_v4/confirmation/f20/scenarios/single/hourly_seed_960287,017241e428a7d65e6ed9cd97bf8589ec32da3cc766d64f7f55d63526feb5fc9e,True,0.0,200.10439074112588,115,461,12579.84,LP_batch_permission_scenario
f20,0.2,confirmation,960288,/home/user/projects/AIDRBench/results/nature_mainline/workload_composition_v4/confirmation/f20/scenarios/single/hourly_seed_960288,99965b447fa7020310b627673c0142ac35e68031d4c4a21ad36c0dfd1146afcf,True,0.0,200.10439074112588,115,461,12579.84,LP_batch_permission_scenario
f20,0.2,confirmation,960289,/home/user/projects/AIDRBench/results/nature_mainline/workload_composition_v4/confirmation/f20/scenarios/single/hourly_seed_960289,eda157d24ec555ea0d65823261cd0c5a0a83b6a1d4f0155d506ed61c18853d94,True,0.0,200.10439074112588,115,461,12579.84,LP_batch_permission_scenario
f20,0.2,confirmation,960290,/home/user/projects/AIDRBench/results/nature_mainline/workload_composition_v4/confirmation/f20/scenarios/single/hourly_seed_960290,38a84260e1b5baed6c94fe9cf924b0d4fb43f0d082107657bab9a88d15ea4c4b,True,0.0,200.10439074112588,115,461,12579.84,LP_batch_permission_scenario
f20,0.2,confirmation,960291,/home/user/projects/AIDRBench/results/nature_mainline/workload_composition_v4/confirmation/f20/scenarios/single/hourly_seed_960291,e5f196d8d0cbc33d05f4ee049c316d85ba1fb22c035f48587c0ff66b0eb51f4a,True,0.0,200.10439074112588,115,461,12579.84,LP_batch_permission_scenario
f20,0.2,confirmation,960292,/home/user/projects/AIDRBench/results/nature_mainline/workload_composition_v4/confirmation/f20/scenarios/single/hourly_seed_960292,27e8fac4185daad2cec014ffe1e099b5c5daa66cf5906555f048cdf2239e6656,True,0.0,200.10439074112588,115,461,12579.84,LP_batch_permission_scenario
f20,0.2,confirmation,960293,/home/user/projects/AIDRBench/results/nature_mainline/workload_composition_v4/confirmation/f20/scenarios/single/hourly_seed_960293,c90f0ccacca8ec77ee6fbf4a436b18e6975cfd7310d637c902c690da8f60c8fe,True,0.0,200.10439074112588,115,461,12579.84,LP_batch_permission_scenario
f20,0.2,confirmation,960294,/home/user/projects/AIDRBench/results/nature_mainline/workload_composition_v4/confirmation/f20/scenarios/single/hourly_seed_960294,5271f04f7fc217e75ce0bce342cca8afe2d9d63bf7109c2bf285a0f929b625e6,True,0.0,200.10439074112588,115,461,12579.84,LP_batch_permission_scenario
f20,0.2,confirmation,960295,/home/user/projects/AIDRBench/results/nature_mainline/workload_composition_v4/confirmation/f20/scenarios/single/hourly_seed_960295,41038acb682c875ad1b75090ef34d532af3777d52b35401db1bc5057bcddb4fc,True,0.0,200.10439074112588,115,461,12579.84,LP_batch_permission_scenario
f20,0.2,confirmation,960296,/home/user/projects/AIDRBench/results/nature_mainline/workload_composition_v4/confirmation/f20/scenarios/single/hourly_seed_960296,ef9ee777807e0e9b6ffc283b0e11d2580c78de121ac95149e6c9f38cc0f9ed58,True,0.0,200.10439074112588,115,461,12579.84,LP_batch_permission_scenario
f20,0.2,confirmation,960297,/home/user/projects/AIDRBench/results/nature_mainline/workload_composition_v4/confirmation/f20/scenarios/single/hourly_seed_960297,1edb203de2154fb9a92e2f06751467a5a7adb7de4a648d4f4da2f744428fe25f,True,0.0,200.10439074112588,115,461,12579.84,LP_batch_permission_scenario
f20,0.2,confirmation,960298,/home/user/projects/AIDRBench/results/nature_mainline/workload_composition_v4/confirmation/f20/scenarios/single/hourly_seed_960298,deac01a74a2d54905afe8190ab64f3ed016de448a1be40130fedcaa53cb70d09,True,0.0,200.10439074112588,115,461,12579.84,LP_batch_permission_scenario
f20,0.2,confirmation,960299,/home/user/projects/AIDRBench/results/nature_mainline/workload_composition_v4/confirmation/f20/scenarios/single/hourly_seed_960299,cd3d9c2dee7225fefa5e9929b70470b5b264262663c3cf0f2f2254ad54774f8d,True,0.0,200.10439074112588,115,461,12579.84,LP_batch_permission_scenario
f40,0.4,confirmation,960000,/home/user/projects/AIDRBench/results/nature_mainline/workload_composition_v4/confirmation/f40/scenarios/single/hourly_seed_960000,e0db3a32994c24accc40eb55662f50eaf8d6f47654afb6021906c954e6217d29,True,0.0,212.15515690863197,230,346,25159.68,near_all_batch_opt_in_counterfactual
f40,0.4,confirmation,960001,/home/user/projects/AIDRBench/results/nature_mainline/workload_composition_v4/confirmation/f40/scenarios/single/hourly_seed_960001,05cd3cdfcd093f4cf78f6fabeb1031fda50d64585c68cfa2cd3f7fc008575111,True,0.0,212.15515690863197,230,346,25159.68,near_all_batch_opt_in_counterfactual
f40,0.4,confirmation,960002,/home/user/projects/AIDRBench/results/nature_mainline/workload_composition_v4/confirmation/f40/scenarios/single/hourly_seed_960002,7a94a6aa678a23f3659bf0bb0c1289e3a627424a55c22e0675f176354608763a,True,0.0,212.15515690863197,230,346,25159.68,near_all_batch_opt_in_counterfactual
f40,0.4,confirmation,960003,/home/user/projects/AIDRBench/results/nature_mainline/workload_composition_v4/confirmation/f40/scenarios/single/hourly_seed_960003,7fd088cd93e5708bed9f40b5e730e40e67d7a5c74746694c21950974d774ef00,True,0.0,212.15515690863197,230,346,25159.68,near_all_batch_opt_in_counterfactual
f40,0.4,confirmation,960004,/home/user/projects/AIDRBench/results/nature_mainline/workload_composition_v4/confirmation/f40/scenarios/single/hourly_seed_960004,2174854f598d3119dc03b30db8ac23e517a67eb4515b70ea71285463ad77effd,True,0.0,212.15515690863197,230,346,25159.68,near_all_batch_opt_in_counterfactual
f40,0.4,confirmation,960005,/home/user/projects/AIDRBench/results/nature_mainline/workload_composition_v4/confirmation/f40/scenarios/single/hourly_seed_960005,7f068b4455390028fc88b3dffcd6715cffb8dd00fb2185fbeac550fa3862b10c,True,0.0,212.15515690863197,230,346,25159.68,near_all_batch_opt_in_counterfactual
f40,0.4,confirmation,960006,/home/user/projects/AIDRBench/results/nature_mainline/workload_composition_v4/confirmation/f40/scenarios/single/hourly_seed_960006,4d888f7ea46a39d27be20750fef42a294f0915c28a59fb5cb3c1f34265af3e56,True,0.0,212.15515690863197,230,346,25159.68,near_all_batch_opt_in_counterfactual
f40,0.4,confirmation,960007,/home/user/projects/AIDRBench/results/nature_mainline/workload_composition_v4/confirmation/f40/scenarios/single/hourly_seed_960007,db81a501e6c6ed8bf781f7789248041fe0454d6b719562d65348332274f45c91,True,0.0,212.15515690863197,230,346,25159.68,near_all_batch_opt_in_counterfactual
f40,0.4,confirmation,960008,/home/user/projects/AIDRBench/results/nature_mainline/workload_composition_v4/confirmation/f40/scenarios/single/hourly_seed_960008,5587663db484d3e37474e9b2eb584f9b4e80815c8464382d751656eb20e5c337,True,0.0,212.15515690863197,230,346,25159.68,near_all_batch_opt_in_counterfactual
f40,0.4,confirmation,960009,/home/user/projects/AIDRBench/results/nature_mainline/workload_composition_v4/confirmation/f40/scenarios/single/hourly_seed_960009,4fe448f3352bf77a049004e97388902fd3370798742e161a01d7c68cc5bb443a,True,0.0,212.15515690863197,230,346,25159.68,near_all_batch_opt_in_counterfactual
f40,0.4,confirmation,960010,/home/user/projects/AIDRBench/results/nature_mainline/workload_composition_v4/confirmation/f40/scenarios/single/hourly_seed_960010,8223b6718f48fda86e0787efe470a0f217dcdc9ba04110da074b23bf36aa8be4,True,0.0,212.15515690863197,230,346,25159.68,near_all_batch_opt_in_counterfactual
f40,0.4,confirmation,960011,/home/user/projects/AIDRBench/results/nature_mainline/workload_composition_v4/confirmation/f40/scenarios/single/hourly_seed_960011,c582445f824854e905d24ac0533a7be69d31769a8d90034d4dd2bcf65f9a03b1,True,0.0,212.15515690863197,230,346,25159.68,near_all_batch_opt_in_counterfactual
f40,0.4,confirmation,960012,/home/user/projects/AIDRBench/results/nature_mainline/workload_composition_v4/confirmation/f40/scenarios/single/hourly_seed_960012,76bc11901f418a436466da7f1fd76f1782c451991d828a13865513cb5ceff487,True,0.0,212.15515690863197,230,346,25159.68,near_all_batch_opt_in_counterfactual
f40,0.4,confirmation,960013,/home/user/projects/AIDRBench/results/nature_mainline/workload_composition_v4/confirmation/f40/scenarios/single/hourly_seed_960013,0a604c80cff2116c05a03069adeee172a953ccf4559514f12af56da6539baf49,True,0.0,212.15515690863197,230,346,25159.68,near_all_batch_opt_in_counterfactual
f40,0.4,confirmation,960014,/home/user/projects/AIDRBench/results/nature_mainline/workload_composition_v4/confirmation/f40/scenarios/single/hourly_seed_960014,f385e5e0b8dbe1c379c946a1dc536d9d6f075972e7d32a200932710a46a451b7,True,0.0,212.15515690863197,230,346,25159.68,near_all_batch_opt_in_counterfactual
f40,0.4,confirmation,960015,/home/user/projects/AIDRBench/results/nature_mainline/workload_composition_v4/confirmation/f40/scenarios/single/hourly_seed_960015,88bf31dffc6528e1c717eb2bca776daca1672f69e4507ab1da29800d8d587f34,True,0.0,212.15515690863197,230,346,25159.68,near_all_batch_opt_in_counterfactual
f40,0.4,confirmation,960016,/home/user/projects/AIDRBench/results/nature_mainline/workload_composition_v4/confirmation/f40/scenarios/single/hourly_seed_960016,f3a2363a47e6ff93b43e502f71e41806793af886007c5ebf26e0b0812045f204,True,0.0,212.15515690863197,230,346,25159.68,near_all_batch_opt_in_counterfactual
f40,0.4,confirmation,960017,/home/user/projects/AIDRBench/results/nature_mainline/workload_composition_v4/confirmation/f40/scenarios/single/hourly_seed_960017,48087e3166ddb9b4793cdda05fa1fb32cf13a203a19bcf47db03d56d646772b1,True,0.0,212.15515690863197,230,346,25159.68,near_all_batch_opt_in_counterfactual
f40,0.4,confirmation,960018,/home/user/projects/AIDRBench/results/nature_mainline/workload_composition_v4/confirmation/f40/scenarios/single/hourly_seed_960018,4352ac2621454b92e9c80c829ac6fdb8fb1f64384ea11163da54e62f877a278a,True,0.0,212.15515690863197,230,346,25159.68,near_all_batch_opt_in_counterfactual
f40,0.4,confirmation,960019,/home/user/projects/AIDRBench/results/nature_mainline/workload_composition_v4/confirmation/f40/scenarios/single/hourly_seed_960019,bcf671eb317dbeba829e9382ae417b0f2a1260eb7f79be7685d6794267ab736e,True,0.0,212.15515690863197,230,346,25159.68,near_all_batch_opt_in_counterfactual
f40,0.4,confirmation,960020,/home/user/projects/AIDRBench/results/nature_mainline/workload_composition_v4/confirmation/f40/scenarios/single/hourly_seed_960020,2343eb32a43cbfedb165176f701507d48f7466abeb1282ffc1ce34fd7b8c5f05,True,0.0,212.15515690863197,230,346,25159.68,near_all_batch_opt_in_counterfactual
f40,0.4,confirmation,960021,/home/user/projects/AIDRBench/results/nature_mainline/workload_composition_v4/confirmation/f40/scenarios/single/hourly_seed_960021,2440b08d2acbb79f36101ff394122635d7052812f45635e937c9c07dd185a378,True,0.0,212.15515690863197,230,346,25159.68,near_all_batch_opt_in_counterfactual
f40,0.4,confirmation,960022,/home/user/projects/AIDRBench/results/nature_mainline/workload_composition_v4/confirmation/f40/scenarios/single/hourly_seed_960022,ad8c76f4bbd1006ece3c930a387f5753f54922df0de4a10bfea32cff49b6533f,True,0.0,212.15515690863197,230,346,25159.68,near_all_batch_opt_in_counterfactual
f40,0.4,confirmation,960023,/home/user/projects/AIDRBench/results/nature_mainline/workload_composition_v4/confirmation/f40/scenarios/single/hourly_seed_960023,6e98c17da2b906b6be0706a797d5802929c6978e00f1ac3f6f6bd1e08d964138,True,0.0,212.15515690863197,230,346,25159.68,near_all_batch_opt_in_counterfactual
f40,0.4,confirmation,960024,/home/user/projects/AIDRBench/results/nature_mainline/workload_composition_v4/confirmation/f40/scenarios/single/hourly_seed_960024,27945c6350ae1c0eea130b98a1d7bed44d7829f3afccc44920c6ed61d3795ef8,True,0.0,212.15515690863197,230,346,25159.68,near_all_batch_opt_in_counterfactual
f40,0.4,confirmation,960025,/home/user/projects/AIDRBench/results/nature_mainline/workload_composition_v4/confirmation/f40/scenarios/single/hourly_seed_960025,15a76493911dae19b5d03a516493b0a263501f58f617eea7850d064f6f126816,True,0.0,212.15515690863197,230,346,25159.68,near_all_batch_opt_in_counterfactual
f40,0.4,confirmation,960026,/home/user/projects/AIDRBench/results/nature_mainline/workload_composition_v4/confirmation/f40/scenarios/single/hourly_seed_960026,2f1bef2b7fce31ae3d21d9771ac843e9303de8d397e33aac034f016384b2f305,True,0.0,212.15515690863197,230,346,25159.68,near_all_batch_opt_in_counterfactual
f40,0.4,confirmation,960027,/home/user/projects/AIDRBench/results/nature_mainline/workload_composition_v4/confirmation/f40/scenarios/single/hourly_seed_960027,0662606726e84592f79a1d6bc3da84d2e55629ae8a1ae934b31c9ab33c7b5ab1,True,0.0,212.15515690863197,230,346,25159.68,near_all_batch_opt_in_counterfactual
f40,0.4,confirmation,960028,/home/user/projects/AIDRBench/results/nature_mainline/workload_composition_v4/confirmation/f40/scenarios/single/hourly_seed_960028,b74c2e23d9bcf01ef41d4a79b324142ed8b2dba71f2a4a022866875b4e7fee51,True,0.0,212.15515690863197,230,346,25159.68,near_all_batch_opt_in_counterfactual
f40,0.4,confirmation,960029,/home/user/projects/AIDRBench/results/nature_mainline/workload_composition_v4/confirmation/f40/scenarios/single/hourly_seed_960029,d7442844445dfb42bab4aad4fcea560fbd67f9864c6cd1e4ba00b9c15942fac5,True,0.0,212.15515690863197,230,346,25159.68,near_all_batch_opt_in_counterfactual
f40,0.4,confirmation,960030,/home/user/projects/AIDRBench/results/nature_mainline/workload_composition_v4/confirmation/f40/scenarios/single/hourly_seed_960030,8b7397a655ba479ae6994f20488dd7a997c7a6b2415a61dd98c5e86c5cd97064,True,0.0,212.15515690863197,230,346,25159.68,near_all_batch_opt_in_counterfactual
f40,0.4,confirmation,960031,/home/user/projects/AIDRBench/results/nature_mainline/workload_composition_v4/confirmation/f40/scenarios/single/hourly_seed_960031,35f7fcb438c0bf48b5bfbaea968c091a8ec04d9ee2428e1f8cd84791cd7f8760,True,0.0,212.15515690863197,230,346,25159.68,near_all_batch_opt_in_counterfactual
f40,0.4,confirmation,960032,/home/user/projects/AIDRBench/results/nature_mainline/workload_composition_v4/confirmation/f40/scenarios/single/hourly_seed_960032,46abcb59277bbc8167aa3868e5c0f5c0fa2ba9aa984663006aa7398528507e62,True,0.0,212.15515690863197,230,346,25159.68,near_all_batch_opt_in_counterfactual
f40,0.4,confirmation,960033,/home/user/projects/AIDRBench/results/nature_mainline/workload_composition_v4/confirmation/f40/scenarios/single/hourly_seed_960033,37cab019532fdd75f55585881aaf37cfa83abf7a6732598f87a3a47d625e4470,True,0.0,212.15515690863197,230,346,25159.68,near_all_batch_opt_in_counterfactual
f40,0.4,confirmation,960034,/home/user/projects/AIDRBench/results/nature_mainline/workload_composition_v4/confirmation/f40/scenarios/single/hourly_seed_960034,24ef82e8c8872529ec49711e5d8351a5d0f68e171882e941a4860e069d140588,True,0.0,212.15515690863197,230,346,25159.68,near_all_batch_opt_in_counterfactual
f40,0.4,confirmation,960035,/home/user/projects/AIDRBench/results/nature_mainline/workload_composition_v4/confirmation/f40/scenarios/single/hourly_seed_960035,1f551cf4a97279d3b11d8dafcfeeaf5590efca45f503f34fcf1cd5ec4c7aed2d,True,0.0,212.15515690863197,230,346,25159.68,near_all_batch_opt_in_counterfactual
f40,0.4,confirmation,960036,/home/user/projects/AIDRBench/results/nature_mainline/workload_composition_v4/confirmation/f40/scenarios/single/hourly_seed_960036,564e3e6f4049cc216d5c2c68e96ef827df58aa37a9d60e2deca1f9842b78bccb,True,0.0,212.15515690863197,230,346,25159.68,near_all_batch_opt_in_counterfactual
f40,0.4,confirmation,960037,/home/user/projects/AIDRBench/results/nature_mainline/workload_composition_v4/confirmation/f40/scenarios/single/hourly_seed_960037,a727ef6a2d85270dc7e56fac3cab5655cbb12f670e47f6065a6e4f01720f00ea,True,0.0,212.15515690863197,230,346,25159.68,near_all_batch_opt_in_counterfactual
f40,0.4,confirmation,960038,/home/user/projects/AIDRBench/results/nature_mainline/workload_composition_v4/confirmation/f40/scenarios/single/hourly_seed_960038,86ab780f19779e8994c0f95ba3233e495c429277928531869d6116be41884e6e,True,0.0,212.15515690863197,230,346,25159.68,near_all_batch_opt_in_counterfactual
f40,0.4,confirmation,960039,/home/user/projects/AIDRBench/results/nature_mainline/workload_composition_v4/confirmation/f40/scenarios/single/hourly_seed_960039,bc5a3f0d4bca06bb11c64f063eedf524f40ef05178c8d13a58413ccacfd658aa,True,0.0,212.15515690863197,230,346,25159.68,near_all_batch_opt_in_counterfactual
f40,0.4,confirmation,960040,/home/user/projects/AIDRBench/results/nature_mainline/workload_composition_v4/confirmation/f40/scenarios/single/hourly_seed_960040,842530cf0372c26cbbf2d7ed30d433a40a692b1aa9b5f474fbaac9f1030d064a,True,0.0,212.15515690863197,230,346,25159.68,near_all_batch_opt_in_counterfactual
f40,0.4,confirmation,960041,/home/user/projects/AIDRBench/results/nature_mainline/workload_composition_v4/confirmation/f40/scenarios/single/hourly_seed_960041,67a8d25ea69a02bd1fcf711db9f2893c05095e34f2ca0fde928abbca4cd0e0b2,True,0.0,212.15515690863197,230,346,25159.68,near_all_batch_opt_in_counterfactual
f40,0.4,confirmation,960042,/home/user/projects/AIDRBench/results/nature_mainline/workload_composition_v4/confirmation/f40/scenarios/single/hourly_seed_960042,26d4af752ba83fb350e515fcb5908099ff119c84689599e9f66353b2e2001269,True,0.0,212.15515690863197,230,346,25159.68,near_all_batch_opt_in_counterfactual
f40,0.4,confirmation,960043,/home/user/projects/AIDRBench/results/nature_mainline/workload_composition_v4/confirmation/f40/scenarios/single/hourly_seed_960043,8a5a499386e40e8cb822e1c86e1087ac1b1d9acfbdf4d8e4d7684eb07203c295,True,0.0,212.15515690863197,230,346,25159.68,near_all_batch_opt_in_counterfactual
f40,0.4,confirmation,960044,/home/user/projects/AIDRBench/results/nature_mainline/workload_composition_v4/confirmation/f40/scenarios/single/hourly_seed_960044,fc633d9c5b7f243d5a2b49e70c44925ac104b3deb48dd80f499f4b2984466690,True,0.0,212.15515690863197,230,346,25159.68,near_all_batch_opt_in_counterfactual
f40,0.4,confirmation,960045,/home/user/projects/AIDRBench/results/nature_mainline/workload_composition_v4/confirmation/f40/scenarios/single/hourly_seed_960045,9f87712cbe8cfdbac37d5c9fc7d927308e1a71bf16913aa1daac3c0a7f246191,True,0.0,212.15515690863197,230,346,25159.68,near_all_batch_opt_in_counterfactual
f40,0.4,confirmation,960046,/home/user/projects/AIDRBench/results/nature_mainline/workload_composition_v4/confirmation/f40/scenarios/single/hourly_seed_960046,1a5a533d7e8d453f1f6597967ff4c61a0a07706e79b439786f020c8ea805c426,True,0.0,212.15515690863197,230,346,25159.68,near_all_batch_opt_in_counterfactual
f40,0.4,confirmation,960047,/home/user/projects/AIDRBench/results/nature_mainline/workload_composition_v4/confirmation/f40/scenarios/single/hourly_seed_960047,4fa90aed2cc18cd423cf7495234c0d25e1c53239d275d4f88b5b7440ba054fb9,True,0.0,212.15515690863197,230,346,25159.68,near_all_batch_opt_in_counterfactual
f40,0.4,confirmation,960048,/home/user/projects/AIDRBench/results/nature_mainline/workload_composition_v4/confirmation/f40/scenarios/single/hourly_seed_960048,13289d5fb1015323742bcd06d5bd73876975f79aa959be31466dbdc3118e5479,True,0.0,212.15515690863197,230,346,25159.68,near_all_batch_opt_in_counterfactual
f40,0.4,confirmation,960049,/home/user/projects/AIDRBench/results/nature_mainline/workload_composition_v4/confirmation/f40/scenarios/single/hourly_seed_960049,bb0fce786bf9ec5f837b4995063e99a58398c055ba465b13d4ae75af166bc96b,True,0.0,212.15515690863197,230,346,25159.68,near_all_batch_opt_in_counterfactual
f40,0.4,confirmation,960050,/home/user/projects/AIDRBench/results/nature_mainline/workload_composition_v4/confirmation/f40/scenarios/single/hourly_seed_960050,c57d4c8e569849d964ce3106741e94462c0a1f77de5a64ae2340ce67fad84a1b,True,0.0,212.15515690863197,230,346,25159.68,near_all_batch_opt_in_counterfactual
f40,0.4,confirmation,960051,/home/user/projects/AIDRBench/results/nature_mainline/workload_composition_v4/confirmation/f40/scenarios/single/hourly_seed_960051,55b924dde28c594a3c09d416fc0d80d49a74370abc5d8b635af04867f150484c,True,0.0,212.15515690863197,230,346,25159.68,near_all_batch_opt_in_counterfactual
f40,0.4,confirmation,960052,/home/user/projects/AIDRBench/results/nature_mainline/workload_composition_v4/confirmation/f40/scenarios/single/hourly_seed_960052,62dfbd17bc9a610c3de184d7a0f54c5fcef95a1048fd1d6cfae2e165ab0f1a5f,True,0.0,212.15515690863197,230,346,25159.68,near_all_batch_opt_in_counterfactual
f40,0.4,confirmation,960053,/home/user/projects/AIDRBench/results/nature_mainline/workload_composition_v4/confirmation/f40/scenarios/single/hourly_seed_960053,9e5f2821e6436f781e808971b8e0f19d20448ed16dd3514096958cb9aa0cc552,True,0.0,212.15515690863197,230,346,25159.68,near_all_batch_opt_in_counterfactual
f40,0.4,confirmation,960054,/home/user/projects/AIDRBench/results/nature_mainline/workload_composition_v4/confirmation/f40/scenarios/single/hourly_seed_960054,3b58e3d642ffe4174830543d6cffcd62c8f202d3c80c1fcbea53a3f2279bcc45,True,0.0,212.15515690863197,230,346,25159.68,near_all_batch_opt_in_counterfactual
f40,0.4,confirmation,960055,/home/user/projects/AIDRBench/results/nature_mainline/workload_composition_v4/confirmation/f40/scenarios/single/hourly_seed_960055,8992ee53295c8a51a98b226bbf9f3b5fc93502e7c6b103e7cf6596814845677c,True,0.0,212.15515690863197,230,346,25159.68,near_all_batch_opt_in_counterfactual
f40,0.4,confirmation,960056,/home/user/projects/AIDRBench/results/nature_mainline/workload_composition_v4/confirmation/f40/scenarios/single/hourly_seed_960056,d0d0616c1fcb5c0be460ffacce63ed6acdf0c14b8c14f36e17a31d3752c6410f,True,0.0,212.15515690863197,230,346,25159.68,near_all_batch_opt_in_counterfactual
f40,0.4,confirmation,960057,/home/user/projects/AIDRBench/results/nature_mainline/workload_composition_v4/confirmation/f40/scenarios/single/hourly_seed_960057,80eab9533aa32875700b0198b865c3d1c629d1f1617ce8f6461da8ac159a90f8,True,0.0,212.15515690863197,230,346,25159.68,near_all_batch_opt_in_counterfactual
f40,0.4,confirmation,960058,/home/user/projects/AIDRBench/results/nature_mainline/workload_composition_v4/confirmation/f40/scenarios/single/hourly_seed_960058,8546e251569b7f414a952daed427f97def29097cb02c02b7a0072d260aee6c74,True,0.0,212.15515690863197,230,346,25159.68,near_all_batch_opt_in_counterfactual
f40,0.4,confirmation,960059,/home/user/projects/AIDRBench/results/nature_mainline/workload_composition_v4/confirmation/f40/scenarios/single/hourly_seed_960059,b5df7964000caf65d0aa5ce3b782c9513a5fad56f9be81fcd0f9d906a34cb31e,True,0.0,212.15515690863197,230,346,25159.68,near_all_batch_opt_in_counterfactual
f40,0.4,confirmation,960060,/home/user/projects/AIDRBench/results/nature_mainline/workload_composition_v4/confirmation/f40/scenarios/single/hourly_seed_960060,2c302756521fb4b9d3d8cadd9e5a7a80ce81a821e63a97278b198f9c3e2a8643,True,0.0,212.15515690863197,230,346,25159.68,near_all_batch_opt_in_counterfactual
f40,0.4,confirmation,960061,/home/user/projects/AIDRBench/results/nature_mainline/workload_composition_v4/confirmation/f40/scenarios/single/hourly_seed_960061,1d7590a3ca63beff820bdd85f92e9c65a53531335ceadac481a5ef2276b7e464,True,0.0,212.15515690863197,230,346,25159.68,near_all_batch_opt_in_counterfactual
f40,0.4,confirmation,960062,/home/user/projects/AIDRBench/results/nature_mainline/workload_composition_v4/confirmation/f40/scenarios/single/hourly_seed_960062,894ecfccc248dbdc27eb7a89e75e840bd47d9a7b1087494ddc318d33f84d9bfa,True,0.0,212.15515690863197,230,346,25159.68,near_all_batch_opt_in_counterfactual
f40,0.4,confirmation,960063,/home/user/projects/AIDRBench/results/nature_mainline/workload_composition_v4/confirmation/f40/scenarios/single/hourly_seed_960063,457e5388202aad7dd34533b9020a13510a517fb2fd73835d505c7930ce5a8950,True,0.0,212.15515690863197,230,346,25159.68,near_all_batch_opt_in_counterfactual
f40,0.4,confirmation,960064,/home/user/projects/AIDRBench/results/nature_mainline/workload_composition_v4/confirmation/f40/scenarios/single/hourly_seed_960064,05b57db2386f7d96aa37322fdc777acf7392148cc37b71b72e8583a1ac7e3420,True,0.0,212.15515690863197,230,346,25159.68,near_all_batch_opt_in_counterfactual
f40,0.4,confirmation,960065,/home/user/projects/AIDRBench/results/nature_mainline/workload_composition_v4/confirmation/f40/scenarios/single/hourly_seed_960065,3d98f96a2791ff6fe51832b22e63571addcf627e7958d69c7866a45ec38ac630,True,0.0,212.15515690863197,230,346,25159.68,near_all_batch_opt_in_counterfactual
f40,0.4,confirmation,960066,/home/user/projects/AIDRBench/results/nature_mainline/workload_composition_v4/confirmation/f40/scenarios/single/hourly_seed_960066,64c14f87a517e958081e9065c82029d82a1900965272648906941e2485f2dbae,True,0.0,212.15515690863197,230,346,25159.68,near_all_batch_opt_in_counterfactual
f40,0.4,confirmation,960067,/home/user/projects/AIDRBench/results/nature_mainline/workload_composition_v4/confirmation/f40/scenarios/single/hourly_seed_960067,059f90525cd9fa17362b5f0a66ba351fd8eb59cfdd5370c8fa832f2ac63ea9a9,True,0.0,212.15515690863197,230,346,25159.68,near_all_batch_opt_in_counterfactual
f40,0.4,confirmation,960068,/home/user/projects/AIDRBench/results/nature_mainline/workload_composition_v4/confirmation/f40/scenarios/single/hourly_seed_960068,76ac0b0bc1efebcb1bcd4cf7acb6d890011b7f0ac1d7272926964e4d527b2670,True,0.0,212.15515690863197,230,346,25159.68,near_all_batch_opt_in_counterfactual
f40,0.4,confirmation,960069,/home/user/projects/AIDRBench/results/nature_mainline/workload_composition_v4/confirmation/f40/scenarios/single/hourly_seed_960069,8f9afe8fb1cebb0cb1ed4f31206d07dcee40909f69fd23a1b684a060879ddd93,True,0.0,212.15515690863197,230,346,25159.68,near_all_batch_opt_in_counterfactual
f40,0.4,confirmation,960070,/home/user/projects/AIDRBench/results/nature_mainline/workload_composition_v4/confirmation/f40/scenarios/single/hourly_seed_960070,0974d234f6852350ab6c8e2a155b9e1618320162a0886ae7d340cabf64b4bc86,True,0.0,212.15515690863197,230,346,25159.68,near_all_batch_opt_in_counterfactual
f40,0.4,confirmation,960071,/home/user/projects/AIDRBench/results/nature_mainline/workload_composition_v4/confirmation/f40/scenarios/single/hourly_seed_960071,55c60f54cc9baca0a8528d33e0d60182f93beef214acf1aa899ed03f5f4d60d1,True,0.0,212.15515690863197,230,346,25159.68,near_all_batch_opt_in_counterfactual
f40,0.4,confirmation,960072,/home/user/projects/AIDRBench/results/nature_mainline/workload_composition_v4/confirmation/f40/scenarios/single/hourly_seed_960072,6a0a2a2298448104083bf6a834a517b3aedd636ffd338ee6f4fd6994999f7c8a,True,0.0,212.15515690863197,230,346,25159.68,near_all_batch_opt_in_counterfactual
f40,0.4,confirmation,960073,/home/user/projects/AIDRBench/results/nature_mainline/workload_composition_v4/confirmation/f40/scenarios/single/hourly_seed_960073,8b2cf6dc5c4297ff7ab89aeb10a8938bf37cd831a17b54b0f5e9b709bd15ec77,True,0.0,212.15515690863197,230,346,25159.68,near_all_batch_opt_in_counterfactual
f40,0.4,confirmation,960074,/home/user/projects/AIDRBench/results/nature_mainline/workload_composition_v4/confirmation/f40/scenarios/single/hourly_seed_960074,c3dda8d75097abad35e2944299c93ad5a51130d95ebb315180481177e9b2b496,True,0.0,212.15515690863197,230,346,25159.68,near_all_batch_opt_in_counterfactual
f40,0.4,confirmation,960075,/home/user/projects/AIDRBench/results/nature_mainline/workload_composition_v4/confirmation/f40/scenarios/single/hourly_seed_960075,313989f396e1d24d6cc5949fdbd9cb9cb4a8462f2bbe0feb301c5928c5c55c85,True,0.0,212.15515690863197,230,346,25159.68,near_all_batch_opt_in_counterfactual
f40,0.4,confirmation,960076,/home/user/projects/AIDRBench/results/nature_mainline/workload_composition_v4/confirmation/f40/scenarios/single/hourly_seed_960076,7e69f7ff011080e166495c04e19104a484cf3af2f2aa2fe4d3503a64a427c93b,True,0.0,212.15515690863197,230,346,25159.68,near_all_batch_opt_in_counterfactual
f40,0.4,confirmation,960077,/home/user/projects/AIDRBench/results/nature_mainline/workload_composition_v4/confirmation/f40/scenarios/single/hourly_seed_960077,264bf94170c21cf5b0b368e1c866cf57a6503bccdf35c27951554722f7a747ee,True,0.0,212.15515690863197,230,346,25159.68,near_all_batch_opt_in_counterfactual
f40,0.4,confirmation,960078,/home/user/projects/AIDRBench/results/nature_mainline/workload_composition_v4/confirmation/f40/scenarios/single/hourly_seed_960078,c53faf21c9cdd74a75373b7c88e7e5ee10cbe627425ea9f477d79e6668177fdc,True,0.0,212.15515690863197,230,346,25159.68,near_all_batch_opt_in_counterfactual
f40,0.4,confirmation,960079,/home/user/projects/AIDRBench/results/nature_mainline/workload_composition_v4/confirmation/f40/scenarios/single/hourly_seed_960079,9b8a343a9a831ddabc61c916955294e47f6c78d4d989e757ad333bfa79e0e3b6,True,0.0,212.15515690863197,230,346,25159.68,near_all_batch_opt_in_counterfactual
f40,0.4,confirmation,960080,/home/user/projects/AIDRBench/results/nature_mainline/workload_composition_v4/confirmation/f40/scenarios/single/hourly_seed_960080,fb8ff88eb9691b41755bf9c16239a597e41fe3d8a87d7d85c89d63b247564854,True,0.0,212.15515690863197,230,346,25159.68,near_all_batch_opt_in_counterfactual
f40,0.4,confirmation,960081,/home/user/projects/AIDRBench/results/nature_mainline/workload_composition_v4/confirmation/f40/scenarios/single/hourly_seed_960081,9324a866dffbeadc7c86c9f6b4ecdd5642f6ef8ab29c2d273a6af88d87365be1,True,0.0,212.15515690863197,230,346,25159.68,near_all_batch_opt_in_counterfactual
f40,0.4,confirmation,960082,/home/user/projects/AIDRBench/results/nature_mainline/workload_composition_v4/confirmation/f40/scenarios/single/hourly_seed_960082,1fe3f3e786e913c77404ef98a3ca70fd4c253d50cda65bd3c84f3350af2a53bd,True,0.0,212.15515690863197,230,346,25159.68,near_all_batch_opt_in_counterfactual
f40,0.4,confirmation,960083,/home/user/projects/AIDRBench/results/nature_mainline/workload_composition_v4/confirmation/f40/scenarios/single/hourly_seed_960083,8cbac64fb7408e7e5e7eb2f07db8175db0157b4c0974328b0a41c920ad22043e,True,0.0,212.15515690863197,230,346,25159.68,near_all_batch_opt_in_counterfactual
f40,0.4,confirmation,960084,/home/user/projects/AIDRBench/results/nature_mainline/workload_composition_v4/confirmation/f40/scenarios/single/hourly_seed_960084,1fd6edb1ef78e37b57844652ebd7c0e2a5b17054de30956360b57b6ad1c9420d,True,0.0,212.15515690863197,230,346,25159.68,near_all_batch_opt_in_counterfactual
f40,0.4,confirmation,960085,/home/user/projects/AIDRBench/results/nature_mainline/workload_composition_v4/confirmation/f40/scenarios/single/hourly_seed_960085,ac30887bc87f224dbe749cc03ff718760e1d715d9b2f37fb37f2867868478054,True,0.0,212.15515690863197,230,346,25159.68,near_all_batch_opt_in_counterfactual
f40,0.4,confirmation,960086,/home/user/projects/AIDRBench/results/nature_mainline/workload_composition_v4/confirmation/f40/scenarios/single/hourly_seed_960086,4896bb708c510ddf5199755fa5b13ed542c164fe5d282faf23af7768f1e779c5,True,0.0,212.15515690863197,230,346,25159.68,near_all_batch_opt_in_counterfactual
f40,0.4,confirmation,960087,/home/user/projects/AIDRBench/results/nature_mainline/workload_composition_v4/confirmation/f40/scenarios/single/hourly_seed_960087,e4ff8cef7f364607c96f2c6d977e0b4e56275af697ae624a7701bcf180cb8736,True,0.0,212.15515690863197,230,346,25159.68,near_all_batch_opt_in_counterfactual
f40,0.4,confirmation,960088,/home/user/projects/AIDRBench/results/nature_mainline/workload_composition_v4/confirmation/f40/scenarios/single/hourly_seed_960088,6463dfa09006cd02b752d3a401ff507990373cf20ca0cba9b3f50d4e0531b890,True,0.0,212.15515690863197,230,346,25159.68,near_all_batch_opt_in_counterfactual
f40,0.4,confirmation,960089,/home/user/projects/AIDRBench/results/nature_mainline/workload_composition_v4/confirmation/f40/scenarios/single/hourly_seed_960089,5f7e93224fa6909a21a47f0ca5404c335f2eda46213516664ed4f7dd4c154847,True,0.0,212.15515690863197,230,346,25159.68,near_all_batch_opt_in_counterfactual
f40,0.4,confirmation,960090,/home/user/projects/AIDRBench/results/nature_mainline/workload_composition_v4/confirmation/f40/scenarios/single/hourly_seed_960090,9f93ed075db648b717255073a629447ee06fc1e436ce9cc8ed3433af24cfa850,True,0.0,212.15515690863197,230,346,25159.68,near_all_batch_opt_in_counterfactual
f40,0.4,confirmation,960091,/home/user/projects/AIDRBench/results/nature_mainline/workload_composition_v4/confirmation/f40/scenarios/single/hourly_seed_960091,0c182d3f0e6ec14d19bac0ef7ee839870a0f56ab84435d151fdee2032ec76591,True,0.0,212.15515690863197,230,346,25159.68,near_all_batch_opt_in_counterfactual
f40,0.4,confirmation,960092,/home/user/projects/AIDRBench/results/nature_mainline/workload_composition_v4/confirmation/f40/scenarios/single/hourly_seed_960092,5d0b949c305885dabded6e560ae125f236460adae7d0072ee5834a3084b19b21,True,0.0,212.15515690863197,230,346,25159.68,near_all_batch_opt_in_counterfactual
f40,0.4,confirmation,960093,/home/user/projects/AIDRBench/results/nature_mainline/workload_composition_v4/confirmation/f40/scenarios/single/hourly_seed_960093,037ebbcc0c993f14dcf9bc5a887318be44fe1b785fe745bace367e24887b0c65,True,0.0,212.15515690863197,230,346,25159.68,near_all_batch_opt_in_counterfactual
f40,0.4,confirmation,960094,/home/user/projects/AIDRBench/results/nature_mainline/workload_composition_v4/confirmation/f40/scenarios/single/hourly_seed_960094,ca547cd288f2d60a9ade18121d3819a39d7786c5edaba91d914b5db8c60ab921,True,0.0,212.15515690863197,230,346,25159.68,near_all_batch_opt_in_counterfactual
f40,0.4,confirmation,960095,/home/user/projects/AIDRBench/results/nature_mainline/workload_composition_v4/confirmation/f40/scenarios/single/hourly_seed_960095,b969246ac789c91bcc20275204a844331ff4cc7d209891e26f89993235a94de6,True,0.0,212.15515690863197,230,346,25159.68,near_all_batch_opt_in_counterfactual
f40,0.4,confirmation,960096,/home/user/projects/AIDRBench/results/nature_mainline/workload_composition_v4/confirmation/f40/scenarios/single/hourly_seed_960096,a8a02d7efd7a14293f358db980f0d4067ea515cca7ded72f7559d67cd82fcf01,True,0.0,212.15515690863197,230,346,25159.68,near_all_batch_opt_in_counterfactual
f40,0.4,confirmation,960097,/home/user/projects/AIDRBench/results/nature_mainline/workload_composition_v4/confirmation/f40/scenarios/single/hourly_seed_960097,98b2af5a56b852b9de7edcaffb1ea5ebeca6d4d378e5fe9f848ecbfb0985210c,True,0.0,212.15515690863197,230,346,25159.68,near_all_batch_opt_in_counterfactual
f40,0.4,confirmation,960098,/home/user/projects/AIDRBench/results/nature_mainline/workload_composition_v4/confirmation/f40/scenarios/single/hourly_seed_960098,41983c7226a7bfa095f28448e37ca825af5d40ee357285d100023d4cb9f3ac7d,True,0.0,212.15515690863197,230,346,25159.68,near_all_batch_opt_in_counterfactual
f40,0.4,confirmation,960099,/home/user/projects/AIDRBench/results/nature_mainline/workload_composition_v4/confirmation/f40/scenarios/single/hourly_seed_960099,e8f6c67e5b42f98cdb60dfe2ae0cd7d1f5965891ae7a81c135ec0f2dc2d1d01f,True,0.0,212.15515690863197,230,346,25159.68,near_all_batch_opt_in_counterfactual
f40,0.4,confirmation,960100,/home/user/projects/AIDRBench/results/nature_mainline/workload_composition_v4/confirmation/f40/scenarios/single/hourly_seed_960100,7644ee369c214ae5a1e64ebea5b0f72666e574c138070d8c0a90f0d44f657a22,True,0.0,212.15515690863197,230,346,25159.68,near_all_batch_opt_in_counterfactual
f40,0.4,confirmation,960101,/home/user/projects/AIDRBench/results/nature_mainline/workload_composition_v4/confirmation/f40/scenarios/single/hourly_seed_960101,1eed831b1d21b40730110fcc15198903e223a149bad714a28803e40ae529d9e2,True,0.0,212.15515690863197,230,346,25159.68,near_all_batch_opt_in_counterfactual
f40,0.4,confirmation,960102,/home/user/projects/AIDRBench/results/nature_mainline/workload_composition_v4/confirmation/f40/scenarios/single/hourly_seed_960102,5f90d6c8318c0891a406b2e2a787175aac541f09bd285901cee6d643a426107a,True,0.0,212.15515690863197,230,346,25159.68,near_all_batch_opt_in_counterfactual
f40,0.4,confirmation,960103,/home/user/projects/AIDRBench/results/nature_mainline/workload_composition_v4/confirmation/f40/scenarios/single/hourly_seed_960103,83a9222fe3df7ee3dab0743d5bb4e90602f40e757bb4b17116cdab464cf5301a,True,0.0,212.15515690863197,230,346,25159.68,near_all_batch_opt_in_counterfactual
f40,0.4,confirmation,960104,/home/user/projects/AIDRBench/results/nature_mainline/workload_composition_v4/confirmation/f40/scenarios/single/hourly_seed_960104,e521b28f33226c130fffa5587d050115d3be303d77f901db1b3afba4a02f8b66,True,0.0,212.15515690863197,230,346,25159.68,near_all_batch_opt_in_counterfactual
f40,0.4,confirmation,960105,/home/user/projects/AIDRBench/results/nature_mainline/workload_composition_v4/confirmation/f40/scenarios/single/hourly_seed_960105,0f474f5a2edbe4269bba357350160b773c8f32969ec7639bd1d6ebdd6de27e45,True,0.0,212.15515690863197,230,346,25159.68,near_all_batch_opt_in_counterfactual
f40,0.4,confirmation,960106,/home/user/projects/AIDRBench/results/nature_mainline/workload_composition_v4/confirmation/f40/scenarios/single/hourly_seed_960106,2c4cd95735dffe2b99e23583ff9b85e5f20ac491c25843d6a0815eea91ae0fa6,True,0.0,212.15515690863197,230,346,25159.68,near_all_batch_opt_in_counterfactual
f40,0.4,confirmation,960107,/home/user/projects/AIDRBench/results/nature_mainline/workload_composition_v4/confirmation/f40/scenarios/single/hourly_seed_960107,0ad7636d864080064e4258a11200735d3fd0684f848064520df56f6cb6185fc0,True,0.0,212.15515690863197,230,346,25159.68,near_all_batch_opt_in_counterfactual
f40,0.4,confirmation,960108,/home/user/projects/AIDRBench/results/nature_mainline/workload_composition_v4/confirmation/f40/scenarios/single/hourly_seed_960108,a096e095026d75e49a4bde4ce07aa0c475c489842a771a8f71a760d2f6f01aec,True,0.0,212.15515690863197,230,346,25159.68,near_all_batch_opt_in_counterfactual
f40,0.4,confirmation,960109,/home/user/projects/AIDRBench/results/nature_mainline/workload_composition_v4/confirmation/f40/scenarios/single/hourly_seed_960109,6cc84bca366cd1bfdceb26764604ec32b2ad2dbcd9fa57f0cf0c488634436136,True,0.0,212.15515690863197,230,346,25159.68,near_all_batch_opt_in_counterfactual
f40,0.4,confirmation,960110,/home/user/projects/AIDRBench/results/nature_mainline/workload_composition_v4/confirmation/f40/scenarios/single/hourly_seed_960110,88febc1148f6b7990f30a03d6f166e989b8e7af79ac92fbcb7a79a8e0415b704,True,0.0,212.15515690863197,230,346,25159.68,near_all_batch_opt_in_counterfactual
f40,0.4,confirmation,960111,/home/user/projects/AIDRBench/results/nature_mainline/workload_composition_v4/confirmation/f40/scenarios/single/hourly_seed_960111,902e9344ca3df6f868c1a7217e33a8ebf16318a866f23cb2abd35e82a525c560,True,0.0,212.15515690863197,230,346,25159.68,near_all_batch_opt_in_counterfactual
f40,0.4,confirmation,960112,/home/user/projects/AIDRBench/results/nature_mainline/workload_composition_v4/confirmation/f40/scenarios/single/hourly_seed_960112,71dcc091cb3bcd64db067a31d7f2d70b8221cf38bd73f6709d29b3a189e7a85b,True,0.0,212.15515690863197,230,346,25159.68,near_all_batch_opt_in_counterfactual
f40,0.4,confirmation,960113,/home/user/projects/AIDRBench/results/nature_mainline/workload_composition_v4/confirmation/f40/scenarios/single/hourly_seed_960113,e34c2fb46cee95b7921596824c83f2042fd7763094ad52d779e0b4bb52c8e1ce,True,0.0,212.15515690863197,230,346,25159.68,near_all_batch_opt_in_counterfactual
f40,0.4,confirmation,960114,/home/user/projects/AIDRBench/results/nature_mainline/workload_composition_v4/confirmation/f40/scenarios/single/hourly_seed_960114,1bdd37a72dd7630838a0f9497b35b677c0a94f951d4169f34fb6f0630630625a,True,0.0,212.15515690863197,230,346,25159.68,near_all_batch_opt_in_counterfactual
f40,0.4,confirmation,960115,/home/user/projects/AIDRBench/results/nature_mainline/workload_composition_v4/confirmation/f40/scenarios/single/hourly_seed_960115,72f5c86ea5e14113d74a54b65038570ef6d294c8cf607788d646d9c0601c69b0,True,0.0,212.15515690863197,230,346,25159.68,near_all_batch_opt_in_counterfactual
f40,0.4,confirmation,960116,/home/user/projects/AIDRBench/results/nature_mainline/workload_composition_v4/confirmation/f40/scenarios/single/hourly_seed_960116,036c52c912e7cf36237eb2354941fa1685026ad6b55b91854893cba53a686992,True,0.0,212.15515690863197,230,346,25159.68,near_all_batch_opt_in_counterfactual
f40,0.4,confirmation,960117,/home/user/projects/AIDRBench/results/nature_mainline/workload_composition_v4/confirmation/f40/scenarios/single/hourly_seed_960117,1154a00309b317925f7b1bea973da1ac25f4df41972d600d011b1546ae597431,True,0.0,212.15515690863197,230,346,25159.68,near_all_batch_opt_in_counterfactual
f40,0.4,confirmation,960118,/home/user/projects/AIDRBench/results/nature_mainline/workload_composition_v4/confirmation/f40/scenarios/single/hourly_seed_960118,5e8860e873de650193c70e4518300ad685594947f3037946909afb5a2fd50d5e,True,0.0,212.15515690863197,230,346,25159.68,near_all_batch_opt_in_counterfactual
f40,0.4,confirmation,960119,/home/user/projects/AIDRBench/results/nature_mainline/workload_composition_v4/confirmation/f40/scenarios/single/hourly_seed_960119,73ecc326ae4b5dcbb9d8596cada37608307ae99b1d4263f7d7aa794623d65caf,True,0.0,212.15515690863197,230,346,25159.68,near_all_batch_opt_in_counterfactual
f40,0.4,confirmation,960120,/home/user/projects/AIDRBench/results/nature_mainline/workload_composition_v4/confirmation/f40/scenarios/single/hourly_seed_960120,3676275355a180e2cdcb593dd0985869d951c5481eed3bca395f6e5f63b633d8,True,0.0,212.15515690863197,230,346,25159.68,near_all_batch_opt_in_counterfactual
f40,0.4,confirmation,960121,/home/user/projects/AIDRBench/results/nature_mainline/workload_composition_v4/confirmation/f40/scenarios/single/hourly_seed_960121,6a72ae78f8df55c31117a1e765ec50f63e57efa72faac9892fda3a2434f50dd9,True,0.0,212.15515690863197,230,346,25159.68,near_all_batch_opt_in_counterfactual
f40,0.4,confirmation,960122,/home/user/projects/AIDRBench/results/nature_mainline/workload_composition_v4/confirmation/f40/scenarios/single/hourly_seed_960122,49524f57eda53c305a29f514a7dd0c59f17f6d04399e749411cb4c4917379bf6,True,0.0,212.15515690863197,230,346,25159.68,near_all_batch_opt_in_counterfactual
f40,0.4,confirmation,960123,/home/user/projects/AIDRBench/results/nature_mainline/workload_composition_v4/confirmation/f40/scenarios/single/hourly_seed_960123,c3755345c74279054618899a7c26089032ebf7853f5fb63401486f71ffa6ddc2,True,0.0,212.15515690863197,230,346,25159.68,near_all_batch_opt_in_counterfactual
f40,0.4,confirmation,960124,/home/user/projects/AIDRBench/results/nature_mainline/workload_composition_v4/confirmation/f40/scenarios/single/hourly_seed_960124,293d68dc395d47866b138f893a8342edbe32d180d15433a4b89674d8ed7dfffd,True,0.0,212.15515690863197,230,346,25159.68,near_all_batch_opt_in_counterfactual
f40,0.4,confirmation,960125,/home/user/projects/AIDRBench/results/nature_mainline/workload_composition_v4/confirmation/f40/scenarios/single/hourly_seed_960125,2e7dc2c6b556916fcd4156251a197c334534cf0c373402bacaac18d73446ba54,True,0.0,212.15515690863197,230,346,25159.68,near_all_batch_opt_in_counterfactual
f40,0.4,confirmation,960126,/home/user/projects/AIDRBench/results/nature_mainline/workload_composition_v4/confirmation/f40/scenarios/single/hourly_seed_960126,082893750ef88490f88c1182fc76f978485a8944ee6fc9e6c07f4df4d12c60e2,True,0.0,212.15515690863197,230,346,25159.68,near_all_batch_opt_in_counterfactual
f40,0.4,confirmation,960127,/home/user/projects/AIDRBench/results/nature_mainline/workload_composition_v4/confirmation/f40/scenarios/single/hourly_seed_960127,d910114d475effcd669684fbc2b50c07300e30b3ef29687d89debce2b78897e3,True,0.0,212.15515690863197,230,346,25159.68,near_all_batch_opt_in_counterfactual
f40,0.4,confirmation,960128,/home/user/projects/AIDRBench/results/nature_mainline/workload_composition_v4/confirmation/f40/scenarios/single/hourly_seed_960128,100b85cc81580e3568de2b6203e4b026702d692bb082ec902a80b81f0ff4d0c7,True,0.0,212.15515690863197,230,346,25159.68,near_all_batch_opt_in_counterfactual
f40,0.4,confirmation,960129,/home/user/projects/AIDRBench/results/nature_mainline/workload_composition_v4/confirmation/f40/scenarios/single/hourly_seed_960129,16deafae60c8646c2c92ddc754449bc8543c66c8407b5286d8c8913203840f6c,True,0.0,212.15515690863197,230,346,25159.68,near_all_batch_opt_in_counterfactual
f40,0.4,confirmation,960130,/home/user/projects/AIDRBench/results/nature_mainline/workload_composition_v4/confirmation/f40/scenarios/single/hourly_seed_960130,d54448759d286ec6efeea0460688d812615b6628b547b29414f31bb918879001,True,0.0,212.15515690863197,230,346,25159.68,near_all_batch_opt_in_counterfactual
f40,0.4,confirmation,960131,/home/user/projects/AIDRBench/results/nature_mainline/workload_composition_v4/confirmation/f40/scenarios/single/hourly_seed_960131,76380603f4856e2d7b39aae3cf9f77747d944b70830cd5b6781b67482204e05c,True,0.0,212.15515690863197,230,346,25159.68,near_all_batch_opt_in_counterfactual
f40,0.4,confirmation,960132,/home/user/projects/AIDRBench/results/nature_mainline/workload_composition_v4/confirmation/f40/scenarios/single/hourly_seed_960132,ab1be2d6caf14b1ee7bae272120552acfaf9dbcde4ff5b3d1d94d8fe8be1d676,True,0.0,212.15515690863197,230,346,25159.68,near_all_batch_opt_in_counterfactual
f40,0.4,confirmation,960133,/home/user/projects/AIDRBench/results/nature_mainline/workload_composition_v4/confirmation/f40/scenarios/single/hourly_seed_960133,04fbe9a2574db0306b984213ce49c36243d86f1b8ef06ca042e9e5083989895e,True,0.0,212.15515690863197,230,346,25159.68,near_all_batch_opt_in_counterfactual
f40,0.4,confirmation,960134,/home/user/projects/AIDRBench/results/nature_mainline/workload_composition_v4/confirmation/f40/scenarios/single/hourly_seed_960134,0b8d76df3211ee0ba4c9af2c7f10dccc5301d78027979ae29d247e66ca047535,True,0.0,212.15515690863197,230,346,25159.68,near_all_batch_opt_in_counterfactual
f40,0.4,confirmation,960135,/home/user/projects/AIDRBench/results/nature_mainline/workload_composition_v4/confirmation/f40/scenarios/single/hourly_seed_960135,458b2262a9ea1e8c95e3ac50125aab35d9c136d4c67043045841f901277e3c82,True,0.0,212.15515690863197,230,346,25159.68,near_all_batch_opt_in_counterfactual
f40,0.4,confirmation,960136,/home/user/projects/AIDRBench/results/nature_mainline/workload_composition_v4/confirmation/f40/scenarios/single/hourly_seed_960136,d355cd1bd6be8109ac3101f0486ead69ff05a074bb46c58967a33900c52fd41b,True,0.0,212.15515690863197,230,346,25159.68,near_all_batch_opt_in_counterfactual
f40,0.4,confirmation,960137,/home/user/projects/AIDRBench/results/nature_mainline/workload_composition_v4/confirmation/f40/scenarios/single/hourly_seed_960137,c6fe84163a9ab4302253682d34e07689708c42c2a5be258e40348acea0e5dc51,True,0.0,212.15515690863197,230,346,25159.68,near_all_batch_opt_in_counterfactual
f40,0.4,confirmation,960138,/home/user/projects/AIDRBench/results/nature_mainline/workload_composition_v4/confirmation/f40/scenarios/single/hourly_seed_960138,77bccd8eac540ec82c634f9bf398f66169378df30bb256009fc0dcac0dae2a9d,True,0.0,212.15515690863197,230,346,25159.68,near_all_batch_opt_in_counterfactual
f40,0.4,confirmation,960139,/home/user/projects/AIDRBench/results/nature_mainline/workload_composition_v4/confirmation/f40/scenarios/single/hourly_seed_960139,82717ccf93a081b96caeb1e734d44930f6f113c784c0f228877667d61aa3ed60,True,0.0,212.15515690863197,230,346,25159.68,near_all_batch_opt_in_counterfactual
f40,0.4,confirmation,960140,/home/user/projects/AIDRBench/results/nature_mainline/workload_composition_v4/confirmation/f40/scenarios/single/hourly_seed_960140,07ef75e490c920c989155a207a9ea7a27159cc8cd1474fe280105bb876505e4d,True,0.0,212.15515690863197,230,346,25159.68,near_all_batch_opt_in_counterfactual
f40,0.4,confirmation,960141,/home/user/projects/AIDRBench/results/nature_mainline/workload_composition_v4/confirmation/f40/scenarios/single/hourly_seed_960141,ed46b10d88bb70654ab47079d1ba789a56b94e4769fed31839520daf70e7921b,True,0.0,212.15515690863197,230,346,25159.68,near_all_batch_opt_in_counterfactual
f40,0.4,confirmation,960142,/home/user/projects/AIDRBench/results/nature_mainline/workload_composition_v4/confirmation/f40/scenarios/single/hourly_seed_960142,c9e0835ea46d4bbd84bac21f8759e0949163ac8c733f1a1ba9589f72be712a89,True,0.0,212.15515690863197,230,346,25159.68,near_all_batch_opt_in_counterfactual
f40,0.4,confirmation,960143,/home/user/projects/AIDRBench/results/nature_mainline/workload_composition_v4/confirmation/f40/scenarios/single/hourly_seed_960143,c54385822f81185966dfe7021b8c74b589394964795614a7a7cdf85d8f7bb47a,True,0.0,212.15515690863197,230,346,25159.68,near_all_batch_opt_in_counterfactual
f40,0.4,confirmation,960144,/home/user/projects/AIDRBench/results/nature_mainline/workload_composition_v4/confirmation/f40/scenarios/single/hourly_seed_960144,7630d46cdd9a3fdad9467d102df11a54ff893c8dbfaeded202aab405b9fbc6c4,True,0.0,212.15515690863197,230,346,25159.68,near_all_batch_opt_in_counterfactual
f40,0.4,confirmation,960145,/home/user/projects/AIDRBench/results/nature_mainline/workload_composition_v4/confirmation/f40/scenarios/single/hourly_seed_960145,9a0111ed8ed7d5d06cbae12bd76cba29d0f2fd97d0e42256686b1e49955b3f28,True,0.0,212.15515690863197,230,346,25159.68,near_all_batch_opt_in_counterfactual
f40,0.4,confirmation,960146,/home/user/projects/AIDRBench/results/nature_mainline/workload_composition_v4/confirmation/f40/scenarios/single/hourly_seed_960146,be9bc54c9b1b201ed828aeab466b29bba0b2f9c26dcc2b628cd22b8729d14a5b,True,0.0,212.15515690863197,230,346,25159.68,near_all_batch_opt_in_counterfactual
f40,0.4,confirmation,960147,/home/user/projects/AIDRBench/results/nature_mainline/workload_composition_v4/confirmation/f40/scenarios/single/hourly_seed_960147,5b575e34740d5b9a9f4943bf8a3bac9d9dcb8a27fa90136d92d8875575b5863b,True,0.0,212.15515690863197,230,346,25159.68,near_all_batch_opt_in_counterfactual
f40,0.4,confirmation,960148,/home/user/projects/AIDRBench/results/nature_mainline/workload_composition_v4/confirmation/f40/scenarios/single/hourly_seed_960148,3dca271196c8941afa0d131ce665dbe787bcf8e7acd9cad2b3e93ed6b9b39506,True,0.0,212.15515690863197,230,346,25159.68,near_all_batch_opt_in_counterfactual
f40,0.4,confirmation,960149,/home/user/projects/AIDRBench/results/nature_mainline/workload_composition_v4/confirmation/f40/scenarios/single/hourly_seed_960149,8906a7f053d30e3a0bd32329044cc14c64fb59489bf9f21691591c0b205a9d8a,True,0.0,212.15515690863197,230,346,25159.68,near_all_batch_opt_in_counterfactual
f40,0.4,confirmation,960150,/home/user/projects/AIDRBench/results/nature_mainline/workload_composition_v4/confirmation/f40/scenarios/single/hourly_seed_960150,c58ef0b112ace80ce48370407f7819d937f86400bca31ebf7acfced483914c78,True,0.0,212.15515690863197,230,346,25159.68,near_all_batch_opt_in_counterfactual
f40,0.4,confirmation,960151,/home/user/projects/AIDRBench/results/nature_mainline/workload_composition_v4/confirmation/f40/scenarios/single/hourly_seed_960151,d8c2a0e743ae93b3624a9f6c3e4129797cd20aac9071e037534c243ba8fce342,True,0.0,212.15515690863197,230,346,25159.68,near_all_batch_opt_in_counterfactual
f40,0.4,confirmation,960152,/home/user/projects/AIDRBench/results/nature_mainline/workload_composition_v4/confirmation/f40/scenarios/single/hourly_seed_960152,e3626ea96b64c81c3d9e16a514cae9e7361159423e131c3a22810d030f8ca941,True,0.0,212.15515690863197,230,346,25159.68,near_all_batch_opt_in_counterfactual
f40,0.4,confirmation,960153,/home/user/projects/AIDRBench/results/nature_mainline/workload_composition_v4/confirmation/f40/scenarios/single/hourly_seed_960153,ff1f9f0d55824faadfaeab470a79f13748b81f1e040be128e8557863dda5557d,True,0.0,212.15515690863197,230,346,25159.68,near_all_batch_opt_in_counterfactual
f40,0.4,confirmation,960154,/home/user/projects/AIDRBench/results/nature_mainline/workload_composition_v4/confirmation/f40/scenarios/single/hourly_seed_960154,f01c4f109f55a5641f3bb358ddad0cec403b1093a2263241931ccb2a94f57f71,True,0.0,212.15515690863197,230,346,25159.68,near_all_batch_opt_in_counterfactual
f40,0.4,confirmation,960155,/home/user/projects/AIDRBench/results/nature_mainline/workload_composition_v4/confirmation/f40/scenarios/single/hourly_seed_960155,b160e959e6596e47e04e268364b713dc9b811c6081e9cbfc59875e553960f1aa,True,0.0,212.15515690863197,230,346,25159.68,near_all_batch_opt_in_counterfactual
f40,0.4,confirmation,960156,/home/user/projects/AIDRBench/results/nature_mainline/workload_composition_v4/confirmation/f40/scenarios/single/hourly_seed_960156,957ffa48f5287c1f785324504592aee2846db7748f0a5942e94cf5738535c2e8,True,0.0,212.15515690863197,230,346,25159.68,near_all_batch_opt_in_counterfactual
f40,0.4,confirmation,960157,/home/user/projects/AIDRBench/results/nature_mainline/workload_composition_v4/confirmation/f40/scenarios/single/hourly_seed_960157,09010a03f18d1023d04e8b3eb9cab304dc99de7d86d24149d78006292f4ecb21,True,0.0,212.15515690863197,230,346,25159.68,near_all_batch_opt_in_counterfactual
f40,0.4,confirmation,960158,/home/user/projects/AIDRBench/results/nature_mainline/workload_composition_v4/confirmation/f40/scenarios/single/hourly_seed_960158,10bdc3e6d6334a69211affa4e09c9a6e06b7b9039e93ffc60a06ef75c8f5beea,True,0.0,212.15515690863197,230,346,25159.68,near_all_batch_opt_in_counterfactual
f40,0.4,confirmation,960159,/home/user/projects/AIDRBench/results/nature_mainline/workload_composition_v4/confirmation/f40/scenarios/single/hourly_seed_960159,9cdb97864cf407993e0ef43faa2882405d886b4d5699c9755ea8803b3f377c2d,True,0.0,212.15515690863197,230,346,25159.68,near_all_batch_opt_in_counterfactual
f40,0.4,confirmation,960160,/home/user/projects/AIDRBench/results/nature_mainline/workload_composition_v4/confirmation/f40/scenarios/single/hourly_seed_960160,41fae20a00e022fb08151320a232494c4268251d900f4a7c2da521ce74829aeb,True,0.0,212.15515690863197,230,346,25159.68,near_all_batch_opt_in_counterfactual
f40,0.4,confirmation,960161,/home/user/projects/AIDRBench/results/nature_mainline/workload_composition_v4/confirmation/f40/scenarios/single/hourly_seed_960161,8d5d02fd6d6798b39ce3ad71191dd664999c0425d46327013362e1ac3617930c,True,0.0,212.15515690863197,230,346,25159.68,near_all_batch_opt_in_counterfactual
f40,0.4,confirmation,960162,/home/user/projects/AIDRBench/results/nature_mainline/workload_composition_v4/confirmation/f40/scenarios/single/hourly_seed_960162,df0efac75b5cd57625b214d6ec00de9c31ca609359d9f67f95315d296a797ff2,True,0.0,212.15515690863197,230,346,25159.68,near_all_batch_opt_in_counterfactual
f40,0.4,confirmation,960163,/home/user/projects/AIDRBench/results/nature_mainline/workload_composition_v4/confirmation/f40/scenarios/single/hourly_seed_960163,d372b2ed3cde322a196dab843606064cfda358afe936bda15411f494093072b8,True,0.0,212.15515690863197,230,346,25159.68,near_all_batch_opt_in_counterfactual
f40,0.4,confirmation,960164,/home/user/projects/AIDRBench/results/nature_mainline/workload_composition_v4/confirmation/f40/scenarios/single/hourly_seed_960164,c28f03e4ebbc9eb5966531117451c55b858d99f8aa2d2b49137f1bac0088e91f,True,0.0,212.15515690863197,230,346,25159.68,near_all_batch_opt_in_counterfactual
f40,0.4,confirmation,960165,/home/user/projects/AIDRBench/results/nature_mainline/workload_composition_v4/confirmation/f40/scenarios/single/hourly_seed_960165,192e097fd84ddb98b83f21e148fd11254268dc64c9e55a4002e7700a7f2cdedf,True,0.0,212.15515690863197,230,346,25159.68,near_all_batch_opt_in_counterfactual
f40,0.4,confirmation,960166,/home/user/projects/AIDRBench/results/nature_mainline/workload_composition_v4/confirmation/f40/scenarios/single/hourly_seed_960166,43101d772412365c9a880dd1e9f553ee8db0d2174e10b3e30e2b8ac6c8a3e039,True,0.0,212.15515690863197,230,346,25159.68,near_all_batch_opt_in_counterfactual
f40,0.4,confirmation,960167,/home/user/projects/AIDRBench/results/nature_mainline/workload_composition_v4/confirmation/f40/scenarios/single/hourly_seed_960167,966432866c0523aa3db0b61189867c51ed1704b93f8e57fce7bb29b6d1e5ca9f,True,0.0,212.15515690863197,230,346,25159.68,near_all_batch_opt_in_counterfactual
f40,0.4,confirmation,960168,/home/user/projects/AIDRBench/results/nature_mainline/workload_composition_v4/confirmation/f40/scenarios/single/hourly_seed_960168,e651474ff261d3955151116cf31ce3195217041034a2fe78847f93cca06cf328,True,0.0,212.15515690863197,230,346,25159.68,near_all_batch_opt_in_counterfactual
f40,0.4,confirmation,960169,/home/user/projects/AIDRBench/results/nature_mainline/workload_composition_v4/confirmation/f40/scenarios/single/hourly_seed_960169,e0705e143c3f80cb33e7ad46736a203f4727b4b680566f5570f688c2372889b3,True,0.0,212.15515690863197,230,346,25159.68,near_all_batch_opt_in_counterfactual
f40,0.4,confirmation,960170,/home/user/projects/AIDRBench/results/nature_mainline/workload_composition_v4/confirmation/f40/scenarios/single/hourly_seed_960170,9e2699f4f45550c6994ad5cdcb0d32ad2c9c1f4c8d62cd2639ee8077933cc14f,True,0.0,212.15515690863197,230,346,25159.68,near_all_batch_opt_in_counterfactual
f40,0.4,confirmation,960171,/home/user/projects/AIDRBench/results/nature_mainline/workload_composition_v4/confirmation/f40/scenarios/single/hourly_seed_960171,135fab2fff75623cfdf22cd6d481de306d235a1c2fc4ed68a492df7de2f09d50,True,0.0,212.15515690863197,230,346,25159.68,near_all_batch_opt_in_counterfactual
f40,0.4,confirmation,960172,/home/user/projects/AIDRBench/results/nature_mainline/workload_composition_v4/confirmation/f40/scenarios/single/hourly_seed_960172,d22bb9f761ace760598a8f472f8ecc791b5c13b926764d46594174d39dea2726,True,0.0,212.15515690863197,230,346,25159.68,near_all_batch_opt_in_counterfactual
f40,0.4,confirmation,960173,/home/user/projects/AIDRBench/results/nature_mainline/workload_composition_v4/confirmation/f40/scenarios/single/hourly_seed_960173,59a92b5e2b338da2be9ef70db984d9eff142c96b6b1d017a4f21e40c1c81003b,True,0.0,212.15515690863197,230,346,25159.68,near_all_batch_opt_in_counterfactual
f40,0.4,confirmation,960174,/home/user/projects/AIDRBench/results/nature_mainline/workload_composition_v4/confirmation/f40/scenarios/single/hourly_seed_960174,9f43e4a3a389aba0151f7813cfe5b41edc714a1ed34708069fe51455bc5f558d,True,0.0,212.15515690863197,230,346,25159.68,near_all_batch_opt_in_counterfactual
f40,0.4,confirmation,960175,/home/user/projects/AIDRBench/results/nature_mainline/workload_composition_v4/confirmation/f40/scenarios/single/hourly_seed_960175,11832f412673d67b6c4465ebd469e6fe44573dc85b7512fbbbd1ad975677716c,True,0.0,212.15515690863197,230,346,25159.68,near_all_batch_opt_in_counterfactual
f40,0.4,confirmation,960176,/home/user/projects/AIDRBench/results/nature_mainline/workload_composition_v4/confirmation/f40/scenarios/single/hourly_seed_960176,4fa18b1229e548eca529408b1d56fb367320f855bf4d1f325d3f4eed0f06d5f1,True,0.0,212.15515690863197,230,346,25159.68,near_all_batch_opt_in_counterfactual
f40,0.4,confirmation,960177,/home/user/projects/AIDRBench/results/nature_mainline/workload_composition_v4/confirmation/f40/scenarios/single/hourly_seed_960177,e06ec95998dbae532020081f32abde5d32c8ec8b1ac46206b4609c7198607b9b,True,0.0,212.15515690863197,230,346,25159.68,near_all_batch_opt_in_counterfactual
f40,0.4,confirmation,960178,/home/user/projects/AIDRBench/results/nature_mainline/workload_composition_v4/confirmation/f40/scenarios/single/hourly_seed_960178,8ea6655fa79a066fbe4aec5e35d3f73894adc58235035640a0f7b7eacaa165fe,True,0.0,212.15515690863197,230,346,25159.68,near_all_batch_opt_in_counterfactual
f40,0.4,confirmation,960179,/home/user/projects/AIDRBench/results/nature_mainline/workload_composition_v4/confirmation/f40/scenarios/single/hourly_seed_960179,249e81bf97dc1a4913070e977da117d9666c66574d14a14ac9ee0af0a9ab7724,True,0.0,212.15515690863197,230,346,25159.68,near_all_batch_opt_in_counterfactual
f40,0.4,confirmation,960180,/home/user/projects/AIDRBench/results/nature_mainline/workload_composition_v4/confirmation/f40/scenarios/single/hourly_seed_960180,c89e5405db40bcbcf1e5fc8f9eba3b88b00b12666287eefe74a18b87156bdb07,True,0.0,212.15515690863197,230,346,25159.68,near_all_batch_opt_in_counterfactual
f40,0.4,confirmation,960181,/home/user/projects/AIDRBench/results/nature_mainline/workload_composition_v4/confirmation/f40/scenarios/single/hourly_seed_960181,1020ea15e516e1576e6747bf825da165aa9e8471a8e155f425b2d433d3fd1aa6,True,0.0,212.15515690863197,230,346,25159.68,near_all_batch_opt_in_counterfactual
f40,0.4,confirmation,960182,/home/user/projects/AIDRBench/results/nature_mainline/workload_composition_v4/confirmation/f40/scenarios/single/hourly_seed_960182,468b0f843a6236585a0add19ea5371aa2ed00f5341c30a8479639ed6a8ae2fb3,True,0.0,212.15515690863197,230,346,25159.68,near_all_batch_opt_in_counterfactual
f40,0.4,confirmation,960183,/home/user/projects/AIDRBench/results/nature_mainline/workload_composition_v4/confirmation/f40/scenarios/single/hourly_seed_960183,19bf282d14cc757200835596214e7c8a78ab7edf32f0c31b149e2fe80e881de8,True,0.0,212.15515690863197,230,346,25159.68,near_all_batch_opt_in_counterfactual
f40,0.4,confirmation,960184,/home/user/projects/AIDRBench/results/nature_mainline/workload_composition_v4/confirmation/f40/scenarios/single/hourly_seed_960184,537b67f852c5e2ab4395a38ccb7a826cd7d8d5dd0c035748ff4786ac798fcd92,True,0.0,212.15515690863197,230,346,25159.68,near_all_batch_opt_in_counterfactual
f40,0.4,confirmation,960185,/home/user/projects/AIDRBench/results/nature_mainline/workload_composition_v4/confirmation/f40/scenarios/single/hourly_seed_960185,460d76a19ff4aaedc41d643fcc931ad3cf800367a8b2d774431ce14d25e25dbe,True,0.0,212.15515690863197,230,346,25159.68,near_all_batch_opt_in_counterfactual
f40,0.4,confirmation,960186,/home/user/projects/AIDRBench/results/nature_mainline/workload_composition_v4/confirmation/f40/scenarios/single/hourly_seed_960186,69a95ac696e75995a73a0ae0789b04db4709d059821c2c53c182d32e215b1c24,True,0.0,212.15515690863197,230,346,25159.68,near_all_batch_opt_in_counterfactual
f40,0.4,confirmation,960187,/home/user/projects/AIDRBench/results/nature_mainline/workload_composition_v4/confirmation/f40/scenarios/single/hourly_seed_960187,34898b9a0f728569c6366e4eb3656f28bdf4e5677236e65c67086ca21e29f398,True,0.0,212.15515690863197,230,346,25159.68,near_all_batch_opt_in_counterfactual
f40,0.4,confirmation,960188,/home/user/projects/AIDRBench/results/nature_mainline/workload_composition_v4/confirmation/f40/scenarios/single/hourly_seed_960188,45552ac72d3766584d3898212a2f43f0567170446b3ce8f16165ae59ee2e2119,True,0.0,212.15515690863197,230,346,25159.68,near_all_batch_opt_in_counterfactual
f40,0.4,confirmation,960189,/home/user/projects/AIDRBench/results/nature_mainline/workload_composition_v4/confirmation/f40/scenarios/single/hourly_seed_960189,12c08b9ec32af4583cce63c40c3511edd1931d357446b43f8b1ef1758f011326,True,0.0,212.15515690863197,230,346,25159.68,near_all_batch_opt_in_counterfactual
f40,0.4,confirmation,960190,/home/user/projects/AIDRBench/results/nature_mainline/workload_composition_v4/confirmation/f40/scenarios/single/hourly_seed_960190,f119d7b595378fcef6e71aa316040cf2154d32f894bc0b231e5d654fb3fb3c05,True,0.0,212.15515690863197,230,346,25159.68,near_all_batch_opt_in_counterfactual
f40,0.4,confirmation,960191,/home/user/projects/AIDRBench/results/nature_mainline/workload_composition_v4/confirmation/f40/scenarios/single/hourly_seed_960191,ecc34b00b103da0dcb7b891f8787b3558a826a8e6a19a3804c2c1bfb03615580,True,0.0,212.15515690863197,230,346,25159.68,near_all_batch_opt_in_counterfactual
f40,0.4,confirmation,960192,/home/user/projects/AIDRBench/results/nature_mainline/workload_composition_v4/confirmation/f40/scenarios/single/hourly_seed_960192,60275dd39bd2f9b8f483a7b9b8c2e59d160348404c860006ae002f27ad0e1b35,True,0.0,212.15515690863197,230,346,25159.68,near_all_batch_opt_in_counterfactual
f40,0.4,confirmation,960193,/home/user/projects/AIDRBench/results/nature_mainline/workload_composition_v4/confirmation/f40/scenarios/single/hourly_seed_960193,0f8f95944c15b385a0b7990640de0aa3f383004678f176a993eddd2203289a4e,True,0.0,212.15515690863197,230,346,25159.68,near_all_batch_opt_in_counterfactual
f40,0.4,confirmation,960194,/home/user/projects/AIDRBench/results/nature_mainline/workload_composition_v4/confirmation/f40/scenarios/single/hourly_seed_960194,eb11b80a630903f732ec3c58941fc6c6131578a177453b4077c790980365bae0,True,0.0,212.15515690863197,230,346,25159.68,near_all_batch_opt_in_counterfactual
f40,0.4,confirmation,960195,/home/user/projects/AIDRBench/results/nature_mainline/workload_composition_v4/confirmation/f40/scenarios/single/hourly_seed_960195,c1d561620c392efb6d5dfb911c88880c33a8982cf17bfa7572dd25abdc10cc11,True,0.0,212.15515690863197,230,346,25159.68,near_all_batch_opt_in_counterfactual
f40,0.4,confirmation,960196,/home/user/projects/AIDRBench/results/nature_mainline/workload_composition_v4/confirmation/f40/scenarios/single/hourly_seed_960196,f6124f68a725f7310c5b87f2b400ade5b1c12380749ce24d882822153a8a68a6,True,0.0,212.15515690863197,230,346,25159.68,near_all_batch_opt_in_counterfactual
f40,0.4,confirmation,960197,/home/user/projects/AIDRBench/results/nature_mainline/workload_composition_v4/confirmation/f40/scenarios/single/hourly_seed_960197,32dfeae45e2ef799d94fd600a9b969cc99ed2cc17b5633199dec1e331d66a028,True,0.0,212.15515690863197,230,346,25159.68,near_all_batch_opt_in_counterfactual
f40,0.4,confirmation,960198,/home/user/projects/AIDRBench/results/nature_mainline/workload_composition_v4/confirmation/f40/scenarios/single/hourly_seed_960198,d80606ffa502e92dbc698eba0d82d607a044249fdb5d86d10bc1a6dbbdbf7bc7,True,0.0,212.15515690863197,230,346,25159.68,near_all_batch_opt_in_counterfactual
f40,0.4,confirmation,960199,/home/user/projects/AIDRBench/results/nature_mainline/workload_composition_v4/confirmation/f40/scenarios/single/hourly_seed_960199,0d9d4dec019c679d437c582823cb013071943c6ae04e92566c3674251394bb09,True,0.0,212.15515690863197,230,346,25159.68,near_all_batch_opt_in_counterfactual
f40,0.4,confirmation,960200,/home/user/projects/AIDRBench/results/nature_mainline/workload_composition_v4/confirmation/f40/scenarios/single/hourly_seed_960200,a3c2e4c01b23b0a4e2d2edeacad3877eaa22a00451e86b867e87d7bd8bd09d7c,True,0.0,212.15515690863197,230,346,25159.68,near_all_batch_opt_in_counterfactual
f40,0.4,confirmation,960201,/home/user/projects/AIDRBench/results/nature_mainline/workload_composition_v4/confirmation/f40/scenarios/single/hourly_seed_960201,f5fe1bb24143c173f369266f3a805ffa7174930552531b0077e9a5e8e3d6ddef,True,0.0,212.15515690863197,230,346,25159.68,near_all_batch_opt_in_counterfactual
f40,0.4,confirmation,960202,/home/user/projects/AIDRBench/results/nature_mainline/workload_composition_v4/confirmation/f40/scenarios/single/hourly_seed_960202,746eb3335afbf113404482ce45fc53d0fd2146b1dfad6460581d390c3912a259,True,0.0,212.15515690863197,230,346,25159.68,near_all_batch_opt_in_counterfactual
f40,0.4,confirmation,960203,/home/user/projects/AIDRBench/results/nature_mainline/workload_composition_v4/confirmation/f40/scenarios/single/hourly_seed_960203,8dcd38197cafa81b2a53c17e5dd89a827147fcef2c7c1a6ae1343dd94c1d46a7,True,0.0,212.15515690863197,230,346,25159.68,near_all_batch_opt_in_counterfactual
f40,0.4,confirmation,960204,/home/user/projects/AIDRBench/results/nature_mainline/workload_composition_v4/confirmation/f40/scenarios/single/hourly_seed_960204,728c880ed255e751f3e589380cca716e8204e7606d18aa0f82a265ce8a8b5374,True,0.0,212.15515690863197,230,346,25159.68,near_all_batch_opt_in_counterfactual
f40,0.4,confirmation,960205,/home/user/projects/AIDRBench/results/nature_mainline/workload_composition_v4/confirmation/f40/scenarios/single/hourly_seed_960205,abea285d7fb0534048608ab1795c3fb7242592a4e209bd47837efe33edbda133,True,0.0,212.15515690863197,230,346,25159.68,near_all_batch_opt_in_counterfactual
f40,0.4,confirmation,960206,/home/user/projects/AIDRBench/results/nature_mainline/workload_composition_v4/confirmation/f40/scenarios/single/hourly_seed_960206,ac4d92b54f809b9dccb1cae1793a72ffd57cdaff2f7f87259ee4e57cc5280d18,True,0.0,212.15515690863197,230,346,25159.68,near_all_batch_opt_in_counterfactual
f40,0.4,confirmation,960207,/home/user/projects/AIDRBench/results/nature_mainline/workload_composition_v4/confirmation/f40/scenarios/single/hourly_seed_960207,d4a04ced56785ca9e1957fbce944d9f15408388ae88105f441124a425fae04d4,True,0.0,212.15515690863197,230,346,25159.68,near_all_batch_opt_in_counterfactual
f40,0.4,confirmation,960208,/home/user/projects/AIDRBench/results/nature_mainline/workload_composition_v4/confirmation/f40/scenarios/single/hourly_seed_960208,2f014fa3e7bc44f81187b103172ec5e561ded9f448f360ffa3acce79b1ce9aa7,True,0.0,212.15515690863197,230,346,25159.68,near_all_batch_opt_in_counterfactual
f40,0.4,confirmation,960209,/home/user/projects/AIDRBench/results/nature_mainline/workload_composition_v4/confirmation/f40/scenarios/single/hourly_seed_960209,47e4e45a5f746e8d1895d1634971d5b6a0387ac444bb1805e25c5d9a3db6e4c3,True,0.0,212.15515690863197,230,346,25159.68,near_all_batch_opt_in_counterfactual
f40,0.4,confirmation,960210,/home/user/projects/AIDRBench/results/nature_mainline/workload_composition_v4/confirmation/f40/scenarios/single/hourly_seed_960210,a35e03cf9e3996bd66558cd3f9e5674efb7eed64c9f4c6eabf7393deeba4e9af,True,0.0,212.15515690863197,230,346,25159.68,near_all_batch_opt_in_counterfactual
f40,0.4,confirmation,960211,/home/user/projects/AIDRBench/results/nature_mainline/workload_composition_v4/confirmation/f40/scenarios/single/hourly_seed_960211,31cd054101f6605d3fd5819c2b7c27f3745e54caa121d78cda72ec1930893f42,True,0.0,212.15515690863197,230,346,25159.68,near_all_batch_opt_in_counterfactual
f40,0.4,confirmation,960212,/home/user/projects/AIDRBench/results/nature_mainline/workload_composition_v4/confirmation/f40/scenarios/single/hourly_seed_960212,66364e1a0968a643d5aabb2c15144e3185f135648d3384c70a42bd2dc57756e1,True,0.0,212.15515690863197,230,346,25159.68,near_all_batch_opt_in_counterfactual
f40,0.4,confirmation,960213,/home/user/projects/AIDRBench/results/nature_mainline/workload_composition_v4/confirmation/f40/scenarios/single/hourly_seed_960213,940540422fa5aee20ed25ccaaf7df7af2178e815c1314633ee56cd53098cd5d9,True,0.0,212.15515690863197,230,346,25159.68,near_all_batch_opt_in_counterfactual
f40,0.4,confirmation,960214,/home/user/projects/AIDRBench/results/nature_mainline/workload_composition_v4/confirmation/f40/scenarios/single/hourly_seed_960214,9d9602744d4385dc6cded6657f0eba36d87f38731f650a8cbcba4cb1f26ca3ab,True,0.0,212.15515690863197,230,346,25159.68,near_all_batch_opt_in_counterfactual
f40,0.4,confirmation,960215,/home/user/projects/AIDRBench/results/nature_mainline/workload_composition_v4/confirmation/f40/scenarios/single/hourly_seed_960215,fda24a72ec8ec348ef47881b5eaab3697c00efb46af62141eca5662b952605ac,True,0.0,212.15515690863197,230,346,25159.68,near_all_batch_opt_in_counterfactual
f40,0.4,confirmation,960216,/home/user/projects/AIDRBench/results/nature_mainline/workload_composition_v4/confirmation/f40/scenarios/single/hourly_seed_960216,3d98a49f0719b365afe3afd08619aa187d38cf2ccabd59c498a642fa13ac8255,True,0.0,212.15515690863197,230,346,25159.68,near_all_batch_opt_in_counterfactual
f40,0.4,confirmation,960217,/home/user/projects/AIDRBench/results/nature_mainline/workload_composition_v4/confirmation/f40/scenarios/single/hourly_seed_960217,e8daa8301b60c15cb49c440831990dfb6fbe43ad25700214e26588a5e84c39f0,True,0.0,212.15515690863197,230,346,25159.68,near_all_batch_opt_in_counterfactual
f40,0.4,confirmation,960218,/home/user/projects/AIDRBench/results/nature_mainline/workload_composition_v4/confirmation/f40/scenarios/single/hourly_seed_960218,95f1bba0c5da428d55d375b897c75d68129cb26608a6ae056e3e3f499814ea7b,True,0.0,212.15515690863197,230,346,25159.68,near_all_batch_opt_in_counterfactual
f40,0.4,confirmation,960219,/home/user/projects/AIDRBench/results/nature_mainline/workload_composition_v4/confirmation/f40/scenarios/single/hourly_seed_960219,7c83c83df83c1d0db1361208afa21710df0685a315c5d249bed745c39c10940d,True,0.0,212.15515690863197,230,346,25159.68,near_all_batch_opt_in_counterfactual
f40,0.4,confirmation,960220,/home/user/projects/AIDRBench/results/nature_mainline/workload_composition_v4/confirmation/f40/scenarios/single/hourly_seed_960220,cf529a8d52c8bee185faf7a8038cc675293d11803c167e6b4c327f5a50de15c1,True,0.0,212.15515690863197,230,346,25159.68,near_all_batch_opt_in_counterfactual
f40,0.4,confirmation,960221,/home/user/projects/AIDRBench/results/nature_mainline/workload_composition_v4/confirmation/f40/scenarios/single/hourly_seed_960221,84f93adfc0327347c8c67d4270b5107dea05e62b7f119b740c91ce6497c549b2,True,0.0,212.15515690863197,230,346,25159.68,near_all_batch_opt_in_counterfactual
f40,0.4,confirmation,960222,/home/user/projects/AIDRBench/results/nature_mainline/workload_composition_v4/confirmation/f40/scenarios/single/hourly_seed_960222,24f9bcb5b08fc90b8a0ba69d2e1fbfa9c7e31fe81d11a91aea3950a39a9d08bc,True,0.0,212.15515690863197,230,346,25159.68,near_all_batch_opt_in_counterfactual
f40,0.4,confirmation,960223,/home/user/projects/AIDRBench/results/nature_mainline/workload_composition_v4/confirmation/f40/scenarios/single/hourly_seed_960223,7514f23d524135fc9ba75d9ce7881882c5e0e5f6082efef3a5bac17b376605ae,True,0.0,212.15515690863197,230,346,25159.68,near_all_batch_opt_in_counterfactual
f40,0.4,confirmation,960224,/home/user/projects/AIDRBench/results/nature_mainline/workload_composition_v4/confirmation/f40/scenarios/single/hourly_seed_960224,894fbc6ba77089c6794a2c27729728991c5ec3f9164dcb5f382696128b88b995,True,0.0,212.15515690863197,230,346,25159.68,near_all_batch_opt_in_counterfactual
f40,0.4,confirmation,960225,/home/user/projects/AIDRBench/results/nature_mainline/workload_composition_v4/confirmation/f40/scenarios/single/hourly_seed_960225,aa796901caecd10b8678421637099f4fdc7c51786d472fc8ad47c7acf84bd495,True,0.0,212.15515690863197,230,346,25159.68,near_all_batch_opt_in_counterfactual
f40,0.4,confirmation,960226,/home/user/projects/AIDRBench/results/nature_mainline/workload_composition_v4/confirmation/f40/scenarios/single/hourly_seed_960226,0cfe6d69e4ef056e4da1709ca0c9770c3fec59eb5d8e2832a611c410937849cc,True,0.0,212.15515690863197,230,346,25159.68,near_all_batch_opt_in_counterfactual
f40,0.4,confirmation,960227,/home/user/projects/AIDRBench/results/nature_mainline/workload_composition_v4/confirmation/f40/scenarios/single/hourly_seed_960227,01a3087a035dd7a267ceb92292ecb054113d5cb623da13296fd7151ce1c24afb,True,0.0,212.15515690863197,230,346,25159.68,near_all_batch_opt_in_counterfactual
f40,0.4,confirmation,960228,/home/user/projects/AIDRBench/results/nature_mainline/workload_composition_v4/confirmation/f40/scenarios/single/hourly_seed_960228,e65e6c72fadebc57f88d7acb707e4695a3a7f06dcc0323b31b27e87fdc0cba70,True,0.0,212.15515690863197,230,346,25159.68,near_all_batch_opt_in_counterfactual
f40,0.4,confirmation,960229,/home/user/projects/AIDRBench/results/nature_mainline/workload_composition_v4/confirmation/f40/scenarios/single/hourly_seed_960229,f5412fc491f02c7c5fa5839592002d914496a26f3817e4ba2b46183837656393,True,0.0,212.15515690863197,230,346,25159.68,near_all_batch_opt_in_counterfactual
f40,0.4,confirmation,960230,/home/user/projects/AIDRBench/results/nature_mainline/workload_composition_v4/confirmation/f40/scenarios/single/hourly_seed_960230,97c46654596ad38f5de2826e7ce287ea374273abcadfaa274e6ccd0cf68e4ac4,True,0.0,212.15515690863197,230,346,25159.68,near_all_batch_opt_in_counterfactual
f40,0.4,confirmation,960231,/home/user/projects/AIDRBench/results/nature_mainline/workload_composition_v4/confirmation/f40/scenarios/single/hourly_seed_960231,09204c8ce47defbb808a81203c746228d31a078fd9b066ef2d791d5c0cc5936e,True,0.0,212.15515690863197,230,346,25159.68,near_all_batch_opt_in_counterfactual
f40,0.4,confirmation,960232,/home/user/projects/AIDRBench/results/nature_mainline/workload_composition_v4/confirmation/f40/scenarios/single/hourly_seed_960232,b219e037d30c3819c60d8362d0bff6b44a3d29304edbe9c812656844314d2dbd,True,0.0,212.15515690863197,230,346,25159.68,near_all_batch_opt_in_counterfactual
f40,0.4,confirmation,960233,/home/user/projects/AIDRBench/results/nature_mainline/workload_composition_v4/confirmation/f40/scenarios/single/hourly_seed_960233,d57798fa432a128a2f5a5433bf6d8ac1228b3c4a30b7ea4062ca043d49b6bb15,True,0.0,212.15515690863197,230,346,25159.68,near_all_batch_opt_in_counterfactual
f40,0.4,confirmation,960234,/home/user/projects/AIDRBench/results/nature_mainline/workload_composition_v4/confirmation/f40/scenarios/single/hourly_seed_960234,e01d3c43967420508c0b8432e5acdd5192ffc13ef81b0c8dcd8f5a364e89274f,True,0.0,212.15515690863197,230,346,25159.68,near_all_batch_opt_in_counterfactual
f40,0.4,confirmation,960235,/home/user/projects/AIDRBench/results/nature_mainline/workload_composition_v4/confirmation/f40/scenarios/single/hourly_seed_960235,26c14241af2eeb4d25056364c77a6f697b622f3b422f74b263fb65882ef3732b,True,0.0,212.15515690863197,230,346,25159.68,near_all_batch_opt_in_counterfactual
f40,0.4,confirmation,960236,/home/user/projects/AIDRBench/results/nature_mainline/workload_composition_v4/confirmation/f40/scenarios/single/hourly_seed_960236,b79c6392a67b7df032f17d28ac84c91e27e55de037cdb93cf1e56c3f4f122b0d,True,0.0,212.15515690863197,230,346,25159.68,near_all_batch_opt_in_counterfactual
f40,0.4,confirmation,960237,/home/user/projects/AIDRBench/results/nature_mainline/workload_composition_v4/confirmation/f40/scenarios/single/hourly_seed_960237,dc5595b5f55272752e73a78dfaa332c55a4a5bdb06229169c6339d9154677db2,True,0.0,212.15515690863197,230,346,25159.68,near_all_batch_opt_in_counterfactual
f40,0.4,confirmation,960238,/home/user/projects/AIDRBench/results/nature_mainline/workload_composition_v4/confirmation/f40/scenarios/single/hourly_seed_960238,bf98647f88fa278ee1b0b69c003e777aae49f412a80215318e0fbcc16b3189d1,True,0.0,212.15515690863197,230,346,25159.68,near_all_batch_opt_in_counterfactual
f40,0.4,confirmation,960239,/home/user/projects/AIDRBench/results/nature_mainline/workload_composition_v4/confirmation/f40/scenarios/single/hourly_seed_960239,7533a3f0adb603036370d07fc37d7682d0df42e16aa1b4eb9d4e5f3bcd2618b2,True,0.0,212.15515690863197,230,346,25159.68,near_all_batch_opt_in_counterfactual
f40,0.4,confirmation,960240,/home/user/projects/AIDRBench/results/nature_mainline/workload_composition_v4/confirmation/f40/scenarios/single/hourly_seed_960240,e8a8f71e6ff94a3e3de4dfe7879cf44e7168f6e1ba95947b2eadb4145437f94a,True,0.0,212.15515690863197,230,346,25159.68,near_all_batch_opt_in_counterfactual
f40,0.4,confirmation,960241,/home/user/projects/AIDRBench/results/nature_mainline/workload_composition_v4/confirmation/f40/scenarios/single/hourly_seed_960241,db70290d85dca7afb02af00ffcea751dd223b518e2aaf57733cbe5042c8858ff,True,0.0,212.15515690863197,230,346,25159.68,near_all_batch_opt_in_counterfactual
f40,0.4,confirmation,960242,/home/user/projects/AIDRBench/results/nature_mainline/workload_composition_v4/confirmation/f40/scenarios/single/hourly_seed_960242,fd7a00889ba3f1f157188ea8759874b239e6daf91d867aae5916e61488f73fd3,True,0.0,212.15515690863197,230,346,25159.68,near_all_batch_opt_in_counterfactual
f40,0.4,confirmation,960243,/home/user/projects/AIDRBench/results/nature_mainline/workload_composition_v4/confirmation/f40/scenarios/single/hourly_seed_960243,78461ac167d82d336e744315ae5053a8e6183fb150a1d251fa98241c38a5029b,True,0.0,212.15515690863197,230,346,25159.68,near_all_batch_opt_in_counterfactual
f40,0.4,confirmation,960244,/home/user/projects/AIDRBench/results/nature_mainline/workload_composition_v4/confirmation/f40/scenarios/single/hourly_seed_960244,96c9c710bebd4702360d2b6d99a87a385e4c8486f72963b6e7a28848940909df,True,0.0,212.15515690863197,230,346,25159.68,near_all_batch_opt_in_counterfactual
f40,0.4,confirmation,960245,/home/user/projects/AIDRBench/results/nature_mainline/workload_composition_v4/confirmation/f40/scenarios/single/hourly_seed_960245,cab6782894c4888a9cee2ab3fa4dfc0f6d3c669098ef1f966b6dd612324735eb,True,0.0,212.15515690863197,230,346,25159.68,near_all_batch_opt_in_counterfactual
f40,0.4,confirmation,960246,/home/user/projects/AIDRBench/results/nature_mainline/workload_composition_v4/confirmation/f40/scenarios/single/hourly_seed_960246,3fbba79e1319fa07ff4ae8f5dae4f97f6554eed8ca759f04616280bb0980e43d,True,0.0,212.15515690863197,230,346,25159.68,near_all_batch_opt_in_counterfactual
f40,0.4,confirmation,960247,/home/user/projects/AIDRBench/results/nature_mainline/workload_composition_v4/confirmation/f40/scenarios/single/hourly_seed_960247,ac6ddc8e756c4ff5930dda9c97c6c6fd1925694bb4b133cdaf35e8d74c67f8c1,True,0.0,212.15515690863197,230,346,25159.68,near_all_batch_opt_in_counterfactual
f40,0.4,confirmation,960248,/home/user/projects/AIDRBench/results/nature_mainline/workload_composition_v4/confirmation/f40/scenarios/single/hourly_seed_960248,57ddfbb15001078457a66c76dd46f1686d3a7257d2547bfe6570f6d9475a001e,True,0.0,212.15515690863197,230,346,25159.68,near_all_batch_opt_in_counterfactual
f40,0.4,confirmation,960249,/home/user/projects/AIDRBench/results/nature_mainline/workload_composition_v4/confirmation/f40/scenarios/single/hourly_seed_960249,563c05fb70713cc20de2c3c63f15a2574790f9543e23f22482c55c6cb95bc322,True,0.0,212.15515690863197,230,346,25159.68,near_all_batch_opt_in_counterfactual
f40,0.4,confirmation,960250,/home/user/projects/AIDRBench/results/nature_mainline/workload_composition_v4/confirmation/f40/scenarios/single/hourly_seed_960250,254155a4aec6374bb0281c93075281b0c487d370af9b9186df81e78c9919c0e8,True,0.0,212.15515690863197,230,346,25159.68,near_all_batch_opt_in_counterfactual
f40,0.4,confirmation,960251,/home/user/projects/AIDRBench/results/nature_mainline/workload_composition_v4/confirmation/f40/scenarios/single/hourly_seed_960251,c8f757a8ef707a73db137c5390365eb6e86a9ac80fedfe965f448efc928f1cae,True,0.0,212.15515690863197,230,346,25159.68,near_all_batch_opt_in_counterfactual
f40,0.4,confirmation,960252,/home/user/projects/AIDRBench/results/nature_mainline/workload_composition_v4/confirmation/f40/scenarios/single/hourly_seed_960252,0beafb41b71dba9401e48705db20d4c50d7a1252a3f0aca18b145854b80a7f65,True,0.0,212.15515690863197,230,346,25159.68,near_all_batch_opt_in_counterfactual
f40,0.4,confirmation,960253,/home/user/projects/AIDRBench/results/nature_mainline/workload_composition_v4/confirmation/f40/scenarios/single/hourly_seed_960253,9529e09b24bed5ac9ebdb3b42b29fa9f95cbba00f6ff1c17c7d5e371f74969c4,True,0.0,212.15515690863197,230,346,25159.68,near_all_batch_opt_in_counterfactual
f40,0.4,confirmation,960254,/home/user/projects/AIDRBench/results/nature_mainline/workload_composition_v4/confirmation/f40/scenarios/single/hourly_seed_960254,4211f656deb4397b6c9332ba5297bbe0c4f6c70117ea4d4e605ece5276f24064,True,0.0,212.15515690863197,230,346,25159.68,near_all_batch_opt_in_counterfactual
f40,0.4,confirmation,960255,/home/user/projects/AIDRBench/results/nature_mainline/workload_composition_v4/confirmation/f40/scenarios/single/hourly_seed_960255,a1f8f4c2ac6ec21e987755daf30040b5302cf6247276e53b914451f5d248b648,True,0.0,212.15515690863197,230,346,25159.68,near_all_batch_opt_in_counterfactual
f40,0.4,confirmation,960256,/home/user/projects/AIDRBench/results/nature_mainline/workload_composition_v4/confirmation/f40/scenarios/single/hourly_seed_960256,6f2ba8ad91a9f7b948f3e06a2da6cf8017be68773bb8f13e86d34549b752d5d8,True,0.0,212.15515690863197,230,346,25159.68,near_all_batch_opt_in_counterfactual
f40,0.4,confirmation,960257,/home/user/projects/AIDRBench/results/nature_mainline/workload_composition_v4/confirmation/f40/scenarios/single/hourly_seed_960257,78749715e85d22c6cf56e53dc7f2c9c16e98a4d36626bfcb148692054b16d0ab,True,0.0,212.15515690863197,230,346,25159.68,near_all_batch_opt_in_counterfactual
f40,0.4,confirmation,960258,/home/user/projects/AIDRBench/results/nature_mainline/workload_composition_v4/confirmation/f40/scenarios/single/hourly_seed_960258,e41e152f3ab3f73c8ad2c7351ddb904dd662c58ad9da8350ecff38c4faf4c401,True,0.0,212.15515690863197,230,346,25159.68,near_all_batch_opt_in_counterfactual
f40,0.4,confirmation,960259,/home/user/projects/AIDRBench/results/nature_mainline/workload_composition_v4/confirmation/f40/scenarios/single/hourly_seed_960259,56396dd7d92027478cbfb0b26f5df584181a9fded52351fcd9e654b2a3260481,True,0.0,212.15515690863197,230,346,25159.68,near_all_batch_opt_in_counterfactual
f40,0.4,confirmation,960260,/home/user/projects/AIDRBench/results/nature_mainline/workload_composition_v4/confirmation/f40/scenarios/single/hourly_seed_960260,fa6f0ae220d9f1e60acf07d99114d4f3b8b23f47efe68794108a6ec2099defe2,True,0.0,212.15515690863197,230,346,25159.68,near_all_batch_opt_in_counterfactual
f40,0.4,confirmation,960261,/home/user/projects/AIDRBench/results/nature_mainline/workload_composition_v4/confirmation/f40/scenarios/single/hourly_seed_960261,4b51827a0deab8225235e4ff21e7e3c4f91ad90704ede341ddfb3ff4d4e97aa3,True,0.0,212.15515690863197,230,346,25159.68,near_all_batch_opt_in_counterfactual
f40,0.4,confirmation,960262,/home/user/projects/AIDRBench/results/nature_mainline/workload_composition_v4/confirmation/f40/scenarios/single/hourly_seed_960262,29af5b8a1e07b2f5f95838a90d7770a0f19563a4eaf8853066d98b4479987c1a,True,0.0,212.15515690863197,230,346,25159.68,near_all_batch_opt_in_counterfactual
f40,0.4,confirmation,960263,/home/user/projects/AIDRBench/results/nature_mainline/workload_composition_v4/confirmation/f40/scenarios/single/hourly_seed_960263,8817deb398f515f3425d8a538754e0aa3474dacd400d79e9120a7e513cc43485,True,0.0,212.15515690863197,230,346,25159.68,near_all_batch_opt_in_counterfactual
f40,0.4,confirmation,960264,/home/user/projects/AIDRBench/results/nature_mainline/workload_composition_v4/confirmation/f40/scenarios/single/hourly_seed_960264,011bbfd7f60fe6d9f3def4fcd025d2a94157b2908c824e37c797b98aebecce3f,True,0.0,212.15515690863197,230,346,25159.68,near_all_batch_opt_in_counterfactual
f40,0.4,confirmation,960265,/home/user/projects/AIDRBench/results/nature_mainline/workload_composition_v4/confirmation/f40/scenarios/single/hourly_seed_960265,9d7fb8068020311682446ab583e242a927ffd8d555b2888d17adcd14223fd8df,True,0.0,212.15515690863197,230,346,25159.68,near_all_batch_opt_in_counterfactual
f40,0.4,confirmation,960266,/home/user/projects/AIDRBench/results/nature_mainline/workload_composition_v4/confirmation/f40/scenarios/single/hourly_seed_960266,438018447727a532b52f20b7dd549c1d6dd0bb093efffebfd090a4076ab48ea6,True,0.0,212.15515690863197,230,346,25159.68,near_all_batch_opt_in_counterfactual
f40,0.4,confirmation,960267,/home/user/projects/AIDRBench/results/nature_mainline/workload_composition_v4/confirmation/f40/scenarios/single/hourly_seed_960267,3fc19b89cbf57ac2d578c3353bdec0b34ee4d064584e3d9b9c076b7e78ef3d96,True,0.0,212.15515690863197,230,346,25159.68,near_all_batch_opt_in_counterfactual
f40,0.4,confirmation,960268,/home/user/projects/AIDRBench/results/nature_mainline/workload_composition_v4/confirmation/f40/scenarios/single/hourly_seed_960268,1b758cd8c03722dd14c58397c36e0a1651119969ee3b6fc983c42c5a660f492c,True,0.0,212.15515690863197,230,346,25159.68,near_all_batch_opt_in_counterfactual
f40,0.4,confirmation,960269,/home/user/projects/AIDRBench/results/nature_mainline/workload_composition_v4/confirmation/f40/scenarios/single/hourly_seed_960269,7050135f28633e2fb21c2cd235b10c36f7d1626457e9f7733c2a0fde135bcb83,True,0.0,212.15515690863197,230,346,25159.68,near_all_batch_opt_in_counterfactual
f40,0.4,confirmation,960270,/home/user/projects/AIDRBench/results/nature_mainline/workload_composition_v4/confirmation/f40/scenarios/single/hourly_seed_960270,17db12fa0bdf3281effed603270c0009baca2eb8116a9960319954f34020c166,True,0.0,212.15515690863197,230,346,25159.68,near_all_batch_opt_in_counterfactual
f40,0.4,confirmation,960271,/home/user/projects/AIDRBench/results/nature_mainline/workload_composition_v4/confirmation/f40/scenarios/single/hourly_seed_960271,f69c839cf3b01fcc2c6fefa0f3f3cef629b0854af794baa3a827bf1350bc604a,True,0.0,212.15515690863197,230,346,25159.68,near_all_batch_opt_in_counterfactual
f40,0.4,confirmation,960272,/home/user/projects/AIDRBench/results/nature_mainline/workload_composition_v4/confirmation/f40/scenarios/single/hourly_seed_960272,bfa2d1cac1313ac3ceb286baa6a053c86b593c6728617c23a1180b45ef937a84,True,0.0,212.15515690863197,230,346,25159.68,near_all_batch_opt_in_counterfactual
f40,0.4,confirmation,960273,/home/user/projects/AIDRBench/results/nature_mainline/workload_composition_v4/confirmation/f40/scenarios/single/hourly_seed_960273,cd7ab1181e7a5c6121a0a4397a04fbd53f322cee4ec91c2c3bf207900e5e34a9,True,0.0,212.15515690863197,230,346,25159.68,near_all_batch_opt_in_counterfactual
f40,0.4,confirmation,960274,/home/user/projects/AIDRBench/results/nature_mainline/workload_composition_v4/confirmation/f40/scenarios/single/hourly_seed_960274,2026a5fa8f62c14d28c084d099a4b927536f8c817a3eb7d7abecb8a270a41219,True,0.0,212.15515690863197,230,346,25159.68,near_all_batch_opt_in_counterfactual
f40,0.4,confirmation,960275,/home/user/projects/AIDRBench/results/nature_mainline/workload_composition_v4/confirmation/f40/scenarios/single/hourly_seed_960275,60965344411bb5fc4d04c0606aaf169d03c86cd7ef1aa518038b4e942847b33c,True,0.0,212.15515690863197,230,346,25159.68,near_all_batch_opt_in_counterfactual
f40,0.4,confirmation,960276,/home/user/projects/AIDRBench/results/nature_mainline/workload_composition_v4/confirmation/f40/scenarios/single/hourly_seed_960276,7f08a7e3aeff7d950b877d1f48f50034340cf6f4911cfc7225e4230a54a85e39,True,0.0,212.15515690863197,230,346,25159.68,near_all_batch_opt_in_counterfactual
f40,0.4,confirmation,960277,/home/user/projects/AIDRBench/results/nature_mainline/workload_composition_v4/confirmation/f40/scenarios/single/hourly_seed_960277,ff9737edd8ae8b1c0d567dd28fd17cd39babb8f5964e0900df93a0c635db4d3a,True,0.0,212.15515690863197,230,346,25159.68,near_all_batch_opt_in_counterfactual
f40,0.4,confirmation,960278,/home/user/projects/AIDRBench/results/nature_mainline/workload_composition_v4/confirmation/f40/scenarios/single/hourly_seed_960278,79aafab85c93104bec80fd0c4a8bcf2966d6795cf4d745dfa2475007187976e7,True,0.0,212.15515690863197,230,346,25159.68,near_all_batch_opt_in_counterfactual
f40,0.4,confirmation,960279,/home/user/projects/AIDRBench/results/nature_mainline/workload_composition_v4/confirmation/f40/scenarios/single/hourly_seed_960279,e3080059250cd4bf031ba46fb68c3ecc338891afb4d9b3bcb262edfe1d3560d0,True,0.0,212.15515690863197,230,346,25159.68,near_all_batch_opt_in_counterfactual
f40,0.4,confirmation,960280,/home/user/projects/AIDRBench/results/nature_mainline/workload_composition_v4/confirmation/f40/scenarios/single/hourly_seed_960280,170ad30873582df9b68540ca0c3a49a8f04560b3ed95edafbfefc896166f23d5,True,0.0,212.15515690863197,230,346,25159.68,near_all_batch_opt_in_counterfactual
f40,0.4,confirmation,960281,/home/user/projects/AIDRBench/results/nature_mainline/workload_composition_v4/confirmation/f40/scenarios/single/hourly_seed_960281,c7bd6e63546450ca362e6060105572d4f957300e565282ab3ac1ccd4ffdefa75,True,0.0,212.15515690863197,230,346,25159.68,near_all_batch_opt_in_counterfactual
f40,0.4,confirmation,960282,/home/user/projects/AIDRBench/results/nature_mainline/workload_composition_v4/confirmation/f40/scenarios/single/hourly_seed_960282,e59290041f80e5837de637b5ef64541483aed6229f00fb202dee66c6d05393a9,True,0.0,212.15515690863197,230,346,25159.68,near_all_batch_opt_in_counterfactual
f40,0.4,confirmation,960283,/home/user/projects/AIDRBench/results/nature_mainline/workload_composition_v4/confirmation/f40/scenarios/single/hourly_seed_960283,72e129d129c3214b6109f0bfa3b4afbc81ec26b06b24df83089ed35a053c1700,True,0.0,212.15515690863197,230,346,25159.68,near_all_batch_opt_in_counterfactual
f40,0.4,confirmation,960284,/home/user/projects/AIDRBench/results/nature_mainline/workload_composition_v4/confirmation/f40/scenarios/single/hourly_seed_960284,59d1828abf7788a7a759287651738ce46b7c77d2888998193d43e490cf66c9c6,True,0.0,212.15515690863197,230,346,25159.68,near_all_batch_opt_in_counterfactual
f40,0.4,confirmation,960285,/home/user/projects/AIDRBench/results/nature_mainline/workload_composition_v4/confirmation/f40/scenarios/single/hourly_seed_960285,1b0564287dd0d27f989abab6b03f4d876e79925c66a7da03d0d8bf81f335cc5f,True,0.0,212.15515690863197,230,346,25159.68,near_all_batch_opt_in_counterfactual
f40,0.4,confirmation,960286,/home/user/projects/AIDRBench/results/nature_mainline/workload_composition_v4/confirmation/f40/scenarios/single/hourly_seed_960286,ad7c6912f6ddf01189f14f88a86e2df32ec6c9a218100f0de9d2c6a9a0cb9ea6,True,0.0,212.15515690863197,230,346,25159.68,near_all_batch_opt_in_counterfactual
f40,0.4,confirmation,960287,/home/user/projects/AIDRBench/results/nature_mainline/workload_composition_v4/confirmation/f40/scenarios/single/hourly_seed_960287,7bf851f1cdfd75f113efeafa1357e8a51828d9303fa5d57db9caafeb16aafc0a,True,0.0,212.15515690863197,230,346,25159.68,near_all_batch_opt_in_counterfactual
f40,0.4,confirmation,960288,/home/user/projects/AIDRBench/results/nature_mainline/workload_composition_v4/confirmation/f40/scenarios/single/hourly_seed_960288,1325b0b244901dca756bd64129f434a868b3a0115be6434b8e13a9e34cc1c070,True,0.0,212.15515690863197,230,346,25159.68,near_all_batch_opt_in_counterfactual
f40,0.4,confirmation,960289,/home/user/projects/AIDRBench/results/nature_mainline/workload_composition_v4/confirmation/f40/scenarios/single/hourly_seed_960289,07fa64ae7f17adbe56f1e26f6a993f2380cad7fd2e0d9f7b58d18e6e90c02680,True,0.0,212.15515690863197,230,346,25159.68,near_all_batch_opt_in_counterfactual
f40,0.4,confirmation,960290,/home/user/projects/AIDRBench/results/nature_mainline/workload_composition_v4/confirmation/f40/scenarios/single/hourly_seed_960290,21e7933f7d2102117698d54b9426e85da22e3eb2d70a659ded1d264172b153c1,True,0.0,212.15515690863197,230,346,25159.68,near_all_batch_opt_in_counterfactual
f40,0.4,confirmation,960291,/home/user/projects/AIDRBench/results/nature_mainline/workload_composition_v4/confirmation/f40/scenarios/single/hourly_seed_960291,ff9e5e078d406ee8349caeb6ada7505c773a953589deaa11ec8220e43db5e0e8,True,0.0,212.15515690863197,230,346,25159.68,near_all_batch_opt_in_counterfactual
f40,0.4,confirmation,960292,/home/user/projects/AIDRBench/results/nature_mainline/workload_composition_v4/confirmation/f40/scenarios/single/hourly_seed_960292,9bd2f1963257e679d1887b540e6cc24e1a6198df07108cbf30cd7f9367cb41ef,True,0.0,212.15515690863197,230,346,25159.68,near_all_batch_opt_in_counterfactual
f40,0.4,confirmation,960293,/home/user/projects/AIDRBench/results/nature_mainline/workload_composition_v4/confirmation/f40/scenarios/single/hourly_seed_960293,fb532bd8a45c6bc72b2277d474f1f2467eadd528bd1069089b4b011d84472f7a,True,0.0,212.15515690863197,230,346,25159.68,near_all_batch_opt_in_counterfactual
f40,0.4,confirmation,960294,/home/user/projects/AIDRBench/results/nature_mainline/workload_composition_v4/confirmation/f40/scenarios/single/hourly_seed_960294,8827cd4a79a4ddcfbe0615582eba90beb3db34a5020ea86d5f7a5b884d63e061,True,0.0,212.15515690863197,230,346,25159.68,near_all_batch_opt_in_counterfactual
f40,0.4,confirmation,960295,/home/user/projects/AIDRBench/results/nature_mainline/workload_composition_v4/confirmation/f40/scenarios/single/hourly_seed_960295,960c73cba3750099d0333c3dd9a4dc2ceba6325f173afc33cef6a27de535010d,True,0.0,212.15515690863197,230,346,25159.68,near_all_batch_opt_in_counterfactual
f40,0.4,confirmation,960296,/home/user/projects/AIDRBench/results/nature_mainline/workload_composition_v4/confirmation/f40/scenarios/single/hourly_seed_960296,e652995ea10ccaab98c599019e4c3a07f29b15611507ce6d8682386f42406191,True,0.0,212.15515690863197,230,346,25159.68,near_all_batch_opt_in_counterfactual
f40,0.4,confirmation,960297,/home/user/projects/AIDRBench/results/nature_mainline/workload_composition_v4/confirmation/f40/scenarios/single/hourly_seed_960297,636769e3fdf733d556c8fcd421b7b1fb7b0ed4be83522bef20d1f08f2ba79214,True,0.0,212.15515690863197,230,346,25159.68,near_all_batch_opt_in_counterfactual
f40,0.4,confirmation,960298,/home/user/projects/AIDRBench/results/nature_mainline/workload_composition_v4/confirmation/f40/scenarios/single/hourly_seed_960298,0428c4e7ac156f1d8a1a6a7932d5119957940b1dd3c508876125838881741b8a,True,0.0,212.15515690863197,230,346,25159.68,near_all_batch_opt_in_counterfactual
f40,0.4,confirmation,960299,/home/user/projects/AIDRBench/results/nature_mainline/workload_composition_v4/confirmation/f40/scenarios/single/hourly_seed_960299,27b4de81e2ad9df71b1e0248bf6b077351374d10ffea30cbc3981993e5517a92,True,0.0,212.15515690863197,230,346,25159.68,near_all_batch_opt_in_counterfactual
f60,0.6,confirmation,960000,/home/user/projects/AIDRBench/results/nature_mainline/workload_composition_v4/confirmation/f60/scenarios/single/hourly_seed_960000,9169976ac7132d882d6fc4067d124dc731040988b50a742715d9d8f67109fc8b,True,0.0,226.16616044220174,346,230,37739.52,batch_enriched_composition_counterfactual
f60,0.6,confirmation,960001,/home/user/projects/AIDRBench/results/nature_mainline/workload_composition_v4/confirmation/f60/scenarios/single/hourly_seed_960001,2beae8e4ef14a1585695833ce41a4d3619c721083d6d251655488020ec35b1d8,True,0.0,226.16616044220174,346,230,37739.52,batch_enriched_composition_counterfactual
f60,0.6,confirmation,960002,/home/user/projects/AIDRBench/results/nature_mainline/workload_composition_v4/confirmation/f60/scenarios/single/hourly_seed_960002,47d1c0aa37be5063778e3ce92a7a00bc90ecf29237a62b63d2e04674bb5b5af6,True,0.0,226.16616044220174,346,230,37739.52,batch_enriched_composition_counterfactual
f60,0.6,confirmation,960003,/home/user/projects/AIDRBench/results/nature_mainline/workload_composition_v4/confirmation/f60/scenarios/single/hourly_seed_960003,28993e712900a7614b49839aac548311c58a2a39e4d7ff3521a3a0474456c804,True,0.0,226.16616044220174,346,230,37739.52,batch_enriched_composition_counterfactual
f60,0.6,confirmation,960004,/home/user/projects/AIDRBench/results/nature_mainline/workload_composition_v4/confirmation/f60/scenarios/single/hourly_seed_960004,b86d8ccca6b55791d647748a93d0e4e9533a30e55166b1ca6aac1992cd89b114,True,0.0,226.16616044220174,346,230,37739.52,batch_enriched_composition_counterfactual
f60,0.6,confirmation,960005,/home/user/projects/AIDRBench/results/nature_mainline/workload_composition_v4/confirmation/f60/scenarios/single/hourly_seed_960005,de0f258c4a1eb63c36e1fc0cecf95f54d29f9ac0fa461a5a044ad3d2c50b764a,True,0.0,226.16616044220174,346,230,37739.52,batch_enriched_composition_counterfactual
f60,0.6,confirmation,960006,/home/user/projects/AIDRBench/results/nature_mainline/workload_composition_v4/confirmation/f60/scenarios/single/hourly_seed_960006,9790e0ff359a6e1963d6f9d5d1bbae4f103e9100483af8d154b85541ec842d13,True,0.0,226.16616044220174,346,230,37739.52,batch_enriched_composition_counterfactual
f60,0.6,confirmation,960007,/home/user/projects/AIDRBench/results/nature_mainline/workload_composition_v4/confirmation/f60/scenarios/single/hourly_seed_960007,dc41fe2d580b465284a49b0a92b97a1cb4264b8866254e8b0ef61aef5bb50d63,True,0.0,226.16616044220174,346,230,37739.52,batch_enriched_composition_counterfactual
f60,0.6,confirmation,960008,/home/user/projects/AIDRBench/results/nature_mainline/workload_composition_v4/confirmation/f60/scenarios/single/hourly_seed_960008,72a98dd2d94c1c86b4f792c5d0ad961a17830b2403c14ba995a45eff626e8008,True,0.0,226.16616044220174,346,230,37739.52,batch_enriched_composition_counterfactual
f60,0.6,confirmation,960009,/home/user/projects/AIDRBench/results/nature_mainline/workload_composition_v4/confirmation/f60/scenarios/single/hourly_seed_960009,51e85295797a5af21d81d457cf1ddff9d8e93349c3ff84c9fccb4d98fb09b581,True,0.0,226.16616044220174,346,230,37739.52,batch_enriched_composition_counterfactual
f60,0.6,confirmation,960010,/home/user/projects/AIDRBench/results/nature_mainline/workload_composition_v4/confirmation/f60/scenarios/single/hourly_seed_960010,8b468be2ac6e30ef7f9b23f7a5008a286f6f650c061f34bd16d48081b0e8b567,True,0.0,226.16616044220174,346,230,37739.52,batch_enriched_composition_counterfactual
f60,0.6,confirmation,960011,/home/user/projects/AIDRBench/results/nature_mainline/workload_composition_v4/confirmation/f60/scenarios/single/hourly_seed_960011,85f1e0db3b215bdb7582b373fc6dc6218a536f406aa3a5840db5c9d759f9770e,True,0.0,226.16616044220174,346,230,37739.52,batch_enriched_composition_counterfactual
f60,0.6,confirmation,960012,/home/user/projects/AIDRBench/results/nature_mainline/workload_composition_v4/confirmation/f60/scenarios/single/hourly_seed_960012,d3fd4c6a053593c93fb84440c9658e9108a83988f34f387f975fbccfc70f2159,True,0.0,226.16616044220174,346,230,37739.52,batch_enriched_composition_counterfactual
f60,0.6,confirmation,960013,/home/user/projects/AIDRBench/results/nature_mainline/workload_composition_v4/confirmation/f60/scenarios/single/hourly_seed_960013,2900101a548a6c3608989e372634cea957f7b6c460a5480041ed6cd169744d9a,True,0.0,226.16616044220174,346,230,37739.52,batch_enriched_composition_counterfactual
f60,0.6,confirmation,960014,/home/user/projects/AIDRBench/results/nature_mainline/workload_composition_v4/confirmation/f60/scenarios/single/hourly_seed_960014,b184ae86c5788ef9a44e4ef30d234b8ade4973afb19fd42ef66a14cc127e0bd2,True,0.0,226.16616044220174,346,230,37739.52,batch_enriched_composition_counterfactual
f60,0.6,confirmation,960015,/home/user/projects/AIDRBench/results/nature_mainline/workload_composition_v4/confirmation/f60/scenarios/single/hourly_seed_960015,37243cb419fff4b8ae217542cf8aea2a5c528fcf51fef09b6d3498be5871d69c,True,0.0,226.16616044220174,346,230,37739.52,batch_enriched_composition_counterfactual
f60,0.6,confirmation,960016,/home/user/projects/AIDRBench/results/nature_mainline/workload_composition_v4/confirmation/f60/scenarios/single/hourly_seed_960016,9dbf67ec8b0a748f3939051755e67443dc6c65c40d4c3a5427bdf638593db5c4,True,0.0,226.16616044220174,346,230,37739.52,batch_enriched_composition_counterfactual
f60,0.6,confirmation,960017,/home/user/projects/AIDRBench/results/nature_mainline/workload_composition_v4/confirmation/f60/scenarios/single/hourly_seed_960017,05f9fccce00f1986f99cc4af3eba046fe4a000898e70b2eb975eb3d17f49d72b,True,0.0,226.16616044220174,346,230,37739.52,batch_enriched_composition_counterfactual
f60,0.6,confirmation,960018,/home/user/projects/AIDRBench/results/nature_mainline/workload_composition_v4/confirmation/f60/scenarios/single/hourly_seed_960018,2d977bbba21bd20e2f8aa2c1c83c9c7a231f21e7363ce13be95f40c7159b590d,True,0.0,226.16616044220174,346,230,37739.52,batch_enriched_composition_counterfactual
f60,0.6,confirmation,960019,/home/user/projects/AIDRBench/results/nature_mainline/workload_composition_v4/confirmation/f60/scenarios/single/hourly_seed_960019,8cbf1177fc9a9fda5d54543f734ebc49f36ac2a5b86b0e7fa8dd2f32a9a65430,True,0.0,226.16616044220174,346,230,37739.52,batch_enriched_composition_counterfactual
f60,0.6,confirmation,960020,/home/user/projects/AIDRBench/results/nature_mainline/workload_composition_v4/confirmation/f60/scenarios/single/hourly_seed_960020,2a05e4ec5e5365717741535cde8768355a688b621eed4ca895d586b1ab9072e7,True,0.0,226.16616044220174,346,230,37739.52,batch_enriched_composition_counterfactual
f60,0.6,confirmation,960021,/home/user/projects/AIDRBench/results/nature_mainline/workload_composition_v4/confirmation/f60/scenarios/single/hourly_seed_960021,82dee93889f1a07a069c7af29ae2022c323c65030be4ec7a4ac91fc4c6e00e28,True,0.0,226.16616044220174,346,230,37739.52,batch_enriched_composition_counterfactual
f60,0.6,confirmation,960022,/home/user/projects/AIDRBench/results/nature_mainline/workload_composition_v4/confirmation/f60/scenarios/single/hourly_seed_960022,39884494a95a63562fe84b2f285649c21f1b1050afb146f590ddcd4e3625bb00,True,0.0,226.16616044220174,346,230,37739.52,batch_enriched_composition_counterfactual
f60,0.6,confirmation,960023,/home/user/projects/AIDRBench/results/nature_mainline/workload_composition_v4/confirmation/f60/scenarios/single/hourly_seed_960023,e8c315ba060f8279f05c85dfe1ec889e82e5f6a5050d91040836580044e10b4b,True,0.0,226.16616044220174,346,230,37739.52,batch_enriched_composition_counterfactual
f60,0.6,confirmation,960024,/home/user/projects/AIDRBench/results/nature_mainline/workload_composition_v4/confirmation/f60/scenarios/single/hourly_seed_960024,d548315f0b55d8fe2e640fd5a94d1c96e1352269a85cf1b9e8dee18fed505a07,True,0.0,226.16616044220174,346,230,37739.52,batch_enriched_composition_counterfactual
f60,0.6,confirmation,960025,/home/user/projects/AIDRBench/results/nature_mainline/workload_composition_v4/confirmation/f60/scenarios/single/hourly_seed_960025,c7f75efb54bd1a701bc9cc5b6e366dff9d0e6478a1966b22a03bbf472865a249,True,0.0,226.16616044220174,346,230,37739.52,batch_enriched_composition_counterfactual
f60,0.6,confirmation,960026,/home/user/projects/AIDRBench/results/nature_mainline/workload_composition_v4/confirmation/f60/scenarios/single/hourly_seed_960026,37e98feba7053b48815d05b4eeea404346be87f3b59b6ee0f78092474903ad5c,True,0.0,226.16616044220174,346,230,37739.52,batch_enriched_composition_counterfactual
f60,0.6,confirmation,960027,/home/user/projects/AIDRBench/results/nature_mainline/workload_composition_v4/confirmation/f60/scenarios/single/hourly_seed_960027,d6df87c4127df4e69aea782d204533007b77294a1a622dad4bf8c7470773d08f,True,0.0,226.16616044220174,346,230,37739.52,batch_enriched_composition_counterfactual
f60,0.6,confirmation,960028,/home/user/projects/AIDRBench/results/nature_mainline/workload_composition_v4/confirmation/f60/scenarios/single/hourly_seed_960028,2734f7a79f03a20e5821833ca03c3650c2e225764eecf71b3edd349290d5d5bb,True,0.0,226.16616044220174,346,230,37739.52,batch_enriched_composition_counterfactual
f60,0.6,confirmation,960029,/home/user/projects/AIDRBench/results/nature_mainline/workload_composition_v4/confirmation/f60/scenarios/single/hourly_seed_960029,28d3d423dcf17a57f9b982ce5955467aa6021a429a5b9d21bd1e7cccdc65021b,True,0.0,226.16616044220174,346,230,37739.52,batch_enriched_composition_counterfactual
f60,0.6,confirmation,960030,/home/user/projects/AIDRBench/results/nature_mainline/workload_composition_v4/confirmation/f60/scenarios/single/hourly_seed_960030,dfd41e036976db5a6bb8ed764ad129b479cb8064227b49f3960ed8c82389369b,True,0.0,226.16616044220174,346,230,37739.52,batch_enriched_composition_counterfactual
f60,0.6,confirmation,960031,/home/user/projects/AIDRBench/results/nature_mainline/workload_composition_v4/confirmation/f60/scenarios/single/hourly_seed_960031,d0c13b5f534858613f45ffa41c5a6e4626d1e3f75e8c4cb7237756d11e6c995d,True,0.0,226.16616044220174,346,230,37739.52,batch_enriched_composition_counterfactual
f60,0.6,confirmation,960032,/home/user/projects/AIDRBench/results/nature_mainline/workload_composition_v4/confirmation/f60/scenarios/single/hourly_seed_960032,6186643613a25d441e753dec4b7f2c25cabf784bf0d86dc4b427c9324c6521e8,True,0.0,226.16616044220174,346,230,37739.52,batch_enriched_composition_counterfactual
f60,0.6,confirmation,960033,/home/user/projects/AIDRBench/results/nature_mainline/workload_composition_v4/confirmation/f60/scenarios/single/hourly_seed_960033,8e1324977ca4ce170c27b51ea4fc34c982d4f59075b56b0be05ef84523249c72,True,0.0,226.16616044220174,346,230,37739.52,batch_enriched_composition_counterfactual
f60,0.6,confirmation,960034,/home/user/projects/AIDRBench/results/nature_mainline/workload_composition_v4/confirmation/f60/scenarios/single/hourly_seed_960034,2992bffad474e4c5d9181ff39a4982c5e8270f574fbad54fda3805982ab15713,True,0.0,226.16616044220174,346,230,37739.52,batch_enriched_composition_counterfactual
f60,0.6,confirmation,960035,/home/user/projects/AIDRBench/results/nature_mainline/workload_composition_v4/confirmation/f60/scenarios/single/hourly_seed_960035,920df26a980937b6ac2a3903ae034ddc95f9384452c50d58b593dd865f951ae8,True,0.0,226.16616044220174,346,230,37739.52,batch_enriched_composition_counterfactual
f60,0.6,confirmation,960036,/home/user/projects/AIDRBench/results/nature_mainline/workload_composition_v4/confirmation/f60/scenarios/single/hourly_seed_960036,8da199e72891133ae3049adecf392fc2a9c5a29db862b098035d3a343c541903,True,0.0,226.16616044220174,346,230,37739.52,batch_enriched_composition_counterfactual
f60,0.6,confirmation,960037,/home/user/projects/AIDRBench/results/nature_mainline/workload_composition_v4/confirmation/f60/scenarios/single/hourly_seed_960037,3779516631f01107ac746023f01670ee8ac18f083fc0b70f43efb8181265a295,True,0.0,226.16616044220174,346,230,37739.52,batch_enriched_composition_counterfactual
f60,0.6,confirmation,960038,/home/user/projects/AIDRBench/results/nature_mainline/workload_composition_v4/confirmation/f60/scenarios/single/hourly_seed_960038,8574da4959ba7aa08a2ae2c319f6382a565729fd69216d1bceb17a156c158360,True,0.0,226.16616044220174,346,230,37739.52,batch_enriched_composition_counterfactual
f60,0.6,confirmation,960039,/home/user/projects/AIDRBench/results/nature_mainline/workload_composition_v4/confirmation/f60/scenarios/single/hourly_seed_960039,b9f01c89dc49017fc878481cc2036a9e254165e7cea33f837cbb71f36be9c0c5,True,0.0,226.16616044220174,346,230,37739.52,batch_enriched_composition_counterfactual
f60,0.6,confirmation,960040,/home/user/projects/AIDRBench/results/nature_mainline/workload_composition_v4/confirmation/f60/scenarios/single/hourly_seed_960040,24adf5e26b0a3c919091173b24f0cd4b046bdad3a15c903e301a48d26b89a0e7,True,0.0,226.16616044220174,346,230,37739.52,batch_enriched_composition_counterfactual
f60,0.6,confirmation,960041,/home/user/projects/AIDRBench/results/nature_mainline/workload_composition_v4/confirmation/f60/scenarios/single/hourly_seed_960041,c6855edd18edf92af0fc43523f9643b13e8b4f84d940a7d4e6c975fe397b1f50,True,0.0,226.16616044220174,346,230,37739.52,batch_enriched_composition_counterfactual
f60,0.6,confirmation,960042,/home/user/projects/AIDRBench/results/nature_mainline/workload_composition_v4/confirmation/f60/scenarios/single/hourly_seed_960042,7dd73263f117c6e165127c73aeefbb478e2958152c2684ffc6b941bf57126c59,True,0.0,226.16616044220174,346,230,37739.52,batch_enriched_composition_counterfactual
f60,0.6,confirmation,960043,/home/user/projects/AIDRBench/results/nature_mainline/workload_composition_v4/confirmation/f60/scenarios/single/hourly_seed_960043,49f7c324db94b8f5ac2668ae82a3d5e540c39ddfc2b78547e2b09a67bf83838c,True,0.0,226.16616044220174,346,230,37739.52,batch_enriched_composition_counterfactual
f60,0.6,confirmation,960044,/home/user/projects/AIDRBench/results/nature_mainline/workload_composition_v4/confirmation/f60/scenarios/single/hourly_seed_960044,ca15fff393ae3813f882c8362a03f1dbc86876f98d96c4eb85ea1a237fd7b2d3,True,0.0,226.16616044220174,346,230,37739.52,batch_enriched_composition_counterfactual
f60,0.6,confirmation,960045,/home/user/projects/AIDRBench/results/nature_mainline/workload_composition_v4/confirmation/f60/scenarios/single/hourly_seed_960045,47c3e7fc82186833bfbf1642b31a3c9ee9dc330dd72dbb7ed623a1ba3257e128,True,0.0,226.16616044220174,346,230,37739.52,batch_enriched_composition_counterfactual
f60,0.6,confirmation,960046,/home/user/projects/AIDRBench/results/nature_mainline/workload_composition_v4/confirmation/f60/scenarios/single/hourly_seed_960046,44fc551b16b61f7f311265fb44fc18e07caaf840fa2740b07c1b32f6614c6f06,True,0.0,226.16616044220174,346,230,37739.52,batch_enriched_composition_counterfactual
f60,0.6,confirmation,960047,/home/user/projects/AIDRBench/results/nature_mainline/workload_composition_v4/confirmation/f60/scenarios/single/hourly_seed_960047,f22a7f8f658a5113a194fd160eee709af9229235e12f32b905c9510062332d36,True,0.0,226.16616044220174,346,230,37739.52,batch_enriched_composition_counterfactual
f60,0.6,confirmation,960048,/home/user/projects/AIDRBench/results/nature_mainline/workload_composition_v4/confirmation/f60/scenarios/single/hourly_seed_960048,58c2fcf7e7e023b74885b38bc520d1d540731d9a1e330052444477779f68c8b8,True,0.0,226.16616044220174,346,230,37739.52,batch_enriched_composition_counterfactual
f60,0.6,confirmation,960049,/home/user/projects/AIDRBench/results/nature_mainline/workload_composition_v4/confirmation/f60/scenarios/single/hourly_seed_960049,9fc637321f9d49d858b58a848160c898d9d841421a8affe24db768b1fa7fff5a,True,0.0,226.16616044220174,346,230,37739.52,batch_enriched_composition_counterfactual
f60,0.6,confirmation,960050,/home/user/projects/AIDRBench/results/nature_mainline/workload_composition_v4/confirmation/f60/scenarios/single/hourly_seed_960050,fb7ada8cdd625b9ec84cc4d22e4c30540526ecabe8d54952fe9d9dbaa3486161,True,0.0,226.16616044220174,346,230,37739.52,batch_enriched_composition_counterfactual
f60,0.6,confirmation,960051,/home/user/projects/AIDRBench/results/nature_mainline/workload_composition_v4/confirmation/f60/scenarios/single/hourly_seed_960051,82bea2947ac3a8b131ad92a0c00c33731e0e1912bf52d355530e42a67c100f57,True,0.0,226.16616044220174,346,230,37739.52,batch_enriched_composition_counterfactual
f60,0.6,confirmation,960052,/home/user/projects/AIDRBench/results/nature_mainline/workload_composition_v4/confirmation/f60/scenarios/single/hourly_seed_960052,188d4333826c94ee37607d00e0db7fe5050e30c54b5af0974c4c500eac430f89,True,0.0,226.16616044220174,346,230,37739.52,batch_enriched_composition_counterfactual
f60,0.6,confirmation,960053,/home/user/projects/AIDRBench/results/nature_mainline/workload_composition_v4/confirmation/f60/scenarios/single/hourly_seed_960053,7a69ac8ca126b5093af57ccb871086cc252a99cee1c2972dc08d1b67c3115245,True,0.0,226.16616044220174,346,230,37739.52,batch_enriched_composition_counterfactual
f60,0.6,confirmation,960054,/home/user/projects/AIDRBench/results/nature_mainline/workload_composition_v4/confirmation/f60/scenarios/single/hourly_seed_960054,8cacc4f5bdaea5e173f921b7b5e6d420140c48ae1c8624f8603dcdab9e50a77c,True,0.0,226.16616044220174,346,230,37739.52,batch_enriched_composition_counterfactual
f60,0.6,confirmation,960055,/home/user/projects/AIDRBench/results/nature_mainline/workload_composition_v4/confirmation/f60/scenarios/single/hourly_seed_960055,a6887734744bceac3279f1e232d902ee1a1a61b660fbbf14fe1e1f7722f532ce,True,0.0,226.16616044220174,346,230,37739.52,batch_enriched_composition_counterfactual
f60,0.6,confirmation,960056,/home/user/projects/AIDRBench/results/nature_mainline/workload_composition_v4/confirmation/f60/scenarios/single/hourly_seed_960056,8216b6ef594a286529d7b5fff6894205765d44e7f1b7016b852a7a79fbb028b4,True,0.0,226.16616044220174,346,230,37739.52,batch_enriched_composition_counterfactual
f60,0.6,confirmation,960057,/home/user/projects/AIDRBench/results/nature_mainline/workload_composition_v4/confirmation/f60/scenarios/single/hourly_seed_960057,6426ae8e297aa6464fcd6105ccbc34e1d2863ab37a4fdff891830276351da73f,True,0.0,226.16616044220174,346,230,37739.52,batch_enriched_composition_counterfactual
f60,0.6,confirmation,960058,/home/user/projects/AIDRBench/results/nature_mainline/workload_composition_v4/confirmation/f60/scenarios/single/hourly_seed_960058,edc81ad45956bb1af340622b52e52417512ac6a73e394361204c927d403d4ab3,True,0.0,226.16616044220174,346,230,37739.52,batch_enriched_composition_counterfactual
f60,0.6,confirmation,960059,/home/user/projects/AIDRBench/results/nature_mainline/workload_composition_v4/confirmation/f60/scenarios/single/hourly_seed_960059,a0016d4d3f6edb71dc199efc9635b5ae21ccae162fa3201d10ba7968232d63e1,True,0.0,226.16616044220174,346,230,37739.52,batch_enriched_composition_counterfactual
f60,0.6,confirmation,960060,/home/user/projects/AIDRBench/results/nature_mainline/workload_composition_v4/confirmation/f60/scenarios/single/hourly_seed_960060,8e0ba1efc0b44707b81814f50246ed97dd74a7be9059ad0c031e874eefa2d603,True,0.0,226.16616044220174,346,230,37739.52,batch_enriched_composition_counterfactual
f60,0.6,confirmation,960061,/home/user/projects/AIDRBench/results/nature_mainline/workload_composition_v4/confirmation/f60/scenarios/single/hourly_seed_960061,de66a1af50ec5923a15693f1dc0e35aa62d07bf2bcba9c3732e72db2c14614e8,True,0.0,226.16616044220174,346,230,37739.52,batch_enriched_composition_counterfactual
f60,0.6,confirmation,960062,/home/user/projects/AIDRBench/results/nature_mainline/workload_composition_v4/confirmation/f60/scenarios/single/hourly_seed_960062,8a7f39eea3e666a12518a2def7c0d63d3783d8d445bf8006fc4ab988e932f3f7,True,0.0,226.16616044220174,346,230,37739.52,batch_enriched_composition_counterfactual
f60,0.6,confirmation,960063,/home/user/projects/AIDRBench/results/nature_mainline/workload_composition_v4/confirmation/f60/scenarios/single/hourly_seed_960063,285fa7e84dc5b93dd58ef6e888efaf7421413c0414086a6a544db5ee916aa0b0,True,0.0,226.16616044220174,346,230,37739.52,batch_enriched_composition_counterfactual
f60,0.6,confirmation,960064,/home/user/projects/AIDRBench/results/nature_mainline/workload_composition_v4/confirmation/f60/scenarios/single/hourly_seed_960064,fd2ffdf0e3689fb54a7d5bfc7a340a53a75b68852df36a80a6292332f4962e02,True,0.0,226.16616044220174,346,230,37739.52,batch_enriched_composition_counterfactual
f60,0.6,confirmation,960065,/home/user/projects/AIDRBench/results/nature_mainline/workload_composition_v4/confirmation/f60/scenarios/single/hourly_seed_960065,b313e875bff9e3aea1a5df3d67c302bbe154615c21452db2b0d03c546f2bd57d,True,0.0,226.16616044220174,346,230,37739.52,batch_enriched_composition_counterfactual
f60,0.6,confirmation,960066,/home/user/projects/AIDRBench/results/nature_mainline/workload_composition_v4/confirmation/f60/scenarios/single/hourly_seed_960066,e4bd02c8292f69ce8055a1f2b323c3e84e838fc7716bc977dd403bf64f79f735,True,0.0,226.16616044220174,346,230,37739.52,batch_enriched_composition_counterfactual
f60,0.6,confirmation,960067,/home/user/projects/AIDRBench/results/nature_mainline/workload_composition_v4/confirmation/f60/scenarios/single/hourly_seed_960067,3a3eeaa83d084637c23c66b0d22e7ed339ef23d3820791e06ac0ca33dbd0cbae,True,0.0,226.16616044220174,346,230,37739.52,batch_enriched_composition_counterfactual
f60,0.6,confirmation,960068,/home/user/projects/AIDRBench/results/nature_mainline/workload_composition_v4/confirmation/f60/scenarios/single/hourly_seed_960068,f9ca0d43e53b47e31d8f48090d1ae4c8883184e42e4ce9e8e0e5fcc23cc5bc33,True,0.0,226.16616044220174,346,230,37739.52,batch_enriched_composition_counterfactual
f60,0.6,confirmation,960069,/home/user/projects/AIDRBench/results/nature_mainline/workload_composition_v4/confirmation/f60/scenarios/single/hourly_seed_960069,195e65905137a02be994fa5e1b2282abf8067613ccd2de6a4105aea20fde2ee0,True,0.0,226.16616044220174,346,230,37739.52,batch_enriched_composition_counterfactual
f60,0.6,confirmation,960070,/home/user/projects/AIDRBench/results/nature_mainline/workload_composition_v4/confirmation/f60/scenarios/single/hourly_seed_960070,95fc54db9ac489ae3694d7cb93203e256f978ddea6e008d4693fa10d097d358e,True,0.0,226.16616044220174,346,230,37739.52,batch_enriched_composition_counterfactual
f60,0.6,confirmation,960071,/home/user/projects/AIDRBench/results/nature_mainline/workload_composition_v4/confirmation/f60/scenarios/single/hourly_seed_960071,fb8501f342826ce31d36f69947ec7048265d697b091cf5e85e8259a0e37bd6c9,True,0.0,226.16616044220174,346,230,37739.52,batch_enriched_composition_counterfactual
f60,0.6,confirmation,960072,/home/user/projects/AIDRBench/results/nature_mainline/workload_composition_v4/confirmation/f60/scenarios/single/hourly_seed_960072,7bf04d3f5e4a68e3046827dd566960f3fa2143aaaab2f3dfa63c89e713a288c8,True,0.0,226.16616044220174,346,230,37739.52,batch_enriched_composition_counterfactual
f60,0.6,confirmation,960073,/home/user/projects/AIDRBench/results/nature_mainline/workload_composition_v4/confirmation/f60/scenarios/single/hourly_seed_960073,60796212845bff47208e46d871cfcce120884dd43bf6d3dc7fd6091bab512fac,True,0.0,226.16616044220174,346,230,37739.52,batch_enriched_composition_counterfactual
f60,0.6,confirmation,960074,/home/user/projects/AIDRBench/results/nature_mainline/workload_composition_v4/confirmation/f60/scenarios/single/hourly_seed_960074,bfa8ea2683fd05997fd8de98c45f190f5c28f663002598f85ea67b14382ce948,True,0.0,226.16616044220174,346,230,37739.52,batch_enriched_composition_counterfactual
f60,0.6,confirmation,960075,/home/user/projects/AIDRBench/results/nature_mainline/workload_composition_v4/confirmation/f60/scenarios/single/hourly_seed_960075,9ecc44734b7e4bc404c989bed7f0b68b7be54ecb672caff504e7e146a7fe0039,True,0.0,226.16616044220174,346,230,37739.52,batch_enriched_composition_counterfactual
f60,0.6,confirmation,960076,/home/user/projects/AIDRBench/results/nature_mainline/workload_composition_v4/confirmation/f60/scenarios/single/hourly_seed_960076,9a0c357068b06d002c614dc1e5acc69abb5fa9a60907c456ef4535fb820f5a20,True,0.0,226.16616044220174,346,230,37739.52,batch_enriched_composition_counterfactual
f60,0.6,confirmation,960077,/home/user/projects/AIDRBench/results/nature_mainline/workload_composition_v4/confirmation/f60/scenarios/single/hourly_seed_960077,f92a847a95c88a9faf1286a2d6ca61259c00229f79de50d1afb91d5be5abf7b4,True,0.0,226.16616044220174,346,230,37739.52,batch_enriched_composition_counterfactual
f60,0.6,confirmation,960078,/home/user/projects/AIDRBench/results/nature_mainline/workload_composition_v4/confirmation/f60/scenarios/single/hourly_seed_960078,7d05af773c04207e544e676218a7de0277aedf98c1a49645c4a12a216c28d0da,True,0.0,226.16616044220174,346,230,37739.52,batch_enriched_composition_counterfactual
f60,0.6,confirmation,960079,/home/user/projects/AIDRBench/results/nature_mainline/workload_composition_v4/confirmation/f60/scenarios/single/hourly_seed_960079,49cfb9faf134cc05b19b5c81389161d39ddf0ccc4ac3c2b1eb8c96b5f9b89749,True,0.0,226.16616044220174,346,230,37739.52,batch_enriched_composition_counterfactual
f60,0.6,confirmation,960080,/home/user/projects/AIDRBench/results/nature_mainline/workload_composition_v4/confirmation/f60/scenarios/single/hourly_seed_960080,5141a6cabbb486550a33ecbf27b52c7e7eb7cd81d0a045b1cf30fcf2e93e9a8b,True,0.0,226.16616044220174,346,230,37739.52,batch_enriched_composition_counterfactual
f60,0.6,confirmation,960081,/home/user/projects/AIDRBench/results/nature_mainline/workload_composition_v4/confirmation/f60/scenarios/single/hourly_seed_960081,bf8f4ca6146d8be08698dabd50eebe512081f696693a7c146d565cf850b5ada3,True,0.0,226.16616044220174,346,230,37739.52,batch_enriched_composition_counterfactual
f60,0.6,confirmation,960082,/home/user/projects/AIDRBench/results/nature_mainline/workload_composition_v4/confirmation/f60/scenarios/single/hourly_seed_960082,a026cf45853270bf28adab32c71b8927d23a15a85698404f0023c5a929c5c274,True,0.0,226.16616044220174,346,230,37739.52,batch_enriched_composition_counterfactual
f60,0.6,confirmation,960083,/home/user/projects/AIDRBench/results/nature_mainline/workload_composition_v4/confirmation/f60/scenarios/single/hourly_seed_960083,3642f04980a65ac423b9e644ecf514d16b984372846c082178ce61cbd56cf341,True,0.0,226.16616044220174,346,230,37739.52,batch_enriched_composition_counterfactual
f60,0.6,confirmation,960084,/home/user/projects/AIDRBench/results/nature_mainline/workload_composition_v4/confirmation/f60/scenarios/single/hourly_seed_960084,1890669d263778f23284e4e93419abf68fe8813282cae176377b1978ec368b2c,True,0.0,226.16616044220174,346,230,37739.52,batch_enriched_composition_counterfactual
f60,0.6,confirmation,960085,/home/user/projects/AIDRBench/results/nature_mainline/workload_composition_v4/confirmation/f60/scenarios/single/hourly_seed_960085,81773067b5317116732d596911b5c94d1a84c9bcdf2365133fe2f8d20adbb807,True,0.0,226.16616044220174,346,230,37739.52,batch_enriched_composition_counterfactual
f60,0.6,confirmation,960086,/home/user/projects/AIDRBench/results/nature_mainline/workload_composition_v4/confirmation/f60/scenarios/single/hourly_seed_960086,c60c0918d37b19bf6a3a4493f4071d8a86b321b67830650f664919a8ba0effa2,True,0.0,226.16616044220174,346,230,37739.52,batch_enriched_composition_counterfactual
f60,0.6,confirmation,960087,/home/user/projects/AIDRBench/results/nature_mainline/workload_composition_v4/confirmation/f60/scenarios/single/hourly_seed_960087,330f20785cbe3cae0b84c8c52cc6751b295ea5f1ad5d0e66a5d4a265ba959050,True,0.0,226.16616044220174,346,230,37739.52,batch_enriched_composition_counterfactual
f60,0.6,confirmation,960088,/home/user/projects/AIDRBench/results/nature_mainline/workload_composition_v4/confirmation/f60/scenarios/single/hourly_seed_960088,ac551d6127a9bab27e9046686c419ae920182356d90881e8430bc0a9f80aa25f,True,0.0,226.16616044220174,346,230,37739.52,batch_enriched_composition_counterfactual
f60,0.6,confirmation,960089,/home/user/projects/AIDRBench/results/nature_mainline/workload_composition_v4/confirmation/f60/scenarios/single/hourly_seed_960089,8c18bc9737a9265a9eba183346ed7cb357eabecefc4eab63421f06cf2a91b09b,True,0.0,226.16616044220174,346,230,37739.52,batch_enriched_composition_counterfactual
f60,0.6,confirmation,960090,/home/user/projects/AIDRBench/results/nature_mainline/workload_composition_v4/confirmation/f60/scenarios/single/hourly_seed_960090,e32e309257366a40df1b2de8a6a242b3d9eb049b22638519c9086be70b347e67,True,0.0,226.16616044220174,346,230,37739.52,batch_enriched_composition_counterfactual
f60,0.6,confirmation,960091,/home/user/projects/AIDRBench/results/nature_mainline/workload_composition_v4/confirmation/f60/scenarios/single/hourly_seed_960091,4beac7a88141d5b5138678c59b8d642e3cd357995965feacb7163d657c173f0a,True,0.0,226.16616044220174,346,230,37739.52,batch_enriched_composition_counterfactual
f60,0.6,confirmation,960092,/home/user/projects/AIDRBench/results/nature_mainline/workload_composition_v4/confirmation/f60/scenarios/single/hourly_seed_960092,7e43a101f2b6a18673220fe9597aec71cf145edb94140a0ac2310ef546bc66c4,True,0.0,226.16616044220174,346,230,37739.52,batch_enriched_composition_counterfactual
f60,0.6,confirmation,960093,/home/user/projects/AIDRBench/results/nature_mainline/workload_composition_v4/confirmation/f60/scenarios/single/hourly_seed_960093,3ad659f52233d71a6789a22109f4f91a208b5574214ee3a97cedb318c208fc63,True,0.0,226.16616044220174,346,230,37739.52,batch_enriched_composition_counterfactual
f60,0.6,confirmation,960094,/home/user/projects/AIDRBench/results/nature_mainline/workload_composition_v4/confirmation/f60/scenarios/single/hourly_seed_960094,490549dbb9c9712393e3cb77dc51044e52185a2c84714de0ba59a8af903e4d3c,True,0.0,226.16616044220174,346,230,37739.52,batch_enriched_composition_counterfactual
f60,0.6,confirmation,960095,/home/user/projects/AIDRBench/results/nature_mainline/workload_composition_v4/confirmation/f60/scenarios/single/hourly_seed_960095,6f88f598e6dd2ca64f805e799cb0fe0941321102706a4d82253c40610b8e7b3f,True,0.0,226.16616044220174,346,230,37739.52,batch_enriched_composition_counterfactual
f60,0.6,confirmation,960096,/home/user/projects/AIDRBench/results/nature_mainline/workload_composition_v4/confirmation/f60/scenarios/single/hourly_seed_960096,cf192b1c4c528c03447bdc7ce17ef5b9d07d32b0a498e519c8af873ef200d519,True,0.0,226.16616044220174,346,230,37739.52,batch_enriched_composition_counterfactual
f60,0.6,confirmation,960097,/home/user/projects/AIDRBench/results/nature_mainline/workload_composition_v4/confirmation/f60/scenarios/single/hourly_seed_960097,4f2185c13eb88993a0dcab629591a32516fb64d24215d44c80b0f357876bd762,True,0.0,226.16616044220174,346,230,37739.52,batch_enriched_composition_counterfactual
f60,0.6,confirmation,960098,/home/user/projects/AIDRBench/results/nature_mainline/workload_composition_v4/confirmation/f60/scenarios/single/hourly_seed_960098,aa77ac655db2f1def94e8a2ccd0e4a280f00561b20169b886c6ac055a3d6790a,True,0.0,226.16616044220174,346,230,37739.52,batch_enriched_composition_counterfactual
f60,0.6,confirmation,960099,/home/user/projects/AIDRBench/results/nature_mainline/workload_composition_v4/confirmation/f60/scenarios/single/hourly_seed_960099,5f0a08e4fe2c8467078a7653e54cd10a5343d2b207631bcd80419642883845f4,True,0.0,226.16616044220174,346,230,37739.52,batch_enriched_composition_counterfactual
f60,0.6,confirmation,960100,/home/user/projects/AIDRBench/results/nature_mainline/workload_composition_v4/confirmation/f60/scenarios/single/hourly_seed_960100,294b77fff888067562502b239406463710b62a6900ec59f12fea02f91492f73b,True,0.0,226.16616044220174,346,230,37739.52,batch_enriched_composition_counterfactual
f60,0.6,confirmation,960101,/home/user/projects/AIDRBench/results/nature_mainline/workload_composition_v4/confirmation/f60/scenarios/single/hourly_seed_960101,a31a0661b683a0d6eb0fd3177ea0230baabb4e898d9c1d21f3182b28c3705d82,True,0.0,226.16616044220174,346,230,37739.52,batch_enriched_composition_counterfactual
f60,0.6,confirmation,960102,/home/user/projects/AIDRBench/results/nature_mainline/workload_composition_v4/confirmation/f60/scenarios/single/hourly_seed_960102,39711a3f3baa0acd92dcb4600702919b15c58ee55da6a46d91ded091b88982e8,True,0.0,226.16616044220174,346,230,37739.52,batch_enriched_composition_counterfactual
f60,0.6,confirmation,960103,/home/user/projects/AIDRBench/results/nature_mainline/workload_composition_v4/confirmation/f60/scenarios/single/hourly_seed_960103,60b7ed6763a1ee7426ed014c64dde459beadf75654a910c700d6f817f2ede420,True,0.0,226.16616044220174,346,230,37739.52,batch_enriched_composition_counterfactual
f60,0.6,confirmation,960104,/home/user/projects/AIDRBench/results/nature_mainline/workload_composition_v4/confirmation/f60/scenarios/single/hourly_seed_960104,9f5872580d28fe290e27230a68a3b0e479cd518ca2bd23a96095f3cc2e68bdca,True,0.0,226.16616044220174,346,230,37739.52,batch_enriched_composition_counterfactual
f60,0.6,confirmation,960105,/home/user/projects/AIDRBench/results/nature_mainline/workload_composition_v4/confirmation/f60/scenarios/single/hourly_seed_960105,62a7f9308cc007f8a4aec2ccfdf276f29373067e62c58bf153031ce5761b2f40,True,0.0,226.16616044220174,346,230,37739.52,batch_enriched_composition_counterfactual
f60,0.6,confirmation,960106,/home/user/projects/AIDRBench/results/nature_mainline/workload_composition_v4/confirmation/f60/scenarios/single/hourly_seed_960106,04be59d0742989128fea5441044b7ba5453834e785df2170812809f17228e610,True,0.0,226.16616044220174,346,230,37739.52,batch_enriched_composition_counterfactual
f60,0.6,confirmation,960107,/home/user/projects/AIDRBench/results/nature_mainline/workload_composition_v4/confirmation/f60/scenarios/single/hourly_seed_960107,3ac866f7295f7b9c8f11d76ef3e1fc5a33983fc42cf114c4731fdf1b3bea804f,True,0.0,226.16616044220174,346,230,37739.52,batch_enriched_composition_counterfactual
f60,0.6,confirmation,960108,/home/user/projects/AIDRBench/results/nature_mainline/workload_composition_v4/confirmation/f60/scenarios/single/hourly_seed_960108,ab8122dcbaa1ab586ebe90202c01fcc13e21b88d7510042c60520b566303e7e3,True,0.0,226.16616044220174,346,230,37739.52,batch_enriched_composition_counterfactual
f60,0.6,confirmation,960109,/home/user/projects/AIDRBench/results/nature_mainline/workload_composition_v4/confirmation/f60/scenarios/single/hourly_seed_960109,fe304e091527e517835a76997932ad842cbda4f77b7c678cd48c3d3540fa9575,True,0.0,226.16616044220174,346,230,37739.52,batch_enriched_composition_counterfactual
f60,0.6,confirmation,960110,/home/user/projects/AIDRBench/results/nature_mainline/workload_composition_v4/confirmation/f60/scenarios/single/hourly_seed_960110,66b92bdc71e9466ecb78a64cfb902bfd64eb01f63485468c20905fdf09fb391c,True,0.0,226.16616044220174,346,230,37739.52,batch_enriched_composition_counterfactual
f60,0.6,confirmation,960111,/home/user/projects/AIDRBench/results/nature_mainline/workload_composition_v4/confirmation/f60/scenarios/single/hourly_seed_960111,7484b9f7077da77c7b0bc81fc47314edda7ab463e495ea17fc525ebbea6b0e7e,True,0.0,226.16616044220174,346,230,37739.52,batch_enriched_composition_counterfactual
f60,0.6,confirmation,960112,/home/user/projects/AIDRBench/results/nature_mainline/workload_composition_v4/confirmation/f60/scenarios/single/hourly_seed_960112,5bb0c25be6fcf192f224b81a4caa9a1bdde776dd75826067ff35e29da4170e97,True,0.0,226.16616044220174,346,230,37739.52,batch_enriched_composition_counterfactual
f60,0.6,confirmation,960113,/home/user/projects/AIDRBench/results/nature_mainline/workload_composition_v4/confirmation/f60/scenarios/single/hourly_seed_960113,4c6e393f5cfad289491a5aa725390556b3f847c6777f3f4151e52ef0c92f0716,True,0.0,226.16616044220174,346,230,37739.52,batch_enriched_composition_counterfactual
f60,0.6,confirmation,960114,/home/user/projects/AIDRBench/results/nature_mainline/workload_composition_v4/confirmation/f60/scenarios/single/hourly_seed_960114,75f05f6e085fd854c7bb6eb89a62676dc883bde226ba94a809704f0bacddc2b7,True,0.0,226.16616044220174,346,230,37739.52,batch_enriched_composition_counterfactual
f60,0.6,confirmation,960115,/home/user/projects/AIDRBench/results/nature_mainline/workload_composition_v4/confirmation/f60/scenarios/single/hourly_seed_960115,f1fc68d07e2c1273671dbfeaa852c5e8aee104046e7353d991f8834197378a5a,True,0.0,226.16616044220174,346,230,37739.52,batch_enriched_composition_counterfactual
f60,0.6,confirmation,960116,/home/user/projects/AIDRBench/results/nature_mainline/workload_composition_v4/confirmation/f60/scenarios/single/hourly_seed_960116,0dea0d792453a8d7cfbd16fe324bb8ba746c20bf4f6c9c0fd9e9c3735eb6dcc7,True,0.0,226.16616044220174,346,230,37739.52,batch_enriched_composition_counterfactual
f60,0.6,confirmation,960117,/home/user/projects/AIDRBench/results/nature_mainline/workload_composition_v4/confirmation/f60/scenarios/single/hourly_seed_960117,90bfed784b7c36c71ce57a90d25987f1389c93ec2e2ce3b783cf2f33de07cc50,True,0.0,226.16616044220174,346,230,37739.52,batch_enriched_composition_counterfactual
f60,0.6,confirmation,960118,/home/user/projects/AIDRBench/results/nature_mainline/workload_composition_v4/confirmation/f60/scenarios/single/hourly_seed_960118,0c6ea730d86af824bb94ab2d48c8348cd48946a536d20d1ebdafc6654572ef44,True,0.0,226.16616044220174,346,230,37739.52,batch_enriched_composition_counterfactual
f60,0.6,confirmation,960119,/home/user/projects/AIDRBench/results/nature_mainline/workload_composition_v4/confirmation/f60/scenarios/single/hourly_seed_960119,cebab25269e8f5521692adcca814b86f6bc00680200a58662f408b049a4f61e7,True,0.0,226.16616044220174,346,230,37739.52,batch_enriched_composition_counterfactual
f60,0.6,confirmation,960120,/home/user/projects/AIDRBench/results/nature_mainline/workload_composition_v4/confirmation/f60/scenarios/single/hourly_seed_960120,64ab7d02772e73c1d882df4ce77710524488daa0f1b8e812c65ce83b9d88e024,True,0.0,226.16616044220174,346,230,37739.52,batch_enriched_composition_counterfactual
f60,0.6,confirmation,960121,/home/user/projects/AIDRBench/results/nature_mainline/workload_composition_v4/confirmation/f60/scenarios/single/hourly_seed_960121,cfc4ae30003dc398a1bd73c16933d8d709a30460b707b07151d8fdb30f7da9fd,True,0.0,226.16616044220174,346,230,37739.52,batch_enriched_composition_counterfactual
f60,0.6,confirmation,960122,/home/user/projects/AIDRBench/results/nature_mainline/workload_composition_v4/confirmation/f60/scenarios/single/hourly_seed_960122,ef3af16ad34d0db7f0392a73b5225b96e5f7730ff89ce343117019054b67e998,True,0.0,226.16616044220174,346,230,37739.52,batch_enriched_composition_counterfactual
f60,0.6,confirmation,960123,/home/user/projects/AIDRBench/results/nature_mainline/workload_composition_v4/confirmation/f60/scenarios/single/hourly_seed_960123,de112c9fe0be88753dcba4ddb5c6b703c396631f8556c631df4efc42035b5e58,True,0.0,226.16616044220174,346,230,37739.52,batch_enriched_composition_counterfactual
f60,0.6,confirmation,960124,/home/user/projects/AIDRBench/results/nature_mainline/workload_composition_v4/confirmation/f60/scenarios/single/hourly_seed_960124,7f431bbea7121b3d286d4e8b0286394b933f4ce27a92a260e6ea0dd01f74c2aa,True,0.0,226.16616044220174,346,230,37739.52,batch_enriched_composition_counterfactual
f60,0.6,confirmation,960125,/home/user/projects/AIDRBench/results/nature_mainline/workload_composition_v4/confirmation/f60/scenarios/single/hourly_seed_960125,1f67177df586b557307a6fece301d298f881e8cfbb1d3e6a73416b7c4538e139,True,0.0,226.16616044220174,346,230,37739.52,batch_enriched_composition_counterfactual
f60,0.6,confirmation,960126,/home/user/projects/AIDRBench/results/nature_mainline/workload_composition_v4/confirmation/f60/scenarios/single/hourly_seed_960126,d40397503b2230cedf839c93d17a9359daca1afde2a37b98a4cc8cee5421cf3e,True,0.0,226.16616044220174,346,230,37739.52,batch_enriched_composition_counterfactual
f60,0.6,confirmation,960127,/home/user/projects/AIDRBench/results/nature_mainline/workload_composition_v4/confirmation/f60/scenarios/single/hourly_seed_960127,cd04c75dceb4c6d47af62393f1ac00db0aab0eaf0db9d406e3b7f62fee6e690e,True,0.0,226.16616044220174,346,230,37739.52,batch_enriched_composition_counterfactual
f60,0.6,confirmation,960128,/home/user/projects/AIDRBench/results/nature_mainline/workload_composition_v4/confirmation/f60/scenarios/single/hourly_seed_960128,37216f548bc2c0d2b692ef44865c2213d7fc5f89a660fcc4c5b84192233e33ab,True,0.0,226.16616044220174,346,230,37739.52,batch_enriched_composition_counterfactual
f60,0.6,confirmation,960129,/home/user/projects/AIDRBench/results/nature_mainline/workload_composition_v4/confirmation/f60/scenarios/single/hourly_seed_960129,ac0efc024614f1b438bf606ab093703775addba774f4cf657f302059bc92db45,True,0.0,226.16616044220174,346,230,37739.52,batch_enriched_composition_counterfactual
f60,0.6,confirmation,960130,/home/user/projects/AIDRBench/results/nature_mainline/workload_composition_v4/confirmation/f60/scenarios/single/hourly_seed_960130,cc68af30045f5adf99e0d1554c25d63dbe31a0c5cc011373bd0d081e13a022b8,True,0.0,226.16616044220174,346,230,37739.52,batch_enriched_composition_counterfactual
f60,0.6,confirmation,960131,/home/user/projects/AIDRBench/results/nature_mainline/workload_composition_v4/confirmation/f60/scenarios/single/hourly_seed_960131,38bc873f8bb53eb890a2746296bd1cc89e2d61902f07fca2434e4609db68bb3a,True,0.0,226.16616044220174,346,230,37739.52,batch_enriched_composition_counterfactual
f60,0.6,confirmation,960132,/home/user/projects/AIDRBench/results/nature_mainline/workload_composition_v4/confirmation/f60/scenarios/single/hourly_seed_960132,da3134c69aaf24c4f9ba3d51391778406ad1fa875aab69b1d9a2eb09d137a150,True,0.0,226.16616044220174,346,230,37739.52,batch_enriched_composition_counterfactual
f60,0.6,confirmation,960133,/home/user/projects/AIDRBench/results/nature_mainline/workload_composition_v4/confirmation/f60/scenarios/single/hourly_seed_960133,f55c169417752a0b51317ed3944521a46227d54c2de77e8ab423fe8679f0c8ef,True,0.0,226.16616044220174,346,230,37739.52,batch_enriched_composition_counterfactual
f60,0.6,confirmation,960134,/home/user/projects/AIDRBench/results/nature_mainline/workload_composition_v4/confirmation/f60/scenarios/single/hourly_seed_960134,d19fdb772f2f1865de2d4d058afebb00fddcec0e17f71f75e696ad6fed93d4f4,True,0.0,226.16616044220174,346,230,37739.52,batch_enriched_composition_counterfactual
f60,0.6,confirmation,960135,/home/user/projects/AIDRBench/results/nature_mainline/workload_composition_v4/confirmation/f60/scenarios/single/hourly_seed_960135,90b40343f5519a00c9f56118fe2241a093d1aea4a6bcaab0ff35b36a9dc97e96,True,0.0,226.16616044220174,346,230,37739.52,batch_enriched_composition_counterfactual
f60,0.6,confirmation,960136,/home/user/projects/AIDRBench/results/nature_mainline/workload_composition_v4/confirmation/f60/scenarios/single/hourly_seed_960136,c950101c3072017d407fc7e8cd5b018bd34d53ab1fc4ef753f21dac88f8ec033,True,0.0,226.16616044220174,346,230,37739.52,batch_enriched_composition_counterfactual
f60,0.6,confirmation,960137,/home/user/projects/AIDRBench/results/nature_mainline/workload_composition_v4/confirmation/f60/scenarios/single/hourly_seed_960137,39f3b91757f810a1d8de42fafc9acb75765ce55175282ee3f6aa8cb5f2cb8f75,True,0.0,226.16616044220174,346,230,37739.52,batch_enriched_composition_counterfactual
f60,0.6,confirmation,960138,/home/user/projects/AIDRBench/results/nature_mainline/workload_composition_v4/confirmation/f60/scenarios/single/hourly_seed_960138,309cc49baa885afcb06406bffc4c8c0f3367ed9de215c6cf864266c1e2409acb,True,0.0,226.16616044220174,346,230,37739.52,batch_enriched_composition_counterfactual
f60,0.6,confirmation,960139,/home/user/projects/AIDRBench/results/nature_mainline/workload_composition_v4/confirmation/f60/scenarios/single/hourly_seed_960139,9b51bcf197807c99b3c941b6a67e619c2b5164aa0ff56ac99ae1ebb8675937db,True,0.0,226.16616044220174,346,230,37739.52,batch_enriched_composition_counterfactual
f60,0.6,confirmation,960140,/home/user/projects/AIDRBench/results/nature_mainline/workload_composition_v4/confirmation/f60/scenarios/single/hourly_seed_960140,1f0dd5cba8ff18afd99a0eb43772a03cb320e6a3413ecc7fd2be6f07d309475c,True,0.0,226.16616044220174,346,230,37739.52,batch_enriched_composition_counterfactual
f60,0.6,confirmation,960141,/home/user/projects/AIDRBench/results/nature_mainline/workload_composition_v4/confirmation/f60/scenarios/single/hourly_seed_960141,c4d07f7c7572460024f5455dc1fc433de6f9a40dad6060bcc0e547d42cae5201,True,0.0,226.16616044220174,346,230,37739.52,batch_enriched_composition_counterfactual
f60,0.6,confirmation,960142,/home/user/projects/AIDRBench/results/nature_mainline/workload_composition_v4/confirmation/f60/scenarios/single/hourly_seed_960142,91b0ef5b463b77fb211e1f72f51444486552b29f8035d70b850d8dc4874b460d,True,0.0,226.16616044220174,346,230,37739.52,batch_enriched_composition_counterfactual
f60,0.6,confirmation,960143,/home/user/projects/AIDRBench/results/nature_mainline/workload_composition_v4/confirmation/f60/scenarios/single/hourly_seed_960143,9bcfb89c0b54c399c5871ef0bd53e2f3c7b8ba7ebf50ed59efe549aca0abfd04,True,0.0,226.16616044220174,346,230,37739.52,batch_enriched_composition_counterfactual
f60,0.6,confirmation,960144,/home/user/projects/AIDRBench/results/nature_mainline/workload_composition_v4/confirmation/f60/scenarios/single/hourly_seed_960144,2ba95b5356f9e5de9889fc9e9a331f5a0a05b84611d14ec91697773974f2fe92,True,0.0,226.16616044220174,346,230,37739.52,batch_enriched_composition_counterfactual
f60,0.6,confirmation,960145,/home/user/projects/AIDRBench/results/nature_mainline/workload_composition_v4/confirmation/f60/scenarios/single/hourly_seed_960145,2e154da9e62441a95176b6121a20e2c03353d03cc97131c2f17874ad1e8fdea6,True,0.0,226.16616044220174,346,230,37739.52,batch_enriched_composition_counterfactual
f60,0.6,confirmation,960146,/home/user/projects/AIDRBench/results/nature_mainline/workload_composition_v4/confirmation/f60/scenarios/single/hourly_seed_960146,830fe571c4dd1716932cdd1c039134f8af0b6690d8ebe3f267ece555b92f78cf,True,0.0,226.16616044220174,346,230,37739.52,batch_enriched_composition_counterfactual
f60,0.6,confirmation,960147,/home/user/projects/AIDRBench/results/nature_mainline/workload_composition_v4/confirmation/f60/scenarios/single/hourly_seed_960147,48a43745bcb9aa591f977d6f06d99ddd47ea84ff4ce7f10a6ff2fdc2162fcb27,True,0.0,226.16616044220174,346,230,37739.52,batch_enriched_composition_counterfactual
f60,0.6,confirmation,960148,/home/user/projects/AIDRBench/results/nature_mainline/workload_composition_v4/confirmation/f60/scenarios/single/hourly_seed_960148,1ba1c33741b27ceb0b09d6435583713b2a791051c6b219f28be3c9f679bef06e,True,0.0,226.16616044220174,346,230,37739.52,batch_enriched_composition_counterfactual
f60,0.6,confirmation,960149,/home/user/projects/AIDRBench/results/nature_mainline/workload_composition_v4/confirmation/f60/scenarios/single/hourly_seed_960149,9a6e4f904b0a22a4f061e3249f321730cfccd4bf79bb8118e23537ac41bf3cb2,True,0.0,226.16616044220174,346,230,37739.52,batch_enriched_composition_counterfactual
f60,0.6,confirmation,960150,/home/user/projects/AIDRBench/results/nature_mainline/workload_composition_v4/confirmation/f60/scenarios/single/hourly_seed_960150,7f57d86873df256ba8c1a1f6f3825b40c99490817a7061a3c69ec5b9128a068d,True,0.0,226.16616044220174,346,230,37739.52,batch_enriched_composition_counterfactual
f60,0.6,confirmation,960151,/home/user/projects/AIDRBench/results/nature_mainline/workload_composition_v4/confirmation/f60/scenarios/single/hourly_seed_960151,d8b8e7f7303ba875ba7bc81e3e23a69836444a6fdbcc5843c524c31e26110147,True,0.0,226.16616044220174,346,230,37739.52,batch_enriched_composition_counterfactual
f60,0.6,confirmation,960152,/home/user/projects/AIDRBench/results/nature_mainline/workload_composition_v4/confirmation/f60/scenarios/single/hourly_seed_960152,c68f8ab178681534966b09aed590ba2069c8a693ca1750f6741bc1d8f2401348,True,0.0,226.16616044220174,346,230,37739.52,batch_enriched_composition_counterfactual
f60,0.6,confirmation,960153,/home/user/projects/AIDRBench/results/nature_mainline/workload_composition_v4/confirmation/f60/scenarios/single/hourly_seed_960153,4df45c33d8b9bcf5411e6fcd801867c9ad64b482ec0cb3c89f1aeb28d87fcf56,True,0.0,226.16616044220174,346,230,37739.52,batch_enriched_composition_counterfactual
f60,0.6,confirmation,960154,/home/user/projects/AIDRBench/results/nature_mainline/workload_composition_v4/confirmation/f60/scenarios/single/hourly_seed_960154,8c47ce1bbb6b3c7af5a24151af48647439dd3bb3c1cd9b0f9bb3e6fd350ad5d3,True,0.0,226.16616044220174,346,230,37739.52,batch_enriched_composition_counterfactual
f60,0.6,confirmation,960155,/home/user/projects/AIDRBench/results/nature_mainline/workload_composition_v4/confirmation/f60/scenarios/single/hourly_seed_960155,4f361ffa73b242361a1a8fe013e44734ab1b075f16fc3c31dd5e3b12ed9e599b,True,0.0,226.16616044220174,346,230,37739.52,batch_enriched_composition_counterfactual
f60,0.6,confirmation,960156,/home/user/projects/AIDRBench/results/nature_mainline/workload_composition_v4/confirmation/f60/scenarios/single/hourly_seed_960156,681c0374ce15a2e2916ed64b388c5ba648f39bc8e1abaaca58f5cd830165a334,True,0.0,226.16616044220174,346,230,37739.52,batch_enriched_composition_counterfactual
f60,0.6,confirmation,960157,/home/user/projects/AIDRBench/results/nature_mainline/workload_composition_v4/confirmation/f60/scenarios/single/hourly_seed_960157,5c49ba56bd1356ed6e3ebe2a08a6de6292d75c4a04f8e3f9e827c8af245930ae,True,0.0,226.16616044220174,346,230,37739.52,batch_enriched_composition_counterfactual
f60,0.6,confirmation,960158,/home/user/projects/AIDRBench/results/nature_mainline/workload_composition_v4/confirmation/f60/scenarios/single/hourly_seed_960158,c9ddda320583cd6a3f2b0e75e65a84b2954f029b46d1f2127bc21a125737a9fc,True,0.0,226.16616044220174,346,230,37739.52,batch_enriched_composition_counterfactual
f60,0.6,confirmation,960159,/home/user/projects/AIDRBench/results/nature_mainline/workload_composition_v4/confirmation/f60/scenarios/single/hourly_seed_960159,ddae43ad5850e2fcb5284be6a2f7bb296d2c3d8c3b0366aebf34c533e7814a88,True,0.0,226.16616044220174,346,230,37739.52,batch_enriched_composition_counterfactual
f60,0.6,confirmation,960160,/home/user/projects/AIDRBench/results/nature_mainline/workload_composition_v4/confirmation/f60/scenarios/single/hourly_seed_960160,51dba774ed7071a59808e1022e3d1c0ca6cace1356b1edf341f1e17b277fe266,True,0.0,226.16616044220174,346,230,37739.52,batch_enriched_composition_counterfactual
f60,0.6,confirmation,960161,/home/user/projects/AIDRBench/results/nature_mainline/workload_composition_v4/confirmation/f60/scenarios/single/hourly_seed_960161,f08f17aea90549db32a7af26016b1386665f023fc9c834e07eacdee61076aa34,True,0.0,226.16616044220174,346,230,37739.52,batch_enriched_composition_counterfactual
f60,0.6,confirmation,960162,/home/user/projects/AIDRBench/results/nature_mainline/workload_composition_v4/confirmation/f60/scenarios/single/hourly_seed_960162,6a2b648e54c514e53d606783fefae596895934e9093aa7015a8b7b908e4aac6a,True,0.0,226.16616044220174,346,230,37739.52,batch_enriched_composition_counterfactual
f60,0.6,confirmation,960163,/home/user/projects/AIDRBench/results/nature_mainline/workload_composition_v4/confirmation/f60/scenarios/single/hourly_seed_960163,c33b8a0218b884d594ac82bd86b3ef614d56e9bd6e98f9ad8a72d94217ef5b9d,True,0.0,226.16616044220174,346,230,37739.52,batch_enriched_composition_counterfactual
f60,0.6,confirmation,960164,/home/user/projects/AIDRBench/results/nature_mainline/workload_composition_v4/confirmation/f60/scenarios/single/hourly_seed_960164,9107ed8ab35eed37ea9509513c05653fed08df8ccf48561db02b0645611cce53,True,0.0,226.16616044220174,346,230,37739.52,batch_enriched_composition_counterfactual
f60,0.6,confirmation,960165,/home/user/projects/AIDRBench/results/nature_mainline/workload_composition_v4/confirmation/f60/scenarios/single/hourly_seed_960165,d69f1701e233681e08e036c602fa19a0c25bf7e9be509cb7fcc1bfbda48c5dd4,True,0.0,226.16616044220174,346,230,37739.52,batch_enriched_composition_counterfactual
f60,0.6,confirmation,960166,/home/user/projects/AIDRBench/results/nature_mainline/workload_composition_v4/confirmation/f60/scenarios/single/hourly_seed_960166,de4f21f55a7f089b5dc49496226ba021c3dc1d06eb16d0f6916f6307254a1eb3,True,0.0,226.16616044220174,346,230,37739.52,batch_enriched_composition_counterfactual
f60,0.6,confirmation,960167,/home/user/projects/AIDRBench/results/nature_mainline/workload_composition_v4/confirmation/f60/scenarios/single/hourly_seed_960167,d499176b6c272dc3e30c0125d7c1000438e47e1aef5e8de650a36d1cfa9521e8,True,0.0,226.16616044220174,346,230,37739.52,batch_enriched_composition_counterfactual
f60,0.6,confirmation,960168,/home/user/projects/AIDRBench/results/nature_mainline/workload_composition_v4/confirmation/f60/scenarios/single/hourly_seed_960168,f1b00515653b3b9bc700a97105c1cef9c7f504020e504ed8545b3b16265ef080,True,0.0,226.16616044220174,346,230,37739.52,batch_enriched_composition_counterfactual
f60,0.6,confirmation,960169,/home/user/projects/AIDRBench/results/nature_mainline/workload_composition_v4/confirmation/f60/scenarios/single/hourly_seed_960169,c84c6245fcb78e7400e77dd26f2b7237de9152e26b3437a903490e0947216777,True,0.0,226.16616044220174,346,230,37739.52,batch_enriched_composition_counterfactual
f60,0.6,confirmation,960170,/home/user/projects/AIDRBench/results/nature_mainline/workload_composition_v4/confirmation/f60/scenarios/single/hourly_seed_960170,6d00ebb4af789bc13a81e36911a2c21c00e05479ef960668f21089d74bfc5c1b,True,0.0,226.16616044220174,346,230,37739.52,batch_enriched_composition_counterfactual
f60,0.6,confirmation,960171,/home/user/projects/AIDRBench/results/nature_mainline/workload_composition_v4/confirmation/f60/scenarios/single/hourly_seed_960171,22c7a42da6b8fa19b3a4a38ae39a2e6ad90f0e54231d6d56bce6ace2eb634f93,True,0.0,226.16616044220174,346,230,37739.52,batch_enriched_composition_counterfactual
f60,0.6,confirmation,960172,/home/user/projects/AIDRBench/results/nature_mainline/workload_composition_v4/confirmation/f60/scenarios/single/hourly_seed_960172,4b553345528a9a319eb29332cb8eb000148ba622bc1d7ad5f49b45745a345764,True,0.0,226.16616044220174,346,230,37739.52,batch_enriched_composition_counterfactual
f60,0.6,confirmation,960173,/home/user/projects/AIDRBench/results/nature_mainline/workload_composition_v4/confirmation/f60/scenarios/single/hourly_seed_960173,88d9ec4fd9161b49d181818dc8b1d2624ba524e9ae6153e620059a51c40cd769,True,0.0,226.16616044220174,346,230,37739.52,batch_enriched_composition_counterfactual
f60,0.6,confirmation,960174,/home/user/projects/AIDRBench/results/nature_mainline/workload_composition_v4/confirmation/f60/scenarios/single/hourly_seed_960174,dea24675c7b3c1d98a050d80f741168f7be4107ba3b2f83f691a7e8a0d782c56,True,0.0,226.16616044220174,346,230,37739.52,batch_enriched_composition_counterfactual
f60,0.6,confirmation,960175,/home/user/projects/AIDRBench/results/nature_mainline/workload_composition_v4/confirmation/f60/scenarios/single/hourly_seed_960175,60bd013dcdb086899394d91327c872f1f989f5c9b23e359528dd37772b1a5e46,True,0.0,226.16616044220174,346,230,37739.52,batch_enriched_composition_counterfactual
f60,0.6,confirmation,960176,/home/user/projects/AIDRBench/results/nature_mainline/workload_composition_v4/confirmation/f60/scenarios/single/hourly_seed_960176,c2c1221cfb5bab8149150451330fb42e4b2e4c7e4c1bf6c2046bbbfda7a2d49b,True,0.0,226.16616044220174,346,230,37739.52,batch_enriched_composition_counterfactual
f60,0.6,confirmation,960177,/home/user/projects/AIDRBench/results/nature_mainline/workload_composition_v4/confirmation/f60/scenarios/single/hourly_seed_960177,48ecd91340630160d9768a09c58a4cefc32a67fa0a4088abb76e1e9f35fe7af2,True,0.0,226.16616044220174,346,230,37739.52,batch_enriched_composition_counterfactual
f60,0.6,confirmation,960178,/home/user/projects/AIDRBench/results/nature_mainline/workload_composition_v4/confirmation/f60/scenarios/single/hourly_seed_960178,ee01514ca8e3f8e61f0589938be6d5e996db95f2c4cfe30cf09f5ba9114ce90d,True,0.0,226.16616044220174,346,230,37739.52,batch_enriched_composition_counterfactual
f60,0.6,confirmation,960179,/home/user/projects/AIDRBench/results/nature_mainline/workload_composition_v4/confirmation/f60/scenarios/single/hourly_seed_960179,62512e70fad3c023fd3299fec056049d740e06ab12d1662483f95a379b2c208f,True,0.0,226.16616044220174,346,230,37739.52,batch_enriched_composition_counterfactual
f60,0.6,confirmation,960180,/home/user/projects/AIDRBench/results/nature_mainline/workload_composition_v4/confirmation/f60/scenarios/single/hourly_seed_960180,91763433d15bcb0e5ba2b2d76a4b24399662dd59e73a6a972afa81ef128a4d12,True,0.0,226.16616044220174,346,230,37739.52,batch_enriched_composition_counterfactual
f60,0.6,confirmation,960181,/home/user/projects/AIDRBench/results/nature_mainline/workload_composition_v4/confirmation/f60/scenarios/single/hourly_seed_960181,3d19f9dbe0b3973c8122fcc6df2ce6c40de28f5438ab09598d853e579d34381b,True,0.0,226.16616044220174,346,230,37739.52,batch_enriched_composition_counterfactual
f60,0.6,confirmation,960182,/home/user/projects/AIDRBench/results/nature_mainline/workload_composition_v4/confirmation/f60/scenarios/single/hourly_seed_960182,6e6e0bc22fe1cf67a8f292b55baff48409a7f39e39d114f51a97269eb0412f71,True,0.0,226.16616044220174,346,230,37739.52,batch_enriched_composition_counterfactual
f60,0.6,confirmation,960183,/home/user/projects/AIDRBench/results/nature_mainline/workload_composition_v4/confirmation/f60/scenarios/single/hourly_seed_960183,927d1fa4138836f3ae55a17c0471b7f2901ee9bbce01e72677f4ebd4736b06af,True,0.0,226.16616044220174,346,230,37739.52,batch_enriched_composition_counterfactual
f60,0.6,confirmation,960184,/home/user/projects/AIDRBench/results/nature_mainline/workload_composition_v4/confirmation/f60/scenarios/single/hourly_seed_960184,b94a5308cd818d4b19500b088bb0be77d5ea9a6ffc443373306bef364f654ae5,True,0.0,226.16616044220174,346,230,37739.52,batch_enriched_composition_counterfactual
f60,0.6,confirmation,960185,/home/user/projects/AIDRBench/results/nature_mainline/workload_composition_v4/confirmation/f60/scenarios/single/hourly_seed_960185,6382b4188aa2b8d64c1167acd745eb35c5970d22a43877e48a5b0c06d77f22b6,True,0.0,226.16616044220174,346,230,37739.52,batch_enriched_composition_counterfactual
f60,0.6,confirmation,960186,/home/user/projects/AIDRBench/results/nature_mainline/workload_composition_v4/confirmation/f60/scenarios/single/hourly_seed_960186,8c7c7bb704b0b42cc41828830d5d8ab9776f300981e8e98c804ff54a5a3807c6,True,0.0,226.16616044220174,346,230,37739.52,batch_enriched_composition_counterfactual
f60,0.6,confirmation,960187,/home/user/projects/AIDRBench/results/nature_mainline/workload_composition_v4/confirmation/f60/scenarios/single/hourly_seed_960187,c70fe4b28cc014593ce9e567b6b899d49715c0608943bf779c0a2d208f4aef02,True,0.0,226.16616044220174,346,230,37739.52,batch_enriched_composition_counterfactual
f60,0.6,confirmation,960188,/home/user/projects/AIDRBench/results/nature_mainline/workload_composition_v4/confirmation/f60/scenarios/single/hourly_seed_960188,7703cd25ea63f7ab24c076f5efae275cbbba593ebba0ed17d936b8bee6d7be0d,True,0.0,226.16616044220174,346,230,37739.52,batch_enriched_composition_counterfactual
f60,0.6,confirmation,960189,/home/user/projects/AIDRBench/results/nature_mainline/workload_composition_v4/confirmation/f60/scenarios/single/hourly_seed_960189,2028858b33ddabc40e8f9b0a71a55ab93c319b225a752e784c03a632f1e873cf,True,0.0,226.16616044220174,346,230,37739.52,batch_enriched_composition_counterfactual
f60,0.6,confirmation,960190,/home/user/projects/AIDRBench/results/nature_mainline/workload_composition_v4/confirmation/f60/scenarios/single/hourly_seed_960190,7d5266a402ae6134eeeac35e4ba9ceea264ba27deb266909e1b671583c5b24a9,True,0.0,226.16616044220174,346,230,37739.52,batch_enriched_composition_counterfactual
f60,0.6,confirmation,960191,/home/user/projects/AIDRBench/results/nature_mainline/workload_composition_v4/confirmation/f60/scenarios/single/hourly_seed_960191,ad6a791b7aa12f49d1ca3dad3db99506c2a3a6390c271e733c3c128041de1c8e,True,0.0,226.16616044220174,346,230,37739.52,batch_enriched_composition_counterfactual
f60,0.6,confirmation,960192,/home/user/projects/AIDRBench/results/nature_mainline/workload_composition_v4/confirmation/f60/scenarios/single/hourly_seed_960192,f1fdd383663d0130ccd6095b2d7beb42b20d66568cdcb5475e82e590c2693ef7,True,0.0,226.16616044220174,346,230,37739.52,batch_enriched_composition_counterfactual
f60,0.6,confirmation,960193,/home/user/projects/AIDRBench/results/nature_mainline/workload_composition_v4/confirmation/f60/scenarios/single/hourly_seed_960193,527a8e018e5609b6d323711f550bfe336650e9613b476fcc75cb85398b020575,True,0.0,226.16616044220174,346,230,37739.52,batch_enriched_composition_counterfactual
f60,0.6,confirmation,960194,/home/user/projects/AIDRBench/results/nature_mainline/workload_composition_v4/confirmation/f60/scenarios/single/hourly_seed_960194,e912cc6f3abb3384539d32364a86160d49bfdcee45d583b508bf49b640f85bc2,True,0.0,226.16616044220174,346,230,37739.52,batch_enriched_composition_counterfactual
f60,0.6,confirmation,960195,/home/user/projects/AIDRBench/results/nature_mainline/workload_composition_v4/confirmation/f60/scenarios/single/hourly_seed_960195,07ec365d89e1c14c4cebe3cb09c596c165cac96f71206faa126123b6df2ecc81,True,0.0,226.16616044220174,346,230,37739.52,batch_enriched_composition_counterfactual
f60,0.6,confirmation,960196,/home/user/projects/AIDRBench/results/nature_mainline/workload_composition_v4/confirmation/f60/scenarios/single/hourly_seed_960196,e2f9b4079124deec0d3aa0007da44b06551e054e822f2c432ebd36c72eba0975,True,0.0,226.16616044220174,346,230,37739.52,batch_enriched_composition_counterfactual
f60,0.6,confirmation,960197,/home/user/projects/AIDRBench/results/nature_mainline/workload_composition_v4/confirmation/f60/scenarios/single/hourly_seed_960197,616340e9f8c91f3238cd39c66b3550e00ea6017d7934a0cd1c4a0fbaea93fb12,True,0.0,226.16616044220174,346,230,37739.52,batch_enriched_composition_counterfactual
f60,0.6,confirmation,960198,/home/user/projects/AIDRBench/results/nature_mainline/workload_composition_v4/confirmation/f60/scenarios/single/hourly_seed_960198,333a429e47eff5e143c2b8dfb38eafd80fb216e8d9dce3a090d19e8344791c23,True,0.0,226.16616044220174,346,230,37739.52,batch_enriched_composition_counterfactual
f60,0.6,confirmation,960199,/home/user/projects/AIDRBench/results/nature_mainline/workload_composition_v4/confirmation/f60/scenarios/single/hourly_seed_960199,7bf62f87b4d167d5c49006550ac30f705e1fb8690d0fadb2a49766ae64445c44,True,0.0,226.16616044220174,346,230,37739.52,batch_enriched_composition_counterfactual
f60,0.6,confirmation,960200,/home/user/projects/AIDRBench/results/nature_mainline/workload_composition_v4/confirmation/f60/scenarios/single/hourly_seed_960200,2839d689f78b599bf0b4da2548e8eda02cc61c6c0517e24f397299528cf6bb51,True,0.0,226.16616044220174,346,230,37739.52,batch_enriched_composition_counterfactual
f60,0.6,confirmation,960201,/home/user/projects/AIDRBench/results/nature_mainline/workload_composition_v4/confirmation/f60/scenarios/single/hourly_seed_960201,951d4d428dab93c3511bfac32d3ba7d291567906e6adcdf582ed2310dc47c205,True,0.0,226.16616044220174,346,230,37739.52,batch_enriched_composition_counterfactual
f60,0.6,confirmation,960202,/home/user/projects/AIDRBench/results/nature_mainline/workload_composition_v4/confirmation/f60/scenarios/single/hourly_seed_960202,9f55f0c0565a6179f0a60cc4edb613ab0ccb06429ac0b7c912e9eeb965800e2e,True,0.0,226.16616044220174,346,230,37739.52,batch_enriched_composition_counterfactual
f60,0.6,confirmation,960203,/home/user/projects/AIDRBench/results/nature_mainline/workload_composition_v4/confirmation/f60/scenarios/single/hourly_seed_960203,90e937aff3b368fe7ec4c2810c5852a7bef320e19676c24d0577c195523973ff,True,0.0,226.16616044220174,346,230,37739.52,batch_enriched_composition_counterfactual
f60,0.6,confirmation,960204,/home/user/projects/AIDRBench/results/nature_mainline/workload_composition_v4/confirmation/f60/scenarios/single/hourly_seed_960204,8ab4730e759a58e81edc78350eb268f0dd38462f3f9102fd1dcfea739866033b,True,0.0,226.16616044220174,346,230,37739.52,batch_enriched_composition_counterfactual
f60,0.6,confirmation,960205,/home/user/projects/AIDRBench/results/nature_mainline/workload_composition_v4/confirmation/f60/scenarios/single/hourly_seed_960205,930be8e823d705373e05833ca1197fed074ca5c459732551a60510703be233f9,True,0.0,226.16616044220174,346,230,37739.52,batch_enriched_composition_counterfactual
f60,0.6,confirmation,960206,/home/user/projects/AIDRBench/results/nature_mainline/workload_composition_v4/confirmation/f60/scenarios/single/hourly_seed_960206,288415df528986c79fe4890f7c39d782aace43853baa2ddb015d3106dd741416,True,0.0,226.16616044220174,346,230,37739.52,batch_enriched_composition_counterfactual
f60,0.6,confirmation,960207,/home/user/projects/AIDRBench/results/nature_mainline/workload_composition_v4/confirmation/f60/scenarios/single/hourly_seed_960207,489434cbb80cc4b885df747ef8b03f61e743de5dd7c1052439f2393866e6f886,True,0.0,226.16616044220174,346,230,37739.52,batch_enriched_composition_counterfactual
f60,0.6,confirmation,960208,/home/user/projects/AIDRBench/results/nature_mainline/workload_composition_v4/confirmation/f60/scenarios/single/hourly_seed_960208,41e9e9faba7211c021199b592e65e34735be3e0462b767e0ca94c18709a85c60,True,0.0,226.16616044220174,346,230,37739.52,batch_enriched_composition_counterfactual
f60,0.6,confirmation,960209,/home/user/projects/AIDRBench/results/nature_mainline/workload_composition_v4/confirmation/f60/scenarios/single/hourly_seed_960209,c9381fe9f87d3320ecd33212d864d00fcc01e954bdb66cf2086c09e5e3569ad9,True,0.0,226.16616044220174,346,230,37739.52,batch_enriched_composition_counterfactual
f60,0.6,confirmation,960210,/home/user/projects/AIDRBench/results/nature_mainline/workload_composition_v4/confirmation/f60/scenarios/single/hourly_seed_960210,ce7dae38a23209193bdc2da2f556db521de3a51417a46c57a660fe22ba7c5891,True,0.0,226.16616044220174,346,230,37739.52,batch_enriched_composition_counterfactual
f60,0.6,confirmation,960211,/home/user/projects/AIDRBench/results/nature_mainline/workload_composition_v4/confirmation/f60/scenarios/single/hourly_seed_960211,6abc45328e79be730f5f71835338fa5ac58b7f0ada24376f7de58ab5cd708309,True,0.0,226.16616044220174,346,230,37739.52,batch_enriched_composition_counterfactual
f60,0.6,confirmation,960212,/home/user/projects/AIDRBench/results/nature_mainline/workload_composition_v4/confirmation/f60/scenarios/single/hourly_seed_960212,24424c58f820f4e8a811d4423d09a20c17c740b00f5f9b98da09166eeab1e859,True,0.0,226.16616044220174,346,230,37739.52,batch_enriched_composition_counterfactual
f60,0.6,confirmation,960213,/home/user/projects/AIDRBench/results/nature_mainline/workload_composition_v4/confirmation/f60/scenarios/single/hourly_seed_960213,0d466fa254e72eed50e4323ce5615b44ff3b9e2ce4dfe08cf3981a9b787b0868,True,0.0,226.16616044220174,346,230,37739.52,batch_enriched_composition_counterfactual
f60,0.6,confirmation,960214,/home/user/projects/AIDRBench/results/nature_mainline/workload_composition_v4/confirmation/f60/scenarios/single/hourly_seed_960214,dc973f8962ec28e35f8fac9448d6f53bb8d4768c0540e82f457a4a50e3deec40,True,0.0,226.16616044220174,346,230,37739.52,batch_enriched_composition_counterfactual
f60,0.6,confirmation,960215,/home/user/projects/AIDRBench/results/nature_mainline/workload_composition_v4/confirmation/f60/scenarios/single/hourly_seed_960215,c12219dfe352a20e19695ffc600bb38c5d200fe13a0e1b45459269b8af51c61b,True,0.0,226.16616044220174,346,230,37739.52,batch_enriched_composition_counterfactual
f60,0.6,confirmation,960216,/home/user/projects/AIDRBench/results/nature_mainline/workload_composition_v4/confirmation/f60/scenarios/single/hourly_seed_960216,fb6eca953b99a73c1eee91ea7b7fcd4e4a5d571f9697454af4981b58a1b7bc66,True,0.0,226.16616044220174,346,230,37739.52,batch_enriched_composition_counterfactual
f60,0.6,confirmation,960217,/home/user/projects/AIDRBench/results/nature_mainline/workload_composition_v4/confirmation/f60/scenarios/single/hourly_seed_960217,49c1f7b0d2976845226e422d2da3e12894c58acc368a32ea7955f308b76074f1,True,0.0,226.16616044220174,346,230,37739.52,batch_enriched_composition_counterfactual
f60,0.6,confirmation,960218,/home/user/projects/AIDRBench/results/nature_mainline/workload_composition_v4/confirmation/f60/scenarios/single/hourly_seed_960218,f4636c51309e26fc17af231ec2fc004b87a028eaa74df95b0e9a6b1cfc9e7bee,True,0.0,226.16616044220174,346,230,37739.52,batch_enriched_composition_counterfactual
f60,0.6,confirmation,960219,/home/user/projects/AIDRBench/results/nature_mainline/workload_composition_v4/confirmation/f60/scenarios/single/hourly_seed_960219,ac8a254a6fbd616640e53d01d358f88f9bbf36edd45f1d7e7d140c2a70b5f128,True,0.0,226.16616044220174,346,230,37739.52,batch_enriched_composition_counterfactual
f60,0.6,confirmation,960220,/home/user/projects/AIDRBench/results/nature_mainline/workload_composition_v4/confirmation/f60/scenarios/single/hourly_seed_960220,cb489b9561340091e1df1110d6d416a7801f18030ffdff8e1979dbf239ae58de,True,0.0,226.16616044220174,346,230,37739.52,batch_enriched_composition_counterfactual
f60,0.6,confirmation,960221,/home/user/projects/AIDRBench/results/nature_mainline/workload_composition_v4/confirmation/f60/scenarios/single/hourly_seed_960221,8626a08a48ebbb2893c539991f9039fffbc864d5a83f609d093d36d25580418e,True,0.0,226.16616044220174,346,230,37739.52,batch_enriched_composition_counterfactual
f60,0.6,confirmation,960222,/home/user/projects/AIDRBench/results/nature_mainline/workload_composition_v4/confirmation/f60/scenarios/single/hourly_seed_960222,5cb4c9486e7d1070bb008fd8a7d1039d8cbba1f129702e65d5f3276ecb5c6a28,True,0.0,226.16616044220174,346,230,37739.52,batch_enriched_composition_counterfactual
f60,0.6,confirmation,960223,/home/user/projects/AIDRBench/results/nature_mainline/workload_composition_v4/confirmation/f60/scenarios/single/hourly_seed_960223,1d84c879fc88b5b4e1770799866abf8d84a68e8e4c04b8d5aa62a7e23ad5ba1b,True,0.0,226.16616044220174,346,230,37739.52,batch_enriched_composition_counterfactual
f60,0.6,confirmation,960224,/home/user/projects/AIDRBench/results/nature_mainline/workload_composition_v4/confirmation/f60/scenarios/single/hourly_seed_960224,86c85179dcd35e3a1d40c6225556de59ba1697989247467f53f82fcf10714a86,True,0.0,226.16616044220174,346,230,37739.52,batch_enriched_composition_counterfactual
f60,0.6,confirmation,960225,/home/user/projects/AIDRBench/results/nature_mainline/workload_composition_v4/confirmation/f60/scenarios/single/hourly_seed_960225,5215608ac2f4c8bcd958c2ef2e172faa83b45cbafa8c688040ed7b3831e52d71,True,0.0,226.16616044220174,346,230,37739.52,batch_enriched_composition_counterfactual
f60,0.6,confirmation,960226,/home/user/projects/AIDRBench/results/nature_mainline/workload_composition_v4/confirmation/f60/scenarios/single/hourly_seed_960226,a7eeaceb308efd6d3c4a406d6bb669f59cae1d473d2bf59d9c5a512575d23f1f,True,0.0,226.16616044220174,346,230,37739.52,batch_enriched_composition_counterfactual
f60,0.6,confirmation,960227,/home/user/projects/AIDRBench/results/nature_mainline/workload_composition_v4/confirmation/f60/scenarios/single/hourly_seed_960227,1d77fc1a32294a7c9efb5d1858ca09702f5a7c0449d6276bf76dd83a50217479,True,0.0,226.16616044220174,346,230,37739.52,batch_enriched_composition_counterfactual
f60,0.6,confirmation,960228,/home/user/projects/AIDRBench/results/nature_mainline/workload_composition_v4/confirmation/f60/scenarios/single/hourly_seed_960228,4a2cbb847ef25b5493e97545e61bc0c66e5e71920aee330b4171f85f32c013b5,True,0.0,226.16616044220174,346,230,37739.52,batch_enriched_composition_counterfactual
f60,0.6,confirmation,960229,/home/user/projects/AIDRBench/results/nature_mainline/workload_composition_v4/confirmation/f60/scenarios/single/hourly_seed_960229,5fa534c655d80090d5c8bff41c35fe4d0142df077e8100ace14906ac9a865f3c,True,0.0,226.16616044220174,346,230,37739.52,batch_enriched_composition_counterfactual
f60,0.6,confirmation,960230,/home/user/projects/AIDRBench/results/nature_mainline/workload_composition_v4/confirmation/f60/scenarios/single/hourly_seed_960230,a3b4991986ebfb7c1a119c03ce24e5765df8b155582ae13a128e8a479c2f9d1f,True,0.0,226.16616044220174,346,230,37739.52,batch_enriched_composition_counterfactual
f60,0.6,confirmation,960231,/home/user/projects/AIDRBench/results/nature_mainline/workload_composition_v4/confirmation/f60/scenarios/single/hourly_seed_960231,b8e19719733eed447b8b8d0e8690d7a59820b0d1a6dce36f98025f39b3076a5e,True,0.0,226.16616044220174,346,230,37739.52,batch_enriched_composition_counterfactual
f60,0.6,confirmation,960232,/home/user/projects/AIDRBench/results/nature_mainline/workload_composition_v4/confirmation/f60/scenarios/single/hourly_seed_960232,f51e83472367348f2fc1dcb7bb3fd0e6ae4dd399417e1d4a25d78955e902e6ed,True,0.0,226.16616044220174,346,230,37739.52,batch_enriched_composition_counterfactual
f60,0.6,confirmation,960233,/home/user/projects/AIDRBench/results/nature_mainline/workload_composition_v4/confirmation/f60/scenarios/single/hourly_seed_960233,3fd07d7dfe53a8e9c1abe037658c3e13ac425ae428969619fbbca42f5d8d0e53,True,0.0,226.16616044220174,346,230,37739.52,batch_enriched_composition_counterfactual
f60,0.6,confirmation,960234,/home/user/projects/AIDRBench/results/nature_mainline/workload_composition_v4/confirmation/f60/scenarios/single/hourly_seed_960234,496587c4dad3338eb3416effc7e0e53949cad05b1974a2888252d441ee14914f,True,0.0,226.16616044220174,346,230,37739.52,batch_enriched_composition_counterfactual
f60,0.6,confirmation,960235,/home/user/projects/AIDRBench/results/nature_mainline/workload_composition_v4/confirmation/f60/scenarios/single/hourly_seed_960235,915ea3fb4e957afb42a966e5a6b432be99d074fe5a036e8ea9754a522d754d6f,True,0.0,226.16616044220174,346,230,37739.52,batch_enriched_composition_counterfactual
f60,0.6,confirmation,960236,/home/user/projects/AIDRBench/results/nature_mainline/workload_composition_v4/confirmation/f60/scenarios/single/hourly_seed_960236,f0a26a3036f1e60386dd8cf9b33288bf3d34d467a9af4503241fbfb8ff2c74f4,True,0.0,226.16616044220174,346,230,37739.52,batch_enriched_composition_counterfactual
f60,0.6,confirmation,960237,/home/user/projects/AIDRBench/results/nature_mainline/workload_composition_v4/confirmation/f60/scenarios/single/hourly_seed_960237,809547d77598dea27dddf07981180110525c7f2b1f09e36eead7310b6261d87f,True,0.0,226.16616044220174,346,230,37739.52,batch_enriched_composition_counterfactual
f60,0.6,confirmation,960238,/home/user/projects/AIDRBench/results/nature_mainline/workload_composition_v4/confirmation/f60/scenarios/single/hourly_seed_960238,093f28fd8c2b2a6a3f677eaa335aba8f4b074ec2b45eeeef9819b713b45d7132,True,0.0,226.16616044220174,346,230,37739.52,batch_enriched_composition_counterfactual
f60,0.6,confirmation,960239,/home/user/projects/AIDRBench/results/nature_mainline/workload_composition_v4/confirmation/f60/scenarios/single/hourly_seed_960239,e7364ce2d4b90ad4e66e365c316d514688d23e00d8294d7bb830db75e0cc53ac,True,0.0,226.16616044220174,346,230,37739.52,batch_enriched_composition_counterfactual
f60,0.6,confirmation,960240,/home/user/projects/AIDRBench/results/nature_mainline/workload_composition_v4/confirmation/f60/scenarios/single/hourly_seed_960240,0da56a1c156b997a5d80934fe800c4f24c1126fa056a06339e7e76ca638a50e1,True,0.0,226.16616044220174,346,230,37739.52,batch_enriched_composition_counterfactual
f60,0.6,confirmation,960241,/home/user/projects/AIDRBench/results/nature_mainline/workload_composition_v4/confirmation/f60/scenarios/single/hourly_seed_960241,2ad49c4ecea543488756170519415a29924f943c052844fac48ad46488adbf2b,True,0.0,226.16616044220174,346,230,37739.52,batch_enriched_composition_counterfactual
f60,0.6,confirmation,960242,/home/user/projects/AIDRBench/results/nature_mainline/workload_composition_v4/confirmation/f60/scenarios/single/hourly_seed_960242,ed0d7d94cc1297185026c6e11bc13006381f0d7315fb34d18078ff657fe3278c,True,0.0,226.16616044220174,346,230,37739.52,batch_enriched_composition_counterfactual
f60,0.6,confirmation,960243,/home/user/projects/AIDRBench/results/nature_mainline/workload_composition_v4/confirmation/f60/scenarios/single/hourly_seed_960243,0723513a9f8b5185f337ddb4f958e44c2dcb66e0d494ac70b5de06c71d3fd063,True,0.0,226.16616044220174,346,230,37739.52,batch_enriched_composition_counterfactual
f60,0.6,confirmation,960244,/home/user/projects/AIDRBench/results/nature_mainline/workload_composition_v4/confirmation/f60/scenarios/single/hourly_seed_960244,0ba4dd1827af8152fabfd79a8d6433c919e9696cb74e586785f7d32136e50c46,True,0.0,226.16616044220174,346,230,37739.52,batch_enriched_composition_counterfactual
f60,0.6,confirmation,960245,/home/user/projects/AIDRBench/results/nature_mainline/workload_composition_v4/confirmation/f60/scenarios/single/hourly_seed_960245,a821fee53a57811d41563dc22c3f597ed7931e736b693104a975a8c67ef79500,True,0.0,226.16616044220174,346,230,37739.52,batch_enriched_composition_counterfactual
f60,0.6,confirmation,960246,/home/user/projects/AIDRBench/results/nature_mainline/workload_composition_v4/confirmation/f60/scenarios/single/hourly_seed_960246,5c2a06d15ea4594dbeee42178eab837a524a94ba49e9a0ffd176bffed0065cce,True,0.0,226.16616044220174,346,230,37739.52,batch_enriched_composition_counterfactual
f60,0.6,confirmation,960247,/home/user/projects/AIDRBench/results/nature_mainline/workload_composition_v4/confirmation/f60/scenarios/single/hourly_seed_960247,2bd786b8a9803494989d3416f7fdb50ebd3f6e5356af2b0f808db439bb72f712,True,0.0,226.16616044220174,346,230,37739.52,batch_enriched_composition_counterfactual
f60,0.6,confirmation,960248,/home/user/projects/AIDRBench/results/nature_mainline/workload_composition_v4/confirmation/f60/scenarios/single/hourly_seed_960248,68f36cdf82dc23f611fd59ecb3efb6c60059c435301ee82c5e0bf98d63dfece2,True,0.0,226.16616044220174,346,230,37739.52,batch_enriched_composition_counterfactual
f60,0.6,confirmation,960249,/home/user/projects/AIDRBench/results/nature_mainline/workload_composition_v4/confirmation/f60/scenarios/single/hourly_seed_960249,17dd2f36063f9002f57ad97e86340db6d539de7a19e61a5382f22040cbacc565,True,0.0,226.16616044220174,346,230,37739.52,batch_enriched_composition_counterfactual
f60,0.6,confirmation,960250,/home/user/projects/AIDRBench/results/nature_mainline/workload_composition_v4/confirmation/f60/scenarios/single/hourly_seed_960250,d32ccdce49342d63369af5b388ac63f962567db8a1371760642fe2792fa51022,True,0.0,226.16616044220174,346,230,37739.52,batch_enriched_composition_counterfactual
f60,0.6,confirmation,960251,/home/user/projects/AIDRBench/results/nature_mainline/workload_composition_v4/confirmation/f60/scenarios/single/hourly_seed_960251,1a5c29010fb4638de69d1863a4dd2582d09cfe56676044e64f42ef5ce837235c,True,0.0,226.16616044220174,346,230,37739.52,batch_enriched_composition_counterfactual
f60,0.6,confirmation,960252,/home/user/projects/AIDRBench/results/nature_mainline/workload_composition_v4/confirmation/f60/scenarios/single/hourly_seed_960252,93f0cc418fa2147aafe3080aa14ab754b1e2b01ee345bf602938ad17156310c6,True,0.0,226.16616044220174,346,230,37739.52,batch_enriched_composition_counterfactual
f60,0.6,confirmation,960253,/home/user/projects/AIDRBench/results/nature_mainline/workload_composition_v4/confirmation/f60/scenarios/single/hourly_seed_960253,4d49fc96c5d1d1ee7892f652dd406297a57d85f1856325472523ed731494c942,True,0.0,226.16616044220174,346,230,37739.52,batch_enriched_composition_counterfactual
f60,0.6,confirmation,960254,/home/user/projects/AIDRBench/results/nature_mainline/workload_composition_v4/confirmation/f60/scenarios/single/hourly_seed_960254,c7983556adc3348e75120270af9f9c4b1ea7bebcc9ef3d85ef6105ab359afb2c,True,0.0,226.16616044220174,346,230,37739.52,batch_enriched_composition_counterfactual
f60,0.6,confirmation,960255,/home/user/projects/AIDRBench/results/nature_mainline/workload_composition_v4/confirmation/f60/scenarios/single/hourly_seed_960255,d298859d2e529de2efce9a2df0c220afbe93d4ad325a810624ca3b6307743b83,True,0.0,226.16616044220174,346,230,37739.52,batch_enriched_composition_counterfactual
f60,0.6,confirmation,960256,/home/user/projects/AIDRBench/results/nature_mainline/workload_composition_v4/confirmation/f60/scenarios/single/hourly_seed_960256,d844532bdb5bfc71f1c38b612b206639b74c158cae6430dc64941a50ce3caa47,True,0.0,226.16616044220174,346,230,37739.52,batch_enriched_composition_counterfactual
f60,0.6,confirmation,960257,/home/user/projects/AIDRBench/results/nature_mainline/workload_composition_v4/confirmation/f60/scenarios/single/hourly_seed_960257,6375a9310eea88e65de3922a1a67d754ce927f29fc16f9750889df464c17d8ae,True,0.0,226.16616044220174,346,230,37739.52,batch_enriched_composition_counterfactual
f60,0.6,confirmation,960258,/home/user/projects/AIDRBench/results/nature_mainline/workload_composition_v4/confirmation/f60/scenarios/single/hourly_seed_960258,4c6de13ded2a0abcdc7f36add7fabcc269cc9d98e209e976886c95ea8c12e5dc,True,0.0,226.16616044220174,346,230,37739.52,batch_enriched_composition_counterfactual
f60,0.6,confirmation,960259,/home/user/projects/AIDRBench/results/nature_mainline/workload_composition_v4/confirmation/f60/scenarios/single/hourly_seed_960259,0c89181655eaf744a9a8d1ed2b76bdfa2ce34f2e9c03cb01f035cd8035b22d2e,True,0.0,226.16616044220174,346,230,37739.52,batch_enriched_composition_counterfactual
f60,0.6,confirmation,960260,/home/user/projects/AIDRBench/results/nature_mainline/workload_composition_v4/confirmation/f60/scenarios/single/hourly_seed_960260,204902386ee2de6ae9f0858041b5decccb6e18a0bf31aafb60af0cb8680924e4,True,0.0,226.16616044220174,346,230,37739.52,batch_enriched_composition_counterfactual
f60,0.6,confirmation,960261,/home/user/projects/AIDRBench/results/nature_mainline/workload_composition_v4/confirmation/f60/scenarios/single/hourly_seed_960261,42a8b08961b78999ceca2f97b03c42b3b2a01d701cd6867589c55eddfbb5fd2d,True,0.0,226.16616044220174,346,230,37739.52,batch_enriched_composition_counterfactual
f60,0.6,confirmation,960262,/home/user/projects/AIDRBench/results/nature_mainline/workload_composition_v4/confirmation/f60/scenarios/single/hourly_seed_960262,905f0000ab66835e62c77f9f5dcaaa1aab2c0d8f22e0b684660b93137fb089cb,True,0.0,226.16616044220174,346,230,37739.52,batch_enriched_composition_counterfactual
f60,0.6,confirmation,960263,/home/user/projects/AIDRBench/results/nature_mainline/workload_composition_v4/confirmation/f60/scenarios/single/hourly_seed_960263,cb2e4de24c869bf5ec3739ed2c1f6b67f8cc367e79cdd2916d2adf504fd44dff,True,0.0,226.16616044220174,346,230,37739.52,batch_enriched_composition_counterfactual
f60,0.6,confirmation,960264,/home/user/projects/AIDRBench/results/nature_mainline/workload_composition_v4/confirmation/f60/scenarios/single/hourly_seed_960264,024fcc0669e54e6357b9f479537207312ad26b48937d533bb985173cb395e48f,True,0.0,226.16616044220174,346,230,37739.52,batch_enriched_composition_counterfactual
f60,0.6,confirmation,960265,/home/user/projects/AIDRBench/results/nature_mainline/workload_composition_v4/confirmation/f60/scenarios/single/hourly_seed_960265,8fd996e8892c334c7fded00c14b5990bf34935182ab9a8e7a7686d9f9c346e3a,True,0.0,226.16616044220174,346,230,37739.52,batch_enriched_composition_counterfactual
f60,0.6,confirmation,960266,/home/user/projects/AIDRBench/results/nature_mainline/workload_composition_v4/confirmation/f60/scenarios/single/hourly_seed_960266,908546fc1238aa36101be7d10f9d74986e15a4392756410998664ac97b2d9482,True,0.0,226.16616044220174,346,230,37739.52,batch_enriched_composition_counterfactual
f60,0.6,confirmation,960267,/home/user/projects/AIDRBench/results/nature_mainline/workload_composition_v4/confirmation/f60/scenarios/single/hourly_seed_960267,71a0ddcd1d43cf29cdc9494c7330f86ab4dc84f92aea2229cb99c868c73c096a,True,0.0,226.16616044220174,346,230,37739.52,batch_enriched_composition_counterfactual
f60,0.6,confirmation,960268,/home/user/projects/AIDRBench/results/nature_mainline/workload_composition_v4/confirmation/f60/scenarios/single/hourly_seed_960268,0bbe404667eae2e61c443430327706994ee17c7d4ffa977546792e1e7b27ef24,True,0.0,226.16616044220174,346,230,37739.52,batch_enriched_composition_counterfactual
f60,0.6,confirmation,960269,/home/user/projects/AIDRBench/results/nature_mainline/workload_composition_v4/confirmation/f60/scenarios/single/hourly_seed_960269,77fdacce7899ea5c6f77489f81806c8c2169406e7145df3bbe08fc1616331729,True,0.0,226.16616044220174,346,230,37739.52,batch_enriched_composition_counterfactual
f60,0.6,confirmation,960270,/home/user/projects/AIDRBench/results/nature_mainline/workload_composition_v4/confirmation/f60/scenarios/single/hourly_seed_960270,1825e43292706681cc8e68b4cdb10031d0fda80a5f214e1c2beca98df49728f4,True,0.0,226.16616044220174,346,230,37739.52,batch_enriched_composition_counterfactual
f60,0.6,confirmation,960271,/home/user/projects/AIDRBench/results/nature_mainline/workload_composition_v4/confirmation/f60/scenarios/single/hourly_seed_960271,2fbcd05657934062d72f0dfeb0a31ad38bca9785ac766019bf6ace8e03a6c353,True,0.0,226.16616044220174,346,230,37739.52,batch_enriched_composition_counterfactual
f60,0.6,confirmation,960272,/home/user/projects/AIDRBench/results/nature_mainline/workload_composition_v4/confirmation/f60/scenarios/single/hourly_seed_960272,6457d411940b28e4623e53b813fb21c1d7151d88bbc5489296c8c8dee6c3e4bf,True,0.0,226.16616044220174,346,230,37739.52,batch_enriched_composition_counterfactual
f60,0.6,confirmation,960273,/home/user/projects/AIDRBench/results/nature_mainline/workload_composition_v4/confirmation/f60/scenarios/single/hourly_seed_960273,c0a2ef00fcac7bc24a3b7cad3423c81f6ce39110bcaeda749fd698f22387db41,True,0.0,226.16616044220174,346,230,37739.52,batch_enriched_composition_counterfactual
f60,0.6,confirmation,960274,/home/user/projects/AIDRBench/results/nature_mainline/workload_composition_v4/confirmation/f60/scenarios/single/hourly_seed_960274,463435211af8e1dea9b53cd09d2027825d260bb7eba5f9fdf21ea5303b9adc5e,True,0.0,226.16616044220174,346,230,37739.52,batch_enriched_composition_counterfactual
f60,0.6,confirmation,960275,/home/user/projects/AIDRBench/results/nature_mainline/workload_composition_v4/confirmation/f60/scenarios/single/hourly_seed_960275,d5624bf4b444b825f6418472dde5e8099fe4cf469458125095ffddad25d941cc,True,0.0,226.16616044220174,346,230,37739.52,batch_enriched_composition_counterfactual
f60,0.6,confirmation,960276,/home/user/projects/AIDRBench/results/nature_mainline/workload_composition_v4/confirmation/f60/scenarios/single/hourly_seed_960276,183b6943085eba6ed96d82e12179456be8b90bd6a0a59e7656dd1eb9f16a5c85,True,0.0,226.16616044220174,346,230,37739.52,batch_enriched_composition_counterfactual
f60,0.6,confirmation,960277,/home/user/projects/AIDRBench/results/nature_mainline/workload_composition_v4/confirmation/f60/scenarios/single/hourly_seed_960277,075733012239be58b49e7550b8967986f3d71719caab3ee6cd87337201884b1a,True,0.0,226.16616044220174,346,230,37739.52,batch_enriched_composition_counterfactual
f60,0.6,confirmation,960278,/home/user/projects/AIDRBench/results/nature_mainline/workload_composition_v4/confirmation/f60/scenarios/single/hourly_seed_960278,0fafb857369382d4f72b4092f8a931591ce18932cfd86c44493a3c625f65ecd2,True,0.0,226.16616044220174,346,230,37739.52,batch_enriched_composition_counterfactual
f60,0.6,confirmation,960279,/home/user/projects/AIDRBench/results/nature_mainline/workload_composition_v4/confirmation/f60/scenarios/single/hourly_seed_960279,447c4664596c87b4c131b924bca6d8f3e9fc2c2d067e501c138ee039ed530ef4,True,0.0,226.16616044220174,346,230,37739.52,batch_enriched_composition_counterfactual
f60,0.6,confirmation,960280,/home/user/projects/AIDRBench/results/nature_mainline/workload_composition_v4/confirmation/f60/scenarios/single/hourly_seed_960280,f22d1bcf890eb7fbcaa63047c7ffd1ffdfad3507dc4634aee6ae4e98cd9f9740,True,0.0,226.16616044220174,346,230,37739.52,batch_enriched_composition_counterfactual
f60,0.6,confirmation,960281,/home/user/projects/AIDRBench/results/nature_mainline/workload_composition_v4/confirmation/f60/scenarios/single/hourly_seed_960281,2faec9d559494218a5490beda5e41bba56ce41f8d88af779f233fd8d5823cd7f,True,0.0,226.16616044220174,346,230,37739.52,batch_enriched_composition_counterfactual
f60,0.6,confirmation,960282,/home/user/projects/AIDRBench/results/nature_mainline/workload_composition_v4/confirmation/f60/scenarios/single/hourly_seed_960282,0ac470d20b2894bc4ea9487434ab77b1ede82cb2ab33ef825e0caf78383c6a01,True,0.0,226.16616044220174,346,230,37739.52,batch_enriched_composition_counterfactual
f60,0.6,confirmation,960283,/home/user/projects/AIDRBench/results/nature_mainline/workload_composition_v4/confirmation/f60/scenarios/single/hourly_seed_960283,b38f14e78571f3bd3942c0236d2beea8f712893912f77f5590afc7d353b7e703,True,0.0,226.16616044220174,346,230,37739.52,batch_enriched_composition_counterfactual
f60,0.6,confirmation,960284,/home/user/projects/AIDRBench/results/nature_mainline/workload_composition_v4/confirmation/f60/scenarios/single/hourly_seed_960284,8cd66860bd89c18dc2162beab23fd9bb3fc7888b9e1928b714062bd9907f939a,True,0.0,226.16616044220174,346,230,37739.52,batch_enriched_composition_counterfactual
f60,0.6,confirmation,960285,/home/user/projects/AIDRBench/results/nature_mainline/workload_composition_v4/confirmation/f60/scenarios/single/hourly_seed_960285,6b0d04f6c991080873870c454a701cd934f1a62145879e0ab127b58dc93123e2,True,0.0,226.16616044220174,346,230,37739.52,batch_enriched_composition_counterfactual
f60,0.6,confirmation,960286,/home/user/projects/AIDRBench/results/nature_mainline/workload_composition_v4/confirmation/f60/scenarios/single/hourly_seed_960286,2247e09e618c8d50259ea85051327694a4cc829b95f539a9ceed556b1f5417d6,True,0.0,226.16616044220174,346,230,37739.52,batch_enriched_composition_counterfactual
f60,0.6,confirmation,960287,/home/user/projects/AIDRBench/results/nature_mainline/workload_composition_v4/confirmation/f60/scenarios/single/hourly_seed_960287,34edc02b743767d77b18f40b70010da0e744bdeb1d48e8607d13685f1a210d86,True,0.0,226.16616044220174,346,230,37739.52,batch_enriched_composition_counterfactual
f60,0.6,confirmation,960288,/home/user/projects/AIDRBench/results/nature_mainline/workload_composition_v4/confirmation/f60/scenarios/single/hourly_seed_960288,0cb51c10e76c1198c2826a0788d4b2016dceb2d56135f91f1a0105ee1c9610c0,True,0.0,226.16616044220174,346,230,37739.52,batch_enriched_composition_counterfactual
f60,0.6,confirmation,960289,/home/user/projects/AIDRBench/results/nature_mainline/workload_composition_v4/confirmation/f60/scenarios/single/hourly_seed_960289,8aca1fd3fb62088b6b59e6f117048480a55af95193e1f565832230dacb73b7b1,True,0.0,226.16616044220174,346,230,37739.52,batch_enriched_composition_counterfactual
f60,0.6,confirmation,960290,/home/user/projects/AIDRBench/results/nature_mainline/workload_composition_v4/confirmation/f60/scenarios/single/hourly_seed_960290,91c0b64a34c55d9878caf7c6ccc52a3cebfdc97041b4f03b54e9734225cfbf46,True,0.0,226.16616044220174,346,230,37739.52,batch_enriched_composition_counterfactual
f60,0.6,confirmation,960291,/home/user/projects/AIDRBench/results/nature_mainline/workload_composition_v4/confirmation/f60/scenarios/single/hourly_seed_960291,b7d1b54cdff150dd46aec1905e6734fef31dad9e10f573a5a2b2513f7b7653bf,True,0.0,226.16616044220174,346,230,37739.52,batch_enriched_composition_counterfactual
f60,0.6,confirmation,960292,/home/user/projects/AIDRBench/results/nature_mainline/workload_composition_v4/confirmation/f60/scenarios/single/hourly_seed_960292,21800761d1813a07d79371c3d10875f41d6369918f3cae75b244a165e83b9877,True,0.0,226.16616044220174,346,230,37739.52,batch_enriched_composition_counterfactual
f60,0.6,confirmation,960293,/home/user/projects/AIDRBench/results/nature_mainline/workload_composition_v4/confirmation/f60/scenarios/single/hourly_seed_960293,bd2a128aff14e4faa2b8a23bf480edefb6bd9e006a4cee357e3e230455c9a88f,True,0.0,226.16616044220174,346,230,37739.52,batch_enriched_composition_counterfactual
f60,0.6,confirmation,960294,/home/user/projects/AIDRBench/results/nature_mainline/workload_composition_v4/confirmation/f60/scenarios/single/hourly_seed_960294,9606e97366de15d1d26878e68df2173ba12d7393c193d8efe585b03ba5f25015,True,0.0,226.16616044220174,346,230,37739.52,batch_enriched_composition_counterfactual
f60,0.6,confirmation,960295,/home/user/projects/AIDRBench/results/nature_mainline/workload_composition_v4/confirmation/f60/scenarios/single/hourly_seed_960295,f1fbcda7cc0d3922a54c0a1d294a4fa47f718c7eaba0a4e0f641c64427a9464d,True,0.0,226.16616044220174,346,230,37739.52,batch_enriched_composition_counterfactual
f60,0.6,confirmation,960296,/home/user/projects/AIDRBench/results/nature_mainline/workload_composition_v4/confirmation/f60/scenarios/single/hourly_seed_960296,c325bbfb174bc01cf93ca71744d3e75406814a0b8a1969be4daf3c5089e701a4,True,0.0,226.16616044220174,346,230,37739.52,batch_enriched_composition_counterfactual
f60,0.6,confirmation,960297,/home/user/projects/AIDRBench/results/nature_mainline/workload_composition_v4/confirmation/f60/scenarios/single/hourly_seed_960297,d79a62a5732f4ca3e492ca618a56ef6a5735f485234477e7432c0f0a232b819f,True,0.0,226.16616044220174,346,230,37739.52,batch_enriched_composition_counterfactual
f60,0.6,confirmation,960298,/home/user/projects/AIDRBench/results/nature_mainline/workload_composition_v4/confirmation/f60/scenarios/single/hourly_seed_960298,3859b38e64bc081043e4703d14199e46b8571ed9e75700c0bca90c1357f697ba,True,0.0,226.16616044220174,346,230,37739.52,batch_enriched_composition_counterfactual
f60,0.6,confirmation,960299,/home/user/projects/AIDRBench/results/nature_mainline/workload_composition_v4/confirmation/f60/scenarios/single/hourly_seed_960299,e13ed602d013c988c139329c77a24946849b6359c0a3805d2ccd9d296cb4054e,True,0.0,226.16616044220174,346,230,37739.52,batch_enriched_composition_counterfactual
f05,0.05,development,930000,/home/user/projects/AIDRBench/results/nature_mainline/workload_composition_v4/development/f05/scenarios/single/hourly_seed_930000,5e73cb66ff29da85b5fc32630772576b73dc43a222fdf6509d1632f457ec20eb,True,0.0,189.93589068897205,29,547,3144.96,LP_batch_permission_scenario
f05,0.05,development,930001,/home/user/projects/AIDRBench/results/nature_mainline/workload_composition_v4/development/f05/scenarios/single/hourly_seed_930001,4f256d85aced6e91144d53accb5ccc0990811e46c059e5b58167bce2233e7dd7,True,0.0,189.93589068897205,29,547,3144.96,LP_batch_permission_scenario
f05,0.05,development,930002,/home/user/projects/AIDRBench/results/nature_mainline/workload_composition_v4/development/f05/scenarios/single/hourly_seed_930002,8ded8e742a7f3467593dbcee59714349c047fdc76ca12d6e0598f7d1a043efed,True,0.0,189.93589068897205,29,547,3144.96,LP_batch_permission_scenario
f05,0.05,development,930003,/home/user/projects/AIDRBench/results/nature_mainline/workload_composition_v4/development/f05/scenarios/single/hourly_seed_930003,2c45824c0c18c04f5001177c360ce676b985ef9799f02bebcd88f5d5b800ec79,True,0.0,189.93589068897205,29,547,3144.96,LP_batch_permission_scenario
f05,0.05,development,930004,/home/user/projects/AIDRBench/results/nature_mainline/workload_composition_v4/development/f05/scenarios/single/hourly_seed_930004,a491ab52d06a70be2de12af9aed0f28656c49a328c72a91d3a03653d1024b117,True,0.0,189.93589068897205,29,547,3144.96,LP_batch_permission_scenario
f05,0.05,development,930005,/home/user/projects/AIDRBench/results/nature_mainline/workload_composition_v4/development/f05/scenarios/single/hourly_seed_930005,db1074a22b629bb164ce8d36c43240838ab6e4db1f01af1c846e12c5b61e1f1e,True,0.0,189.93589068897205,29,547,3144.96,LP_batch_permission_scenario
f05,0.05,development,930006,/home/user/projects/AIDRBench/results/nature_mainline/workload_composition_v4/development/f05/scenarios/single/hourly_seed_930006,a84429d4d9ea539fe2a0e80964b94f391ef5845bc5d83fd5a122e94116380137,True,0.0,189.93589068897205,29,547,3144.96,LP_batch_permission_scenario
f05,0.05,development,930007,/home/user/projects/AIDRBench/results/nature_mainline/workload_composition_v4/development/f05/scenarios/single/hourly_seed_930007,030234b68a05b1f8d932285cbc3d6972e401acad0c698fe342ae9e2a494ccc0c,True,0.0,189.93589068897205,29,547,3144.96,LP_batch_permission_scenario
f05,0.05,development,930008,/home/user/projects/AIDRBench/results/nature_mainline/workload_composition_v4/development/f05/scenarios/single/hourly_seed_930008,bca9774b8bd3570a0b36ff0dae6a898d4e78966e7d1a4833b7fee9a76c0e681e,True,0.0,189.93589068897205,29,547,3144.96,LP_batch_permission_scenario
f05,0.05,development,930009,/home/user/projects/AIDRBench/results/nature_mainline/workload_composition_v4/development/f05/scenarios/single/hourly_seed_930009,dc37fa0ffb9cfebf53b80673dbf61beb0f8399479bcc21b5aec9d7109426d1f7,True,0.0,189.93589068897205,29,547,3144.96,LP_batch_permission_scenario
f05,0.05,development,930010,/home/user/projects/AIDRBench/results/nature_mainline/workload_composition_v4/development/f05/scenarios/single/hourly_seed_930010,7c169789ece53a2c477a2c57ea99a203556418bf3901ee11cb524155fa276606,True,0.0,189.93589068897205,29,547,3144.96,LP_batch_permission_scenario
f05,0.05,development,930011,/home/user/projects/AIDRBench/results/nature_mainline/workload_composition_v4/development/f05/scenarios/single/hourly_seed_930011,8164ee212b07d07195b4adabbafe28ea233eec7c5917217f6aaa636bde67d4eb,True,0.0,189.93589068897205,29,547,3144.96,LP_batch_permission_scenario
f05,0.05,development,930012,/home/user/projects/AIDRBench/results/nature_mainline/workload_composition_v4/development/f05/scenarios/single/hourly_seed_930012,d15847a9ed004375dc34b26f5f5f311507c9aef252cb1d1cb05321fda513acfc,True,0.0,189.93589068897205,29,547,3144.96,LP_batch_permission_scenario
f05,0.05,development,930013,/home/user/projects/AIDRBench/results/nature_mainline/workload_composition_v4/development/f05/scenarios/single/hourly_seed_930013,79ce1ba2253af7e9f014da223f67f748e6c76014cc01c3fd360c3d2f102f88bc,True,0.0,189.93589068897205,29,547,3144.96,LP_batch_permission_scenario
f05,0.05,development,930014,/home/user/projects/AIDRBench/results/nature_mainline/workload_composition_v4/development/f05/scenarios/single/hourly_seed_930014,0ebc6d26cd2ef9fdb4eab90f9aa3210ec96840c3bdd04373bd041b312d707233,True,0.0,189.93589068897205,29,547,3144.96,LP_batch_permission_scenario
f05,0.05,development,930015,/home/user/projects/AIDRBench/results/nature_mainline/workload_composition_v4/development/f05/scenarios/single/hourly_seed_930015,0c4920b7bdfd464336af0de6d508a179e40cb5ecab3ae360d0cbf0ad122a0b6a,True,0.0,189.93589068897205,29,547,3144.96,LP_batch_permission_scenario
f05,0.05,development,930016,/home/user/projects/AIDRBench/results/nature_mainline/workload_composition_v4/development/f05/scenarios/single/hourly_seed_930016,2c667e3524c9f27b3dbf04748d9113d05a0a140fc5f9639a2f0d0731affe39d5,True,0.0,189.93589068897205,29,547,3144.96,LP_batch_permission_scenario
f05,0.05,development,930017,/home/user/projects/AIDRBench/results/nature_mainline/workload_composition_v4/development/f05/scenarios/single/hourly_seed_930017,58e695629cc3c736a23c2265c2084a55b61771b31927b3ada336bc5487a0b695,True,0.0,189.93589068897205,29,547,3144.96,LP_batch_permission_scenario
f05,0.05,development,930018,/home/user/projects/AIDRBench/results/nature_mainline/workload_composition_v4/development/f05/scenarios/single/hourly_seed_930018,873f7401a48f2b9848c1c2494b942cfcdc9b31f5778786e1d424935c5963240d,True,0.0,189.93589068897205,29,547,3144.96,LP_batch_permission_scenario
f05,0.05,development,930019,/home/user/projects/AIDRBench/results/nature_mainline/workload_composition_v4/development/f05/scenarios/single/hourly_seed_930019,556669528b02908f9deda9f1256e83150bcc9bf2c299d9d64cfb5630a9dac2b4,True,0.0,189.93589068897205,29,547,3144.96,LP_batch_permission_scenario
f05,0.05,development,930020,/home/user/projects/AIDRBench/results/nature_mainline/workload_composition_v4/development/f05/scenarios/single/hourly_seed_930020,f332916915896dcd41982e5adc6ba1852ec508c815db5864266cf0cd497dc712,True,0.0,189.93589068897205,29,547,3144.96,LP_batch_permission_scenario
f05,0.05,development,930021,/home/user/projects/AIDRBench/results/nature_mainline/workload_composition_v4/development/f05/scenarios/single/hourly_seed_930021,af44932def425d8a37bc966ec4b99c8796efc82e4c86029e23f58c7385f4b968,True,0.0,189.93589068897205,29,547,3144.96,LP_batch_permission_scenario
f05,0.05,development,930022,/home/user/projects/AIDRBench/results/nature_mainline/workload_composition_v4/development/f05/scenarios/single/hourly_seed_930022,01ce078e9604a73ab76095f8b23c27dcf7de5452c033c896af44abfa574f8274,True,0.0,189.93589068897205,29,547,3144.96,LP_batch_permission_scenario
f05,0.05,development,930023,/home/user/projects/AIDRBench/results/nature_mainline/workload_composition_v4/development/f05/scenarios/single/hourly_seed_930023,0fec3e252b3faa42546548f6211228dbd81c1cca4cb6959bf2b75ca6ab4e8966,True,0.0,189.93589068897205,29,547,3144.96,LP_batch_permission_scenario
f05,0.05,development,930024,/home/user/projects/AIDRBench/results/nature_mainline/workload_composition_v4/development/f05/scenarios/single/hourly_seed_930024,7e6b760fe534ee9d5e7d1c7a5d7e6eba901847bcde32078f9e08d7c6c0c491db,True,0.0,189.93589068897205,29,547,3144.96,LP_batch_permission_scenario
f05,0.05,development,930025,/home/user/projects/AIDRBench/results/nature_mainline/workload_composition_v4/development/f05/scenarios/single/hourly_seed_930025,21cb8792ac64c8bfb8bb1c494acecc56597c6bd11913ca2d1c7b9d8dfd16f9a9,True,0.0,189.93589068897205,29,547,3144.96,LP_batch_permission_scenario
f05,0.05,development,930026,/home/user/projects/AIDRBench/results/nature_mainline/workload_composition_v4/development/f05/scenarios/single/hourly_seed_930026,021a9487c23600285e585758d05cded4f03c707e31820237859aeaf4ac7819e1,True,0.0,189.93589068897205,29,547,3144.96,LP_batch_permission_scenario
f05,0.05,development,930027,/home/user/projects/AIDRBench/results/nature_mainline/workload_composition_v4/development/f05/scenarios/single/hourly_seed_930027,12dba123241a23db644b607369b74a2b7fa8937254fae87c0d6037088aeeee26,True,0.0,189.93589068897205,29,547,3144.96,LP_batch_permission_scenario
f05,0.05,development,930028,/home/user/projects/AIDRBench/results/nature_mainline/workload_composition_v4/development/f05/scenarios/single/hourly_seed_930028,f092f1fb8964c0da4a4c709d8a55deebcb49ab1b6547f292c62c0db528c1d18c,True,0.0,189.93589068897205,29,547,3144.96,LP_batch_permission_scenario
f05,0.05,development,930029,/home/user/projects/AIDRBench/results/nature_mainline/workload_composition_v4/development/f05/scenarios/single/hourly_seed_930029,b0d9230d9e25be2ff54d2506b160edd50c0708184b2d82ab496cae8157018690,True,0.0,189.93589068897205,29,547,3144.96,LP_batch_permission_scenario
f05,0.05,development,930030,/home/user/projects/AIDRBench/results/nature_mainline/workload_composition_v4/development/f05/scenarios/single/hourly_seed_930030,733c1860da6d648fb73f5353fec08227b4aeb6aebd372cf597ab59c34693e24e,True,0.0,189.93589068897205,29,547,3144.96,LP_batch_permission_scenario
f05,0.05,development,930031,/home/user/projects/AIDRBench/results/nature_mainline/workload_composition_v4/development/f05/scenarios/single/hourly_seed_930031,9e8491d5826c3f7c344ef1cb738e4f8db68652e25fd614a697af815439fa1ca4,True,0.0,189.93589068897205,29,547,3144.96,LP_batch_permission_scenario
f05,0.05,development,930032,/home/user/projects/AIDRBench/results/nature_mainline/workload_composition_v4/development/f05/scenarios/single/hourly_seed_930032,75d64745aacd1dd88551cfb70f730a2158da6fb0ad093d7bdf940fa450d0625d,True,0.0,189.93589068897205,29,547,3144.96,LP_batch_permission_scenario
f05,0.05,development,930033,/home/user/projects/AIDRBench/results/nature_mainline/workload_composition_v4/development/f05/scenarios/single/hourly_seed_930033,aabad5a13deb190dc53c2e48b39377d3dd32ac6db778373e6a97c5246ea30117,True,0.0,189.93589068897205,29,547,3144.96,LP_batch_permission_scenario
f05,0.05,development,930034,/home/user/projects/AIDRBench/results/nature_mainline/workload_composition_v4/development/f05/scenarios/single/hourly_seed_930034,6027d63c0b5310ce55b75cff32ee16a9e6a3de9df52e9cb2a40ce8b332178a40,True,0.0,189.93589068897205,29,547,3144.96,LP_batch_permission_scenario
f05,0.05,development,930035,/home/user/projects/AIDRBench/results/nature_mainline/workload_composition_v4/development/f05/scenarios/single/hourly_seed_930035,1ac642e3dcf4b1e0f0aa29a3dea29da845bc5d67da580d6b3ceb11be08260ba5,True,0.0,189.93589068897205,29,547,3144.96,LP_batch_permission_scenario
f05,0.05,development,930036,/home/user/projects/AIDRBench/results/nature_mainline/workload_composition_v4/development/f05/scenarios/single/hourly_seed_930036,e59ad2a3d64d79b1054aa1495e803622db813383eab2ab8c5b6ef68f72cdc997,True,0.0,189.93589068897205,29,547,3144.96,LP_batch_permission_scenario
f05,0.05,development,930037,/home/user/projects/AIDRBench/results/nature_mainline/workload_composition_v4/development/f05/scenarios/single/hourly_seed_930037,9445a53594523d8f07be3f87cd602c66f0780dd661774f43c980fd345bdf698a,True,0.0,189.93589068897205,29,547,3144.96,LP_batch_permission_scenario
f05,0.05,development,930038,/home/user/projects/AIDRBench/results/nature_mainline/workload_composition_v4/development/f05/scenarios/single/hourly_seed_930038,b5b323e22def19d0ee5d61521069811d9b2ac9cfb00224d424d57a7d0be0e562,True,0.0,189.93589068897205,29,547,3144.96,LP_batch_permission_scenario
f05,0.05,development,930039,/home/user/projects/AIDRBench/results/nature_mainline/workload_composition_v4/development/f05/scenarios/single/hourly_seed_930039,29d3428e876a10b185f10cb2fb78be33561e1e4eec585d4a143895b475c69932,True,0.0,189.93589068897205,29,547,3144.96,LP_batch_permission_scenario
f05,0.05,development,930040,/home/user/projects/AIDRBench/results/nature_mainline/workload_composition_v4/development/f05/scenarios/single/hourly_seed_930040,3c6ad38a658b08103edd1f0274895248d5f51cf898f5e79098ebe8c614de6cc2,True,0.0,189.93589068897205,29,547,3144.96,LP_batch_permission_scenario
f05,0.05,development,930041,/home/user/projects/AIDRBench/results/nature_mainline/workload_composition_v4/development/f05/scenarios/single/hourly_seed_930041,ac4c8f1cbe4ff2d2fedeb871291493eea9b026ca6779a0169b00fa79d1da71de,True,0.0,189.93589068897205,29,547,3144.96,LP_batch_permission_scenario
f05,0.05,development,930042,/home/user/projects/AIDRBench/results/nature_mainline/workload_composition_v4/development/f05/scenarios/single/hourly_seed_930042,762d10d262a7f91b3c7b3073926fbcc98823c06e923449bec9c4d5320c308d7e,True,0.0,189.93589068897205,29,547,3144.96,LP_batch_permission_scenario
f05,0.05,development,930043,/home/user/projects/AIDRBench/results/nature_mainline/workload_composition_v4/development/f05/scenarios/single/hourly_seed_930043,9deb994723c05b72800f102a3071570bc8787e6cf60f1575d82c6d192e434836,True,0.0,189.93589068897205,29,547,3144.96,LP_batch_permission_scenario
f05,0.05,development,930044,/home/user/projects/AIDRBench/results/nature_mainline/workload_composition_v4/development/f05/scenarios/single/hourly_seed_930044,88ddd47f5c9441af16fed8fdb31669bfd3ade016ff4423ac9fedcd11bcdcfd40,True,0.0,189.93589068897205,29,547,3144.96,LP_batch_permission_scenario
f05,0.05,development,930045,/home/user/projects/AIDRBench/results/nature_mainline/workload_composition_v4/development/f05/scenarios/single/hourly_seed_930045,c3e74054f6e9dc4d7e2c39150decbf02eac006e40c9c6f5089baab85e10b4d0e,True,0.0,189.93589068897205,29,547,3144.96,LP_batch_permission_scenario
f05,0.05,development,930046,/home/user/projects/AIDRBench/results/nature_mainline/workload_composition_v4/development/f05/scenarios/single/hourly_seed_930046,8e624ef1705e38aab7248e44bf9d9fdd7b99204f568052d6ae0e1c668589f997,True,0.0,189.93589068897205,29,547,3144.96,LP_batch_permission_scenario
f05,0.05,development,930047,/home/user/projects/AIDRBench/results/nature_mainline/workload_composition_v4/development/f05/scenarios/single/hourly_seed_930047,af12c313fcece64be0c5c1ab7a2387e6fb831e9805e3608164e46e7ea9f58e5c,True,0.0,189.93589068897205,29,547,3144.96,LP_batch_permission_scenario
f05,0.05,development,930048,/home/user/projects/AIDRBench/results/nature_mainline/workload_composition_v4/development/f05/scenarios/single/hourly_seed_930048,c5a0d3d19395095094a457b123cb8c84432c6291893b6ecaa72851b8222b692d,True,0.0,189.93589068897205,29,547,3144.96,LP_batch_permission_scenario
f05,0.05,development,930049,/home/user/projects/AIDRBench/results/nature_mainline/workload_composition_v4/development/f05/scenarios/single/hourly_seed_930049,a4b77ea5ef14993f5103ec1e389ce378e64d843b508a194c50aff6e68d54978f,True,0.0,189.93589068897205,29,547,3144.96,LP_batch_permission_scenario
f05,0.05,development,930050,/home/user/projects/AIDRBench/results/nature_mainline/workload_composition_v4/development/f05/scenarios/single/hourly_seed_930050,0020f48305bebb2fbed38a7195d3d31729a68750a62da31f690a9931287691d8,True,0.0,189.93589068897205,29,547,3144.96,LP_batch_permission_scenario
f05,0.05,development,930051,/home/user/projects/AIDRBench/results/nature_mainline/workload_composition_v4/development/f05/scenarios/single/hourly_seed_930051,a67ce744bcb5925f48c4ba1fd45017e4bd12698992d186af16e72ed8c7496c62,True,0.0,189.93589068897205,29,547,3144.96,LP_batch_permission_scenario
f05,0.05,development,930052,/home/user/projects/AIDRBench/results/nature_mainline/workload_composition_v4/development/f05/scenarios/single/hourly_seed_930052,0ae05256506cb7850fe64f7105b9c71355b64a2e8a98f4a32c5e9610f9b999b7,True,0.0,189.93589068897205,29,547,3144.96,LP_batch_permission_scenario
f05,0.05,development,930053,/home/user/projects/AIDRBench/results/nature_mainline/workload_composition_v4/development/f05/scenarios/single/hourly_seed_930053,cf056341514e5ed9f2875aaf92f2d5d0b57c39decf360600269330bbcfb47f0f,True,0.0,189.93589068897205,29,547,3144.96,LP_batch_permission_scenario
f05,0.05,development,930054,/home/user/projects/AIDRBench/results/nature_mainline/workload_composition_v4/development/f05/scenarios/single/hourly_seed_930054,ea67fdf57438d30d510c9efb5825c3b120acbacaebf8ca9e1398eae4a8e079cd,True,0.0,189.93589068897205,29,547,3144.96,LP_batch_permission_scenario
f05,0.05,development,930055,/home/user/projects/AIDRBench/results/nature_mainline/workload_composition_v4/development/f05/scenarios/single/hourly_seed_930055,5d0b584069b79b67f8e5d71d0ba90876d911c3d850b2dd1a09e07223313bd9f2,True,0.0,189.93589068897205,29,547,3144.96,LP_batch_permission_scenario
f05,0.05,development,930056,/home/user/projects/AIDRBench/results/nature_mainline/workload_composition_v4/development/f05/scenarios/single/hourly_seed_930056,3f4b2a4fa5678f4cd434d1b8b33f059a7334c741271b4e357566114a19c43c3e,True,0.0,189.93589068897205,29,547,3144.96,LP_batch_permission_scenario
f05,0.05,development,930057,/home/user/projects/AIDRBench/results/nature_mainline/workload_composition_v4/development/f05/scenarios/single/hourly_seed_930057,b937e77932a38dbbb119e0a96c7d47e4c5ed0aab8fea25f1d485ec7429af86de,True,0.0,189.93589068897205,29,547,3144.96,LP_batch_permission_scenario
f05,0.05,development,930058,/home/user/projects/AIDRBench/results/nature_mainline/workload_composition_v4/development/f05/scenarios/single/hourly_seed_930058,5b4b7a2666ce579d59f9265dbcd0fd31227c4acf1ad60ec754093e5b718e6b89,True,0.0,189.93589068897205,29,547,3144.96,LP_batch_permission_scenario
f05,0.05,development,930059,/home/user/projects/AIDRBench/results/nature_mainline/workload_composition_v4/development/f05/scenarios/single/hourly_seed_930059,abc6e1947e119c5bd1acccb2ac1dc757bbc10fbef001558608377c1f6262399a,True,0.0,189.93589068897205,29,547,3144.96,LP_batch_permission_scenario
f05,0.05,development,930060,/home/user/projects/AIDRBench/results/nature_mainline/workload_composition_v4/development/f05/scenarios/single/hourly_seed_930060,202712dcb5cb19a940d7d92fa62e2b046bddcc3e35d50880e4ef2f465cbe3b0b,True,0.0,189.93589068897205,29,547,3144.96,LP_batch_permission_scenario
f05,0.05,development,930061,/home/user/projects/AIDRBench/results/nature_mainline/workload_composition_v4/development/f05/scenarios/single/hourly_seed_930061,08624ec58e3ca3992616d50e838e81777e8e4c467abf8a0015f13ee61cc4de96,True,0.0,189.93589068897205,29,547,3144.96,LP_batch_permission_scenario
f05,0.05,development,930062,/home/user/projects/AIDRBench/results/nature_mainline/workload_composition_v4/development/f05/scenarios/single/hourly_seed_930062,dd3418481b93683c2da481988bf5a4c8683b5d857d1828c775e9ebcae9893537,True,0.0,189.93589068897205,29,547,3144.96,LP_batch_permission_scenario
f05,0.05,development,930063,/home/user/projects/AIDRBench/results/nature_mainline/workload_composition_v4/development/f05/scenarios/single/hourly_seed_930063,dddb9a5d4c9689ac5f1c5ab309b3c95bc4c8600cc7eaca730d45c34f5d93d671,True,0.0,189.93589068897205,29,547,3144.96,LP_batch_permission_scenario
f05,0.05,development,930064,/home/user/projects/AIDRBench/results/nature_mainline/workload_composition_v4/development/f05/scenarios/single/hourly_seed_930064,62f79ef317648f17ca01cd6bbe7fb4b32586b19d7ba29b747c4bf1a6080708e4,True,0.0,189.93589068897205,29,547,3144.96,LP_batch_permission_scenario
f05,0.05,development,930065,/home/user/projects/AIDRBench/results/nature_mainline/workload_composition_v4/development/f05/scenarios/single/hourly_seed_930065,9efe7a65bdbde201b99646fa3dc758ff7c60bcec382417aae379ad8655d83971,True,0.0,189.93589068897205,29,547,3144.96,LP_batch_permission_scenario
f05,0.05,development,930066,/home/user/projects/AIDRBench/results/nature_mainline/workload_composition_v4/development/f05/scenarios/single/hourly_seed_930066,f5a27f4b876a74da1f6b9a1ee1d127b33bbc1d00bb044ef2db6237b01f1351eb,True,0.0,189.93589068897205,29,547,3144.96,LP_batch_permission_scenario
f05,0.05,development,930067,/home/user/projects/AIDRBench/results/nature_mainline/workload_composition_v4/development/f05/scenarios/single/hourly_seed_930067,d27b94de58844fe6f75e173fe7202e4c0eb270f1926de3cfbc905bd649199d7c,True,0.0,189.93589068897205,29,547,3144.96,LP_batch_permission_scenario
f05,0.05,development,930068,/home/user/projects/AIDRBench/results/nature_mainline/workload_composition_v4/development/f05/scenarios/single/hourly_seed_930068,3b47533aff09648325b388285d54ae57fe30d936ee32c88fc6d3a625f5ee4520,True,0.0,189.93589068897205,29,547,3144.96,LP_batch_permission_scenario
f05,0.05,development,930069,/home/user/projects/AIDRBench/results/nature_mainline/workload_composition_v4/development/f05/scenarios/single/hourly_seed_930069,d01a39977b4ef127f7a34ad56c453c83290a2e3d51d8dd020d564c3f2f72c604,True,0.0,189.93589068897205,29,547,3144.96,LP_batch_permission_scenario
f05,0.05,development,930070,/home/user/projects/AIDRBench/results/nature_mainline/workload_composition_v4/development/f05/scenarios/single/hourly_seed_930070,92fea4dbda02a8bea3c9c2f1d2134390c186b44c79f5b5c24fd8f7a97ce75920,True,0.0,189.93589068897205,29,547,3144.96,LP_batch_permission_scenario
f05,0.05,development,930071,/home/user/projects/AIDRBench/results/nature_mainline/workload_composition_v4/development/f05/scenarios/single/hourly_seed_930071,6537d4c6bce41c0f33b0ae5362f94ccd754a482858cccf4adaad6583871ffcca,True,0.0,189.93589068897205,29,547,3144.96,LP_batch_permission_scenario
f05,0.05,development,930072,/home/user/projects/AIDRBench/results/nature_mainline/workload_composition_v4/development/f05/scenarios/single/hourly_seed_930072,643845b0991c4b7930f40e82ccf8ce800012ba942d92499a01373c1b72fe772d,True,0.0,189.93589068897205,29,547,3144.96,LP_batch_permission_scenario
f05,0.05,development,930073,/home/user/projects/AIDRBench/results/nature_mainline/workload_composition_v4/development/f05/scenarios/single/hourly_seed_930073,c01fb9671dfcf11295009adb4dc78a9cf934c966bc109e02e78ad3ad44712d62,True,0.0,189.93589068897205,29,547,3144.96,LP_batch_permission_scenario
f05,0.05,development,930074,/home/user/projects/AIDRBench/results/nature_mainline/workload_composition_v4/development/f05/scenarios/single/hourly_seed_930074,5585e5ac34ae279b36a4e449c5e0410b882b09ca08694addb6825d5736827368,True,0.0,189.93589068897205,29,547,3144.96,LP_batch_permission_scenario
f05,0.05,development,930075,/home/user/projects/AIDRBench/results/nature_mainline/workload_composition_v4/development/f05/scenarios/single/hourly_seed_930075,b51e325a3dc51d14aaa9ecefb419700b4d3780e4999a6244b29318ea44b076bb,True,0.0,189.93589068897205,29,547,3144.96,LP_batch_permission_scenario
f05,0.05,development,930076,/home/user/projects/AIDRBench/results/nature_mainline/workload_composition_v4/development/f05/scenarios/single/hourly_seed_930076,41724646c352eeae25da2b57c754a64beab75a2955622671c0d75eff34e3b399,True,0.0,189.93589068897205,29,547,3144.96,LP_batch_permission_scenario
f05,0.05,development,930077,/home/user/projects/AIDRBench/results/nature_mainline/workload_composition_v4/development/f05/scenarios/single/hourly_seed_930077,1310de9cf1e7baa598eec8866b10d1b0241c7e241b85fa775b3c027c52adfd60,True,0.0,189.93589068897205,29,547,3144.96,LP_batch_permission_scenario
f05,0.05,development,930078,/home/user/projects/AIDRBench/results/nature_mainline/workload_composition_v4/development/f05/scenarios/single/hourly_seed_930078,c43a5b4fec03f9f57319b4b5c338f6cdf5d89e53d1ed6295e37fd207dfc0d82f,True,0.0,189.93589068897205,29,547,3144.96,LP_batch_permission_scenario
f05,0.05,development,930079,/home/user/projects/AIDRBench/results/nature_mainline/workload_composition_v4/development/f05/scenarios/single/hourly_seed_930079,1cd02e53f94dfc06cd8d7995d6927a2ee3ac81e92b885171fcceafe47f20e631,True,0.0,189.93589068897205,29,547,3144.96,LP_batch_permission_scenario
f05,0.05,development,930080,/home/user/projects/AIDRBench/results/nature_mainline/workload_composition_v4/development/f05/scenarios/single/hourly_seed_930080,7fbdc81949dbcc8e142152a84ca4f69a8bf73822537ad8a1dd053b8cd872564d,True,0.0,189.93589068897205,29,547,3144.96,LP_batch_permission_scenario
f05,0.05,development,930081,/home/user/projects/AIDRBench/results/nature_mainline/workload_composition_v4/development/f05/scenarios/single/hourly_seed_930081,f6bb53075c32640d074b2720829dd99873131d46a1eac2d2c760c6ea7529240b,True,0.0,189.93589068897205,29,547,3144.96,LP_batch_permission_scenario
f05,0.05,development,930082,/home/user/projects/AIDRBench/results/nature_mainline/workload_composition_v4/development/f05/scenarios/single/hourly_seed_930082,53829132fa1c8d05a46f9bffa54631441996cd99027e232796f70320320d1425,True,0.0,189.93589068897205,29,547,3144.96,LP_batch_permission_scenario
f05,0.05,development,930083,/home/user/projects/AIDRBench/results/nature_mainline/workload_composition_v4/development/f05/scenarios/single/hourly_seed_930083,3881ca0980ddbfa1f1e1e687939fa9cd50f82d354055f207efd6af0072b31181,True,0.0,189.93589068897205,29,547,3144.96,LP_batch_permission_scenario
f05,0.05,development,930084,/home/user/projects/AIDRBench/results/nature_mainline/workload_composition_v4/development/f05/scenarios/single/hourly_seed_930084,a2e212e6d9e1fabd60ff0e6bf762b6607e3c6da683517642f8227ce8c9efbd28,True,0.0,189.93589068897205,29,547,3144.96,LP_batch_permission_scenario
f05,0.05,development,930085,/home/user/projects/AIDRBench/results/nature_mainline/workload_composition_v4/development/f05/scenarios/single/hourly_seed_930085,aacfb2640fbb0d7006c07403cbefaa788bc4b9437d9525481ac0db67a044e6d5,True,0.0,189.93589068897205,29,547,3144.96,LP_batch_permission_scenario
f05,0.05,development,930086,/home/user/projects/AIDRBench/results/nature_mainline/workload_composition_v4/development/f05/scenarios/single/hourly_seed_930086,4b0a0a655d7972ada32c4f93dda01765702747283890d233565382a4c2e88dfd,True,0.0,189.93589068897205,29,547,3144.96,LP_batch_permission_scenario
f05,0.05,development,930087,/home/user/projects/AIDRBench/results/nature_mainline/workload_composition_v4/development/f05/scenarios/single/hourly_seed_930087,5310369b081033a4b05a4f5329b8f9af2da72d2b4974f9c66387dc82ff225c3b,True,0.0,189.93589068897205,29,547,3144.96,LP_batch_permission_scenario
f05,0.05,development,930088,/home/user/projects/AIDRBench/results/nature_mainline/workload_composition_v4/development/f05/scenarios/single/hourly_seed_930088,22b072b2ab649b2ed56ca643660fb6a7f4c8e738bb782991551fb5f430d6e837,True,0.0,189.93589068897205,29,547,3144.96,LP_batch_permission_scenario
f05,0.05,development,930089,/home/user/projects/AIDRBench/results/nature_mainline/workload_composition_v4/development/f05/scenarios/single/hourly_seed_930089,d1e515820541ff5ca805453cbc0c91c34d294a309e1ac51268b230d96eda0dc9,True,0.0,189.93589068897205,29,547,3144.96,LP_batch_permission_scenario
f05,0.05,development,930090,/home/user/projects/AIDRBench/results/nature_mainline/workload_composition_v4/development/f05/scenarios/single/hourly_seed_930090,57506c13b603c132a7851e6d06ae419da19ebf20dfc27e217dda13c4dd1ba8bd,True,0.0,189.93589068897205,29,547,3144.96,LP_batch_permission_scenario
f05,0.05,development,930091,/home/user/projects/AIDRBench/results/nature_mainline/workload_composition_v4/development/f05/scenarios/single/hourly_seed_930091,d9f856ff33cb05f6e589317769a166f818d2cecd752b389727e2c610bcd56162,True,0.0,189.93589068897205,29,547,3144.96,LP_batch_permission_scenario
f05,0.05,development,930092,/home/user/projects/AIDRBench/results/nature_mainline/workload_composition_v4/development/f05/scenarios/single/hourly_seed_930092,562b54f14fa1e2739b87ae1a86c49a80c7ca3ff9c7cf93bac80809c2bfa5a3d1,True,0.0,189.93589068897205,29,547,3144.96,LP_batch_permission_scenario
f05,0.05,development,930093,/home/user/projects/AIDRBench/results/nature_mainline/workload_composition_v4/development/f05/scenarios/single/hourly_seed_930093,2c63eac2078441127c23360c4b21b6fbb72d9e4b7ed85833697e3bcd90ca3e5d,True,0.0,189.93589068897205,29,547,3144.96,LP_batch_permission_scenario
f05,0.05,development,930094,/home/user/projects/AIDRBench/results/nature_mainline/workload_composition_v4/development/f05/scenarios/single/hourly_seed_930094,123ae9487ed90d54fa76e8704902e4010ec3121553bc021aef4b23cc9d3007a2,True,0.0,189.93589068897205,29,547,3144.96,LP_batch_permission_scenario
f05,0.05,development,930095,/home/user/projects/AIDRBench/results/nature_mainline/workload_composition_v4/development/f05/scenarios/single/hourly_seed_930095,ecc37f1a02dc3d024ef375952347045fa35e938ece17c0bf53a762988835151f,True,0.0,189.93589068897205,29,547,3144.96,LP_batch_permission_scenario
f05,0.05,development,930096,/home/user/projects/AIDRBench/results/nature_mainline/workload_composition_v4/development/f05/scenarios/single/hourly_seed_930096,e17c7f9b7720b53f4b2b9915ffe92dd7a6a0afcf20d4d6956e755575a24a703e,True,0.0,189.93589068897205,29,547,3144.96,LP_batch_permission_scenario
f05,0.05,development,930097,/home/user/projects/AIDRBench/results/nature_mainline/workload_composition_v4/development/f05/scenarios/single/hourly_seed_930097,bf12e6122a1376d491e4e5d6911ae7f753303a4a92d3092a5123ec6cfec6d85b,True,0.0,189.93589068897205,29,547,3144.96,LP_batch_permission_scenario
f05,0.05,development,930098,/home/user/projects/AIDRBench/results/nature_mainline/workload_composition_v4/development/f05/scenarios/single/hourly_seed_930098,674bfabcf61a45a2f3c1b15330fe87b8dff87bc114c42b709d228793d74decfc,True,0.0,189.93589068897205,29,547,3144.96,LP_batch_permission_scenario
f05,0.05,development,930099,/home/user/projects/AIDRBench/results/nature_mainline/workload_composition_v4/development/f05/scenarios/single/hourly_seed_930099,f92c6971efada6e7681ff4bddb33fc41e55be602caad58f204cc08bb8fdfd7b2,True,0.0,189.93589068897205,29,547,3144.96,LP_batch_permission_scenario
f10,0.1,development,930000,/home/user/projects/AIDRBench/results/nature_mainline/workload_composition_v4/development/f10/scenarios/single/hourly_seed_930000,f137bfb98d63caa89887e4a82f4b54c6a716b745d84ee0c5cd058492db55406a,True,0.0,193.4389798490304,58,518,6289.92,LP_batch_permission_scenario
f10,0.1,development,930001,/home/user/projects/AIDRBench/results/nature_mainline/workload_composition_v4/development/f10/scenarios/single/hourly_seed_930001,49e4a4a3695ccbf4d3b7a377745ffb864efb655a75a48f8d618fa45322804c1d,True,0.0,193.4389798490304,58,518,6289.92,LP_batch_permission_scenario
f10,0.1,development,930002,/home/user/projects/AIDRBench/results/nature_mainline/workload_composition_v4/development/f10/scenarios/single/hourly_seed_930002,1f7d637899055da7b420325a96a25c214106de7e09aa4e3456a87045aac2d805,True,0.0,193.4389798490304,58,518,6289.92,LP_batch_permission_scenario
f10,0.1,development,930003,/home/user/projects/AIDRBench/results/nature_mainline/workload_composition_v4/development/f10/scenarios/single/hourly_seed_930003,c823db9ca9fbfaab2d583de5c3b6eab435ee1b3204b090f6473df78db60a0b75,True,0.0,193.4389798490304,58,518,6289.92,LP_batch_permission_scenario
f10,0.1,development,930004,/home/user/projects/AIDRBench/results/nature_mainline/workload_composition_v4/development/f10/scenarios/single/hourly_seed_930004,015a28c099eae782cbff6113b24d4f2207d15daf2e73613faf54425f530f7676,True,0.0,193.4389798490304,58,518,6289.92,LP_batch_permission_scenario
f10,0.1,development,930005,/home/user/projects/AIDRBench/results/nature_mainline/workload_composition_v4/development/f10/scenarios/single/hourly_seed_930005,17161ff9e34cc8b5f728c97656fb47d1c06ccac3d1d24a726b927860bfbff70b,True,0.0,193.4389798490304,58,518,6289.92,LP_batch_permission_scenario
f10,0.1,development,930006,/home/user/projects/AIDRBench/results/nature_mainline/workload_composition_v4/development/f10/scenarios/single/hourly_seed_930006,c7cb4fcd632d938cd98812330c3e050b281a7510af4ac94f3ab38e96c339d4d5,True,0.0,193.4389798490304,58,518,6289.92,LP_batch_permission_scenario
f10,0.1,development,930007,/home/user/projects/AIDRBench/results/nature_mainline/workload_composition_v4/development/f10/scenarios/single/hourly_seed_930007,fd48b6a4b0350dbf73f6f857b2b6be4957e28db93f75cd0cbd0a6969da5ad3a8,True,0.0,193.4389798490304,58,518,6289.92,LP_batch_permission_scenario
f10,0.1,development,930008,/home/user/projects/AIDRBench/results/nature_mainline/workload_composition_v4/development/f10/scenarios/single/hourly_seed_930008,5428892c83b820f24ec21f90da428c23ee51da25dea7686992f7cb3bdd48698d,True,0.0,193.4389798490304,58,518,6289.92,LP_batch_permission_scenario
f10,0.1,development,930009,/home/user/projects/AIDRBench/results/nature_mainline/workload_composition_v4/development/f10/scenarios/single/hourly_seed_930009,2e1e40abe3ceaa6155b9ac4af9009c87b178a338e11002db38263c63fc096b85,True,0.0,193.4389798490304,58,518,6289.92,LP_batch_permission_scenario
f10,0.1,development,930010,/home/user/projects/AIDRBench/results/nature_mainline/workload_composition_v4/development/f10/scenarios/single/hourly_seed_930010,3503872196c5a7ee15c07902dd3c5e085cd0d8ee2635f457197afdcadc32f538,True,0.0,193.4389798490304,58,518,6289.92,LP_batch_permission_scenario
f10,0.1,development,930011,/home/user/projects/AIDRBench/results/nature_mainline/workload_composition_v4/development/f10/scenarios/single/hourly_seed_930011,f128987ddd56270f199fd69dc05e9b995fdab57c3f1137760dd4c53bc7beda8e,True,0.0,193.4389798490304,58,518,6289.92,LP_batch_permission_scenario
f10,0.1,development,930012,/home/user/projects/AIDRBench/results/nature_mainline/workload_composition_v4/development/f10/scenarios/single/hourly_seed_930012,fd9492ed1835eb58b524a83c0023890d2d960cec887c593f957040dcee83862d,True,0.0,193.4389798490304,58,518,6289.92,LP_batch_permission_scenario
f10,0.1,development,930013,/home/user/projects/AIDRBench/results/nature_mainline/workload_composition_v4/development/f10/scenarios/single/hourly_seed_930013,b802ed9e90286da2553bdeb5b00cf2ffce8b6e02b0041dff63a295c442ff4f4d,True,0.0,193.4389798490304,58,518,6289.92,LP_batch_permission_scenario
f10,0.1,development,930014,/home/user/projects/AIDRBench/results/nature_mainline/workload_composition_v4/development/f10/scenarios/single/hourly_seed_930014,858320daf08ac6416600e4535c7f55f00d5b68287005c937f992c09e215f1af0,True,0.0,193.4389798490304,58,518,6289.92,LP_batch_permission_scenario
f10,0.1,development,930015,/home/user/projects/AIDRBench/results/nature_mainline/workload_composition_v4/development/f10/scenarios/single/hourly_seed_930015,2a4520300970123b2cc3ec491eff959263c4e1753edea5dbb0471604376c3d03,True,0.0,193.4389798490304,58,518,6289.92,LP_batch_permission_scenario
f10,0.1,development,930016,/home/user/projects/AIDRBench/results/nature_mainline/workload_composition_v4/development/f10/scenarios/single/hourly_seed_930016,b9ec501206993a2958ba79df622c0aa6513efe27f40d0aa7e83e2f8d393979fc,True,0.0,193.4389798490304,58,518,6289.92,LP_batch_permission_scenario
f10,0.1,development,930017,/home/user/projects/AIDRBench/results/nature_mainline/workload_composition_v4/development/f10/scenarios/single/hourly_seed_930017,356bc3827f2a46d5c53f3853d0b211f76c6c2b4c887f54799ee35a273536b6d8,True,0.0,193.4389798490304,58,518,6289.92,LP_batch_permission_scenario
f10,0.1,development,930018,/home/user/projects/AIDRBench/results/nature_mainline/workload_composition_v4/development/f10/scenarios/single/hourly_seed_930018,7f2af6bf1fe7288e10d0e529b40aae5b0517215eae097b1d808b7cdf0074c352,True,0.0,193.4389798490304,58,518,6289.92,LP_batch_permission_scenario
f10,0.1,development,930019,/home/user/projects/AIDRBench/results/nature_mainline/workload_composition_v4/development/f10/scenarios/single/hourly_seed_930019,71ad97d6a5ee106d943925380f70f6110b7f78df6752269d5855ced70fa63078,True,0.0,193.4389798490304,58,518,6289.92,LP_batch_permission_scenario
f10,0.1,development,930020,/home/user/projects/AIDRBench/results/nature_mainline/workload_composition_v4/development/f10/scenarios/single/hourly_seed_930020,71176b2e751830b3ecbba8408b0bbca54ddf858d85408b15e482e682dd02a47f,True,0.0,193.4389798490304,58,518,6289.92,LP_batch_permission_scenario
f10,0.1,development,930021,/home/user/projects/AIDRBench/results/nature_mainline/workload_composition_v4/development/f10/scenarios/single/hourly_seed_930021,cb7bf6c4586e3b54cbd7c01ae511fad8f072d4b7332c88a005cf9e8bc11ea761,True,0.0,193.4389798490304,58,518,6289.92,LP_batch_permission_scenario
f10,0.1,development,930022,/home/user/projects/AIDRBench/results/nature_mainline/workload_composition_v4/development/f10/scenarios/single/hourly_seed_930022,737e8d79c738661eacc73f8cfd95c2551d9291917539b53a1d1b3cac49040988,True,0.0,193.4389798490304,58,518,6289.92,LP_batch_permission_scenario
f10,0.1,development,930023,/home/user/projects/AIDRBench/results/nature_mainline/workload_composition_v4/development/f10/scenarios/single/hourly_seed_930023,2d88dfc875f999e8b60f6f6675aac112b7f10d4929b3ade68b56556d0f18013d,True,0.0,193.4389798490304,58,518,6289.92,LP_batch_permission_scenario
f10,0.1,development,930024,/home/user/projects/AIDRBench/results/nature_mainline/workload_composition_v4/development/f10/scenarios/single/hourly_seed_930024,9f8dcc73ece309b8d6a57839eea488b3ae3970e58575838331345b6e4e77ff43,True,0.0,193.4389798490304,58,518,6289.92,LP_batch_permission_scenario
f10,0.1,development,930025,/home/user/projects/AIDRBench/results/nature_mainline/workload_composition_v4/development/f10/scenarios/single/hourly_seed_930025,2c72dad36c2b7f9f0985eae1ca15f3fdf5bef55901543f1c33db065b9b7fd752,True,0.0,193.4389798490304,58,518,6289.92,LP_batch_permission_scenario
f10,0.1,development,930026,/home/user/projects/AIDRBench/results/nature_mainline/workload_composition_v4/development/f10/scenarios/single/hourly_seed_930026,9679820f733161981c9363942401e286a3419f91e923552019dee39a6e96393c,True,0.0,193.4389798490304,58,518,6289.92,LP_batch_permission_scenario
f10,0.1,development,930027,/home/user/projects/AIDRBench/results/nature_mainline/workload_composition_v4/development/f10/scenarios/single/hourly_seed_930027,8a90c6e2d6d59f9ded99d337107dd035a72a6bace99b62711949644e1123111a,True,0.0,193.4389798490304,58,518,6289.92,LP_batch_permission_scenario
f10,0.1,development,930028,/home/user/projects/AIDRBench/results/nature_mainline/workload_composition_v4/development/f10/scenarios/single/hourly_seed_930028,1eedafe30bd858e1424d1a58b93495a16ee4c70a323b72ac2c92c9e846c32bbb,True,0.0,193.4389798490304,58,518,6289.92,LP_batch_permission_scenario
f10,0.1,development,930029,/home/user/projects/AIDRBench/results/nature_mainline/workload_composition_v4/development/f10/scenarios/single/hourly_seed_930029,689dbe796dfcb663d57523751bd86eb4b18895a30a492220a542018e694863dd,True,0.0,193.4389798490304,58,518,6289.92,LP_batch_permission_scenario
f10,0.1,development,930030,/home/user/projects/AIDRBench/results/nature_mainline/workload_composition_v4/development/f10/scenarios/single/hourly_seed_930030,e29a10b7a412a5aecf101a2a8ed2f3787a295e9eb0afce5811aa52508281663f,True,0.0,193.4389798490304,58,518,6289.92,LP_batch_permission_scenario
f10,0.1,development,930031,/home/user/projects/AIDRBench/results/nature_mainline/workload_composition_v4/development/f10/scenarios/single/hourly_seed_930031,393e86c5235c45b7adda64ca3b696354580fc791d34b46d8c400cb1b37e94e12,True,0.0,193.4389798490304,58,518,6289.92,LP_batch_permission_scenario
f10,0.1,development,930032,/home/user/projects/AIDRBench/results/nature_mainline/workload_composition_v4/development/f10/scenarios/single/hourly_seed_930032,a481c0418dce807bce3fdced535995e11466ff7351472861f108b9350193c16d,True,0.0,193.4389798490304,58,518,6289.92,LP_batch_permission_scenario
f10,0.1,development,930033,/home/user/projects/AIDRBench/results/nature_mainline/workload_composition_v4/development/f10/scenarios/single/hourly_seed_930033,be5aed7a9361abe5bcee3216dc149ab73ddb29fb401ec5a8fe0f740cc266f232,True,0.0,193.4389798490304,58,518,6289.92,LP_batch_permission_scenario
f10,0.1,development,930034,/home/user/projects/AIDRBench/results/nature_mainline/workload_composition_v4/development/f10/scenarios/single/hourly_seed_930034,5aa52c34d847e2ac7f967461556b926bd766e09ca773c03ec5c46776aab572aa,True,0.0,193.4389798490304,58,518,6289.92,LP_batch_permission_scenario
f10,0.1,development,930035,/home/user/projects/AIDRBench/results/nature_mainline/workload_composition_v4/development/f10/scenarios/single/hourly_seed_930035,ee129ed664a96ebcbfd19d4a84ffb0ffe10a2a271d8c0a172f95b8af6aa3e9f5,True,0.0,193.4389798490304,58,518,6289.92,LP_batch_permission_scenario
f10,0.1,development,930036,/home/user/projects/AIDRBench/results/nature_mainline/workload_composition_v4/development/f10/scenarios/single/hourly_seed_930036,57c93039762027ff43e531ff425a10ec66388be273898d4b017efd7041dde58b,True,0.0,193.4389798490304,58,518,6289.92,LP_batch_permission_scenario
f10,0.1,development,930037,/home/user/projects/AIDRBench/results/nature_mainline/workload_composition_v4/development/f10/scenarios/single/hourly_seed_930037,195016b93b84117088624b22863df90be54b94c4c21102176e02cdd536b56cbb,True,0.0,193.4389798490304,58,518,6289.92,LP_batch_permission_scenario
f10,0.1,development,930038,/home/user/projects/AIDRBench/results/nature_mainline/workload_composition_v4/development/f10/scenarios/single/hourly_seed_930038,0df2f3e30bf3bbcbb7167bf7ce2588c6d8653001d828ac8c25cc48947119d78f,True,0.0,193.4389798490304,58,518,6289.92,LP_batch_permission_scenario
f10,0.1,development,930039,/home/user/projects/AIDRBench/results/nature_mainline/workload_composition_v4/development/f10/scenarios/single/hourly_seed_930039,202787df124f23ed2f3d5b01d7015830e864242e84c2ca4fdcfe4b7a3f726169,True,0.0,193.4389798490304,58,518,6289.92,LP_batch_permission_scenario
f10,0.1,development,930040,/home/user/projects/AIDRBench/results/nature_mainline/workload_composition_v4/development/f10/scenarios/single/hourly_seed_930040,c2bebac24b7c740b14301a67ea9c3c06a852cd14f25b72a4d0d379bcf42d96a0,True,0.0,193.4389798490304,58,518,6289.92,LP_batch_permission_scenario
f10,0.1,development,930041,/home/user/projects/AIDRBench/results/nature_mainline/workload_composition_v4/development/f10/scenarios/single/hourly_seed_930041,c7c4f09af30b104eeb8c64dbead35b27dd037ca990bcc326cf08fee9df5d4835,True,0.0,193.4389798490304,58,518,6289.92,LP_batch_permission_scenario
f10,0.1,development,930042,/home/user/projects/AIDRBench/results/nature_mainline/workload_composition_v4/development/f10/scenarios/single/hourly_seed_930042,b170184173475344a95e70090dbfcfeb29c21fd1f7bc73c9e76c78d41e116d54,True,0.0,193.4389798490304,58,518,6289.92,LP_batch_permission_scenario
f10,0.1,development,930043,/home/user/projects/AIDRBench/results/nature_mainline/workload_composition_v4/development/f10/scenarios/single/hourly_seed_930043,7f7ffb0ebfaff983d53988d555028e05d96f135f4980ae3d6ee31b957a6b76a0,True,0.0,193.4389798490304,58,518,6289.92,LP_batch_permission_scenario
f10,0.1,development,930044,/home/user/projects/AIDRBench/results/nature_mainline/workload_composition_v4/development/f10/scenarios/single/hourly_seed_930044,c6d6f8844d77d9722a4d2f452d4e333afeda9546d9924fce17d92baa5d63a2a5,True,0.0,193.4389798490304,58,518,6289.92,LP_batch_permission_scenario
f10,0.1,development,930045,/home/user/projects/AIDRBench/results/nature_mainline/workload_composition_v4/development/f10/scenarios/single/hourly_seed_930045,a5241ae86b025878ea9aff81fae965f6c3421f1326e8ba318f6f1b74e0d5166f,True,0.0,193.4389798490304,58,518,6289.92,LP_batch_permission_scenario
f10,0.1,development,930046,/home/user/projects/AIDRBench/results/nature_mainline/workload_composition_v4/development/f10/scenarios/single/hourly_seed_930046,d0547c37521d00061e1bef0daace0fe14957d27bfbf13b58d96ddc05bbb402b4,True,0.0,193.4389798490304,58,518,6289.92,LP_batch_permission_scenario
f10,0.1,development,930047,/home/user/projects/AIDRBench/results/nature_mainline/workload_composition_v4/development/f10/scenarios/single/hourly_seed_930047,b507abafe6617e522ee7dea20f00024dd056992b7f0fbab8eae2fdb9c5dbaab3,True,0.0,193.4389798490304,58,518,6289.92,LP_batch_permission_scenario
f10,0.1,development,930048,/home/user/projects/AIDRBench/results/nature_mainline/workload_composition_v4/development/f10/scenarios/single/hourly_seed_930048,6e01000bb93f817f902350466fc4bb6a9200ea8ca442c35fce66ce6d7f8436f3,True,0.0,193.4389798490304,58,518,6289.92,LP_batch_permission_scenario
f10,0.1,development,930049,/home/user/projects/AIDRBench/results/nature_mainline/workload_composition_v4/development/f10/scenarios/single/hourly_seed_930049,39774cacf737e3286aef9824afb187f44bfa34203ca17d9dbd11c6ae3900d923,True,0.0,193.4389798490304,58,518,6289.92,LP_batch_permission_scenario
f10,0.1,development,930050,/home/user/projects/AIDRBench/results/nature_mainline/workload_composition_v4/development/f10/scenarios/single/hourly_seed_930050,5aeff6b99997490375856300151b3edfb1cbe0fb80aeb53be714557c4ffbaa44,True,0.0,193.4389798490304,58,518,6289.92,LP_batch_permission_scenario
f10,0.1,development,930051,/home/user/projects/AIDRBench/results/nature_mainline/workload_composition_v4/development/f10/scenarios/single/hourly_seed_930051,efcfa178aeac5f20ef4d23b33f3e1cc930a11b91bde6e510d598ce0958f231ea,True,0.0,193.4389798490304,58,518,6289.92,LP_batch_permission_scenario
f10,0.1,development,930052,/home/user/projects/AIDRBench/results/nature_mainline/workload_composition_v4/development/f10/scenarios/single/hourly_seed_930052,f782f9e803e1f40061707fa29dde527fa653ad43d47d8b25d8e0296ab23d074d,True,0.0,193.4389798490304,58,518,6289.92,LP_batch_permission_scenario
f10,0.1,development,930053,/home/user/projects/AIDRBench/results/nature_mainline/workload_composition_v4/development/f10/scenarios/single/hourly_seed_930053,ca0bf193a266c3014331f226abe9f3c0862266ef82b1373e28dc5364da901a40,True,0.0,193.4389798490304,58,518,6289.92,LP_batch_permission_scenario
f10,0.1,development,930054,/home/user/projects/AIDRBench/results/nature_mainline/workload_composition_v4/development/f10/scenarios/single/hourly_seed_930054,97397c4c8cbcd97cb47b54a5355eb53ff4d067b2981eb781c3c3f75b90093f9a,True,0.0,193.4389798490304,58,518,6289.92,LP_batch_permission_scenario
f10,0.1,development,930055,/home/user/projects/AIDRBench/results/nature_mainline/workload_composition_v4/development/f10/scenarios/single/hourly_seed_930055,01d3bd925298f1662e1c650bedd9cd7584ff3dae2e81ada77fa3c8b5887a8a6c,True,0.0,193.4389798490304,58,518,6289.92,LP_batch_permission_scenario
f10,0.1,development,930056,/home/user/projects/AIDRBench/results/nature_mainline/workload_composition_v4/development/f10/scenarios/single/hourly_seed_930056,fefb5b953d5d4636a8003f8791574e9f51f15beaea60973aecff4e25cf53270b,True,0.0,193.4389798490304,58,518,6289.92,LP_batch_permission_scenario
f10,0.1,development,930057,/home/user/projects/AIDRBench/results/nature_mainline/workload_composition_v4/development/f10/scenarios/single/hourly_seed_930057,21d0069e9c7cab99fea3e5dd2660367b1ea8d4412a9be39ca1dfa278f5422f77,True,0.0,193.4389798490304,58,518,6289.92,LP_batch_permission_scenario
f10,0.1,development,930058,/home/user/projects/AIDRBench/results/nature_mainline/workload_composition_v4/development/f10/scenarios/single/hourly_seed_930058,c7844a38a21dd9b02df514fa4172cb25558de2d3325044694f4da4be68727205,True,0.0,193.4389798490304,58,518,6289.92,LP_batch_permission_scenario
f10,0.1,development,930059,/home/user/projects/AIDRBench/results/nature_mainline/workload_composition_v4/development/f10/scenarios/single/hourly_seed_930059,df3d84c57683802d4dbb5a0f72e5de66bad7c6466eb2a73904cc1a848eee1ccb,True,0.0,193.4389798490304,58,518,6289.92,LP_batch_permission_scenario
f10,0.1,development,930060,/home/user/projects/AIDRBench/results/nature_mainline/workload_composition_v4/development/f10/scenarios/single/hourly_seed_930060,f93be1fec89266a6cde6acf2b0f21d37718b4c958cc0020b806e272d09126c68,True,0.0,193.4389798490304,58,518,6289.92,LP_batch_permission_scenario
f10,0.1,development,930061,/home/user/projects/AIDRBench/results/nature_mainline/workload_composition_v4/development/f10/scenarios/single/hourly_seed_930061,ad539c089f00026c7e2979d75e87841ca2e84fa981bfba0c809a4838e5bf6d03,True,0.0,193.4389798490304,58,518,6289.92,LP_batch_permission_scenario
f10,0.1,development,930062,/home/user/projects/AIDRBench/results/nature_mainline/workload_composition_v4/development/f10/scenarios/single/hourly_seed_930062,f41111d21d2817a42d4aa8c51f305acbb5b0bb62455453fbcf558b6f1395711e,True,0.0,193.4389798490304,58,518,6289.92,LP_batch_permission_scenario
f10,0.1,development,930063,/home/user/projects/AIDRBench/results/nature_mainline/workload_composition_v4/development/f10/scenarios/single/hourly_seed_930063,69ea6bad46e114a9a30f66609319f8f66fe356e9eabebe613fd519c3c5c87a94,True,0.0,193.4389798490304,58,518,6289.92,LP_batch_permission_scenario
f10,0.1,development,930064,/home/user/projects/AIDRBench/results/nature_mainline/workload_composition_v4/development/f10/scenarios/single/hourly_seed_930064,a1c71e5bc3e238d5c13b367bbcb885aa7c2a96fc485993e674bfe8a592871eeb,True,0.0,193.4389798490304,58,518,6289.92,LP_batch_permission_scenario
f10,0.1,development,930065,/home/user/projects/AIDRBench/results/nature_mainline/workload_composition_v4/development/f10/scenarios/single/hourly_seed_930065,8de76417a7543ec5995b39a843e23dce94fffcbebb0f320c60f81915be14a6ba,True,0.0,193.4389798490304,58,518,6289.92,LP_batch_permission_scenario
f10,0.1,development,930066,/home/user/projects/AIDRBench/results/nature_mainline/workload_composition_v4/development/f10/scenarios/single/hourly_seed_930066,afc195c9a9e0bb7a68e460e229a6f925c9bdfa3f9a942243786e64fc1bd9e03c,True,0.0,193.4389798490304,58,518,6289.92,LP_batch_permission_scenario
f10,0.1,development,930067,/home/user/projects/AIDRBench/results/nature_mainline/workload_composition_v4/development/f10/scenarios/single/hourly_seed_930067,bfa0a24f8779ca5b5feb8cff79b9908954ecb29338078d2d501e6033719bbbcb,True,0.0,193.4389798490304,58,518,6289.92,LP_batch_permission_scenario
f10,0.1,development,930068,/home/user/projects/AIDRBench/results/nature_mainline/workload_composition_v4/development/f10/scenarios/single/hourly_seed_930068,87ef2d08238a91628eb1723222ed830b3ccea7de999ebb173d6dbe24ed256a0d,True,0.0,193.4389798490304,58,518,6289.92,LP_batch_permission_scenario
f10,0.1,development,930069,/home/user/projects/AIDRBench/results/nature_mainline/workload_composition_v4/development/f10/scenarios/single/hourly_seed_930069,3fade208cc02836c46eb589064bbb7b2abfce1fdc105a81587ad0fec0f2e8789,True,0.0,193.4389798490304,58,518,6289.92,LP_batch_permission_scenario
f10,0.1,development,930070,/home/user/projects/AIDRBench/results/nature_mainline/workload_composition_v4/development/f10/scenarios/single/hourly_seed_930070,c8859fcf531e33664629e957801c05c53b960e538d6c9606682ecd9b65b3d7a0,True,0.0,193.4389798490304,58,518,6289.92,LP_batch_permission_scenario
f10,0.1,development,930071,/home/user/projects/AIDRBench/results/nature_mainline/workload_composition_v4/development/f10/scenarios/single/hourly_seed_930071,e069effc4467f8b34de1b1eb15116d26677d0aa77cc5fce89da684800ebf6d44,True,0.0,193.4389798490304,58,518,6289.92,LP_batch_permission_scenario
f10,0.1,development,930072,/home/user/projects/AIDRBench/results/nature_mainline/workload_composition_v4/development/f10/scenarios/single/hourly_seed_930072,d3641be62e8beecd5a9fdb8a5168ab6e5275d85d156c4603c6dcc1bc887db181,True,0.0,193.4389798490304,58,518,6289.92,LP_batch_permission_scenario
f10,0.1,development,930073,/home/user/projects/AIDRBench/results/nature_mainline/workload_composition_v4/development/f10/scenarios/single/hourly_seed_930073,628a04c83b60a725571703f5d421882c73c4c324f43b0520b47ea3e623a5b6f5,True,0.0,193.4389798490304,58,518,6289.92,LP_batch_permission_scenario
f10,0.1,development,930074,/home/user/projects/AIDRBench/results/nature_mainline/workload_composition_v4/development/f10/scenarios/single/hourly_seed_930074,58552d15adc418d64c7517f8f03b1110e6fe4ca9a59758f61007616d494f08a2,True,0.0,193.4389798490304,58,518,6289.92,LP_batch_permission_scenario
f10,0.1,development,930075,/home/user/projects/AIDRBench/results/nature_mainline/workload_composition_v4/development/f10/scenarios/single/hourly_seed_930075,6fad6753a62a8707711a09b7c56b251502da9f2d85083f615c44c98dbcc640da,True,0.0,193.4389798490304,58,518,6289.92,LP_batch_permission_scenario
f10,0.1,development,930076,/home/user/projects/AIDRBench/results/nature_mainline/workload_composition_v4/development/f10/scenarios/single/hourly_seed_930076,52923da612281953d1ae1000f7df5754220e2cca7bacbd4f6b55a0616d67f2e6,True,0.0,193.4389798490304,58,518,6289.92,LP_batch_permission_scenario
f10,0.1,development,930077,/home/user/projects/AIDRBench/results/nature_mainline/workload_composition_v4/development/f10/scenarios/single/hourly_seed_930077,83e8a00afe4150c557bfbde7ad517e815c572477de85ac73712b57df9e3a7728,True,0.0,193.4389798490304,58,518,6289.92,LP_batch_permission_scenario
f10,0.1,development,930078,/home/user/projects/AIDRBench/results/nature_mainline/workload_composition_v4/development/f10/scenarios/single/hourly_seed_930078,fbe0311e2fc11d2ab85b739d94de88fe93e0ffc96d42e6fa6a09e359fbc17cfd,True,0.0,193.4389798490304,58,518,6289.92,LP_batch_permission_scenario
f10,0.1,development,930079,/home/user/projects/AIDRBench/results/nature_mainline/workload_composition_v4/development/f10/scenarios/single/hourly_seed_930079,827b633aeb63baf148eef15b07cb8c0361ba7c96e6d868a47e0e7546f5f35052,True,0.0,193.4389798490304,58,518,6289.92,LP_batch_permission_scenario
f10,0.1,development,930080,/home/user/projects/AIDRBench/results/nature_mainline/workload_composition_v4/development/f10/scenarios/single/hourly_seed_930080,5491ef98116a18efa590c0869a15597a4ed937feb597becdf1270def97755863,True,0.0,193.4389798490304,58,518,6289.92,LP_batch_permission_scenario
f10,0.1,development,930081,/home/user/projects/AIDRBench/results/nature_mainline/workload_composition_v4/development/f10/scenarios/single/hourly_seed_930081,f88f70be6f67fa2704e9ea26d61074653aea736877ac3f75d3dd7b21b6c61fa6,True,0.0,193.4389798490304,58,518,6289.92,LP_batch_permission_scenario
f10,0.1,development,930082,/home/user/projects/AIDRBench/results/nature_mainline/workload_composition_v4/development/f10/scenarios/single/hourly_seed_930082,db002fa4c832e51b2bb75c8d29bc2cc3393d27a1f7d9ba17d9a0a32cbed5fb84,True,0.0,193.4389798490304,58,518,6289.92,LP_batch_permission_scenario
f10,0.1,development,930083,/home/user/projects/AIDRBench/results/nature_mainline/workload_composition_v4/development/f10/scenarios/single/hourly_seed_930083,39600613794f93daf8fb9299da54e8f5c30aa5c18bdf8de6c8ff8617418a7ef7,True,0.0,193.4389798490304,58,518,6289.92,LP_batch_permission_scenario
f10,0.1,development,930084,/home/user/projects/AIDRBench/results/nature_mainline/workload_composition_v4/development/f10/scenarios/single/hourly_seed_930084,65f43bc5fd27f2128833ca0438b0d02183f72934b20feab27bf3a2afe3eec75f,True,0.0,193.4389798490304,58,518,6289.92,LP_batch_permission_scenario
f10,0.1,development,930085,/home/user/projects/AIDRBench/results/nature_mainline/workload_composition_v4/development/f10/scenarios/single/hourly_seed_930085,41b1e3c7fed24ead4593e5e73dbd6bcf376faf94a75db269de3c711180bd1b85,True,0.0,193.4389798490304,58,518,6289.92,LP_batch_permission_scenario
f10,0.1,development,930086,/home/user/projects/AIDRBench/results/nature_mainline/workload_composition_v4/development/f10/scenarios/single/hourly_seed_930086,bec5846ffbe5201900eff16bca09c24e115b5df02cd5336544dd09bd9cd615dd,True,0.0,193.4389798490304,58,518,6289.92,LP_batch_permission_scenario
f10,0.1,development,930087,/home/user/projects/AIDRBench/results/nature_mainline/workload_composition_v4/development/f10/scenarios/single/hourly_seed_930087,30a5d85ddcaf337fa0f526323fb887385484e28764f1462e0583db835ec0abd4,True,0.0,193.4389798490304,58,518,6289.92,LP_batch_permission_scenario
f10,0.1,development,930088,/home/user/projects/AIDRBench/results/nature_mainline/workload_composition_v4/development/f10/scenarios/single/hourly_seed_930088,414f0deb5c32ff87f2c48cbbb54ca76eacc1572102a28741f953740d6b949bf4,True,0.0,193.4389798490304,58,518,6289.92,LP_batch_permission_scenario
f10,0.1,development,930089,/home/user/projects/AIDRBench/results/nature_mainline/workload_composition_v4/development/f10/scenarios/single/hourly_seed_930089,cde9bc543c0d6d8e66d96d12e7f5cf45820677a45b58866c0d0badf0e76d1bb8,True,0.0,193.4389798490304,58,518,6289.92,LP_batch_permission_scenario
f10,0.1,development,930090,/home/user/projects/AIDRBench/results/nature_mainline/workload_composition_v4/development/f10/scenarios/single/hourly_seed_930090,7b774cda9c6bec2317cdd7d554cbc193c5dab6ed86e8a76f21f9e4bf8a81b3da,True,0.0,193.4389798490304,58,518,6289.92,LP_batch_permission_scenario
f10,0.1,development,930091,/home/user/projects/AIDRBench/results/nature_mainline/workload_composition_v4/development/f10/scenarios/single/hourly_seed_930091,dddf442ff0705842ffacfef4ff6966ecddc6dac2d5cd46043d941b82c476a6b4,True,0.0,193.4389798490304,58,518,6289.92,LP_batch_permission_scenario
f10,0.1,development,930092,/home/user/projects/AIDRBench/results/nature_mainline/workload_composition_v4/development/f10/scenarios/single/hourly_seed_930092,266d88bd6714cd6a14da324617e792bd3bc7d6884835b49010d404d8484c3266,True,0.0,193.4389798490304,58,518,6289.92,LP_batch_permission_scenario
f10,0.1,development,930093,/home/user/projects/AIDRBench/results/nature_mainline/workload_composition_v4/development/f10/scenarios/single/hourly_seed_930093,3cc2c862c1607a06e9b550f80a315eba482a0680430dfd59d61e08f392e87ce1,True,0.0,193.4389798490304,58,518,6289.92,LP_batch_permission_scenario
f10,0.1,development,930094,/home/user/projects/AIDRBench/results/nature_mainline/workload_composition_v4/development/f10/scenarios/single/hourly_seed_930094,4caafd670473cac15a1c73ca1a56cc3d8210aa7b0f0c39d01f25c91ac035cb57,True,0.0,193.4389798490304,58,518,6289.92,LP_batch_permission_scenario
f10,0.1,development,930095,/home/user/projects/AIDRBench/results/nature_mainline/workload_composition_v4/development/f10/scenarios/single/hourly_seed_930095,d9139b342a45d152885f26072f70d2d3823380d2eabca0a2dbcd3dd871a34885,True,0.0,193.4389798490304,58,518,6289.92,LP_batch_permission_scenario
f10,0.1,development,930096,/home/user/projects/AIDRBench/results/nature_mainline/workload_composition_v4/development/f10/scenarios/single/hourly_seed_930096,cc0f7c2f6533287602d11bb451994071c64c358486272e0f87bd9e7a8c3d9ea6,True,0.0,193.4389798490304,58,518,6289.92,LP_batch_permission_scenario
f10,0.1,development,930097,/home/user/projects/AIDRBench/results/nature_mainline/workload_composition_v4/development/f10/scenarios/single/hourly_seed_930097,63d82ab44b33d6cb465ce884b6fa43519aefb30524b987518f5b0f3ceefc3f17,True,0.0,193.4389798490304,58,518,6289.92,LP_batch_permission_scenario
f10,0.1,development,930098,/home/user/projects/AIDRBench/results/nature_mainline/workload_composition_v4/development/f10/scenarios/single/hourly_seed_930098,5d182eaa6febbede13d1be63de92e4deedc0af08ac9567e4a64fbce93e1f7052,True,0.0,193.4389798490304,58,518,6289.92,LP_batch_permission_scenario
f10,0.1,development,930099,/home/user/projects/AIDRBench/results/nature_mainline/workload_composition_v4/development/f10/scenarios/single/hourly_seed_930099,97cc8466ad5193485a997e1463263fc3c176246bf15e30ff89a652a96dd5a0ab,True,0.0,193.4389798490304,58,518,6289.92,LP_batch_permission_scenario
f20,0.2,development,930000,/home/user/projects/AIDRBench/results/nature_mainline/workload_composition_v4/development/f20/scenarios/single/hourly_seed_930000,0c2410a244909eafe4a6e6bc8e21ca4fcdae29f68f8cd2ede85a4d9dde12461d,True,0.0,200.10439074112588,115,461,12579.84,LP_batch_permission_scenario
f20,0.2,development,930001,/home/user/projects/AIDRBench/results/nature_mainline/workload_composition_v4/development/f20/scenarios/single/hourly_seed_930001,04d5562cda5acdb80a5babf2076251dc7d07df3563f7b17a1b87b1bcbcf2fa0f,True,0.0,200.10439074112588,115,461,12579.84,LP_batch_permission_scenario
f20,0.2,development,930002,/home/user/projects/AIDRBench/results/nature_mainline/workload_composition_v4/development/f20/scenarios/single/hourly_seed_930002,3c240808f1cbc1fea901b775bc3913b438b03dd64ca440ba21f8fc7c1add61bc,True,0.0,200.10439074112588,115,461,12579.84,LP_batch_permission_scenario
f20,0.2,development,930003,/home/user/projects/AIDRBench/results/nature_mainline/workload_composition_v4/development/f20/scenarios/single/hourly_seed_930003,767d5b4904c223ee4cef66eac47fb13fd34f3e9080b47fa93bfdd2b65eb696aa,True,0.0,200.10439074112588,115,461,12579.84,LP_batch_permission_scenario
f20,0.2,development,930004,/home/user/projects/AIDRBench/results/nature_mainline/workload_composition_v4/development/f20/scenarios/single/hourly_seed_930004,b06dcd6a5887b5af60141c94b2da7d427d315791a21f8f9f61492664163a956b,True,0.0,200.10439074112588,115,461,12579.84,LP_batch_permission_scenario
f20,0.2,development,930005,/home/user/projects/AIDRBench/results/nature_mainline/workload_composition_v4/development/f20/scenarios/single/hourly_seed_930005,43495e28a3e7262f7de7488523386c1c173205cb4353ee66956648950bfaff0b,True,0.0,200.10439074112588,115,461,12579.84,LP_batch_permission_scenario
f20,0.2,development,930006,/home/user/projects/AIDRBench/results/nature_mainline/workload_composition_v4/development/f20/scenarios/single/hourly_seed_930006,64c41d4868e79cc9f43a3fc2f08f705cdfced049001bd46486c5869d7fff8a4d,True,0.0,200.10439074112588,115,461,12579.84,LP_batch_permission_scenario
f20,0.2,development,930007,/home/user/projects/AIDRBench/results/nature_mainline/workload_composition_v4/development/f20/scenarios/single/hourly_seed_930007,89a989485c04d8e4a983f4ebfb02715571be18d1b8c67a76bc49d4aaf91f9a89,True,0.0,200.10439074112588,115,461,12579.84,LP_batch_permission_scenario
f20,0.2,development,930008,/home/user/projects/AIDRBench/results/nature_mainline/workload_composition_v4/development/f20/scenarios/single/hourly_seed_930008,3d10a17bb9873508ab105502de351ad462554c08121c7e091001765365d4671b,True,0.0,200.10439074112588,115,461,12579.84,LP_batch_permission_scenario
f20,0.2,development,930009,/home/user/projects/AIDRBench/results/nature_mainline/workload_composition_v4/development/f20/scenarios/single/hourly_seed_930009,97dc551febf6ae6974814b53e24e71f83bf3915a09d2ed640354e750d7c06e05,True,0.0,200.10439074112588,115,461,12579.84,LP_batch_permission_scenario
f20,0.2,development,930010,/home/user/projects/AIDRBench/results/nature_mainline/workload_composition_v4/development/f20/scenarios/single/hourly_seed_930010,c405d0a133bb9960792753fdce8c402b5d42adca9e277237205518b7544618f5,True,0.0,200.10439074112588,115,461,12579.84,LP_batch_permission_scenario
f20,0.2,development,930011,/home/user/projects/AIDRBench/results/nature_mainline/workload_composition_v4/development/f20/scenarios/single/hourly_seed_930011,e354f110f2e11b052d728122510c9ab237ad50f3ec0e0cc06fc8887970f17be0,True,0.0,200.10439074112588,115,461,12579.84,LP_batch_permission_scenario
f20,0.2,development,930012,/home/user/projects/AIDRBench/results/nature_mainline/workload_composition_v4/development/f20/scenarios/single/hourly_seed_930012,0c2f1c725ada836c5b2dbffe07042bd1959f588f660f49231f830473bd5e41a9,True,0.0,200.10439074112588,115,461,12579.84,LP_batch_permission_scenario
f20,0.2,development,930013,/home/user/projects/AIDRBench/results/nature_mainline/workload_composition_v4/development/f20/scenarios/single/hourly_seed_930013,39de0ae3b954e6f3a0bc74be2d2d91c9d6ac95cd109ead5286ff016fe5372acd,True,0.0,200.10439074112588,115,461,12579.84,LP_batch_permission_scenario
f20,0.2,development,930014,/home/user/projects/AIDRBench/results/nature_mainline/workload_composition_v4/development/f20/scenarios/single/hourly_seed_930014,b5b80d9fb1d7278ed872d5308a8ac95fa058dec4302cd2f6436e554dce36548b,True,0.0,200.10439074112588,115,461,12579.84,LP_batch_permission_scenario
f20,0.2,development,930015,/home/user/projects/AIDRBench/results/nature_mainline/workload_composition_v4/development/f20/scenarios/single/hourly_seed_930015,2ccd6ed5c7c69655b05844c4a58604417e366a3974c0d6eb71c65a3873851b97,True,0.0,200.10439074112588,115,461,12579.84,LP_batch_permission_scenario
f20,0.2,development,930016,/home/user/projects/AIDRBench/results/nature_mainline/workload_composition_v4/development/f20/scenarios/single/hourly_seed_930016,863dba54e2ed6961595842ca1d2384551c5bf87c664cb352927991292f53b1a6,True,0.0,200.10439074112588,115,461,12579.84,LP_batch_permission_scenario
f20,0.2,development,930017,/home/user/projects/AIDRBench/results/nature_mainline/workload_composition_v4/development/f20/scenarios/single/hourly_seed_930017,90993eba108c7b488e757a1a62d966d1f4820e29237f82989242f050d349f630,True,0.0,200.10439074112588,115,461,12579.84,LP_batch_permission_scenario
f20,0.2,development,930018,/home/user/projects/AIDRBench/results/nature_mainline/workload_composition_v4/development/f20/scenarios/single/hourly_seed_930018,b9409b53c718ec40fab0f40c93c08b7c7048867e41edf5b28a1fcb0b7e095d4f,True,0.0,200.10439074112588,115,461,12579.84,LP_batch_permission_scenario
f20,0.2,development,930019,/home/user/projects/AIDRBench/results/nature_mainline/workload_composition_v4/development/f20/scenarios/single/hourly_seed_930019,443ecece0ce63765378d1f780205118f8cf1a55125b2f38db04d957f1ce46a89,True,0.0,200.10439074112588,115,461,12579.84,LP_batch_permission_scenario
f20,0.2,development,930020,/home/user/projects/AIDRBench/results/nature_mainline/workload_composition_v4/development/f20/scenarios/single/hourly_seed_930020,834d3ce53993407d5c26e6e52b43c282fc6c2b2985f2ad7435d8be251fcb9f87,True,0.0,200.10439074112588,115,461,12579.84,LP_batch_permission_scenario
f20,0.2,development,930021,/home/user/projects/AIDRBench/results/nature_mainline/workload_composition_v4/development/f20/scenarios/single/hourly_seed_930021,9bc172632fb43a92c8ff2ad91c5454b61b37ccdcba159ef944e0b8fdb1ca3caa,True,0.0,200.10439074112588,115,461,12579.84,LP_batch_permission_scenario
f20,0.2,development,930022,/home/user/projects/AIDRBench/results/nature_mainline/workload_composition_v4/development/f20/scenarios/single/hourly_seed_930022,65dac48a9a5c5aa2628c459fedc1f71f9fe4dd6fceabd8d54e937f0ebf775970,True,0.0,200.10439074112588,115,461,12579.84,LP_batch_permission_scenario
f20,0.2,development,930023,/home/user/projects/AIDRBench/results/nature_mainline/workload_composition_v4/development/f20/scenarios/single/hourly_seed_930023,b4c45d997a423b276641319942f2eb7ebe3dc23722b4f0543f604da53a8f5220,True,0.0,200.10439074112588,115,461,12579.84,LP_batch_permission_scenario
f20,0.2,development,930024,/home/user/projects/AIDRBench/results/nature_mainline/workload_composition_v4/development/f20/scenarios/single/hourly_seed_930024,155d568c3bd2b4cf988ae6f4fe34a8e61c03936bd0478c35c2c1a106a2e6c2b6,True,0.0,200.10439074112588,115,461,12579.84,LP_batch_permission_scenario
f20,0.2,development,930025,/home/user/projects/AIDRBench/results/nature_mainline/workload_composition_v4/development/f20/scenarios/single/hourly_seed_930025,7c63fbf8044bfbe358b922472253e0ead52add2a5b47bba8f8623a0a722c5e41,True,0.0,200.10439074112588,115,461,12579.84,LP_batch_permission_scenario
f20,0.2,development,930026,/home/user/projects/AIDRBench/results/nature_mainline/workload_composition_v4/development/f20/scenarios/single/hourly_seed_930026,5b67a66ea0e0a4652d6da8c2a54e754b0149612a78bb3f1d5870e3823689cb2c,True,0.0,200.10439074112588,115,461,12579.84,LP_batch_permission_scenario
f20,0.2,development,930027,/home/user/projects/AIDRBench/results/nature_mainline/workload_composition_v4/development/f20/scenarios/single/hourly_seed_930027,06b531f0989f9e988227bc8acba5303e60da85eadc755fcdecf96a0d9f1425dd,True,0.0,200.10439074112588,115,461,12579.84,LP_batch_permission_scenario
f20,0.2,development,930028,/home/user/projects/AIDRBench/results/nature_mainline/workload_composition_v4/development/f20/scenarios/single/hourly_seed_930028,34f5e9150c8548bee3be9e5ca78d89f68ba7bd6e2a769d8353da9fb0d2198f6c,True,0.0,200.10439074112588,115,461,12579.84,LP_batch_permission_scenario
f20,0.2,development,930029,/home/user/projects/AIDRBench/results/nature_mainline/workload_composition_v4/development/f20/scenarios/single/hourly_seed_930029,19d0c2f2f33843228a93a3f3f4acd8211e6ade9224e15c8d008ca8637399d37a,True,0.0,200.10439074112588,115,461,12579.84,LP_batch_permission_scenario
f20,0.2,development,930030,/home/user/projects/AIDRBench/results/nature_mainline/workload_composition_v4/development/f20/scenarios/single/hourly_seed_930030,992e7a45ffa18884b61e842d6b2932bc92081e9c6e72cc77afe8e2c10e0547cd,True,0.0,200.10439074112588,115,461,12579.84,LP_batch_permission_scenario
f20,0.2,development,930031,/home/user/projects/AIDRBench/results/nature_mainline/workload_composition_v4/development/f20/scenarios/single/hourly_seed_930031,adf7d8d060f533f8114b4e05fa3c7970f58decd906062472037d159a536486d9,True,0.0,200.10439074112588,115,461,12579.84,LP_batch_permission_scenario
f20,0.2,development,930032,/home/user/projects/AIDRBench/results/nature_mainline/workload_composition_v4/development/f20/scenarios/single/hourly_seed_930032,a51e63ac560da1b613e66c1b1ecc1dcc288f36bce419df01f84ae6ba02aa2c12,True,0.0,200.10439074112588,115,461,12579.84,LP_batch_permission_scenario
f20,0.2,development,930033,/home/user/projects/AIDRBench/results/nature_mainline/workload_composition_v4/development/f20/scenarios/single/hourly_seed_930033,91513eef0d36efccc9c7f9255056e4eba15942a0e68017f08df5b1e374744345,True,0.0,200.10439074112588,115,461,12579.84,LP_batch_permission_scenario
f20,0.2,development,930034,/home/user/projects/AIDRBench/results/nature_mainline/workload_composition_v4/development/f20/scenarios/single/hourly_seed_930034,47c7ac7e20faed2c1b2d04d6deebf2027c945e0c06f4a2bd66ca1295a1c87b0c,True,0.0,200.10439074112588,115,461,12579.84,LP_batch_permission_scenario
f20,0.2,development,930035,/home/user/projects/AIDRBench/results/nature_mainline/workload_composition_v4/development/f20/scenarios/single/hourly_seed_930035,3ed0a2a2d1df2e7db538538c1a5e4a16e9d635a1e7c9c6cd8c7b8cdd9847e4cd,True,0.0,200.10439074112588,115,461,12579.84,LP_batch_permission_scenario
f20,0.2,development,930036,/home/user/projects/AIDRBench/results/nature_mainline/workload_composition_v4/development/f20/scenarios/single/hourly_seed_930036,ec6ef476e7276921a616a9e754d1929c56ba407584236dfe6adc107d6b965e4a,True,0.0,200.10439074112588,115,461,12579.84,LP_batch_permission_scenario
f20,0.2,development,930037,/home/user/projects/AIDRBench/results/nature_mainline/workload_composition_v4/development/f20/scenarios/single/hourly_seed_930037,4b81d7da642bc182c648edac1c72c645d6ca042f1986d44daa00efa71ba99f0f,True,0.0,200.10439074112588,115,461,12579.84,LP_batch_permission_scenario
f20,0.2,development,930038,/home/user/projects/AIDRBench/results/nature_mainline/workload_composition_v4/development/f20/scenarios/single/hourly_seed_930038,8f01add3d5bcde6ce68326a65ebe67930e65a10db33b2d0be08cc0609715e679,True,0.0,200.10439074112588,115,461,12579.84,LP_batch_permission_scenario
f20,0.2,development,930039,/home/user/projects/AIDRBench/results/nature_mainline/workload_composition_v4/development/f20/scenarios/single/hourly_seed_930039,5e49613d8961add345e0c1ae7c705a305bbb55b030b191cd1f61bdc1c415fb57,True,0.0,200.10439074112588,115,461,12579.84,LP_batch_permission_scenario
f20,0.2,development,930040,/home/user/projects/AIDRBench/results/nature_mainline/workload_composition_v4/development/f20/scenarios/single/hourly_seed_930040,39c171736848b81c92f05b49df5e26d77362e4ebbb06fd4d0666fed05f8b45d0,True,0.0,200.10439074112588,115,461,12579.84,LP_batch_permission_scenario
f20,0.2,development,930041,/home/user/projects/AIDRBench/results/nature_mainline/workload_composition_v4/development/f20/scenarios/single/hourly_seed_930041,d9047104a8fa356df53baa2c72a4ca2a1eec6f64cf44200a391843c8c1080b3b,True,0.0,200.10439074112588,115,461,12579.84,LP_batch_permission_scenario
f20,0.2,development,930042,/home/user/projects/AIDRBench/results/nature_mainline/workload_composition_v4/development/f20/scenarios/single/hourly_seed_930042,20df4df07f8f837541b40ae5488c39f05ba1ff1c6b4307efa5ca24a3081a953d,True,0.0,200.10439074112588,115,461,12579.84,LP_batch_permission_scenario
f20,0.2,development,930043,/home/user/projects/AIDRBench/results/nature_mainline/workload_composition_v4/development/f20/scenarios/single/hourly_seed_930043,e4e1f2b3a0f29741532e486fd758ff267d65bcd080c6d05bd1b18e8960f3f882,True,0.0,200.10439074112588,115,461,12579.84,LP_batch_permission_scenario
f20,0.2,development,930044,/home/user/projects/AIDRBench/results/nature_mainline/workload_composition_v4/development/f20/scenarios/single/hourly_seed_930044,85988f8b8ba6650c73d68cb4ca3efbe16e3e71fb7f05948124d613a74d1ed57d,True,0.0,200.10439074112588,115,461,12579.84,LP_batch_permission_scenario
f20,0.2,development,930045,/home/user/projects/AIDRBench/results/nature_mainline/workload_composition_v4/development/f20/scenarios/single/hourly_seed_930045,fe3ea6b1645137560257f901a5bc67b34fb6640276cee855e24b7a904aca46c3,True,0.0,200.10439074112588,115,461,12579.84,LP_batch_permission_scenario
f20,0.2,development,930046,/home/user/projects/AIDRBench/results/nature_mainline/workload_composition_v4/development/f20/scenarios/single/hourly_seed_930046,cf159a349ecd5de72f2a88b6a6abefd5fc8e0d1fe79d88bd251d70c182650ca7,True,0.0,200.10439074112588,115,461,12579.84,LP_batch_permission_scenario
f20,0.2,development,930047,/home/user/projects/AIDRBench/results/nature_mainline/workload_composition_v4/development/f20/scenarios/single/hourly_seed_930047,05273eac15a6685a4b753bb3d4618ed5449b4a3a06fed3c111e4ea0dee93a66e,True,0.0,200.10439074112588,115,461,12579.84,LP_batch_permission_scenario
f20,0.2,development,930048,/home/user/projects/AIDRBench/results/nature_mainline/workload_composition_v4/development/f20/scenarios/single/hourly_seed_930048,19fa67f090585a605aa60cc1ec2a36fabe3e5301063bb4ab030e1955b22f3204,True,0.0,200.10439074112588,115,461,12579.84,LP_batch_permission_scenario
f20,0.2,development,930049,/home/user/projects/AIDRBench/results/nature_mainline/workload_composition_v4/development/f20/scenarios/single/hourly_seed_930049,15a02869f117ed7f8b0629c8f64b7566f2322da843bb08c28aaa6ea1d4ffc393,True,0.0,200.10439074112588,115,461,12579.84,LP_batch_permission_scenario
f20,0.2,development,930050,/home/user/projects/AIDRBench/results/nature_mainline/workload_composition_v4/development/f20/scenarios/single/hourly_seed_930050,8cf39abe9d31d6cb9fcff23cc339fd3e38347dfd9af365e32a6ec644cac4c605,True,0.0,200.10439074112588,115,461,12579.84,LP_batch_permission_scenario
f20,0.2,development,930051,/home/user/projects/AIDRBench/results/nature_mainline/workload_composition_v4/development/f20/scenarios/single/hourly_seed_930051,99a076b4d4bdcb6f30fe110fb0cc8835e0770fbba18df75cf3f6741334556431,True,0.0,200.10439074112588,115,461,12579.84,LP_batch_permission_scenario
f20,0.2,development,930052,/home/user/projects/AIDRBench/results/nature_mainline/workload_composition_v4/development/f20/scenarios/single/hourly_seed_930052,9701966a0ae1120a0dfd08b694495baff4b8d8d24642f5bcec5b773dbd5c0476,True,0.0,200.10439074112588,115,461,12579.84,LP_batch_permission_scenario
f20,0.2,development,930053,/home/user/projects/AIDRBench/results/nature_mainline/workload_composition_v4/development/f20/scenarios/single/hourly_seed_930053,db62382e10e4a0cd7a9079a092426e94728d00de9e1f3c81dbe82fd3e742c5d2,True,0.0,200.10439074112588,115,461,12579.84,LP_batch_permission_scenario
f20,0.2,development,930054,/home/user/projects/AIDRBench/results/nature_mainline/workload_composition_v4/development/f20/scenarios/single/hourly_seed_930054,402af384f130183432cb47df047301068c5c997d0e096b1c62634615f68cce41,True,0.0,200.10439074112588,115,461,12579.84,LP_batch_permission_scenario
f20,0.2,development,930055,/home/user/projects/AIDRBench/results/nature_mainline/workload_composition_v4/development/f20/scenarios/single/hourly_seed_930055,2cb4de8a679976ce164139c56877f7a37103ee0cec56c43316cc3c014b6ffcd8,True,0.0,200.10439074112588,115,461,12579.84,LP_batch_permission_scenario
f20,0.2,development,930056,/home/user/projects/AIDRBench/results/nature_mainline/workload_composition_v4/development/f20/scenarios/single/hourly_seed_930056,e47f3b5e41e2be293d075d32be2379eafbc08856f0e84b8fceca053082fb37d9,True,0.0,200.10439074112588,115,461,12579.84,LP_batch_permission_scenario
f20,0.2,development,930057,/home/user/projects/AIDRBench/results/nature_mainline/workload_composition_v4/development/f20/scenarios/single/hourly_seed_930057,374eda0c2f5a694ea4417c0fd4ef2956952598cce2633de6e89a3de4a512697b,True,0.0,200.10439074112588,115,461,12579.84,LP_batch_permission_scenario
f20,0.2,development,930058,/home/user/projects/AIDRBench/results/nature_mainline/workload_composition_v4/development/f20/scenarios/single/hourly_seed_930058,7e9ac8b3dfd73e0089f25da59dfbc2e7a94a84eece08f3bd977d39c38c614790,True,0.0,200.10439074112588,115,461,12579.84,LP_batch_permission_scenario
f20,0.2,development,930059,/home/user/projects/AIDRBench/results/nature_mainline/workload_composition_v4/development/f20/scenarios/single/hourly_seed_930059,b107afbd3e955f7edb458b8a4dd34d8b181e01dec114ee785be44d9ac3b6569b,True,0.0,200.10439074112588,115,461,12579.84,LP_batch_permission_scenario
f20,0.2,development,930060,/home/user/projects/AIDRBench/results/nature_mainline/workload_composition_v4/development/f20/scenarios/single/hourly_seed_930060,301461131c5b30c3f5083cb97bebe20ac092a4a3b61fe42736dc2ecc988e402f,True,0.0,200.10439074112588,115,461,12579.84,LP_batch_permission_scenario
f20,0.2,development,930061,/home/user/projects/AIDRBench/results/nature_mainline/workload_composition_v4/development/f20/scenarios/single/hourly_seed_930061,b8a67917bbfea9eaec21c675a3e9fe6e5fb2d82fa90a5f91342ace9dc83f3f5a,True,0.0,200.10439074112588,115,461,12579.84,LP_batch_permission_scenario
f20,0.2,development,930062,/home/user/projects/AIDRBench/results/nature_mainline/workload_composition_v4/development/f20/scenarios/single/hourly_seed_930062,f8862fa23ac5e0992284eb9b4208a569a2d915ff54a083e1e8567616aa41fc12,True,0.0,200.10439074112588,115,461,12579.84,LP_batch_permission_scenario
f20,0.2,development,930063,/home/user/projects/AIDRBench/results/nature_mainline/workload_composition_v4/development/f20/scenarios/single/hourly_seed_930063,2c5fe5e3022e65861589d103147cf82310f11a04bf183b593428363c08f7980e,True,0.0,200.10439074112588,115,461,12579.84,LP_batch_permission_scenario
f20,0.2,development,930064,/home/user/projects/AIDRBench/results/nature_mainline/workload_composition_v4/development/f20/scenarios/single/hourly_seed_930064,cd5432cf07c9c407fc695962387e6a11b3a836e4a9cc8ad68c51b52f45a2c4d3,True,0.0,200.10439074112588,115,461,12579.84,LP_batch_permission_scenario
f20,0.2,development,930065,/home/user/projects/AIDRBench/results/nature_mainline/workload_composition_v4/development/f20/scenarios/single/hourly_seed_930065,fde7d8e5154376cde1dec4aef24482dcf6b96ca1a538808067c50a68ac78de97,True,0.0,200.10439074112588,115,461,12579.84,LP_batch_permission_scenario
f20,0.2,development,930066,/home/user/projects/AIDRBench/results/nature_mainline/workload_composition_v4/development/f20/scenarios/single/hourly_seed_930066,4fce8c21f213d5a0f6179fdaefa04907808962265e3a4285fc7bf801162adc58,True,0.0,200.10439074112588,115,461,12579.84,LP_batch_permission_scenario
f20,0.2,development,930067,/home/user/projects/AIDRBench/results/nature_mainline/workload_composition_v4/development/f20/scenarios/single/hourly_seed_930067,f9bfe0aa9f2636a4c39f75fac151ac96b240041522fd13635d90054061116f49,True,0.0,200.10439074112588,115,461,12579.84,LP_batch_permission_scenario
f20,0.2,development,930068,/home/user/projects/AIDRBench/results/nature_mainline/workload_composition_v4/development/f20/scenarios/single/hourly_seed_930068,c450d035273a25a265dea5e2786aeccbb743938bf82009fb43c12edb75462a61,True,0.0,200.10439074112588,115,461,12579.84,LP_batch_permission_scenario
f20,0.2,development,930069,/home/user/projects/AIDRBench/results/nature_mainline/workload_composition_v4/development/f20/scenarios/single/hourly_seed_930069,b5a4a99c22e2d59cc9a7586555d4f5b11f66092739e9eb697303d551300cbf1d,True,0.0,200.10439074112588,115,461,12579.84,LP_batch_permission_scenario
f20,0.2,development,930070,/home/user/projects/AIDRBench/results/nature_mainline/workload_composition_v4/development/f20/scenarios/single/hourly_seed_930070,8e14905f050f335b8158e5c797c584c1f6e8fbbe49f3f70bcf8c8d482180bce8,True,0.0,200.10439074112588,115,461,12579.84,LP_batch_permission_scenario
f20,0.2,development,930071,/home/user/projects/AIDRBench/results/nature_mainline/workload_composition_v4/development/f20/scenarios/single/hourly_seed_930071,bedc48a0f6762519d43f051c4a0e5230cdfdc681e52aee81b4fd2080ba97aec1,True,0.0,200.10439074112588,115,461,12579.84,LP_batch_permission_scenario
f20,0.2,development,930072,/home/user/projects/AIDRBench/results/nature_mainline/workload_composition_v4/development/f20/scenarios/single/hourly_seed_930072,9d126cd27c615ec1737d270f4ecdf6cc94217537efb4be8c5600f7a020cbed99,True,0.0,200.10439074112588,115,461,12579.84,LP_batch_permission_scenario
f20,0.2,development,930073,/home/user/projects/AIDRBench/results/nature_mainline/workload_composition_v4/development/f20/scenarios/single/hourly_seed_930073,b66002c79b466e95e0ed23d8b1730fa626b51a905816c07c637dbfa3c3c0977e,True,0.0,200.10439074112588,115,461,12579.84,LP_batch_permission_scenario
f20,0.2,development,930074,/home/user/projects/AIDRBench/results/nature_mainline/workload_composition_v4/development/f20/scenarios/single/hourly_seed_930074,5e2efdd49d894cb35c69e6d9f8bf27a328bde0a2eb3b374fb5b44a4bb88c6990,True,0.0,200.10439074112588,115,461,12579.84,LP_batch_permission_scenario
f20,0.2,development,930075,/home/user/projects/AIDRBench/results/nature_mainline/workload_composition_v4/development/f20/scenarios/single/hourly_seed_930075,452944c3d38100eb198d0b1c14b3c10905325d5e7ca6e630a7decc4065298628,True,0.0,200.10439074112588,115,461,12579.84,LP_batch_permission_scenario
f20,0.2,development,930076,/home/user/projects/AIDRBench/results/nature_mainline/workload_composition_v4/development/f20/scenarios/single/hourly_seed_930076,6e519a7f3c89b6ce24b8869d64174d5d32d82e165a96011d3786f568fd4cce2a,True,0.0,200.10439074112588,115,461,12579.84,LP_batch_permission_scenario
f20,0.2,development,930077,/home/user/projects/AIDRBench/results/nature_mainline/workload_composition_v4/development/f20/scenarios/single/hourly_seed_930077,bb051fde212f691760e2c8fc58a5ac2e1c6fbc37f3abb3659d0f47aacac98e4e,True,0.0,200.10439074112588,115,461,12579.84,LP_batch_permission_scenario
f20,0.2,development,930078,/home/user/projects/AIDRBench/results/nature_mainline/workload_composition_v4/development/f20/scenarios/single/hourly_seed_930078,c6cf2c52d16d521fc215f40e4a0282d4a0e0ba2391a21296d102362f566ace57,True,0.0,200.10439074112588,115,461,12579.84,LP_batch_permission_scenario
f20,0.2,development,930079,/home/user/projects/AIDRBench/results/nature_mainline/workload_composition_v4/development/f20/scenarios/single/hourly_seed_930079,6dc6982e889bf913581ffd2b105cbb406e0fe43363e57f18a8af2364c9c0d98a,True,0.0,200.10439074112588,115,461,12579.84,LP_batch_permission_scenario
f20,0.2,development,930080,/home/user/projects/AIDRBench/results/nature_mainline/workload_composition_v4/development/f20/scenarios/single/hourly_seed_930080,e4f49f85656f7e42f039cf158cd8596d4110516493f358f90d86cdfa516dcfb3,True,0.0,200.10439074112588,115,461,12579.84,LP_batch_permission_scenario
f20,0.2,development,930081,/home/user/projects/AIDRBench/results/nature_mainline/workload_composition_v4/development/f20/scenarios/single/hourly_seed_930081,62569cfaad6f27a3f37c97db17d07a9fb7862b03bd964a534feccd570f77f0d0,True,0.0,200.10439074112588,115,461,12579.84,LP_batch_permission_scenario
f20,0.2,development,930082,/home/user/projects/AIDRBench/results/nature_mainline/workload_composition_v4/development/f20/scenarios/single/hourly_seed_930082,48994ccfd24f428072162370d6ebb4b02c24db1284c4902842738de7d0eb9b64,True,0.0,200.10439074112588,115,461,12579.84,LP_batch_permission_scenario
f20,0.2,development,930083,/home/user/projects/AIDRBench/results/nature_mainline/workload_composition_v4/development/f20/scenarios/single/hourly_seed_930083,bbee09ed975608523ffd56b5d66ccca7363288bfa280b8afe75df51dacb2d33b,True,0.0,200.10439074112588,115,461,12579.84,LP_batch_permission_scenario
f20,0.2,development,930084,/home/user/projects/AIDRBench/results/nature_mainline/workload_composition_v4/development/f20/scenarios/single/hourly_seed_930084,e32300edac272fd4b2b611b177ae395676765cd5a4119a273c5e3246d2340fb2,True,0.0,200.10439074112588,115,461,12579.84,LP_batch_permission_scenario
f20,0.2,development,930085,/home/user/projects/AIDRBench/results/nature_mainline/workload_composition_v4/development/f20/scenarios/single/hourly_seed_930085,fe48be918e5f94dc102959ce543ae3958f600f965570b783f4ef3cbfbb0a96af,True,0.0,200.10439074112588,115,461,12579.84,LP_batch_permission_scenario
f20,0.2,development,930086,/home/user/projects/AIDRBench/results/nature_mainline/workload_composition_v4/development/f20/scenarios/single/hourly_seed_930086,108d42cd07374f66275ff398e66a8ee16265926ab6b6386a5cc0602d99c5e353,True,0.0,200.10439074112588,115,461,12579.84,LP_batch_permission_scenario
f20,0.2,development,930087,/home/user/projects/AIDRBench/results/nature_mainline/workload_composition_v4/development/f20/scenarios/single/hourly_seed_930087,975fb1c4b72d97754a2789fcb1ad847027a7dd49f6d733a46de830a15cea8af5,True,0.0,200.10439074112588,115,461,12579.84,LP_batch_permission_scenario
f20,0.2,development,930088,/home/user/projects/AIDRBench/results/nature_mainline/workload_composition_v4/development/f20/scenarios/single/hourly_seed_930088,eae70c79d0989e9ec28157c2bc136cce4f0819f8c3350448722be05d349e59f3,True,0.0,200.10439074112588,115,461,12579.84,LP_batch_permission_scenario
f20,0.2,development,930089,/home/user/projects/AIDRBench/results/nature_mainline/workload_composition_v4/development/f20/scenarios/single/hourly_seed_930089,0699037f558f90e9a75b4cc1d98b9e28f6f4d8515d6c8397a583e693726347aa,True,0.0,200.10439074112588,115,461,12579.84,LP_batch_permission_scenario
f20,0.2,development,930090,/home/user/projects/AIDRBench/results/nature_mainline/workload_composition_v4/development/f20/scenarios/single/hourly_seed_930090,52a91e6d26f48c98dec61523b542f631c980414159f503ebc0b63acfd714bec9,True,0.0,200.10439074112588,115,461,12579.84,LP_batch_permission_scenario
f20,0.2,development,930091,/home/user/projects/AIDRBench/results/nature_mainline/workload_composition_v4/development/f20/scenarios/single/hourly_seed_930091,bc5479bd5bc81bb35eb92298879320ef74da1847ef90a3692aa959152c11700c,True,0.0,200.10439074112588,115,461,12579.84,LP_batch_permission_scenario
f20,0.2,development,930092,/home/user/projects/AIDRBench/results/nature_mainline/workload_composition_v4/development/f20/scenarios/single/hourly_seed_930092,6e0e49eb38eeccf4dd0e4841e6f0077e164bb8ba212c619282bca4c02aca5743,True,0.0,200.10439074112588,115,461,12579.84,LP_batch_permission_scenario
f20,0.2,development,930093,/home/user/projects/AIDRBench/results/nature_mainline/workload_composition_v4/development/f20/scenarios/single/hourly_seed_930093,20896dce6d64ed199b90fcadab057ff0106560886482d53c444a163334bb36e8,True,0.0,200.10439074112588,115,461,12579.84,LP_batch_permission_scenario
f20,0.2,development,930094,/home/user/projects/AIDRBench/results/nature_mainline/workload_composition_v4/development/f20/scenarios/single/hourly_seed_930094,1fc4ff71a9bde2c43df823997150d8838ab89a0c0e8d4f36579199de8325eb69,True,0.0,200.10439074112588,115,461,12579.84,LP_batch_permission_scenario
f20,0.2,development,930095,/home/user/projects/AIDRBench/results/nature_mainline/workload_composition_v4/development/f20/scenarios/single/hourly_seed_930095,b1b6237487c4299a39e7d959f8f32de74912a6f99c95e27826cf9c5ff105b896,True,0.0,200.10439074112588,115,461,12579.84,LP_batch_permission_scenario
f20,0.2,development,930096,/home/user/projects/AIDRBench/results/nature_mainline/workload_composition_v4/development/f20/scenarios/single/hourly_seed_930096,54246a2ecf8c83b621c5f9b97e2b968c844bc30152b3d4921f18e08b72ca5a5b,True,0.0,200.10439074112588,115,461,12579.84,LP_batch_permission_scenario
f20,0.2,development,930097,/home/user/projects/AIDRBench/results/nature_mainline/workload_composition_v4/development/f20/scenarios/single/hourly_seed_930097,b0cf0b9f1498439241483b35130fd192017f2af14c07a87db452e829b97cac76,True,0.0,200.10439074112588,115,461,12579.84,LP_batch_permission_scenario
f20,0.2,development,930098,/home/user/projects/AIDRBench/results/nature_mainline/workload_composition_v4/development/f20/scenarios/single/hourly_seed_930098,f5b28dec2ebf128fc86135db62f048831a588246c9493bda8a105aaebb8c7588,True,0.0,200.10439074112588,115,461,12579.84,LP_batch_permission_scenario
f20,0.2,development,930099,/home/user/projects/AIDRBench/results/nature_mainline/workload_composition_v4/development/f20/scenarios/single/hourly_seed_930099,85d16e82eb3de80d86f0bfea6917fe73d226cc74ad16bf72d6a4032a6c14cbae,True,0.0,200.10439074112588,115,461,12579.84,LP_batch_permission_scenario
f40,0.4,development,930000,/home/user/projects/AIDRBench/results/nature_mainline/workload_composition_v4/development/f40/scenarios/single/hourly_seed_930000,227f7f945690931e9b9c0cb3545782c707e0d7a821dbcafa3d508b6281d44079,True,0.0,212.15515690863197,230,346,25159.68,near_all_batch_opt_in_counterfactual
f40,0.4,development,930001,/home/user/projects/AIDRBench/results/nature_mainline/workload_composition_v4/development/f40/scenarios/single/hourly_seed_930001,96a15aab8f60e0a740b10105dbf97048d5e0267bdd4eff85c9fc963f672fe372,True,0.0,212.15515690863197,230,346,25159.68,near_all_batch_opt_in_counterfactual
f40,0.4,development,930002,/home/user/projects/AIDRBench/results/nature_mainline/workload_composition_v4/development/f40/scenarios/single/hourly_seed_930002,ed8b09b60b2c1f5b40ae53712d1c93f3b1fac6b3e5a5fafcad8bf6600060ef3b,True,0.0,212.15515690863197,230,346,25159.68,near_all_batch_opt_in_counterfactual
f40,0.4,development,930003,/home/user/projects/AIDRBench/results/nature_mainline/workload_composition_v4/development/f40/scenarios/single/hourly_seed_930003,e3436a33be82c5e4ced5187760fac5f9d503309cffb5ad3dd5c46a546031cc7d,True,0.0,212.15515690863197,230,346,25159.68,near_all_batch_opt_in_counterfactual
f40,0.4,development,930004,/home/user/projects/AIDRBench/results/nature_mainline/workload_composition_v4/development/f40/scenarios/single/hourly_seed_930004,32d8d03bff79502ef37e8b6360132f2ce2097d5e65a794c209a21f8b3ca1f572,True,0.0,212.15515690863197,230,346,25159.68,near_all_batch_opt_in_counterfactual
f40,0.4,development,930005,/home/user/projects/AIDRBench/results/nature_mainline/workload_composition_v4/development/f40/scenarios/single/hourly_seed_930005,38ebe66401e47590785a03d3d91c4070a93edc04720f5a8c9288a43029117de3,True,0.0,212.15515690863197,230,346,25159.68,near_all_batch_opt_in_counterfactual
f40,0.4,development,930006,/home/user/projects/AIDRBench/results/nature_mainline/workload_composition_v4/development/f40/scenarios/single/hourly_seed_930006,efccbc415e351845e5bdeb1b818d2292b23b16f59f42bb3683551cb5cd4d8b65,True,0.0,212.15515690863197,230,346,25159.68,near_all_batch_opt_in_counterfactual
f40,0.4,development,930007,/home/user/projects/AIDRBench/results/nature_mainline/workload_composition_v4/development/f40/scenarios/single/hourly_seed_930007,6005fc65d722586b64de7d2871fb408b731f3b54e66a0b7089b6b7804c3a2a2f,True,0.0,212.15515690863197,230,346,25159.68,near_all_batch_opt_in_counterfactual
f40,0.4,development,930008,/home/user/projects/AIDRBench/results/nature_mainline/workload_composition_v4/development/f40/scenarios/single/hourly_seed_930008,750624dc81189cec18f5bbc7997134a128586c7b9d4d366df707b503e97a82b2,True,0.0,212.15515690863197,230,346,25159.68,near_all_batch_opt_in_counterfactual
f40,0.4,development,930009,/home/user/projects/AIDRBench/results/nature_mainline/workload_composition_v4/development/f40/scenarios/single/hourly_seed_930009,6e539f95cbe6ed9fa947048b43249c9611a2d75fb60f0cadccc3b51662df38e1,True,0.0,212.15515690863197,230,346,25159.68,near_all_batch_opt_in_counterfactual
f40,0.4,development,930010,/home/user/projects/AIDRBench/results/nature_mainline/workload_composition_v4/development/f40/scenarios/single/hourly_seed_930010,35da3a4e68f498e2c93c03c5e031226941a79205b4c12143cece7856675bae65,True,0.0,212.15515690863197,230,346,25159.68,near_all_batch_opt_in_counterfactual
f40,0.4,development,930011,/home/user/projects/AIDRBench/results/nature_mainline/workload_composition_v4/development/f40/scenarios/single/hourly_seed_930011,9402f148f07c6aea88da1fae7bb562e6b69ddaf22fef26d2d199db217063e2c1,True,0.0,212.15515690863197,230,346,25159.68,near_all_batch_opt_in_counterfactual
f40,0.4,development,930012,/home/user/projects/AIDRBench/results/nature_mainline/workload_composition_v4/development/f40/scenarios/single/hourly_seed_930012,d82d0850e22071b23822881cb13acc9085d9c0ee625dd7935573ee15f62cd2c4,True,0.0,212.15515690863197,230,346,25159.68,near_all_batch_opt_in_counterfactual
f40,0.4,development,930013,/home/user/projects/AIDRBench/results/nature_mainline/workload_composition_v4/development/f40/scenarios/single/hourly_seed_930013,80207435fba46e461dee4d296d12965bd74251c94469ebd76ca0bbc1f9d1ead8,True,0.0,212.15515690863197,230,346,25159.68,near_all_batch_opt_in_counterfactual
f40,0.4,development,930014,/home/user/projects/AIDRBench/results/nature_mainline/workload_composition_v4/development/f40/scenarios/single/hourly_seed_930014,a997ca304fabc4d95b929025cf93371d80d85c3a4a7b1a33268ad04a8dac3986,True,0.0,212.15515690863197,230,346,25159.68,near_all_batch_opt_in_counterfactual
f40,0.4,development,930015,/home/user/projects/AIDRBench/results/nature_mainline/workload_composition_v4/development/f40/scenarios/single/hourly_seed_930015,d2a6d93140d778c0b2fa89fa9dec67f15805e34b5ec178afb9423140e6d3d321,True,0.0,212.15515690863197,230,346,25159.68,near_all_batch_opt_in_counterfactual
f40,0.4,development,930016,/home/user/projects/AIDRBench/results/nature_mainline/workload_composition_v4/development/f40/scenarios/single/hourly_seed_930016,744c50a10c66b1656e2a52bbe4d2112ba8969a6da9c6cadce927211ff185b7b6,True,0.0,212.15515690863197,230,346,25159.68,near_all_batch_opt_in_counterfactual
f40,0.4,development,930017,/home/user/projects/AIDRBench/results/nature_mainline/workload_composition_v4/development/f40/scenarios/single/hourly_seed_930017,d368a73a6fa557dc050bfcd7cc7ef32d6a1d6c301e6f0f0c2b9496ca4c9eae1c,True,0.0,212.15515690863197,230,346,25159.68,near_all_batch_opt_in_counterfactual
f40,0.4,development,930018,/home/user/projects/AIDRBench/results/nature_mainline/workload_composition_v4/development/f40/scenarios/single/hourly_seed_930018,322cceccb364052db0b38274203d9711e5550451e19a09927ca0054862a56ff2,True,0.0,212.15515690863197,230,346,25159.68,near_all_batch_opt_in_counterfactual
f40,0.4,development,930019,/home/user/projects/AIDRBench/results/nature_mainline/workload_composition_v4/development/f40/scenarios/single/hourly_seed_930019,cdc4d3503c4eae29309dbac98c38733ea4fe8df1ddbb5e7103e030dc9346a37f,True,0.0,212.15515690863197,230,346,25159.68,near_all_batch_opt_in_counterfactual
f40,0.4,development,930020,/home/user/projects/AIDRBench/results/nature_mainline/workload_composition_v4/development/f40/scenarios/single/hourly_seed_930020,58f01f6cea5ba76d1007aae7d6a582fcaaecb87074ab3b781c821b41c59d316d,True,0.0,212.15515690863197,230,346,25159.68,near_all_batch_opt_in_counterfactual
f40,0.4,development,930021,/home/user/projects/AIDRBench/results/nature_mainline/workload_composition_v4/development/f40/scenarios/single/hourly_seed_930021,84ff33d5fabad01971330ba69b169457a1b5a1999d1b31447353cc1be8521057,True,0.0,212.15515690863197,230,346,25159.68,near_all_batch_opt_in_counterfactual
f40,0.4,development,930022,/home/user/projects/AIDRBench/results/nature_mainline/workload_composition_v4/development/f40/scenarios/single/hourly_seed_930022,f1621a0e550f50f75a4f2ef56a13d9e3f1bb7e91c662f1dd7ed167bea05ba3ad,True,0.0,212.15515690863197,230,346,25159.68,near_all_batch_opt_in_counterfactual
f40,0.4,development,930023,/home/user/projects/AIDRBench/results/nature_mainline/workload_composition_v4/development/f40/scenarios/single/hourly_seed_930023,c3c9f2132b86add33cfc72786327f10efbae4b985ee33510cfe3c6ca7935ca63,True,0.0,212.15515690863197,230,346,25159.68,near_all_batch_opt_in_counterfactual
f40,0.4,development,930024,/home/user/projects/AIDRBench/results/nature_mainline/workload_composition_v4/development/f40/scenarios/single/hourly_seed_930024,6402aaff7a5ee7e9dd533e19c8873c7cb2546240a7d95f8b1ea6b8010bddc4e1,True,0.0,212.15515690863197,230,346,25159.68,near_all_batch_opt_in_counterfactual
f40,0.4,development,930025,/home/user/projects/AIDRBench/results/nature_mainline/workload_composition_v4/development/f40/scenarios/single/hourly_seed_930025,107cf2d803a66b2c89301f2b7241b4ff983a05f776f5e10a22a1cfaf633ba52c,True,0.0,212.15515690863197,230,346,25159.68,near_all_batch_opt_in_counterfactual
f40,0.4,development,930026,/home/user/projects/AIDRBench/results/nature_mainline/workload_composition_v4/development/f40/scenarios/single/hourly_seed_930026,c17f74845404f8470086e971a3c38f9f1f9196f7161e4f4a5206910876260feb,True,0.0,212.15515690863197,230,346,25159.68,near_all_batch_opt_in_counterfactual
f40,0.4,development,930027,/home/user/projects/AIDRBench/results/nature_mainline/workload_composition_v4/development/f40/scenarios/single/hourly_seed_930027,f5907af8ac7106109666fbae867cd9cd0fd017479c9ec25b838f6c899908ee1e,True,0.0,212.15515690863197,230,346,25159.68,near_all_batch_opt_in_counterfactual
f40,0.4,development,930028,/home/user/projects/AIDRBench/results/nature_mainline/workload_composition_v4/development/f40/scenarios/single/hourly_seed_930028,d0360ac4d47ea56b04b5c242421e97d119913af0997b80326e99e4ad020daf0a,True,0.0,212.15515690863197,230,346,25159.68,near_all_batch_opt_in_counterfactual
f40,0.4,development,930029,/home/user/projects/AIDRBench/results/nature_mainline/workload_composition_v4/development/f40/scenarios/single/hourly_seed_930029,327c73df7a83f55b2c2d648ff80a9557e1d34b2f680451a11307629d7e1a1c57,True,0.0,212.15515690863197,230,346,25159.68,near_all_batch_opt_in_counterfactual
f40,0.4,development,930030,/home/user/projects/AIDRBench/results/nature_mainline/workload_composition_v4/development/f40/scenarios/single/hourly_seed_930030,bfaf3d0fcbf22e8fc5467ad0bbde619a183ed912e98f2dbd247be0a4a030a474,True,0.0,212.15515690863197,230,346,25159.68,near_all_batch_opt_in_counterfactual
f40,0.4,development,930031,/home/user/projects/AIDRBench/results/nature_mainline/workload_composition_v4/development/f40/scenarios/single/hourly_seed_930031,0e0fe14117620744df18c640244939aa626db0677d8fe06c5ba0595381ae2e72,True,0.0,212.15515690863197,230,346,25159.68,near_all_batch_opt_in_counterfactual
f40,0.4,development,930032,/home/user/projects/AIDRBench/results/nature_mainline/workload_composition_v4/development/f40/scenarios/single/hourly_seed_930032,eaa49c6cad9b332518e29331e0b6e41ee735ea723b4efbf014d5426118aadb2f,True,0.0,212.15515690863197,230,346,25159.68,near_all_batch_opt_in_counterfactual
f40,0.4,development,930033,/home/user/projects/AIDRBench/results/nature_mainline/workload_composition_v4/development/f40/scenarios/single/hourly_seed_930033,ec60df0f261452a7211be9bef6c8ab8be0eabe08d4f0e7dd8b299bbf68a9dcd8,True,0.0,212.15515690863197,230,346,25159.68,near_all_batch_opt_in_counterfactual
f40,0.4,development,930034,/home/user/projects/AIDRBench/results/nature_mainline/workload_composition_v4/development/f40/scenarios/single/hourly_seed_930034,e07ddbe779fa790b425cb289e8823bed47ac62f72a232408ed3b1f3f8d1ff942,True,0.0,212.15515690863197,230,346,25159.68,near_all_batch_opt_in_counterfactual
f40,0.4,development,930035,/home/user/projects/AIDRBench/results/nature_mainline/workload_composition_v4/development/f40/scenarios/single/hourly_seed_930035,4353a71e39d372cd68de5cf72bdf3e9b29ac967317886bfac9704ef1b1d453e0,True,0.0,212.15515690863197,230,346,25159.68,near_all_batch_opt_in_counterfactual
f40,0.4,development,930036,/home/user/projects/AIDRBench/results/nature_mainline/workload_composition_v4/development/f40/scenarios/single/hourly_seed_930036,c8182c0df020a61859949619add16f5069ff8614b2d5f47b379bf4a645235618,True,0.0,212.15515690863197,230,346,25159.68,near_all_batch_opt_in_counterfactual
f40,0.4,development,930037,/home/user/projects/AIDRBench/results/nature_mainline/workload_composition_v4/development/f40/scenarios/single/hourly_seed_930037,6431e9e6cac9484ad35b3b9f1fd4ff1da20a038fcad49c56a2d666170540b124,True,0.0,212.15515690863197,230,346,25159.68,near_all_batch_opt_in_counterfactual
f40,0.4,development,930038,/home/user/projects/AIDRBench/results/nature_mainline/workload_composition_v4/development/f40/scenarios/single/hourly_seed_930038,577cae29028f933b357a45376ac77a530c5f0db96d1c88633663feea932f9c0c,True,0.0,212.15515690863197,230,346,25159.68,near_all_batch_opt_in_counterfactual
f40,0.4,development,930039,/home/user/projects/AIDRBench/results/nature_mainline/workload_composition_v4/development/f40/scenarios/single/hourly_seed_930039,80673917cc8c24a7da0020a6b9b2dd3c38b277351612fb9430911bde55ea20fb,True,0.0,212.15515690863197,230,346,25159.68,near_all_batch_opt_in_counterfactual
f40,0.4,development,930040,/home/user/projects/AIDRBench/results/nature_mainline/workload_composition_v4/development/f40/scenarios/single/hourly_seed_930040,b6f2684d82d51da6e255d42d5777ed9f4bde7e4f1e333b309a5b75f0695aa6a4,True,0.0,212.15515690863197,230,346,25159.68,near_all_batch_opt_in_counterfactual
f40,0.4,development,930041,/home/user/projects/AIDRBench/results/nature_mainline/workload_composition_v4/development/f40/scenarios/single/hourly_seed_930041,371385d7881414a21d0ec23922bab3a9ab8b49a9d384c45807c5b32804826a9c,True,0.0,212.15515690863197,230,346,25159.68,near_all_batch_opt_in_counterfactual
f40,0.4,development,930042,/home/user/projects/AIDRBench/results/nature_mainline/workload_composition_v4/development/f40/scenarios/single/hourly_seed_930042,3b180f1e40904908585d10c6241ee3038f47c0fe969f733848ef1181f9475fc1,True,0.0,212.15515690863197,230,346,25159.68,near_all_batch_opt_in_counterfactual
f40,0.4,development,930043,/home/user/projects/AIDRBench/results/nature_mainline/workload_composition_v4/development/f40/scenarios/single/hourly_seed_930043,d0da583fa9210e41e657c57dec1ae7cfad7e3ecbb76b1301ea820496ee253781,True,0.0,212.15515690863197,230,346,25159.68,near_all_batch_opt_in_counterfactual
f40,0.4,development,930044,/home/user/projects/AIDRBench/results/nature_mainline/workload_composition_v4/development/f40/scenarios/single/hourly_seed_930044,01e69a29b85d3c91e092ba866550bdf34c42c93ae96d642e92d504dc18be3c7b,True,0.0,212.15515690863197,230,346,25159.68,near_all_batch_opt_in_counterfactual
f40,0.4,development,930045,/home/user/projects/AIDRBench/results/nature_mainline/workload_composition_v4/development/f40/scenarios/single/hourly_seed_930045,d379f03c2fd942275ca59d69fd6bcf90586e403b37a562e5690ac2a15438eb03,True,0.0,212.15515690863197,230,346,25159.68,near_all_batch_opt_in_counterfactual
f40,0.4,development,930046,/home/user/projects/AIDRBench/results/nature_mainline/workload_composition_v4/development/f40/scenarios/single/hourly_seed_930046,964c259fdb17ecb8fcfe9f5e1c6ea610e96f96bd8074547cf2e43b329f60b3ea,True,0.0,212.15515690863197,230,346,25159.68,near_all_batch_opt_in_counterfactual
f40,0.4,development,930047,/home/user/projects/AIDRBench/results/nature_mainline/workload_composition_v4/development/f40/scenarios/single/hourly_seed_930047,74503999cf7190aae8ef00e7aa7c8802d46276b77b648422182c6b72987f99a6,True,0.0,212.15515690863197,230,346,25159.68,near_all_batch_opt_in_counterfactual
f40,0.4,development,930048,/home/user/projects/AIDRBench/results/nature_mainline/workload_composition_v4/development/f40/scenarios/single/hourly_seed_930048,e5c6be3c8b00e55e8e9b9399d688440c4096203a21f48c22ce72ce7cb2ac8df1,True,0.0,212.15515690863197,230,346,25159.68,near_all_batch_opt_in_counterfactual
f40,0.4,development,930049,/home/user/projects/AIDRBench/results/nature_mainline/workload_composition_v4/development/f40/scenarios/single/hourly_seed_930049,316521e3d4b53da72e1589cf4300e5ad95fdd2558fa321d19981a739226331ba,True,0.0,212.15515690863197,230,346,25159.68,near_all_batch_opt_in_counterfactual
f40,0.4,development,930050,/home/user/projects/AIDRBench/results/nature_mainline/workload_composition_v4/development/f40/scenarios/single/hourly_seed_930050,d9c564f6a53bf5a7c82af006a6564f415b23e6868437fb934dc62fb502da7be5,True,0.0,212.15515690863197,230,346,25159.68,near_all_batch_opt_in_counterfactual
f40,0.4,development,930051,/home/user/projects/AIDRBench/results/nature_mainline/workload_composition_v4/development/f40/scenarios/single/hourly_seed_930051,eb343c1715940c5bf7ed40a7c1c3571c535ee56c8a9d67eb566f9a96dd4ebd70,True,0.0,212.15515690863197,230,346,25159.68,near_all_batch_opt_in_counterfactual
f40,0.4,development,930052,/home/user/projects/AIDRBench/results/nature_mainline/workload_composition_v4/development/f40/scenarios/single/hourly_seed_930052,8561890e443e4167066ca0a2cd8877d9d3aa1e26b7eefa750eedf8b91a20270a,True,0.0,212.15515690863197,230,346,25159.68,near_all_batch_opt_in_counterfactual
f40,0.4,development,930053,/home/user/projects/AIDRBench/results/nature_mainline/workload_composition_v4/development/f40/scenarios/single/hourly_seed_930053,7229a0992394cf33084ac646ca055dbd9bc0d35c2efd164da5a2e3312983e630,True,0.0,212.15515690863197,230,346,25159.68,near_all_batch_opt_in_counterfactual
f40,0.4,development,930054,/home/user/projects/AIDRBench/results/nature_mainline/workload_composition_v4/development/f40/scenarios/single/hourly_seed_930054,0fc6874f0236e4913986a3e1672d70d74d1230ffbc4b9a419eb3611911c6bfb8,True,0.0,212.15515690863197,230,346,25159.68,near_all_batch_opt_in_counterfactual
f40,0.4,development,930055,/home/user/projects/AIDRBench/results/nature_mainline/workload_composition_v4/development/f40/scenarios/single/hourly_seed_930055,fe990ddb6a700eddb9b1f7d56d3fc4758b9b0da738385e64e527539a1e4c95be,True,0.0,212.15515690863197,230,346,25159.68,near_all_batch_opt_in_counterfactual
f40,0.4,development,930056,/home/user/projects/AIDRBench/results/nature_mainline/workload_composition_v4/development/f40/scenarios/single/hourly_seed_930056,066efeaa041a16fcca89b8a64de12dde723bceefab7ccf85beeea6c7c7ab93a9,True,0.0,212.15515690863197,230,346,25159.68,near_all_batch_opt_in_counterfactual
f40,0.4,development,930057,/home/user/projects/AIDRBench/results/nature_mainline/workload_composition_v4/development/f40/scenarios/single/hourly_seed_930057,eaf05acdc6833bbf7dc2e678bcc4f86893fac3b9490840a2244d79966b595bb6,True,0.0,212.15515690863197,230,346,25159.68,near_all_batch_opt_in_counterfactual
f40,0.4,development,930058,/home/user/projects/AIDRBench/results/nature_mainline/workload_composition_v4/development/f40/scenarios/single/hourly_seed_930058,79103e81c86ddd5fb5aff5316bfe78075f2abe4ffaa6e34c82bd82e0fe4c963a,True,0.0,212.15515690863197,230,346,25159.68,near_all_batch_opt_in_counterfactual
f40,0.4,development,930059,/home/user/projects/AIDRBench/results/nature_mainline/workload_composition_v4/development/f40/scenarios/single/hourly_seed_930059,f8b8be9a60cf2a9fc02dd5b51d479328cc656afb09a6325e4ea3edc94aac870f,True,0.0,212.15515690863197,230,346,25159.68,near_all_batch_opt_in_counterfactual
f40,0.4,development,930060,/home/user/projects/AIDRBench/results/nature_mainline/workload_composition_v4/development/f40/scenarios/single/hourly_seed_930060,7a033f957f610a978acf854baf94baadff04103d0a7d2cdd6890c23d0c7044e6,True,0.0,212.15515690863197,230,346,25159.68,near_all_batch_opt_in_counterfactual
f40,0.4,development,930061,/home/user/projects/AIDRBench/results/nature_mainline/workload_composition_v4/development/f40/scenarios/single/hourly_seed_930061,79217aca4506d336a6ab13abf8781bef39bef2a2f434b61c03005aa69525348a,True,0.0,212.15515690863197,230,346,25159.68,near_all_batch_opt_in_counterfactual
f40,0.4,development,930062,/home/user/projects/AIDRBench/results/nature_mainline/workload_composition_v4/development/f40/scenarios/single/hourly_seed_930062,d5cae82ab2a58a013e044d278fe59d879c17b1b6527f882f8c82586375f39773,True,0.0,212.15515690863197,230,346,25159.68,near_all_batch_opt_in_counterfactual
f40,0.4,development,930063,/home/user/projects/AIDRBench/results/nature_mainline/workload_composition_v4/development/f40/scenarios/single/hourly_seed_930063,9b50a3879d293e646c0575caf0cf133baa55ac5672d91a663bbb0a56ab77649b,True,0.0,212.15515690863197,230,346,25159.68,near_all_batch_opt_in_counterfactual
f40,0.4,development,930064,/home/user/projects/AIDRBench/results/nature_mainline/workload_composition_v4/development/f40/scenarios/single/hourly_seed_930064,93dc99632b8da9ce992647184f2828bc62eb4878baa3e2ec9ed3c1fd632db027,True,0.0,212.15515690863197,230,346,25159.68,near_all_batch_opt_in_counterfactual
f40,0.4,development,930065,/home/user/projects/AIDRBench/results/nature_mainline/workload_composition_v4/development/f40/scenarios/single/hourly_seed_930065,2cef5c2381c8dd91477ad229bc1e087ac69c5bc62705c0a5e107f025a1f47bff,True,0.0,212.15515690863197,230,346,25159.68,near_all_batch_opt_in_counterfactual
f40,0.4,development,930066,/home/user/projects/AIDRBench/results/nature_mainline/workload_composition_v4/development/f40/scenarios/single/hourly_seed_930066,014785a498a65c8dd3ede2ebfda3a3c9bb5a7d1346a7bbb7944dc00a9f9ee0ab,True,0.0,212.15515690863197,230,346,25159.68,near_all_batch_opt_in_counterfactual
f40,0.4,development,930067,/home/user/projects/AIDRBench/results/nature_mainline/workload_composition_v4/development/f40/scenarios/single/hourly_seed_930067,775f05098ae81f7cf97a33d77b453b77473211c19a1d534ddf05800565bb87bf,True,0.0,212.15515690863197,230,346,25159.68,near_all_batch_opt_in_counterfactual
f40,0.4,development,930068,/home/user/projects/AIDRBench/results/nature_mainline/workload_composition_v4/development/f40/scenarios/single/hourly_seed_930068,64e8f5c4036b3af34192f9d293e511545a409885b24bba0b34cf4f6d37a2d3e8,True,0.0,212.15515690863197,230,346,25159.68,near_all_batch_opt_in_counterfactual
f40,0.4,development,930069,/home/user/projects/AIDRBench/results/nature_mainline/workload_composition_v4/development/f40/scenarios/single/hourly_seed_930069,346df35702e94ea5ccff0c1f761f179bf54bb9844c81eeed10ec5fc677561a9d,True,0.0,212.15515690863197,230,346,25159.68,near_all_batch_opt_in_counterfactual
f40,0.4,development,930070,/home/user/projects/AIDRBench/results/nature_mainline/workload_composition_v4/development/f40/scenarios/single/hourly_seed_930070,a1e82de8f82880765e3c33c834dafc485cc200a415dbdc7976128587abc7c356,True,0.0,212.15515690863197,230,346,25159.68,near_all_batch_opt_in_counterfactual
f40,0.4,development,930071,/home/user/projects/AIDRBench/results/nature_mainline/workload_composition_v4/development/f40/scenarios/single/hourly_seed_930071,99e6c8baa5f0cd9e3f71a9d20e04d803525679eabe3b6968aaaa23b284fe8f57,True,0.0,212.15515690863197,230,346,25159.68,near_all_batch_opt_in_counterfactual
f40,0.4,development,930072,/home/user/projects/AIDRBench/results/nature_mainline/workload_composition_v4/development/f40/scenarios/single/hourly_seed_930072,9205b50bb5d0ef81fffd8646d65c4369901dda1c13bf1f3fe5c8af98eed9c947,True,0.0,212.15515690863197,230,346,25159.68,near_all_batch_opt_in_counterfactual
f40,0.4,development,930073,/home/user/projects/AIDRBench/results/nature_mainline/workload_composition_v4/development/f40/scenarios/single/hourly_seed_930073,9f6467ebfb1c94a314bbb4beab8c6d6eaad4d71ae5e8fc631660e40ae4a72d8a,True,0.0,212.15515690863197,230,346,25159.68,near_all_batch_opt_in_counterfactual
f40,0.4,development,930074,/home/user/projects/AIDRBench/results/nature_mainline/workload_composition_v4/development/f40/scenarios/single/hourly_seed_930074,d94c5d9b6c8e27c32480146035523fba696796deccf32b22ae042bbb9312ad84,True,0.0,212.15515690863197,230,346,25159.68,near_all_batch_opt_in_counterfactual
f40,0.4,development,930075,/home/user/projects/AIDRBench/results/nature_mainline/workload_composition_v4/development/f40/scenarios/single/hourly_seed_930075,31be4fce3890cd1d392ce9b6a49bb51f353cb22130269f6c76417d4afc9b1d6a,True,0.0,212.15515690863197,230,346,25159.68,near_all_batch_opt_in_counterfactual
f40,0.4,development,930076,/home/user/projects/AIDRBench/results/nature_mainline/workload_composition_v4/development/f40/scenarios/single/hourly_seed_930076,1203671ac59b8eea7ae284ca6f4a4ebb7e939e602c41e05e63a314ded33530b1,True,0.0,212.15515690863197,230,346,25159.68,near_all_batch_opt_in_counterfactual
f40,0.4,development,930077,/home/user/projects/AIDRBench/results/nature_mainline/workload_composition_v4/development/f40/scenarios/single/hourly_seed_930077,c45db48a2181df9898d18b239defd16427ed250a76ea05b547b90a531efb105e,True,0.0,212.15515690863197,230,346,25159.68,near_all_batch_opt_in_counterfactual
f40,0.4,development,930078,/home/user/projects/AIDRBench/results/nature_mainline/workload_composition_v4/development/f40/scenarios/single/hourly_seed_930078,4b4f4437b2687b449a1416db7a4f411c185ba04a150fdbf1a2800272b8c63e8d,True,0.0,212.15515690863197,230,346,25159.68,near_all_batch_opt_in_counterfactual
f40,0.4,development,930079,/home/user/projects/AIDRBench/results/nature_mainline/workload_composition_v4/development/f40/scenarios/single/hourly_seed_930079,db457e09144c6caa1d8aa8eb7c2185ea3639fcf35817eb8cd31fd0740d610ee1,True,0.0,212.15515690863197,230,346,25159.68,near_all_batch_opt_in_counterfactual
f40,0.4,development,930080,/home/user/projects/AIDRBench/results/nature_mainline/workload_composition_v4/development/f40/scenarios/single/hourly_seed_930080,6a905024480991713148df602ed6c06f125566b295c69a692abda14ff1c7535d,True,0.0,212.15515690863197,230,346,25159.68,near_all_batch_opt_in_counterfactual
f40,0.4,development,930081,/home/user/projects/AIDRBench/results/nature_mainline/workload_composition_v4/development/f40/scenarios/single/hourly_seed_930081,459630c92a5560a8399b554da6581ea1ddef77cf2f8ffd4eef1fe1972f0aaa38,True,0.0,212.15515690863197,230,346,25159.68,near_all_batch_opt_in_counterfactual
f40,0.4,development,930082,/home/user/projects/AIDRBench/results/nature_mainline/workload_composition_v4/development/f40/scenarios/single/hourly_seed_930082,4dec97eaf4c692a4b886d2aabc5b53c4ca6357e5a9d8abea9e532ab8df5845df,True,0.0,212.15515690863197,230,346,25159.68,near_all_batch_opt_in_counterfactual
f40,0.4,development,930083,/home/user/projects/AIDRBench/results/nature_mainline/workload_composition_v4/development/f40/scenarios/single/hourly_seed_930083,50d7dd9a24f3e75459251792ad36947c7312e76082436859518827a5c016bb9c,True,0.0,212.15515690863197,230,346,25159.68,near_all_batch_opt_in_counterfactual
f40,0.4,development,930084,/home/user/projects/AIDRBench/results/nature_mainline/workload_composition_v4/development/f40/scenarios/single/hourly_seed_930084,aac5950800892db9fb326eb3fc787efbc71a0cf6e978e6c476eab00df20b05b9,True,0.0,212.15515690863197,230,346,25159.68,near_all_batch_opt_in_counterfactual
f40,0.4,development,930085,/home/user/projects/AIDRBench/results/nature_mainline/workload_composition_v4/development/f40/scenarios/single/hourly_seed_930085,78ffa9a1a63ba074cec2debc3331f0138a445fc0b01e73db6d5dfd5383d2a206,True,0.0,212.15515690863197,230,346,25159.68,near_all_batch_opt_in_counterfactual
f40,0.4,development,930086,/home/user/projects/AIDRBench/results/nature_mainline/workload_composition_v4/development/f40/scenarios/single/hourly_seed_930086,cd98b7b78403ab94a7718ca84aa6f3d51ecf11d63f4a1ab1d7c160ff0608b1d8,True,0.0,212.15515690863197,230,346,25159.68,near_all_batch_opt_in_counterfactual
f40,0.4,development,930087,/home/user/projects/AIDRBench/results/nature_mainline/workload_composition_v4/development/f40/scenarios/single/hourly_seed_930087,143c8fd2629176ac6d9cd7873c0bca1368c573ea42904b919a1ede81b45c072e,True,0.0,212.15515690863197,230,346,25159.68,near_all_batch_opt_in_counterfactual
f40,0.4,development,930088,/home/user/projects/AIDRBench/results/nature_mainline/workload_composition_v4/development/f40/scenarios/single/hourly_seed_930088,726b2b8cbdde4c727f7ba6258b974cf47abd351fb9b780b1657cc9d36538a120,True,0.0,212.15515690863197,230,346,25159.68,near_all_batch_opt_in_counterfactual
f40,0.4,development,930089,/home/user/projects/AIDRBench/results/nature_mainline/workload_composition_v4/development/f40/scenarios/single/hourly_seed_930089,9309d0330cfa980c28e9891d1212a3a1545094d2bf49ab5113f304358e58cf9c,True,0.0,212.15515690863197,230,346,25159.68,near_all_batch_opt_in_counterfactual
f40,0.4,development,930090,/home/user/projects/AIDRBench/results/nature_mainline/workload_composition_v4/development/f40/scenarios/single/hourly_seed_930090,cede9c0e842ad11ef730547d894eacadc44a8a794454634a41f60f531727c46a,True,0.0,212.15515690863197,230,346,25159.68,near_all_batch_opt_in_counterfactual
f40,0.4,development,930091,/home/user/projects/AIDRBench/results/nature_mainline/workload_composition_v4/development/f40/scenarios/single/hourly_seed_930091,a2bb8e2732e2198fe0d422a36de65ba44a2bb3039758ec2519d9dd958ab79594,True,0.0,212.15515690863197,230,346,25159.68,near_all_batch_opt_in_counterfactual
f40,0.4,development,930092,/home/user/projects/AIDRBench/results/nature_mainline/workload_composition_v4/development/f40/scenarios/single/hourly_seed_930092,092767124b4bd8102ab0085af9c0af73683e1509292f960f27a3c68a7bc3870d,True,0.0,212.15515690863197,230,346,25159.68,near_all_batch_opt_in_counterfactual
f40,0.4,development,930093,/home/user/projects/AIDRBench/results/nature_mainline/workload_composition_v4/development/f40/scenarios/single/hourly_seed_930093,eb34d7b8dbe43ba7475e4442c91fcd880b5f08d6e59e5d323f4a9e7a24c0d3b0,True,0.0,212.15515690863197,230,346,25159.68,near_all_batch_opt_in_counterfactual
f40,0.4,development,930094,/home/user/projects/AIDRBench/results/nature_mainline/workload_composition_v4/development/f40/scenarios/single/hourly_seed_930094,cc960fc3e2b44ebb983d0623d6e32b7609313d30bd08905a206fcb6436e0f9eb,True,0.0,212.15515690863197,230,346,25159.68,near_all_batch_opt_in_counterfactual
f40,0.4,development,930095,/home/user/projects/AIDRBench/results/nature_mainline/workload_composition_v4/development/f40/scenarios/single/hourly_seed_930095,73cb561d13649198cb68863218e7b6fa897a7f6559f816f43206a4c4c003ef46,True,0.0,212.15515690863197,230,346,25159.68,near_all_batch_opt_in_counterfactual
f40,0.4,development,930096,/home/user/projects/AIDRBench/results/nature_mainline/workload_composition_v4/development/f40/scenarios/single/hourly_seed_930096,549b35ea1a1a8797036483d9e6e8537deffbf73442de080b0fb3412335401f34,True,0.0,212.15515690863197,230,346,25159.68,near_all_batch_opt_in_counterfactual
f40,0.4,development,930097,/home/user/projects/AIDRBench/results/nature_mainline/workload_composition_v4/development/f40/scenarios/single/hourly_seed_930097,9d390e73aab9fa0ceb4666e71cec2e6232c3d012cc0e85c319998e1904921340,True,0.0,212.15515690863197,230,346,25159.68,near_all_batch_opt_in_counterfactual
f40,0.4,development,930098,/home/user/projects/AIDRBench/results/nature_mainline/workload_composition_v4/development/f40/scenarios/single/hourly_seed_930098,206e2cb0666c87222192d9690f4306361b217e97b6e532f39a66dc74ae4e923f,True,0.0,212.15515690863197,230,346,25159.68,near_all_batch_opt_in_counterfactual
f40,0.4,development,930099,/home/user/projects/AIDRBench/results/nature_mainline/workload_composition_v4/development/f40/scenarios/single/hourly_seed_930099,be9dcac9d88a9f5b711a2b1bfdcab9c40a2e2c7c7c1e9f50ea4f221c4d31b43c,True,0.0,212.15515690863197,230,346,25159.68,near_all_batch_opt_in_counterfactual
f60,0.6,development,930000,/home/user/projects/AIDRBench/results/nature_mainline/workload_composition_v4/development/f60/scenarios/single/hourly_seed_930000,8441e04b0678e0389a6b630f30487fa1a22e3797032d14262fc87cceb0e51f52,True,0.0,226.16616044220174,346,230,37739.52,batch_enriched_composition_counterfactual
f60,0.6,development,930001,/home/user/projects/AIDRBench/results/nature_mainline/workload_composition_v4/development/f60/scenarios/single/hourly_seed_930001,6ca958391f93f84276161e389bb24d1b18cb7706b9990aa2c13c4a34e60bc674,True,0.0,226.16616044220174,346,230,37739.52,batch_enriched_composition_counterfactual
f60,0.6,development,930002,/home/user/projects/AIDRBench/results/nature_mainline/workload_composition_v4/development/f60/scenarios/single/hourly_seed_930002,395db415b4f961357f6b1af7a3671accf3d645573819ccdceb14d5f1e5e56338,True,0.0,226.16616044220174,346,230,37739.52,batch_enriched_composition_counterfactual
f60,0.6,development,930003,/home/user/projects/AIDRBench/results/nature_mainline/workload_composition_v4/development/f60/scenarios/single/hourly_seed_930003,1ddb6f81a5515fff4b57225c6d92af5d9f7dc6b35650e03b7050f0ac79f5f815,True,0.0,226.16616044220174,346,230,37739.52,batch_enriched_composition_counterfactual
f60,0.6,development,930004,/home/user/projects/AIDRBench/results/nature_mainline/workload_composition_v4/development/f60/scenarios/single/hourly_seed_930004,cb572777a23864b7cf5c5c30086aa10477c4a21e5b32cc767f7525e61ac4bd75,True,0.0,226.16616044220174,346,230,37739.52,batch_enriched_composition_counterfactual
f60,0.6,development,930005,/home/user/projects/AIDRBench/results/nature_mainline/workload_composition_v4/development/f60/scenarios/single/hourly_seed_930005,a564a6331d327e3fafd1c2b5b2d994fcbfe68a06d854b1e008a76553aa19cdfa,True,0.0,226.16616044220174,346,230,37739.52,batch_enriched_composition_counterfactual
f60,0.6,development,930006,/home/user/projects/AIDRBench/results/nature_mainline/workload_composition_v4/development/f60/scenarios/single/hourly_seed_930006,7c497e1b3ff32b449f8196a987e268da07919f50757de5bd21dde228d22b44f6,True,0.0,226.16616044220174,346,230,37739.52,batch_enriched_composition_counterfactual
f60,0.6,development,930007,/home/user/projects/AIDRBench/results/nature_mainline/workload_composition_v4/development/f60/scenarios/single/hourly_seed_930007,a883947d6330164d33bb8a009be71744e9f1094462fe85318b8bd87df04caf98,True,0.0,226.16616044220174,346,230,37739.52,batch_enriched_composition_counterfactual
f60,0.6,development,930008,/home/user/projects/AIDRBench/results/nature_mainline/workload_composition_v4/development/f60/scenarios/single/hourly_seed_930008,7be062b28e64fc9a5fc10f95efe7c387ece9f7a29850f0a901ddb65199ac26ba,True,0.0,226.16616044220174,346,230,37739.52,batch_enriched_composition_counterfactual
f60,0.6,development,930009,/home/user/projects/AIDRBench/results/nature_mainline/workload_composition_v4/development/f60/scenarios/single/hourly_seed_930009,8d52826fc3098b88116ed7aa770f961eceab3c012211effc4151512cf6e39037,True,0.0,226.16616044220174,346,230,37739.52,batch_enriched_composition_counterfactual
f60,0.6,development,930010,/home/user/projects/AIDRBench/results/nature_mainline/workload_composition_v4/development/f60/scenarios/single/hourly_seed_930010,cfb2769429782a132ea7a858ff10ec0674c8773b4a18c1c3c5c94bfa22218dfb,True,0.0,226.16616044220174,346,230,37739.52,batch_enriched_composition_counterfactual
f60,0.6,development,930011,/home/user/projects/AIDRBench/results/nature_mainline/workload_composition_v4/development/f60/scenarios/single/hourly_seed_930011,49bb9acff652d230d4fbe43a28406c84b6675c8a0e677bdda95ffa0e8ab0caa2,True,0.0,226.16616044220174,346,230,37739.52,batch_enriched_composition_counterfactual
f60,0.6,development,930012,/home/user/projects/AIDRBench/results/nature_mainline/workload_composition_v4/development/f60/scenarios/single/hourly_seed_930012,36a3a9438c9c67c00aeb3e90e51c05be87eb665ee2da0f9ee7227b3ca87a7580,True,0.0,226.16616044220174,346,230,37739.52,batch_enriched_composition_counterfactual
f60,0.6,development,930013,/home/user/projects/AIDRBench/results/nature_mainline/workload_composition_v4/development/f60/scenarios/single/hourly_seed_930013,b2d84c676a2cf41f654687097981ecaa36fcea13e9cce36ddae312a47c0842ff,True,0.0,226.16616044220174,346,230,37739.52,batch_enriched_composition_counterfactual
f60,0.6,development,930014,/home/user/projects/AIDRBench/results/nature_mainline/workload_composition_v4/development/f60/scenarios/single/hourly_seed_930014,4a367a9f1ca113f0c70b0a0aaff1379ce2ce288f64d546fa508e534407ed1f99,True,0.0,226.16616044220174,346,230,37739.52,batch_enriched_composition_counterfactual
f60,0.6,development,930015,/home/user/projects/AIDRBench/results/nature_mainline/workload_composition_v4/development/f60/scenarios/single/hourly_seed_930015,983df08aa74ada3d9be42fc2bdf4561cba2b8fe526025e75c804a408aa276c3b,True,0.0,226.16616044220174,346,230,37739.52,batch_enriched_composition_counterfactual
f60,0.6,development,930016,/home/user/projects/AIDRBench/results/nature_mainline/workload_composition_v4/development/f60/scenarios/single/hourly_seed_930016,d4e79df80d1d6e4d91e433f1acd365f5afa4e4e67cb82579fb6a958675bd1a5a,True,0.0,226.16616044220174,346,230,37739.52,batch_enriched_composition_counterfactual
f60,0.6,development,930017,/home/user/projects/AIDRBench/results/nature_mainline/workload_composition_v4/development/f60/scenarios/single/hourly_seed_930017,03ef86a01f97edc43d92a5fffdefe29c8938b611750313e0ff76e0d61075d708,True,0.0,226.16616044220174,346,230,37739.52,batch_enriched_composition_counterfactual
f60,0.6,development,930018,/home/user/projects/AIDRBench/results/nature_mainline/workload_composition_v4/development/f60/scenarios/single/hourly_seed_930018,956fffd925774f131d0d219c1f93578d635ab33408e647ac285a8fbf8ba18d17,True,0.0,226.16616044220174,346,230,37739.52,batch_enriched_composition_counterfactual
f60,0.6,development,930019,/home/user/projects/AIDRBench/results/nature_mainline/workload_composition_v4/development/f60/scenarios/single/hourly_seed_930019,9672baa23cc7bac612e0a943b4f622ae464784186d15d997acac94fa09f23026,True,0.0,226.16616044220174,346,230,37739.52,batch_enriched_composition_counterfactual
f60,0.6,development,930020,/home/user/projects/AIDRBench/results/nature_mainline/workload_composition_v4/development/f60/scenarios/single/hourly_seed_930020,6288fa73de57bf9dce9f9adbfec9779c82e6476930ecdecc5e12b514c2f5659e,True,0.0,226.16616044220174,346,230,37739.52,batch_enriched_composition_counterfactual
f60,0.6,development,930021,/home/user/projects/AIDRBench/results/nature_mainline/workload_composition_v4/development/f60/scenarios/single/hourly_seed_930021,918e0d5250fafa8ec976f79d38ff0b59d2d8b56cd440193e28ea6603e6c77a31,True,0.0,226.16616044220174,346,230,37739.52,batch_enriched_composition_counterfactual
f60,0.6,development,930022,/home/user/projects/AIDRBench/results/nature_mainline/workload_composition_v4/development/f60/scenarios/single/hourly_seed_930022,c58b366adb042326f68186e8f46d0222a1657dd7b9f88e365b8545f1b7b86425,True,0.0,226.16616044220174,346,230,37739.52,batch_enriched_composition_counterfactual
f60,0.6,development,930023,/home/user/projects/AIDRBench/results/nature_mainline/workload_composition_v4/development/f60/scenarios/single/hourly_seed_930023,d6622c3939c37849712b54a8ffd81be2cfa69d7452cbfe32f7cfcc51d0ba322d,True,0.0,226.16616044220174,346,230,37739.52,batch_enriched_composition_counterfactual
f60,0.6,development,930024,/home/user/projects/AIDRBench/results/nature_mainline/workload_composition_v4/development/f60/scenarios/single/hourly_seed_930024,e4ea7de539cc9e049610f999e5a8e6b745980760d07e67e0b967f92a22d4b2b8,True,0.0,226.16616044220174,346,230,37739.52,batch_enriched_composition_counterfactual
f60,0.6,development,930025,/home/user/projects/AIDRBench/results/nature_mainline/workload_composition_v4/development/f60/scenarios/single/hourly_seed_930025,529ee2f680b576fa73bde4f3f065b9b2c837b194a7dc812db156ef4e17af2415,True,0.0,226.16616044220174,346,230,37739.52,batch_enriched_composition_counterfactual
f60,0.6,development,930026,/home/user/projects/AIDRBench/results/nature_mainline/workload_composition_v4/development/f60/scenarios/single/hourly_seed_930026,f20793a444518db78c18a558e0354dbd9413ae7f19226926b9ffcb04aa0cc01d,True,0.0,226.16616044220174,346,230,37739.52,batch_enriched_composition_counterfactual
f60,0.6,development,930027,/home/user/projects/AIDRBench/results/nature_mainline/workload_composition_v4/development/f60/scenarios/single/hourly_seed_930027,7e0f6c3f9392d5332eab4a427ca3f0973a9beef208e51f8b3831f20a94eb7917,True,0.0,226.16616044220174,346,230,37739.52,batch_enriched_composition_counterfactual
f60,0.6,development,930028,/home/user/projects/AIDRBench/results/nature_mainline/workload_composition_v4/development/f60/scenarios/single/hourly_seed_930028,17c9f81abf2d352b713e15181d2046bcb90ccec55e0b9b5c1c14ea8b20886cf3,True,0.0,226.16616044220174,346,230,37739.52,batch_enriched_composition_counterfactual
f60,0.6,development,930029,/home/user/projects/AIDRBench/results/nature_mainline/workload_composition_v4/development/f60/scenarios/single/hourly_seed_930029,eece661be2a6232bc0ce66cf9abd80a940fdfba0d0ae4667cb0c83c0e18da4fb,True,0.0,226.16616044220174,346,230,37739.52,batch_enriched_composition_counterfactual
f60,0.6,development,930030,/home/user/projects/AIDRBench/results/nature_mainline/workload_composition_v4/development/f60/scenarios/single/hourly_seed_930030,8f332b105d1be5d34806aa4e5a2ca13bce61e8fceb5ae2de373d33242e543070,True,0.0,226.16616044220174,346,230,37739.52,batch_enriched_composition_counterfactual
f60,0.6,development,930031,/home/user/projects/AIDRBench/results/nature_mainline/workload_composition_v4/development/f60/scenarios/single/hourly_seed_930031,6e354b06a3ec03389ac4b4a1ecf75e423184895715f5dc13422ec66e8bf19a72,True,0.0,226.16616044220174,346,230,37739.52,batch_enriched_composition_counterfactual
f60,0.6,development,930032,/home/user/projects/AIDRBench/results/nature_mainline/workload_composition_v4/development/f60/scenarios/single/hourly_seed_930032,95682bec100fd16c3d307d066f0e6e08363ab50fa8bda7f1abafd3975f447989,True,0.0,226.16616044220174,346,230,37739.52,batch_enriched_composition_counterfactual
f60,0.6,development,930033,/home/user/projects/AIDRBench/results/nature_mainline/workload_composition_v4/development/f60/scenarios/single/hourly_seed_930033,753c5fc0d0cbf551d1d286fa3e1c5438eb41ee4898b44c5071ffde3e77f30947,True,0.0,226.16616044220174,346,230,37739.52,batch_enriched_composition_counterfactual
f60,0.6,development,930034,/home/user/projects/AIDRBench/results/nature_mainline/workload_composition_v4/development/f60/scenarios/single/hourly_seed_930034,2adb8b4436ea3ca4bcf0751e981d9f0439a4a6e59d31509631d3772f03d63977,True,0.0,226.16616044220174,346,230,37739.52,batch_enriched_composition_counterfactual
f60,0.6,development,930035,/home/user/projects/AIDRBench/results/nature_mainline/workload_composition_v4/development/f60/scenarios/single/hourly_seed_930035,21549b1d282ddc5821eb2ea2f60657e5b9c948e8cacffc08f168ec0fe8ab3d6c,True,0.0,226.16616044220174,346,230,37739.52,batch_enriched_composition_counterfactual
f60,0.6,development,930036,/home/user/projects/AIDRBench/results/nature_mainline/workload_composition_v4/development/f60/scenarios/single/hourly_seed_930036,2389413078896922ada6e64840a1f62803414cca7bab20234fb6a29c56674b0a,True,0.0,226.16616044220174,346,230,37739.52,batch_enriched_composition_counterfactual
f60,0.6,development,930037,/home/user/projects/AIDRBench/results/nature_mainline/workload_composition_v4/development/f60/scenarios/single/hourly_seed_930037,4c4171d8a13527f8e398fa2ceed2859dd388e4e5966eb596daedc47cb425e641,True,0.0,226.16616044220174,346,230,37739.52,batch_enriched_composition_counterfactual
f60,0.6,development,930038,/home/user/projects/AIDRBench/results/nature_mainline/workload_composition_v4/development/f60/scenarios/single/hourly_seed_930038,f6a3cad2c2b1784ed469e9c3f4ff70ca5b35a549c1ab284f8b06add7e7c65341,True,0.0,226.16616044220174,346,230,37739.52,batch_enriched_composition_counterfactual
f60,0.6,development,930039,/home/user/projects/AIDRBench/results/nature_mainline/workload_composition_v4/development/f60/scenarios/single/hourly_seed_930039,d1bad247280fc19c34e6fa6740aa30cdd1bbaa18e670b169b60283dce54d9c91,True,0.0,226.16616044220174,346,230,37739.52,batch_enriched_composition_counterfactual
f60,0.6,development,930040,/home/user/projects/AIDRBench/results/nature_mainline/workload_composition_v4/development/f60/scenarios/single/hourly_seed_930040,3740d85a1732947c29f6e29ab576ef821ffb23b85d8e0e82284af3d443e9bc19,True,0.0,226.16616044220174,346,230,37739.52,batch_enriched_composition_counterfactual
f60,0.6,development,930041,/home/user/projects/AIDRBench/results/nature_mainline/workload_composition_v4/development/f60/scenarios/single/hourly_seed_930041,6a065bfac95bcb7b6f36cd38c4d00da6f9d9146c310082978c19788d47b04e69,True,0.0,226.16616044220174,346,230,37739.52,batch_enriched_composition_counterfactual
f60,0.6,development,930042,/home/user/projects/AIDRBench/results/nature_mainline/workload_composition_v4/development/f60/scenarios/single/hourly_seed_930042,f8306a1d31143cb2ea7ea07ba9d91bc94b1142fc08d926c585f812b06e68651e,True,0.0,226.16616044220174,346,230,37739.52,batch_enriched_composition_counterfactual
f60,0.6,development,930043,/home/user/projects/AIDRBench/results/nature_mainline/workload_composition_v4/development/f60/scenarios/single/hourly_seed_930043,64bcbd73c7236661c451a331295c9f32a6545bd2f177244bfd3357bbe04337a8,True,0.0,226.16616044220174,346,230,37739.52,batch_enriched_composition_counterfactual
f60,0.6,development,930044,/home/user/projects/AIDRBench/results/nature_mainline/workload_composition_v4/development/f60/scenarios/single/hourly_seed_930044,a0c2befd5cea2a103155438a5c6b58d770f49a223417143eea2a0721711b9d3a,True,0.0,226.16616044220174,346,230,37739.52,batch_enriched_composition_counterfactual
f60,0.6,development,930045,/home/user/projects/AIDRBench/results/nature_mainline/workload_composition_v4/development/f60/scenarios/single/hourly_seed_930045,c9f2f113a320ff8a465a9954b5fb53534c04a89cc8e4eaf5000a5aab28fbbeb0,True,0.0,226.16616044220174,346,230,37739.52,batch_enriched_composition_counterfactual
f60,0.6,development,930046,/home/user/projects/AIDRBench/results/nature_mainline/workload_composition_v4/development/f60/scenarios/single/hourly_seed_930046,9f97bc0d56afcb62bfc266da29e58ed7f36bc5117a0b66bf6e5f87cb832b4f14,True,0.0,226.16616044220174,346,230,37739.52,batch_enriched_composition_counterfactual
f60,0.6,development,930047,/home/user/projects/AIDRBench/results/nature_mainline/workload_composition_v4/development/f60/scenarios/single/hourly_seed_930047,35cf4e0e8b5b70735e6cf7b0cef42e5c0c98f69079eee4a30a4377670653e48a,True,0.0,226.16616044220174,346,230,37739.52,batch_enriched_composition_counterfactual
f60,0.6,development,930048,/home/user/projects/AIDRBench/results/nature_mainline/workload_composition_v4/development/f60/scenarios/single/hourly_seed_930048,996eb7d2931d372fd7aef5dee55dee4adc76c1b82c6fb9c1c094bd79f30e9953,True,0.0,226.16616044220174,346,230,37739.52,batch_enriched_composition_counterfactual
f60,0.6,development,930049,/home/user/projects/AIDRBench/results/nature_mainline/workload_composition_v4/development/f60/scenarios/single/hourly_seed_930049,67dbc5ce35bb53b720a9f5c1feeae2eb436796cab6e4d34c6c959a03a337652b,True,0.0,226.16616044220174,346,230,37739.52,batch_enriched_composition_counterfactual
f60,0.6,development,930050,/home/user/projects/AIDRBench/results/nature_mainline/workload_composition_v4/development/f60/scenarios/single/hourly_seed_930050,adc5d981a184c6642326bd1686a1bcb249d43bb6640fb12a6d70d2846a94b7f8,True,0.0,226.16616044220174,346,230,37739.52,batch_enriched_composition_counterfactual
f60,0.6,development,930051,/home/user/projects/AIDRBench/results/nature_mainline/workload_composition_v4/development/f60/scenarios/single/hourly_seed_930051,9b3e58e2fd748323fa694ba2610861b036bd6280503979e00e3b7bb4241db468,True,0.0,226.16616044220174,346,230,37739.52,batch_enriched_composition_counterfactual
f60,0.6,development,930052,/home/user/projects/AIDRBench/results/nature_mainline/workload_composition_v4/development/f60/scenarios/single/hourly_seed_930052,851707e3c68125e7dbf228d6750045556e1f4ae907bb5437fb67407848215d18,True,0.0,226.16616044220174,346,230,37739.52,batch_enriched_composition_counterfactual
f60,0.6,development,930053,/home/user/projects/AIDRBench/results/nature_mainline/workload_composition_v4/development/f60/scenarios/single/hourly_seed_930053,842f5611b152a2b20156e24c7c3bccc47cda677273df4ba3d64645603cd12fd6,True,0.0,226.16616044220174,346,230,37739.52,batch_enriched_composition_counterfactual
f60,0.6,development,930054,/home/user/projects/AIDRBench/results/nature_mainline/workload_composition_v4/development/f60/scenarios/single/hourly_seed_930054,caf0cc94eb2de2b9a3fa948f7204ca3eb51d8f4e8f9a662a199728158c845383,True,0.0,226.16616044220174,346,230,37739.52,batch_enriched_composition_counterfactual
f60,0.6,development,930055,/home/user/projects/AIDRBench/results/nature_mainline/workload_composition_v4/development/f60/scenarios/single/hourly_seed_930055,90c74c81b7159e052f6786a727b4214795fbd84660d3eb3120266f1f1e53678d,True,0.0,226.16616044220174,346,230,37739.52,batch_enriched_composition_counterfactual
f60,0.6,development,930056,/home/user/projects/AIDRBench/results/nature_mainline/workload_composition_v4/development/f60/scenarios/single/hourly_seed_930056,10b8918d56c165e8180b0ed97bc8ac24008323f11ec7fae1a94ec6a6566f1cb2,True,0.0,226.16616044220174,346,230,37739.52,batch_enriched_composition_counterfactual
f60,0.6,development,930057,/home/user/projects/AIDRBench/results/nature_mainline/workload_composition_v4/development/f60/scenarios/single/hourly_seed_930057,4c9d11a3436a91571c795738d179b5d64df575b1ba33633e8f284038dbe687ee,True,0.0,226.16616044220174,346,230,37739.52,batch_enriched_composition_counterfactual
f60,0.6,development,930058,/home/user/projects/AIDRBench/results/nature_mainline/workload_composition_v4/development/f60/scenarios/single/hourly_seed_930058,610613c2136103d5c7094b085552281f302ff4144b24cde1d2c9e9ec136ab627,True,0.0,226.16616044220174,346,230,37739.52,batch_enriched_composition_counterfactual
f60,0.6,development,930059,/home/user/projects/AIDRBench/results/nature_mainline/workload_composition_v4/development/f60/scenarios/single/hourly_seed_930059,868380f2f350d03dd12c625a6fd6819de226d978680e5d3398b64e7dbb244f71,True,0.0,226.16616044220174,346,230,37739.52,batch_enriched_composition_counterfactual
f60,0.6,development,930060,/home/user/projects/AIDRBench/results/nature_mainline/workload_composition_v4/development/f60/scenarios/single/hourly_seed_930060,b73e6ed82bd47b1b12df84b1b3e7e7a6186599861bfc048d611706de97edf014,True,0.0,226.16616044220174,346,230,37739.52,batch_enriched_composition_counterfactual
f60,0.6,development,930061,/home/user/projects/AIDRBench/results/nature_mainline/workload_composition_v4/development/f60/scenarios/single/hourly_seed_930061,97014fc96bd010051f4377a752591e6da3b89a07c3892c1a41f6e82d38ebfcb5,True,0.0,226.16616044220174,346,230,37739.52,batch_enriched_composition_counterfactual
f60,0.6,development,930062,/home/user/projects/AIDRBench/results/nature_mainline/workload_composition_v4/development/f60/scenarios/single/hourly_seed_930062,71a5c47ae95c5a8249682e4d17b484c7e3a989bb2b7388b10b66f7c98039ead1,True,0.0,226.16616044220174,346,230,37739.52,batch_enriched_composition_counterfactual
f60,0.6,development,930063,/home/user/projects/AIDRBench/results/nature_mainline/workload_composition_v4/development/f60/scenarios/single/hourly_seed_930063,08ac2dc52415b0bb94a8642e7a6c893b6b66d44d83c91b81d6991c829fe248f5,True,0.0,226.16616044220174,346,230,37739.52,batch_enriched_composition_counterfactual
f60,0.6,development,930064,/home/user/projects/AIDRBench/results/nature_mainline/workload_composition_v4/development/f60/scenarios/single/hourly_seed_930064,5ac0d567935e1f7f9de7a91724e006939e7e1c424b97a060abedfd6a57b6180b,True,0.0,226.16616044220174,346,230,37739.52,batch_enriched_composition_counterfactual
f60,0.6,development,930065,/home/user/projects/AIDRBench/results/nature_mainline/workload_composition_v4/development/f60/scenarios/single/hourly_seed_930065,447ec3b5985656e63e2c4b129d1a99779ca25189516a4466878b427ea2024aa8,True,0.0,226.16616044220174,346,230,37739.52,batch_enriched_composition_counterfactual
f60,0.6,development,930066,/home/user/projects/AIDRBench/results/nature_mainline/workload_composition_v4/development/f60/scenarios/single/hourly_seed_930066,ddea133c279ce99a2dcfcbd8de27c2ce1dad79ef9a9b00107f6df158eb989d08,True,0.0,226.16616044220174,346,230,37739.52,batch_enriched_composition_counterfactual
f60,0.6,development,930067,/home/user/projects/AIDRBench/results/nature_mainline/workload_composition_v4/development/f60/scenarios/single/hourly_seed_930067,1995e03b6fe05c307a7182aed27969c1ac74ff9c69edb46f2aafd22d1cb670c5,True,0.0,226.16616044220174,346,230,37739.52,batch_enriched_composition_counterfactual
f60,0.6,development,930068,/home/user/projects/AIDRBench/results/nature_mainline/workload_composition_v4/development/f60/scenarios/single/hourly_seed_930068,bfe69d19f0dd7459e2adbd6e6fda68ab88c4150d7fc41a67daf49cb7d95aa0a3,True,0.0,226.16616044220174,346,230,37739.52,batch_enriched_composition_counterfactual
f60,0.6,development,930069,/home/user/projects/AIDRBench/results/nature_mainline/workload_composition_v4/development/f60/scenarios/single/hourly_seed_930069,69f6b074a448f0c9cdf8fa3968d5ae399cbec8a437843c81840a4799ea517484,True,0.0,226.16616044220174,346,230,37739.52,batch_enriched_composition_counterfactual
f60,0.6,development,930070,/home/user/projects/AIDRBench/results/nature_mainline/workload_composition_v4/development/f60/scenarios/single/hourly_seed_930070,57c9d35309515b4c233b10be329c98af463305c07669ca1cc90a6b871ba4c0b7,True,0.0,226.16616044220174,346,230,37739.52,batch_enriched_composition_counterfactual
f60,0.6,development,930071,/home/user/projects/AIDRBench/results/nature_mainline/workload_composition_v4/development/f60/scenarios/single/hourly_seed_930071,1021a1fb0f80f5b815c0e07fb68ea5a302141d6e873176fbdf4433bbd40c5899,True,0.0,226.16616044220174,346,230,37739.52,batch_enriched_composition_counterfactual
f60,0.6,development,930072,/home/user/projects/AIDRBench/results/nature_mainline/workload_composition_v4/development/f60/scenarios/single/hourly_seed_930072,ada1d4ba3961d17f8365e4c131efd835dc6e52d00008bf2a30dc26cb142cd688,True,0.0,226.16616044220174,346,230,37739.52,batch_enriched_composition_counterfactual
f60,0.6,development,930073,/home/user/projects/AIDRBench/results/nature_mainline/workload_composition_v4/development/f60/scenarios/single/hourly_seed_930073,7677d394b7b8286599cb47e13fea2c954089e60f123e501be0ca37722857bc95,True,0.0,226.16616044220174,346,230,37739.52,batch_enriched_composition_counterfactual
f60,0.6,development,930074,/home/user/projects/AIDRBench/results/nature_mainline/workload_composition_v4/development/f60/scenarios/single/hourly_seed_930074,89402b74a0309b0e7e666c5503bd7bffa8fe88b801c8d9968844793b023955ad,True,0.0,226.16616044220174,346,230,37739.52,batch_enriched_composition_counterfactual
f60,0.6,development,930075,/home/user/projects/AIDRBench/results/nature_mainline/workload_composition_v4/development/f60/scenarios/single/hourly_seed_930075,2ac3b021de3ce72ee0b76bca2f762de769e75df3f28628cd968811bb6acd27a3,True,0.0,226.16616044220174,346,230,37739.52,batch_enriched_composition_counterfactual
f60,0.6,development,930076,/home/user/projects/AIDRBench/results/nature_mainline/workload_composition_v4/development/f60/scenarios/single/hourly_seed_930076,3fd583d8b1793cf138170ffe3433737510ac088662c5f336e409edd42ce68e1c,True,0.0,226.16616044220174,346,230,37739.52,batch_enriched_composition_counterfactual
f60,0.6,development,930077,/home/user/projects/AIDRBench/results/nature_mainline/workload_composition_v4/development/f60/scenarios/single/hourly_seed_930077,ae5249c2dedea3708cea732c70cd7abe0d2aadd135479cea1c5ca658130d9312,True,0.0,226.16616044220174,346,230,37739.52,batch_enriched_composition_counterfactual
f60,0.6,development,930078,/home/user/projects/AIDRBench/results/nature_mainline/workload_composition_v4/development/f60/scenarios/single/hourly_seed_930078,4bf0e5e807e18d3dba23866606ac8db4020c383c4c39147f3c51586e08b4f8a9,True,0.0,226.16616044220174,346,230,37739.52,batch_enriched_composition_counterfactual
f60,0.6,development,930079,/home/user/projects/AIDRBench/results/nature_mainline/workload_composition_v4/development/f60/scenarios/single/hourly_seed_930079,f770e04a824a801649fca6db7e8bebefe57c3584e1383c67a4da13d4832aed8b,True,0.0,226.16616044220174,346,230,37739.52,batch_enriched_composition_counterfactual
f60,0.6,development,930080,/home/user/projects/AIDRBench/results/nature_mainline/workload_composition_v4/development/f60/scenarios/single/hourly_seed_930080,4f83a7ac7af895e0b858eaebfbd6fb26531457223bafa3858d1c1fcc2f66862b,True,0.0,226.16616044220174,346,230,37739.52,batch_enriched_composition_counterfactual
f60,0.6,development,930081,/home/user/projects/AIDRBench/results/nature_mainline/workload_composition_v4/development/f60/scenarios/single/hourly_seed_930081,4eb7272dd96fdaa8fac065118cb408f210b31376835bf32ff6216daa2def1db9,True,0.0,226.16616044220174,346,230,37739.52,batch_enriched_composition_counterfactual
f60,0.6,development,930082,/home/user/projects/AIDRBench/results/nature_mainline/workload_composition_v4/development/f60/scenarios/single/hourly_seed_930082,d368d9f27350185d223749be2698c459d522bf32cb4c4c000fa2d7d628cbc488,True,0.0,226.16616044220174,346,230,37739.52,batch_enriched_composition_counterfactual
f60,0.6,development,930083,/home/user/projects/AIDRBench/results/nature_mainline/workload_composition_v4/development/f60/scenarios/single/hourly_seed_930083,e04870747ebfe10a47fa35d94b96d3ac08cbf30c18ec8dbc8be71e83ce478a10,True,0.0,226.16616044220174,346,230,37739.52,batch_enriched_composition_counterfactual
f60,0.6,development,930084,/home/user/projects/AIDRBench/results/nature_mainline/workload_composition_v4/development/f60/scenarios/single/hourly_seed_930084,96dd609826f7ce39b8df31b73eafbeda10949e4905ec7ccf78672604d92b5d0c,True,0.0,226.16616044220174,346,230,37739.52,batch_enriched_composition_counterfactual
f60,0.6,development,930085,/home/user/projects/AIDRBench/results/nature_mainline/workload_composition_v4/development/f60/scenarios/single/hourly_seed_930085,3abdffd06bfa9ec559651871413bf9125f9c85c8187924c2e625b00812850021,True,0.0,226.16616044220174,346,230,37739.52,batch_enriched_composition_counterfactual
f60,0.6,development,930086,/home/user/projects/AIDRBench/results/nature_mainline/workload_composition_v4/development/f60/scenarios/single/hourly_seed_930086,0cba94fe1ca09510d973c66ce1efb3d239306933805bcdecf770bbef77a3c487,True,0.0,226.16616044220174,346,230,37739.52,batch_enriched_composition_counterfactual
f60,0.6,development,930087,/home/user/projects/AIDRBench/results/nature_mainline/workload_composition_v4/development/f60/scenarios/single/hourly_seed_930087,8ca06bfc23accd14715d394a1ae6387ff12f4aa8d545bc541f353c75b8abc01a,True,0.0,226.16616044220174,346,230,37739.52,batch_enriched_composition_counterfactual
f60,0.6,development,930088,/home/user/projects/AIDRBench/results/nature_mainline/workload_composition_v4/development/f60/scenarios/single/hourly_seed_930088,666f1bf95c74dcdc76b2d11adf273c4ecb608ef643b62f6150b021255c496616,True,0.0,226.16616044220174,346,230,37739.52,batch_enriched_composition_counterfactual
f60,0.6,development,930089,/home/user/projects/AIDRBench/results/nature_mainline/workload_composition_v4/development/f60/scenarios/single/hourly_seed_930089,226e4070c6f7c843c8747c605a0bf7747d8ac3b04a7b0add2e953ff3b319b8a0,True,0.0,226.16616044220174,346,230,37739.52,batch_enriched_composition_counterfactual
f60,0.6,development,930090,/home/user/projects/AIDRBench/results/nature_mainline/workload_composition_v4/development/f60/scenarios/single/hourly_seed_930090,8899414e4587298e8800e47f55fa202821478cd052228d8a88655b04a69b1a61,True,0.0,226.16616044220174,346,230,37739.52,batch_enriched_composition_counterfactual
f60,0.6,development,930091,/home/user/projects/AIDRBench/results/nature_mainline/workload_composition_v4/development/f60/scenarios/single/hourly_seed_930091,693bcd9d401186552a9eb1af97ab9ead31f406a328c0b01b7679463df1937651,True,0.0,226.16616044220174,346,230,37739.52,batch_enriched_composition_counterfactual
f60,0.6,development,930092,/home/user/projects/AIDRBench/results/nature_mainline/workload_composition_v4/development/f60/scenarios/single/hourly_seed_930092,0121e32979d613a102c3f50caa611bcb3bb4293c8307f0ee792d30b54d59a556,True,0.0,226.16616044220174,346,230,37739.52,batch_enriched_composition_counterfactual
f60,0.6,development,930093,/home/user/projects/AIDRBench/results/nature_mainline/workload_composition_v4/development/f60/scenarios/single/hourly_seed_930093,14583a1948b0f711f6bd7a3c7ac0a50c54a5d4d20db2d81bc2f232d5684f884d,True,0.0,226.16616044220174,346,230,37739.52,batch_enriched_composition_counterfactual
f60,0.6,development,930094,/home/user/projects/AIDRBench/results/nature_mainline/workload_composition_v4/development/f60/scenarios/single/hourly_seed_930094,c072c113d20e8a44cbc7cd10117cb3b18b468cdb1098a44c66f7144ee56d4ee7,True,0.0,226.16616044220174,346,230,37739.52,batch_enriched_composition_counterfactual
f60,0.6,development,930095,/home/user/projects/AIDRBench/results/nature_mainline/workload_composition_v4/development/f60/scenarios/single/hourly_seed_930095,20b803bfade6a849c48c93ff9c9902970b39c69cbb5ad51f43718763e6d65c33,True,0.0,226.16616044220174,346,230,37739.52,batch_enriched_composition_counterfactual
f60,0.6,development,930096,/home/user/projects/AIDRBench/results/nature_mainline/workload_composition_v4/development/f60/scenarios/single/hourly_seed_930096,df770118b66ef7670d47c5c84ffcb15111a6a0b3920211c0d1ac65f751ea4490,True,0.0,226.16616044220174,346,230,37739.52,batch_enriched_composition_counterfactual
f60,0.6,development,930097,/home/user/projects/AIDRBench/results/nature_mainline/workload_composition_v4/development/f60/scenarios/single/hourly_seed_930097,4ea85af29229a7718f85b02e7366bc9a03430079e6d6c248c88f0bd559b5a4be,True,0.0,226.16616044220174,346,230,37739.52,batch_enriched_composition_counterfactual
f60,0.6,development,930098,/home/user/projects/AIDRBench/results/nature_mainline/workload_composition_v4/development/f60/scenarios/single/hourly_seed_930098,5d1bae52329213c4db3e5a9d3be2943f695ef188a2dbedb722df7fb99380d337,True,0.0,226.16616044220174,346,230,37739.52,batch_enriched_composition_counterfactual
f60,0.6,development,930099,/home/user/projects/AIDRBench/results/nature_mainline/workload_composition_v4/development/f60/scenarios/single/hourly_seed_930099,84250a06b8bdd9d6ca07bce623f081c08a8e43c87854e818a1c3568d30d9439a,True,0.0,226.16616044220174,346,230,37739.52,batch_enriched_composition_counterfactual
