week,seed,weight,ordering,fraction,request_kw,minimum_margin_kw,shortage_hours,success_1pct,success_zero,baseline_zero_service,trace_sha256,scenario_hash
0,990000,job_count,chronological,0.5,2.949121593122471,3.1886641611077513,0,True,True,True,47a64b9abc7bd786b300622bef423e093043438a29503e54a7be0448fb12dd46,391c9fd5be39c37b57e1a22060539aafc22c2b18662617a3c7c51efd6cb91263
0,990001,job_count,chronological,0.5,2.949121593122471,1.6611300940913472,0,True,True,True,617ad501bd79d0522edc9bbec97fc911a87b8fef0efcfd2b572c4baccecb2a51,eb9e552452d5dfa39f30aeaaef895e0d5ac9d1b537ed2c23ec64a8cfb3cf8024
0,990002,job_count,chronological,0.5,2.949121593122471,1.3316619619897798,0,True,True,True,494b587fb710af7035847bc197e868b45f6f74004b54b0b07eb03ebfbf908792,2816c2b578ff64fa71cdede8beacabb875c5ec11e18dc0ad1bf250693cf07c8e
0,990003,job_count,chronological,0.5,2.949121593122471,1.331661961989723,0,True,True,True,8a2acb5bfb5ec57761242e624998db4eb1be7f12e8cceced5d380782a1652069,e6914ff9e4b2b14555789fad47aaf2cd4f6c7a51c4f32039a5ada511e779c3e4
0,990004,job_count,chronological,0.5,2.949121593122471,1.331661961989723,0,True,True,True,dabaf8091737dacb083b99fd443ba8064a08e889856fe2b0ad55cc409f953a44,9b732b13c8d918a00187624adc39228ad5562d7efd3aa84ea01739efe6eab54e
0,990005,job_count,chronological,0.5,2.949121593122471,1.331661961989723,0,True,True,True,5def7eb07a9ed29dee16c83bf1944f584808611cccd67098fb387b27f4a48ace,2dd8cee266cb5932336c4144c3970e37a6a15613cce1afccba21dca8e6ec514f
0,990006,job_count,chronological,0.5,2.949121593122471,3.188664161107723,0,True,True,True,4c4ef37f29b92aebfda2416741ea471a2f87d87507df091cb05a21180da87d9b,672d445b11ef06948625d2c4730103f4bd7e5936df5c85709109601d67cefe4d
0,990007,job_count,chronological,0.5,2.949121593122471,1.331661961989723,0,True,True,True,0eeedbba81de46cf8e71053afd09170e4547b173c56e585e1dd8afe58607460a,b65ce6d54a0ad055ab5c77be36422ceb3489a48eefc562cfc963a3787dc2851b
0,990008,job_count,chronological,0.5,2.949121593122471,1.6611300940913472,0,True,True,True,d328fcd973dbf10616e0c8be641b7dc71744c261aed4c55d919e2a73b6de602e,f32376ceb365b9cbb9eca0af97d4f4219cc348b06875a3ac28ed44f355ba4417
0,990009,job_count,chronological,0.5,2.949121593122471,1.6611300940913472,0,True,True,True,d7e784cee8fdb3ff0f6e09f64e31120742f1c370a316be03f584a4bcd410e6c1,e08b6e37894bd9c69de38566dc4fecd033c17560d443322b9c6c2a1077310cf7
0,990000,job_count,chronological,0.75,4.423682389683707,1.787831404374577,0,True,True,True,8320a1bf43bedf18f101fa43536228365eeaa1d0d9109d5fc2a010f3fe0cbe8f,391c9fd5be39c37b57e1a22060539aafc22c2b18662617a3c7c51efd6cb91263
0,990001,job_count,chronological,0.75,4.423682389683707,0.26029733735817295,0,True,True,True,063433d257f88d1eeb24edc02a198b862902b7eaab816eed8b1572ccc9a4a112,eb9e552452d5dfa39f30aeaaef895e0d5ac9d1b537ed2c23ec64a8cfb3cf8024
0,990002,job_count,chronological,0.75,4.423682389683707,-0.06917079474339438,1,False,False,True,20f8997aa7218fadd16a7aaec761a650881d5bb43000af75e05740cce8ff90aa,2816c2b578ff64fa71cdede8beacabb875c5ec11e18dc0ad1bf250693cf07c8e
0,990003,job_count,chronological,0.75,4.423682389683707,-0.06917079474345122,1,False,False,True,a60d2095ee58dc9f7aad842eaf5d8ba42b4a11d9bb46b74ee0867ac2d3257d7c,e6914ff9e4b2b14555789fad47aaf2cd4f6c7a51c4f32039a5ada511e779c3e4
0,990004,job_count,chronological,0.75,4.423682389683707,-0.06917079474345122,1,False,False,True,9e22a091079ff78f458cb5696736236798c3204cde5175bbda1d491317eb2042,9b732b13c8d918a00187624adc39228ad5562d7efd3aa84ea01739efe6eab54e
0,990005,job_count,chronological,0.75,4.423682389683707,-0.06917079474345122,1,False,False,True,1a6ad6485bdb171061a35c5a82a599410b80b4537a3089b7057b9de9220dca90,2dd8cee266cb5932336c4144c3970e37a6a15613cce1afccba21dca8e6ec514f
0,990006,job_count,chronological,0.75,4.423682389683707,1.7878314043745487,0,True,True,True,3fd649167c742d77ac0ee7a0c8aaad04f9e9ac781a6f15de9682cc0e4a21d492,672d445b11ef06948625d2c4730103f4bd7e5936df5c85709109601d67cefe4d
0,990007,job_count,chronological,0.75,4.423682389683707,-0.06917079474345122,1,False,False,True,9bc827861955cddfbc1bb30e84399a73d5d85a35742788fe1a8ab6859643b57a,b65ce6d54a0ad055ab5c77be36422ceb3489a48eefc562cfc963a3787dc2851b
0,990008,job_count,chronological,0.75,4.423682389683707,0.26029733735817295,0,True,True,True,6dfacb4adb092e04e2da7d60ffd27d6a6e1a21d3e11f5b04b9d56357ab6f4d26,f32376ceb365b9cbb9eca0af97d4f4219cc348b06875a3ac28ed44f355ba4417
0,990009,job_count,chronological,0.75,4.423682389683707,0.26029733735817295,0,True,True,True,daf49e1a288c7fd6e90a12eaded43b034a80cdeb1757751efb98408084a7cef2,e08b6e37894bd9c69de38566dc4fecd033c17560d443322b9c6c2a1077310cf7
0,990000,job_count,permuted,0.5,2.949121593122471,2.7094377871418507,0,True,True,True,2d851cb046a2d4732dde8982d206a520cd801458cfd96643d96d88bb0b3c19df,376ebbf044a2e34b35c96c8d9e04d60a77d8a5f14a25890fac3b2512d3cd538a
0,990001,job_count,permuted,0.5,2.949121593122471,2.6794861387689783,0,True,True,True,27975bfc16aa797775886124c9f7637c6ebd4214d67cd2efc8d2d79b271a4715,2de237777c0edf6cad1f4b8949293ee08b0e4885ee87c52fd39d01527708c954
0,990002,job_count,permuted,0.5,2.949121593122471,1.6611300940912903,0,True,True,True,84435810ee1ed3aa3ce4ca087e6420a2e8542cc1be74918ef800aa67a03628c5,5349e79b40b84fe97ab33c661f1f573c77f312940d85be681c9107cfb2346260
0,990003,job_count,permuted,0.5,2.949121593122471,3.2785191062263968,0,True,True,True,af49663f0a7b6f901d83c3639d2e38916b8da4c56864f56aed7a69eb8d503a61,a97a0e5b6ef9939e35160e23460ef94a0a8db74cc9825b5662e4f6c9a19439af
0,990004,job_count,permuted,0.5,2.949121593122471,2.7094377871418507,0,True,True,True,ae513912e4ccf9dd54846bbf7884acba32135f28e318a62416b074328bca4165,f17cf4043e70b87131acd87e923b4a41f3e78b163d8085a8be1d89e59cd556f5
0,990005,job_count,permuted,0.5,2.949121593122471,1.6611300940913472,0,True,True,True,1703425554022061ed6246144394f6515e97159942aefdc7b6ac61327817aa2c,f963dce541a2722d338540c53e01a7907c31a26843cbe15a28c102ee4711b36f
0,990006,job_count,permuted,0.5,2.949121593122471,2.709437787141794,0,True,True,True,de49e8e469f7cb10ca27efaeda7f883a9604855c7aaafc6b71ae81fc88827d42,0b44024cf0d2da7ff655c5e127fedb1353ee66625b305d36b2df973208e7f872
0,990007,job_count,permuted,0.5,2.949121593122471,1.6611300940912903,0,True,True,True,ab61644353586ef506f876ef4ea4700fe8694f7d3ed3a3f4156b09e43841cd91,168998cf8a8929c060fb378f56580e5bcab0e11fd60cb00be28bff59a8d53ec5
0,990008,job_count,permuted,0.5,2.949121593122471,1.6611300940913472,0,True,True,True,833a5d6075db58afcc164b0fbe9f19b1c9923e14a6e4a13b70942ace71c49435,655605713b34ac0f89b210d50842ba7ed1901168e27d1821dd19c3fcfb459296
0,990009,job_count,permuted,0.5,2.949121593122471,3.458228996463574,0,True,True,True,5061ff4ac640c492bd188fd2d992d992099516ab0e0e1918d760b66fa579402c,da8f2d3d1f1bcabd3331a5dccda27542ed0c2522e378478f823e27fa244c25ab
0,990000,job_count,permuted,0.75,4.423682389683707,1.3086050304086765,0,True,True,True,d6e9333158fc2130321534001c2ecf5253ca03a2b64f87790fdd7bbc9ab492e6,376ebbf044a2e34b35c96c8d9e04d60a77d8a5f14a25890fac3b2512d3cd538a
0,990001,job_count,permuted,0.75,4.423682389683707,1.2786533820358041,0,True,True,True,11b62a8885d64ea607dc531c669ec9273f7f3832aedc773b32bc029fc4b494fc,2de237777c0edf6cad1f4b8949293ee08b0e4885ee87c52fd39d01527708c954
0,990002,job_count,permuted,0.75,4.423682389683707,0.2602973373581161,0,True,True,True,929b6f9a8d1246972dbcf3ce013eb46d89427374e51c8cec0856f6c878ae371c,5349e79b40b84fe97ab33c661f1f573c77f312940d85be681c9107cfb2346260
0,990003,job_count,permuted,0.75,4.423682389683707,1.8776863494932226,0,True,True,True,c72a65f1824be6a01b8718756aa0baba1e764b6d3a3321bf9ed924ae18d59bfb,a97a0e5b6ef9939e35160e23460ef94a0a8db74cc9825b5662e4f6c9a19439af
0,990004,job_count,permuted,0.75,4.423682389683707,1.3086050304086765,0,True,True,True,c5b484b3edaa4dc6663746adc4e6708eece847116d6774edbdaa4229e60f1286,f17cf4043e70b87131acd87e923b4a41f3e78b163d8085a8be1d89e59cd556f5
0,990005,job_count,permuted,0.75,4.423682389683707,0.26029733735817295,0,True,True,True,2e78f3f9f5bd6bd57e909ac2ac31eae5b2794ce415faaf1fabd038299f8967a8,f963dce541a2722d338540c53e01a7907c31a26843cbe15a28c102ee4711b36f
0,990006,job_count,permuted,0.75,4.423682389683707,1.3086050304086196,0,True,True,True,15cac45a493bd51c3f808316d3c99a3a7120fb55307d1469ce74a76f46ca0628,0b44024cf0d2da7ff655c5e127fedb1353ee66625b305d36b2df973208e7f872
0,990007,job_count,permuted,0.75,4.423682389683707,0.2602973373581161,0,True,True,True,b5c61661f3ca8f1f03bc6a33276f3526da4489e64c1eed73cc259a3f27adab8d,168998cf8a8929c060fb378f56580e5bcab0e11fd60cb00be28bff59a8d53ec5
0,990008,job_count,permuted,0.75,4.423682389683707,0.26029733735817295,0,True,True,True,ce897ef9e8a9b7047aea34da09b3a83ab5d49c4437630f7770f5ffafe384e152,655605713b34ac0f89b210d50842ba7ed1901168e27d1821dd19c3fcfb459296
0,990009,job_count,permuted,0.75,4.423682389683707,2.0573962397303998,0,True,True,True,3bf681ef5cf5e48edb2c239fec814bcc05be52fd5398281c39c928c7258e382e,da8f2d3d1f1bcabd3331a5dccda27542ed0c2522e378478f823e27fa244c25ab
0,990000,resource_gpu_h,chronological,0.5,2.949121593122471,-0.9440168852794821,3,False,False,True,fa0de3a1afd4afc8a207dd25d67f08ec7a17a09d558209a93e2c510df9559e46,4d76c918d7112a60d181cc0c47ac3fb95d637318eceab96f8e0afd18f4d1d869
0,990001,resource_gpu_h,chronological,0.5,2.949121593122471,-0.944016885279539,3,False,False,True,ee3f5744cfafcebbf9edb4d22e2590be103c8741c8a86d92901517f71b6e2704,4a08b4476c9e10615b6ce68cc7b2cf1b04e621128030232e6ea35f13418e9914
0,990002,resource_gpu_h,chronological,0.5,2.949121593122471,0.950032372631866,0,True,True,True,4223a404bc53f87cae903c84291e175039da0582cea53362bef826ba557f2d3e,cabd6f0481f7e56f0f1d24662106294bf7b116f8d8b2d2d9812e80fbf0765375
0,990003,resource_gpu_h,chronological,0.5,2.949121593122471,-0.009277122818887484,1,False,False,True,af2cd98bc3cd8e01c91b1d023a74a4be4320a4e022571d634ad39d89db5cfc6f,462f75f1dd78141a8f97c342073c0b531a79729d80930facdd0e84e202747cbc
0,990004,resource_gpu_h,chronological,0.5,2.949121593122471,-0.009277122818887484,1,False,False,True,276fabb10fc90f17de373ac64d965a26e8e3d69ce2bb6baa5a5fb85146c6f367,4a58bc78640991fa0cbcea21527efd80eb829b1c9f879b052a0d9d7810dfc47d
0,990005,resource_gpu_h,chronological,0.5,2.949121593122471,-0.009277122818887484,1,False,False,True,ae33aeacdbb5ce670f43a5dab87b2346c7abec93ffd21e89313a3f02aef66cd3,358c79e7a775b337a667d51264516368fd4202dd404d675c7b2fb550f23c3d65
0,990006,resource_gpu_h,chronological,0.5,2.949121593122471,-0.944016885279539,3,False,False,True,2aa577ec8937df18690e1902ca3adb0c6b54e584b6349f142e1b804ae79770e4,9dde5fbddb979666bd4e552970eb8b73c140dcb2a700acbfc3710784cda726db
0,990007,resource_gpu_h,chronological,0.5,2.949121593122471,-0.009277122818887484,1,False,False,True,43b08f25c9dbdc52ce3c9379f6a6f278f74810f718042c54a3d75a0bb7320fc9,843b1c5a801596b6a51b77c7453279372d5c273e11acdc0dd670e7a73d0a9882
0,990008,resource_gpu_h,chronological,0.5,2.949121593122471,-0.944016885279539,3,False,False,True,6b2a1be272027d8ebb1ea19140d70e40fc8fb3e04b8e021c7a83eecc09c814d9,99f29f49c7155417578f7abdc02f439a2a79926b768b14b7428ea980b3fc88b7
0,990009,resource_gpu_h,chronological,0.5,2.949121593122471,-0.9440168852794821,3,False,False,True,7437295b45ba0d5d2eb4a1a5b7788e7787951673ca969ab151ed428e4bee0998,d9c2cc5e0ba40839293661f395e522156de77a6b0a10266541239e9f08c6e6fd
0,990000,resource_gpu_h,chronological,0.75,4.423682389683707,-2.3448496420126563,7,False,False,True,2ecb1a4f07347eca9d8f7091c751aa74e240ef8062066c16f7f983493164ee10,4d76c918d7112a60d181cc0c47ac3fb95d637318eceab96f8e0afd18f4d1d869
0,990001,resource_gpu_h,chronological,0.75,4.423682389683707,-2.344849642012713,5,False,False,True,3d1229d4ed36461f099b009e5252ce478e9cb257fd81262836b7d2a80328a183,4a08b4476c9e10615b6ce68cc7b2cf1b04e621128030232e6ea35f13418e9914
0,990002,resource_gpu_h,chronological,0.75,4.423682389683707,-0.4508003841013082,1,False,False,True,8f79a3a1e57805950a04a8d31f91827412a7d1d945f8ab725e0bdb8eb01f70da,cabd6f0481f7e56f0f1d24662106294bf7b116f8d8b2d2d9812e80fbf0765375
0,990003,resource_gpu_h,chronological,0.75,4.423682389683707,-1.4101098795520617,1,False,False,True,48af7713f5a2967d0cc3d2846dc4410c2de215f6f10e199c519181b751d39856,462f75f1dd78141a8f97c342073c0b531a79729d80930facdd0e84e202747cbc
0,990004,resource_gpu_h,chronological,0.75,4.423682389683707,-1.4101098795520617,2,False,False,True,735aedb8bddfc6c4a5d39bae6cf33292fd7a712af99b4224d6daa746e27883c1,4a58bc78640991fa0cbcea21527efd80eb829b1c9f879b052a0d9d7810dfc47d
0,990005,resource_gpu_h,chronological,0.75,4.423682389683707,-1.4101098795520617,2,False,False,True,92342aab88b092e28da92dc4071d380de47a49ccdff0d4cde458c478dca6a471,358c79e7a775b337a667d51264516368fd4202dd404d675c7b2fb550f23c3d65
0,990006,resource_gpu_h,chronological,0.75,4.423682389683707,-2.344849642012713,6,False,False,True,2c03e3f00e2ef4440489d8cef15bb015d96a00a48b7282f191883d30e388674a,9dde5fbddb979666bd4e552970eb8b73c140dcb2a700acbfc3710784cda726db
0,990007,resource_gpu_h,chronological,0.75,4.423682389683707,-1.4101098795520617,1,False,False,True,e725820f9c87d84d3978115dffbf89240696d853e4af41151cfe4ddb2003293f,843b1c5a801596b6a51b77c7453279372d5c273e11acdc0dd670e7a73d0a9882
0,990008,resource_gpu_h,chronological,0.75,4.423682389683707,-2.344849642012713,8,False,False,True,2a499f6b4594e161c1400e8f6b6d1538d3de88c075c92e7bd02f8b457a79577a,99f29f49c7155417578f7abdc02f439a2a79926b768b14b7428ea980b3fc88b7
0,990009,resource_gpu_h,chronological,0.75,4.423682389683707,-2.3448496420126563,8,False,False,True,3d283711923aca56d88dfbaff941c12e01b444742d33e31b79f31cdf3df90847,d9c2cc5e0ba40839293661f395e522156de77a6b0a10266541239e9f08c6e6fd
0,990000,resource_gpu_h,permuted,0.5,2.949121593122471,-0.42751833442271536,2,False,False,True,958347a6bfadd5afc49194553b8064e32ea39e2cce04a3814c298aeb84cec9a2,5731e303d75d93bd3f656fb85388fd734f4c4581ea88ec9189dfab752b7d9277
0,990001,resource_gpu_h,permuted,0.5,2.949121593122471,0.5670764751133524,0,True,True,True,db245d0b36d9cb2745c87c2a97b9fd077301f5a804107fc1edacbfa5d4df42a3,5d282f32c3a0848837e116251768076a5d46b52d6e35fa1c6da80995b11150b8
0,990002,resource_gpu_h,permuted,0.5,2.949121593122471,0.8583190386983821,0,True,True,True,8d24c82992df24910cdfbfccddaeddd3b0d7bef7d7886aa6ddb1df337c6d8db7,d14c4e6fb4a8b7337c5b74daefffb04a5bfd9e0877222dcfb0593488999109d0
0,990003,resource_gpu_h,permuted,0.5,2.949121593122471,1.0947954211930684,0,True,True,True,4813a34d91eb7224813b0cdb189add6dfd7ac1834c12888e27e8dc297127424d,da8d5639c1215c5c03063147b434a293a6fae04b9226878ff0d34e3891cda3b8
0,990004,resource_gpu_h,permuted,0.5,2.949121593122471,-0.9440168852794821,1,False,False,True,c167cbb130a4879c74e2c87e40936b6d29854512355d2ce811deb34aba0b284d,490d2b9315d364ed1a5142759555889e30bb16111f03049559a18dae9a71c1e0
0,990005,resource_gpu_h,permuted,0.5,2.949121593122471,0.3503628951765583,0,True,True,True,d9217c704bdd04d6294d52083c3613165d782f8c03fcf78e40344cbfb8e0177e,1631244a1d4619fe309a6f6bb7fc53cad6da7bae1ba47d255dc47ded4c9c064a
0,990006,resource_gpu_h,permuted,0.5,2.949121593122471,0.5670764751133239,0,True,True,True,98ae3d2d6208ac2266f744e34597de5caf04c7b9eef123c713010a3c2fd902d0,1aedc602b03244e95a25792c694fd750d43b808029b78067db01db7073107137
0,990007,resource_gpu_h,permuted,0.5,2.949121593122471,1.006852332926555,0,True,True,True,ece2fc21477c6765d6595248bb15473bff09e12daac51fc736c29f0d8f0be057,6d35bd88ef57f00f2160eb9e9b77bf6a96ae5a4fb0e3d3b6ac25ca797dc8cb86
0,990008,resource_gpu_h,permuted,0.5,2.949121593122471,0.8583190386983821,0,True,True,True,351b717dba184f93a6a3045d787a2724de878f620d44f9b954febd91c9974d54,5291361452e19f2f9a17b3887d35b1fe89d8cfb299132e30b4b96817e4f46779
0,990009,resource_gpu_h,permuted,0.5,2.949121593122471,1.5322714905773998,0,True,True,True,1a696fed351629d55c5df047af133407b2dcacfd3477a8721b59faf75e7f7a16,3cacc6fa30ed72c0bfa554c28a3d1a4ec1216bdfcf7dfea3320386c1359d97cd
0,990000,resource_gpu_h,permuted,0.75,4.423682389683707,-1.8283510911558896,4,False,False,True,5e29eb9ba1451a21ae688592cea2236ede0bf4e3ce093a53dd98cf000e343821,5731e303d75d93bd3f656fb85388fd734f4c4581ea88ec9189dfab752b7d9277
0,990001,resource_gpu_h,permuted,0.75,4.423682389683707,-0.8337562816198218,2,False,False,True,fde6678a7a97a911f422e592f36cf261b8919aef04ade631f0d747224b67b9fc,5d282f32c3a0848837e116251768076a5d46b52d6e35fa1c6da80995b11150b8
0,990002,resource_gpu_h,permuted,0.75,4.423682389683707,-0.5425137180347921,1,False,False,True,f0f761402267cf53facf820227729d21d4c9762316a8d8d1e73820b1b9aa5f0a,d14c4e6fb4a8b7337c5b74daefffb04a5bfd9e0877222dcfb0593488999109d0
0,990003,resource_gpu_h,permuted,0.75,4.423682389683707,-0.3060373355401058,1,False,False,True,e14d7faad44740a6509fbf69d4becfcc0cc5754b7a77f1c9cc61e833409e844d,da8d5639c1215c5c03063147b434a293a6fae04b9226878ff0d34e3891cda3b8
0,990004,resource_gpu_h,permuted,0.75,4.423682389683707,-2.3448496420126563,2,False,False,True,01864bd6969143015b86ed42bd3924e9aba1c54b424d6a749a8f4b1a2639efa0,490d2b9315d364ed1a5142759555889e30bb16111f03049559a18dae9a71c1e0
0,990005,resource_gpu_h,permuted,0.75,4.423682389683707,-1.050469861556616,1,False,False,True,bc546b4cebe533261ee9a7870c3175c6399d84d535234513b0f6da5a6fafc5c1,1631244a1d4619fe309a6f6bb7fc53cad6da7bae1ba47d255dc47ded4c9c064a
0,990006,resource_gpu_h,permuted,0.75,4.423682389683707,-0.8337562816198503,3,False,False,True,6a139f0afe77a24c7f7bf8bf8619868128eeb94088ada23db3ccde02fed8b1de,1aedc602b03244e95a25792c694fd750d43b808029b78067db01db7073107137
0,990007,resource_gpu_h,permuted,0.75,4.423682389683707,-0.39398042380661913,2,False,False,True,812571ddcc425d7b670d34c660d5d3b891ad600c6301e5361e1285fd3b007956,6d35bd88ef57f00f2160eb9e9b77bf6a96ae5a4fb0e3d3b6ac25ca797dc8cb86
0,990008,resource_gpu_h,permuted,0.75,4.423682389683707,-0.5425137180347921,2,False,False,True,a7ece0f4d8749f25409f92cf8df35d6f30c9edd94c3270be017e60f2d0f9a394,5291361452e19f2f9a17b3887d35b1fe89d8cfb299132e30b4b96817e4f46779
0,990009,resource_gpu_h,permuted,0.75,4.423682389683707,0.13143873384422555,0,True,True,True,ad6cb45836d61eb12aade6a086414e0af1145a4f159b1b7037ac225275c07c6a,3cacc6fa30ed72c0bfa554c28a3d1a4ec1216bdfcf7dfea3320386c1359d97cd
1,990100,job_count,chronological,0.5,2.949121593122471,1.060531998104337,0,True,True,True,9c2d4d677857a86941211b10f705b6166905261ddfc46a0542f52d126c577bff,c90a82e19532604d077ad0659e3a95dadf4b3591980c49c0856aa47d406442b1
1,990101,job_count,chronological,0.5,2.949121593122471,2.6772658401572036,0,True,True,True,bd1540dfa4ef52fbadc8e930d94cf95e2a97d65b08ebdf32777f107e2881c222,1033532c9667d695777785cee9f4f12e887009fe30673a8739b0dcab4ac6b08b
1,990102,job_count,chronological,0.5,2.949121593122471,4.144302104242185,0,True,True,True,6968fd17346c63af65a003001e65459e06c0a9e23f4c1f2a1af19ebe12888832,3e75b16bdac99b2c0dc82d846e749c9609d58215f2ad98c284a31e33a840624f
1,990103,job_count,chronological,0.5,2.949121593122471,1.0605319981043086,0,True,True,True,1efe1f410b0d0fbb73f20e09ff58515122b639272e0f0bb6052c019a04bafd51,30668c9626439b17780bd6181d03732979a30632f90caaf6bab7c660cace89d8
1,990104,job_count,chronological,0.5,2.949121593122471,1.0605319981043086,0,True,True,True,81e479b6681594c2101159b0bd5ec9e6f7bb366757400cc42d20f0b8f0a4bf06,a4ec00b54b0f9588d92846f3fc570faf92634113886670dab183d713bf953895
1,990105,job_count,chronological,0.5,2.949121593122471,4.144302104242185,0,True,True,True,4cf3e86b9b870537ce06d6fab8c6c8f1e995b58a3f2ef9d592340135789f3e92,45fc2ef6bf50d336fac8d0d94abac0fe211054a8d14758362ca3eba59870d365
1,990106,job_count,chronological,0.5,2.949121593122471,4.144302104242128,0,True,True,True,49f504870801b3741b80b66b4bab41656abfb06be273bca2dbf27b93972bbeaa,fad7d4cd1b828bc5ff555efc4cdb3a3bbcd36683562ca5c343ce541f625258b0
1,990107,job_count,chronological,0.5,2.949121593122471,3.485632761183594,0,True,True,True,ed368591e02f28ef824abe4ecfd2c31a5ceba552cb1af844b3ba95d581bd5728,12f54e342d6154cef823616b48f64a9d5d8d925caa70223e268ce215eda4de7f
1,990108,job_count,chronological,0.5,2.949121593122471,1.0605319981043655,0,True,True,True,382c7c48dc8517dd8b326e065b77639b109509937130e2500d98d72531b25f8d,0dbfd93cff0e3165d9bce0881c061b16a1bb39c89ffa5dbfc9c49faf51ebafbe
1,990109,job_count,chronological,0.5,2.949121593122471,1.0605319981043655,0,True,True,True,5252e2923152738fbe4e6965d5f502e31a67577e405f4e058f4598476fc10deb,7dc689c30a961eaa3aa84a281c7c002b1bb2e21a6c5f74ebc9780b189140da48
1,990100,job_count,chronological,0.75,4.423682389683707,-0.34030075862883713,1,False,False,True,04a799220888c0e5b64218c84e6f0d5ab9c7e5c32451432053ff04a55d84dbd6,c90a82e19532604d077ad0659e3a95dadf4b3591980c49c0856aa47d406442b1
1,990101,job_count,chronological,0.75,4.423682389683707,1.2764330834240294,0,True,True,True,4fe4aa5ac5109223f9e5e608c06bac92cb2221a5aa77fa6414bccca0c7c667b6,1033532c9667d695777785cee9f4f12e887009fe30673a8739b0dcab4ac6b08b
1,990102,job_count,chronological,0.75,4.423682389683707,2.743469347509011,0,True,True,True,e29d062b662a5179e4f09221c46c093196a60ee765d0f53e595cc16a0dd508e6,3e75b16bdac99b2c0dc82d846e749c9609d58215f2ad98c284a31e33a840624f
1,990103,job_count,chronological,0.75,4.423682389683707,-0.34030075862886555,1,False,False,True,1ecbaf2e4c441c1d717f8da83a88151a27373af0e79705076a4ad08f5d1ad033,30668c9626439b17780bd6181d03732979a30632f90caaf6bab7c660cace89d8
1,990104,job_count,chronological,0.75,4.423682389683707,-0.34030075862886555,1,False,False,True,e14e8acb0239a4635bec9cdbf11db2b273797893de2046845f7ac46370d4a302,a4ec00b54b0f9588d92846f3fc570faf92634113886670dab183d713bf953895
1,990105,job_count,chronological,0.75,4.423682389683707,2.743469347509011,0,True,True,True,e517b1bbed5e0fc09a1ed9e2a14ccfde1950deb96d3aef506cdff0e4ae61e3dd,45fc2ef6bf50d336fac8d0d94abac0fe211054a8d14758362ca3eba59870d365
1,990106,job_count,chronological,0.75,4.423682389683707,2.743469347508954,0,True,True,True,2e5e52b4c55475b03dae5a6d0037460950a15bdc2b94aa4a8f22a5362c9ed058,fad7d4cd1b828bc5ff555efc4cdb3a3bbcd36683562ca5c343ce541f625258b0
1,990107,job_count,chronological,0.75,4.423682389683707,2.08480000445042,0,True,True,True,c57b7a80e9f7162885c5d867e0c0646480ccecba0054583caea1aa678d9f9cd9,12f54e342d6154cef823616b48f64a9d5d8d925caa70223e268ce215eda4de7f
1,990108,job_count,chronological,0.75,4.423682389683707,-0.3403007586288087,1,False,False,True,1d12e411bd8dbaa5cf7697b2d923f998854e56cc54cc3ccad9ea417f9016706e,0dbfd93cff0e3165d9bce0881c061b16a1bb39c89ffa5dbfc9c49faf51ebafbe
1,990109,job_count,chronological,0.75,4.423682389683707,-0.3403007586288087,1,False,False,True,35f7eff072835b11e088075f709fe45e5ee834fde0f0ad1bf3c5443350b1b259,7dc689c30a961eaa3aa84a281c7c002b1bb2e21a6c5f74ebc9780b189140da48
1,990100,job_count,permuted,0.5,2.949121593122471,1.9287779503178646,0,True,True,True,dfe0aceb2dda42dbfb656e4e800f34d7fcac85230199ed65bd36f5a3dda46101,419082d82f9d0d7ea242c7d48a717f6db88f0f7cd2622bcbab840a3e68bb1a44
1,990101,job_count,permuted,0.5,2.949121593122471,3.4257537299964573,0,True,True,True,37cc7f41ac80fcd4bde550f29cd4cfe3a428394a587e10f0b862218edaa0c61a,a1d53bcc13c3c76928145fc6b8f4fe2dd70434c262496e46bee29b312435b84f
1,990102,job_count,permuted,0.5,2.949121593122471,2.677265840157232,0,True,True,True,1cc081c73d22346b4b84607f13a6f9d851a6d4dc35e67528e1c8a9a55d089fe5,7098e1152578edc92162b96fc40a80952b1e7f2c71314383db1288469c42571f
1,990103,job_count,permuted,0.5,2.949121593122471,2.5874472933764556,0,True,True,True,650b927ba6bdcf414f88a909cef97920f9f132b3f1a485af013b94b52d529bb0,8a949020b039fb5e6057bcbf68a2bb44ada0d1efd69b93d13efec774bea58434
1,990104,job_count,permuted,0.5,2.949121593122471,4.204181135429351,0,True,True,True,5386df181267baa9f3d5ca4ce61084d614d2ce9278fe1d78571af2bd2f169a16,5c295c507f84f695292def9ec73e809626ac2f38c223bf505097031bfe68c07a
1,990105,job_count,permuted,0.5,2.949121593122471,4.144302104242128,0,True,True,True,694d60056e786283d9186f286cc37dc3310e462cb31c785a0f6113e0f2d5e626,b416b9b4db1e39158be617c1c3598599518ad832d8a196e2e84c697b17eb0483
1,990106,job_count,permuted,0.5,2.949121593122471,2.5874472933764556,0,True,True,True,2e9445f998e2c7f615c003b7acb4f3aa049a41d92371797c50e2bbcce39c9545,162148e2da2cf28152061db6fda353ed11cdcc42a60bdc7cb037ccbb4355b82f
1,990107,job_count,permuted,0.5,2.949121593122471,2.5874472933764556,0,True,True,True,7c6ecea81446f928908f40357bcc930afd61ca14433af6d53d37de4627abe84a,70b7992e0cc5fcf936c9d5cc300e6707b99284cc644589a357b2a25302a4e553
1,990108,job_count,permuted,0.5,2.949121593122471,1.0605319981043086,0,True,True,True,d1387de1b0ac5675b9e724c31f1cc663e3dbc1f981f8794e24bb2e00f06f2a23,d1c494407558f82866dc8b210e2754765bfe6427bbb6d58757d40df66fa71801
1,990109,job_count,permuted,0.5,2.949121593122471,2.6772658401571467,0,True,True,True,3ae58888d70844e637630013170fd8a06685573e97f41472d2c49e5869e1b8a4,605a4948e63d3cd30f63caf4e15abf62ec07b0e1482edebe01bf60a5190b3518
1,990100,job_count,permuted,0.75,4.423682389683707,0.5279451935846904,0,True,True,True,174b351cc78c71d4e760a71a45ca58d67b83035a39894c9867598486baa8eb01,419082d82f9d0d7ea242c7d48a717f6db88f0f7cd2622bcbab840a3e68bb1a44
1,990101,job_count,permuted,0.75,4.423682389683707,2.024920973263283,0,True,True,True,4fa70895156af8bf1f43fbfc98ae1946cd9184d1d473ef7360c21e442ef4e4c5,a1d53bcc13c3c76928145fc6b8f4fe2dd70434c262496e46bee29b312435b84f
1,990102,job_count,permuted,0.75,4.423682389683707,1.2764330834240578,0,True,True,True,7d3c4fcb6e2fdbf489cef365230c29823e42ed955a6ecf95631997eeaa17d003,7098e1152578edc92162b96fc40a80952b1e7f2c71314383db1288469c42571f
1,990103,job_count,permuted,0.75,4.423682389683707,1.1866145366432814,0,True,True,True,60102371d86349ef97f3198d49c50429d7b9aa5758d0fea30d465fd18ee26901,8a949020b039fb5e6057bcbf68a2bb44ada0d1efd69b93d13efec774bea58434
1,990104,job_count,permuted,0.75,4.423682389683707,2.8033483786961764,0,True,True,True,275d87064977e4b30e1d8825bff3e6e97e160cf0919fabd37440d2fb38cf748d,5c295c507f84f695292def9ec73e809626ac2f38c223bf505097031bfe68c07a
1,990105,job_count,permuted,0.75,4.423682389683707,2.743469347508954,0,True,True,True,600667d82c6c209141b47558fe05fbb2dd45c6b37d4863348417a1e2672d45c1,b416b9b4db1e39158be617c1c3598599518ad832d8a196e2e84c697b17eb0483
1,990106,job_count,permuted,0.75,4.423682389683707,1.1866145366432814,0,True,True,True,21ec68d27e2c620fcbf5e45f97f2029ce6610cac096478f103039e67737834ad,162148e2da2cf28152061db6fda353ed11cdcc42a60bdc7cb037ccbb4355b82f
1,990107,job_count,permuted,0.75,4.423682389683707,1.1866145366432814,0,True,True,True,115782822264762d404ba268127ca3766e90fb5d9da4157b8fa94505ba4efd71,70b7992e0cc5fcf936c9d5cc300e6707b99284cc644589a357b2a25302a4e553
1,990108,job_count,permuted,0.75,4.423682389683707,-0.34030075862886555,1,False,False,True,c4d54b2e0168055e7626412ba0060953bf9f77b2b3ba18c0c1bd1bb56eb581df,d1c494407558f82866dc8b210e2754765bfe6427bbb6d58757d40df66fa71801
1,990109,job_count,permuted,0.75,4.423682389683707,1.2764330834239725,0,True,True,True,96b0571f0e76df65a0ee44e3b3e0782bb48ae3b5a535065c5985c26559a43bec,605a4948e63d3cd30f63caf4e15abf62ec07b0e1482edebe01bf60a5190b3518
1,990100,resource_gpu_h,chronological,0.5,2.949121593122471,0.17100254598791675,0,True,True,True,7fe723428adcb8fe058955ea55e946cee2d5bf8dd8053b3de2aa6827f3adb2f7,1b23be861ad4ec109b2ece9ed6cf4f5aff633d4538c91879f6685b0bc066108d
1,990101,resource_gpu_h,chronological,0.5,2.949121593122471,-0.8119798030090957,1,False,False,True,552cd3bb847c0e2bbede546fe687e2276e77a95c9a379cc24006d3f3d3ff8ad6,0ff59b212c39ebabda06e274db22bb0fd465f76c72da18943ddbe771bf7bceed
1,990102,resource_gpu_h,chronological,0.5,2.949121593122471,-0.8119798030090957,1,False,False,True,6baceec67db13a0476f412045b9cd7216da3c93e393d5b7f58cbab21eeb4b282,1eb60edaf2d18a8db6b1c0a08ab3a69ffe5da7c1f143c6ab50cbd09d5129eb20
1,990103,resource_gpu_h,chronological,0.5,2.949121593122471,0.17100254598791675,0,True,True,True,c66ae475ab03e95fd35114451dc7528a9dd3af88b15e182b614057a3736977d4,0a26d4024caf7a442ed2cd8f7655c0225765eeb200276b526615df07e2ba5424
1,990104,resource_gpu_h,chronological,0.5,2.949121593122471,0.17100254598791675,0,True,True,True,e298e5dd9c638b2e03fdb41fbd32de5049bb198ce2b2ccec624ca1b7e07d12d1,97d75b76cda2921a1e848938263493ac4a8eed2627164ed290d912497f7da82f
1,990105,resource_gpu_h,chronological,0.5,2.949121593122471,-0.8119798030090672,1,False,False,True,f636aed0a7b3633a5bc7bf21d6f1868fb52ac266b7691c7e0a5513865a5d4971,17f7acafee1d434afb582160390ff0e1d79abca44d562ec288d14d9ad1ff86c2
1,990106,resource_gpu_h,chronological,0.5,2.949121593122471,-0.8119798030090957,1,False,False,True,a96e3061a77d434108b1785e2703be7a328801d3b31fa9dd54948d733447e7f7,702614a03d566ed9b9394543985511bb07d0f3de42c292d215a182f3f41cdaaa
1,990107,resource_gpu_h,chronological,0.5,2.949121593122471,0.07977229142194542,0,True,True,True,5bf52cff0dd6a59ba323751e85449562267ee38e6cec79aecb63fcd90c93d312,672291dd33e176e42186226da1d14a49b8b144fd1809847cb882e48ddfe14833
1,990108,resource_gpu_h,chronological,0.5,2.949121593122471,0.1710025459878599,0,True,True,True,b98825b8e4da401feafd03a0084939a5a01cea9622c500b724cbc406f045717f,99c5a521f807c43a90c11dd51cf39569fc7b38842cbde30b5dfab568e0f9e606
1,990109,resource_gpu_h,chronological,0.5,2.949121593122471,0.17100254598791675,0,True,True,True,c0db9cc6c239824defaf2ab5999745b73f13c152f16e39ce3b5874d010480b16,71c12adebc9f19f078465a5bcf92f4c4201c24a5c4f6670bb6975f36850ee06a
1,990100,resource_gpu_h,chronological,0.75,4.423682389683707,-1.2298302107452574,2,False,False,True,7ffed45bce1c2012a3dc47aacb0d0a1765bbc567050006e0a390a3f1dede1cae,1b23be861ad4ec109b2ece9ed6cf4f5aff633d4538c91879f6685b0bc066108d
1,990101,resource_gpu_h,chronological,0.75,4.423682389683707,-2.21281255974227,1,False,False,True,d6f2f6de7dca7a4c6787e1c4335d2d49d146d45eb5bf52f96fd487cfd38c5525,0ff59b212c39ebabda06e274db22bb0fd465f76c72da18943ddbe771bf7bceed
1,990102,resource_gpu_h,chronological,0.75,4.423682389683707,-2.21281255974227,2,False,False,True,2665691698f032107d8687fd1ea5a5d32c0cad595aa03fef85b1c2df630ab713,1eb60edaf2d18a8db6b1c0a08ab3a69ffe5da7c1f143c6ab50cbd09d5129eb20
1,990103,resource_gpu_h,chronological,0.75,4.423682389683707,-1.2298302107452574,1,False,False,True,e3fd80022c3776f2dc8d84a49c1faf654af0726de53c5a2deb7795935e9e2f4e,0a26d4024caf7a442ed2cd8f7655c0225765eeb200276b526615df07e2ba5424
1,990104,resource_gpu_h,chronological,0.75,4.423682389683707,-1.2298302107452574,1,False,False,True,7b8114da598975f81a5ab8885f0cffc481a1f24e7c75ced17e41b1e77393a2b8,97d75b76cda2921a1e848938263493ac4a8eed2627164ed290d912497f7da82f
1,990105,resource_gpu_h,chronological,0.75,4.423682389683707,-2.2128125597422414,2,False,False,True,d443bb95c557310d87774d522c78e069b4ebf1176094c521e844b8e29e52a7a9,17f7acafee1d434afb582160390ff0e1d79abca44d562ec288d14d9ad1ff86c2
1,990106,resource_gpu_h,chronological,0.75,4.423682389683707,-2.21281255974227,2,False,False,True,e202424e93c58463a5bec4841feda29027552f14c1f3104218397ee6aecaca8a,702614a03d566ed9b9394543985511bb07d0f3de42c292d215a182f3f41cdaaa
1,990107,resource_gpu_h,chronological,0.75,4.423682389683707,-1.3210604653112288,1,False,False,True,b397714d8b82eb974dc7299a89026631981ef9ba213a42ef9c1a63b2d8fd99f2,672291dd33e176e42186226da1d14a49b8b144fd1809847cb882e48ddfe14833
1,990108,resource_gpu_h,chronological,0.75,4.423682389683707,-1.2298302107453143,1,False,False,True,a61cca7d262f0cd364daa5c4adced343ea6de50a95fbd8fccc6ecaa041ddeb3c,99c5a521f807c43a90c11dd51cf39569fc7b38842cbde30b5dfab568e0f9e606
1,990109,resource_gpu_h,chronological,0.75,4.423682389683707,-1.2298302107452574,1,False,False,True,7ee29962f91a0f66b17c8965fecbf83beecf09d5a696f8814942f5e375727400,71c12adebc9f19f078465a5bcf92f4c4201c24a5c4f6670bb6975f36850ee06a
1,990100,resource_gpu_h,permuted,0.5,2.949121593122471,0.11646843253929173,0,True,True,True,75c83bcaf0ada376b3d4fc036b09828f2245d97460557d65eb94786f9dfd55f2,f4a8a3cabb4c0b4cb5af79ffb05337c155803212d126e053ec2579eb84fbb602
1,990101,resource_gpu_h,permuted,0.5,2.949121593122471,0.7460912048852455,0,True,True,True,51fc0b1ec20e4031bc545705700e0be9f7a15c5886eaaf1b0ef70bf222513a33,08d607b7fe55c4407a9505c07d3c5a1888453f03a235acae79ffbec13c73e0c7
1,990102,resource_gpu_h,permuted,0.5,2.949121593122471,1.4546288273299544,0,True,True,True,6fe5523652eee65817390b70daa8d39e882a87c10880ed68847be04620b32780,54e1f0f8f41a498ebe49b0522d3b49c73d34b665826dca8c72c93f528156db21
1,990103,resource_gpu_h,permuted,0.5,2.949121593122471,1.7206251456397146,0,True,True,True,5bf6ecd0545b691acfca009d6882d0aec46510213c63d33cd3ab090cea82470d,51104643c4d11f703608508705f0e96110b7fb12c6496c44d47f6b2f53e3e4c9
1,990104,resource_gpu_h,permuted,0.5,2.949121593122471,0.17100254598791675,0,True,True,True,df16efbb5d6a2372b2803c488bed3dee31c6be88569fa77e44572c64d2a04b0c,7cc9ef0947c33e63e614582d7eac8c7a1a7cfea6bc9a95dcf330d8e611ddceef
1,990105,resource_gpu_h,permuted,0.5,2.949121593122471,0.3475195489570657,0,True,True,True,4144b1f806b9088483f5f2cebd4c2225e2f9d2965f3830bfaf45658880566d9d,f98393307628984076432fd847749151d4a136b7ab2830a468e8ff60f6916ec4
1,990106,resource_gpu_h,permuted,0.5,2.949121593122471,0.17100254598791675,0,True,True,True,acc5cc20b0cd484e11193c7b334b2776cb7e6a922bfa19f65e395cbcfe437f9d,eba2d318df89fdde862aa89502591efd89f8a4f3004a9334b760c3fd08779113
1,990107,resource_gpu_h,permuted,0.5,2.949121593122471,-0.2453826082773256,1,False,False,True,7a0a932987b342aecc81a84bb814b2d0ef2498dace275669756f1c06d6e2eed7,7db73b65983ff75d09e3f4393ce2a4b3cbce5bd3beabfd4a9376b4fa6adad098
1,990108,resource_gpu_h,permuted,0.5,2.949121593122471,1.3619888457804583,0,True,True,True,951f926b4e6d5994813396d104c866875970c7c8d61f4cce4c9a876fdcabd5a3,2082fffff150a2fe95e0de7dc12430b23bd010acb39614f9ab21ae1e63f52e4a
1,990109,resource_gpu_h,permuted,0.5,2.949121593122471,0.89170723128366,0,True,True,True,b4a3857c5fb7cd0b7aead638dfdd1a7bc4fabdf8f6a59d17fedf8cc6beed1154,0abb9ad8fba98aadb4d6621ba5358583ad92fbf03e798f0d3f088f033552dc96
1,990100,resource_gpu_h,permuted,0.75,4.423682389683707,-1.2843643241938825,2,False,False,True,98eb8961bb13ff339c67b1405f5461e9e5608976033f5b3bbc2aa5463c3a7085,f4a8a3cabb4c0b4cb5af79ffb05337c155803212d126e053ec2579eb84fbb602
1,990101,resource_gpu_h,permuted,0.75,4.423682389683707,-0.6547415518479287,1,False,False,True,cb0580087ec97bdd2b2e471defb3725695cf4f4571389de9a0f956872e3a66d9,08d607b7fe55c4407a9505c07d3c5a1888453f03a235acae79ffbec13c73e0c7
1,990102,resource_gpu_h,permuted,0.75,4.423682389683707,0.053796070596780154,0,True,True,True,d7024b2d5bd4a8ffd9d02f02e623217da8d642ef3eaa12ea8cfa178fb565f277,54e1f0f8f41a498ebe49b0522d3b49c73d34b665826dca8c72c93f528156db21
1,990103,resource_gpu_h,permuted,0.75,4.423682389683707,0.3197923889065404,0,True,True,True,078527722ecd305fc872ded59e8c66768b9c65a22025b17d3803b5ba7b78bd1a,51104643c4d11f703608508705f0e96110b7fb12c6496c44d47f6b2f53e3e4c9
1,990104,resource_gpu_h,permuted,0.75,4.423682389683707,-1.2298302107452574,2,False,False,True,071f5af6f21556874f22bda986658efcb84e356461b19f51f88ad5c21844f39a,7cc9ef0947c33e63e614582d7eac8c7a1a7cfea6bc9a95dcf330d8e611ddceef
1,990105,resource_gpu_h,permuted,0.75,4.423682389683707,-1.0533132077761085,1,False,False,True,694c9cb58088f7049c23c86e885ea44dff9fc27684eaada49f78603884207517,f98393307628984076432fd847749151d4a136b7ab2830a468e8ff60f6916ec4
1,990106,resource_gpu_h,permuted,0.75,4.423682389683707,-1.2298302107452574,1,False,False,True,8109aaba0ac10c969fc8896146e4cd7b48d132c95d4fde9c0752c13a74f222a0,eba2d318df89fdde862aa89502591efd89f8a4f3004a9334b760c3fd08779113
1,990107,resource_gpu_h,permuted,0.75,4.423682389683707,-1.6462153650104998,1,False,False,True,537ceca76396fe7b9c463b4f1bafbc70c7720b8766b62bbffaf3b507c35a87b1,7db73b65983ff75d09e3f4393ce2a4b3cbce5bd3beabfd4a9376b4fa6adad098
1,990108,resource_gpu_h,permuted,0.75,4.423682389683707,-0.03884391095271589,1,False,False,True,7ffccd496a384445414b46c7f3dd4e7a094cc8eb2b564f858a1382cf3ecfa4dc,2082fffff150a2fe95e0de7dc12430b23bd010acb39614f9ab21ae1e63f52e4a
1,990109,resource_gpu_h,permuted,0.75,4.423682389683707,-0.5091255254495142,1,False,False,True,fe665c89f2944a1bcdc4516f6392fe605586dd2946dbb1848b1dd5a19117cb27,0abb9ad8fba98aadb4d6621ba5358583ad92fbf03e798f0d3f088f033552dc96
2,990200,job_count,chronological,0.5,2.949121593122471,2.2896166945578917,0,True,True,True,8939f1852e5eca78232eae37b164613daa44bf507e8e49af0c60bb61da9b03d6,f0671240742413da88596ebd8e58bdf1555a9bd3a4d2ee33e7a370bc5cf5d0b8
2,990201,job_count,chronological,0.5,2.949121593122471,1.6906423171433138,0,True,True,True,9b745d3f263913b99e2c5d64accbd6a9078977c41ae99570cf64fc2341c31d13,69e37ec60615e606831c01d04906beb0122818e240b1fb2df6b9e7a955ba6e76
2,990202,job_count,chronological,0.5,2.949121593122471,2.2896166945578917,0,True,True,True,472c921f96e868c0f397b949e9fc59b6e722bdb199b519db0bbb3da05788cb51,c2bb6984cb2f2fd22334ef1847118d88c61108551d09925ddd658d51a33301cc
2,990203,job_count,chronological,0.5,2.949121593122471,2.0799756624628136,0,True,True,True,63d75a139a4deafaab5c2b42be981de3bb4b6b1b89c1b3cef9264358f5c17565,50fc0fd3ad163ae773c36e5ade72e19c682fe3577bb95757610686fa5269deac
2,990204,job_count,chronological,0.5,2.949121593122471,1.6906423171433422,0,True,True,True,bd5d9026786b574cfa10335b5b49565a859572dd36038d8945e463522c111dbc,12d0941b13f2788909e969caf477a73fbe7215ca284dd40ea6ac04a7a40da426
2,990205,job_count,chronological,0.5,2.949121593122471,1.6906423171433422,0,True,True,True,dca95606c760454e333cdaa66b19c61ec577bd05f2963e00d2ecfa62133feb4f,e965e900b21afbd7a68fadc5bd576f339d0e60ad67794c486045e331b3123702
2,990206,job_count,chronological,0.5,2.949121593122471,1.9302320681091905,0,True,True,True,5976834f016b6b0f9c7e878c36fd337ec427563d70ae8d03203d5883d339ecaf,0f2348d11fe59183f7f7ee287d40ba825569c1503f7a2287ee0cdd1ffb9bede1
2,990207,job_count,chronological,0.5,2.949121593122471,1.9302320681091905,0,True,True,True,0bab0196b1bc2177e92e1c72b90eadb17a0065121d910087d94bd48a7fcd5f69,c3b656c337d89135df6e9d7b3cab7d17aa528f3934cbdcd61be75affd3aee006
2,990208,job_count,chronological,0.5,2.949121593122471,1.6906423171433138,0,True,True,True,036f1eb7a9873c576ad23c8bb4cf44302cedf07e80f0064a5b4d25f66e3157ad,39a9a9a0a2566c219aa920037c7ef77e96e448de9af09f7caa5c7aec260b7678
2,990209,job_count,chronological,0.5,2.949121593122471,1.6906423171433707,0,True,True,True,fd045d2a6224e18b1944cc254bef4ae3dc57d73d1c7eac0a446cff7d93ec9b64,2b69f94c01e1cadbf2f3755ff0228978ae9e7f4bfaf64f8e87c5244a919108a8
2,990200,job_count,chronological,0.75,4.423682389683707,0.8887839378247175,0,True,True,True,c8516e0fe46b873e29f313d4110f9d09971c09d7d8fafd1186e7e45e1d33ef25,f0671240742413da88596ebd8e58bdf1555a9bd3a4d2ee33e7a370bc5cf5d0b8
2,990201,job_count,chronological,0.75,4.423682389683707,0.2898095604101396,0,True,True,True,b77674a8809b6c5f5e11092d09bed60d846036075002a3f15fb21e8fa5e5b897,69e37ec60615e606831c01d04906beb0122818e240b1fb2df6b9e7a955ba6e76
2,990202,job_count,chronological,0.75,4.423682389683707,0.8887839378247175,0,True,True,True,a86a4dbb2b633e0e662a4d64a0d5f9aca9a733698d68bdb1053f79acd55bf85a,c2bb6984cb2f2fd22334ef1847118d88c61108551d09925ddd658d51a33301cc
2,990203,job_count,chronological,0.75,4.423682389683707,0.6791429057296394,0,True,True,True,b7f70f40f02761e8b9f19b363b5ec99f1c9dca077461757b0fcab5e15d141161,50fc0fd3ad163ae773c36e5ade72e19c682fe3577bb95757610686fa5269deac
2,990204,job_count,chronological,0.75,4.423682389683707,0.28980956041016803,0,True,True,True,b685e62a1c299a25885f1a0c54b02f5f0524f7e32399ad8fa5808724c5a4ccfd,12d0941b13f2788909e969caf477a73fbe7215ca284dd40ea6ac04a7a40da426
2,990205,job_count,chronological,0.75,4.423682389683707,0.28980956041016803,0,True,True,True,41adcd6da76a5844dd43d58a0c48ea78bffd26ce725d309cb6422212e00c481b,e965e900b21afbd7a68fadc5bd576f339d0e60ad67794c486045e331b3123702
2,990206,job_count,chronological,0.75,4.423682389683707,0.5293993113760163,0,True,True,True,f7652bb30e0b22ea035dfe8d70af4ab22cfe50adeb4e29c8c2d53a1b6ddf562b,0f2348d11fe59183f7f7ee287d40ba825569c1503f7a2287ee0cdd1ffb9bede1
2,990207,job_count,chronological,0.75,4.423682389683707,0.5293993113760163,0,True,True,True,c56d25ef19151f433d24a27d55ea335201798df27ae6dbd085718488a0312fe8,c3b656c337d89135df6e9d7b3cab7d17aa528f3934cbdcd61be75affd3aee006
2,990208,job_count,chronological,0.75,4.423682389683707,0.2898095604101396,0,True,True,True,59d7ca8fa102a059e2ba5653a26cfcceb92b4de8ab1b1a12ec6a332839793861,39a9a9a0a2566c219aa920037c7ef77e96e448de9af09f7caa5c7aec260b7678
2,990209,job_count,chronological,0.75,4.423682389683707,0.28980956041019645,0,True,True,True,2b1cb8fc9b1be67415d5036520b4c6176454cf49533da149166ac5349bd719df,2b69f94c01e1cadbf2f3755ff0228978ae9e7f4bfaf64f8e87c5244a919108a8
2,990200,job_count,permuted,0.5,2.949121593122471,3.0083859474554933,0,True,True,True,be0dbce13e776cf99e4391737494ce018b04499c340e3271bdfd874355b7a32c,7ae342c0d1d6eeb6ab2b40fefb8f9738737bc4aa4259200224583b82c00ec06c
2,990201,job_count,permuted,0.5,2.949121593122471,2.0799756624628705,0,True,True,True,d97c53f354a485b96a035f0212cdd473479602f30cf6e92d9d50df1b2287fe8b,6da41024a864fc8256b46f124f6171ebb3c6a8a1e82bacf9ec04d2120ae92bef
2,990202,job_count,permuted,0.5,2.949121593122471,1.9302320681091052,0,True,True,True,361248c6dbb3f1282d4cb3056ccd4d729c54656f2bc87dbb0feaa5f61a5aef66,669342b68ca701360dc17d98f77e5df1ea7bcf6b162ddce163ae5e52f692d2d1
2,990203,job_count,permuted,0.5,2.949121593122471,4.116488545672566,0,True,True,True,9ec1635b00ac93dba268f00b3846dd0cfdb9f110ea71b5f0406637bd32f040fe,0752313c902efe22ba3cb7e8641174f6b9215fd582139aa36ba66dea856e0768
2,990204,job_count,permuted,0.5,2.949121593122471,1.9247472153894725,0,True,True,True,39d6e3c61b9386502e557d951ffedd0639fec1a661757ecfd097f9f7bf387b59,85ddd15515420841a648dea4c2a165415a4de5d99af99482da34db6394e0d472
2,990205,job_count,permuted,0.5,2.949121593122471,2.4992577266530835,0,True,True,True,883c0282ecaaf030d7c2110526a0d8b1318d54a531c3f5595a4c1fed82e133d4,2a21abcb06503451f305344be59d5e1ba192e883f6e58cb47cc83c4087dfa59d
2,990206,job_count,permuted,0.5,2.949121593122471,1.930232068109162,0,True,True,True,6d86d5e75c069f94148afeb62c6891520ef91652633c64415be1a40fbf6a56f9,10353aaf2976979cd281132da6df1d93d7786cff743d570f6908a00434842ebd
2,990207,job_count,permuted,0.5,2.949121593122471,5.014950111794476,0,True,True,True,5adbdc744026c2807d77c78c45c6fca4e03f0bdbffd661adfdb76fbe7d1a0eb3,0639b62b4a4c2b90262c0e30a5394cab1802949ff8c469d5f6491ada49b1ca2b
2,990208,job_count,permuted,0.5,2.949121593122471,2.2896166945578917,0,True,True,True,69fa867dd21f37fa42fd3756f394dec1ae3366164ca1907272b97de6856c0293,d5ebdf83bad40f80936b79267bb7a57e40382988b6264aec6052ca29a24bd185
2,990209,job_count,permuted,0.5,2.949121593122471,1.6906423171432854,0,True,True,True,3baa318998e765c745f9132e9265e6889e56423a8eb9d8a2a74767aefabd99eb,3dbb92d73f98c92dee84f0d5e0533584463ce200409f2251c982542d6f4c92fb
2,990200,job_count,permuted,0.75,4.423682389683707,1.607553190722319,0,True,True,True,a2d7728895b3046c526f286cc2294a1538b98f51ffef5b5f3c762e1f9542c55c,7ae342c0d1d6eeb6ab2b40fefb8f9738737bc4aa4259200224583b82c00ec06c
2,990201,job_count,permuted,0.75,4.423682389683707,0.6791429057296963,0,True,True,True,6715cab3b08a08c99b77f662dffa4fd4fdd162bcafb46320b6293139dacc0cc6,6da41024a864fc8256b46f124f6171ebb3c6a8a1e82bacf9ec04d2120ae92bef
2,990202,job_count,permuted,0.75,4.423682389683707,0.529399311375931,0,True,True,True,717654d4cf317eb2574b13cb8a2813c1720d9e74c0fe4ac7c82514dde6d9a94a,669342b68ca701360dc17d98f77e5df1ea7bcf6b162ddce163ae5e52f692d2d1
2,990203,job_count,permuted,0.75,4.423682389683707,2.715655788939392,0,True,True,True,74a6c07ae6f9b7fd6e03f468ae6135d63aff124373c0468fd3cb068d3615a164,0752313c902efe22ba3cb7e8641174f6b9215fd582139aa36ba66dea856e0768
2,990204,job_count,permuted,0.75,4.423682389683707,0.5239144586562983,0,True,True,True,ea6f82afbe1ed0d14b0ce1776f632fabaa3c701c0e66f1a6740d3354c5ef9720,85ddd15515420841a648dea4c2a165415a4de5d99af99482da34db6394e0d472
2,990205,job_count,permuted,0.75,4.423682389683707,1.0984249699199093,0,True,True,True,3a0d54fa586040c1d9d73970cf476d2614ee06399e4edcfb4ea1805abb84a6b7,2a21abcb06503451f305344be59d5e1ba192e883f6e58cb47cc83c4087dfa59d
2,990206,job_count,permuted,0.75,4.423682389683707,0.5293993113759878,0,True,True,True,e8fd0379cee854b41ee049160cbbd43351d01255569ac36895e14a4055efdc4b,10353aaf2976979cd281132da6df1d93d7786cff743d570f6908a00434842ebd
2,990207,job_count,permuted,0.75,4.423682389683707,3.6141173550613015,0,True,True,True,d7a382bfc60c836abcabd867115c02b5bc0828d60219a84fd78bc5134ff9ac1e,0639b62b4a4c2b90262c0e30a5394cab1802949ff8c469d5f6491ada49b1ca2b
2,990208,job_count,permuted,0.75,4.423682389683707,0.8887839378247175,0,True,True,True,0a21f23b440af7212b1d6dd687e9c692a83c1e662b9bafe0697506908b67cc59,d5ebdf83bad40f80936b79267bb7a57e40382988b6264aec6052ca29a24bd185
2,990209,job_count,permuted,0.75,4.423682389683707,0.2898095604101112,0,True,False,True,cf0f6be3b46a25f9a6a5b201e66ef0e0d6074e3990db3b6713e9f81f21726e61,3dbb92d73f98c92dee84f0d5e0533584463ce200409f2251c982542d6f4c92fb
2,990200,resource_gpu_h,chronological,0.5,2.949121593122471,-0.8327150041332496,1,False,False,True,43f9d7da54917fa8ca0b04c1ece26a319798e695f15a17f5f86147296b998238,5a7a70f44f36151078ed4fbfe04b3825a1098a063f4135219583b1af206dc1e6
2,990201,resource_gpu_h,chronological,0.5,2.949121593122471,-0.3679201554451632,1,False,False,True,9a3254f0038374ee03c1d99c66ae17ff37d4046c5c02c97977490e170a943f30,6888613f2a14e53d3d8aa945b4657def0632879d5e2aafa36ee29f985d9e370e
2,990202,resource_gpu_h,chronological,0.5,2.949121593122471,-0.8327150041332496,1,False,False,True,5e06d47b60dccbe699063a246691b93513f5314144d3c2e88fc0c9c8c076b71b,469eac385866c653565b90c4d90299198f16b25bde02c49305e10dd17c6e2b2d
2,990203,resource_gpu_h,chronological,0.5,2.949121593122471,-0.3679201554451632,1,False,False,True,b20ab59c48bbd0c0ef1b6f231e7740082179066171b6b11f500f11579180c1bb,a6d4a197f5b8a7fef2f2b96253892179f6ea140ab24895da315ca2b2364cf28b
2,990204,resource_gpu_h,chronological,0.5,2.949121593122471,-0.3679201554451632,1,False,False,True,426e2ea0092fa46e2a2bc405c9cea0ed10da1733c55a24006fbff129f95693c8,1c4f415209c7edf61c24409f806fc04fbddcc026732df977c4c7a8603aaf7d66
2,990205,resource_gpu_h,chronological,0.5,2.949121593122471,-0.3679201554451348,1,False,False,True,c44b8dd99e312653f8522bc7c6214ee7659cac8a84146fdebc39243feb635d15,d5fd1314aab110825b345fe2bbb212bd8398bf60f68675c2afd451c9037534b1
2,990206,resource_gpu_h,chronological,0.5,2.949121593122471,-0.3679201554451632,1,False,False,True,ca5c568f45ed711ae892cf2e9b2980efacfb5ec0887ec4c04b2fc7a5a05d6e1b,550abd8c84c0891f7f28c5cbd209273ddb98d9d25f75585d59aaf15a699ab63d
2,990207,resource_gpu_h,chronological,0.5,2.949121593122471,-0.8327150041333065,1,False,False,True,912102de795bccd1fe042707f566820551037e3e4c9e50e855e265da56ecfdbd,fed6499c7ce7908e9a8a4bf863acd235ec51c2257e37391e38363da54675b7a6
2,990208,resource_gpu_h,chronological,0.5,2.949121593122471,-0.3679201554451632,1,False,False,True,96e45c78f0a40e153264aaf37f9d7a67bc46c80c298f7c391e2407539a012008,846a43bb53bccc484ad90d152cb875d3b4cfe0b3a9b6e2c1861261925ca6ebaa
2,990209,resource_gpu_h,chronological,0.5,2.949121593122471,0.02593080512208612,0,True,True,True,0bed87c7cb14810c19108d78187b640c6d1ad9ce19641bd7449480b51c05e1af,c4ae5c97b1ac5e004db1410ff21bc40581fca3a679daf00cfec83c918574ef59
2,990200,resource_gpu_h,chronological,0.75,4.423682389683707,-2.233547760866424,2,False,False,True,25fbb415e6528c7bc1ceaeb9b7b56d59c8a71a88e6255da8e23da448b5683043,5a7a70f44f36151078ed4fbfe04b3825a1098a063f4135219583b1af206dc1e6
2,990201,resource_gpu_h,chronological,0.75,4.423682389683707,-1.7687529121783374,3,False,False,True,034d7c4523de60514e4b3d62b041e6f1e4dd64f566a08bd0c329b8e062a58ed7,6888613f2a14e53d3d8aa945b4657def0632879d5e2aafa36ee29f985d9e370e
2,990202,resource_gpu_h,chronological,0.75,4.423682389683707,-2.233547760866424,2,False,False,True,1a3d3c1d9eddc9f194712b548caf79ea394355fc1f4fb958fa28df2ca9e059d3,469eac385866c653565b90c4d90299198f16b25bde02c49305e10dd17c6e2b2d
2,990203,resource_gpu_h,chronological,0.75,4.423682389683707,-1.7687529121783374,2,False,False,True,cfa308c4b2485eb9b4932d16ece26f794596fe5a65011e79f1a1f311e9a71414,a6d4a197f5b8a7fef2f2b96253892179f6ea140ab24895da315ca2b2364cf28b
2,990204,resource_gpu_h,chronological,0.75,4.423682389683707,-1.7687529121783374,4,False,False,True,0ea3496eec404983c281f535f27914ad848328076f9228adea9af65f34512af6,1c4f415209c7edf61c24409f806fc04fbddcc026732df977c4c7a8603aaf7d66
2,990205,resource_gpu_h,chronological,0.75,4.423682389683707,-1.768752912178309,4,False,False,True,2b1ab9074d99b3e483c5ba59d5455c9efa25ecc25f7e7abaf1dc5065769ddf89,d5fd1314aab110825b345fe2bbb212bd8398bf60f68675c2afd451c9037534b1
2,990206,resource_gpu_h,chronological,0.75,4.423682389683707,-1.7687529121783374,2,False,False,True,dda98ae8a0594def13b06cebffe6b07f7cea7dac23b3fe510f0c15edec529492,550abd8c84c0891f7f28c5cbd209273ddb98d9d25f75585d59aaf15a699ab63d
2,990207,resource_gpu_h,chronological,0.75,4.423682389683707,-2.2335477608664807,2,False,False,True,4c9b1d3b285962656098fa725e76064db033d21aa2b4bfe965848dea69a5a1fe,fed6499c7ce7908e9a8a4bf863acd235ec51c2257e37391e38363da54675b7a6
2,990208,resource_gpu_h,chronological,0.75,4.423682389683707,-1.7687529121783374,4,False,False,True,25ad0dc231d39c0188a53098c7aa04dd2f8a15709e1cc54e4a9b97eefe2f1683,846a43bb53bccc484ad90d152cb875d3b4cfe0b3a9b6e2c1861261925ca6ebaa
2,990209,resource_gpu_h,chronological,0.75,4.423682389683707,-1.374901951611088,3,False,False,True,b31f4e54fc1a62399e9215b33a1871cac69ebd72a85e3b6197c487308ff23e11,c4ae5c97b1ac5e004db1410ff21bc40581fca3a679daf00cfec83c918574ef59
2,990200,resource_gpu_h,permuted,0.5,2.949121593122471,1.754014597618677,0,True,True,True,35fd4e4f28d456075f3ba4cdcd315427d8fa534a94374dad352993360af1bcf8,9979c2b15918ef82ef657331c60bc927a6bdb8726b1cd6bca485b7b99bbcbacc
2,990201,resource_gpu_h,permuted,0.5,2.949121593122471,-0.3679201554451632,1,False,False,True,a4747e331f8e9d7e77ea86f070fda626ec89c7689664e35ddd428ae585ad37eb,2c951b174bcc5b30494d9baa58d422d0ee846cbfb07088000c98bf65660545fc
2,990202,resource_gpu_h,permuted,0.5,2.949121593122471,0.02593080512208612,0,True,True,True,35fc1afa290d8ab043b68c6af0f368f3fba9ff84a1063cf0840f8052328af02d,2b4ea9b467edf855131837cafb27f582ac93835b7b9cccb721c8905297630086
2,990203,resource_gpu_h,permuted,0.5,2.949121593122471,-1.4173596350328674,3,False,False,True,aded67b38ff0908a8b5cc90e6476fa09d5c632ca034224aa7fedaa1ce10159d4,fe82bb2f08070db6a8439c3409dee04f0a450832c309a0b6bb8e6ac795f19bcc
2,990204,resource_gpu_h,permuted,0.5,2.949121593122471,-1.4173596350328106,2,False,False,True,28d5e227aeabd420622acb183e8ccfba36d5c74500ab2f146c831d01ee899e2d,d49a74ac848034c44263dbf9df9c2f04ae30a2e9c831bd2d30a8460a00db522f
2,990205,resource_gpu_h,permuted,0.5,2.949121593122471,1.6747476192406472,0,True,True,True,b9b706eb2a8bb57a2e3c8888ed4c0fb8b4ca3d23cec5dcefa860788840aaad0b,9143b91093cc0ac9d23c2b4bb827f0b9741ed047d0db2991746a3d63b58c8578
2,990206,resource_gpu_h,permuted,0.5,2.949121593122471,-0.832715004133278,3,False,False,True,20a325d2f2e1e3a18e4fd9651d1bfe25fce26a1b8697013d2dd8042d129de9fb,edde6951fce47f03d76cd25c16a1158514b424cb556b1414850ee678a6b627ac
2,990207,resource_gpu_h,permuted,0.5,2.949121593122471,2.4724962884174735,0,True,True,True,db5ee6fa868c67f9e53509042053232ecc3fccf2dbb4b6c1dfd65a0e7a27f2ac,05181021b59619c5e28eb63b6392b5848d9228ac15769e3d646143a9cfab0203
2,990208,resource_gpu_h,permuted,0.5,2.949121593122471,-0.8327150041332496,1,False,False,True,895a42f79d8839f0485025489f4392a24cc21df6243103563795e5c323e8b57f,ee11af7fa5bb13828f1a214b31340267df0e44445b16cda4b8b98ab77c6422af
2,990209,resource_gpu_h,permuted,0.5,2.949121593122471,0.8620952744651751,0,True,True,True,3ece7791ed188f209371aee1d911f21c06afc58b4228d59f94c4f3ac269fcb3c,34bdbea313f93722de2db7d6a81c70e428cf64b65b5abbd488bd59b2259b21ba
2,990200,resource_gpu_h,permuted,0.75,4.423682389683707,0.35318184088550275,0,True,False,True,9d115fc41cbc237431b5961c121c213c3d88674ab16aa25b3489abe26ff6c0e6,9979c2b15918ef82ef657331c60bc927a6bdb8726b1cd6bca485b7b99bbcbacc
2,990201,resource_gpu_h,permuted,0.75,4.423682389683707,-1.7687529121783374,2,False,False,True,54c25091f509425edf5e61fb7c3bb5605bbf14d67538e87ec1ee62bff2879d84,2c951b174bcc5b30494d9baa58d422d0ee846cbfb07088000c98bf65660545fc
2,990202,resource_gpu_h,permuted,0.75,4.423682389683707,-1.374901951611088,2,False,False,True,3d7f354b812f2f3ab7e54425a4e3b6ffad52dbdec50c0670737069381abcb193,2b4ea9b467edf855131837cafb27f582ac93835b7b9cccb721c8905297630086
2,990203,resource_gpu_h,permuted,0.75,4.423682389683707,-2.8181923917660416,4,False,False,True,e4cf718c157fa98a469d8493808d4bf32bed041318415afa3b02289bb93389ca,fe82bb2f08070db6a8439c3409dee04f0a450832c309a0b6bb8e6ac795f19bcc
2,990204,resource_gpu_h,permuted,0.75,4.423682389683707,-2.818192391765985,3,False,False,True,074e07148c06e7e45cd921002258f2492218a3acb7e82ce8c8bbc3a20e3f9aa8,d49a74ac848034c44263dbf9df9c2f04ae30a2e9c831bd2d30a8460a00db522f
2,990205,resource_gpu_h,permuted,0.75,4.423682389683707,0.273914862507473,0,True,True,True,1f54ce928b1206b41192a4ecec6f5fa693642b9f1b5010f52bf756b03198f7a2,9143b91093cc0ac9d23c2b4bb827f0b9741ed047d0db2991746a3d63b58c8578
2,990206,resource_gpu_h,permuted,0.75,4.423682389683707,-2.2335477608664522,3,False,False,True,2179cdc9f9aac9757f24412f334e52efa7976b4dc735d87045a90cb1a303f913,edde6951fce47f03d76cd25c16a1158514b424cb556b1414850ee678a6b627ac
2,990207,resource_gpu_h,permuted,0.75,4.423682389683707,1.0716635316842993,0,True,True,True,2c7b55d5892e2c690d71b02f4bd9c11696208b2c3e1c30a5a0c0b8bd2c6e7ee3,05181021b59619c5e28eb63b6392b5848d9228ac15769e3d646143a9cfab0203
2,990208,resource_gpu_h,permuted,0.75,4.423682389683707,-2.233547760866424,2,False,False,True,c6e2788433121d1f1cf8753a0a8a4df8893af8e0c0b4a42a778c6744044dbece,ee11af7fa5bb13828f1a214b31340267df0e44445b16cda4b8b98ab77c6422af
2,990209,resource_gpu_h,permuted,0.75,4.423682389683707,-0.5387374822679991,1,False,False,True,63bd58a6024b632ae5d75cfcaac1ca5909043c48b6d25f7a2bad1bb7fff5799b,34bdbea313f93722de2db7d6a81c70e428cf64b65b5abbd488bd59b2259b21ba
3,990300,job_count,chronological,0.5,2.949121593122471,3.5389725563752696,0,True,True,True,9cef5ed32d6a5adce1d143e8ba551b94da6f2a11f894b35b1c0073abb40bbf61,5384c334b23ccfbc4c80dbac80a899927999da44ce774ce4e54e922069835437
3,990301,job_count,chronological,0.5,2.949121593122471,2.746392797644986,0,True,True,True,bee8582e0494bc76e6e037033da797593817f2e1ae214c2ffba52a4f5a886646,01e480779756892031d2591fc0043d837c93668bf0055b5aeb7183fb6d8276bc
3,990302,job_count,chronological,0.5,2.949121593122471,1.0027173284385773,0,True,True,True,1cc47c14c6f17e2aa33af511d591c72d70746994f072a32e7a894d49216685aa,6cd073b0a7ce6753a905e33e6b2a7f11fde74438a3dcc87bceee220b77850bb6
3,990303,job_count,chronological,0.5,2.949121593122471,1.0027173284385773,0,True,True,True,019cd83bf13779f786d37713d173601bf283aa64727ef544e6f848bda32a8b16,720e00d7cedb13e2c15da752fd81b71818c3b993ac9b171ff3adc9a4eb8ae703
3,990304,job_count,chronological,0.5,2.949121593122471,1.0027173284385773,0,True,True,True,92aa429de413a9eafc8d5d47fa70421d5c68aabaee72822c0473c5645c80366e,99ec511c8713a9426b6b4e1260db37c8e013ee0fd72b42f0f41a4374a1f45b86
3,990305,job_count,chronological,0.5,2.949121593122471,3.5389725563751844,0,True,True,True,a8cfeadb10af0b0adfb46faa9ce2b613f29372b364d75faec0b2f39a2e985046,584b35fba8858d28e30c56ce7c4ebec4179e58c34346eac70ac727447e139336
3,990306,job_count,chronological,0.5,2.949121593122471,1.0027173284385773,0,True,True,True,6fd8dda7efc6e415f7ed3501963aadb50942e14655a01bafc201c29fb0f0f7ea,1c4b636519e0a9624fef41d6cf1ed101cf56e4272bcddf28ddf7beba1d0139f9
3,990307,job_count,chronological,0.5,2.949121593122471,1.0027173284385773,0,True,True,True,e3bcd64c41128b9cb183128ce99a5eaa1ee240fa6bc176fbdfdc1dab7c82a508,2bef89d7c3b3822265210ab2c9ebb14615f4ae94fa5e649879000bb5a358a8bb
3,990308,job_count,chronological,0.5,2.949121593122471,1.0027173284385773,0,True,True,True,8265bd5cfdd356cb1e29bb6921c17edaf7e507008af76c37b5c222c5e4e33937,98c7e39eb5438cad221e1f156f22c37d0d0a2a889a3ef1c052051a631a315a1e
3,990309,job_count,chronological,0.5,2.949121593122471,2.746392797645014,0,True,True,True,7ba34f6cadf8a17520c7635d2d086ef20c7720c56389e12fe9e49ab860cf65d4,2e48a37253f86a9cdff1d16add5daa5f46983e42d6e3cbece98f43739ffa62d8
3,990300,job_count,chronological,0.75,4.423682389683707,2.1381397996420954,0,True,True,True,4a2d968867cdea490f1215206c2a27ca7624b8e23d4537280561d7ae4a4319c7,5384c334b23ccfbc4c80dbac80a899927999da44ce774ce4e54e922069835437
3,990301,job_count,chronological,0.75,4.423682389683707,1.3455600409118116,0,True,True,True,c7cdec1c283e6d7bb5fc4e2cabf5e33be5ecf66f0a35cf56941870dc9149ae1a,01e480779756892031d2591fc0043d837c93668bf0055b5aeb7183fb6d8276bc
3,990302,job_count,chronological,0.75,4.423682389683707,-0.3981154282945969,1,False,False,True,fe549595a82490d96ef6538631455fec1d275bc02be70c35cf4451dfbfa4039d,6cd073b0a7ce6753a905e33e6b2a7f11fde74438a3dcc87bceee220b77850bb6
3,990303,job_count,chronological,0.75,4.423682389683707,-0.3981154282945969,1,False,False,True,8363abd46f505dc42ea83d54da0b1c5b1def228b88df82f4066a8063f31dad51,720e00d7cedb13e2c15da752fd81b71818c3b993ac9b171ff3adc9a4eb8ae703
3,990304,job_count,chronological,0.75,4.423682389683707,-0.3981154282945969,1,False,False,True,4a3265c0d695be22c413574db87eb84d76cde0e9176df19e839d8447817cbd3d,99ec511c8713a9426b6b4e1260db37c8e013ee0fd72b42f0f41a4374a1f45b86
3,990305,job_count,chronological,0.75,4.423682389683707,2.13813979964201,0,True,True,True,bf5791a13bbd23b014ed443a962bb18cc96c7b49833237993d781ec9415f6630,584b35fba8858d28e30c56ce7c4ebec4179e58c34346eac70ac727447e139336
3,990306,job_count,chronological,0.75,4.423682389683707,-0.3981154282945969,1,False,False,True,8c1509672f234359094998f98a3fb5f94d8984476b68755c52a757fc4bcf2b49,1c4b636519e0a9624fef41d6cf1ed101cf56e4272bcddf28ddf7beba1d0139f9
3,990307,job_count,chronological,0.75,4.423682389683707,-0.3981154282945969,1,False,False,True,bba3d8707818f78fb3b3a1188aaa513ea7f1fa789246a044542478f7c4fb64c4,2bef89d7c3b3822265210ab2c9ebb14615f4ae94fa5e649879000bb5a358a8bb
3,990308,job_count,chronological,0.75,4.423682389683707,-0.3981154282945969,1,False,False,True,e1562b34f3310004f671f7f526e2be5b5ff67b43bf2b352ddf9cbfee30b002b4,98c7e39eb5438cad221e1f156f22c37d0d0a2a889a3ef1c052051a631a315a1e
3,990309,job_count,chronological,0.75,4.423682389683707,1.34556004091184,0,True,True,True,b0a72514f6c02779e66dea54835b6121a6650aaf3d2bde04c787a4e8d04a71f5,2e48a37253f86a9cdff1d16add5daa5f46983e42d6e3cbece98f43739ffa62d8
3,990300,job_count,permuted,0.5,2.949121593122471,3.2483599781741495,0,True,True,True,e16deb283548aa24f9cb152f5b4915eebd336bd88d1461e0a121ada8f44a5380,d5a325ea0546168c6f7fd2f8fd82c299e87fc320fe0967ee888e824e5576dccd
3,990301,job_count,permuted,0.5,2.949121593122471,1.6103618101317485,0,True,True,True,f12d784b5e624642fa4f853385e231231e44350ccb0373c96641b691d08add4d,c6d0574d1a491ef85b49c7efaf0af8f055dc1407a71a8a33bae37708f8064cd8
3,990302,job_count,permuted,0.5,2.949121593122471,3.8560044598672922,0,True,True,True,acafcf03e4911e85f2cbd3d2d26e997b3228e9cdcf6943260e755db66114ad43,1b1b182aeecb76f3dc2581bba57f38621984744d0ce342adc67c2438d2b38d64
3,990303,job_count,permuted,0.5,2.949121593122471,3.538972556375213,0,True,True,True,5641acaa16bdde26514c17eea639599d248c1860cecd6d9b22423f8a8b7cc141,8e92746b2386905f7e2676ba4809e8127170ded39b3b6a2aaa5f5a37263ef2b4
3,990304,job_count,permuted,0.5,2.949121593122471,5.448341464372063,0,True,True,True,6abc50a470e4bd130dcf9ad19d3c4e03d14e50987f999148a79c3dfab619cd52,0915fe53a64ff63b6bf0aa6bb3134b157db7b277e1aea0808cefebe6859d1239
3,990305,job_count,permuted,0.5,2.949121593122471,3.248359978174121,0,True,True,True,8e63d8c78e1f6dd8aa898faf9734699b7b895d443f37ddbefb14dff0024adb5f,2f407752fc0b887ca2e1a5168d146b83d222b08ec212b32a9476913bb56d788a
3,990306,job_count,permuted,0.5,2.949121593122471,1.61036181013172,0,True,True,True,e08e52a698b05142f5d9249ef7a9fd57bb05dca12653812de4736dd52121d0ca,555db63cf0a5286400b99e6c9d5928aa72f8a05cd448e28287f3f8c8f29c70ce
3,990307,job_count,permuted,0.5,2.949121593122471,3.248359978174121,0,True,True,True,a81873ccf576507bded09296b6af0af06e4c69b924539a046fd00bc404b263fc,5305afe5939a379109d50e074819839709e0368d1d205d22f160052b7c1c5427
3,990308,job_count,permuted,0.5,2.949121593122471,1.0027173284385489,0,True,True,True,5d332f2ef2d6aa7591aa875020cc7ce8e29c3b9a355f03dc30cbb5983b526b92,decd2bab8a5dfbbafd281fddb395e57cc5970e0128f5a62dead41b85e88f7356
3,990309,job_count,permuted,0.5,2.949121593122471,1.6103618101316917,0,True,True,True,e9a7535c6816f9f6232d54d6dae2eabcb5b586fca5b8e783aede9466a274bd13,32321df9c77412e60eefeaa4819bd56461ff9993120c5c7df206010846e9f32c
3,990300,job_count,permuted,0.75,4.423682389683707,1.8475272214409753,0,True,True,True,d228809ade7e45991ebb3bd8c57cefb76d8ae312977e819ee0034872551ab910,d5a325ea0546168c6f7fd2f8fd82c299e87fc320fe0967ee888e824e5576dccd
3,990301,job_count,permuted,0.75,4.423682389683707,0.2095290533985743,0,True,True,True,943384727f878953c7e6abff03f8c4bfe8b769259d536e775c8c528f994cb13c,c6d0574d1a491ef85b49c7efaf0af8f055dc1407a71a8a33bae37708f8064cd8
3,990302,job_count,permuted,0.75,4.423682389683707,2.455171703134118,0,True,True,True,7e555a5de1be7ac0c051fb6eb6eba9ed7d2309420737edccb36479b926987a63,1b1b182aeecb76f3dc2581bba57f38621984744d0ce342adc67c2438d2b38d64
3,990303,job_count,permuted,0.75,4.423682389683707,2.1381397996420386,0,True,False,True,7b060462ee4330ebd09750bab0324cb65fa1384845f0dfeb11c0862e9f6b54ce,8e92746b2386905f7e2676ba4809e8127170ded39b3b6a2aaa5f5a37263ef2b4
3,990304,job_count,permuted,0.75,4.423682389683707,4.0475087076388885,0,True,True,True,5a0245f4d8e592d2bb352b9a37fce977e834132df6be14e47d609640391c38cc,0915fe53a64ff63b6bf0aa6bb3134b157db7b277e1aea0808cefebe6859d1239
3,990305,job_count,permuted,0.75,4.423682389683707,1.8475272214409468,0,True,True,True,0276a2b78d5b6e5fac9b3b485b056a23012be144bfd668b1278d7e9fbdb70774,2f407752fc0b887ca2e1a5168d146b83d222b08ec212b32a9476913bb56d788a
3,990306,job_count,permuted,0.75,4.423682389683707,0.20952905339854588,0,True,True,True,d085ab785ad8f3c904db0ad62bd59e43eb2efc26aeebe8d691328b4b686c2584,555db63cf0a5286400b99e6c9d5928aa72f8a05cd448e28287f3f8c8f29c70ce
3,990307,job_count,permuted,0.75,4.423682389683707,1.8475272214409468,0,True,True,True,be19234d9acaffb56200ae41650529a026c854b1261da76d587f6fcf7032c999,5305afe5939a379109d50e074819839709e0368d1d205d22f160052b7c1c5427
3,990308,job_count,permuted,0.75,4.423682389683707,-0.3981154282946253,1,False,False,True,c7165aa3145d837c904ea85564082e952c3fc4af23b6945458e05ef41d97f5d3,decd2bab8a5dfbbafd281fddb395e57cc5970e0128f5a62dead41b85e88f7356
3,990309,job_count,permuted,0.75,4.423682389683707,0.20952905339851746,0,True,True,True,4f01338ebd2335daf60cd949ce00183662e915c40fbb2edfcab8242594c92a1e,32321df9c77412e60eefeaa4819bd56461ff9993120c5c7df206010846e9f32c
3,990300,resource_gpu_h,chronological,0.5,2.949121593122471,-0.8002572911964743,1,False,False,True,375f94fd86dca374ee11a18787c9462c33f9ae53e749f7eb867f0fb354a350d5,d902fbfb47dcc72f620187713d9e9122f7c467e0d11249380e238db4491718e5
3,990301,resource_gpu_h,chronological,0.5,2.949121593122471,-0.8002572911964743,1,False,False,True,6a4b09054468330626769d5bb944526546da8869bcd3bf03a7811d231da3d2b7,13aa6d92037882cde9e67165724715f636f936ffc48410145697e3849df49de8
3,990302,resource_gpu_h,chronological,0.5,2.949121593122471,-1.0278883418808826,1,False,False,True,8ea4389d75c353c97418365de3511c3270385f5ba06ef75588f97639413ffb61,bbf555606cd7fba966cb5bf1b42c05e084a44dc929f5d8199a705bcb6f4e3643
3,990303,resource_gpu_h,chronological,0.5,2.949121593122471,-0.8002572911965311,1,False,False,True,95c9b69db36ed43bbd008f1636ac65d717f502848c3cd7e4575bf7e66ff92218,e002ff0c2a3099c7fadeca3cca9156220e9813683d4b82db182fa0cc9e8c2092
3,990304,resource_gpu_h,chronological,0.5,2.949121593122471,-1.0278883418808542,1,False,False,True,8d00b1afbd6114195813e2967374ee6dbbd3c62342c7f3ebe5a8067d00f52978,d0a0fdce5eccfd1978258011bacc51a092ff39203e641cac80999a5a3583d31f
3,990305,resource_gpu_h,chronological,0.5,2.949121593122471,-0.8002572911965311,1,False,False,True,ce2b8bf961b794d2cbff0a24928e6512cf0cbf06a1df60ca77e62226dd008c7c,0157a7656da74bdfdd53428266610199a56e3a4978696e3a4a13f17ae0893291
3,990306,resource_gpu_h,chronological,0.5,2.949121593122471,-1.0278883418808542,2,False,False,True,2aad98652fbee3db123a708321801dc83774a59128a7bf677ffe383591a1045b,ffbf82a3ed00d48e2bf66b72194abe49bac09109554fae4138b5106e8c7e53b7
3,990307,resource_gpu_h,chronological,0.5,2.949121593122471,-1.0278883418808826,1,False,False,True,e563adeb4a300729f74b6177d55ae3f1dd8d890a11a2c4b89c8895d8d38b9c15,6a9deeb21b2d478ff224ddddc5d17a6bae9e5c9f89f1b858446d0a3f08cf98c8
3,990308,resource_gpu_h,chronological,0.5,2.949121593122471,-1.027888341880911,1,False,False,True,514f32d176477b4468d9ebb7ab1947465cb72a4cc209eb6aba7f2cbcb4c771ae,76d7594e6148c533cf0eadfc32b7ede8c10905bb2d9ed0e1dfc05811d90556ab
3,990309,resource_gpu_h,chronological,0.5,2.949121593122471,-0.8002572911965311,1,False,False,True,882480c2c87a3a8a582ed0ebff7f2cfbfb6998bef100a29ee071b8d9b4798ec3,1387474e64d81ed76ab011a60f9eb97447f0bc58b270d405f51bce26a9c1b390
3,990300,resource_gpu_h,chronological,0.75,4.423682389683707,-2.2010900479296485,5,False,False,True,c2790e0b80a80f2dfa60c5d142b42410c8bc88aafc2dd898b4e0cc33445e539b,d902fbfb47dcc72f620187713d9e9122f7c467e0d11249380e238db4491718e5
3,990301,resource_gpu_h,chronological,0.75,4.423682389683707,-2.2010900479296485,5,False,False,True,b50fffed4bce9808ffd0cef8b289315569f1ab9f11375313fa88bf33f8458a5d,13aa6d92037882cde9e67165724715f636f936ffc48410145697e3849df49de8
3,990302,resource_gpu_h,chronological,0.75,4.423682389683707,-2.428721098614057,2,False,False,True,adbbb4072958f949fb5542d88697e85a49c1cd31a5f423523adb151aa00f2272,bbf555606cd7fba966cb5bf1b42c05e084a44dc929f5d8199a705bcb6f4e3643
3,990303,resource_gpu_h,chronological,0.75,4.423682389683707,-2.2010900479297053,5,False,False,True,6808d970194d78cc4bf3ffb943870f415eda626e70838e336d103285b2bcba6a,e002ff0c2a3099c7fadeca3cca9156220e9813683d4b82db182fa0cc9e8c2092
3,990304,resource_gpu_h,chronological,0.75,4.423682389683707,-2.4287210986140284,3,False,False,True,4b0c85d124da229bba77af0fcceb042bebf1dcb19911b8f537bb62edb45a36f0,d0a0fdce5eccfd1978258011bacc51a092ff39203e641cac80999a5a3583d31f
3,990305,resource_gpu_h,chronological,0.75,4.423682389683707,-2.2010900479297053,4,False,False,True,1e7d4f1a58535642295e8d3cdd697816a068bff8efe5dc16d5a4ed92585a9b37,0157a7656da74bdfdd53428266610199a56e3a4978696e3a4a13f17ae0893291
3,990306,resource_gpu_h,chronological,0.75,4.423682389683707,-2.4287210986140284,4,False,False,True,7636baffa4dda316c5f3eb797fb7dcce61fd2dd6ce695a176b1e44d3a77d6a3d,ffbf82a3ed00d48e2bf66b72194abe49bac09109554fae4138b5106e8c7e53b7
3,990307,resource_gpu_h,chronological,0.75,4.423682389683707,-2.428721098614057,2,False,False,True,84a9ade3f0aa07be6ea531b2f796e2bbd64d2e564263d5761740bc2b5ebd3a2a,6a9deeb21b2d478ff224ddddc5d17a6bae9e5c9f89f1b858446d0a3f08cf98c8
3,990308,resource_gpu_h,chronological,0.75,4.423682389683707,-2.4287210986140852,3,False,False,True,17ee12fbc55307a9a89691447a55e00132fefcc1a69df957072b9a804a372a78,76d7594e6148c533cf0eadfc32b7ede8c10905bb2d9ed0e1dfc05811d90556ab
3,990309,resource_gpu_h,chronological,0.75,4.423682389683707,-2.2010900479297053,5,False,False,True,ebe4edf862ec8888eb1fc3ef71791943b829fabacca85b31f48d1b876c7793fc,1387474e64d81ed76ab011a60f9eb97447f0bc58b270d405f51bce26a9c1b390
3,990300,resource_gpu_h,permuted,0.5,2.949121593122471,1.764329903508055,0,True,True,True,43c6233649d1d07a6c618cede196095b0e61089d6d37606d07a2121bc167493d,ec60ae014acf2a54d997f4dca0bdfc7f8a8adad744a4b2d7475c65134544fd77
3,990301,resource_gpu_h,permuted,0.5,2.949121593122471,-1.0278883418808826,1,False,False,True,c8b84c29090a81fa2c321fdfdec2114f3a6e794d00bf4b14a74a348897da7e11,2c9bb4793440880741bb30a7fc6a0cd9b1ffe67ce21d90eba2e0522bc2fc0496
3,990302,resource_gpu_h,permuted,0.5,2.949121593122471,0.7393637112563303,0,True,True,True,2266222d734b7de78bbe98105bf01858e5ca0d991964450daa9db28975f07505,1f2a0d3474ac2c88ecf789537fd9b3f253886f8df2d2f6dbda2d2a0aa8ac9d59
3,990303,resource_gpu_h,permuted,0.5,2.949121593122471,0.634927385952337,0,True,True,True,45e001fd568e17b3b82dd479cfc429e8c52dd0bd06bd8e2501f7d2512751ce94,31d166c4449d755ff4245bfef16c91d55d18045122389c871455ed585b3eae66
3,990304,resource_gpu_h,permuted,0.5,2.949121593122471,-0.8002572911965311,1,False,False,True,63542c891dba8f9a8ada2860a04ddc947e5bd35bd7fc338024f5677b2f2b8ed9,6a32e529df8e52ef51c4ae2dc191162694937b662e335c7a90e0c62a4e3cce87
3,990305,resource_gpu_h,permuted,0.5,2.949121593122471,0.16105999518562353,0,True,False,True,f0e4fba7f57dfd9396f3ba1dc629e5663856697005b787c51f7d73ba5e990d80,5a8d9c2cdd0bca0213298144c229b46ac8e12ba2346857ce1647c4bb50127a3e
3,990306,resource_gpu_h,permuted,0.5,2.949121593122471,-1.0278883418808542,1,False,False,True,7517b6aabfc14cf832d3f0833960a1accda70b99a443fff5ba3f9d1b81813f19,936ae92e17e4b1b31ce57f79ed696749f821e120cf493afeb961ae2aeffebb2c
3,990307,resource_gpu_h,permuted,0.5,2.949121593122471,0.25859697204806675,0,True,True,True,c1e9368a1827daa7ed6c5eea417106fea59f2a54ec43c40c2ca16249c456645a,12bf36a59f3553728a91bfcd475264e1f269d6f2911ef1bcaccd749f070b6ad2
3,990308,resource_gpu_h,permuted,0.5,2.949121593122471,-0.8002572911964743,1,False,False,True,e3a48830247e3a4926c014badc1e9c5ea01138891bc21221006351c58b0ab551,34ae5793239786a80adadd8ded94585b7cf96ec3b7b39accc49fb46cd47749df
3,990309,resource_gpu_h,permuted,0.5,2.949121593122471,-1.0278883418808826,2,False,False,True,b0be6abfe7c2230b7e9ed257d330c568451886595d743093520afb15a635144e,c2932407396060e776d9ce896d7a428232dd8b61ab6be919edb6c651b6d4d951
3,990300,resource_gpu_h,permuted,0.75,4.423682389683707,0.3634971467748809,0,True,True,True,620391a2975fca6244a0932359731f0ab23275c0ab7d9c0645d7ce09b3b8433e,ec60ae014acf2a54d997f4dca0bdfc7f8a8adad744a4b2d7475c65134544fd77
3,990301,resource_gpu_h,permuted,0.75,4.423682389683707,-2.428721098614057,3,False,False,True,7d8bbd656c92235a58a301664f306ff5f66dd08c064ea450bdbf84363ff2c6c0,2c9bb4793440880741bb30a7fc6a0cd9b1ffe67ce21d90eba2e0522bc2fc0496
3,990302,resource_gpu_h,permuted,0.75,4.423682389683707,-0.6614690454768439,1,False,False,True,e4694c0d3a16c71dff19a1576f7f2621544d7fba0f694d898dfee4465d21f0b2,1f2a0d3474ac2c88ecf789537fd9b3f253886f8df2d2f6dbda2d2a0aa8ac9d59
3,990303,resource_gpu_h,permuted,0.75,4.423682389683707,-0.7659053707808372,1,False,False,True,1989b82794ead535fe4cbe5f56264619b725e474c0cce195bf77e2cb591d58df,31d166c4449d755ff4245bfef16c91d55d18045122389c871455ed585b3eae66
3,990304,resource_gpu_h,permuted,0.75,4.423682389683707,-2.2010900479297053,2,False,False,True,f703dd3bb3b280cf7503b366cde7ca224a186ffe878e759f3c61434f19c6b5f8,6a32e529df8e52ef51c4ae2dc191162694937b662e335c7a90e0c62a4e3cce87
3,990305,resource_gpu_h,permuted,0.75,4.423682389683707,-1.2397727615475507,2,False,False,True,f82e7eeea33d703a7b98804e7d10c1186c4188d93afbd69c2aa11f9e3b35368b,5a8d9c2cdd0bca0213298144c229b46ac8e12ba2346857ce1647c4bb50127a3e
3,990306,resource_gpu_h,permuted,0.75,4.423682389683707,-2.4287210986140284,4,False,False,True,32d242779236489534838df1b7f685ab0d1e7b349cea6030deb38efb6d18d337,936ae92e17e4b1b31ce57f79ed696749f821e120cf493afeb961ae2aeffebb2c
3,990307,resource_gpu_h,permuted,0.75,4.423682389683707,-1.1422357846851074,2,False,False,True,e163bc3bacd869b4fc3ab3b23c7e2f7998a472a18484bd00be346962d5b78d2d,12bf36a59f3553728a91bfcd475264e1f269d6f2911ef1bcaccd749f070b6ad2
3,990308,resource_gpu_h,permuted,0.75,4.423682389683707,-2.2010900479296485,1,False,False,True,fb7355fecd542ca84a947c85542ab759c00f891a3e9fac48a44fa1363d45482b,34ae5793239786a80adadd8ded94585b7cf96ec3b7b39accc49fb46cd47749df
3,990309,resource_gpu_h,permuted,0.75,4.423682389683707,-2.428721098614057,3,False,False,True,bf3d3a60b1fedc17b4a9cce493c5c6e9c3cb7c81595ba7511c6837c2e2d2f815,c2932407396060e776d9ce896d7a428232dd8b61ab6be919edb6c651b6d4d951
4,990400,job_count,chronological,0.5,2.949121593122471,2.670241538727523,0,True,True,True,85f83ab60b0311711ff9f37f5e887cf05e75eb093c745bfaa49a03578a330a6d,c256022ed41a9f26c1af22b436a329874c9757920a198540b202f1239f5d6c80
4,990401,job_count,chronological,0.5,2.949121593122471,2.7269452387502744,0,True,True,True,570a9b9232cce344c9e122a1ea63f3008e56cbbbd4d012caaf9f9e1f7c983aba,5fc93769cb02cf26a784657186c8b22c8312e64616cf3cb17019522438d23c90
4,990402,job_count,chronological,0.5,2.949121593122471,2.726945238750246,0,True,True,True,cf1e765a233bb610b1f0b7a817dbfd758bd77a817dc90374fb8d181c4855b138,67d62636b4ce6418f0c32b72a58af96abce27a8dc5c5ac4912d23e2186f7b86a
4,990403,job_count,chronological,0.5,2.949121593122471,2.726945238750246,0,True,True,True,6638b1532cba2e865b74e4325635cfc2f1eff965a54e2062c1fed8f3f6a139b6,a2502189e1d69a37aebe8ad031cef703b9c1ac08fb64b4c9ca7452b55a9b8405
4,990404,job_count,chronological,0.5,2.949121593122471,2.7269452387502175,0,True,True,True,c384b0cf6d7dfcfdead1e6639d5b1e8674331eb2ba6c9e9899cb0df6f11574b9,496f40c187bc3d1037547d8e22fbe2ce4ecacc9cea0a52a35550b22ed3ddbece
4,990405,job_count,chronological,0.5,2.949121593122471,2.7269452387502175,0,True,True,True,94d4f2d6e1f07754935a256014203c934789523399cf1ecc124e316f3c020766,a410acad6fb41ec8c44b30abcd5f37f4dabcd5658f164d1557776405292f1eaa
4,990406,job_count,chronological,0.5,2.949121593122471,2.7269452387502744,0,True,True,True,39bf42970611f1745f419e8ae7bdea5797de84e6822d1776d02763d8d2d5a6eb,91f2122ccd5f3850f8d17ad83add881b802f4a7bedcdcce05a4e0c0c956a94c0
4,990407,job_count,chronological,0.5,2.949121593122471,2.7269452387502175,0,True,True,True,e47d504245e64c6af89372ce785f5ad89301b1d045c9b0e8b73b04dd00671c3a,32ab08a52e6850d98a23dc6b8a1fed8b152a627d6e5b6c71bd2e37a83df16fe5
4,990408,job_count,chronological,0.5,2.949121593122471,2.6702415387274945,0,True,True,True,8375a8554cb0ffbf1762e576f74e60acbdbb69b4a851016e87867a0f79415120,4f2b0a6fee17d9fa42dbb773033bfad75ce0f0166377cd6440da4b279e866728
4,990409,job_count,chronological,0.5,2.949121593122471,2.670241538727523,0,True,True,True,42ae020e123c1a93f51b3948da4eba127356736021a6418f8a532164a5ef97f7,a84ee265d7daf2346711cc3c7ad4dcb15e395a4bee70a0737759e2186ad8dc88
4,990400,job_count,chronological,0.75,4.423682389683707,1.2694087819943487,0,True,True,True,2d7d336db93ddf7e3673ddd4517c23a8c33fe377f708b2ff1b4fa0cca1842398,c256022ed41a9f26c1af22b436a329874c9757920a198540b202f1239f5d6c80
4,990401,job_count,chronological,0.75,4.423682389683707,1.3261124820171002,0,True,True,True,8e59e4cf6b479da2e86dd4b3d341c17b01b9bf4a108b4db315889b34eed18662,5fc93769cb02cf26a784657186c8b22c8312e64616cf3cb17019522438d23c90
4,990402,job_count,chronological,0.75,4.423682389683707,1.3261124820170718,0,True,True,True,70207ceeaa1766416d56de4039e175f0c986033d45aab406cce7fcdd81119271,67d62636b4ce6418f0c32b72a58af96abce27a8dc5c5ac4912d23e2186f7b86a
4,990403,job_count,chronological,0.75,4.423682389683707,1.3261124820170718,0,True,True,True,e84fe81ab13fda8a8db69f25cfa84011366784c1f044b5c524d3bf4aebe212c9,a2502189e1d69a37aebe8ad031cef703b9c1ac08fb64b4c9ca7452b55a9b8405
4,990404,job_count,chronological,0.75,4.423682389683707,1.3261124820170433,0,True,True,True,920cb5a1abf6ba5d65da4e97ba0ad262a2d644c76fc354902fa49db25bc93704,496f40c187bc3d1037547d8e22fbe2ce4ecacc9cea0a52a35550b22ed3ddbece
4,990405,job_count,chronological,0.75,4.423682389683707,1.3261124820170433,0,True,True,True,cfedc85aeb0afcda9a311d236d9f9f6f656b65033bc0f3f906d5bdf07ea3a0df,a410acad6fb41ec8c44b30abcd5f37f4dabcd5658f164d1557776405292f1eaa
4,990406,job_count,chronological,0.75,4.423682389683707,1.3261124820171002,0,True,True,True,99b7ce8a5e2cb73b1798b054952751c4f96230c91f51d2b735faf11c87ab184a,91f2122ccd5f3850f8d17ad83add881b802f4a7bedcdcce05a4e0c0c956a94c0
4,990407,job_count,chronological,0.75,4.423682389683707,1.3261124820170433,0,True,True,True,8e379c5bed2877f28cd81dee616d1503d231df15df26e58aeb964daeca7e88b1,32ab08a52e6850d98a23dc6b8a1fed8b152a627d6e5b6c71bd2e37a83df16fe5
4,990408,job_count,chronological,0.75,4.423682389683707,1.2694087819943203,0,True,True,True,77f8118a573ada00aedc595d4997dbfa43cbe21e1388df1920753af326703159,4f2b0a6fee17d9fa42dbb773033bfad75ce0f0166377cd6440da4b279e866728
4,990409,job_count,chronological,0.75,4.423682389683707,1.2694087819943487,0,True,True,True,e7b3e7f116ee3d4b4760c1e43b35501f7c0db96704dbfcc0b9e1cd044958456b,a84ee265d7daf2346711cc3c7ad4dcb15e395a4bee70a0737759e2186ad8dc88
4,990400,job_count,permuted,0.5,2.949121593122471,2.726945238750246,0,True,True,True,a1c5154230fcb916962a027a29ddfbcf863ac8ba7bf80ea7d0e13065ceeb3d74,b9c81ddfca48e93366b6cc0b191ddbc358faa4b1083f0326881cfcc23b0d520e
4,990401,job_count,permuted,0.5,2.949121593122471,2.982384517214668,0,True,True,True,c19e2d2388ea0584ff2d51f3d4c753e9f1b5b55d67d4b6fff27ac632b96b08b4,41b17a57e3847b8414313a0ed3a2f201e70a24a17519e3e05f9c6dce86f7192e
4,990402,job_count,permuted,0.5,2.949121593122471,2.670241538727466,0,True,True,True,5a55b4d9d1698dfc70c27010fd79862efb5281e48e004f043a7df8a1c0c645f8,16de40499f604266d7bc1b40ed2423c9dfc24e81e1ca949fd7f8800f294d4d50
4,990403,job_count,permuted,0.5,2.949121593122471,2.670241538727466,0,True,True,True,323dad7a49404146cd14d460af4ca7ab14d7abd90a4540153b7c784efcb73ca1,85ffde964c290535aeecc3cc94268aeb58b7ab344bd5e4e2d06c2ff36c6877ad
4,990404,job_count,permuted,0.5,2.949121593122471,1.3660564382046934,0,True,True,True,799815559908ef5111ff704705430536a946a8b0c1d10905450f4e902de94e8e,ee0e6bd02266b66f990acf6f09e4fbc13626de638f0efd05ddef0fa4cb4dc142
4,990405,job_count,permuted,0.5,2.949121593122471,3.634204439114014,0,True,True,True,f3cf8b8419cef66b81f3a4555c21816c35a3e9a159be8f605020043e7c05bdea,507e8f7b5a4e07b01cbf9f390aac72597f321327144b74f6e7fdde4ad5da1380
4,990406,job_count,permuted,0.5,2.949121593122471,2.670241538727466,0,True,True,True,f7d070a5728e1be6889fd4fd1aa16300e7b85cd332c7a64135773003d63ca4a0,4bad5966ba870132941443b153845cab3b29461bf0ab79cdfd70c5380fd77f6b
4,990407,job_count,permuted,0.5,2.949121593122471,3.8326673891935874,0,True,True,True,b15faa09e892b99900364fff586f880efc12a22c21b569a016f0f15d680f0a1e,aed82eb4834d1a792189c0ccd193d4421774a57d2e89c754b2ef81b2315f1d35
4,990408,job_count,permuted,0.5,2.949121593122471,2.726945238750246,0,True,True,True,bba99a2b2d1a1798f2c615e0e850df6c247209c77500ce84f3a6da7304a10a23,92c3022aa7a9c0fe6720f3d3b59db192e1d6f94b936497c3e6b2cc02ca8d3af0
4,990409,job_count,permuted,0.5,2.949121593122471,2.670241538727523,0,True,True,True,f07cc4aacda560bf811fdd1212de8cd8cf5c2de9b825e5c027bd365e12b9b1ae,d7ab6d65f03034bfa1711f3522629f7227e0f15982035fc45211b0594f91519d
4,990400,job_count,permuted,0.75,4.423682389683707,1.3261124820170718,0,True,True,True,01ea55238a619526e946807d6dc47058bb45b14b8a651cfc0ff453f5c6ecf2cb,b9c81ddfca48e93366b6cc0b191ddbc358faa4b1083f0326881cfcc23b0d520e
4,990401,job_count,permuted,0.75,4.423682389683707,1.581551760481494,0,True,True,True,cc318825cfd8b2dd553a2d1fcb20062104bcefff5fba0d462f210d2a45e6fe6a,41b17a57e3847b8414313a0ed3a2f201e70a24a17519e3e05f9c6dce86f7192e
4,990402,job_count,permuted,0.75,4.423682389683707,1.2694087819942919,0,True,True,True,e18a9256a4ee44ef261ef294e5d140679ef3ffdc2c756024f15cd8602325a68c,16de40499f604266d7bc1b40ed2423c9dfc24e81e1ca949fd7f8800f294d4d50
4,990403,job_count,permuted,0.75,4.423682389683707,1.2694087819942919,0,True,True,True,ba3dbabb81002c1cd968361742e910edc601cd4379fe2387aa7593209f4245db,85ffde964c290535aeecc3cc94268aeb58b7ab344bd5e4e2d06c2ff36c6877ad
4,990404,job_count,permuted,0.75,4.423682389683707,-0.03477631852848084,1,False,False,True,b6c0a6bc2a204cfae0b3715b3c329555f37482fe3248e1eda0b4afc1d714b05e,ee0e6bd02266b66f990acf6f09e4fbc13626de638f0efd05ddef0fa4cb4dc142
4,990405,job_count,permuted,0.75,4.423682389683707,2.23337168238084,0,True,True,True,afe9a7e6754cecd3e1280077883dbf5444314eeca7da931c00b15d0cd8d0cea0,507e8f7b5a4e07b01cbf9f390aac72597f321327144b74f6e7fdde4ad5da1380
4,990406,job_count,permuted,0.75,4.423682389683707,1.2694087819942919,0,True,True,True,c316ee747ee49aa3384a25cfff463965c0af0340750e997d76fdfa5a0af82c68,4bad5966ba870132941443b153845cab3b29461bf0ab79cdfd70c5380fd77f6b
4,990407,job_count,permuted,0.75,4.423682389683707,2.431834632460413,0,True,True,True,c13dbc2c79ea1805f85c22ebbd50dad0ca74325ee135d8d13f3a3e27d02381d2,aed82eb4834d1a792189c0ccd193d4421774a57d2e89c754b2ef81b2315f1d35
4,990408,job_count,permuted,0.75,4.423682389683707,1.3261124820170718,0,True,True,True,23b7889f26ac8b73ace239583c0ea73a66caf5e88828536dc304000575ed5a5f,92c3022aa7a9c0fe6720f3d3b59db192e1d6f94b936497c3e6b2cc02ca8d3af0
4,990409,job_count,permuted,0.75,4.423682389683707,1.2694087819943487,0,True,True,True,60c5c2b09808480f077be7d0ebe436ca7d771800c3f6be8ff236fe862c62d59d,d7ab6d65f03034bfa1711f3522629f7227e0f15982035fc45211b0594f91519d
4,990400,resource_gpu_h,chronological,0.5,2.949121593122471,0.06046785548711764,0,True,True,True,2835d846d19928140366339d6763d37e0a32e40ce2d1c80cd370e489a0324371,8d7d04d2b9f50e12304192a4bb8fd69919de6afa2ef65693e1598e4517f0786d
4,990401,resource_gpu_h,chronological,0.5,2.949121593122471,-1.0307657286671636,2,False,False,True,db105bbc94b9f7ca2812ee5c0d38307d32e417499c69b577f1f8bb2fd4cafbb1,c1d50d51615be97f5ab4eed1a2a39264961e75d48656f023be3606631189193d
4,990402,resource_gpu_h,chronological,0.5,2.949121593122471,-0.049037352468062956,2,False,False,True,811bd4bcccdf515b57e48e18d636ef5019623abc7d952a8b89bd153f70fdd4a6,f863c572a1bae1c18e461a85e93fdf2d679f546fa636bb0a54cb7d5b5200e8a1
4,990403,resource_gpu_h,chronological,0.5,2.949121593122471,-1.0307657286671636,2,False,False,True,5e96b6022ebbfe372ad5408195dfe3de7238e0669b5ea1d8f2d5f8fd4ff6a3d2,010de60da57c6cd7765c453c40b63a384432dcbc4ce15f3514a3308623e9ef8f
4,990404,resource_gpu_h,chronological,0.5,2.949121593122471,-0.0490373524681198,2,False,False,True,0f9b04b7b3c0af7209e7eeb64816a729915d9d10aff1aede8446ef9f09681696,5cd27bc7481226cf7a6f3f1e8bf108d544a5a4ddf49656ae0a7ccab886b804bf
4,990405,resource_gpu_h,chronological,0.5,2.949121593122471,-1.03076572866705,3,False,False,True,5c2169ccdeb26a14ba84e0295a94a96b75c912c453dee87663f82bc7ad353793,889743ef2eeb548df10c4c3cd3bdfb8ef3b0f3740ba31a279488ea052eb154f2
4,990406,resource_gpu_h,chronological,0.5,2.949121593122471,-1.0307657286671068,3,False,False,True,073a38f12968fbb2e7d517e3f5241f8aea080ae48b83a1b0435cb8687a2035ab,bb263368c86b2eab6ce419eeb4c262ead4b38c37fc0a026c3392be9f7840f1da
4,990407,resource_gpu_h,chronological,0.5,2.949121593122471,-1.0307657286671068,2,False,False,True,0b8cd00351162746b5b6e75760211cc975a4444bc063d92553637c86bbafe0cd,87d84d714989292785d6e220cb1e1740dcff9e4c56b0e2915ad0a866d4d49250
4,990408,resource_gpu_h,chronological,0.5,2.949121593122471,0.06046785548714606,0,True,True,True,898a71fb7fdd7f728ae3b255ad8fddf72449f4dd1ffa28f75b15981552e8b7c9,3c4afcd58b6f6c8ab0c440235ae49530950d9813f39d0c6f9835989d31315b99
4,990409,resource_gpu_h,chronological,0.5,2.949121593122471,0.06046785548711764,0,True,True,True,ff690e00a588675c5f11e5af9d29670412cfef9c900132625106d376281eb4d0,00988775eb62a77c5845794cbf8148da8edd38bdfd64b6a78febc4aca79d9f8d
4,990400,resource_gpu_h,chronological,0.75,4.423682389683707,-1.3403649012460566,4,False,False,True,ed76ae83571a8de679260f1c024ed0761e559d125fc2213dbbb22de692035fbb,8d7d04d2b9f50e12304192a4bb8fd69919de6afa2ef65693e1598e4517f0786d
4,990401,resource_gpu_h,chronological,0.75,4.423682389683707,-2.431598485400338,6,False,False,True,7f264503291386967cde32639e1dd823fe82945d409472ca62a748741e111175,c1d50d51615be97f5ab4eed1a2a39264961e75d48656f023be3606631189193d
4,990402,resource_gpu_h,chronological,0.75,4.423682389683707,-1.4498701092012372,5,False,False,True,e17af2fe59043f1dfdd2511d4012fda09b510b867289120724f78d432c5be319,f863c572a1bae1c18e461a85e93fdf2d679f546fa636bb0a54cb7d5b5200e8a1
4,990403,resource_gpu_h,chronological,0.75,4.423682389683707,-2.431598485400338,6,False,False,True,6eea81ea26a1d65bf440f89df2a8fdf6f2f3e3d4f197f6f944735f504d97c4b4,010de60da57c6cd7765c453c40b63a384432dcbc4ce15f3514a3308623e9ef8f
4,990404,resource_gpu_h,chronological,0.75,4.423682389683707,-1.449870109201294,5,False,False,True,ea1bf8e5c70e53b0c814fcb5f69ca5354ca9a50ed5abfc0274b4ec05bf5b62d0,5cd27bc7481226cf7a6f3f1e8bf108d544a5a4ddf49656ae0a7ccab886b804bf
4,990405,resource_gpu_h,chronological,0.75,4.423682389683707,-2.431598485400224,7,False,False,True,41207c66db65d9343bfb2f08e87ddc7b7daf34ad0a4cd3b849f883085bc08f2f,889743ef2eeb548df10c4c3cd3bdfb8ef3b0f3740ba31a279488ea052eb154f2
4,990406,resource_gpu_h,chronological,0.75,4.423682389683707,-2.431598485400281,8,False,False,True,28ef9a81e1770846567d01a17a055eb28a94138dec8d201799190a1cfd9a1986,bb263368c86b2eab6ce419eeb4c262ead4b38c37fc0a026c3392be9f7840f1da
4,990407,resource_gpu_h,chronological,0.75,4.423682389683707,-2.431598485400281,6,False,False,True,35c18e252931e6188b9b61b252b1f21af505b0c4f3b178126647a2912a3d1642,87d84d714989292785d6e220cb1e1740dcff9e4c56b0e2915ad0a866d4d49250
4,990408,resource_gpu_h,chronological,0.75,4.423682389683707,-1.3403649012460281,4,False,False,True,0b4669cbc7a8c757b10fabda7eb2cefa3eb54e82ea10a0d192064b0e0d40ba21,3c4afcd58b6f6c8ab0c440235ae49530950d9813f39d0c6f9835989d31315b99
4,990409,resource_gpu_h,chronological,0.75,4.423682389683707,-1.3403649012460566,4,False,False,True,5e90f607c82bb1f9ddea8c87a4e41d6fbf7af7df614b7a31afaa1a9cd6f93275,00988775eb62a77c5845794cbf8148da8edd38bdfd64b6a78febc4aca79d9f8d
4,990400,resource_gpu_h,permuted,0.5,2.949121593122471,1.138269406678588,0,True,True,True,90b7c22433d8ed2f999ee053a831a7b7a00092536082266411ee42c76995182a,14ac214a48c0ac8006c110645b1d6e10a2869861dbeb128384c4ad7ab245fabe
4,990401,resource_gpu_h,permuted,0.5,2.949121593122471,-1.0895383510059427,2,False,False,True,214c2c20aba44fd48fa3427542910b9b7c79870cd75b211b4d7d6dce9f843a53,2f9f447ca07738804d6799de8b8f19627987e65ed939c2c8b47df1428691690d
4,990402,resource_gpu_h,permuted,0.5,2.949121593122471,-0.27450246942889667,1,False,False,True,a5b14239859896aceb9985a3f2f5d590b48fe8b491e0c787e4fcf6ffc5f17ccf,03df262834a1cd62f8823a647a624be23346354547757fd4f9babce8048f8689
4,990403,resource_gpu_h,permuted,0.5,2.949121593122471,-0.04903735246809138,1,False,False,True,f37dbd35d6ba0fe9fd227245a62f963c10340f5ec490feabf4c0c1c894292697,fb0becb5d355c019dd49bf01f7c02af5e7082be27416e39ab5d1b78c8ef4629a
4,990404,resource_gpu_h,permuted,0.5,2.949121593122471,0.06046785548711764,0,True,True,True,7acbede1764e22f38accbccbf891cbfa4aca2b5e02116df59d9b1731ea853adb,54a266c3e2ca8f8de1d14cdba339596d994add9c32c852cc24bb139c4170a723
4,990405,resource_gpu_h,permuted,0.5,2.949121593122471,-1.0307657286671068,1,False,False,True,2ce5c168d0c3a0119818bcd1a6ceb792f749d6fab2cc11cedba25d3c517e4e76,53d8d6e4e870fb6c344b176873d1f391ec97164f2ecff5cf5ac3e7a0cc378703
4,990406,resource_gpu_h,permuted,0.5,2.949121593122471,0.06046785548717448,0,True,True,True,aea20ba9b2fd2ad71789f507b699f53a4eb605f822854b51a05cdf1f1b258a4b,db4db594b2a4c883bfda69430384fb65edd2c3505522c6c1cc3b4573debfa030
4,990407,resource_gpu_h,permuted,0.5,2.949121593122471,0.21998465733510297,0,True,True,True,d78aabf05ab9028e821081e9ed6ecfa87c1877047fb3a085cbb80dde5dee398f,95eda9d638dbfd86fe104f836a98b190c35de703171fc7038053c60659918462
4,990408,resource_gpu_h,permuted,0.5,2.949121593122471,-1.0895383510059427,1,False,False,True,fbb914baad278ae0f421c4ee24fa2180599c6c20b4ced391f0a91369dc877d32,92922e84e0391e5a78a967fe94408bbb32464d7ef473452a4afbb2697bbaded3
4,990409,resource_gpu_h,permuted,0.5,2.949121593122471,0.06046785548711764,0,True,True,True,f3308f7a9071b80fd399c4fd4a7ee4e6e8a3b3c268cf5afbc291e8e4e6dc55ee,090f5096ad4e3613a369f7da88d475e9b0afab42f1065d8b219642e870d2aa75
4,990400,resource_gpu_h,permuted,0.75,4.423682389683707,-0.2625633500545863,1,False,False,True,cd23b8972866c768d3be06916d68d52cbd7ce505ded9d02067b5d3c1bde56d71,14ac214a48c0ac8006c110645b1d6e10a2869861dbeb128384c4ad7ab245fabe
4,990401,resource_gpu_h,permuted,0.75,4.423682389683707,-2.490371107739117,6,False,False,True,c759452156cc23cd683b3083aaefb7397e1101bb14c4602f37b294fc86cf5bfe,2f9f447ca07738804d6799de8b8f19627987e65ed939c2c8b47df1428691690d
4,990402,resource_gpu_h,permuted,0.75,4.423682389683707,-1.6753352261620709,6,False,False,True,c28b72cae3877c3e7f12bed71fbac08f8455863d265957cf2fc9f27fbbb5bfb4,03df262834a1cd62f8823a647a624be23346354547757fd4f9babce8048f8689
4,990403,resource_gpu_h,permuted,0.75,4.423682389683707,-1.4498701092012656,4,False,False,True,c9837b42ac73b6f363890a4a323bff681031826b375e27fa48208c2ffcfeab92,fb0becb5d355c019dd49bf01f7c02af5e7082be27416e39ab5d1b78c8ef4629a
4,990404,resource_gpu_h,permuted,0.75,4.423682389683707,-1.3403649012460566,2,False,False,True,b6e739522d6053873a62d513adf300b2dcec9091e9446c71827510f6184fe248,54a266c3e2ca8f8de1d14cdba339596d994add9c32c852cc24bb139c4170a723
4,990405,resource_gpu_h,permuted,0.75,4.423682389683707,-2.431598485400281,2,False,False,True,f5d6bfb8df2af4db619819434c8f1a1c4606360a4a2573585ad69a3d2704894b,53d8d6e4e870fb6c344b176873d1f391ec97164f2ecff5cf5ac3e7a0cc378703
4,990406,resource_gpu_h,permuted,0.75,4.423682389683707,-1.3403649012459997,2,False,False,True,e43957de78c209b61f695a11460a203c9b3ee8a78ec71ce45afc73f5944ff0c2,db4db594b2a4c883bfda69430384fb65edd2c3505522c6c1cc3b4573debfa030
4,990407,resource_gpu_h,permuted,0.75,4.423682389683707,-1.1808480993980712,2,False,False,True,73da3e251c2a25da7f3e88989f935c46f75a506b62033955408b6b4319529c43,95eda9d638dbfd86fe104f836a98b190c35de703171fc7038053c60659918462
4,990408,resource_gpu_h,permuted,0.75,4.423682389683707,-2.490371107739117,4,False,False,True,f23771eccfbdeb8c20519a502cf9c8c2fc0f3a2931e50ea2202e36d1eb57138e,92922e84e0391e5a78a967fe94408bbb32464d7ef473452a4afbb2697bbaded3
4,990409,resource_gpu_h,permuted,0.75,4.423682389683707,-1.3403649012460566,3,False,False,True,7fb88b72fdf954bad5b371594d233a8592a6ef1141d442d3df826e22608c9e73,090f5096ad4e3613a369f7da88d475e9b0afab42f1065d8b219642e870d2aa75
5,990500,job_count,chronological,0.5,2.949121593122471,1.34076386313994,0,True,True,True,71cbc18b083a538c8c494697f90fb2cf67e2526c3da2b5c5d3d1f420b6a9b8df,05dd63a4551a9d5dab958fc68bfcf70ecf0f1e553038dd8cb838d1f46db59b7b
5,990501,job_count,chronological,0.5,2.949121593122471,2.8641088596983897,0,True,True,True,4996aa75abf624ad1a6f70cb9f504d2dd5fd249693066d67a02571b0ffdacc0a,9224da5ec36b1636f6c123ea7e6512585db949bbeacc49bcb5804a65fed70c92
5,990502,job_count,chronological,0.5,2.949121593122471,2.8641088596983897,0,True,True,True,e05cff25ef369d50a794481eaf879b212b5894a727d5c9d469782fb855e95715,f306c781f363e237f98c80eaba75fb6c12daa1f43d4c203b651a77bbc5bc8176
5,990503,job_count,chronological,0.5,2.949121593122471,1.6347427221248685,0,True,True,True,ef0ddb71f941a659e6f03e88f8fc7803a51fb25f631cbf0bc6c3a48fc4c96be2,46202c111d5d180903c1714c2b5558cc772787c0b87dd78b703801da3ce87aa5
5,990504,job_count,chronological,0.5,2.949121593122471,2.864108859698333,0,True,True,True,de5780145f1072af5c0445c2d2e1a33dc7650b64cbf64db5961d91d2edf79c2b,e7e6fa767fb4cfa68082bd7d2404175cb2c444fda6533a50020d713d9bf08840
5,990505,job_count,chronological,0.5,2.949121593122471,2.8641088596983897,0,True,True,True,8e172b1609d9a21e4828faed7bb6f085e96df4f33ceeebc0519d120d8e7f7107,8aec4266c55a5cb3d7d67189a2680610e90904c81f93aca4469d972c0e400cc9
5,990506,job_count,chronological,0.5,2.949121593122471,1.634742722124897,0,True,True,True,21b8c35e1e3d378222524aa3093c59935d1f81f99fa3947b41b12e31cae1724b,03ee9fab469ce3fae085fdd9b63b23bd3cf422cf666654e097b76155a5bc342e
5,990507,job_count,chronological,0.5,2.949121593122471,1.3407638631399683,0,True,True,True,6a4ac059340c3b2496fda59c7ebba945404ca356ccac5c51fd773b773a23b210,9c99d75ac35d5f284c7783a205b251553f9596136723ccee847f98bf34c30c0c
5,990508,job_count,chronological,0.5,2.949121593122471,2.8641088596983613,0,True,True,True,b89c909e1650c9e91135843af11d4f3f81335b24c2606089793c107e9e1354ae,ed189e262ff220fa663a288011387ed204c8eab587f5db78d66d7a3eec87d1ff
5,990509,job_count,chronological,0.5,2.949121593122471,2.8641088596983897,0,True,True,True,4fd06b53c10d0088a980607b3d603fef12993a3f696a7b96888ec115543dc48c,2c004db30a22c3b3b7c3a2f5f3a05071685b78742557301332a84ec85d3346d0
5,990500,job_count,chronological,0.75,4.423682389683707,-0.06006889359323431,1,False,False,True,c335f12a7fb6c668cb87716c6ac64b2761d84d2480ae25514b21c571fdfc2d8d,05dd63a4551a9d5dab958fc68bfcf70ecf0f1e553038dd8cb838d1f46db59b7b
5,990501,job_count,chronological,0.75,4.423682389683707,1.4632761029652155,0,True,True,True,7fb58cac871fdaad28a7f0f0fae275977c710267b8bfca75641fe962843f05df,9224da5ec36b1636f6c123ea7e6512585db949bbeacc49bcb5804a65fed70c92
5,990502,job_count,chronological,0.75,4.423682389683707,1.4632761029652155,0,True,True,True,4fe3d16319786869b031000c08222f529c3c5b345dc3ed0e05b3a50f8a69064a,f306c781f363e237f98c80eaba75fb6c12daa1f43d4c203b651a77bbc5bc8176
5,990503,job_count,chronological,0.75,4.423682389683707,0.23390996539169429,0,True,True,True,8c855330e0181b07c4ee365d2373c2ff5f7b07f9ff2a591168737586e462fd0a,46202c111d5d180903c1714c2b5558cc772787c0b87dd78b703801da3ce87aa5
5,990504,job_count,chronological,0.75,4.423682389683707,1.4632761029651586,0,True,True,True,0dcd341d6d8887f011cc2dd3bb336cf4569869d9354235a9173d11f4ab4ae026,e7e6fa767fb4cfa68082bd7d2404175cb2c444fda6533a50020d713d9bf08840
5,990505,job_count,chronological,0.75,4.423682389683707,1.4632761029652155,0,True,True,True,be0648e26db07c7a76e0033448438589ba18c7357f499d5ffe25cbc0db8e38e1,8aec4266c55a5cb3d7d67189a2680610e90904c81f93aca4469d972c0e400cc9
5,990506,job_count,chronological,0.75,4.423682389683707,0.2339099653917227,0,True,True,True,431a5e4566242c17f52329c87724309e4263c844a8bc89797e5bc2f016bc1d2e,03ee9fab469ce3fae085fdd9b63b23bd3cf422cf666654e097b76155a5bc342e
5,990507,job_count,chronological,0.75,4.423682389683707,-0.060068893593205885,1,False,False,True,5ceee2d727b33379b3bbb1156305343e578c96be76725300fc4d461365b82427,9c99d75ac35d5f284c7783a205b251553f9596136723ccee847f98bf34c30c0c
5,990508,job_count,chronological,0.75,4.423682389683707,1.463276102965187,0,True,True,True,c0773c83af6c44cdb40d7dc1d7d95febc8b6aceb617d46bda1a0e02f71c106cd,ed189e262ff220fa663a288011387ed204c8eab587f5db78d66d7a3eec87d1ff
5,990509,job_count,chronological,0.75,4.423682389683707,1.4632761029652155,0,True,True,True,15a74090e583e4dbabf3c63443c2a206903ce4fe366d4d88bb4d4b2463ac175c,2c004db30a22c3b3b7c3a2f5f3a05071685b78742557301332a84ec85d3346d0
5,990500,job_count,permuted,0.5,2.949121593122471,3.612418682569184,0,True,True,True,47ae7a0d49fce6fc2887bea0b68e50b0731c46106d805a25bc370594bc083f30,c462011da4f7d5ff9fba385aa7d7dc8a987deb2bc477752eb23d321a0a931803
5,990501,job_count,permuted,0.5,2.949121593122471,3.1580877186833183,0,True,True,True,e59992b121b31d5c613c9b7f5a8d7c01f17becd1079190e7cb432d1a95849c4a,2251c9e4e8d998cc7eaf0457ce0da2d6db72c30c9f1c9304e88530e4ca803430
5,990502,job_count,permuted,0.5,2.949121593122471,1.3407638631399115,0,True,True,True,acb21025bc76727e18bf6d95ea94835f83e5e0be5604f800c11e3126f47bf3e9,f2209e2d075e9197defb612dc5aa0354ffd161d936b0a7cde7f5e19957a460fe
5,990503,job_count,permuted,0.5,2.949121593122471,2.651010458151304,0,True,True,True,b7ab7f542782a9014c20f4cc780ab37a2f923d56df9b333ecd42672475e2b382,f3d0eadedd674247a344046cf6c73c840181d623cf9b2534fae7efe5f452294d
5,990504,job_count,permuted,0.5,2.949121593122471,3.612418682569184,0,True,True,True,e70b1f355e53d1c667145985de55ea3f1a7eef569d87ec4131067f5e4d49ce06,b59fd0e862916064177fe017909ec4a7da2436da671b6f4ae7e2647136753e50
5,990505,job_count,permuted,0.5,2.949121593122471,1.6347427221249253,0,True,True,True,9ae50e187e4d94102d0448e13c5a8a96953e8d631275f3cc0e91a7aff62f27ca,4c485ce9c21411484959208bd50edcaa18281a035d274396c0c7d6785cb9c8fb
5,990506,job_count,permuted,0.5,2.949121593122471,1.3407638631399683,0,True,True,True,4fe701436dfa89e64f0d31507e135bc00eb981880eea5e29b96cdefebed2448f,c47f8cea12dbc24af9bc700a41cf04fa48a6a63813c34b80d8d1f7241a9315cf
5,990507,job_count,permuted,0.5,2.949121593122471,1.3407638631399115,0,True,True,True,43bf48e4032f494894bf9a6e471371fcf5c131b061e28a4c60eb93b90147027c,3ae174f03daf9dbdb5cc816840555a475ae649d62543a48d8316edbff82f39f7
5,990508,job_count,permuted,0.5,2.949121593122471,1.3407638631399683,0,True,True,True,7bbc493d84879a8f1b86341bc1e7f47bde044f35cf295f468fad95d2d58ab539,e525df858129fb05db09e6e3bba6f4a01406502a9c5d14b45d6ffb43f200bc9b
5,990509,job_count,permuted,0.5,2.949121593122471,1.634742722124897,0,True,True,True,3c018996bbd04e5d757483f6cbe41fa25878d1b0a036f2dcdbacca59bccfb6c1,759b03da7bb66dcd125cd2c26c62b000fbca062266d192ae0e8d085a75a7e0e1
5,990500,job_count,permuted,0.75,4.423682389683707,2.21158592583601,0,True,True,True,3eac808076404dbd0ec18050b5cf36445910be6005f5d7e953dfbe6d0bd8e2be,c462011da4f7d5ff9fba385aa7d7dc8a987deb2bc477752eb23d321a0a931803
5,990501,job_count,permuted,0.75,4.423682389683707,1.757254961950144,0,True,True,True,d661c3a094273195a380ce71dced63b56528b2727fee84603b2455ed992e510e,2251c9e4e8d998cc7eaf0457ce0da2d6db72c30c9f1c9304e88530e4ca803430
5,990502,job_count,permuted,0.75,4.423682389683707,-0.06006889359326273,1,False,False,True,f08ce43da43036cb2e48683527364333759a363a375835ca1974ea582722f125,f2209e2d075e9197defb612dc5aa0354ffd161d936b0a7cde7f5e19957a460fe
5,990503,job_count,permuted,0.75,4.423682389683707,1.2501777014181297,0,True,True,True,08c127385ebbf5b9740fb16904263bff45e43c033ebd977abdfe8a716b91c00b,f3d0eadedd674247a344046cf6c73c840181d623cf9b2534fae7efe5f452294d
5,990504,job_count,permuted,0.75,4.423682389683707,2.21158592583601,0,True,True,True,bf4228ca00f29941539716d27bd5f8d5840a44ce1637618cc5afb639c2ed7ae4,b59fd0e862916064177fe017909ec4a7da2436da671b6f4ae7e2647136753e50
5,990505,job_count,permuted,0.75,4.423682389683707,0.23390996539175113,0,True,True,True,8a16f5cdd95b4fd66d0da546b7fa04ae8d543bc49aaf0dfd604b98bec58c01ae,4c485ce9c21411484959208bd50edcaa18281a035d274396c0c7d6785cb9c8fb
5,990506,job_count,permuted,0.75,4.423682389683707,-0.060068893593205885,1,False,False,True,3b203bd12f5d330fa79e3b3fe9273657c807420a51165f0f23d65dded8126bff,c47f8cea12dbc24af9bc700a41cf04fa48a6a63813c34b80d8d1f7241a9315cf
5,990507,job_count,permuted,0.75,4.423682389683707,-0.06006889359326273,1,False,False,True,09c2f69260442841776d2533e7f0f3de864d901e50cb84001cc1bec8da40e716,3ae174f03daf9dbdb5cc816840555a475ae649d62543a48d8316edbff82f39f7
5,990508,job_count,permuted,0.75,4.423682389683707,-0.060068893593205885,1,False,False,True,add7ebc3df891515e84348b087f6d7074ccb3f519f4ccbd8f41dfa0a6492c878,e525df858129fb05db09e6e3bba6f4a01406502a9c5d14b45d6ffb43f200bc9b
5,990509,job_count,permuted,0.75,4.423682389683707,0.2339099653917227,0,True,True,True,5f26e368231d7ca06a9b64b01b527507d8fcbeb0b871e0d308435ea78392a52b,759b03da7bb66dcd125cd2c26c62b000fbca062266d192ae0e8d085a75a7e0e1
5,990500,resource_gpu_h,chronological,0.5,2.949121593122471,-0.3511226854235625,2,False,False,True,5b96d8dde5083dc16e2f58b7d6cf8f6b664a7cc9ec416b8be0688b059e573920,67c960ae6bc9bab262ffa49de0bb8bfbb11d8e2d0d73ead70ffe7a4ab665d575
5,990501,resource_gpu_h,chronological,0.5,2.949121593122471,-0.3511226854235625,2,False,False,True,5779d28504dd1c343882f4bc69f3bf01354ab0d5e86c07313a56d0bf93a052bc,799efef919a21a1ee2de1cde169a60d0650db75240c942ce205497f3e9d61bb5
5,990502,resource_gpu_h,chronological,0.5,2.949121593122471,-0.35112268542359093,1,False,False,True,79413daca40e2311edd7d56c56d04f4cb29ad174e9063cab8fe6b40df8bf8d6f,2c57714cae6fb4ff79ce4abeefae38df237362c80faf00b964bf89d4662d16b8
5,990503,resource_gpu_h,chronological,0.5,2.949121593122471,-0.35112268542359093,2,False,False,True,ad724ab8f2feb89dcefc977b37f7c07ddc89d1d0da962d1a145a19e636eb3c07,be7ec0466dfc634f17e7c4ce5f9ff7307d37207963c2c5f98bdfe737d4177542
5,990504,resource_gpu_h,chronological,0.5,2.949121593122471,-0.35112268542359093,2,False,False,True,5f8ebee403bbb968806461c77fe9cddcf19fd96506af95c08964e081bb276128,bbe10e34d8c62654c839fefe2f6e61e2e2ce60a18b17cb3c4be9777b0e49890d
5,990505,resource_gpu_h,chronological,0.5,2.949121593122471,-0.3511226854235625,1,False,False,True,6e9cfb339d1d40ad3125b52d997d4cbfeb6041d09b374f46c472302acf67346d,0eefa2670c0666ec9ab4e91f4cd59f868cb7c6748cc1242874ba8fffa811230c
5,990506,resource_gpu_h,chronological,0.5,2.949121593122471,-0.3511226854235625,1,False,False,True,0657d96cacd201ce3d0815978b3b6158607bef529db8307d62bd0ad8428ba53a,8d641135e9993b342546a18aed83368d338bca284237c7b5eb59b0fce07b72cc
5,990507,resource_gpu_h,chronological,0.5,2.949121593122471,-0.15578354648464288,1,False,False,True,be2344295093824a99e1d0c63365ca45c63e07b46d03b08525c51ceb1bf27c87,1f1d7d76ff0192517be03b2658a7b00085103a40908ddba6d48403506381b4c4
5,990508,resource_gpu_h,chronological,0.5,2.949121593122471,-0.3511226854235625,2,False,False,True,3f9f5f6485c334423661d12ff255a1b5cbff92f0bf9eba15ff3a4af560a927d0,0d34dd1b5a1ed35e59eed342d2e5bd1c6ae379c25160464a3e5c5b6fa98a49b3
5,990509,resource_gpu_h,chronological,0.5,2.949121593122471,-0.3511226854235341,2,False,False,True,e1a2c84070362b8deaca154f4e370f7506a4bde654c1f9dd5870f4bf3af8fef9,82e3ddbbeeb85d89712109a53e864a8d94f613eea9f232d93f244115c2bc49fe
5,990500,resource_gpu_h,chronological,0.75,4.423682389683707,-1.7519554421567367,3,False,False,True,99c550919773eb029efb753cb43d057dcf8bd621efd66a95f81095c882eed98e,67c960ae6bc9bab262ffa49de0bb8bfbb11d8e2d0d73ead70ffe7a4ab665d575
5,990501,resource_gpu_h,chronological,0.75,4.423682389683707,-1.7519554421567367,4,False,False,True,0e539a971708579bb2b08d9345830817177838e9e82eace8bbaafcc531755c2a,799efef919a21a1ee2de1cde169a60d0650db75240c942ce205497f3e9d61bb5
5,990502,resource_gpu_h,chronological,0.75,4.423682389683707,-1.7519554421567651,2,False,False,True,280bd9940c66aa751cd086e021c9762b076114825321ada95ebe6b9d46f997dd,2c57714cae6fb4ff79ce4abeefae38df237362c80faf00b964bf89d4662d16b8
5,990503,resource_gpu_h,chronological,0.75,4.423682389683707,-1.7519554421567651,4,False,False,True,8a2d9f639773b6aa1fe0067fb08b3861488cb6e5e8d7042708b2bcb8da1991ed,be7ec0466dfc634f17e7c4ce5f9ff7307d37207963c2c5f98bdfe737d4177542
5,990504,resource_gpu_h,chronological,0.75,4.423682389683707,-1.7519554421567651,4,False,False,True,722c2c0f738a564732b936f910d506003c3c71ba514fdf6c026b7a9793a2702b,bbe10e34d8c62654c839fefe2f6e61e2e2ce60a18b17cb3c4be9777b0e49890d
5,990505,resource_gpu_h,chronological,0.75,4.423682389683707,-1.7519554421567367,2,False,False,True,1c22f82e37eac572415c569a27ba9cd911111aa842487af65f0fe529a83118e6,0eefa2670c0666ec9ab4e91f4cd59f868cb7c6748cc1242874ba8fffa811230c
5,990506,resource_gpu_h,chronological,0.75,4.423682389683707,-1.7519554421567367,2,False,False,True,612d21a85a467df743fac78b3bb6e70e050edc5cf42a297d70548cc50348f288,8d641135e9993b342546a18aed83368d338bca284237c7b5eb59b0fce07b72cc
5,990507,resource_gpu_h,chronological,0.75,4.423682389683707,-1.556616303217817,5,False,False,True,179290120a09cd023e8f1e1a55b602088b1d974df9ef3f2eb78eb395ae77b706,1f1d7d76ff0192517be03b2658a7b00085103a40908ddba6d48403506381b4c4
5,990508,resource_gpu_h,chronological,0.75,4.423682389683707,-1.7519554421567367,4,False,False,True,ca98467410c43fd38cf31e4c99791c045d72f1da7dcde1860217cd8d0550806d,0d34dd1b5a1ed35e59eed342d2e5bd1c6ae379c25160464a3e5c5b6fa98a49b3
5,990509,resource_gpu_h,chronological,0.75,4.423682389683707,-1.7519554421567083,4,False,False,True,e7274d485120eed97aac43967212bd9f841ddbbd314348467b3fa66bb92871bf,82e3ddbbeeb85d89712109a53e864a8d94f613eea9f232d93f244115c2bc49fe
5,990500,resource_gpu_h,permuted,0.5,2.949121593122471,0.09374319355730076,0,True,True,True,3ab177ee860661c335954e0aed1cc83ab4dd00dfbcf002b6bdf6f46ea5c17417,91f3fc0298376b41056c98ab983216d121cd54cd4067ef186eee6c6517054130
5,990501,resource_gpu_h,permuted,0.5,2.949121593122471,1.3307058566301881,0,True,True,True,14eb77bccad80be2c5788d5ed1232555e952380ddf05af86ef965a466873b3e8,8c4cf38f10560a0a0d31a8b278d16ec0906ca970eb650dd93e13efdb5d01bf4a
5,990502,resource_gpu_h,permuted,0.5,2.949121593122471,2.197432142603545,0,True,True,True,fc891136b19f3c3ffa841e5a3f5bc2f732761c63e2444afd2349bc97f7e1196b,86421e6995c5f750040cedfa33c1112e51843b7a299e38648ef6f33946000316
5,990503,resource_gpu_h,permuted,0.5,2.949121593122471,-0.15578354648464288,1,False,False,True,81085cbd2f8d6022d74e6bdd03c3bf52a82b037f64a4afaafe02b09d27785217,6927a89892f95483d1d5fb32018c695c0abbd3ec486364249d7aa3028edc526e
5,990504,resource_gpu_h,permuted,0.5,2.949121593122471,-0.8796991389528026,1,False,False,True,d53da4ad5b252a84a1f9993446e2ed6f6d88b9d35b498091af1090a29b1622c3,d883ac08241677cf0f2821b0775bb7acf89ef59b21738586a671e1804c18a099
5,990505,resource_gpu_h,permuted,0.5,2.949121593122471,1.3243095974161312,0,True,True,True,407d7b88925631ad1bde3418530000021bc24e227820c12a80d178137e9fd014,68a346ccdd8dcc5742c560e5239b015998cb4a2750305968c583f2c495d9cb1e
5,990506,resource_gpu_h,permuted,0.5,2.949121593122471,-0.8796991389528026,1,False,False,True,a108dcc5beb5b140f73a4f42f62ec689102a39f1649ca8c703a20760ca41802b,fa05a5227a342c83bf3ba3f36ba4b09abdd5e346fd52b48808aa17da00ba2ada
5,990507,resource_gpu_h,permuted,0.5,2.949121593122471,2.197432142603545,0,True,True,True,53737f292a4aac34715a04c594969036a5fb19508d76e3f100b15d2276f48efa,01f27566c32d2856fe15dab20c917c37cd9f7ffe14c95f244f12082652c4fe1a
5,990508,resource_gpu_h,permuted,0.5,2.949121593122471,-0.8796991389527742,2,False,False,True,068269e0a805e65ec6764b7684a09fdee4e23b4680f66a75ee81b4cef165dcac,e7710fb32817b50b12f3732add759742f1fac36423a5f77bb6650228c699aab6
5,990509,resource_gpu_h,permuted,0.5,2.949121593122471,0.4121182728471089,0,True,True,True,01d2aa9f6429d1696978e8f5fffbcabaae0c742bde2a7dc1117b2ec7a82ab8d9,5e1dada1a47d1c9828f84ebe331dc3e75018868dd599b49e80f077de2e5b8947
5,990500,resource_gpu_h,permuted,0.75,4.423682389683707,-1.3070895631758734,1,False,False,True,fbfe131d3a71d55d9047db8e325dcf20c10c1ced0a09a48a2c434701177fe1db,91f3fc0298376b41056c98ab983216d121cd54cd4067ef186eee6c6517054130
5,990501,resource_gpu_h,permuted,0.75,4.423682389683707,-0.07012690010298606,1,False,False,True,95270f1024e0258fd7a31d1cce46349c97d62b7a9e46c74fe344343d2e6a9aaf,8c4cf38f10560a0a0d31a8b278d16ec0906ca970eb650dd93e13efdb5d01bf4a
5,990502,resource_gpu_h,permuted,0.75,4.423682389683707,0.7965993858703708,0,True,True,True,d40adb5afea6f219bf3fe7623d11abf1bd939c86fcf6806bcf600507602dd2ec,86421e6995c5f750040cedfa33c1112e51843b7a299e38648ef6f33946000316
5,990503,resource_gpu_h,permuted,0.75,4.423682389683707,-1.556616303217817,4,False,False,True,0483255f21054e06f652eebdb1afbad58bf1bca3a96f2aa7d6c36bfc10658520,6927a89892f95483d1d5fb32018c695c0abbd3ec486364249d7aa3028edc526e
5,990504,resource_gpu_h,permuted,0.75,4.423682389683707,-2.280531895685977,3,False,False,True,30776f1781f36116d2a9adf092de0c9dc3528b68cd30387ec9ed0599665c96ee,d883ac08241677cf0f2821b0775bb7acf89ef59b21738586a671e1804c18a099
5,990505,resource_gpu_h,permuted,0.75,4.423682389683707,-0.07652315931704301,1,False,False,True,fb1ae66e2527e9d4078084d1199bc1aa116a7b7a64b3905b8ca66d642d98c652,68a346ccdd8dcc5742c560e5239b015998cb4a2750305968c583f2c495d9cb1e
5,990506,resource_gpu_h,permuted,0.75,4.423682389683707,-2.280531895685977,4,False,False,True,8c6e625068c99bb185719d82f9c3c9f4e51a7d0f57dbea473e422158b848f2b1,fa05a5227a342c83bf3ba3f36ba4b09abdd5e346fd52b48808aa17da00ba2ada
5,990507,resource_gpu_h,permuted,0.75,4.423682389683707,0.7965993858703708,0,True,True,True,39842aea74501104aa440a866386c4b3f0d1ce022ccc6d328c94d1ed78bfd67a,01f27566c32d2856fe15dab20c917c37cd9f7ffe14c95f244f12082652c4fe1a
5,990508,resource_gpu_h,permuted,0.75,4.423682389683707,-2.2805318956859484,3,False,False,True,b3c46d5ad6a110599794b1a2f5b441ded7690b555951aa1312ed2ab6c09d8b0a,e7710fb32817b50b12f3732add759742f1fac36423a5f77bb6650228c699aab6
5,990509,resource_gpu_h,permuted,0.75,4.423682389683707,-0.9887144838860653,1,False,False,True,70f2031c90d07a6744d40675d76b6492140a1b56065ec6b2d86177f600afea5e,5e1dada1a47d1c9828f84ebe331dc3e75018868dd599b49e80f077de2e5b8947
6,990600,job_count,chronological,0.5,2.949121593122471,1.804608989364552,0,True,True,True,2c6d6e5b1bdf1b6b1b56eb33593f8fe64d4421dcd13c696f58c782e1919e394b,4ec37a26710bed19a9da52271b4fba82287242ed5df9b960c2cb987f2ceda039
6,990601,job_count,chronological,0.5,2.949121593122471,0.6416386940953336,0,True,True,True,01cf1dae239ed28c0e31e094a7a1d2e14aef6442f0ca5e0e332050a5538a98dc,d79b440c4b67c1894531c4678cbf1e41bffee316e592fae9a8665fbb08bf3785
6,990602,job_count,chronological,0.5,2.949121593122471,1.804608989364552,0,True,True,True,99f5bbc83fa93fd273b9b16331627504458a3106936e4a27db821f6ef2e0e71a,0d7b227dd470fe739ceeb7f009cbae56f0ca3947510e87a177207fecec1dc81a
6,990603,job_count,chronological,0.5,2.949121593122471,1.8046089893645236,0,True,True,True,12abefb2900c50faee77927a1c81b51d3484066267fa5455f35907cd0a1717df,2fecd617f4a01d1bf1fd5e2158dfb5c56633070306e9e4773375da14cd8cc232
6,990604,job_count,chronological,0.5,2.949121593122471,3.150005997617156,0,True,True,True,ea8ff21059a48e1b192d0b164ddb39b02aab88870ddb974b1986e03f7249d405,c0c4df0941db4f412415194f9729aff70a81f6d305d5c397f883db1e4e6a61aa
6,990605,job_count,chronological,0.5,2.949121593122471,3.150005997617156,0,True,True,True,f042e62f86c6b91fc9cf35c669d2ef0d32b1d1d9c17ab7a1bab1c4c0e168af13,cc06bec45bdbb961f340da63d87eff978d61a726b7fa574c036b5337c35bf334
6,990606,job_count,chronological,0.5,2.949121593122471,1.804608989364552,0,True,True,True,f5142480b0c2bbd5fe6320335bbdd1248b8de1917be059d85eaed2c3a5a21068,98da466922a934555c589e46fe7231e2fbe61e0e2d251362a3c689a65fcd7cbc
6,990607,job_count,chronological,0.5,2.949121593122471,3.1500059976171846,0,True,True,True,b6f16e228bb02369088dfe840f5838d7b5d0ee4ab4545cc66d0c4469a27a85f7,b7663e556013f625ace18ac42e2c4462844d435bc6b5d3b38d3a6ef3f0974276
6,990608,job_count,chronological,0.5,2.949121593122471,3.150005997617156,0,True,True,True,721a003270513427a3331f1b78df0b6fe6874a4e98f0ec8f17010e2cd0eec58f,e2cb838d93c7ba505c4461743f6e97c5f4787555ee7146f025cf4a864f144852
6,990609,job_count,chronological,0.5,2.949121593122471,1.8046089893645236,0,True,True,True,adf039fa8d5aa70d3b8b5e638eafe4e7d8943994c184b746719e97b9e6d65963,d013dd5a5ab0a42e19567ce633959f30eb05b1361fe98bb074e66e5e8b8eae58
6,990600,job_count,chronological,0.75,4.423682389683707,0.40377623263137785,0,True,True,True,9ca726c1735b2cf1a17ee11fbd1f00ec2f2bb6bbadf5ea293752e44980d904d4,4ec37a26710bed19a9da52271b4fba82287242ed5df9b960c2cb987f2ceda039
6,990601,job_count,chronological,0.75,4.423682389683707,-0.7591940626378406,1,False,False,True,efb77524d57966b09ba3118b3e56580ce262d87aea25d7d973d444f39ddeec3f,d79b440c4b67c1894531c4678cbf1e41bffee316e592fae9a8665fbb08bf3785
6,990602,job_count,chronological,0.75,4.423682389683707,0.40377623263137785,0,True,False,True,bd76b629a8207b8b50b7c4a4d1cbfdee2e98f4b36ecd1abd2ad095a79a7b0504,0d7b227dd470fe739ceeb7f009cbae56f0ca3947510e87a177207fecec1dc81a
6,990603,job_count,chronological,0.75,4.423682389683707,0.40377623263134943,0,True,True,True,a29cc31e92d36965f474f312df480ac5b26ca1e5c4e4c0a60e55f9dcf06ec006,2fecd617f4a01d1bf1fd5e2158dfb5c56633070306e9e4773375da14cd8cc232
6,990604,job_count,chronological,0.75,4.423682389683707,1.749173240883982,0,True,True,True,50f7df091b88311061197490b9472af79b8259320d1d356f2f0240d0bc3a1c8e,c0c4df0941db4f412415194f9729aff70a81f6d305d5c397f883db1e4e6a61aa
6,990605,job_count,chronological,0.75,4.423682389683707,1.749173240883982,0,True,True,True,11d588c938421b96099d83087bcfc8e2c527b8cecdfe6aeeb38073d110337d68,cc06bec45bdbb961f340da63d87eff978d61a726b7fa574c036b5337c35bf334
6,990606,job_count,chronological,0.75,4.423682389683707,0.40377623263137785,0,True,True,True,aea723a42bf834692b5157c14643d76151be92a918b5ed2f6292cfe498454b15,98da466922a934555c589e46fe7231e2fbe61e0e2d251362a3c689a65fcd7cbc
6,990607,job_count,chronological,0.75,4.423682389683707,1.7491732408840104,0,True,True,True,1ad0218c2076155507a605452f8e3976c89ebffd8d240474c80815331c08b220,b7663e556013f625ace18ac42e2c4462844d435bc6b5d3b38d3a6ef3f0974276
6,990608,job_count,chronological,0.75,4.423682389683707,1.749173240883982,0,True,True,True,8303303c99c902ef6cc98b214ccf01fdc05d474b27072ce383d9c933a661f75f,e2cb838d93c7ba505c4461743f6e97c5f4787555ee7146f025cf4a864f144852
6,990609,job_count,chronological,0.75,4.423682389683707,0.40377623263134943,0,True,True,True,e52bf2576fe4fa08ab278689304557ef4041ca8bb25504d3373897b42e9cc218,d013dd5a5ab0a42e19567ce633959f30eb05b1361fe98bb074e66e5e8b8eae58
6,990600,job_count,permuted,0.5,2.949121593122471,2.830759249896132,0,True,True,True,69cea16945c735fc4a6edc027ec9019874a4f116e4a6f7fa8ed974e0d0cc60d8,2b60c66b136647b56052ac8c71bffc2f6d93fafeac264c128e1137656e99ae1a
6,990601,job_count,permuted,0.5,2.949121593122471,1.9186256849792036,0,True,True,True,adefb2f320816e2d7d54aefc143e39cf143a8a34d19c889e6b8a59b46a85158c,e91a4e42e1323af07dd7c435a782cb772197cbb273a86f1fcc9644763d219996
6,990602,job_count,permuted,0.5,2.949121593122471,1.8958223458562165,0,True,True,True,433716a8945d5382849cea4c5b2a183f64e88697080a6ef3bf3d2cdb02b7e034,c3f793a036716247383a9adecb1921b19d57b333b43708913b1973ef19ff3cde
6,990603,job_count,permuted,0.5,2.949121593122471,1.9186256849791752,0,True,True,True,ede463707f0e312f50d7d917504b7403b0de6296233d0e4330dbd0e19fc3079a,13c1cd0c2c849b9e23d1284a56a4536dce7e0482e7ae7fc720b1a0133adced0c
6,990604,job_count,permuted,0.5,2.949121593122471,0.641638694095362,0,True,True,True,324d831da9af23a862cfd2ca92ccbc2dc28dc2894368f9204953097f95ef3440,046148cb7f86a53cdaaee3a567cb8046bd65b1b2e45acea6b9ef853118bef27b
6,990605,job_count,permuted,0.5,2.949121593122471,3.3552360497234437,0,True,True,True,12b821240b3ad5dd9009b1eb2c700c2df46a9173b5c33be8cad4f80613b22ac2,6028092e0f37412b233c1adb73c56b0b7e00ca7723e0ec7597a01dbc63106cf3
6,990606,job_count,permuted,0.5,2.949121593122471,3.3552360497234437,0,True,True,True,692514af9cc1856fe8468e95ddce285826460c2b33d11aa47e317a985d4433e8,1118a26400a40880a66a2ae7fb015ee77d69854f31ee13c2ddfd7d0b03d01bd6
6,990607,job_count,permuted,0.5,2.949121593122471,3.3552360497234437,0,True,True,True,4d91a1bf3a28f9f30c97e77fbc9f5cf890b8666ddaa2cb12cf255f7ea6a1fdb5,7f79b6d24dbff4ed1f03f38563d9c4fd91962c8e63795aea19c2abb95e0e55f4
6,990608,job_count,permuted,0.5,2.949121593122471,2.1694624153313518,0,True,True,True,9e62b8b7dda6a5f8dededf2dcdb561f6ba69140cb7ea0a717af9c72b0d0d562f,b4fd68cf2d4e80c84060fb9501a158a3e1dfdc2208b81190702c8a8ccd741790
6,990609,job_count,permuted,0.5,2.949121593122471,1.8958223458562449,0,True,True,True,af256d7df73b7e74f8502eda3667e811c4250033db8e540dd0befca829d3f471,38dcad721e8a87644fc95bb2c3e3ec392296abc8b36dd641d8028fc09b5fdd4b
6,990600,job_count,permuted,0.75,4.423682389683707,1.4299264931629576,0,True,False,True,68e04ddf90707a143b39a89696850277ea163fd694bb2d9709de6bfe245a581a,2b60c66b136647b56052ac8c71bffc2f6d93fafeac264c128e1137656e99ae1a
6,990601,job_count,permuted,0.75,4.423682389683707,0.5177929282460294,0,True,False,True,23e1a421d46ce62af72e8a8201432414e2107c957684982b33e60f4349def381,e91a4e42e1323af07dd7c435a782cb772197cbb273a86f1fcc9644763d219996
6,990602,job_count,permuted,0.75,4.423682389683707,0.49498958912304225,0,True,True,True,4e0f938dc506506a59c939f327a1fe364ce5932d640ac638efbd886916443473,c3f793a036716247383a9adecb1921b19d57b333b43708913b1973ef19ff3cde
6,990603,job_count,permuted,0.75,4.423682389683707,0.517792928246001,0,True,True,True,06ac82d978c7f31140b4c35ef684cd8ffcfab8e79e9ca5d71b4050e21be619ad,13c1cd0c2c849b9e23d1284a56a4536dce7e0482e7ae7fc720b1a0133adced0c
6,990604,job_count,permuted,0.75,4.423682389683707,-0.7591940626378122,1,False,False,True,6799af17564c4db383328ef0cf81b8cc0c8c037d46ea32544de290405445a814,046148cb7f86a53cdaaee3a567cb8046bd65b1b2e45acea6b9ef853118bef27b
6,990605,job_count,permuted,0.75,4.423682389683707,1.9544032929902695,0,True,True,True,0821f3f1c980fef6ec8978c857fa9fc457f9fb6987e43dca2c0a9ff1dd0dbd1b,6028092e0f37412b233c1adb73c56b0b7e00ca7723e0ec7597a01dbc63106cf3
6,990606,job_count,permuted,0.75,4.423682389683707,1.9544032929902695,0,True,True,True,6fcad54d07b51c0aa29b9284d2c854ac30da7ccd6080f4c396defdc82917cb7c,1118a26400a40880a66a2ae7fb015ee77d69854f31ee13c2ddfd7d0b03d01bd6
6,990607,job_count,permuted,0.75,4.423682389683707,1.9544032929902695,0,True,True,True,109aee1eb66c3ff82bbd82d09dace5725ffdc583115275c9a9d18456f577fb53,7f79b6d24dbff4ed1f03f38563d9c4fd91962c8e63795aea19c2abb95e0e55f4
6,990608,job_count,permuted,0.75,4.423682389683707,0.7686296585981776,0,True,True,True,171dfec05ecd45cf76d8e2c76f06dd566da76cc7cfd9103a1dadb0c1e68e5e8a,b4fd68cf2d4e80c84060fb9501a158a3e1dfdc2208b81190702c8a8ccd741790
6,990609,job_count,permuted,0.75,4.423682389683707,0.4949895891230707,0,True,True,True,9c857437fd1f7588e0913b177b84dee03c457832a42910187e04b2f29feb0e81,38dcad721e8a87644fc95bb2c3e3ec392296abc8b36dd641d8028fc09b5fdd4b
6,990600,resource_gpu_h,chronological,0.5,2.949121593122471,0.4531973630067361,0,True,True,True,db6b5dd5daad94bb5983a88b3f9085605ab91e33d95bab6ed607a7546494a4af,5289f6828edcced86fd252c2d80e940bd75e503f45a8e31e1e83091d9480205d
6,990601,resource_gpu_h,chronological,0.5,2.949121593122471,0.04765556104889779,0,True,True,True,53dde3e1b7e685694b7a7b683c7e3de71c17bd3534f76a48ea8977118dbf64c7,7a91b9c47698a5d72698756cc8916c87ba7fe194ec6a518a2f996d3ff2d18363
6,990602,resource_gpu_h,chronological,0.5,2.949121593122471,0.4531973630067645,0,True,True,True,6b61009f445f5562bab32734400ea37ae51d20ca33b9a992f97c146fd79f6fe4,55800f9511ea2c5987f2200f1f2758433caf2e9942a4d14ce543d069a3c70477
6,990603,resource_gpu_h,chronological,0.5,2.949121593122471,0.45319736300670765,0,True,True,True,bf21e10b85e1ab54b43d54b3f933af25205d22f68969a12fea9dc65132729ce8,fd65d73af09e4044af5f2fba7472d038192ca280a917ed62d44e6eafec5cd197
6,990604,resource_gpu_h,chronological,0.5,2.949121593122471,0.047655561048840944,0,True,True,True,5847034c749ad918948a4a2a5284e53bb6a55e9599fb45abeeeb58ed9379f171,7937d7e87439c98342f027354c38325170c422d84c689d85bb76d0ae2c585bb1
6,990605,resource_gpu_h,chronological,0.5,2.949121593122471,0.04765556104889779,0,True,True,True,cceddf7d8669d19774e576e99990806e00f7ba3214dea2aa4534b65aeb17e2e9,37fac803f492bcb00ba32f9e0ed45fffbdda87afe2f7c4ea14bd910c6ff2c0ff
6,990606,resource_gpu_h,chronological,0.5,2.949121593122471,0.4531973630067361,0,True,True,True,2e59dda7d947117641382a62ebacc0ccc81e273b7d9f4c7424384e4b34eec05c,9f172e51f8a374e12a66ef51cfaa3b023355ff68287049fb471953a0ba64808a
6,990607,resource_gpu_h,chronological,0.5,2.949121593122471,0.04765556104881252,0,True,True,True,11ff6fcb7ed1c84aacba64527f59d0ffcd1683329c17c7df9169ffc8f21b3083,8b208fb142a6037962009a1887e3c88cc88f143d5497780e283d253d062c1a0f
6,990608,resource_gpu_h,chronological,0.5,2.949121593122471,0.047655561048840944,0,True,True,True,ed70cb3c4dba421338ca41971bb604315c84aeca664053e6851d0a0fe02afb3d,749abc1fda381cf0fae408de37d37dd12b27ebfd9f594faff7a9743a2557b772
6,990609,resource_gpu_h,chronological,0.5,2.949121593122471,0.4531973630067361,0,True,True,True,d4e2f4198cbc039cda458aafc2feeaebcb240c55ef52789216d9ebb0502d6b1e,6b5c2e814dc9c030f59a956c7ffc83dad3b773fcf7aa6b105b1612cf23f61125
6,990600,resource_gpu_h,chronological,0.75,4.423682389683707,-0.9476353937264381,3,False,False,True,a8e4eed6b6d1242110a8401607468b2505dbec7ee5d7b934599abb9e5aafcac6,5289f6828edcced86fd252c2d80e940bd75e503f45a8e31e1e83091d9480205d
6,990601,resource_gpu_h,chronological,0.75,4.423682389683707,-1.3531771956842764,3,False,False,True,8f1fb48b6b02611775c68eb6bdd98a5f84f6cd86913dd2e4f6dfce159bbc861c,7a91b9c47698a5d72698756cc8916c87ba7fe194ec6a518a2f996d3ff2d18363
6,990602,resource_gpu_h,chronological,0.75,4.423682389683707,-0.9476353937264097,3,False,False,True,fa2ddc8675913f77171f3f263a48311805dcf02a21fbfcabb7b94f18084d2bac,55800f9511ea2c5987f2200f1f2758433caf2e9942a4d14ce543d069a3c70477
6,990603,resource_gpu_h,chronological,0.75,4.423682389683707,-0.9476353937264665,3,False,False,True,8a93c2fd7942f4d00040f6309c27d065e861617380037a498bd5b645d17e990b,fd65d73af09e4044af5f2fba7472d038192ca280a917ed62d44e6eafec5cd197
6,990604,resource_gpu_h,chronological,0.75,4.423682389683707,-1.3531771956843333,1,False,False,True,9a3ad9c0dd35a0a6ecf00b5bdcd342b2788ca35d86424c49f674e40af2c29c40,7937d7e87439c98342f027354c38325170c422d84c689d85bb76d0ae2c585bb1
6,990605,resource_gpu_h,chronological,0.75,4.423682389683707,-1.3531771956842764,1,False,False,True,2b8fca59ab5eb85aa07b39dd68dbc41be99bfff020f9965af4a906829c4655bd,37fac803f492bcb00ba32f9e0ed45fffbdda87afe2f7c4ea14bd910c6ff2c0ff
6,990606,resource_gpu_h,chronological,0.75,4.423682389683707,-0.9476353937264381,3,False,False,True,87b3fc0bed499c68844b975d09dd32b64145a6b1ff1fcec23d7cf4d371a4b21d,9f172e51f8a374e12a66ef51cfaa3b023355ff68287049fb471953a0ba64808a
6,990607,resource_gpu_h,chronological,0.75,4.423682389683707,-1.3531771956843617,3,False,False,True,2cdf065b7ea0b9b865f7be34435e65255799fed7000c434a8bf9067db5a7eceb,8b208fb142a6037962009a1887e3c88cc88f143d5497780e283d253d062c1a0f
6,990608,resource_gpu_h,chronological,0.75,4.423682389683707,-1.3531771956843333,1,False,False,True,42272e007da71fb7dc0774efbdb098362ad7a8b6d82b7c3d11117ea068d82e38,749abc1fda381cf0fae408de37d37dd12b27ebfd9f594faff7a9743a2557b772
6,990609,resource_gpu_h,chronological,0.75,4.423682389683707,-0.9476353937264381,3,False,False,True,ba451d5939827d7ad9a6e7489c9419cdb5199fc59140219c22c757a67435a3c3,6b5c2e814dc9c030f59a956c7ffc83dad3b773fcf7aa6b105b1612cf23f61125
6,990600,resource_gpu_h,permuted,0.5,2.949121593122471,0.7987476735692232,0,True,True,True,8eb6c277822be4dffa034a90f4fb07f4df6a818d535879afdd2a53af3c389088,185c79eed2e369a22a71f767cbc3424a08fa6737a8cd0db3f12eab8348abe2e8
6,990601,resource_gpu_h,permuted,0.5,2.949121593122471,0.3839824932487508,0,True,True,True,bbb326f4b7905f198a1790b5e6fb99b5d801d67e2f5f89eb76f944cdf6d523e3,110f16dcc1e52ab5a26608fb25768b7fe97c8f5f60c2b4ced596ef5dce76a0bd
6,990602,resource_gpu_h,permuted,0.5,2.949121593122471,0.4531973630067361,0,True,True,True,2deb924380be49b7426d097964aa6eb41485167dba2654375b574424709cfb8d,a96aae5b1932eb9d69d50a679afb51baf7fe97c9321f0b69b856ef302bf41a73
6,990603,resource_gpu_h,permuted,0.5,2.949121593122471,0.6256634713268587,0,True,True,True,9d4a03fe090d9dfbaf746c0de4a27547c154cc3bfd62e5d3c8337f3affc36f3b,d58e407f5e6300267332eed1a40c4eb01d955013a9f6b00eea2e4c0b354f9c1d
6,990604,resource_gpu_h,permuted,0.5,2.949121593122471,0.863013781452266,0,True,True,True,e17a5a7f06a644d2798d8f6d2ff394cb0c972af2a711bf58334bf5d300b4185f,12f93c96dc858b2ff2b62b50d589ba5e7e5e8a36b401b8a4d4053f887c104650
6,990605,resource_gpu_h,permuted,0.5,2.949121593122471,0.4531973630067361,0,True,True,True,c71e0fd856a0701cb225dc7a84ec7f7065859f9e58a6bf59b000dc9519e78f60,db5a8e507a6af528bb5facda56f79a90a2b5d4d9192368b4cc7422251bfe47c7
6,990606,resource_gpu_h,permuted,0.5,2.949121593122471,1.4374577447956218,0,True,True,True,db1ea074d31c2e82179170e452be14c9d6a1b1a58dd997bad4ba9f5242970aa1,a74bb3a6de294848d891b7dcc2a03630a6105a599a66985d22f4ab819533b0e7
6,990607,resource_gpu_h,permuted,0.5,2.949121593122471,0.4531973630067361,0,True,True,True,eed9c48d424316934339134801c9ddb3f5407308dbb163855e9f5f18d7efb8a1,db2fa680c09c62c7d2682bce79fb70256c851a7d14b14f8d3f241a17ee8a470c
6,990608,resource_gpu_h,permuted,0.5,2.949121593122471,0.863013781452266,0,True,True,True,a121d39fb687bdba7572abc3066b948b1036e3927f362aeac450a49e8c5b2e35,b0b2eef395359c4dac7152287251a640b9f254383354930fbe5e86ed90019c47
6,990609,resource_gpu_h,permuted,0.5,2.949121593122471,0.4531973630067361,0,True,True,True,45d63bda0c8d356abad72511386050c324ca1538b17c624eb52e653d238fad55,06162e14edd42309e29fb03b10da4b8649ec00894b241486330464144f7187b6
6,990600,resource_gpu_h,permuted,0.75,4.423682389683707,-0.602085083163951,1,False,False,True,10f6158193647d79f77a85a9693798b02f69f0fbbf77c09602339f15a9f921dc,185c79eed2e369a22a71f767cbc3424a08fa6737a8cd0db3f12eab8348abe2e8
6,990601,resource_gpu_h,permuted,0.75,4.423682389683707,-1.0168502634844234,5,False,False,True,f0f51a51a39979e56c158a217bda7c02887b1c6e569768c39d0e19d2c1a64b2b,110f16dcc1e52ab5a26608fb25768b7fe97c8f5f60c2b4ced596ef5dce76a0bd
6,990602,resource_gpu_h,permuted,0.75,4.423682389683707,-0.9476353937264381,3,False,False,True,c199cb6667bbacd274011d2007560f070cc7a134d1fb31c3cdd878c9998f0ed5,a96aae5b1932eb9d69d50a679afb51baf7fe97c9321f0b69b856ef302bf41a73
6,990603,resource_gpu_h,permuted,0.75,4.423682389683707,-0.7751692854063155,1,False,False,True,362cde639c3b8248984c9d29ce497c711a2fcfaa71bc24d20339aa65f84fe3d8,d58e407f5e6300267332eed1a40c4eb01d955013a9f6b00eea2e4c0b354f9c1d
6,990604,resource_gpu_h,permuted,0.75,4.423682389683707,-0.5378189752809082,1,False,False,True,fa6c423501a33ac3096680cefb74d99670ec33234671ce94be2c21ea1869d0b2,12f93c96dc858b2ff2b62b50d589ba5e7e5e8a36b401b8a4d4053f887c104650
6,990605,resource_gpu_h,permuted,0.75,4.423682389683707,-0.9476353937264381,1,False,False,True,ecba5ab774407c27c9297fb4d3834b17896ba7f847668278a8d94836366e237d,db5a8e507a6af528bb5facda56f79a90a2b5d4d9192368b4cc7422251bfe47c7
6,990606,resource_gpu_h,permuted,0.75,4.423682389683707,0.03662498806244763,0,True,True,True,0bc52f53dde51518e9361c784bcaaf4019a38ec765993044ea18f6a71dab07dd,a74bb3a6de294848d891b7dcc2a03630a6105a599a66985d22f4ab819533b0e7
6,990607,resource_gpu_h,permuted,0.75,4.423682389683707,-0.9476353937264381,3,False,False,True,96b7250ed7bad6b8db1256eac8c5a5bb053b6fa9e73203722bfdcd5e615ab31e,db2fa680c09c62c7d2682bce79fb70256c851a7d14b14f8d3f241a17ee8a470c
6,990608,resource_gpu_h,permuted,0.75,4.423682389683707,-0.5378189752809082,1,False,False,True,57a6f191a4b73d277c496e74e7f72d46358b7f1b0834352e219daf31428d80d5,b0b2eef395359c4dac7152287251a640b9f254383354930fbe5e86ed90019c47
6,990609,resource_gpu_h,permuted,0.75,4.423682389683707,-0.9476353937264381,1,False,False,True,0ef03847dafb939c675121b46436147fa161132ecb2480b0e7257e6917e2ce50,06162e14edd42309e29fb03b10da4b8649ec00894b241486330464144f7187b6
7,990700,job_count,chronological,0.5,2.949121593122471,3.6548460895152592,0,True,True,True,62bacd97e40279e769fc37f3344306fcc65153b5f777cc7a14d89b445387c0f2,8f06f534381cde8f6cea5bdc1042157aac35f9283664581d0a8bc0732d1762a4
7,990701,job_count,chronological,0.5,2.949121593122471,3.7474125641100064,0,True,True,True,ae0ec593a3c97af398c27cf0e7c421ad11d5d1f596292e808253b652558785c6,448e048bd7b5a9af90f7c5f140f56db589d6e9c34f09d0f2c2ac71bfe5269096
7,990702,job_count,chronological,0.5,2.949121593122471,2.4514819197839435,0,True,True,True,dce3b11d54681053969f0569b5547c9694c4424dc2c77540d4e584417d4a0c3e,743e4be816f011ba8975bae03098fa746a2db0d7129c0083203d3ede2ec751e8
7,990703,job_count,chronological,0.5,2.949121593122471,2.4514819197838866,0,True,True,True,3de6ba8b6008c15e7dae5caf4c56eaa94e18d54e2f9743800dea6cac727c9342,0c29e25059a342783b3136ce40de1d9011a162cef9d9a135484590956ee4927c
7,990704,job_count,chronological,0.5,2.949121593122471,2.4514819197838866,0,True,True,True,cc4483de92515b5d0baf01b75430053d3102261d085eb73b71df7500b5f68b62,212e7b97288141e92da7d92030376c01fdb897e9fc372080cb840fef33067144
7,990705,job_count,chronological,0.5,2.949121593122471,2.6366148689733526,0,True,True,True,21c3c7f9e1f85a015dfba76ef1d722dec472c444b23521a426dcebd2b27c7609,ea04b27e23915b118e02592e7cf973a6cedfa85446f9f6ea7269df2bad6a3d9e
7,990706,job_count,chronological,0.5,2.949121593122471,2.6366148689733526,0,True,True,True,63110b285ea02aa6d73a82325fd2cc80ea9246b216c3d53c5086a72013ba6c70,ebfdbb9f6d3fcc8d679e05631efa47c59eb5cc2a31ea3127a4e4f7fcc7198df1
7,990707,job_count,chronological,0.5,2.949121593122471,2.451481919783915,0,True,True,True,f88cd212a73af75b98a303ed807efc4a59ee17c7abfdaf5ca98640b62d58b42e,b29139be1c6a1261ca034d71eedc91315774341ffb7f2d6443e389a0d9f2f083
7,990708,job_count,chronological,0.5,2.949121593122471,2.6366148689734095,0,True,True,True,c662d81c6554887c28a20de4256d7f54ecdd0c28f52fc12ebbe72d2ce5d9fabf,7a5db23dd48093e7e80be103885f322b9ceb33cc13c41793e90ed53f0e3f7311
7,990709,job_count,chronological,0.5,2.949121593122471,2.4514819197839435,0,True,True,True,5107914fef91c08a86b08dbe48e63bbf50a5933e7533974d6fc9edb8babf2207,df8bec8bf6653087c0c1859dc6161776a2ed7fcab2d83ac9f57b706ae12941a5
7,990700,job_count,chronological,0.75,4.423682389683707,2.254013332782085,0,True,True,True,2dc17b98abc1eb21608322a704fe067c7aa0b089cfcabbb097cdeafdad77f580,8f06f534381cde8f6cea5bdc1042157aac35f9283664581d0a8bc0732d1762a4
7,990701,job_count,chronological,0.75,4.423682389683707,2.3465798073768322,0,True,True,True,12a2c94c2550c10f85c44d40f276f5019d3d0dcd2594b430abed433e6daa9e14,448e048bd7b5a9af90f7c5f140f56db589d6e9c34f09d0f2c2ac71bfe5269096
7,990702,job_count,chronological,0.75,4.423682389683707,1.0506491630507693,0,True,True,True,bc4e2ee22b003ceb3e7921041dcd637fca5474c1669c4ebd9cfce6bd318c01ea,743e4be816f011ba8975bae03098fa746a2db0d7129c0083203d3ede2ec751e8
7,990703,job_count,chronological,0.75,4.423682389683707,1.0506491630507124,0,True,True,True,712ce3cfd1dc68300b5897dc3e023f11e59d95da020b2a3a87e81b723e5b4d2c,0c29e25059a342783b3136ce40de1d9011a162cef9d9a135484590956ee4927c
7,990704,job_count,chronological,0.75,4.423682389683707,1.0506491630507124,0,True,True,True,88a814dbae26915a59abc3517623db0544acdbaee3eea979c42ce57cb22d0101,212e7b97288141e92da7d92030376c01fdb897e9fc372080cb840fef33067144
7,990705,job_count,chronological,0.75,4.423682389683707,1.2357821122401784,0,True,True,True,030d4eafaba1e327cc006aa5761da57c28fe776560c1cbf6e4397d9646031b14,ea04b27e23915b118e02592e7cf973a6cedfa85446f9f6ea7269df2bad6a3d9e
7,990706,job_count,chronological,0.75,4.423682389683707,1.2357821122401784,0,True,True,True,eddc1ef0ef039842d0e368810859a3a0c8f19ac6c3766e97342968546a141c6b,ebfdbb9f6d3fcc8d679e05631efa47c59eb5cc2a31ea3127a4e4f7fcc7198df1
7,990707,job_count,chronological,0.75,4.423682389683707,1.0506491630507409,0,True,True,True,3960d892840a268dc8c244ac9114597cfea71728e3ff83b82333fa83beec79b3,b29139be1c6a1261ca034d71eedc91315774341ffb7f2d6443e389a0d9f2f083
7,990708,job_count,chronological,0.75,4.423682389683707,1.2357821122402353,0,True,True,True,61d197f533a149965df951d30a6bc69e6ad35109397f9d9d7b41665746eb42ad,7a5db23dd48093e7e80be103885f322b9ceb33cc13c41793e90ed53f0e3f7311
7,990709,job_count,chronological,0.75,4.423682389683707,1.0506491630507693,0,True,True,True,e7d030c74922c4d38aa96eeabc7cdbb0414aa9d1cd7edc2dd5ff171a1a02ed6e,df8bec8bf6653087c0c1859dc6161776a2ed7fcab2d83ac9f57b706ae12941a5
7,990700,job_count,permuted,0.5,2.949121593122471,4.5805108354624755,0,True,True,True,c94c962a76ee3be249184dc6c0e619e40de8b2e4dd736d220e38293492a50123,4aa4de02377982df1add181fed23b029dd7baf221c0a96b0c933612d500cd4e1
7,990701,job_count,permuted,0.5,2.949121593122471,2.4514819197839435,0,True,True,True,fac6fd0a1bd03467f998cc704d3ae3337f369b0532b5bb29e717afd7222c450b,e2d71542eb8ca5b542f8179244358f7e1c9706d1c9625ac3b9a0a36b050b405d
7,990702,job_count,permuted,0.5,2.949121593122471,2.636614868973381,0,True,True,True,aaa739fae0361098ca99bf75b2ed2e814727e497ab527e082a79e88f6d777839,d63a67cf9e44eecd5f3b4785aaf19e190cfe8a4250c45de3b66791d8c9e2df46
7,990703,job_count,permuted,0.5,2.949121593122471,2.4514819197838866,0,True,True,True,985d367e548c0547482ec83c6828f73bce7318344c5fea9b4cebe461de91bb58,ac3b88f839c1d5d121a9d9abeecb985a4e291fcddc6b8934999f69d238bb9207
7,990704,job_count,permuted,0.5,2.949121593122471,3.400288284379754,0,True,True,True,308dbb9ab29e1bdb1786fefb52b3d3f7d3085bcc3bf508612c82e2fef62a7f36,71141717f8c67ab981dbcae9e5efe917a1c54a6a2f0dde797e7558b9698b9894
7,990705,job_count,permuted,0.5,2.949121593122471,2.451481919783915,0,True,True,True,cc760b91e0933560959c7f7d35a67eef06ac5349f4ec3ff393fd5af4189654f3,b41e967adbd0fab1af8a140308869a74f68207b148d13b9389ab03b2d866d7d3
7,990706,job_count,permuted,0.5,2.949121593122471,2.4977651570813313,0,True,True,True,018e88f20d6da12dd85cf7f2e181096f9cb81cd68977dc0e636e06234fd13a79,f6f722e5b9f41253f1d358eeab74d253b9fdaa14255ab8a4deb7bda404f1e360
7,990707,job_count,permuted,0.5,2.949121593122471,2.497765157081303,0,True,True,True,48cb05c4dac9f8af350100bac34bcd36643d40fc50ec4e366ab7090235c41915,abd6f29c9ab93f7932976ef559810c40a1d90855ad7a8816ee7c1a8c06c86f3c
7,990708,job_count,permuted,0.5,2.949121593122471,2.5209067757299826,0,True,True,True,4754ed1ea7df31084e76b6c56be8915ecec3c9881354b6645a65fa9873c013fb,3ac2ed49e85401c52bc42ce1b4b49d4f8ae8f485dcaeaef650b5506caddb5019
7,990709,job_count,permuted,0.5,2.949121593122471,2.497765157081303,0,True,True,True,dda70898008aa0b5f62425f2d32f5394f775fd7ea515daaef7b351e53c2f52ba,c00f242e597908e7aa7cb652184009090168070f5acd13a1d00859d965fda435
7,990700,job_count,permuted,0.75,4.423682389683707,3.1796780787293013,0,True,True,True,a83078084ef1b96f8abcc231e395dcffea2d5eba3b3d5ba710eac60c9b308399,4aa4de02377982df1add181fed23b029dd7baf221c0a96b0c933612d500cd4e1
7,990701,job_count,permuted,0.75,4.423682389683707,1.0506491630507693,0,True,True,True,85319f7c1beff7345751357e1ee14975edabcd2fe1898d2d011ea6a4ed3fad11,e2d71542eb8ca5b542f8179244358f7e1c9706d1c9625ac3b9a0a36b050b405d
7,990702,job_count,permuted,0.75,4.423682389683707,1.2357821122402068,0,True,False,True,1148ea2adb95b35139c8e7e32aeb954eee351066b1793aa2d61614f5361276e3,d63a67cf9e44eecd5f3b4785aaf19e190cfe8a4250c45de3b66791d8c9e2df46
7,990703,job_count,permuted,0.75,4.423682389683707,1.0506491630507124,0,True,True,True,ba9831a90cc47e2134c5ed7fa50b8d902647e28de2c3d799e7b8cbc29eb6c9fc,ac3b88f839c1d5d121a9d9abeecb985a4e291fcddc6b8934999f69d238bb9207
7,990704,job_count,permuted,0.75,4.423682389683707,1.99945552764658,0,True,False,True,ba1df131c5211ba83ae135807da7f92d0968e3bcf6c5f2eda0634e64a8b9c9e4,71141717f8c67ab981dbcae9e5efe917a1c54a6a2f0dde797e7558b9698b9894
7,990705,job_count,permuted,0.75,4.423682389683707,1.0506491630507409,0,True,True,True,c7d61d1436d590e1cbda9dace59fad84eee76066b737adfe341819bf1a8dcc41,b41e967adbd0fab1af8a140308869a74f68207b148d13b9389ab03b2d866d7d3
7,990706,job_count,permuted,0.75,4.423682389683707,1.096932400348157,0,True,True,True,3b1bff14f855e4350cb66408be03008d648a3c3f076dbae3fc5728c5012bc0e6,f6f722e5b9f41253f1d358eeab74d253b9fdaa14255ab8a4deb7bda404f1e360
7,990707,job_count,permuted,0.75,4.423682389683707,1.0969324003481287,0,True,True,True,22ee36427f8e341f1b1bcd564c45f9d8ab9c2d1e0a9f092aa951bd158879ad74,abd6f29c9ab93f7932976ef559810c40a1d90855ad7a8816ee7c1a8c06c86f3c
7,990708,job_count,permuted,0.75,4.423682389683707,1.1200740189968084,0,True,True,True,827539969fda4995be584affc759003b830c9b1653ed23e58b479b4025b683df,3ac2ed49e85401c52bc42ce1b4b49d4f8ae8f485dcaeaef650b5506caddb5019
7,990709,job_count,permuted,0.75,4.423682389683707,1.0969324003481287,0,True,True,True,fd2cab8b5169815ac72def2e2a11f9a642fd6d80930dbd67d9bec328d1fed66c,c00f242e597908e7aa7cb652184009090168070f5acd13a1d00859d965fda435
7,990700,resource_gpu_h,chronological,0.5,2.949121593122471,0.47104474399527785,0,True,True,True,4c01d559e07cff3d754e47e53a4fbff137ff0c89e91c6e8ff634bb188552e550,d921a1b21ee4237b65b478b65b26ca701f27028bfe262e9f2e682030199ed8e4
7,990701,resource_gpu_h,chronological,0.5,2.949121593122471,0.5161734408020058,0,True,True,True,1256726bd17cd6a292a2ff50ca7d7341ce3ae55c1716e08e2cde14e342e47a16,fb76a19404aa7449eabc85de107bd69b83e4ff05c6b0501da03b90a9a9b50cdd
7,990702,resource_gpu_h,chronological,0.5,2.949121593122471,0.6102201647199896,0,True,True,True,25c5b29d32cd8325c1397828c93edc7ffbc787fdf4053395d812069996ce5e2a,2be2e4918104cc210b65fc4c3fd69a249b9b620d6fd4ae87f646a3bc522f9aaa
7,990703,resource_gpu_h,chronological,0.5,2.949121593122471,0.610220164720018,0,True,True,True,1b9cc57b343eeae88734f12b0b23d3ebcb1fdcf4fb482ef1745f622e5e489ab6,ae9d5df829aee437095ce95e78f3fb8878cb00a2c4c3a5acf3a6707a3d033587
7,990704,resource_gpu_h,chronological,0.5,2.949121593122471,1.2065474082604188,0,True,True,True,9fa844f954f967e185c470fdcd8842772fe89c9b64a13a313b1318fadb897d44,2e98f2194355e96c90d4284262ce924cd7635160650fe037d48ce0bfb07bda5e
7,990705,resource_gpu_h,chronological,0.5,2.949121593122471,1.2065474082603904,0,True,True,True,a91f3f4cedbfad15c95bc26de9fc8781da9f349ad0f2a3b78d1558c0e8b81797,817efa515a0650a136180a487b5812338db381628a900740aa3ac92e1e59153c
7,990706,resource_gpu_h,chronological,0.5,2.949121593122471,1.2065474082603904,0,True,True,True,f72a6c67e65ac3c8e1ab5cb694c407ec81954f509aec29d2254796a38263c549,f50cade22d6dcc1cf5d040b15fc96c908d3b4106fd6dc7bc4ee730a74ecc69f9
7,990707,resource_gpu_h,chronological,0.5,2.949121593122471,0.47104474399527785,0,True,True,True,6d5005fd01a6df1a8778eb2473877219fca638fe5c4118281dd7c0cf5f04e839,92af71199f6000d95a3d3293427c3e3abb2fc8d88cfc675fec6407557af9f31c
7,990708,resource_gpu_h,chronological,0.5,2.949121593122471,1.2065474082604473,0,True,True,True,d570a087ac735bcae83bd95f3eafa9d623f2029c19b319a613bf1e90c87c6364,b115bfd1c5ee38778ba561e1b3a9f13f86305a936ff2aab4fb553ddbee541b70
7,990709,resource_gpu_h,chronological,0.5,2.949121593122471,1.2065474082604473,0,True,True,True,5e5dedec9121b6bbaddbdbfb634955dace2f152ced275499092f2c48d5ceebca,262c851caf48c64308e6f4188dcd60c3f706db207256edbaceba08984758fe03
7,990700,resource_gpu_h,chronological,0.75,4.423682389683707,-0.9297880127378964,2,False,False,True,f58556cdc7effd395350e99bf845d2e16c64aef869d47f25b731b8b7e90c8dbf,d921a1b21ee4237b65b478b65b26ca701f27028bfe262e9f2e682030199ed8e4
7,990701,resource_gpu_h,chronological,0.75,4.423682389683707,-0.8846593159311684,1,False,False,True,6e9ef4787cee016341e19396be9698ad7b94a8b5e99d82345a012a721d554f27,fb76a19404aa7449eabc85de107bd69b83e4ff05c6b0501da03b90a9a9b50cdd
7,990702,resource_gpu_h,chronological,0.75,4.423682389683707,-0.7906125920131846,3,False,False,True,6c1a4c6a484343381531b53557cff7868601609d117343872f24554c880f0052,2be2e4918104cc210b65fc4c3fd69a249b9b620d6fd4ae87f646a3bc522f9aaa
7,990703,resource_gpu_h,chronological,0.75,4.423682389683707,-0.7906125920131561,3,False,False,True,bd2e16074e26036bc8b5b35987759841e8abaafa265d30b5fee89fe55f0f9f5e,ae9d5df829aee437095ce95e78f3fb8878cb00a2c4c3a5acf3a6707a3d033587
7,990704,resource_gpu_h,chronological,0.75,4.423682389683707,-0.19428534847275536,2,False,False,True,939653710fad47f76e59846ccf6a376f9fd67cef6a5ca358ba3d0d2b7da0142e,2e98f2194355e96c90d4284262ce924cd7635160650fe037d48ce0bfb07bda5e
7,990705,resource_gpu_h,chronological,0.75,4.423682389683707,-0.19428534847278378,2,False,False,True,895bfe4a402f51e5579c7d96103415a03e073820d1acd5791436a2a165614397,817efa515a0650a136180a487b5812338db381628a900740aa3ac92e1e59153c
7,990706,resource_gpu_h,chronological,0.75,4.423682389683707,-0.19428534847278378,1,False,False,True,860e752436e429062fa3d30ed668929be194877a26638881fbedf07961f20383,f50cade22d6dcc1cf5d040b15fc96c908d3b4106fd6dc7bc4ee730a74ecc69f9
7,990707,resource_gpu_h,chronological,0.75,4.423682389683707,-0.9297880127378964,4,False,False,True,0c79776027847c0bdbac2153ae8844af4458df24bc4b8e34bdba674b37233167,92af71199f6000d95a3d3293427c3e3abb2fc8d88cfc675fec6407557af9f31c
7,990708,resource_gpu_h,chronological,0.75,4.423682389683707,-0.19428534847272694,2,False,False,True,5564be564834ccb215493af552ef845214ce62af2d1fad11636f053dd35cdee5,b115bfd1c5ee38778ba561e1b3a9f13f86305a936ff2aab4fb553ddbee541b70
7,990709,resource_gpu_h,chronological,0.75,4.423682389683707,-0.19428534847272694,2,False,False,True,0cef166e51687090520348d214cde009a5b51f988faff95b1c9c81642dafd38d,262c851caf48c64308e6f4188dcd60c3f706db207256edbaceba08984758fe03
7,990700,resource_gpu_h,permuted,0.5,2.949121593122471,0.8557160492018872,0,True,True,True,b3e1707ffbe0dfa507d90cf0975002f02663420c14f8a39ad08a066f11bc3485,0c661f27dd31d8609674de0467c9fabc309783ad7584e10eab61d078acc276eb
7,990701,resource_gpu_h,permuted,0.5,2.949121593122471,-1.4051623242492477,1,False,False,True,8b788ae2585f4b7a9a006b3f475a54267c90630ecd10ed09ecc707035da6af2e,91dadfd44ab384c07fda366ab54997190b4ce1a403f6d14446c19d4aea4b1f4e
7,990702,resource_gpu_h,permuted,0.5,2.949121593122471,0.8557160492018872,0,True,True,True,33c69cc8818aba098483eb460c053463e7d5a2da187b0def94fb3234df32b8fd,412cd3a8f5de1ebafe8322306536c210e3a4eed39cf0312ce840d4b701a56dbe
7,990703,resource_gpu_h,permuted,0.5,2.949121593122471,1.2274472540570533,0,True,True,True,2c69d7623281f1b2c6d57c0e02a1e1ea91d75de532546ab386b70dfa3d41f7ad,50d346f9d26d9d9fc453f30fdaa8241fe881c478eb457cb4c19571690151c505
7,990704,resource_gpu_h,permuted,0.5,2.949121593122471,2.7883845693438465,0,True,True,True,0030d64c9e0476e3980946eb21c6168ba84c25c9a23727e78cf81d57a216d2b8,432b32d0769c96cca70306a9e12233305d63550b948fb937045ba058c07e78b0
7,990705,resource_gpu_h,permuted,0.5,2.949121593122471,-0.4990742199973832,1,False,False,True,aff90616b38b07811663b594ec80f5ac16b93a11aac2f22e66612ef0f6df3964,44d768bc673087936ff3efb6d96ee48e23da3cc27cea8e65a78693de2ce9281d
7,990706,resource_gpu_h,permuted,0.5,2.949121593122471,1.2065474082604473,0,True,True,True,ba3098a609bc9d4dc2e878a50f66a7dc48589ead5b20c69a59677e1dc922e6fc,ccb1eff7ba0a48a712a541872a506c1ce02381ec6a397369adb56868568c3706
7,990707,resource_gpu_h,permuted,0.5,2.949121593122471,1.3203409106082082,0,True,True,True,a2053a97ab7e22bf809ad8f1ac4245cb1bda74c1736819305db94cd03693544b,314a0b5491e91d309e585f795398d5b7e69e73d6dc59fe0996caeb07e5491475
7,990708,resource_gpu_h,permuted,0.5,2.949121593122471,1.2065474082604473,0,True,True,True,558f9d596ea25f63638ff4f5788b3b85e1cc11b8886ca19390850641a3ba165d,0f1ef148d4b155c903e42e5de0bcb8857e62b1fd4a5dbc562641e5d8aaa423a2
7,990709,resource_gpu_h,permuted,0.5,2.949121593122471,-0.4990742199973548,1,False,False,True,b54b751ced9f77540691b53465d3db436aab8612ffd2521ac4a083671ec47498,74c9f82a6339a42d29a11360c43d466b39e6d1235033a9ba794b5444afb24ed6
7,990700,resource_gpu_h,permuted,0.75,4.423682389683707,-0.545116707531287,1,False,False,True,09a1da1c99e3f58698795c0dee79a2f4d0f7e97758d6298c27fa75c444e65a79,0c661f27dd31d8609674de0467c9fabc309783ad7584e10eab61d078acc276eb
7,990701,resource_gpu_h,permuted,0.75,4.423682389683707,-2.805995080982422,1,False,False,True,66d0c07e2c8d4c20d702c5fff3c6777a7505d167e21406b1177409484866c908,91dadfd44ab384c07fda366ab54997190b4ce1a403f6d14446c19d4aea4b1f4e
7,990702,resource_gpu_h,permuted,0.75,4.423682389683707,-0.545116707531287,2,False,False,True,7826186add19588f3caa32434553325b13c9f7713fd2bd6cc38f14e780b839e0,412cd3a8f5de1ebafe8322306536c210e3a4eed39cf0312ce840d4b701a56dbe
7,990703,resource_gpu_h,permuted,0.75,4.423682389683707,-0.17338550267612085,1,False,False,True,98cc0b6c195e833016a2d42949f6e1c8cdacedfeb25bdd8d19db7ddffdc396d3,50d346f9d26d9d9fc453f30fdaa8241fe881c478eb457cb4c19571690151c505
7,990704,resource_gpu_h,permuted,0.75,4.423682389683707,1.3875518126106723,0,True,False,True,d17da59e59bfb8c48af31bcef27cfb301450b78f5d2ec1aa9cbc27504e618cd0,432b32d0769c96cca70306a9e12233305d63550b948fb937045ba058c07e78b0
7,990705,resource_gpu_h,permuted,0.75,4.423682389683707,-1.8999069767305574,1,False,False,True,8e84f6e32f106d42782c7ad249cb33caa2f8d318a3ad077546e27bf88119ce5c,44d768bc673087936ff3efb6d96ee48e23da3cc27cea8e65a78693de2ce9281d
7,990706,resource_gpu_h,permuted,0.75,4.423682389683707,-0.19428534847272694,1,False,False,True,1480593e3dbacf4c0750d395088de88797ecdccb1b4d54d087cbad62d0e81fe2,ccb1eff7ba0a48a712a541872a506c1ce02381ec6a397369adb56868568c3706
7,990707,resource_gpu_h,permuted,0.75,4.423682389683707,-0.08049184612496596,1,False,False,True,fd1a767299bc2329ff71bbf3bba0599096861df937e6cd00fb63415e6147600f,314a0b5491e91d309e585f795398d5b7e69e73d6dc59fe0996caeb07e5491475
7,990708,resource_gpu_h,permuted,0.75,4.423682389683707,-0.19428534847272694,1,False,False,True,ac003fc77a9497ed3b9d33cd977615b2c2fa68872d5f8fb775460bbfedc5a053,0f1ef148d4b155c903e42e5de0bcb8857e62b1fd4a5dbc562641e5d8aaa423a2
7,990709,resource_gpu_h,permuted,0.75,4.423682389683707,-1.899906976730529,2,False,False,True,9206f3ad836a02c322e9b96c6adc336e14e259d820d30dd9ca6ee36bf39d9c88,74c9f82a6339a42d29a11360c43d466b39e6d1235033a9ba794b5444afb24ed6
