evaluation_split,scenario_id,scenario_hash,episode_seed,event_id,event_start_hour,event_stop_hour,recovery_stop_hour,duration_h,notice_h,reliability_target,confidence_level,technical_capacity_ceiling_kw,offer_fraction_of_technical_ceiling,candidate_reduction_kw,technical_success,technical_failure_reasons,delivery_ratio,minimum_interval_delivery_ratio,delivered_energy_kwh,capped_delivered_energy_kwh,shortfall_energy_kwh,deferred_gpu_h,recovered_within_recovery_window_gpu_h,recovered_through_episode_end_gpu_h,unrecovered_at_recovery_stop_gpu_h_proxy,unrecovered_at_episode_end_gpu_h_proxy,missed_gpu_h,backlog_at_recovery_stop_gpu_h,terminal_backlog_gpu_h,incremental_backlog_area_within_recovery_gpu_h_h,incremental_backlog_area_through_episode_end_gpu_h_h,incremental_energy_within_recovery_kwh,incremental_energy_through_episode_end_kwh,event_peak_delta_kw,recovery_peak_delta_kw,checkpoint_count_or_proxy,checkpoint_proxy_method,paired_pcc_match_max_abs_kw,controlled_work_conservation_error_gpu_h,no_dr_work_conservation_error_gpu_h
development_parameterized_screening,hourly_seed_20000,c53ae573b0664487ef9674ac8f746f47e59c1e10b31f872f34607fdfd247e7e8,20000,0,115,117,141,2,0,0.95,0.95,45.7355299495,1,45.7355299495,True,none_technical_success,0.986419035104,0.972838070208,90.4631750455,90.2287946455,1.24226525347,291.7025384,141.441294375,753.287344423,150.261244026,0,0,611.846040382,0,8658.68833954,11437.7440898,-179.990550863,2.62887476765e-06,-45.9699103495,-26.2063499904,0,not_explicit_in_model_a,0,3.81987774745e-11,3.7971403799e-11
development_parameterized_screening,hourly_seed_20001,2f60cb23c7a2aa21eb5499cf86c679c5758a21d91c6b6ff59534e37ff1898942,20001,0,64,66,90,2,0,0.95,0.95,45.7355299495,1,45.7355299495,True,none_technical_success,1,1,97.4473772558,91.471059899,0,323.418227553,146.419649788,616.224688482,176.998577765,0,0,460.892605023,0,7166.73343806,7991.78844188,-134.383719784,1.19992316469,-49.1288127719,-29.5770244482,0,not_explicit_in_model_a,0,2.45847786573e-11,2.48121523327e-11
development_parameterized_screening,hourly_seed_20002,543b98f9608afb8dd3b79273631996a4e6cee3584d59c35ec52dbfd0017343dc,20002,0,88,90,114,2,0,0.95,0.95,45.7355299495,1,45.7355299495,True,none_technical_success,1,1,94.2096377982,91.471059899,0,305.47147848,138.665698072,335.221949176,166.805780408,0,2.30926389122e-13,193.304029718,0,5243.7512179,5349.46219133,-56.8654465261,1.65018406051e-06,-46.5621802603,-3.20778392606,0,not_explicit_in_model_a,0,9.59232693276e-12,6.30961949355e-12
development_parameterized_screening,hourly_seed_20003,68c503bf49c743ad5976bad45c6adf02907306e39698ec783e5f14f11bc88bf5,20003,0,63,65,89,2,0,0.95,0.95,45.7355299495,1,45.7355299495,True,none_technical_success,0.996325490507,0.992650981013,93.0445171845,91.134948621,0.336111277974,302.112147758,135.544371561,810.404789571,166.567776197,0,0,674.860359794,0,8971.3485671,11019.6917378,-194.685263537,3.84260405136,-47.6450985129,-28.10476693,0,not_explicit_in_model_a,0,4.36557456851e-11,3.93072241422e-11
development_parameterized_screening,hourly_seed_20004,24c5bbc6d431aa9062833bf977664a48973775f62bb95828c1db7026e1b0dc40,20004,0,63,65,89,2,0,0.95,0.95,45.7355299495,1,45.7355299495,True,none_technical_success,0.987966335791,0.975932671583,93.142477161,90.3703278794,1.10073201962,315.961279524,153.446055707,409.024142405,162.515223817,0,0,255.578008497,0,5378.25912576,5735.44376643,-75.1849699449,1.72066268078e-06,-48.5076792312,-10.9791851239,0,not_explicit_in_model_a,0,3.07807113131e-11,2.45563569479e-11
development_parameterized_screening,hourly_seed_20005,2ff7083b833a8bd214641c67e6d51a44824091e7705e6a00f39cbd3ef4c58b85,20005,0,139,141,165,2,0,0.95,0.95,45.7355299495,1,45.7355299495,False,"mean_delivery,interval_delivery",0.909507150353,0.819014300706,84.8972218685,83.1935830285,8.27747687051,274.235566901,143.759863,951.473792575,130.475703902,0,0,807.713929576,0,10457.3480332,12158.6392032,-237.610227358,7.91186096194e-07,-47.4391687895,-30.5112094345,0,not_explicit_in_model_a,0,3.92503807234e-11,3.21165316564e-11
development_parameterized_screening,hourly_seed_20006,20538feb278c0470c766f06c689d2a3dd425be3d63ab46475fb6600b2bbc2ab7,20006,0,66,68,92,2,0,0.95,0.95,45.7355299495,1,45.7355299495,True,none_technical_success,1,1,91.7828487786,91.471059899,0,299.432019689,122.788523356,877.88737962,176.643496334,0,0,744.636871266,0,9497.55856037,11373.6015091,-219.05445611,1.65232279414e-06,-45.8522176768,-30.7412839594,0,not_explicit_in_model_a,0,1.79056769412e-11,1.0629719327e-11
development_parameterized_screening,hourly_seed_20007,f829e9c34dde1c1ec1d1be2ee6fbc84597a7245a833550135a208c5c534cce6f,20007,0,89,91,115,2,0,0.95,0.95,45.7355299495,1,45.7355299495,True,none_technical_success,0.999697937594,0.999395875189,92.8951581485,91.4434299306,0.0276299684057,301.467302055,168.345363528,769.310675116,133.121938527,0,2.09610107049e-13,559.016845674,0,7234.66744178,8349.01500569,-164.44946085,-1.70530256582e-13,-47.1872581674,-28.7581373423,0,not_explicit_in_model_a,0,3.56976670446e-11,1.3869794202e-11
development_parameterized_screening,hourly_seed_20008,740914c162e17be60f77ac5579a0598a3eb8571fb4731a6d50678d3e6c79cbac,20008,0,116,118,142,2,0,0.95,0.95,45.7355299495,1,45.7355299495,True,none_technical_success,0.994722971387,0.994467658122,90.9883644986,90.9883644986,0.482695400358,293.050630768,189.062505685,1116.17510062,103.988125083,0,0,918.834763792,0,12070.4217495,15862.8246928,-270.299334058,7.2092609571e-07,-45.5058591368,-29.325802052,0,not_explicit_in_model_a,0,1.45519152284e-11,2.43858266913e-11
development_parameterized_screening,hourly_seed_20009,8b94571a28818a8848ae7ab064f622baea7f13c3405976b167989267b691defd,20009,0,112,114,138,2,0,0.95,0.95,45.7355299495,1,45.7355299495,True,none_technical_success,0.999485773158,0.998971546316,93.3599689265,91.4240230247,0.0470368742804,310.872421929,161.026103089,663.916756925,149.846318841,0,0,502.890608237,0,6640.03724374,7128.97282162,-147.938454376,2.27576350653e-06,-47.6714758513,-29.5316591723,0,not_explicit_in_model_a,0,2.38742359215e-11,1.04876107798e-11
development_parameterized_screening,hourly_seed_20010,bfb77b8b64135e6dada6ed9d48b2a7da8c3e1939a8e7bd4c6ffa34abf6d8b8a3,20010,0,90,92,116,2,0,0.95,0.95,45.7355299495,1,45.7355299495,True,none_technical_success,0.994137727047,0.992824175621,90.9348315785,90.9348315785,0.536228320457,292.515259033,113.370064541,1034.69814256,179.145194492,0,0,904.31902045,0,10926.0896871,13206.7767146,-266.02914711,1.20709631801e-06,-45.5274917598,-28.0169063989,0,not_explicit_in_model_a,0,2.91038304567e-11,2.57500687439e-11
development_parameterized_screening,hourly_seed_20011,71ae138c0a49409767ff16ce1b47e6655ed41fe8f8cc82d7ca209a3a43de8f9f,20011,0,113,115,139,2,0,0.95,0.95,45.7355299495,1,45.7355299495,True,none_technical_success,1,1,95.8584898896,91.471059899,0,318.148801237,190.366279558,677.784136984,127.782521678,0,1.70974345792e-14,487.417846962,0,6732.35654812,7191.49021142,-143.386738275,3.41060513165e-13,-49.1355774631,-28.841599698,0,not_explicit_in_model_a,0,1.79056769412e-11,9.43600753089e-12
development_parameterized_screening,hourly_seed_20012,324eb1bcc2dcdc9b97f8eb6f95b1ca7b82dd1341a5e54094787d8b2ea631180c,20012,0,140,142,166,2,0,0.95,0.95,45.7355299495,1,45.7355299495,True,none_technical_success,0.975067313085,0.950134626171,90.6562352289,89.1904406008,2.2806192982,294.921244418,101.631854954,902.942550258,193.289389463,0,3.90798504668e-14,801.310695303,0,11910.1904275,13380.6097795,-235.726548915,-5.68434188608e-14,-43.4549106513,-28.716448581,0,not_explicit_in_model_a,0,3.22870619129e-11,3.06954461848e-11
development_parameterized_screening,hourly_seed_20013,46aa0a02d7df46a81923d5b5c333bacea143c01a96e21e86a18f9f4e0ba573bf,20013,0,67,69,93,2,0,0.95,0.95,45.7355299495,1,45.7355299495,True,none_technical_success,0.960612190322,0.950000001385,87.8682152006,87.8682152006,3.60284469837,287.673161743,137.228938252,905.591776639,150.444223491,0,0,747.245541752,0,10031.4148393,11380.5959578,-219.821866577,-1.13686837722e-13,-43.4487535154,-29.02515551,0,not_explicit_in_model_a,0,2.51816345553e-11,1.05160324892e-11
development_parameterized_screening,hourly_seed_20014,13a5bd2d3c56f52b07c16191357b778eb418d90756c8d14b00e08fd27a8caf22,20014,0,88,90,114,2,0,0.95,0.95,45.7355299495,1,45.7355299495,True,none_technical_success,1,1,96.7726546274,91.471059899,0,321.908505678,140.949952425,773.800852777,180.958553253,0,1.35447209004e-14,624.393476476,0,7604.27488534,9130.41063451,-183.681710774,-1.70530256582e-13,-48.3640579261,-28.3251477662,0,not_explicit_in_model_a,0,2.06910044653e-11,2.55226950685e-11
development_parameterized_screening,hourly_seed_20015,b88d99b8a9f62d7a26080c6b013b2ea8755a21ad6860ade485dbf6ad24c740c3,20015,0,66,68,92,2,0,0.95,0.95,45.7355299495,1,45.7355299495,True,none_technical_success,1,1,97.5714807531,91.471059899,0,326.485433566,127.75235495,1010.64776878,198.733078616,0,0,841.753474471,0,10046.5365763,12126.2566228,-247.623850322,2.37074124243e-06,-48.9681876751,-29.2664211464,0,not_explicit_in_model_a,0,2.12594386539e-11,1.19939613796e-11
development_parameterized_screening,hourly_seed_20016,fcdfbaffdb204e998fb10c34da1b43bcfcb11895d80984065066bb843205ec0f,20016,0,91,93,117,2,0,0.95,0.95,45.7355299495,1,45.7355299495,True,none_technical_success,0.988864607515,0.988324843048,90.452493746,90.452493746,1.01856615301,293.567576079,162.481272115,915.028849315,131.086303964,0,0,752.547537858,0,9557.59388495,11073.1876266,-221.381585325,2.40805093199e-06,-45.2015604591,-29.2177954465,0,not_explicit_in_model_a,0,3.92503807234e-11,1.94972926693e-11
development_parameterized_screening,hourly_seed_20017,2f5d41ef67d7b46fba35da20232abfb356853a55ca8813c568bcfb61789eb0b3,20017,0,115,117,141,2,0,0.95,0.95,45.7355299495,1,45.7355299495,True,none_technical_success,0.998586897132,0.997173794265,93.5608771414,91.3418018819,0.129258017047,302.501481118,149.616842859,962.585131631,152.88463826,0,0,809.867618352,0,10057.2613596,11912.202828,-238.243792166,0,-45.6062719324,-28.4887805297,0,not_explicit_in_model_a,0,1.035260766e-11,1.03455022327e-11
development_parameterized_screening,hourly_seed_20018,8e763f3271a7a4097ce6d5765e7d72366ebd1a38bb9b8d4a77586cae7b5586a8,20018,0,135,137,161,2,0,0.95,0.95,45.7355299495,1,45.7355299495,True,none_technical_success,1,1,94.1631863026,91.471059899,0,308.764916215,129.359634739,487.022732817,179.405281476,0,1.45661260831e-13,357.663085522,0,7423.34528665,7773.87527235,-105.215973428,5.68434188608e-14,-48.3609879103,-18.5787844513,0,not_explicit_in_model_a,0,2.91038304567e-11,1.78204118129e-11
development_parameterized_screening,hourly_seed_20019,26b82610da5a7e89dd575868500cb0a5f1b0c96ed8feee76ef27a6a4055b6ad9,20019,0,88,90,114,2,0,0.95,0.95,45.7355299495,1,45.7355299495,True,none_technical_success,0.993543842649,0.987087685297,93.8328860021,90.8805083432,0.590551555816,313.674071075,140.150024993,392.90107533,173.524046083,0,0,179.424510617,0,5487.94678339,6396.74555812,-52.7824237547,1.13686837722e-13,-48.6879076084,0,0,not_explicit_in_model_a,0,3.70050656784e-11,4.68958205602e-11
development_parameterized_screening,hourly_seed_20020,e8342e9517614c5c3a851bc53a3fca9995119a1fd74439c9c7c25d2baa659cec,20020,0,111,113,137,2,0,0.95,0.95,45.7355299495,1,45.7355299495,True,none_technical_success,0.996769844361,0.993539688721,92.4006872487,91.175594139,0.295465759973,300.709945449,119.19971913,951.309361791,181.510226319,0,1.37667655054e-14,832.109628319,0,9602.90265665,12432.7838185,-244.786860618,1.89655952454e-06,-46.9606230592,-29.3520866831,0,not_explicit_in_model_a,0,2.70574673777e-11,1.07434061647e-11
development_parameterized_screening,hourly_seed_20021,701ff2017db7951381fa4cef6045ac0dec51fbb4cca48ed63ba37009fa9f3cd0,20021,0,112,114,138,2,0,0.95,0.95,45.7355299495,1,45.7355299495,True,none_technical_success,1,1,96.8315645686,91.471059899,0,317.097647667,140.177992632,833.273461228,176.919655035,0,0,693.095445759,0,8423.12507332,10821.3521913,-203.892196192,0,-48.8458984243,-29.7812426607,0,not_explicit_in_model_a,0,1.5916157281e-11,1.25623955682e-11
development_parameterized_screening,hourly_seed_20022,ff5ee2ebbe97b041c4f52690bebeea5c4791804519777c2b3465735aa7ea18bc,20022,0,90,92,116,2,0,0.95,0.95,45.7355299495,1,45.7355299495,True,none_technical_success,0.983154215673,0.966308431347,92.5351766792,89.9301581518,1.54090174719,307.607229787,151.66255807,668.505441352,155.944671716,0,0,516.842824095,0,7518.69147638,8329.9214125,-152.042863952,2.77853717989e-06,-48.3405484769,-29.0206650606,0,not_explicit_in_model_a,0,3.97903932026e-11,2.4101609597e-11
development_parameterized_screening,hourly_seed_20023,23d215f649dc36ba5204172d21e77aec2dbf760dbdb812544d2d4f3531b50b4a,20023,0,87,89,113,2,0,0.95,0.95,45.7355299495,1,45.7355299495,True,none_technical_success,1,1,94.1568562866,91.471059899,0,318.242649444,131.659693547,671.119319517,186.582955896,0,0,537.679327086,0,6881.8036153,7734.20052919,-158.172470354,-1.13686837722e-13,-47.1899561303,-27.258137918,0,not_explicit_in_model_a,0,3.39923644788e-11,2.51816345553e-11
development_parameterized_screening,hourly_seed_20024,bfa1c712515b6b2871c9d0496b7089348376adcf5e92ff38c1db0aa37274c189,20024,0,66,68,92,2,0,0.95,0.95,45.7355299495,1,45.7355299495,True,none_technical_success,1,1,92.2338290503,91.471059899,0,298.08809479,134.938217839,786.83873554,163.149876951,0,6.39488462184e-14,635.94362901,0,8305.5784974,9146.85897091,-187.079490951,0,-45.9483514684,-29.5396604132,0,not_explicit_in_model_a,0,1.81898940355e-11,1.81898940355e-11
development_parameterized_screening,hourly_seed_20025,8b9c56a801f81f8d87fb1d59598d500fc4c6d3dd64f3eb57a3ae00627332af2e,20025,0,88,90,114,2,0,0.95,0.95,45.7355299495,1,45.7355299495,True,none_technical_success,1,1,91.6948707868,91.471059899,0,297.038055648,155.32671365,668.84440404,141.711341998,0,0,513.517656231,0,5857.41092816,6493.1540685,-151.064681427,2.84217094304e-13,-45.8841986507,-30.6627424163,0,not_explicit_in_model_a,0,2.46700437856e-11,1.69961822394e-11
development_parameterized_screening,hourly_seed_20026,6e6e393e3da9889909b881d6cf110a2f75b727442ea9092b5c0f92694f251b83,20026,0,135,137,161,2,0,0.95,0.95,45.7355299495,1,45.7355299495,True,none_technical_success,1,1,97.8957592106,91.471059899,0,316.947820067,105.235673441,550.422571198,211.712146626,0,0,445.186896668,0,8652.7702529,10368.5669578,-130.570841096,0.392555984967,-49.4856724301,-21.2821850953,0,not_explicit_in_model_a,0,3.81419340556e-11,1.79056769412e-11
development_parameterized_screening,hourly_seed_20027,1ac90b35e11f1b160908c6ae12628886ef5fc616269d57f4e09c799e9df96110,20027,0,67,69,93,2,0,0.95,0.95,45.7355299495,1,45.7355299495,True,none_technical_success,0.971571404514,0.958188819769,88.8706661384,88.8706661384,2.60039376054,288.778806166,167.385927414,780.321899839,121.392878752,0,0,612.935923244,0,7793.64340638,8844.04007579,-180.311171109,-2.84217094304e-13,-45.0473926746,-28.9153322886,0,not_explicit_in_model_a,0,1.25055521494e-11,2.11457518162e-11
development_parameterized_screening,hourly_seed_20028,f51e99eb46113ce586fa7af8b9757c8b754a2014a2e17f072a30c20fafd9aaee,20028,0,91,93,117,2,0,0.95,0.95,45.7355299495,1,45.7355299495,True,none_technical_success,0.981627761321,0.963255522641,90.0212530966,89.7905317543,1.68052814472,291.530467136,125.030252456,849.340860255,166.50021468,0,0,724.31057322,0,8524.26216484,10115.5558623,-213.074942318,1.98120284267e-06,-44.0550018048,-27.4026236332,0,not_explicit_in_model_a,0,4.53610482509e-11,3.31965566147e-11
development_parameterized_screening,hourly_seed_20029,e9ca373a34dde68a471af780189aead715d121ad1cbaf0cd7bb76e6ab85d203e,20029,0,64,66,90,2,0,0.95,0.95,45.7355299495,1,45.7355299495,True,none_technical_success,1,1,96.4010197513,91.471059899,0,311.105102176,151.958874622,813.867813544,159.146227554,0,5.3290705182e-14,655.706027823,0,7084.66543348,8395.73545247,-192.893118671,-3.41060513165e-13,-49.3941873018,-28.738561845,0,not_explicit_in_model_a,0,1.80193637789e-11,1.77351466846e-11
development_parameterized_screening,hourly_seed_20030,d6def8624b176139301cda7379850cd4dcaaaa64a49b8e0e664d41c87c7f4d80,20030,0,87,89,113,2,0,0.95,0.95,45.7355299495,1,45.7355299495,True,none_technical_success,1,1,97.2872776293,91.471059899,0,324.55852592,168.90370484,422.22662772,155.65482108,0,0,253.322874242,0,8032.24074507,8462.31643812,-67.1548142332,7.36675056842,-48.0809267791,-18.3947289586,0,not_explicit_in_model_a,0,1.04023456515e-11,1.20508047985e-11
development_parameterized_screening,hourly_seed_20031,8218cfabc0188dc50ee5cebacb0feab9bd0baaaf670c05a52f89e2c3fb07d8d6,20031,0,138,140,164,2,0,0.95,0.95,45.7355299495,1,45.7355299495,True,none_technical_success,0.992444550582,0.984889101165,91.0493211341,90.7799549327,0.691104966242,294.127874305,123.633828703,898.082766404,170.494045603,0,0,774.448937701,0,10074.6766907,11852.0281297,-227.824456271,2.4132505132e-06,-45.0444249832,-27.9349671961,0,not_explicit_in_model_a,0,3.16049408866e-11,1.72803993337e-11
development_parameterized_screening,hourly_seed_20032,2a8c9e9b61a659dfa5dcca71c1a5a5df728b1cf3b8d2476f82cc0d2bc74248a2,20032,0,68,70,94,2,0,0.95,0.95,45.7355299495,1,45.7355299495,True,none_technical_success,0.982889827284,0.974011425156,89.9059742656,89.9059742656,1.5650856334,290.761014091,177.879666772,1159.07117943,112.88134732,0,0,972.666068218,0,12581.1033586,16437.1606703,-286.135224267,5.68434188608e-13,-45.3590455592,-28.4370929147,0,not_explicit_in_model_a,0,1.06865627458e-11,1.02318153949e-11
development_parameterized_screening,hourly_seed_20033,355443adf5f22e18ca1f5d03b6750cd89f09743fb5231bd0a47f03540fe209c0,20033,0,140,142,166,2,0,0.95,0.95,45.7355299495,1,45.7355299495,True,none_technical_success,0.993176815585,0.98635363117,91.3760369567,90.8469359886,0.624123910348,296.607263565,172.402382522,1062.70543262,124.204881043,0,0,890.303050102,0,12724.1591246,14177.1309204,-261.905981126,2.05768753858e-06,-45.1114060391,-29.4489063455,0,not_explicit_in_model_a,0,1.54614099301e-11,1.80762071977e-11
development_parameterized_screening,hourly_seed_20034,1156190aa6a251ea3537aeb663fb9aa5cfff75305d7fadc74c28863bab5e97ad,20034,0,65,67,91,2,0,0.95,0.95,45.7355299495,1,45.7355299495,True,none_technical_success,1,1,93.4464621952,91.471059899,0,303.050228041,137.240194054,882.433536694,165.810033987,0,0,745.193280863,0,8411.1818487,10055.9589009,-219.218140232,1.70530256582e-13,-46.7258606314,-29.8175588669,0,not_explicit_in_model_a,0,2.71711542155e-11,3.22586402035e-11
development_parameterized_screening,hourly_seed_20035,6b936443943e0cae5dcd30fb75d5e94008d975bc4ac207c6fe693553a0d0150e,20035,0,139,141,165,2,0,0.95,0.95,45.7355299495,1,45.7355299495,True,none_technical_success,0.974999999795,0.94999999959,90.6694520381,89.1842833827,2.28677651624,296.165993502,178.270604121,948.028160154,117.895389381,0,0,769.757556033,0,10096.5972211,11473.7714098,-226.444365773,-1.70530256582e-13,-47.2206986049,-28.3970550773,0,not_explicit_in_model_a,0,1.45519152284e-11,1.77351466846e-11
development_parameterized_screening,hourly_seed_20036,f6f8ba79c6de944d4ce94904786d094d446d2341afa8bfdd94588c25ec51eb77,20036,0,92,94,118,2,0,0.95,0.95,45.7355299495,1,45.7355299495,True,none_technical_success,0.973010337269,0.957214304667,89.0022868426,89.0022868426,2.46877305635,287.383391914,162.588811314,891.050180704,124.7945806,0,0,728.461331191,0,11265.9768341,12851.592444,-214.295997424,1.15241584808e-06,-45.2235833435,-29.5543300735,0,not_explicit_in_model_a,0,1.68540736922e-11,1.07434061647e-11
development_parameterized_screening,hourly_seed_20037,29342d74c1a231a3b581cd394ff521244e0f66f6933b6b47cfd12bb523c484fc,20037,0,140,142,166,2,0,0.95,0.95,45.7355299495,1,45.7355299495,True,none_technical_success,0.985662483734,0.971324967468,91.5791429059,90.1595920898,1.31146780917,298.648895544,160.597596077,897.383972911,138.051299467,0,0,736.786376834,0,10439.336222,11528.4759243,-216.745029009,-2.84217094304e-13,-44.4240621403,-28.9236600615,0,not_explicit_in_model_a,0,2.45279352384e-11,1.34150468512e-11
development_parameterized_screening,hourly_seed_20038,4fff07e0ff92b59f4b8533443116ca109bb36bcde77f51c07b960a2844c37ddf,20038,0,113,115,139,2,0,0.95,0.95,45.7355299495,1,45.7355299495,True,none_technical_success,0.989206249925,0.97841249985,92.5684368281,90.4837441393,0.987315759664,300.11977965,101.559865962,1199.03085997,198.559913688,0,0,1097.47097977,0,12186.0486889,18162.9872488,-322.849859518,1.48123473309e-06,-47.8202226383,-28.3638114049,0,not_explicit_in_model_a,0,3.143441063e-11,1.57740487339e-11
development_parameterized_screening,hourly_seed_20039,12a326cb640497b3ed0eda341a0dbc3528cfcebb0504ab156bd1f3a34b17036a,20039,0,138,140,164,2,0,0.95,0.95,45.7355299495,1,45.7355299495,True,none_technical_success,1,1,94.0683596677,91.471059899,0,305.005562453,167.528434727,767.139018911,137.477127726,0,0,599.610584184,0,7892.33635173,8650.45041762,-176.391170539,2.73589574817e-06,-46.309339381,-27.5926075657,0,not_explicit_in_model_a,0,1.87014848052e-11,1.00044417195e-11
development_parameterized_screening,hourly_seed_20040,7dd43c6f1f12bd9ec8b805004ea93f6916023767679320411afa6715df134e94,20040,0,115,117,141,2,0,0.95,0.95,45.7355299495,1,45.7355299495,True,none_technical_success,0.993736562228,0.987473124455,93.2816488909,90.8981366073,0.57292329164,303.598878271,162.545454178,839.959199832,141.053424093,0,0,662.733010189,0,9292.35227633,10609.7343965,-194.960287075,2.68523734803e-06,-45.1626066579,-29.1968507272,0,not_explicit_in_model_a,0,3.28554961015e-11,2.50395260082e-11
development_parameterized_screening,hourly_seed_20041,ef7439e52da1061cdc86c4edb66ca4e110608f7dbeb99df4f454878e1296e8b2,20041,0,111,113,137,2,0,0.95,0.95,45.7355299495,1,45.7355299495,True,none_technical_success,1,1,96.6836320003,91.471059899,0,324.550084159,133.147994904,563.547420035,191.402089255,0,1.00364161426e-13,430.399388386,0,6235.23250429,6690.86448082,-126.613263837,-1.70530256582e-13,-47.9499977132,-27.63296379,0,not_explicit_in_model_a,0,1.27897692437e-11,1.77919901034e-11
development_parameterized_screening,hourly_seed_20042,b7cf3e21b665b0b754408f65935580abeb6ca27312fa71d7a17b3d359d2aa01b,20042,0,139,141,165,2,0,0.95,0.95,45.7355299495,1,45.7355299495,True,none_technical_success,0.991502142578,0.983004285155,92.6883838115,90.6937518737,0.777308025295,295.974477758,145.885527721,1104.54995419,150.088950037,0,0,958.664426469,0,11377.5240647,13806.8807311,-282.016274267,-2.84217094304e-13,-47.7301618873,-29.5312670385,0,not_explicit_in_model_a,0,1.25623955682e-11,1.23634436022e-11
development_parameterized_screening,hourly_seed_20043,18d1346e309d182673fddd72ca4d5ed9abdc3dcb3b6ef36598a745fe42993152,20043,0,116,118,142,2,0,0.95,0.95,45.7355299495,1,45.7355299495,False,interval_delivery,0.950355195288,0.926243843279,86.9299969935,86.9299969935,4.54106290547,281.511381653,154.722273678,1101.04193783,126.789107975,0,0,946.319650177,0,13212.8118842,16563.4215493,-278.384733511,1.16695292718e-06,-44.5677439587,-29.0496100356,0,not_explicit_in_model_a,0,1.7166712496e-11,1.04023456515e-11
development_parameterized_screening,hourly_seed_20044,8e32e1dfa1a87e2e6c2f67a64f2c8563e4747c052b788d6229dd4159c24fbd61,20044,0,116,118,142,2,0,0.95,0.95,45.7355299495,1,45.7355299495,True,none_technical_success,0.998805398137,0.997610796274,91.3749846369,91.3617884004,0.109271498573,302.717857903,168.747656431,825.973224885,133.970201472,0,0,620.683742615,0,9604.20191109,10780.4267698,-182.590392573,2.72844170013e-06,-45.6262584509,-28.8304039783,0,not_explicit_in_model_a,0,1.17097442853e-11,1.67972302734e-11
development_parameterized_screening,hourly_seed_20045,dbea8ecdac8bb4e0a8149e510a1d47fa5e05fa39098e7bff9d9b4d26d70df78a,20045,0,65,67,91,2,0,0.95,0.95,45.7355299495,1,45.7355299495,True,none_technical_success,0.984548396049,0.969096792098,91.6681769986,90.0576853085,1.41337459051,301.204781944,158.709411778,760.902707799,142.495370166,0,6.75015598972e-14,602.193231872,0,7201.32544491,8843.88349796,-177.150925942,8.59788997332e-07,-47.3460216396,-29.2613759204,0,not_explicit_in_model_a,0,2.46700437856e-11,1.88720150618e-11
development_parameterized_screening,hourly_seed_20046,3225d8c020c9337176f87427c9c1f3838cf2e55e8c9ddab465abbb24ad1a199b,20046,0,111,113,137,2,0,0.95,0.95,45.7355299495,1,45.7355299495,True,none_technical_success,1,1,96.0817068179,91.471059899,0,326.612762332,145.981420995,743.505698845,180.631341337,0,7.37188088351e-14,597.524239079,0,6919.93475766,9748.24847905,-175.777418793,1.37281074331e-06,-47.9183483981,-29.4893717784,0,not_explicit_in_model_a,0,1.43245415529e-11,1.00044417195e-11
development_parameterized_screening,hourly_seed_20047,2b51966ae4d94276de11e9197a78ba2a4c3afc5cd69fa9654fc6d5dd7479db35,20047,0,113,115,139,2,0,0.95,0.95,45.7355299495,1,45.7355299495,True,none_technical_success,1,1,97.794527016,91.471059899,0,314.425065637,78.0170493049,394.201830049,236.408016332,0,1.20792265079e-13,316.184748598,0,7159.52195462,7359.4038156,-93.0140326039,5.84014799188e-07,-48.5442589464,-12.1198209834,0,not_explicit_in_model_a,0,2.87627699436e-11,2.51247911365e-11
development_parameterized_screening,hourly_seed_20048,2be36db39ad8ac8ae1851bee97e387fa83f868a7356f51940de1ad5a2a75fccb,20048,0,89,91,115,2,0,0.95,0.95,45.7355299495,1,45.7355299495,True,none_technical_success,1,1,94.2409748339,91.471059899,0,307.467024145,101.831393731,711.544866816,205.635630414,0,0,591.867796846,0,7223.27442747,8211.56376786,-174.113428926,4.62460036488e-07,-47.4513486484,-29.9372458227,0,not_explicit_in_model_a,0,2.12025952351e-11,1.03455022327e-11
development_parameterized_screening,hourly_seed_20049,7d6fd41478b0d5e487ea40133c8378c4af23fb318d26405a25a4bd305515cb5c,20049,0,88,90,114,2,0,0.95,0.95,45.7355299495,1,45.7355299495,True,none_technical_success,0.993054216058,0.986108432117,92.5318456242,90.83572168,0.635338218976,297.547506836,156.766249673,303.73074409,140.781257163,0,1.22568621919e-13,146.964441353,0,5042.03816664,5042.03824011,-43.2334433778,1.13686837722e-13,-47.4316538937,-1.3895046066,0,not_explicit_in_model_a,0,3.74029696104e-11,1.35287336889e-11
development_parameterized_screening,hourly_seed_20050,9766b3a858dff8130dd1060349c1267159bc80429e4a11c96c5aa79f678b990b,20050,0,91,93,117,2,0,0.95,0.95,45.7355299495,1,45.7355299495,True,none_technical_success,0.977731317593,0.975800772775,89.4341199167,89.4341199167,2.03693998232,290.75854337,187.073961098,830.336681787,103.684582272,0,0,632.46697496,0,9147.78099684,10151.6416937,-186.056742015,6.8212102633e-13,-44.8053544487,-28.8304744912,0,not_explicit_in_model_a,0,1.70530256582e-11,1.31876731757e-11
development_parameterized_screening,hourly_seed_20051,aaaa0aa1ea50f4ded09f89e0f44d93ab3a486c1de7130b267c2f16b2a2eac213,20051,0,111,113,137,2,0,0.95,0.95,45.7355299495,1,45.7355299495,True,none_technical_success,1,1,93.5574219311,91.471059899,0,303.387021665,136.111402843,705.492671994,167.275618823,0,0,512.228411346,0,7179.37948448,8284.4101983,-152.041288066,1.75360685262e-06,-46.8203374451,-23.9743161443,0,not_explicit_in_model_a,0,9.54969436862e-12,1.00044417195e-11
development_parameterized_screening,hourly_seed_20052,62891d4459c79b6a1f454bf798f60864e0e840ec8cb11aa79d1abfee0e4947e9,20052,0,91,93,117,2,0,0.95,0.95,45.7355299495,1,45.7355299495,True,none_technical_success,0.956416643382,0.955612530138,87.4844440752,87.4844440752,3.98661582377,284.15357359,179.014466031,785.348997436,105.139107559,0,0,584.035476784,0,8411.98907602,9332.79604155,-171.809347102,-1.13686837722e-13,-43.778998583,-28.8093533263,0,not_explicit_in_model_a,0,2.18278728426e-11,1.21644916362e-11
development_parameterized_screening,hourly_seed_20053,c0941657cbbd8b985bcae7676d68c487d54780fb8b20b4aa9b567b58ddfb759a,20053,0,135,137,161,2,0,0.95,0.95,45.7355299495,1,45.7355299495,True,none_technical_success,1,1,97.5309392608,91.471059899,0,321.44803071,128.914582771,708.042850528,192.533447939,0,0,579.128267756,0,9471.88003626,11040.352829,-170.365762432,4.83542692109e-07,-48.7738875888,-30.6627327216,0,not_explicit_in_model_a,0,1.65982783074e-11,1.55750967679e-11
development_parameterized_screening,hourly_seed_20054,429c02e66b5f8ab38d8a01e09a41a57d9e8a89bb84e0f601684169480560c366,20054,0,114,116,140,2,0,0.95,0.95,45.7355299495,1,45.7355299495,True,none_technical_success,0.993864772568,0.987729545136,91.2650346348,90.9098641431,0.561195755917,299.750386451,149.086397268,783.067128366,150.663989183,0,0,621.410785764,0,7389.7783571,8314.68232888,-182.804271973,2.13126918425e-06,-46.0907004412,-28.5273082459,0,not_explicit_in_model_a,0,1.09139364213e-11,2.47837306233e-11
development_parameterized_screening,hourly_seed_20055,a9379e529bfd55abf8c578a71b43863c68fdbda4836c43db0f717fbed91defec,20055,0,138,140,164,2,0,0.95,0.95,45.7355299495,1,45.7355299495,True,none_technical_success,1,1,92.8493648334,91.471059899,0,303.923766638,173.918986704,990.825278666,130.004779933,0,4.66293670343e-15,816.906291962,0,9442.94732688,11699.1142297,-240.314400807,1.73368158585e-06,-46.6232040591,-30.0436645621,0,not_explicit_in_model_a,0,2.54658516496e-11,1.76783032657e-11
development_parameterized_screening,hourly_seed_20056,d9835ea2d85267234740eda3563e2a87bd683e9beca1f28b55bf8ab9fbacf623,20056,0,114,116,140,2,0,0.95,0.95,45.7355299495,1,45.7355299495,True,none_technical_success,0.988652385869,0.983027638861,90.4330816071,90.4330816071,1.03797829187,295.060028208,121.389139283,1072.63183711,173.670888925,0,0,947.932435951,0,13777.7658667,16328.7946128,-278.859177793,1.03315358047e-07,-45.4737915888,-29.2191968905,0,not_explicit_in_model_a,0,2.18278728426e-11,2.4499513529e-11
development_parameterized_screening,hourly_seed_20057,7f5f5fe678790d4375a4234efa0faa61950c3962f07a94c79b1977bfe092a44b,20057,0,139,141,165,2,0,0.95,0.95,45.7355299495,1,45.7355299495,True,none_technical_success,0.985536028163,0.971072056327,90.8018814817,90.1480250647,1.32303483424,294.588664289,141.598432648,1006.77540308,152.990231641,0,0,865.176970434,0,10344.353303,12173.3524624,-254.514487752,3.69426800262e-07,-44.4124951152,-29.6816855892,0,not_explicit_in_model_a,0,1.55750967679e-11,1.80762071977e-11
development_parameterized_screening,hourly_seed_20058,3b19dcd025fed92e2b9df406bdac3fd490acb60fc816a69a7a1a753d86ef2953,20058,0,111,113,137,2,0,0.95,0.95,45.7355299495,1,45.7355299495,True,none_technical_success,1,1,95.3758052404,91.471059899,0,324.213174816,158.513164249,1017.36114055,165.700010567,0,0,855.352603235,0,8905.24495018,12278.097392,-251.624392945,-3.97903932026e-13,-47.3676612912,-29.3575947473,0,not_explicit_in_model_a,0,2.77395884041e-11,1.796252036e-11
development_parameterized_screening,hourly_seed_20059,ce0db05efd3aa119f985f8d2712e71654d4e0b08f8fbcf49c3a446e68320f812,20059,0,112,114,138,2,0,0.95,0.95,45.7355299495,1,45.7355299495,True,none_technical_success,0.992692922833,0.985385845666,92.6436372667,90.8026738057,0.668386093251,300.961564987,124.562468761,742.762280787,176.399096226,0,0,618.199775267,0,7104.86923081,8145.38583043,-181.859669931,1.25245668414e-06,-47.5764934104,-29.1695343465,0,not_explicit_in_model_a,0,1.11413100967e-11,1.77919901034e-11
development_parameterized_screening,hourly_seed_20060,f403425931b47c0f76036e87c66777518926625379eabc2b3dcab4eba39a3b37,20060,0,115,117,141,2,0,0.95,0.95,45.7355299495,1,45.7355299495,True,none_technical_success,0.99535488088,0.990709761759,92.5346200208,91.0461659297,0.424893969309,299.485244365,133.754730269,794.66035748,165.730514096,0,0,660.90560194,0,8980.03448695,10725.8193794,-194.422709697,1.74321144186e-08,-45.3106359802,-30.938137697,0,not_explicit_in_model_a,0,1.21644916362e-11,1.87583282241e-11
development_parameterized_screening,hourly_seed_20061,f57a86e655fa8158eb1af87b81d8d3c51ca5aaba19209fe18d760585bb594d4e,20061,0,64,66,90,2,0,0.95,0.95,45.7355299495,1,45.7355299495,True,none_technical_success,0.999557656674,0.999115313347,94.2330307635,91.4305982861,0.0404616129088,304.834467365,111.759916064,595.362825889,193.074551301,0,0,483.602829108,0,6461.49508176,7333.7751378,-140.740952926,1.52349782884,-48.5379624269,-29.5129905096,0,not_explicit_in_model_a,0,2.18278728426e-11,3.70903308067e-11
development_parameterized_screening,hourly_seed_20062,72797b12a2932b3ba6391f932965d8f0ee6b3bd1c217035eb48e3887bf29efaa,20062,0,140,142,166,2,0,0.95,0.95,45.7355299495,1,45.7355299495,False,interval_delivery,0.952090843412,0.949999997987,87.088758567,87.088758567,4.38230133195,283.058533367,99.4723214669,1133.51685264,183.5862119,0,1.20792265079e-13,1034.04453118,0,13785.1843323,15593.1703192,-304.1913083,2.27373675443e-13,-43.44875336,-29.0598357619,0,not_explicit_in_model_a,0,2.47837306233e-11,1.66551217262e-11
development_parameterized_screening,hourly_seed_20063,388fc08be887a53e5dc62857e53cb22e5d565018acabf9b9c5781df568eb427b,20063,0,138,140,164,2,0,0.95,0.95,45.7355299495,1,45.7355299495,True,none_technical_success,1,1,93.7665856055,91.471059899,0,302.117404211,133.198141788,873.646436768,168.919262423,0,4.61852778244e-14,740.44829498,0,8769.05581539,10473.506867,-217.822278236,1.70530256582e-13,-47.2763958583,-28.0515452087,0,not_explicit_in_model_a,0,2.56932253251e-11,1.62003743753e-11
development_parameterized_screening,hourly_seed_20064,5487d356ddfa218a61068e41d547d208227446ef99faf59992d5698020b93a49,20064,0,67,69,93,2,0,0.95,0.95,45.7355299495,1,45.7355299495,True,none_technical_success,0.970178895905,0.95017549153,88.7432919,88.7432919,2.72776799895,289.389637801,200.499728408,636.580195135,88.8899093928,0,1.4921397451e-13,424.005063182,0,7189.69215752,7524.99521733,-124.732205438,2.27373675443e-13,-45.2865122499,-28.5516419591,0,not_explicit_in_model_a,0,2.22826201934e-11,2.31921148952e-11
development_parameterized_screening,hourly_seed_20065,a8c62a567d8e5c243c40785e6e4a8c1c7eeacd2a584c37776bbff4f6f5b20b25,20065,0,68,70,94,2,0,0.95,0.95,45.7355299495,1,45.7355299495,True,none_technical_success,1,1,93.3041246427,91.471059899,0,301.063833962,121.903010522,1119.97988068,179.16082344,0,0,963.150808798,0,12609.6502093,16337.7965395,-283.336061248,-2.27373675443e-13,-46.2698271971,-28.7438453302,0,not_explicit_in_model_a,0,1.27329258248e-11,1.45803369378e-11
development_parameterized_screening,hourly_seed_20066,63476a397f5185ba1b9bd9b62d2f970cbe411730e60208ac80ce2f86714d0466,20066,0,64,66,90,2,0,0.95,0.95,45.7355299495,1,45.7355299495,True,none_technical_success,1,1,95.0372515785,91.471059899,0,322.044227004,100.579040179,628.305922111,221.465186825,0,0,520.402121532,0,7896.69535115,8957.29116122,-152.593443774,0.496483610732,-48.3630062893,-28.8013098972,0,not_explicit_in_model_a,0,1.94404492504e-11,1.26192389871e-11
development_parameterized_screening,hourly_seed_20067,c8bf5d3c0a2feffe7c3bcc29c499af41a0a45855a6427fa9d4f4dd551c837944,20067,0,114,116,140,2,0,0.95,0.95,45.7355299495,1,45.7355299495,True,none_technical_success,1,1,97.0713880554,91.471059899,0,328.207687844,128.728321047,396.279135613,199.479366796,0,0,265.377129242,0,7134.15104777,7265.98551624,-71.4622083817,6.60543155366,-49.3522864614,-11.0495434697,0,not_explicit_in_model_a,0,2.51816345553e-11,2.51816345553e-11
development_parameterized_screening,hourly_seed_20068,21098b73b10aa9460220b09172c198eb3773953fe454c4f486485a610523e20f,20068,0,135,137,161,2,0,0.95,0.95,45.7355299495,1,45.7355299495,True,none_technical_success,1,1,96.9331460259,91.471059899,0,316.776369662,159.402161809,584.193404307,157.374207853,0,0,424.791238856,0,5738.65122709,7055.05338945,-125.719078485,2.54626820606e-06,-48.8565239132,-29.8111266287,0,not_explicit_in_model_a,0,3.26565441355e-11,2.98427949019e-11
development_parameterized_screening,hourly_seed_20069,bc981166a5bffd0fa78ad876c6f691923defd98b60475707cc548325aa0748e4,20069,0,111,113,137,2,0,0.95,0.95,45.7355299495,1,45.7355299495,True,none_technical_success,1,1,94.2943363429,91.471059899,0,318.36506929,171.425468423,777.790711322,146.939600867,0,0,604.203424265,0,6443.38427681,8095.05403184,-177.742275347,2.24816500349e-06,-48.0946997986,-29.033114045,0,not_explicit_in_model_a,0,3.57545104634e-11,1.42108547152e-11
development_parameterized_screening,hourly_seed_20070,a0da0ad0c3c46fc9b8b459c3c4d986c4a627fc69fb0b90767c178021500012c2,20070,0,140,142,166,2,0,0.95,0.95,45.7355299495,1,45.7355299495,False,"mean_delivery,interval_delivery",0.861986514472,0.747086149612,78.8468200973,78.8468200973,12.6242398016,255.276934008,152.17402295,964.050972881,103.102911058,0,1.172395514e-13,811.876949931,0,11244.609032,12563.2585375,-238.834889221,5.08026460011e-07,-44.6784391269,-30.6944918665,0,not_explicit_in_model_a,0,2.98427949019e-11,2.25668372877e-11
development_parameterized_screening,hourly_seed_20071,07928f2b03bde6d81930ef740799c2ea3751497d5f65e49dc4949fd0d0638e5b,20071,0,87,89,113,2,0,0.95,0.95,45.7355299495,1,45.7355299495,True,none_technical_success,1,1,99.0027342663,91.471059899,0,327.810372591,130.492192305,397.303419512,197.318180286,0,2.59348098552e-13,266.811170485,0,7772.07979795,7992.80914384,-78.4895006393,1.23729819279e-07,-49.5932070088,-15.7776144432,0,not_explicit_in_model_a,0,1.02886588138e-11,9.26547727431e-12
development_parameterized_screening,hourly_seed_20072,203c6b0713616c90df01c8434720155cbf51c23f77e989700e779419e0b1b14a,20072,0,138,140,164,2,0,0.95,0.95,45.7355299495,1,45.7355299495,True,none_technical_success,1,1,97.7064475352,91.471059899,0,332.135780931,150.475388741,789.714846534,181.66039219,0,3.73034936274e-14,639.239457793,0,9059.23175652,10355.1395211,-187.638795987,0.410249407287,-49.1880566412,-30.2736348451,0,not_explicit_in_model_a,0,1.30171429191e-11,1.07434061647e-11
development_parameterized_screening,hourly_seed_20073,91e4fcf968f3043022422db33fa7c58762fed9c602bde8f440ea51675525b74c,20073,0,138,140,164,2,0,0.95,0.95,45.7355299495,1,45.7355299495,True,none_technical_success,0.985263944292,0.973454535311,90.1231372647,90.1231372647,1.34792263431,293.442134949,160.174098877,837.749153764,133.268036071,0,2.93098878501e-14,677.575054886,0,8780.47191158,10197.2258189,-199.32646589,4.29749150044e-07,-45.6016782105,-29.0566172554,0,not_explicit_in_model_a,0,3.47881723428e-11,2.4897417461e-11
development_parameterized_screening,hourly_seed_20074,9a9e71bb1e4080073df4814d63e15cd038a367faaa3c485ee7659724559e6b68,20074,0,64,66,90,2,0,0.95,0.95,45.7355299495,1,45.7355299495,True,none_technical_success,1,1,97.9555306294,91.471059899,0,322.195601344,179.192404736,721.542332652,143.003196608,0,0,542.349851509,0,6531.15659924,8188.7884515,-159.546427404,1.5613090909e-07,-49.6194161169,-28.3757044513,0,not_explicit_in_model_a,0,3.94493326894e-11,1.76214598469e-11
development_parameterized_screening,hourly_seed_20075,940a4a520f01874b4beeb835e9e67431ba63c1859c56a51189fca8478938a854,20075,0,137,139,163,2,0,0.95,0.95,45.7355299495,1,45.7355299495,True,none_technical_success,1,1,95.5741473997,91.471059899,0,319.604404919,160.347305924,325.296377344,159.257098995,0,0,164.949071219,0,5509.08907854,5687.84837677,-48.5240913088,2.44536113314e-06,-48.8606863885,0.267812835836,0,not_explicit_in_model_a,0,1.22781784739e-11,8.98126018001e-12
development_parameterized_screening,hourly_seed_20076,c5892545d9ceec3123adf468e1dcce2b2aa8cf29f95b98844705c4408738c6d2,20076,0,63,65,89,2,0,0.95,0.95,45.7355299495,1,45.7355299495,True,none_technical_success,1,1,96.7990701953,91.471059899,0,329.051312208,123.169129999,367.473880547,205.882182209,0,5.68434188608e-14,237.723550875,0,6585.16055447,7003.44929026,-69.9326148673,0,-49.0923883725,-4.15212662594,0,not_explicit_in_model_a,0,1.67688085639e-11,1.81330506166e-11
development_parameterized_screening,hourly_seed_20077,52701b3cc61014c1e2fc3532c8a7328ba8282e0fd9c700afaaaaa1a5176bbc5a,20077,0,64,66,90,2,0,0.95,0.95,45.7355299495,1,45.7355299495,True,none_technical_success,0.988937752962,0.977875505924,92.6726879349,90.4591844376,1.01187546143,300.415063865,157.985271933,943.762249667,142.429791931,0,4.61852778244e-14,785.77689872,0,7451.00306491,9399.84948891,-231.156873264,2.1379548798e-06,-47.9490334469,-30.0454189954,0,not_explicit_in_model_a,0,2.43289832724e-11,8.98126018001e-12
development_parameterized_screening,hourly_seed_20078,98ec86fe27691cab83dfbb2cb03893fce4c6d88ccbde7606473fce703a37a94a,20078,0,67,69,93,2,0,0.95,0.95,45.7355299495,1,45.7355299495,True,none_technical_success,0.98452999379,0.969059987579,90.4993679728,90.0560020343,1.4150578647,292.273886409,131.460532939,978.912681883,160.81335347,0,2.30926389122e-13,843.855067319,0,10110.8034917,12208.9631567,-248.242091326,5.11590769747e-13,-46.178895888,-29.7832416559,0,not_explicit_in_model_a,0,2.43289832724e-11,1.77919901034e-11
development_parameterized_screening,hourly_seed_20079,a56ca05f891c8d9dfa28435a0176e5e4e1965e6b4badb268343c2430a8b5771f,20079,0,139,141,165,2,0,0.95,0.95,45.7355299495,1,45.7355299495,True,none_technical_success,0.975000000079,0.950000000158,89.7735407786,89.1842834087,2.28677649024,292.935590977,113.390820908,1234.40818352,179.544770069,0,1.24344978758e-14,1121.01736261,0,13797.1717043,17033.3626176,-329.776646137,6.88808313498e-07,-46.3247873194,-29.3373504602,0,not_explicit_in_model_a,0,4.50768311566e-11,3.78577169613e-11
development_parameterized_screening,hourly_seed_20080,0c35db19ad6b3d06bca35d7a6dabe07aa13780a2546380cb5889646a5266bf16,20080,0,112,114,138,2,0,0.95,0.95,45.7355299495,1,45.7355299495,True,none_technical_success,1,1,95.276862367,91.471059899,0,309.548418986,156.164258672,922.188236958,153.384160314,0,8.52651282912e-14,766.023957347,0,7499.26449327,9653.23969682,-225.346029836,2.27373675443e-13,-48.4631752924,-30.9632848195,0,not_explicit_in_model_a,0,4.53326265415e-11,3.7573499867e-11
development_parameterized_screening,hourly_seed_20081,b60b3e2c490bef59104f3c0708791c588482231a66fcc13f385127e2a99a57a9,20081,0,116,118,142,2,0,0.95,0.95,45.7355299495,1,45.7355299495,True,none_technical_success,0.975000000536,0.950000001071,90.2589012592,89.1842834505,2.28677644847,292.838560759,134.837527596,885.738996842,158.001033163,0,0,750.90146693,0,9984.2473017,12053.6375491,-220.897352815,-2.84217094304e-13,-46.8101477582,-27.2188572307,0,not_explicit_in_model_a,0,2.63753463514e-11,2.04636307899e-11
development_parameterized_screening,hourly_seed_20082,59671b31239e3e5da518d97c39106541af079a9a7b24093c7a23c11e6778059b,20082,0,114,116,140,2,0,0.95,0.95,45.7355299495,1,45.7355299495,True,none_technical_success,1,1,98.4103424899,91.471059899,0,334.528547287,131.421496081,813.630830943,203.107051206,0,1.66977542904e-13,682.209311983,0,9193.04854461,10525.7334571,-200.689753666,8.74717898114e-07,-49.1946088468,-27.7212359385,0,not_explicit_in_model_a,0,1.06865627458e-11,1.23918653117e-11
development_parameterized_screening,hourly_seed_20083,0adb5defe37081f69dcab15096d7ceb8f36db8c69f6e1b3316c351f644f23900,20083,0,65,67,91,2,0,0.95,0.95,45.7355299495,1,45.7355299495,True,none_technical_success,0.982896705865,0.96579341173,91.131744393,89.9066034567,1.56445644231,295.629032205,124.983705638,683.380827214,170.645326567,0,3.33066907388e-15,558.397073639,0,6370.27832248,7464.67360447,-164.267137939,7.19135016425e-07,-46.9606708858,-30.9781971541,0,not_explicit_in_model_a,0,2.46700437856e-11,1.61435309565e-11
development_parameterized_screening,hourly_seed_20084,dbeb077d3d2ebb10ec90e4537d7fac780c872917e471b9184b766ccc67060b63,20084,0,111,113,137,2,0,0.95,0.95,45.7355299495,1,45.7355299495,True,none_technical_success,1,1,98.7733178312,91.471059899,0,319.773513022,124.580327654,862.791359044,195.193185368,0,0,738.211018858,0,9048.72807088,11410.9283874,-217.164122881,1.92864132487e-06,-49.8223161829,-29.758437345,0,not_explicit_in_model_a,0,8.64019966684e-12,3.64934749086e-11
development_parameterized_screening,hourly_seed_20085,c9018e9cec7fea559e97252a042bc3088b062258108e5a0ec4d2e6ba70234052,20085,0,137,139,163,2,0,0.95,0.95,45.7355299495,1,45.7355299495,True,none_technical_success,1,1,94.8363201417,91.471059899,0,307.947110633,110.888812027,778.086381535,197.058298606,0,2.75335310107e-14,667.197569508,0,7411.05853387,9041.75017488,-196.273656931,5.68434188608e-14,-47.8223488621,-29.6031197379,0,not_explicit_in_model_a,0,1.93267624127e-11,1.25055521494e-11
development_parameterized_screening,hourly_seed_20086,83874b05b19c75a6cb7727b0b3fdd946d0ed7f55b67a55a5bed05a6ff79e1d8a,20086,0,135,137,161,2,0,0.95,0.95,45.7355299495,1,45.7355299495,True,none_technical_success,1,1,95.1118617624,91.471059899,0,317.779236034,117.77001087,788.162722978,200.009225164,0,0,670.392712108,0,10673.3379738,13070.2263902,-190.633709285,6.57988260827,-47.9192914723,-30.422227883,0,not_explicit_in_model_a,0,3.20596882375e-11,1.26192389871e-11
development_parameterized_screening,hourly_seed_20087,0a82e57a588adfebf18250266a21ff36779f02eb710749a4704b125ca678b1a3,20087,0,136,138,162,2,0,0.95,0.95,45.7355299495,1,45.7355299495,True,none_technical_success,0.993445670152,0.986891340303,92.9540327191,90.8715284008,0.599531498165,300.28319379,125.748582235,911.851272293,174.534611555,0,0,786.102690058,0,9435.23454624,12058.7432309,-231.252715465,-2.84217094304e-13,-47.8180342678,-28.7094146239,0,not_explicit_in_model_a,0,2.35900188272e-11,1.07434061647e-11
development_parameterized_screening,hourly_seed_20088,6bd8d9b8398e6f230141c8874fa40552ba148ee26145986bcdcc9fe00853d086,20088,0,88,90,114,2,0,0.95,0.95,45.7355299495,1,45.7355299495,True,none_technical_success,1,1,96.0408340034,91.471059899,0,323.615756631,117.447712224,586.993769087,206.168044407,0,2.98427949019e-13,447.075611507,0,7230.99829427,8002.38176687,-131.519012067,-2.27373675443e-13,-48.1543844493,-30.3218992436,0,not_explicit_in_model_a,0,2.50111042988e-11,1.76214598469e-11
development_parameterized_screening,hourly_seed_20089,19cd2c87e2848bdd3abb0f9867e96471eb569a2eb88100b5ec58b7f8e3a3a05c,20089,0,111,113,137,2,0,0.95,0.95,45.7355299495,1,45.7355299495,True,none_technical_success,1,1,95.2852437585,91.471059899,0,323.905327082,159.233965225,538.483574585,164.671361857,0,0,355.630804292,0,5886.8832131,6227.93193608,-104.61812271,1.91350460454e-06,-48.8423359085,-28.6382672519,0,not_explicit_in_model_a,0,1.58593138622e-11,1.77919901034e-11
development_parameterized_screening,hourly_seed_20090,d9ed6d8ddc0dcf5d722a7ba5a6855cdb6f0889b741963345b8844988318ca035,20090,0,116,118,142,2,0,0.95,0.95,45.7355299495,1,45.7355299495,True,none_technical_success,0.978705628629,0.971122573739,89.5232411798,89.5232411798,1.94781871923,290.247471,155.899489296,1009.26258134,134.347981704,0,0,853.363091084,0,11913.8943192,16980.3521251,-251.039125038,7.48830586872e-07,-44.4148055559,-29.7727797455,0,not_explicit_in_model_a,0,3.20596882375e-11,1.16529008665e-11
development_parameterized_screening,hourly_seed_20091,6f315f1265aabbfa9e2fd862b9f6f9936956c75d315ad115b02ec858184838d3,20091,0,135,137,161,2,0,0.95,0.95,45.7355299495,1,45.7355299495,True,none_technical_success,0.987960468433,0.98432841933,90.3697911858,90.3697911858,1.10126871314,297.789403953,130.597613371,770.669946959,167.191790581,0,0,640.072333587,0,8894.10030699,10527.0776289,-188.294055946,1.69822988028e-06,-45.0187819024,-28.3957496979,0,not_explicit_in_model_a,0,4.36557456851e-11,3.91935373045e-11
development_parameterized_screening,hourly_seed_20092,56dab90cf66501d67b49c7479c0b98a66651711af5c28c39deeb2997743e4dc0,20092,0,113,115,139,2,0,0.95,0.95,45.7355299495,1,45.7355299495,True,none_technical_success,1,1,93.8682712624,91.471059899,0,304.540120306,135.580150398,863.344294962,168.959969908,0,0,727.764122335,0,7959.98871963,9221.76683795,-214.09089512,1.19303069823e-06,-47.6419829661,-28.5726574173,0,not_explicit_in_model_a,0,1.68256519828e-11,1.59730006999e-11
development_parameterized_screening,hourly_seed_20093,67c45a8e8ca36f1d6f7ecac0b3afc215a559777304ef6e9c4ae866e1f859131e,20093,0,112,114,138,2,0,0.95,0.95,45.7355299495,1,45.7355299495,True,none_technical_success,1,1,94.7850525249,91.471059899,0,319.806499819,174.570161566,422.190402822,145.236338253,0,0,247.620204411,0,5450.57822822,5582.6514122,-72.8439726033,2.3613212079e-06,-48.3057506152,-29.1019634137,0,not_explicit_in_model_a,0,1.67119651451e-11,1.67119651451e-11
development_parameterized_screening,hourly_seed_20094,b889bbac7bf67c390086d53f96c4539275467536499ac676142454fc1fc59c3e,20094,0,87,89,113,2,0,0.95,0.95,45.7355299495,1,45.7355299495,True,none_technical_success,1,1,97.596243077,91.471059899,0,331.761160374,148.305556705,335.4888267,183.455603668,0,0,187.183235346,0,6180.44597731,6349.6540367,-55.0648538021,2.24129797743e-06,-48.8506362531,1.16052630281,0,not_explicit_in_model_a,0,7.61701812735e-12,1.36424205266e-11
development_parameterized_screening,hourly_seed_20095,f7eacfc2d14adc02d34dd2db7a1fade056f2876f19045bc7500f8a3694666f13,20095,0,114,116,140,2,0,0.95,0.95,45.7355299495,1,45.7355299495,True,none_technical_success,0.993701173752,0.987402347503,91.6621674993,90.8948995859,0.576160313055,296.582691024,113.654575267,776.357096592,182.928115757,0,0,662.702500278,0,8347.00654538,9262.57055898,-194.951313267,1.20252349234e-06,-46.5027978629,-28.0580139449,0,not_explicit_in_model_a,0,3.27418092638e-11,1.00044417195e-11
development_parameterized_screening,hourly_seed_20096,ae98f08954c2c4b20208ab156d5c08e88acdb8651cf6678764199fc337b07480,20096,0,140,142,166,2,0,0.95,0.95,45.7355299495,1,45.7355299495,False,interval_delivery,0.974435960814,0.949999996918,89.1326901394,89.1326901394,2.33836975962,289.018568371,161.130671121,812.714043709,127.88789725,0,0,651.583372588,0,9828.88672395,10677.0222165,-191.680331495,5.50936647414e-08,-43.4487533111,-29.7116094781,0,not_explicit_in_model_a,0,3.80850906367e-11,2.52384779742e-11
development_parameterized_screening,hourly_seed_20097,5744d3c358898c5441deed2af54a391f80c2be2f1a3a23842c7cd56682f920b1,20097,0,63,65,89,2,0,0.95,0.95,45.7355299495,1,45.7355299495,True,none_technical_success,0.995565450556,0.991130901112,92.9233407094,91.0654269612,0.405632937821,307.599173806,121.367201252,692.248773416,186.231972554,0,0,566.176681192,0,8419.48740992,11218.7395488,-166.555714177,1.70530256582e-13,-47.5934436977,-29.5834934553,0,not_explicit_in_model_a,0,1.2676082406e-11,3.29123395204e-11
development_parameterized_screening,hourly_seed_20098,a2c3ff7b56d2d929619112720f40992dcdb9c7a71b80ca285e465be142bc7c62,20098,0,135,137,161,2,0,0.95,0.95,45.7355299495,1,45.7355299495,True,none_technical_success,1,1,93.198479872,91.471059899,0,305.459546985,111.062158403,397.743277288,194.397388582,0,0,286.681108464,0,7761.12401203,8051.06608079,-84.3347638504,9.7524150533e-08,-45.9710718908,-18.7426737541,0,not_explicit_in_model_a,0,1.11413100967e-11,1.78488335223e-11
development_parameterized_screening,hourly_seed_20099,c72ea566d27237735284736545b996c6db891e43c7ea6fdcd6bd254ace7ecdb0,20099,0,111,113,137,2,0,0.95,0.95,45.7355299495,1,45.7355299495,True,none_technical_success,1,1,93.9611837867,91.471059899,0,311.597722379,146.841002362,822.133618871,164.756720017,0,0,675.292593925,0,7725.49289536,10256.2982998,-192.776412054,5.87860853581,-46.572836751,-27.737730747,0,not_explicit_in_model_a,0,1.93267624127e-11,1.77919901034e-11
development_parameterized_screening,hourly_seed_20000,c53ae573b0664487ef9674ac8f746f47e59c1e10b31f872f34607fdfd247e7e8,20000,0,115,119,143,4,0,0.95,0.95,39.6505452781,1,39.6505452781,True,none_technical_success,0.990054298862,0.971169933658,159.914477042,157.024771219,1.57740989325,516.678586405,63.2323682167,925.911035158,453.446218188,0,0,862.678666941,0,16656.9202743,25545.6971782,-253.779544022,2.62887454028e-06,-40.8385359265,-23.8621604181,0,not_explicit_in_model_a,0,3.81987774745e-11,3.7971403799e-11
development_parameterized_screening,hourly_seed_20001,2f60cb23c7a2aa21eb5499cf86c679c5758a21d91c6b6ff59534e37ff1898942,20001,0,64,68,92,4,0,0.95,0.95,39.6505452781,1,39.6505452781,True,none_technical_success,1,1,172.100369225,158.602181112,0,582.132023573,89.4809814967,844.691538535,492.651042076,0,0,746.298116936,0,15449.0078351,16794.4794463,-218.343233564,1.19992316469,-43.968341345,-26.534531711,0,not_explicit_in_model_a,0,3.18607362715e-11,2.48121523327e-11
development_parameterized_screening,hourly_seed_20002,543b98f9608afb8dd3b79273631996a4e6cee3584d59c35ec52dbfd0017343dc,20002,0,88,92,116,4,0,0.95,0.95,39.6505452781,1,39.6505452781,True,none_technical_success,0.99900914603,0.996036584119,163.781386908,158.445029512,0.157151600856,530.926818025,76.0428015006,579.693940056,454.884016525,0,2.30926389122e-13,500.398925094,0,13077.2607992,13914.6769338,-147.205461081,1.65018383314e-06,-41.373294025,-2.21602267152,0,not_explicit_in_model_a,0,9.59232693276e-12,6.30961949355e-12
development_parameterized_screening,hourly_seed_20003,68c503bf49c743ad5976bad45c6adf02907306e39698ec783e5f14f11bc88bf5,20003,0,63,67,91,4,0,0.95,0.95,39.6505452781,1,39.6505452781,True,none_technical_success,1,1,165.89338901,158.602181112,0,539.206345119,79.2562273372,982.158296474,459.950117782,0,0,902.902022462,0,15128.0521186,17696.0574161,-261.769697158,3.84260405136,-41.8643665602,-25.6405100408,0,not_explicit_in_model_a,0,5.09317032993e-11,3.93072241422e-11
development_parameterized_screening,hourly_seed_20004,24c5bbc6d431aa9062833bf977664a48973775f62bb95828c1db7026e1b0dc40,20004,0,63,67,91,4,0,0.95,0.95,39.6505452781,1,39.6505452781,True,none_technical_success,0.991400101084,0.965600404334,162.191773794,157.238218387,1.3639627255,538.312681026,82.2449044801,633.914318644,456.067776545,0,0,551.669339754,0,13294.8984794,14368.8870665,-162.287997634,1.72066290816e-06,-42.7269437384,-8.37208678048,0,not_explicit_in_model_a,0,2.35047536989e-11,2.45563569479e-11
development_parameterized_screening,hourly_seed_20005,2ff7083b833a8bd214641c67e6d51a44824091e7705e6a00f39cbd3ef4c58b85,20005,0,139,143,167,4,0,0.95,0.95,39.6505452781,1,39.6505452781,False,interval_delivery,0.986176153545,0.94470461418,161.251448015,156.409688913,2.19249219912,522.295163258,96.8668805221,1140.78636816,425.428282736,0,0,1043.91948764,0,18972.4812238,20757.2604063,-307.096284842,7.91186209881e-07,-42.4038635479,-27.9041050243,0,not_explicit_in_model_a,0,3.95630195271e-11,3.21165316564e-11
development_parameterized_screening,hourly_seed_20006,20538feb278c0470c766f06c689d2a3dd425be3d63ab46475fb6600b2bbc2ab7,20006,0,66,70,94,4,0,0.95,0.95,39.6505452781,1,39.6505452781,True,none_technical_success,1,1,163.384543705,158.602181112,0,532.788846921,82.4063390328,1080.10519108,450.382507888,0,0,987.236881809,0,17763.4022947,24146.1654612,-290.421609434,1.65232250993e-06,-40.8543806595,-28.1341795492,0,not_explicit_in_model_a,0,2.51816345553e-11,1.0629719327e-11
development_parameterized_screening,hourly_seed_20007,f829e9c34dde1c1ec1d1be2ee6fbc84597a7245a833550135a208c5c534cce6f,20007,0,89,93,117,4,0,0.95,0.95,39.6505452781,1,39.6505452781,True,none_technical_success,0.99865734713,0.994629388522,162.304535957,158.389233439,0.212947673586,525.137895396,101.296129139,945.087569189,423.841766257,0,2.09610107049e-13,820.086067856,0,15487.3901912,17977.3457893,-241.249816984,-2.84217094304e-13,-41.948938017,-26.1510329321,0,not_explicit_in_model_a,0,2.11457518162e-11,1.3869794202e-11
development_parameterized_screening,hourly_seed_20008,740914c162e17be60f77ac5579a0598a3eb8571fb4731a6d50678d3e6c79cbac,20008,0,116,120,144,4,0,0.95,0.95,39.6505452781,1,39.6505452781,True,none_technical_success,0.986409713678,0.950000003008,157.813579373,156.44673206,2.15544905269,509.381746932,110.039798515,1246.48857576,399.341948417,0,0,1136.4487739,0,20259.2994786,27416.747593,-334.316200299,7.20925868336e-07,-40.2705488479,-26.4152957715,0,not_explicit_in_model_a,0,1.3869794202e-11,2.43858266913e-11
development_parameterized_screening,hourly_seed_20009,8b94571a28818a8848ae7ab064f622baea7f13c3405976b167989267b691defd,20009,0,112,116,140,4,0,0.95,0.95,39.6505452781,1,39.6505452781,True,none_technical_success,1,1,165.299949879,158.602181112,0,543.959351747,107.443975245,862.72209012,436.515376503,0,0,755.278082004,0,14854.5734692,16957.0930827,-222.184846604,2.27576367706e-06,-42.7179780786,-27.3599430891,0,not_explicit_in_model_a,0,2.56363819062e-11,1.04876107798e-11
development_parameterized_screening,hourly_seed_20010,bfb77b8b64135e6dada6ed9d48b2a7da8c3e1939a8e7bd4c6ffa34abf6d8b8a3,20010,0,90,94,118,4,0,0.95,0.95,39.6505452781,1,39.6505452781,True,none_technical_success,0.999799670846,0.999198683384,160.116340612,158.570408472,0.0317726407491,518.931126522,84.2588762448,1198.55891894,434.672250278,0,0,1097.29098834,0,18930.8890429,26951.6776461,-322.796910595,1.20709609064e-06,-40.1845798575,-25.2682398327,0,not_explicit_in_model_a,0,2.91038304567e-11,2.57500687439e-11
development_parameterized_screening,hourly_seed_20011,71ae138c0a49409767ff16ce1b47e6655ed41fe8f8cc82d7ca209a3a43de8f9f,20011,0,113,117,141,4,0,0.95,0.95,39.6505452781,1,39.6505452781,True,none_technical_success,1,1,164.560822083,158.602181112,0,542.918201095,123.243338913,860.576496657,419.674862182,0,0,737.333155656,0,14850.0680729,16273.2381209,-216.905878335,4.54747350886e-13,-43.6048919097,-26.2344952878,0,not_explicit_in_model_a,0,2.31921148952e-11,9.43600753089e-12
development_parameterized_screening,hourly_seed_20012,324eb1bcc2dcdc9b97f8eb6f95b1ca7b82dd1341a5e54094787d8b2ea631180c,20012,0,140,144,168,4,0,0.95,0.95,39.6505452781,1,39.6505452781,True,none_technical_success,0.992754624233,0.971018496934,162.922603878,157.453048713,1.14913239956,528.797310976,62.2221103507,1087.28516655,466.575200625,0,0,1025.0630562,0,19933.8246355,20945.9507479,-301.549171969,2.27373675443e-13,-38.5014128785,-26.1093441708,0,not_explicit_in_model_a,0,3.22870619129e-11,3.06954461848e-11
development_parameterized_screening,hourly_seed_20013,46aa0a02d7df46a81923d5b5c333bacea143c01a96e21e86a18f9f4e0ba573bf,20013,0,67,71,95,4,0,0.95,0.95,39.6505452781,1,39.6505452781,True,none_technical_success,0.985250658445,0.966739657977,156.888314079,156.262903372,2.33927774063,510.211302395,82.1609568325,1077.70770532,428.050345563,0,0,974.429461928,0,18147.1733255,20979.4197755,-286.653972757,-5.68434188608e-14,-38.3317545807,-26.4180510998,0,not_explicit_in_model_a,0,2.51816345553e-11,1.05160324892e-11
development_parameterized_screening,hourly_seed_20014,13a5bd2d3c56f52b07c16191357b778eb418d90756c8d14b00e08fd27a8caf22,20014,0,88,92,116,4,0,0.95,0.95,39.6505452781,1,39.6505452781,True,none_technical_success,1,1,168.08048663,158.602181112,0,562.99413642,91.0920906545,985.64902556,471.902045765,0,1.35447209004e-14,886.09951103,0,16048.5598218,19306.8854056,-260.669401962,-3.97903932026e-13,-43.0574829505,-25.718043356,0,not_explicit_in_model_a,0,2.10320649785e-11,2.55226950685e-11
development_parameterized_screening,hourly_seed_20015,b88d99b8a9f62d7a26080c6b013b2ea8755a21ad6860ade485dbf6ad24c740c3,20015,0,66,70,94,4,0,0.95,0.95,39.6505452781,1,39.6505452781,False,"mean_delivery,interval_delivery",0.944700264853,0.778801059414,159.491431503,149.831522503,8.77065860919,528.552545189,68.6734829926,1164.02829168,459.879062196,0,0,1054.21287722,0,18070.1034621,21204.2583724,-310.124353669,2.37074124243e-06,-44.0146899024,-27.0966003579,0,not_explicit_in_model_a,0,2.11457518162e-11,1.19939613796e-11
development_parameterized_screening,hourly_seed_20016,fcdfbaffdb204e998fb10c34da1b43bcfcb11895d80984065066bb843205ec0f,20016,0,91,95,119,4,0,0.95,0.95,39.6505452781,1,39.6505452781,True,none_technical_success,0.987500001132,0.950000004527,159.126483182,156.619654028,1.98252708441,516.092674505,103.084014526,1073.25756667,413.008659979,0,0,970.17352331,0,17636.9822574,24354.92892,-285.401974427,2.40805127305e-06,-39.9595225066,-26.6106910363,0,not_explicit_in_model_a,0,4.65263383376e-11,1.94972926693e-11
development_parameterized_screening,hourly_seed_20017,2f5d41ef67d7b46fba35da20232abfb356853a55ca8813c568bcfb61789eb0b3,20017,0,115,119,143,4,0,0.95,0.95,39.6505452781,1,39.6505452781,True,none_technical_success,1,1,164.829693172,158.602181112,0,534.245619191,101.56089647,1142.58632963,432.684722721,0,0,1041.0254184,0,18402.1016331,23823.2798311,-306.244919295,5.68434188608e-14,-40.4181252109,-25.4462877924,0,not_explicit_in_model_a,0,9.52127265919e-12,1.03455022327e-11
development_parameterized_screening,hourly_seed_20018,8e763f3271a7a4097ce6d5765e7d72366ebd1a38bb9b8d4a77586cae7b5586a8,20018,0,135,139,163,4,0,0.95,0.95,39.6505452781,1,39.6505452781,True,none_technical_success,1,1,166.447536625,158.602181112,0,549.864354972,88.9620740558,663.400561233,460.902280917,0,0,574.438487177,0,13719.4191965,14717.5602944,-168.986141006,-5.68434188608e-14,-43.079820308,-10.7768615083,0,not_explicit_in_model_a,0,2.91038304567e-11,1.78204118129e-11
development_parameterized_screening,hourly_seed_20019,26b82610da5a7e89dd575868500cb0a5f1b0c96ed8feee76ef27a6a4055b6ad9,20019,0,88,92,116,4,0,0.95,0.95,39.6505452781,1,39.6505452781,True,none_technical_success,0.993325074101,0.978073531314,163.350760894,157.543523306,1.05865780636,544.080698462,65.731537796,657.76803264,478.349160666,0,0,518.70996045,0,13392.3275072,15412.8346501,-152.59213384,2.84217094304e-13,-42.9071721156,-0.799557156553,0,not_explicit_in_model_a,0,5.15569809068e-11,4.68958205602e-11
development_parameterized_screening,hourly_seed_20020,e8342e9517614c5c3a851bc53a3fca9995119a1fd74439c9c7c25d2baa659cec,20020,0,111,115,139,4,0,0.95,0.95,39.6505452781,1,39.6505452781,True,none_technical_success,0.994683578489,0.978734313958,162.175450275,157.758985065,0.843196047286,528.226814821,61.770712715,1064.87307879,466.456102106,0,1.37667655054e-14,1003.10235985,0,15862.1995131,19635.7302832,-295.0888555,1.89655969507e-06,-41.829763264,-27.7941831739,0,not_explicit_in_model_a,0,1.96678229258e-11,1.07434061647e-11
development_parameterized_screening,hourly_seed_20021,701ff2017db7951381fa4cef6045ac0dec51fbb4cca48ed63ba37009fa9f3cd0,20021,0,112,116,140,4,0,0.95,0.95,39.6505452781,1,39.6505452781,True,none_technical_success,0.995644875552,0.982579502207,167.358319151,157.911448876,0.690732236501,555.474038869,75.7466233865,988.594737355,479.727415483,0,0,912.848104088,0,15692.1528807,18048.0255407,-268.538201876,-3.41060513165e-13,-43.3585047188,-27.1741382504,0,not_explicit_in_model_a,0,1.5916157281e-11,1.25623955682e-11
development_parameterized_screening,hourly_seed_20022,ff5ee2ebbe97b041c4f52690bebeea5c4791804519777c2b3465735aa7ea18bc,20022,0,90,94,118,4,0,0.95,0.95,39.6505452781,1,39.6505452781,True,none_technical_success,0.983874643508,0.96035247261,159.579417595,156.044664402,2.55751671077,523.707405778,73.0318439277,868.35219688,450.67556185,0,0,795.320299894,0,15768.1779066,17517.1678372,-233.964314278,2.77853706621e-06,-43.185298471,-26.4135606504,0,not_explicit_in_model_a,0,1.796252036e-11,2.4101609597e-11
development_parameterized_screening,hourly_seed_20023,23d215f649dc36ba5204172d21e77aec2dbf760dbdb812544d2d4f3531b50b4a,20023,0,87,91,115,4,0,0.95,0.95,39.6505452781,1,39.6505452781,True,none_technical_success,1,1,167.394128735,158.602181112,0,558.412791932,93.1394157126,878.551290451,465.273376219,0,0,783.631584941,0,14947.4260537,17231.5018,-230.52577511,6.25277607469e-13,-41.6990207443,-24.6510335077,0,not_explicit_in_model_a,0,3.47881723428e-11,2.51816345553e-11
development_parameterized_screening,hourly_seed_20024,bfa1c712515b6b2871c9d0496b7089348376adcf5e92ff38c1db0aa37274c189,20024,0,66,70,94,4,0,0.95,0.95,39.6505452781,1,39.6505452781,True,none_technical_success,0.998674559676,0.994698238703,163.373445067,158.391963386,0.210217726366,526.861952403,88.2190820318,988.722145134,438.642870371,0,6.39488462184e-14,884.546183689,0,16580.1376161,19251.6617249,-260.212450001,-1.13686837722e-13,-40.6488270675,-26.932556003,0,not_explicit_in_model_a,0,1.81898940355e-11,1.81898940355e-11
development_parameterized_screening,hourly_seed_20025,8b9c56a801f81f8d87fb1d59598d500fc4c6d3dd64f3eb57a3ae00627332af2e,20025,0,88,92,116,4,0,0.95,0.95,39.6505452781,1,39.6505452781,True,none_technical_success,1,1,162.38669679,158.602181112,0,529.257657299,104.72455915,870.567689682,424.533098149,0,0,765.843107249,0,14104.7500752,16752.3890322,-225.292828038,5.68434188608e-14,-40.6062660787,-28.0556380061,0,not_explicit_in_model_a,0,2.02362571144e-11,1.69961822394e-11
development_parameterized_screening,hourly_seed_20026,6e6e393e3da9889909b881d6cf110a2f75b727442ea9092b5c0f92694f251b83,20026,0,135,139,163,4,0,0.95,0.95,39.6505452781,1,39.6505452781,True,none_technical_success,1,1,172.451690398,158.602181112,0,578.624599576,59.2723460826,780.673506547,519.352253493,0,6.2172489379e-15,721.401160465,0,15092.5150407,17174.9507249,-211.826508276,0.392555984967,-44.0998819581,-20.3591709986,0,not_explicit_in_model_a,0,3.81419340556e-11,1.79056769412e-11
development_parameterized_screening,hourly_seed_20027,1ac90b35e11f1b160908c6ae12628886ef5fc616269d57f4e09c799e9df96110,20027,0,67,71,95,4,0,0.95,0.95,39.6505452781,1,39.6505452781,True,none_technical_success,0.983529601805,0.958756630971,157.485379752,155.989940035,2.61224107751,510.339741872,104.299594387,954.775881705,406.040147485,0,0,850.476248306,0,15841.2109225,20812.30376,-250.1898853,-5.68434188608e-13,-39.8971949964,-26.3082278784,0,not_explicit_in_model_a,0,1.25055521494e-11,2.11457518162e-11
development_parameterized_screening,hourly_seed_20028,f51e99eb46113ce586fa7af8b9757c8b754a2014a2e17f072a30c20fafd9aaee,20028,0,91,95,119,4,0,0.95,0.95,39.6505452781,1,39.6505452781,True,none_technical_success,0.982355134415,0.961938910986,156.881695687,155.803666945,2.79851416718,509.840970085,74.7637215534,1029.21403922,435.077248531,0,0,954.450292112,0,16744.9622095,20099.4155666,-280.776574183,1.98120278583e-06,-38.7057238855,-24.8560554473,0,not_explicit_in_model_a,0,4.21209733759e-11,3.31965566147e-11
development_parameterized_screening,hourly_seed_20029,e9ca373a34dde68a471af780189aead715d121ad1cbaf0cd7bb76e6ab85d203e,20029,0,64,68,92,4,0,0.95,0.95,39.6505452781,1,39.6505452781,True,none_technical_success,0.996125240368,0.984500961474,164.387493137,157.987635784,0.614545328846,533.604109602,97.9982483038,1001.51898914,435.605861298,0,5.3290705182e-14,897.317830325,0,15517.0718885,18354.6439898,-263.969564693,-1.70530256582e-13,-44.0859832948,-26.1314574348,0,not_explicit_in_model_a,0,1.80193637789e-11,1.77351466846e-11
development_parameterized_screening,hourly_seed_20030,d6def8624b176139301cda7379850cd4dcaaaa64a49b8e0e664d41c87c7f4d80,20030,0,87,91,115,4,0,0.95,0.95,39.6505452781,1,39.6505452781,True,none_technical_success,1,1,173.057143755,158.602181112,0,576.209044576,105.119433756,631.479799602,471.089610819,0,0,526.360325494,0,14398.592463,15423.2649384,-147.475938718,7.36675056842,-42.3001912863,3.70287739462,0,not_explicit_in_model_a,0,1.04023456515e-11,1.20508047985e-11
development_parameterized_screening,hourly_seed_20031,8218cfabc0188dc50ee5cebacb0feab9bd0baaaf670c05a52f89e2c3fb07d8d6,20031,0,138,142,166,4,0,0.95,0.95,39.6505452781,1,39.6505452781,True,none_technical_success,1,1,164.609762855,158.602181112,0,537.655999727,86.3058473852,1057.39108012,451.350152341,0,0,971.085232732,0,17458.9713103,19491.7898327,-285.670177651,2.4132505132e-06,-39.8097572355,-25.8986886596,0,not_explicit_in_model_a,0,3.16049408866e-11,1.72803993337e-11
development_parameterized_screening,hourly_seed_20032,2a8c9e9b61a659dfa5dcca71c1a5a5df728b1cf3b8d2476f82cc0d2bc74248a2,20032,0,68,72,96,4,0,0.95,0.95,39.6505452781,1,39.6505452781,True,none_technical_success,0.985440970401,0.972617776767,156.77452762,156.293087263,2.30909384927,508.415128386,110.766457241,1301.39500044,397.648671145,0,0,1182.10310661,0,20862.2517198,31778.7552974,-347.746619903,3.41060513165e-13,-40.1319856354,-27.200536443,0,not_explicit_in_model_a,0,1.06865627458e-11,1.02318153949e-11
development_parameterized_screening,hourly_seed_20033,355443adf5f22e18ca1f5d03b6750cd89f09743fb5231bd0a47f03540fe209c0,20033,0,140,144,168,4,0,0.95,0.95,39.6505452781,1,39.6505452781,True,none_technical_success,0.993550076397,0.974200305586,160.648757619,157.579209161,1.02297195151,524.624742102,120.449967595,1225.21464575,404.174774507,0,0,1104.76467816,0,20861.4112296,22099.7052641,-324.99549154,2.05768805017e-06,-39.8464010152,-26.5652478327,0,not_explicit_in_model_a,0,1.54614099301e-11,1.80762071977e-11
development_parameterized_screening,hourly_seed_20034,1156190aa6a251ea3537aeb663fb9aa5cfff75305d7fadc74c28863bab5e97ad,20034,0,65,69,93,4,0,0.95,0.95,39.6505452781,1,39.6505452781,True,none_technical_success,0.993230824528,0.972923298114,161.485447201,157.528575118,1.07360599411,524.240981681,83.1130329555,1063.18557259,441.127948725,0,0,980.072492539,0,16840.0547565,19890.0293971,-288.314018155,5.11590769747e-13,-41.6344203978,-27.2104544567,0,not_explicit_in_model_a,0,2.71711542155e-11,3.22586402035e-11
development_parameterized_screening,hourly_seed_20035,6b936443943e0cae5dcd30fb75d5e94008d975bc4ac207c6fe693553a0d0150e,20035,0,139,143,167,4,0,0.95,0.95,39.6505452781,1,39.6505452781,True,none_technical_success,0.982736205433,0.962998878483,159.807013116,155.86410564,2.73807547254,523.063276383,122.494690794,1116.32707487,400.568585589,0,0,993.832384073,0,18292.6717735,19860.241143,-292.361850991,5.68434188608e-14,-41.4399666521,-25.3314987212,0,not_explicit_in_model_a,0,1.45519152284e-11,1.77351466846e-11
development_parameterized_screening,hourly_seed_20036,f6f8ba79c6de944d4ce94904786d094d446d2341afa8bfdd94588c25ec51eb77,20036,0,92,96,120,4,0,0.95,0.95,39.6505452781,1,39.6505452781,True,none_technical_success,0.991107399934,0.979184670306,161.664917697,157.191795346,1.41038576629,521.485000892,106.736542576,1060.01959684,414.748458315,0,0,953.283021129,0,19134.6121916,25824.483835,-280.43319165,1.15241579124e-06,-39.9167830338,-26.9472256633,0,not_explicit_in_model_a,0,9.57811607805e-12,1.07434061647e-11
development_parameterized_screening,hourly_seed_20037,29342d74c1a231a3b581cd394ff521244e0f66f6933b6b47cfd12bb523c484fc,20037,0,140,144,168,4,0,0.95,0.95,39.6505452781,1,39.6505452781,True,none_technical_success,0.996143629351,0.989113696105,161.898546719,157.990552316,0.611628796033,530.739140771,109.931541208,1077.83296514,420.807599562,0,0,967.901423934,0,18515.8833845,19413.6862324,-284.733579236,-4.54747350886e-13,-39.4705643676,-26.0341509588,0,not_explicit_in_model_a,0,2.45279352384e-11,1.34150468512e-11
development_parameterized_screening,hourly_seed_20038,4fff07e0ff92b59f4b8533443116ca109bb36bcde77f51c07b960a2844c37ddf,20038,0,113,117,141,4,0,0.95,0.95,39.6505452781,1,39.6505452781,True,none_technical_success,0.998297688681,0.993190754724,165.784054199,158.332190824,0.269990288136,540.965987683,58.2740024703,1302.35695044,482.691985213,0,0,1244.08294181,0,18088.2742184,24167.4759287,-365.979611866,1.48123467625e-06,-42.6934202825,-25.5415708775,0,not_explicit_in_model_a,0,3.70619090972e-11,1.57740487339e-11
development_parameterized_screening,hourly_seed_20039,12a326cb640497b3ed0eda341a0dbc3528cfcebb0504ab156bd1f3a34b17036a,20039,0,138,142,166,4,0,0.95,0.95,39.6505452781,1,39.6505452781,True,none_technical_success,0.994651718432,0.978606873728,162.366596351,157.753931991,0.84824912187,529.186522962,108.451370298,939.17142402,420.735152664,0,0,830.720053723,0,15973.1350229,17328.3712133,-244.378079981,2.73589569133e-06,-41.0317455555,-24.7844159804,0,not_explicit_in_model_a,0,1.86446413863e-11,1.00044417195e-11
development_parameterized_screening,hourly_seed_20040,7dd43c6f1f12bd9ec8b805004ea93f6916023767679320411afa6715df134e94,20040,0,115,119,143,4,0,0.95,0.95,39.6505452781,1,39.6505452781,True,none_technical_success,0.998855262667,0.995421050668,162.262871715,158.420623275,0.181557837797,525.832014393,101.371699726,1025.62707222,424.460314668,0,0,909.574651535,0,17456.5808514,20678.7413172,-267.575227302,2.68523740488e-06,-39.8866457812,-26.589746317,0,not_explicit_in_model_a,0,3.42197381542e-11,2.50395260082e-11
development_parameterized_screening,hourly_seed_20041,ef7439e52da1061cdc86c4edb66ca4e110608f7dbeb99df4f454878e1296e8b2,20041,0,111,115,139,4,0,0.95,0.95,39.6505452781,1,39.6505452781,True,none_technical_success,0.993624714281,0.974498857124,164.42054996,157.591046892,1.01113422023,550.968772357,72.5293516263,823.379391054,478.439420731,0,1.00364161426e-13,750.850016175,0,14530.5596454,16368.5113496,-220.882217227,-5.11590769747e-13,-42.3398804265,-25.0258593798,0,not_explicit_in_model_a,0,8.86757334229e-12,1.77919901034e-11
development_parameterized_screening,hourly_seed_20042,b7cf3e21b665b0b754408f65935580abeb6ca27312fa71d7a17b3d359d2aa01b,20042,0,139,143,167,4,0,0.95,0.95,39.6505452781,1,39.6505452781,True,none_technical_success,0.998239017918,0.992956071672,163.427922528,158.322885513,0.2792955991,525.603185564,90.1302474261,1250.40886771,435.472938138,0,0,1160.27862028,0,19693.0794328,21875.5011883,-341.326375078,0,-42.107370608,-26.7065319263,0,not_explicit_in_model_a,0,1.25623955682e-11,1.23634436022e-11
development_parameterized_screening,hourly_seed_20043,18d1346e309d182673fddd72ca4d5ed9abdc3dcb3b6ef36598a745fe42993152,20043,0,116,120,144,4,0,0.95,0.95,39.6505452781,1,39.6505452781,True,none_technical_success,0.972664525856,0.949999999055,154.266715291,154.266715291,4.33546582102,501.429508707,88.7180835699,1224.74109969,412.711425137,0,0,1136.02300894,0,21121.5044703,30065.6732621,-334.190949928,1.1669526998e-06,-39.1302714301,-26.4425056253,0,not_explicit_in_model_a,0,1.70530256582e-11,1.04023456515e-11
development_parameterized_screening,hourly_seed_20044,8e32e1dfa1a87e2e6c2f67a64f2c8563e4747c052b788d6229dd4159c24fbd61,20044,0,116,120,144,4,0,0.95,0.95,39.6505452781,1,39.6505452781,True,none_technical_success,0.993679360628,0.974717442512,161.430722641,157.599713922,1.00246719041,528.498715444,112.467234928,949.732312471,416.031480516,0,0,837.265070509,0,17214.0474862,23557.3898599,-246.303468266,2.72844187066e-06,-40.4045511576,-26.2232995681,0,not_explicit_in_model_a,0,1.1823431123e-11,1.67972302734e-11
development_parameterized_screening,hourly_seed_20045,dbea8ecdac8bb4e0a8149e510a1d47fa5e05fa39098e7bff9d9b4d26d70df78a,20045,0,65,69,93,4,0,0.95,0.95,39.6505452781,1,39.6505452781,True,none_technical_success,0.989705868395,0.975498754944,160.06337573,156.969509387,1.63267172516,526.263263816,87.6804237916,960.884060839,438.582840024,0,6.75015598972e-14,873.203584013,0,15534.7219353,18470.6406998,-256.875726079,8.59788713115e-07,-41.5652861468,-26.360730389,0,not_explicit_in_model_a,0,1.73940861714e-11,1.88720150618e-11
development_parameterized_screening,hourly_seed_20046,3225d8c020c9337176f87427c9c1f3838cf2e55e8c9ddab465abbb24ad1a199b,20046,0,111,115,139,4,0,0.95,0.95,39.6505452781,1,39.6505452781,True,none_technical_success,0.997363049372,0.989452197488,167.37272097,158.183954991,0.418226121089,560.548677221,68.5212896983,1070.52270825,492.027387522,0,7.37188088351e-14,1002.00138404,0,15595.4033799,20192.1174268,-294.764975123,1.37281045909e-06,-42.9648506254,-27.4863865885,0,not_explicit_in_model_a,0,1.43245415529e-11,1.00044417195e-11
development_parameterized_screening,hourly_seed_20047,2b51966ae4d94276de11e9197a78ba2a4c3afc5cd69fa9654fc6d5dd7479db35,20047,0,113,117,141,4,0,0.95,0.95,39.6505452781,1,39.6505452781,True,none_technical_success,1,1,172.758878862,158.602181112,0,572.416230559,66.0490808362,669.96752583,506.367149723,0,1.20792265079e-13,603.918416243,0,15138.6621544,15845.2338155,-177.65843443,5.84014685501e-07,-43.1524346987,-9.51271657313,0,not_explicit_in_model_a,0,2.87627699436e-11,2.51247911365e-11
development_parameterized_screening,hourly_seed_20048,2be36db39ad8ac8ae1851bee97e387fa83f868a7356f51940de1ad5a2a75fccb,20048,0,89,93,117,4,0,0.95,0.95,39.6505452781,1,39.6505452781,True,none_technical_success,1,1,164.284080446,158.602181112,0,537.041153814,55.4919930343,919.6416609,481.54916078,0,0,846.304000791,0,15574.8998868,17608.146924,-248.962508848,4.62459638584e-07,-42.4268698189,-27.3301414124,0,not_explicit_in_model_a,0,2.12025952351e-11,1.03455022327e-11
development_parameterized_screening,hourly_seed_20049,7d6fd41478b0d5e487ea40133c8378c4af23fb318d26405a25a4bd305515cb5c,20049,0,88,92,116,4,0,0.95,0.95,39.6505452781,1,39.6505452781,True,none_technical_success,1,1,163.60522042,158.602181112,0,528.049555087,102.521942358,558.904960945,425.52761273,0,1.22568621919e-13,456.382966315,0,12884.4218276,13253.5242985,-134.257014494,4.54747350886e-13,-42.3619834945,0.984954036601,0,not_explicit_in_model_a,0,3.01270119962e-11,1.35287336889e-11
development_parameterized_screening,hourly_seed_20050,9766b3a858dff8130dd1060349c1267159bc80429e4a11c96c5aa79f678b990b,20050,0,91,95,119,4,0,0.95,0.95,39.6505452781,1,39.6505452781,True,none_technical_success,0.992396200343,0.975145715656,157.396201902,157.396201902,1.20597921032,508.313530025,108.570930923,1001.27938682,399.742599102,0,0,881.912725819,0,17226.084418,20131.1218887,-259.437749328,5.11590769747e-13,-39.5278130375,-27.0380203545,0,not_explicit_in_model_a,0,1.3869794202e-11,1.31876731757e-11
development_parameterized_screening,hourly_seed_20051,aaaa0aa1ea50f4ded09f89e0f44d93ab3a486c1de7130b267c2f16b2a2eac213,20051,0,111,115,139,4,0,0.95,0.95,39.6505452781,1,39.6505452781,True,none_technical_success,1,1,162.723118043,158.602181112,0,534.548708173,92.9336036887,886.620284899,441.615104484,0,0,736.533829531,0,14180.0839729,16138.6916249,-216.670733845,1.7536065684e-06,-40.5181840814,-22.9462778201,0,not_explicit_in_model_a,0,9.54969436862e-12,1.00044417195e-11
development_parameterized_screening,hourly_seed_20052,62891d4459c79b6a1f454bf798f60864e0e840ec8cb11aa79d1abfee0e4947e9,20052,0,91,95,119,4,0,0.95,0.95,39.6505452781,1,39.6505452781,True,none_technical_success,0.987230923926,0.972500696556,157.583685645,156.576977796,2.02520331614,510.169385703,113.546139487,941.550552455,396.623246216,0,0,828.004388626,0,16470.0522106,19434.5713814,-243.579198632,-1.13686837722e-13,-38.7157043383,-26.4310453324,0,not_explicit_in_model_a,0,2.18278728426e-11,1.21644916362e-11
development_parameterized_screening,hourly_seed_20053,c0941657cbbd8b985bcae7676d68c487d54780fb8b20b4aa9b567b58ddfb759a,20053,0,135,139,163,4,0,0.95,0.95,39.6505452781,1,39.6505452781,True,none_technical_success,1,1,170.503287854,158.602181112,0,576.131825506,78.4958717329,863.06171832,497.635953773,0,0,784.565846587,0,14893.4836967,16641.2525678,-230.800612184,4.83543146856e-07,-43.6680270614,-28.0556283113,0,not_explicit_in_model_a,0,1.65982783074e-11,1.55750967679e-11
development_parameterized_screening,hourly_seed_20054,429c02e66b5f8ab38d8a01e09a41a57d9e8a89bb84e0f601684169480560c366,20054,0,114,118,142,4,0,0.95,0.95,39.6505452781,1,39.6505452781,True,none_technical_success,0.992191095125,0.968764380499,159.194827599,157.363671767,1.2385093453,520.920070983,85.7555825513,957.310823407,435.164488432,0,0,858.985298327,0,15571.9412855,17746.4583769,-252.693043314,2.1312691274e-06,-40.3099649484,-25.9202038356,0,not_explicit_in_model_a,0,1.09139364213e-11,2.47837306233e-11
development_parameterized_screening,hourly_seed_20055,a9379e529bfd55abf8c578a71b43863c68fdbda4836c43db0f717fbed91defec,20055,0,138,142,166,4,0,0.95,0.95,39.6505452781,1,39.6505452781,True,none_technical_success,0.98750000096,0.950000003838,160.578528754,156.619654001,1.98252711172,523.759223266,100.541547109,1142.77850048,423.217676157,0,0,1042.23695337,0,17756.4824686,20203.4697607,-306.601322335,1.73368164269e-06,-41.4092601722,-27.4365601518,0,not_explicit_in_model_a,0,2.54658516496e-11,1.76783032657e-11
development_parameterized_screening,hourly_seed_20056,d9835ea2d85267234740eda3563e2a87bd683e9beca1f28b55bf8ab9fbacf623,20056,0,114,118,142,4,0,0.95,0.95,39.6505452781,1,39.6505452781,True,none_technical_success,1,1,162.914216931,158.602181112,0,531.378069104,88.4911776932,1186.81887506,442.886891411,0,0,1098.32768709,0,20496.3288764,25712.7772874,-323.101883814,1.0331524436e-07,-40.2319293279,-26.6120924802,0,not_explicit_in_model_a,0,2.56932253251e-11,2.4499513529e-11
development_parameterized_screening,hourly_seed_20057,7f5f5fe678790d4375a4234efa0faa61950c3962f07a94c79b1977bfe092a44b,20057,0,139,143,167,4,0,0.95,0.95,39.6505452781,1,39.6505452781,True,none_technical_success,0.983162107994,0.956054596101,157.576829339,155.931654715,2.67052639748,511.02076433,75.775069048,1165.4589925,435.245695282,0,0,1089.68392345,0,18698.8096739,20444.9136719,-320.559093861,3.69426800262e-07,-39.0493457749,-26.4501741326,0,not_explicit_in_model_a,0,1.55750967679e-11,1.80762071977e-11
development_parameterized_screening,hourly_seed_20058,3b19dcd025fed92e2b9df406bdac3fd490acb60fc816a69a7a1a753d86ef2953,20058,0,111,115,139,4,0,0.95,0.95,39.6505452781,1,39.6505452781,True,none_technical_success,0.993414616994,0.973658467976,165.515001677,157.557725004,1.04445610823,551.523225863,99.1488734341,1152.41224813,452.374352429,0,0,1049.76800713,0,16269.2998435,20213.437946,-308.816780972,2.27373675443e-13,-42.4141635184,-27.119237561,0,not_explicit_in_model_a,0,2.75122147286e-11,1.796252036e-11
development_parameterized_screening,hourly_seed_20059,ce0db05efd3aa119f985f8d2712e71654d4e0b08f8fbcf49c3a446e68320f812,20059,0,112,116,140,4,0,0.95,0.95,39.6505452781,1,39.6505452781,True,none_technical_success,1,1,163.517103371,158.602181112,0,534.663693977,77.9764303828,939.785982235,456.687263595,0,0,861.809519139,0,15437.2856144,17390.6612044,-253.523862787,1.25245657046e-06,-41.9983262588,-26.5624299362,0,not_explicit_in_model_a,0,1.11413100967e-11,1.77919901034e-11
development_parameterized_screening,hourly_seed_20060,f403425931b47c0f76036e87c66777518926625379eabc2b3dcab4eba39a3b37,20060,0,115,119,143,4,0,0.95,0.95,39.6505452781,1,39.6505452781,True,none_technical_success,0.995294400112,0.981177600447,162.383423483,157.855862707,0.74631840572,528.989953052,76.6440460202,982.672455725,452.345907032,0,0,906.028395495,0,17052.1649328,23078.4501975,-266.532005784,1.74320007318e-08,-40.2023166721,-28.3310332868,0,not_explicit_in_model_a,0,1.20508047985e-11,1.87583282241e-11
development_parameterized_screening,hourly_seed_20061,f57a86e655fa8158eb1af87b81d8d3c51ca5aaba19209fe18d760585bb594d4e,20061,0,64,68,92,4,0,0.95,0.95,39.6505452781,1,39.6505452781,True,none_technical_success,1,1,164.483396112,158.602181112,0,538.684363345,57.9625816335,829.224471642,480.721781711,0,0,771.261820069,0,14725.3211172,16162.861458,-225.363386648,1.52349782884,-42.8763969361,-26.9058860994,0,not_explicit_in_model_a,0,2.18278728426e-11,3.70903308067e-11
development_parameterized_screening,hourly_seed_20062,72797b12a2932b3ba6391f932965d8f0ee6b3bd1c217035eb48e3887bf29efaa,20062,0,140,144,168,4,0,0.95,0.95,39.6505452781,1,39.6505452781,True,none_technical_success,0.983008256741,0.968526158953,156.900337799,155.907253571,2.69492754185,509.427843586,66.4682009526,1303.58201662,442.959642634,0,2.0605739337e-13,1237.11381567,0,22059.2871572,23694.6286139,-363.929462184,1.13686837722e-13,-38.4025903186,-26.613580701,0,not_explicit_in_model_a,0,2.48476794695e-11,1.66551217262e-11
development_parameterized_screening,hourly_seed_20063,388fc08be887a53e5dc62857e53cb22e5d565018acabf9b9c5781df568eb427b,20063,0,138,142,166,4,0,0.95,0.95,39.6505452781,1,39.6505452781,True,none_technical_success,0.99104505573,0.964180222922,161.68154409,157.18190742,1.42027369289,522.272602958,68.6993122356,1043.60463057,453.573290723,0,1.31450406116e-13,974.905318336,0,17045.8330741,18819.5560166,-286.793958395,-1.70530256582e-13,-41.9925922247,-25.8798291255,0,not_explicit_in_model_a,0,2.56932253251e-11,1.62003743753e-11
development_parameterized_screening,hourly_seed_20064,5487d356ddfa218a61068e41d547d208227446ef99faf59992d5698020b93a49,20064,0,67,71,95,4,0,0.95,0.95,39.6505452781,1,39.6505452781,False,interval_delivery,0.969662958141,0.949999997322,154.022533239,153.790660105,4.81152100731,501.589712812,108.789253528,803.753080743,392.800459284,0,1.4921397451e-13,694.963787124,0,15079.920188,17467.6517871,-204.441817787,4.54747350886e-13,-39.8824184122,-26.0534623506,0,not_explicit_in_model_a,0,2.95585778076e-11,2.31921148952e-11
development_parameterized_screening,hourly_seed_20065,a8c62a567d8e5c243c40785e6e4a8c1c7eeacd2a584c37776bbff4f6f5b20b25,20065,0,68,72,96,4,0,0.95,0.95,39.6505452781,1,39.6505452781,True,none_technical_success,0.990298443016,0.961193772065,161.138742516,157.063493015,1.53868809783,522.024903837,78.5024019252,1266.14189282,443.522501912,0,0,1169.4268349,0,20827.9674155,30055.5571088,-344.017562245,-1.13686837722e-13,-41.0236550139,-25.8226585871,0,not_explicit_in_model_a,0,1.27329258248e-11,1.45803369378e-11
development_parameterized_screening,hourly_seed_20066,63476a397f5185ba1b9bd9b62d2f970cbe411730e60208ac80ce2f86714d0466,20066,0,64,68,92,4,0,0.95,0.95,39.6505452781,1,39.6505452781,True,none_technical_success,1,1,171.729189549,158.602181112,0,583.762995362,67.8811005602,855.232501555,515.881894802,0,0,780.026655321,0,15805.2746989,17864.1690573,-228.968806942,0.496483610732,-42.5822707965,-26.194205487,0,not_explicit_in_model_a,0,1.94404492504e-11,1.26192389871e-11
development_parameterized_screening,hourly_seed_20067,c8bf5d3c0a2feffe7c3bcc29c499af41a0a45855a6427fa9d4f4dd551c837944,20067,0,114,118,142,4,0,0.95,0.95,39.6505452781,1,39.6505452781,True,none_technical_success,1,1,168.522019928,158.602181112,0,560.366648091,76.1166139954,642.871438222,484.250034096,0,0,564.58114213,0,15112.1638797,16021.7756951,-159.480912978,6.60543155366,-44.3987886886,-8.44243905951,0,not_explicit_in_model_a,0,2.51816345553e-11,2.51816345553e-11
development_parameterized_screening,hourly_seed_20068,21098b73b10aa9460220b09172c198eb3773953fe454c4f486485a610523e20f,20068,0,135,139,163,4,0,0.95,0.95,39.6505452781,1,39.6505452781,True,none_technical_success,1,1,167.029603586,158.602181112,0,545.811253239,87.3159023732,949.399567249,458.495350866,0,0,862.083664876,0,14186.5420814,16369.1475916,-253.604508648,2.54626843343e-06,-43.0757884204,-26.7686338914,0,not_explicit_in_model_a,0,3.26565441355e-11,2.98427949019e-11
development_parameterized_screening,hourly_seed_20069,bc981166a5bffd0fa78ad876c6f691923defd98b60475707cc548325aa0748e4,20069,0,111,115,139,4,0,0.95,0.95,39.6505452781,1,39.6505452781,True,none_technical_success,0.994855610341,0.979422441363,162.55524146,157.786269692,0.815911420438,543.546564123,100.441983468,1008.15119547,443.104580654,0,0,905.547409482,0,14890.5275814,17772.1470409,-266.390508908,2.24816517402e-06,-43.1412020259,-26.4514178383,0,not_explicit_in_model_a,0,2.58069121628e-11,1.42108547152e-11
development_parameterized_screening,hourly_seed_20070,a0da0ad0c3c46fc9b8b459c3c4d986c4a627fc69fb0b90767c178021500012c2,20070,0,140,144,168,4,0,0.95,0.95,39.6505452781,1,39.6505452781,False,interval_delivery,0.964319333361,0.861737984453,153.707239153,152.94314956,5.65903155252,497.19513562,86.7791262866,1137.20666319,410.416009333,0,0,1050.42753691,0,19753.2664378,20828.5490486,-309.010798439,5.08026346324e-07,-39.4736780333,-28.0873874563,0,not_explicit_in_model_a,0,2.98427949019e-11,2.25668372877e-11
development_parameterized_screening,hourly_seed_20071,07928f2b03bde6d81930ef740799c2ea3751497d5f65e49dc4949fd0d0638e5b,20071,0,87,91,115,4,0,0.95,0.95,39.6505452781,1,39.6505452781,True,none_technical_success,1,1,174.746733313,158.602181112,0,584.717231154,83.5569337292,619.377685425,501.160297425,0,2.59348098552e-13,535.82070625,0,14354.1380175,15071.6466641,-157.625708184,1.23730274026e-07,-43.8540181119,-1.85530555232,0,not_explicit_in_model_a,0,1.66551217262e-11,9.26547727431e-12
development_parameterized_screening,hourly_seed_20072,203c6b0713616c90df01c8434720155cbf51c23f77e989700e779419e0b1b14a,20072,0,138,142,166,4,0,0.95,0.95,39.6505452781,1,39.6505452781,True,none_technical_success,1,1,172.639311897,158.602181112,0,581.515826485,102.807905429,1003.42631412,478.707921056,0,0,900.618408694,0,17399.6530939,19181.0798852,-264.530266943,0.410249407287,-44.2345588685,-27.6665304349,0,not_explicit_in_model_a,0,1.30171429191e-11,1.07434061647e-11
development_parameterized_screening,hourly_seed_20073,91e4fcf968f3043022422db33fa7c58762fed9c602bde8f440ea51675525b74c,20073,0,138,142,166,4,0,0.95,0.95,39.6505452781,1,39.6505452781,True,none_technical_success,0.988177348568,0.98111319239,157.359134487,156.727082809,1.87509830367,512.164210329,90.4483939778,1005.48672046,421.715816352,0,3.24185123191e-14,915.038326482,0,16854.4128194,18470.7080208,-269.182512784,4.29749206887e-07,-40.282596956,-26.4495128452,0,not_explicit_in_model_a,0,3.47881723428e-11,2.4897417461e-11
development_parameterized_screening,hourly_seed_20074,9a9e71bb1e4080073df4814d63e15cd038a367faaa3c485ee7659724559e6b68,20074,0,64,68,92,4,0,0.95,0.95,39.6505452781,1,39.6505452781,True,none_technical_success,0.995566416049,0.982265664196,165.703471859,157.899005028,0.703176084754,550.538010761,98.0787307796,936.983770787,452.459279981,0,0,838.90497023,0,14855.4921724,17202.9480386,-246.785890335,1.56130852247e-07,-43.8386806241,-25.8771827303,0,not_explicit_in_model_a,0,3.94493326894e-11,1.76214598469e-11
development_parameterized_screening,hourly_seed_20075,940a4a520f01874b4beeb835e9e67431ba63c1859c56a51189fca8478938a854,20075,0,137,141,165,4,0,0.95,0.95,39.6505452781,1,39.6505452781,True,none_technical_success,0.998996870995,0.99598748398,163.258952399,158.443082664,0.159098448117,544.993802443,82.9836839011,584.771641758,462.010118542,0,0,501.787957857,0,13416.6312147,13980.7923708,-147.614080689,2.44536113314e-06,-43.0799508957,-1.03574240271,0,not_explicit_in_model_a,0,1.22781784739e-11,8.98126018001e-12
development_parameterized_screening,hourly_seed_20076,c5892545d9ceec3123adf468e1dcce2b2aa8cf29f95b98844705c4408738c6d2,20076,0,63,67,91,4,0,0.95,0.95,39.6505452781,1,39.6505452781,True,none_technical_success,1,1,174.129819374,158.602181112,0,579.826582792,88.4235824142,645.478752407,491.403000377,0,5.68434188608e-14,550.473973049,0,14209.2855536,15291.3593074,-161.9363509,1.70530256582e-13,-44.1388905998,0,0,not_explicit_in_model_a,0,1.67688085639e-11,1.81330506166e-11
development_parameterized_screening,hourly_seed_20077,52701b3cc61014c1e2fc3532c8a7328ba8282e0fd9c700afaaaaa1a5176bbc5a,20077,0,64,68,92,4,0,0.95,0.95,39.6505452781,1,39.6505452781,True,none_technical_success,0.978558179639,0.94999999996,158.303642162,155.201461636,3.40071947635,514.903981814,85.7863385037,1090.64097852,429.117643311,0,4.61852778244e-14,1004.854561,0,15861.0709402,18927.300788,-295.604311164,2.13795499349e-06,-42.7527258045,-27.6680410823,0,not_explicit_in_model_a,0,2.43289832724e-11,8.98126018001e-12
development_parameterized_screening,hourly_seed_20078,98ec86fe27691cab83dfbb2cb03893fce4c6d88ccbde7606473fce703a37a94a,20078,0,67,71,95,4,0,0.95,0.95,39.6505452781,1,39.6505452781,True,none_technical_success,0.996996183052,0.987984732208,163.068030831,158.125769193,0.476411919612,530.144392161,94.3085275264,1161.180647,435.835864634,0,2.30926389122e-13,1063.27505846,0,18495.0206692,26405.5013828,-312.790234235,1.13686837722e-13,-40.7806409873,-28.1079967693,0,not_explicit_in_model_a,0,3.16049408866e-11,1.77919901034e-11
development_parameterized_screening,hourly_seed_20079,a56ca05f891c8d9dfa28435a0176e5e4e1965e6b4badb268343c2430a8b5771f,20079,0,139,143,167,4,0,0.95,0.95,39.6505452781,1,39.6505452781,True,none_technical_success,0.982374434459,0.970299661209,157.321116783,155.806727974,2.79545313813,510.859378836,59.2788134608,1361.9973335,451.580565375,0,0,1302.71852004,0,21891.3182547,24509.5747818,-383.228805237,6.88808427185e-07,-41.1649340873,-26.7302460499,0,not_explicit_in_model_a,0,4.50768311566e-11,3.78577169613e-11
development_parameterized_screening,hourly_seed_20080,0c35db19ad6b3d06bca35d7a6dabe07aa13780a2546380cb5889646a5266bf16,20080,0,112,116,140,4,0,0.95,0.95,39.6505452781,1,39.6505452781,True,none_technical_success,0.987499999935,0.949999999738,163.823775004,156.619653838,1.98252727428,531.639113923,87.3682835522,1096.25329429,444.270830371,0,1.20792265079e-13,1008.88499383,0,16051.6824361,18935.9494088,-296.789970784,-1.13686837722e-13,-43.4525848562,-28.3561804093,0,not_explicit_in_model_a,0,2.89830381917e-11,3.7573499867e-11
development_parameterized_screening,hourly_seed_20081,b60b3e2c490bef59104f3c0708791c588482231a66fcc13f385127e2a99a57a9,20081,0,116,120,144,4,0,0.95,0.95,39.6505452781,1,39.6505452781,True,none_technical_success,0.98463115211,0.964123379641,159.23819987,156.164648316,2.43753279647,517.466018938,83.1371626641,1061.52264079,434.328856274,0,0,978.38547813,0,18160.4183821,31980.9829084,-287.817738638,-2.84217094304e-13,-41.4842807541,-24.889065894,0,not_explicit_in_model_a,0,2.63753463514e-11,2.04636307899e-11
development_parameterized_screening,hourly_seed_20082,59671b31239e3e5da518d97c39106541af079a9a7b24093c7a23c11e6778059b,20082,0,114,118,142,4,0,0.95,0.95,39.6505452781,1,39.6505452781,True,none_technical_success,1,1,174.30989028,158.602181112,0,586.355676731,97.3749931106,1022.02120962,488.98068362,0,1.66977542904e-13,924.646203274,0,17501.6124775,20488.8828816,-272.008921186,8.74718011801e-07,-44.2411110741,-25.1141315283,0,not_explicit_in_model_a,0,1.06865627458e-11,1.23918653117e-11
development_parameterized_screening,hourly_seed_20083,0adb5defe37081f69dcab15096d7ceb8f36db8c69f6e1b3316c351f644f23900,20083,0,65,69,93,4,0,0.95,0.95,39.6505452781,1,39.6505452781,True,none_technical_success,0.992485180727,0.982437055253,160.620417505,157.410314385,1.19186672737,522.193591062,74.1057585449,881.351940729,448.087832517,0,3.33066907388e-15,807.246143363,0,14522.2506925,16584.9155061,-237.472615852,7.19134447991e-07,-41.7106233429,-28.3710927439,0,not_explicit_in_model_a,0,2.46700437856e-11,1.61435309565e-11
development_parameterized_screening,hourly_seed_20084,dbeb077d3d2ebb10ec90e4537d7fac780c872917e471b9184b766ccc67060b63,20084,0,111,115,139,4,0,0.95,0.95,39.6505452781,1,39.6505452781,True,none_technical_success,1,1,172.488524807,158.602181112,0,559.033733141,68.0728304723,987.142545462,490.960902669,0,0,919.06970491,0,15607.7758132,18567.1651078,-270.36844694,1.92864166593e-06,-44.672088197,-27.1513329348,0,not_explicit_in_model_a,0,9.83391146292e-12,3.64934749086e-11
development_parameterized_screening,hourly_seed_20085,c9018e9cec7fea559e97252a042bc3088b062258108e5a0ec4d2e6ba70234052,20085,0,137,141,165,4,0,0.95,0.95,39.6505452781,1,39.6505452781,True,none_technical_success,0.989687397296,0.959847725772,162.034527758,156.966579831,1.63560128183,526.206999271,57.4610329629,959.783540259,468.745966308,0,0,902.322507296,0,15690.7529748,17841.4224868,-265.441821631,5.68434188608e-14,-42.4030189445,-26.9960153276,0,not_explicit_in_model_a,0,1.93267624127e-11,1.25055521494e-11
development_parameterized_screening,hourly_seed_20086,83874b05b19c75a6cb7727b0b3fdd946d0ed7f55b67a55a5bed05a6ff79e1d8a,20086,0,135,139,163,4,0,0.95,0.95,39.6505452781,1,39.6505452781,True,none_technical_success,1,1,168.717495582,158.602181112,0,560.218618278,71.4239128619,972.876640315,488.794705416,0,0,901.452727454,0,16058.0563034,18509.4787804,-258.606070479,6.57988260827,-42.3840265266,-26.7576780529,0,not_explicit_in_model_a,0,3.20596882375e-11,1.26192389871e-11
development_parameterized_screening,hourly_seed_20087,0a82e57a588adfebf18250266a21ff36779f02eb710749a4704b125ca678b1a3,20087,0,136,140,164,4,0,0.95,0.95,39.6505452781,1,39.6505452781,True,none_technical_success,1,1,165.523465465,158.602181112,0,534.328560705,86.1093470656,1038.3074101,448.21921364,0,0,952.198063031,0,15834.1707937,18349.6111665,-280.114023933,-1.13686837722e-13,-42.7550806397,-26.9490108105,0,not_explicit_in_model_a,0,2.35900188272e-11,1.07434061647e-11
development_parameterized_screening,hourly_seed_20088,6bd8d9b8398e6f230141c8874fa40552ba148ee26145986bcdcc9fe00853d086,20088,0,88,92,116,4,0,0.95,0.95,39.6505452781,1,39.6505452781,True,none_technical_success,1,1,169.458339129,158.602181112,0,571.107408068,85.2926744396,808.990278065,485.814733628,0,2.98427949019e-13,701.22715944,0,14866.0618443,16552.9556966,-206.28435296,-3.97903932026e-13,-42.6627211446,-27.7147948334,0,not_explicit_in_model_a,0,2.50111042988e-11,1.76214598469e-11
development_parameterized_screening,hourly_seed_20089,19cd2c87e2848bdd3abb0f9867e96471eb569a2eb88100b5ec58b7f8e3a3a05c,20089,0,111,115,139,4,0,0.95,0.95,39.6505452781,1,39.6505452781,True,none_technical_success,0.999806730299,0.999226921195,165.530417682,158.571528116,0.0306529961694,550.908536413,89.243704272,763.299688726,461.664832141,0,0,650.437194249,0,14061.2637331,15936.1343203,-191.343151229,1.91350437717e-06,-43.1285667052,-25.8596020006,0,not_explicit_in_model_a,0,1.58593138622e-11,1.77919901034e-11
development_parameterized_screening,hourly_seed_20090,d9ed6d8ddc0dcf5d722a7ba5a6855cdb6f0889b741963345b8844988318ca035,20090,0,116,120,144,4,0,0.95,0.95,39.6505452781,1,39.6505452781,True,none_technical_success,0.990345210323,0.974878757278,157.457116895,157.070910412,1.53127070089,513.309002904,88.8617335663,1171.82019219,424.447269338,0,0,1082.95845862,0,19983.9954526,32045.1244406,-318.580621681,7.48830530028e-07,-39.1606554512,-26.7302870083,0,not_explicit_in_model_a,0,3.20596882375e-11,1.16529008665e-11
development_parameterized_screening,hourly_seed_20091,6f315f1265aabbfa9e2fd862b9f6f9936956c75d315ad115b02ec858184838d3,20091,0,135,139,163,4,0,0.95,0.95,39.6505452781,1,39.6505452781,True,none_technical_success,0.996252300379,0.986410554456,160.619749316,158.007787778,0.594393333994,527.744714953,78.7504772217,915.945887118,448.994237732,0,0,837.195409896,0,14771.0190763,17136.4374718,-246.282976801,1.6982296529e-06,-39.59498087,-25.7886452877,0,not_explicit_in_model_a,0,4.36557456851e-11,3.91935373045e-11
development_parameterized_screening,hourly_seed_20092,56dab90cf66501d67b49c7479c0b98a66651711af5c28c39deeb2997743e4dc0,20092,0,113,117,141,4,0,0.95,0.95,39.6505452781,1,39.6505452781,True,none_technical_success,0.984538409505,0.950000001706,159.807835483,156.149939136,2.45224197604,523.124579614,93.7365548113,1040.71834057,429.388024803,0,0,946.981771165,0,16267.5441403,19738.3161715,-278.579513733,1.19303058455e-06,-42.0361243699,-25.4841721256,0,not_explicit_in_model_a,0,1.93267624127e-11,1.59730006999e-11
development_parameterized_screening,hourly_seed_20093,67c45a8e8ca36f1d6f7ecac0b3afc215a559777304ef6e9c4ae866e1f859131e,20093,0,112,116,140,4,0,0.95,0.95,39.6505452781,1,39.6505452781,True,none_technical_success,1,1,164.559729977,158.602181112,0,548.369500785,112.083424091,670.412112573,436.286076694,0,0,558.328662513,0,13448.9444679,14484.9652815,-164.24701137,2.36132132159e-06,-42.7169952477,-26.4948590034,0,not_explicit_in_model_a,0,1.67119651451e-11,1.67119651451e-11
development_parameterized_screening,hourly_seed_20094,b889bbac7bf67c390086d53f96c4539275467536499ac676142454fc1fc59c3e,20094,0,87,91,115,4,0,0.95,0.95,39.6505452781,1,39.6505452781,True,none_technical_success,1,1,170.044623274,158.602181112,0,568.640005911,79.0644342141,604.079755599,489.575571697,0,0,525.015289698,0,14160.2987669,14837.3436399,-154.447009503,2.24129814796e-06,-43.8971384803,-1.05923077171,0,not_explicit_in_model_a,0,7.61701812735e-12,1.36424205266e-11
development_parameterized_screening,hourly_seed_20095,f7eacfc2d14adc02d34dd2db7a1fade056f2876f19045bc7500f8a3694666f13,20095,0,114,118,142,4,0,0.95,0.95,39.6505452781,1,39.6505452781,True,none_technical_success,0.997329168076,0.989316672302,162.083962331,158.178581344,0.423599768594,527.181848608,75.5674174194,969.309402832,451.614431188,0,0,893.741981507,0,16543.7787692,19251.4527113,-262.917633812,1.20252371971e-06,-41.2684717875,-25.0971997106,0,not_explicit_in_model_a,0,4.0017766878e-11,1.00044417195e-11
development_parameterized_screening,hourly_seed_20096,ae98f08954c2c4b20208ab156d5c08e88acdb8651cf6678764199fc337b07480,20096,0,140,144,168,4,0,0.95,0.95,39.6505452781,1,39.6505452781,True,none_technical_success,0.984834307581,0.966742986876,157.622603269,156.196869217,2.4053118957,510.632727814,104.827953624,998.68136177,405.804774189,0,0,893.853408145,0,17799.9173354,18549.6241517,-262.950414027,5.50938352717e-08,-38.3318865734,-27.1045050678,0,not_explicit_in_model_a,0,3.81987774745e-11,2.52384779742e-11
development_parameterized_screening,hourly_seed_20097,5744d3c358898c5441deed2af54a391f80c2be2f1a3a23842c7cd56682f920b1,20097,0,63,67,91,4,0,0.95,0.95,39.6505452781,1,39.6505452781,True,none_technical_success,1,1,164.484464209,158.602181112,0,539.76776363,58.9486786174,911.081820702,480.819085013,0,0,847.428256126,0,14417.3560053,17649.9486597,-249.293238491,5.68434188608e-14,-41.0166134074,-26.9763890451,0,not_explicit_in_model_a,0,1.2676082406e-11,3.29123395204e-11
development_parameterized_screening,hourly_seed_20098,a2c3ff7b56d2d929619112720f40992dcdb9c7a71b80ca285e465be142bc7c62,20098,0,135,139,163,4,0,0.95,0.95,39.6505452781,1,39.6505452781,True,none_technical_success,0.998362058541,0.993448234166,161.238511697,158.342400025,0.25978108787,541.933056741,63.7934688833,590.391964531,478.139587858,0,8.881784197e-15,526.598495648,0,13794.7724088,14691.4854187,-154.912753184,9.7524150533e-08,-39.8650283436,-2.06761548725,0,not_explicit_in_model_a,0,1.11413100967e-11,1.78488335223e-11
development_parameterized_screening,hourly_seed_20099,c72ea566d27237735284736545b996c6db891e43c7ea6fdcd6bd254ace7ecdb0,20099,0,111,115,139,4,0,0.95,0.95,39.6505452781,1,39.6505452781,True,none_technical_success,1,1,164.724501979,158.602181112,0,544.384965989,91.460904756,1047.39896095,452.924061233,0,0,955.938042804,0,15662.1521876,19617.8420155,-275.335628498,5.87860853581,-41.6193389783,-25.7379017748,0,not_explicit_in_model_a,0,1.96678229258e-11,1.77919901034e-11
development_parameterized_screening,hourly_seed_20000,c53ae573b0664487ef9674ac8f746f47e59c1e10b31f872f34607fdfd247e7e8,20000,0,115,123,147,8,0,0.95,0.95,36.7061978565,1,36.7061978565,True,none_technical_success,0.997492426832,0.979939414655,304.003316512,292.913235037,0.736347814779,984.718146968,37.9746912339,1381.77449442,946.743455734,0,0,1343.79980318,0,32950.9326001,55620.1166279,-395.313939758,2.62887454028e-06,-38.3419068438,-22.8113259447,0,not_explicit_in_model_a,0,3.81987774745e-11,3.7971403799e-11
development_parameterized_screening,hourly_seed_20001,2f60cb23c7a2aa21eb5499cf86c679c5758a21d91c6b6ff59534e37ff1898942,20001,0,64,72,96,8,0,0.95,0.95,36.7061978565,1,36.7061978565,True,none_technical_success,0.9991270425,0.993016340001,310.766874521,293.393239246,0.25634360567,1035.84549368,77.4263404144,1287.79644932,958.419153264,0,0,1210.37006456,0,31568.6902213,43678.3989079,-354.86216349,1.19992316469,-41.5394011793,-25.0623605465,0,not_explicit_in_model_a,0,2.45847786573e-11,2.48121523327e-11
development_parameterized_screening,hourly_seed_20002,543b98f9608afb8dd3b79273631996a4e6cee3584d59c35ec52dbfd0017343dc,20002,0,88,96,120,8,0,0.95,0.95,36.7061978565,1,36.7061978565,True,none_technical_success,0.998504249548,0.994003008962,300.75051738,293.210356355,0.439226496304,982.008377942,45.5631487006,1057.24481793,936.445229241,0,2.30926389122e-13,1008.4294728,0,28468.906697,35470.419173,-296.655965679,1.6501841742e-06,-38.820016739,-2.84676953086,0,not_explicit_in_model_a,0,1.20508047985e-11,6.30961949355e-12
development_parameterized_screening,hourly_seed_20003,68c503bf49c743ad5976bad45c6adf02907306e39698ec783e5f14f11bc88bf5,20003,0,63,71,95,8,0,0.95,0.95,36.7061978565,1,36.7061978565,True,none_technical_success,0.995601292524,0.964810340193,304.536495845,292.357904236,1.29167861539,989.370837249,51.7687551216,1428.61427271,937.602082127,0,0,1376.84549094,0,31874.1735267,46331.8057603,-401.192593746,3.84260405136,-39.0672356836,-24.5896755674,0,not_explicit_in_model_a,0,5.09317032993e-11,3.93072241422e-11
development_parameterized_screening,hourly_seed_20004,24c5bbc6d431aa9062833bf977664a48973775f62bb95828c1db7026e1b0dc40,20004,0,63,71,95,8,0,0.95,0.95,36.7061978565,1,36.7061978565,True,none_technical_success,0.997219580619,0.977756644949,301.348885576,292.83311386,0.81646899148,995.471920086,61.634958084,1106.21224127,933.836962002,0,0,1044.577227,0,28807.5530714,39329.7788902,-307.289775191,1.72066245341e-06,-40.0225887647,-7.1105809281,0,not_explicit_in_model_a,0,3.07807113131e-11,2.45563569479e-11
development_parameterized_screening,hourly_seed_20005,2ff7083b833a8bd214641c67e6d51a44824091e7705e6a00f39cbd3ef4c58b85,20005,0,139,147,171,8,0,0.95,0.95,36.7061978565,1,36.7061978565,False,interval_delivery,0.992371180368,0.949999998617,299.457665089,291.409383149,2.24019970253,971.186992347,124.671532511,1569.062497,846.515459836,0,5.68434188608e-14,1444.39096449,0,35753.0418507,38070.60571,-424.905468884,7.9118552776e-07,-40.0070091019,-26.6425991719,0,not_explicit_in_model_a,0,3.93569621338e-11,3.21165316564e-11
development_parameterized_screening,hourly_seed_20006,20538feb278c0470c766f06c689d2a3dd425be3d63ab46475fb6600b2bbc2ab7,20006,0,66,74,98,8,0,0.95,0.95,36.7061978565,1,36.7061978565,True,none_technical_success,0.99941543728,0.997565167928,303.426371396,293.477926253,0.17165659891,988.72660318,59.5471089314,1526.98374325,929.179494248,0,0,1456.97467074,0,34615.7032263,58632.7327017,-428.607295123,1.65232262361e-06,-38.4337801142,-26.8726797636,0,not_explicit_in_model_a,0,1.79056769412e-11,1.0629719327e-11
development_parameterized_screening,hourly_seed_20007,f829e9c34dde1c1ec1d1be2ee6fbc84597a7245a833550135a208c5c534cce6f,20007,0,89,97,121,8,0,0.95,0.95,36.7061978565,1,36.7061978565,True,none_technical_success,0.997240570903,0.977924567225,303.557045747,292.839277648,0.810305203208,983.482851767,77.1074284764,1364.06242202,906.37542329,0,2.09610107049e-13,1286.9549761,0,31794.0765873,51573.1022202,-378.591546205,-3.97903932026e-13,-39.3231518467,-24.8895270797,0,not_explicit_in_model_a,0,2.25099938689e-11,1.3869794202e-11
development_parameterized_screening,hourly_seed_20008,740914c162e17be60f77ac5579a0598a3eb8571fb4731a6d50678d3e6c79cbac,20008,0,116,124,148,8,0,0.95,0.95,36.7061978565,1,36.7061978565,True,none_technical_success,0.993941865219,0.956715138826,296.317873129,291.8706141,1.77896875122,961.494656529,67.2181809258,1667.66224578,894.276475603,0,0,1600.44406486,0,37360.4297528,56636.9326727,-470.812579658,7.20926323083e-07,-37.768860938,-25.8857822751,0,not_explicit_in_model_a,0,1.3869794202e-11,2.43858266913e-11
development_parameterized_screening,hourly_seed_20009,8b94571a28818a8848ae7ab064f622baea7f13c3405976b167989267b691defd,20009,0,112,120,144,8,0,0.95,0.95,36.7061978565,1,36.7061978565,True,none_technical_success,0.996579971871,0.983067328462,302.921570398,292.645293018,1.00428983331,999.563673075,72.4349506026,1312.36634608,927.128722473,0,0,1239.93138568,0,30963.6578224,39168.8965644,-364.758321994,2.27576339284e-06,-40.321126666,-26.3091156957,0,not_explicit_in_model_a,0,2.38742359215e-11,1.04876107798e-11
development_parameterized_screening,hourly_seed_20010,bfb77b8b64135e6dada6ed9d48b2a7da8c3e1939a8e7bd4c6ffa34abf6d8b8a3,20010,0,90,98,122,8,0,0.95,0.95,36.7061978565,1,36.7061978565,True,none_technical_success,0.996860807434,0.974886459476,298.40590876,292.727760264,0.921822587359,968.240694422,66.8058102182,1625.7672873,901.434884204,0,0,1541.95243242,0,35959.1169287,63895.6056188,-453.605732019,1.20709637486e-06,-37.731374715,-23.5853972892,0,not_explicit_in_model_a,0,2.91038304567e-11,2.57500687439e-11
development_parameterized_screening,hourly_seed_20011,71ae138c0a49409767ff16ce1b47e6655ed41fe8f8cc82d7ca209a3a43de8f9f,20011,0,113,121,145,8,0,0.95,0.95,36.7061978565,1,36.7061978565,True,none_technical_success,0.991379631753,0.95653610574,299.074923034,291.118215312,2.5313675397,978.999149148,79.9588441596,1284.59678387,899.040304988,0,0,1204.63793971,0,30815.0404573,51677.2797839,-354.375831853,3.41060513165e-13,-41.2080404971,-24.9729955023,0,not_explicit_in_model_a,0,2.34194885707e-11,9.43600753089e-12
development_parameterized_screening,hourly_seed_20012,324eb1bcc2dcdc9b97f8eb6f95b1ca7b82dd1341a5e54094787d8b2ea631180c,20012,0,140,148,172,8,0,0.95,0.95,36.7061978565,1,36.7061978565,True,none_technical_success,0.997153036942,0.977224295533,306.503618178,292.813573337,0.836009514495,1008.7008526,141.754040901,1546.95650407,866.946811697,0,6.66133814775e-16,1405.20246317,0,36546.7143069,38707.52416,-413.377144609,-1.70530256582e-13,-35.870188342,-24.8478443853,0,not_explicit_in_model_a,0,3.22870619129e-11,3.06954461848e-11
development_parameterized_screening,hourly_seed_20013,46aa0a02d7df46a81923d5b5c333bacea143c01a96e21e86a18f9f4e0ba573bf,20013,0,67,75,99,8,0,0.95,0.95,36.7061978565,1,36.7061978565,True,none_technical_success,0.995363889587,0.97286639093,294.641523941,292.288190963,1.36139188883,964.001239905,60.0074237171,1512.23986715,903.993816188,0,0,1431.11516116,0,34778.2747072,54243.3985245,-421.000044076,5.68434188608e-14,-35.7102262334,-25.1565452474,0,not_explicit_in_model_a,0,3.24575921695e-11,1.05160324892e-11
development_parameterized_screening,hourly_seed_20014,13a5bd2d3c56f52b07c16191357b778eb418d90756c8d14b00e08fd27a8caf22,20014,0,88,96,120,8,0,0.95,0.95,36.7061978565,1,36.7061978565,True,none_technical_success,1,1,308.029125288,293.649582852,0,1023.50113489,62.6397896974,1430.65388288,960.861345196,0,1.35447209004e-14,1368.0140772,0,32696.8125345,49327.2534124,-402.437205912,-5.11590769747e-13,-40.5532262263,-24.4565435705,0,not_explicit_in_model_a,0,2.11457518162e-11,2.55226950685e-11
development_parameterized_screening,hourly_seed_20015,b88d99b8a9f62d7a26080c6b013b2ea8755a21ad6860ade485dbf6ad24c740c3,20015,0,66,74,98,8,0,0.95,0.95,36.7061978565,1,36.7061978565,False,interval_delivery,0.979345059251,0.841271732629,303.765488748,287.584268117,6.06531473483,1000.16977123,68.9328271576,1580.20339888,931.236944069,0,0,1508.41770563,0,35341.8777932,54801.2496806,-443.740611794,2.37074129927e-06,-41.6178384898,-25.4445869376,0,not_explicit_in_model_a,0,2.53521648119e-11,1.19939613796e-11
development_parameterized_screening,hourly_seed_20016,fcdfbaffdb204e998fb10c34da1b43bcfcb11895d80984065066bb843205ec0f,20016,0,91,99,123,8,0,0.95,0.95,36.7061978565,1,36.7061978565,True,none_technical_success,0.992723249863,0.959081711502,296.431065811,291.512768209,2.13681464238,961.901308834,58.4817563095,1505.18231124,903.419552524,0,0,1446.70054383,0,34392.064156,58777.815438,-425.58489058,2.40805121621e-06,-37.3629310823,-25.3491912508,0,not_explicit_in_model_a,0,4.65263383376e-11,1.94972926693e-11
development_parameterized_screening,hourly_seed_20017,2f5d41ef67d7b46fba35da20232abfb356853a55ca8813c568bcfb61789eb0b3,20017,0,115,123,147,8,0,0.95,0.95,36.7061978565,1,36.7061978565,True,none_technical_success,0.999944591473,0.999556731781,304.106921457,293.633312161,0.0162706909398,989.232610002,72.8720185669,1584.02948798,916.360591435,0,0,1511.15746941,0,35364.4355847,53459.7360745,-444.54658751,0,-38.0212707649,-23.9741095479,0,not_explicit_in_model_a,0,1.00044417195e-11,1.03455022327e-11
development_parameterized_screening,hourly_seed_20018,8e763f3271a7a4097ce6d5765e7d72366ebd1a38bb9b8d4a77586cae7b5586a8,20018,0,135,143,167,8,0,0.95,0.95,36.7061978565,1,36.7061978565,True,none_technical_success,0.999210842522,0.993686740176,307.692054,293.417847087,0.231735764231,1011.98060468,72.9330886074,1141.87521715,939.04751607,0,0,1068.94212855,0,29282.6641818,31100.9443676,-314.457351474,3.97903932026e-13,-40.6097546084,-9.51535565595,0,not_explicit_in_model_a,0,2.92175172945e-11,1.78204118129e-11
development_parameterized_screening,hourly_seed_20019,26b82610da5a7e89dd575868500cb0a5f1b0c96ed8feee76ef27a6a4055b6ad9,20019,0,88,96,120,8,0,0.95,0.95,36.7061978565,1,36.7061978565,True,none_technical_success,0.998542949309,0.98850325391,304.172523891,293.221720524,0.427862327721,998.257947568,27.174133287,1163.15334379,971.083814281,0,0,1062.65269492,0,28945.6064497,34878.5660649,-312.607149683,3.41060513165e-13,-40.1100447791,-1.43031008274,0,not_explicit_in_model_a,0,5.15569809068e-11,4.68958205602e-11
development_parameterized_screening,hourly_seed_20020,e8342e9517614c5c3a851bc53a3fca9995119a1fd74439c9c7c25d2baa659cec,20020,0,111,119,143,8,0,0.95,0.95,36.7061978565,1,36.7061978565,True,none_technical_success,0.996431994011,0.981226399041,303.045658018,292.601839381,1.04774347023,988.887711525,48.6238584312,1510.30567992,940.263853094,0,1.66977542904e-13,1461.68182149,0,32817.7916279,55468.1942417,-429.992026678,1.89655924032e-06,-39.1845175078,-26.5326773216,0,not_explicit_in_model_a,0,2.70574673777e-11,1.07434061647e-11
development_parameterized_screening,hourly_seed_20021,701ff2017db7951381fa4cef6045ac0dec51fbb4cca48ed63ba37009fa9f3cd0,20021,0,112,120,144,8,0,0.95,0.95,36.7061978565,1,36.7061978565,True,none_technical_success,0.997968326549,0.991817429469,305.455037229,293.05298279,0.596600061478,1009.0628896,55.5771543532,1425.19251806,953.485735245,0,1.40332190313e-13,1369.6153637,0,32285.2437179,48052.1493288,-402.908266319,-3.97903932026e-13,-40.9616472394,-25.9126384649,0,not_explicit_in_model_a,0,2.19682050329e-11,1.25623955682e-11
development_parameterized_screening,hourly_seed_20022,ff5ee2ebbe97b041c4f52690bebeea5c4791804519777c2b3465735aa7ea18bc,20022,0,90,98,122,8,0,0.95,0.95,36.7061978565,1,36.7061978565,True,none_technical_success,0.996259444767,0.972087745805,304.801286046,292.551170368,1.09841248384,990.306061688,66.9451050261,1336.12683332,923.360956662,0,0,1269.18170029,0,32020.5722453,50023.8291954,-373.363068387,2.77853712305e-06,-40.7884409916,-25.1520608649,0,not_explicit_in_model_a,0,2.52384779742e-11,2.4101609597e-11
development_parameterized_screening,hourly_seed_20023,23d215f649dc36ba5204172d21e77aec2dbf760dbdb812544d2d4f3531b50b4a,20023,0,87,95,119,8,0,0.95,0.95,36.7061978565,1,36.7061978565,True,none_technical_success,0.997736746542,0.983335406829,304.023878538,292.984979418,0.664603433959,1007.4410619,61.2091204162,1319.61641371,946.231941483,0,0,1258.40725581,0,31198.0745624,44724.1230175,-370.193485849,2.27373675443e-13,-39.3021693317,-23.3895337222,0,not_explicit_in_model_a,0,3.49018591805e-11,2.51816345553e-11
development_parameterized_screening,hourly_seed_20024,bfa1c712515b6b2871c9d0496b7089348376adcf5e92ff38c1db0aa37274c189,20024,0,66,74,98,8,0,0.95,0.95,36.7061978565,1,36.7061978565,True,none_technical_success,0.994787407298,0.958299258388,302.732987429,292.118907179,1.53067567238,981.242647169,61.0248113683,1436.59028543,920.217835801,0,6.39488462184e-14,1359.60861909,0,33091.4112577,49370.2546892,-399.964520043,-3.41060513165e-13,-38.0976218532,-25.6710562175,0,not_explicit_in_model_a,0,1.50066625793e-11,1.81898940355e-11
development_parameterized_screening,hourly_seed_20025,8b9c56a801f81f8d87fb1d59598d500fc4c6d3dd64f3eb57a3ae00627332af2e,20025,0,88,96,120,8,0,0.95,0.95,36.7061978565,1,36.7061978565,True,none_technical_success,0.995019102663,0.973410117744,298.618297466,292.186944426,1.46263842538,970.498695948,52.020398297,1305.04915542,918.478297651,0,0,1253.02874795,0,30268.0970415,43625.9352963,-368.611256754,-5.68434188608e-14,-38.2094116327,-26.7941382206,0,not_explicit_in_model_a,0,2.0008883439e-11,1.69961822394e-11
development_parameterized_screening,hourly_seed_20026,6e6e393e3da9889909b881d6cf110a2f75b727442ea9092b5c0f92694f251b83,20026,0,135,143,167,8,0,0.95,0.95,36.7061978565,1,36.7061978565,True,none_technical_success,0.998903347853,0.991226782825,313.874458561,293.327551406,0.322031445456,1052.5184049,49.1321981048,1265.73282324,1003.3862068,0,0,1216.60062513,0,31273.7209265,33719.4408443,-357.502413409,0.392555984967,-41.7548263063,-19.0976712131,0,not_explicit_in_model_a,0,3.81419340556e-11,1.79056769412e-11
development_parameterized_screening,hourly_seed_20027,1ac90b35e11f1b160908c6ae12628886ef5fc616269d57f4e09c799e9df96110,20027,0,67,75,99,8,0,0.95,0.95,36.7061978565,1,36.7061978565,True,none_technical_success,0.9900037722,0.965868636196,295.621859819,290.714194728,2.93538812343,966.716155169,65.0130438412,1395.63180162,901.703111328,0,0,1330.61873488,0,32152.784314,51491.3788934,-391.43638558,-3.97903932026e-13,-37.4035314561,-25.0467280929,0,not_explicit_in_model_a,0,1.05160324892e-11,2.11457518162e-11
development_parameterized_screening,hourly_seed_20028,f51e99eb46113ce586fa7af8b9757c8b754a2014a2e17f072a30c20fafd9aaee,20028,0,91,99,123,8,0,0.95,0.95,36.7061978565,1,36.7061978565,True,none_technical_success,0.989912193964,0.953787508349,297.139705779,290.687302817,2.96228003427,963.239620115,57.5112568185,1477.5966419,905.728363297,0,0,1420.08536858,0,33492.7626918,54383.831813,-417.755339439,1.98120289951e-06,-36.1989072324,-23.3838772028,0,not_explicit_in_model_a,0,4.22915036324e-11,3.31965566147e-11
development_parameterized_screening,hourly_seed_20029,e9ca373a34dde68a471af780189aead715d121ad1cbaf0cd7bb76e6ab85d203e,20029,0,64,72,96,8,0,0.95,0.95,36.7061978565,1,36.7061978565,True,none_technical_success,0.997857761594,0.989819397555,305.193242806,293.020515437,0.629067414176,992.768911633,74.9001405047,1450.27852391,917.868771128,0,5.3290705182e-14,1369.17548414,0,32152.8543833,48952.0171395,-402.778864214,-2.84217094304e-13,-41.6891318822,-24.8699515824,0,not_explicit_in_model_a,0,1.80193637789e-11,1.77351466846e-11
development_parameterized_screening,hourly_seed_20030,d6def8624b176139301cda7379850cd4dcaaaa64a49b8e0e664d41c87c7f4d80,20030,0,87,95,119,8,0,0.95,0.95,36.7061978565,1,36.7061978565,True,none_technical_success,0.991081617012,0.950000003943,310.72483854,291.030703408,2.61887944408,1025.58274405,56.2558327364,1103.25652585,969.326911318,0,0,1047.00066539,0,29907.7898806,35223.6894093,-300.63594428,7.36675056842,-40.1482139432,-3.31764864025,0,not_explicit_in_model_a,0,1.29602995003e-11,1.20508047985e-11
development_parameterized_screening,hourly_seed_20031,8218cfabc0188dc50ee5cebacb0feab9bd0baaaf670c05a52f89e2c3fb07d8d6,20031,0,138,146,170,8,0,0.95,0.95,36.7061978565,1,36.7061978565,True,none_technical_success,1,1,306.821576557,293.649582852,0,998.91186426,107.297458338,1501.49394275,891.614405922,0,5.88418203051e-15,1394.19648441,0,34144.4790679,36261.2650058,-410.139445002,2.41325096795e-06,-37.3503730109,-24.3898262667,0,not_explicit_in_model_a,0,3.13775672112e-11,1.72803993337e-11
development_parameterized_screening,hourly_seed_20032,2a8c9e9b61a659dfa5dcca71c1a5a5df728b1cf3b8d2476f82cc0d2bc74248a2,20032,0,68,76,100,8,0,0.95,0.95,36.7061978565,1,36.7061978565,True,none_technical_success,0.991262708532,0.95051700778,297.679679683,291.083880857,2.5657019949,962.954577738,74.1740515438,1722.90057002,888.780526194,0,0,1640.20109131,0,38128.8362604,61501.2542737,-482.508152015,-5.68434188608e-14,-37.6465555226,-25.4490313145,0,not_explicit_in_model_a,0,1.06865627458e-11,1.02318153949e-11
development_parameterized_screening,hourly_seed_20033,355443adf5f22e18ca1f5d03b6750cd89f09743fb5231bd0a47f03540fe209c0,20033,0,140,148,172,8,0,0.95,0.95,36.7061978565,1,36.7061978565,True,none_technical_success,0.99190552098,0.962999375061,300.16965676,291.272642464,2.3769403876,975.674138573,172.0629769,1650.53450843,803.611161674,0,0,1478.47153153,0,37670.8891516,40124.7752798,-434.9311599,2.05768805017e-06,-37.1677857691,-25.6739039313,0,not_explicit_in_model_a,0,1.52340362547e-11,1.80762071977e-11
development_parameterized_screening,hourly_seed_20034,1156190aa6a251ea3537aeb663fb9aa5cfff75305d7fadc74c28863bab5e97ad,20034,0,65,73,97,8,0,0.95,0.95,36.7061978565,1,36.7061978565,True,none_technical_success,0.997593465053,0.980747720425,302.687227588,292.942904868,0.706677983276,983.717280176,71.0688966178,1514.08537586,912.648383558,0,0,1443.01643673,0,33700.4881503,50268.0941702,-424.501116299,3.97903932026e-13,-38.9911345326,-25.9489546712,0,not_explicit_in_model_a,0,3.44471118296e-11,3.22586402035e-11
development_parameterized_screening,hourly_seed_20035,6b936443943e0cae5dcd30fb75d5e94008d975bc4ac207c6fe693553a0d0150e,20035,0,139,147,171,8,0,0.95,0.95,36.7061978565,1,36.7061978565,True,none_technical_success,0.994404596157,0.974946440554,300.211030375,292.006494847,1.6430880045,981.495290967,151.859499439,1546.88548456,829.635791527,0,0,1395.02598512,0,34909.8808995,37029.9848401,-410.383466796,-1.70530256582e-13,-38.6428357756,-24.6397780526,0,not_explicit_in_model_a,0,1.45519152284e-11,1.77351466846e-11
development_parameterized_screening,hourly_seed_20036,f6f8ba79c6de944d4ce94904786d094d446d2341afa8bfdd94588c25ec51eb77,20036,0,92,100,124,8,0,0.95,0.95,36.7061978565,1,36.7061978565,True,none_technical_success,0.994508744934,0.970404272781,299.582097092,292.037078092,1.61250475955,970.060080563,72.4318577483,1486.38244581,897.628222815,0,0,1413.95057173,0,35570.1707857,58069.0225216,-415.95062894,1.15241576282e-06,-37.3336573961,-25.6857258778,0,not_explicit_in_model_a,0,9.57811607805e-12,1.07434061647e-11
development_parameterized_screening,hourly_seed_20037,29342d74c1a231a3b581cd394ff521244e0f66f6933b6b47cfd12bb523c484fc,20037,0,140,148,172,8,0,0.95,0.95,36.7061978565,1,36.7061978565,True,none_technical_success,0.995248580463,0.963642872661,300.903837384,292.254330487,1.39525236505,982.235904438,162.277343004,1509.41970584,819.958561434,0,0,1347.14236284,0,34926.285673,36891.7127615,-396.297243941,-5.11590769747e-13,-36.8887690848,-24.9833164853,0,not_explicit_in_model_a,0,2.45279352384e-11,1.34150468512e-11
development_parameterized_screening,hourly_seed_20038,4fff07e0ff92b59f4b8533443116ca109bb36bcde77f51c07b960a2844c37ddf,20038,0,113,121,145,8,0,0.95,0.95,36.7061978565,1,36.7061978565,True,none_technical_success,0.997404917035,0.979239336282,303.680694979,292.887537822,0.762045030059,990.132337509,31.2651906805,1720.91246144,958.867146828,0,0,1689.64727076,0,35772.1167518,57833.2087005,-497.054040546,1.48123433519e-06,-39.6740647115,-24.2800650252,0,not_explicit_in_model_a,0,3.63797880709e-11,1.57740487339e-11
development_parameterized_screening,hourly_seed_20039,12a326cb640497b3ed0eda341a0dbc3528cfcebb0504ab156bd1f3a34b17036a,20039,0,138,146,170,8,0,0.95,0.95,36.7061978565,1,36.7061978565,True,none_technical_success,0.989453536,0.962486305033,299.508415503,290.552618097,3.09696475426,974.007054179,119.72643515,1366.85911619,854.280619029,0,0,1247.13268104,0,32069.5933217,33734.9913648,-366.876771358,2.7358959187e-06,-38.4616220622,-23.5229161949,0,not_explicit_in_model_a,0,1.86446413863e-11,1.00044417195e-11
development_parameterized_screening,hourly_seed_20040,7dd43c6f1f12bd9ec8b805004ea93f6916023767679320411afa6715df134e94,20040,0,115,123,147,8,0,0.95,0.95,36.7061978565,1,36.7061978565,True,none_technical_success,0.99597144167,0.967771533359,301.756209629,292.466598379,1.18298447314,974.632259663,71.4386457543,1449.0259523,903.193613909,0,0,1377.58730654,0,33955.7404631,51069.8392161,-405.253419619,2.68523723435e-06,-37.2301715466,-25.3282404646,0,not_explicit_in_model_a,0,3.36513039656e-11,2.50395260082e-11
development_parameterized_screening,hourly_seed_20041,ef7439e52da1061cdc86c4edb66ca4e110608f7dbeb99df4f454878e1296e8b2,20041,0,111,119,143,8,0,0.95,0.95,36.7061978565,1,36.7061978565,True,none_technical_success,0.996571497636,0.982640419787,304.074608847,292.642804563,1.00677828906,1009.01035364,54.7941636819,1290.96517248,954.216189955,0,1.00364161426e-13,1236.17100351,0,30731.265763,40682.7441674,-363.652109268,1.70530256582e-13,-39.943029014,-23.7643595942,0,not_explicit_in_model_a,0,1.04591890704e-11,1.77919901034e-11
development_parameterized_screening,hourly_seed_20042,b7cf3e21b665b0b754408f65935580abeb6ca27312fa71d7a17b3d359d2aa01b,20042,0,139,147,171,8,0,0.95,0.95,36.7061978565,1,36.7061978565,True,none_technical_success,0.988569560261,0.961595887945,298.86081675,290.293038991,3.35654386108,969.880317157,113.177204468,1658.17951851,856.703112689,0,0,1545.00231404,0,36749.3828396,39469.3920958,-454.502935866,1.70530256582e-13,-39.3102397315,-25.2343607618,0,not_explicit_in_model_a,0,1.25623955682e-11,1.23634436022e-11
development_parameterized_screening,hourly_seed_20043,18d1346e309d182673fddd72ca4d5ed9abdc3dcb3b6ef36598a745fe42993152,20043,0,116,124,148,8,0,0.95,0.95,36.7061978565,1,36.7061978565,True,none_technical_success,0.991866049886,0.954649553048,298.549151134,291.261051794,2.38853105792,964.296818109,67.1429956341,1646.725311,897.153822475,0,0,1579.58231536,0,37966.0110747,58502.1890169,-464.675548667,1.16695252927e-06,-36.5509274475,-23.8023315863,0,not_explicit_in_model_a,0,1.7166712496e-11,1.04023456515e-11
development_parameterized_screening,hourly_seed_20044,8e32e1dfa1a87e2e6c2f67a64f2c8563e4747c052b788d6229dd4159c24fbd61,20044,0,116,124,148,8,0,0.95,0.95,36.7061978565,1,36.7061978565,True,none_technical_success,0.992670839488,0.975414012042,300.16422068,291.497377925,2.1522049269,974.108071638,72.2247046877,1375.66968503,901.883366951,0,0,1303.44498034,0,33224.1612591,54288.4548861,-383.442510542,2.72844113169e-06,-38.0076997451,-24.9617997825,0,not_explicit_in_model_a,0,1.1823431123e-11,1.67972302734e-11
development_parameterized_screening,hourly_seed_20045,dbea8ecdac8bb4e0a8149e510a1d47fa5e05fa39098e7bff9d9b4d26d70df78a,20045,0,65,73,97,8,0,0.95,0.95,36.7061978565,1,36.7061978565,False,interval_delivery,0.991188401657,0.949999998568,296.543380505,291.062060674,2.58752217766,971.897443038,43.5320743595,1395.79762862,928.365368679,0,6.75015598972e-14,1352.26550968,0,32047.8049628,47562.4686258,-397.804351038,8.59788372054e-07,-38.7681588103,-25.3098959155,0,not_explicit_in_model_a,0,1.13686837722e-11,1.88720150618e-11
development_parameterized_screening,hourly_seed_20046,3225d8c020c9337176f87427c9c1f3838cf2e55e8c9ddab465abbb24ad1a199b,20046,0,111,119,143,8,0,0.95,0.95,36.7061978565,1,36.7061978565,True,none_technical_success,0.99907709872,0.992616789758,307.527312505,293.378573276,0.271009575965,1022.47617508,45.6912781821,1521.70788615,976.784896898,0,7.37188088351e-14,1476.01659873,0,32681.0735999,47416.9500777,-434.208977742,1.37281045909e-06,-40.5679992128,-26.4355591951,0,not_explicit_in_model_a,0,1.50066625793e-11,1.00044417195e-11
development_parameterized_screening,hourly_seed_20047,2b51966ae4d94276de11e9197a78ba2a4c3afc5cd69fa9654fc6d5dd7479db35,20047,0,113,121,145,8,0,0.95,0.95,36.7061978565,1,36.7061978565,True,none_technical_success,1,1,317.885052087,293.649582852,0,1059.68963532,81.1581600813,1161.59445841,978.531475237,0,1.20792265079e-13,1080.43629093,0,30758.4537474,39978.7485292,-317.838660095,5.84015197092e-07,-40.3553073622,-8.25121678761,0,not_explicit_in_model_a,0,2.75122147286e-11,2.51247911365e-11
development_parameterized_screening,hourly_seed_20048,2be36db39ad8ac8ae1851bee97e387fa83f868a7356f51940de1ad5a2a75fccb,20048,0,89,97,121,8,0,0.95,0.95,36.7061978565,1,36.7061978565,True,none_technical_success,1,1,305.182589686,293.649582852,0,1006.54841476,56.6270685151,1377.58463944,949.921346247,0,0,1317.83551722,0,32067.1668429,47000.9576077,-387.675866506,4.62459809114e-07,-39.8991863722,-26.0686355601,0,not_explicit_in_model_a,0,2.25668372877e-11,1.03455022327e-11
development_parameterized_screening,hourly_seed_20049,7d6fd41478b0d5e487ea40133c8378c4af23fb318d26405a25a4bd305515cb5c,20049,0,88,96,120,8,0,0.95,0.95,36.7061978565,1,36.7061978565,True,none_technical_success,0.998887209393,0.991097675143,303.673980062,293.322812354,0.326770497588,983.42865029,82.2784024146,1033.58116937,901.150247876,0,1.22568621919e-13,951.302736337,0,28064.116521,35899.7431842,-279.850640114,5.68434188608e-13,-39.6702128136,0.354201110412,0,not_explicit_in_model_a,0,3.74029696104e-11,1.35287336889e-11
development_parameterized_screening,hourly_seed_20050,9766b3a858dff8130dd1060349c1267159bc80429e4a11c96c5aa79f678b990b,20050,0,91,99,123,8,0,0.95,0.95,36.7061978565,1,36.7061978565,True,none_technical_success,0.997726729771,0.988067622955,297.57004628,292.982037997,0.667544854348,961.556220527,82.0576711502,1441.22398723,879.498549376,0,0,1348.37059912,0,33572.7761751,50214.629396,-396.658561844,1.13686837722e-13,-36.9420421897,-25.7996432525,0,not_explicit_in_model_a,0,1.3869794202e-11,1.31876731757e-11
development_parameterized_screening,hourly_seed_20051,aaaa0aa1ea50f4ded09f89e0f44d93ab3a486c1de7130b267c2f16b2a2eac213,20051,0,111,119,143,8,0,0.95,0.95,36.7061978565,1,36.7061978565,True,none_technical_success,0.997620431918,0.983269722759,301.630705786,292.950823677,0.698759174667,988.172268159,71.0966195721,1287.35360283,917.075648587,0,0,1216.25697589,0,30281.8551963,38097.2574436,-357.793874205,1.75360673893e-06,-38.0531458538,-21.6847780346,0,not_explicit_in_model_a,0,8.32756086311e-12,1.00044417195e-11
development_parameterized_screening,hourly_seed_20052,62891d4459c79b6a1f454bf798f60864e0e840ec8cb11aa79d1abfee0e4947e9,20052,0,91,99,123,8,0,0.95,0.95,36.7061978565,1,36.7061978565,True,none_technical_success,0.995096906427,0.980862930096,295.884400166,292.209791469,1.43979138233,958.071318173,72.0483317523,1380.77464809,886.022986421,0,0,1308.72630139,0,32662.0657176,49168.3209447,-384.996152316,-5.68434188608e-14,-36.124522355,-25.16953948,0,not_explicit_in_model_a,0,1.45519152284e-11,1.21644916362e-11
development_parameterized_screening,hourly_seed_20053,c0941657cbbd8b985bcae7676d68c487d54780fb8b20b4aa9b567b58ddfb759a,20053,0,135,143,167,8,0,0.95,0.95,36.7061978565,1,36.7061978565,True,none_technical_success,0.998432537768,0.99186142101,307.99574559,293.189298221,0.460284630575,1028.25799059,57.7954916572,1315.54786149,970.462498936,0,0,1257.75236983,0,31200.8642722,33544.033283,-370.000833485,4.83542919483e-07,-41.2025742834,-26.7941285258,0,not_explicit_in_model_a,0,1.65982783074e-11,1.55750967679e-11
development_parameterized_screening,hourly_seed_20054,429c02e66b5f8ab38d8a01e09a41a57d9e8a89bb84e0f601684169480560c366,20054,0,114,122,146,8,0,0.95,0.95,36.7061978565,1,36.7061978565,True,none_technical_success,0.989744989024,0.950000000195,295.323342411,290.638203156,3.01137969526,965.422265334,54.9641056297,1376.44373638,910.458159705,0,0,1321.47963075,0,31933.9646656,46819.2734278,-388.747876368,2.13126907056e-06,-37.7973829628,-24.6587040501,0,not_explicit_in_model_a,0,1.09139364213e-11,2.47837306233e-11
development_parameterized_screening,hourly_seed_20055,a9379e529bfd55abf8c578a71b43863c68fdbda4836c43db0f717fbed91defec,20055,0,138,146,170,8,0,0.95,0.95,36.7061978565,1,36.7061978565,True,none_technical_success,0.99185872829,0.959515316921,297.376628911,291.25890181,2.39068104138,967.047721031,92.6906047354,1555.69385281,874.357116295,0,0,1463.00324807,0,34628.0771767,37020.0901694,-430.380759114,1.73368158585e-06,-38.7289686042,-26.1750542994,0,not_explicit_in_model_a,0,2.56932253251e-11,1.76783032657e-11
development_parameterized_screening,hourly_seed_20056,d9835ea2d85267234740eda3563e2a87bd683e9beca1f28b55bf8ab9fbacf623,20056,0,114,122,146,8,0,0.95,0.95,36.7061978565,1,36.7061978565,True,none_technical_success,0.997794824137,0.982358593097,303.152511183,293.002033879,0.647548972236,989.145159277,73.048444771,1614.56819646,916.096714506,0,0,1541.51975169,0,37399.9441968,60964.6054474,-453.478448745,1.03315130673e-07,-37.6458711034,-25.3505926947,0,not_explicit_in_model_a,0,1.81898940355e-11,2.4499513529e-11
development_parameterized_screening,hourly_seed_20057,7f5f5fe678790d4375a4234efa0faa61950c3962f07a94c79b1977bfe092a44b,20057,0,139,147,171,8,0,0.95,0.95,36.7061978565,1,36.7061978565,True,none_technical_success,0.991419457514,0.966508613946,299.789587888,291.12991013,2.51967272176,974.726243986,121.354731388,1602.3329071,853.371512598,0,0,1480.97817572,0,35621.2328853,38085.1455881,-435.668556692,3.69426970792e-07,-36.6266107624,-25.1886743471,0,not_explicit_in_model_a,0,1.55750967679e-11,1.80762071977e-11
development_parameterized_screening,hourly_seed_20058,3b19dcd025fed92e2b9df406bdac3fd490acb60fc816a69a7a1a753d86ef2953,20058,0,111,119,143,8,0,0.95,0.95,36.7061978565,1,36.7061978565,True,none_technical_success,0.996075150671,0.982210462271,304.124089687,292.497052483,1.15253036818,999.8461314,60.922096374,1580.0867842,938.924035026,0,0,1519.16468782,0,33430.2704967,46266.9136034,-446.902120729,-3.97903932026e-13,-40.0173121059,-25.8577377755,0,not_explicit_in_model_a,0,2.77395884041e-11,1.796252036e-11
development_parameterized_screening,hourly_seed_20059,ce0db05efd3aa119f985f8d2712e71654d4e0b08f8fbcf49c3a446e68320f812,20059,0,112,120,144,8,0,0.95,0.95,36.7061978565,1,36.7061978565,True,none_technical_success,0.998473083681,0.987784669451,301.262895854,293.201204512,0.448378340015,980.991483182,60.3552544692,1385.00680776,920.636228713,0,0,1324.6515533,0,31902.4174086,47496.4546758,-389.680981422,1.25245634308e-06,-39.2011953822,-25.3009301507,0,not_explicit_in_model_a,0,1.11413100967e-11,1.77919901034e-11
development_parameterized_screening,hourly_seed_20060,f403425931b47c0f76036e87c66777518926625379eabc2b3dcab4eba39a3b37,20060,0,115,123,147,8,0,0.95,0.95,36.7061978565,1,36.7061978565,True,none_technical_success,0.994004390352,0.957451753384,303.583324072,291.88897458,1.76060827208,994.92453936,67.7233397911,1431.94157916,927.201199569,0,0,1364.21823937,0,33464.70134,56334.8441092,-401.320560682,1.7432171262e-08,-37.56027895,-27.0695274344,0,not_explicit_in_model_a,0,1.22781784739e-11,1.87583282241e-11
development_parameterized_screening,hourly_seed_20061,f57a86e655fa8158eb1af87b81d8d3c51ca5aaba19209fe18d760585bb594d4e,20061,0,64,72,96,8,0,0.95,0.95,36.7061978565,1,36.7061978565,True,none_technical_success,1,1,306.531929624,293.649582852,0,1007.46407959,64.1016816538,1306.43758066,943.362397933,0,0,1242.33585895,0,30996.8716128,44349.9652969,-363.942165292,1.52349782884,-40.0792660596,-25.6443863139,0,not_explicit_in_model_a,0,2.91038304567e-11,3.70903308067e-11
development_parameterized_screening,hourly_seed_20062,72797b12a2932b3ba6391f932965d8f0ee6b3bd1c217035eb48e3887bf29efaa,20062,0,140,148,172,8,0,0.95,0.95,36.7061978565,1,36.7061978565,True,none_technical_success,0.994130254993,0.980436157975,297.978642256,291.925934679,1.72364817262,969.754982129,134.678831667,1739.06713016,835.076150462,0,0,1604.38829849,0,39269.5143058,42227.0675043,-471.972880107,0,-35.9880836003,-25.2247549305,0,not_explicit_in_model_a,0,2.50111042988e-11,1.66551217262e-11
development_parameterized_screening,hourly_seed_20063,388fc08be887a53e5dc62857e53cb22e5d565018acabf9b9c5781df568eb427b,20063,0,138,146,170,8,0,0.95,0.95,36.7061978565,1,36.7061978565,True,none_technical_success,0.993594778325,0.972114596912,303.700803449,291.768692179,1.88089067301,980.131636876,95.6124796385,1486.01840385,884.519157237,0,0,1390.40592421,0,33716.7781217,35818.4018185,-409.024354756,1.13686837722e-13,-39.4315829955,-24.8289946521,0,not_explicit_in_model_a,0,2.56932253251e-11,1.62003743753e-11
development_parameterized_screening,hourly_seed_20064,5487d356ddfa218a61068e41d547d208227446ef99faf59992d5698020b93a49,20064,0,67,75,99,8,0,0.95,0.95,36.7061978565,1,36.7061978565,True,none_technical_success,0.98496122513,0.95035495686,293.84337471,289.233452884,4.41612996732,956.258231887,78.4459335794,1257.52930258,877.812298307,0,1.4921397451e-13,1179.08334414,0,30888.1034244,50130.8797783,-346.858277603,3.97903932026e-13,-37.2485020401,-24.7919564982,0,not_explicit_in_model_a,0,1.50066625793e-11,2.31921148952e-11
development_parameterized_screening,hourly_seed_20065,a8c62a567d8e5c243c40785e6e4a8c1c7eeacd2a584c37776bbff4f6f5b20b25,20065,0,68,76,100,8,0,0.95,0.95,36.7061978565,1,36.7061978565,True,none_technical_success,0.996326863358,0.972061209758,301.932787864,292.570967809,1.07861504264,977.452731418,52.0945183181,1700.33361505,925.3582131,0,0,1630.02646392,0,38061.9683864,57875.8130741,-479.515018623,0,-38.626800568,-26.0611851426,0,not_explicit_in_model_a,0,1.27329258248e-11,1.45803369378e-11
development_parameterized_screening,hourly_seed_20066,63476a397f5185ba1b9bd9b62d2f970cbe411730e60208ac80ce2f86714d0466,20066,0,64,72,96,8,0,0.95,0.95,36.7061978565,1,36.7061978565,True,none_technical_success,0.996033937911,0.968271503287,313.033742621,292.484950374,1.16463247804,1045.81286217,50.7280084222,1319.55752259,995.084853751,0,0,1261.50477856,0,32107.9348066,43604.9168754,-370.608219762,0.496483610732,-39.78513638,-24.9327057014,0,not_explicit_in_model_a,0,1.94404492504e-11,1.26192389871e-11
development_parameterized_screening,hourly_seed_20067,c8bf5d3c0a2feffe7c3bcc29c499af41a0a45855a6427fa9d4f4dd551c837944,20067,0,114,122,146,8,0,0.95,0.95,36.7061978565,1,36.7061978565,True,none_technical_success,0.995970894825,0.969617618751,306.836757107,292.466437798,1.18314505377,1016.7969981,52.3092682345,1116.88365165,964.487729865,0,0,1064.57438341,0,30701.8462897,42558.7103976,-306.56703318,6.60543155366,-42.0019312092,-7.18093927399,0,not_explicit_in_model_a,0,2.51816345553e-11,2.51816345553e-11
development_parameterized_screening,hourly_seed_20068,21098b73b10aa9460220b09172c198eb3773953fe454c4f486485a610523e20f,20068,0,135,143,167,8,0,0.95,0.95,36.7061978565,1,36.7061978565,True,none_technical_success,1,1,308.166918677,293.649582852,0,1005.0170183,73.8134231401,1405.14112056,931.203595161,0,0,1331.32769742,0,30796.8997381,33496.2413332,-391.644942952,2.54626809237e-06,-40.2786610839,-25.2964556469,0,not_explicit_in_model_a,0,3.26565441355e-11,2.98427949019e-11
development_parameterized_screening,hourly_seed_20069,bc981166a5bffd0fa78ad876c6f691923defd98b60475707cc548325aa0748e4,20069,0,111,119,143,8,0,0.95,0.95,36.7061978565,1,36.7061978565,True,none_technical_success,0.993160102779,0.961108278374,302.362525476,291.641049886,2.00853296574,997.20624917,73.0637788842,1439.82374041,924.142470285,0,1.24344978758e-13,1366.75996152,0,31500.3192015,45213.1841853,-402.06827266,2.24816528771e-06,-40.7443506133,-25.1899119859,0,not_explicit_in_model_a,0,2.57500687439e-11,1.42108547152e-11
development_parameterized_screening,hourly_seed_20070,a0da0ad0c3c46fc9b8b459c3c4d986c4a627fc69fb0b90767c178021500012c2,20070,0,140,148,172,8,0,0.95,0.95,36.7061978565,1,36.7061978565,False,interval_delivery,0.989209017146,0.93086135219,294.018776966,290.480815238,3.16876761351,957.529417861,139.418439597,1571.70065943,818.110978265,0,0,1432.28221983,0,36597.9757215,38867.1046008,-421.343364472,5.08026573698e-07,-36.7347875387,-26.8258876708,0,not_explicit_in_model_a,0,2.98427949019e-11,2.25668372877e-11
development_parameterized_screening,hourly_seed_20071,07928f2b03bde6d81930ef740799c2ea3751497d5f65e49dc4949fd0d0638e5b,20071,0,87,95,119,8,0,0.95,0.95,36.7061978565,1,36.7061978565,True,none_technical_success,1,1,319.288505332,293.649582852,0,1052.48930476,73.2636680706,1111.82043125,979.225636693,0,2.59348098552e-13,1038.5567392,0,29872.8141341,39000.9213696,-305.518692463,1.23729762436e-07,-41.0568907754,-2.48605847851,0,not_explicit_in_model_a,0,1.95541360881e-11,9.26547727431e-12
development_parameterized_screening,hourly_seed_20072,203c6b0713616c90df01c8434720155cbf51c23f77e989700e779419e0b1b14a,20072,0,138,146,170,8,0,0.95,0.95,36.7061978565,1,36.7061978565,True,none_technical_success,0.995144572384,0.962933193488,308.706504862,292.223788558,1.42579429402,1025.46900221,100.10739685,1435.82460408,925.361605362,0,0,1335.71720723,0,33924.3960941,35855.5477158,-392.525985479,0.410249407286,-41.8377074559,-26.4050245825,0,not_explicit_in_model_a,0,1.30171429191e-11,1.07434061647e-11
development_parameterized_screening,hourly_seed_20073,91e4fcf968f3043022422db33fa7c58762fed9c602bde8f440ea51675525b74c,20073,0,138,146,170,8,0,0.95,0.95,36.7061978565,1,36.7061978565,True,none_technical_success,0.993511248216,0.969471832961,294.299653851,291.744163597,1.90541925457,958.968383287,104.756642732,1435.57957021,854.211740556,0,0,1330.82292747,0,33230.9070451,35147.3758276,-391.496453754,4.29749320574e-07,-37.8857425101,-25.1880130597,0,not_explicit_in_model_a,0,3.47881723428e-11,2.4897417461e-11
development_parameterized_screening,hourly_seed_20074,9a9e71bb1e4080073df4814d63e15cd038a367faaa3c485ee7659724559e6b68,20074,0,64,72,96,8,0,0.95,0.95,36.7061978565,1,36.7061978565,True,none_technical_success,0.997960001298,0.988182501597,302.736229299,293.050538084,0.599044767897,998.976460377,65.6377034551,1366.72875256,933.338756921,0,0,1301.09099337,0,31182.318631,43526.1241287,-382.750026132,1.56131022777e-07,-41.0415532876,-24.4050115659,0,not_explicit_in_model_a,0,4.67252903036e-11,1.76214598469e-11
development_parameterized_screening,hourly_seed_20075,940a4a520f01874b4beeb835e9e67431ba63c1859c56a51189fca8478938a854,20075,0,137,145,169,8,0,0.95,0.95,36.7061978565,1,36.7061978565,True,none_technical_success,0.997144879427,0.97715903542,301.827259015,292.811177887,0.83840496512,995.102401052,80.2381949274,1059.88522636,914.864206124,0,0,979.647031434,0,28762.4715263,29683.7655932,-288.188855171,2.44536045102e-06,-40.2828235592,-1.66648926204,0,not_explicit_in_model_a,0,1.22781784739e-11,8.98126018001e-12
development_parameterized_screening,hourly_seed_20076,c5892545d9ceec3123adf468e1dcce2b2aa8cf29f95b98844705c4408738c6d2,20076,0,63,71,95,8,0,0.95,0.95,36.7061978565,1,36.7061978565,True,none_technical_success,0.995703232398,0.97832473392,311.940315939,292.387838838,1.26174401388,1025.71994481,54.108210783,1117.32493087,971.61173403,0,5.68434188608e-14,1056.63554858,0,29761.0283197,36226.9609874,-310.837048336,-5.68434188608e-14,-41.7420391872,-0.175896386248,0,not_explicit_in_model_a,0,2.40447661781e-11,1.81330506166e-11
development_parameterized_screening,hourly_seed_20077,52701b3cc61014c1e2fc3532c8a7328ba8282e0fd9c700afaaaaa1a5176bbc5a,20077,0,64,72,96,8,0,0.95,0.95,36.7061978565,1,36.7061978565,True,none_technical_success,0.991192210167,0.950000002319,298.69256642,291.063179041,2.58640381029,970.367697804,65.902253138,1526.22575084,904.465444666,0,4.61852778244e-14,1460.32344681,0,32773.2020889,51327.0755362,-429.592424911,2.13795482296e-06,-40.2100710857,-26.4065352299,0,not_explicit_in_model_a,0,2.43289832724e-11,8.98126018001e-12
development_parameterized_screening,hourly_seed_20078,98ec86fe27691cab83dfbb2cb03893fce4c6d88ccbde7606473fce703a37a94a,20078,0,67,75,99,8,0,0.95,0.95,36.7061978565,1,36.7061978565,True,none_technical_success,0.999449296852,0.995722697002,305.517104183,293.487869102,0.161713749681,992.848228029,63.8548810403,1598.95326994,928.993346989,0,2.30926389122e-13,1531.50133292,0,35545.0817049,57205.0465157,-450.531268313,7.38964445191e-13,-38.2511709287,-26.0503966404,0,not_explicit_in_model_a,0,1.70530256582e-11,1.77919901034e-11
development_parameterized_screening,hourly_seed_20079,a56ca05f891c8d9dfa28435a0176e5e4e1965e6b4badb268343c2430a8b5771f,20079,0,139,147,171,8,0,0.95,0.95,36.7061978565,1,36.7061978565,True,none_technical_success,0.994109230157,0.978560854869,298.591428171,291.919760745,1.72982210695,978.045963107,110.625552875,1788.44134098,867.420410233,0,0,1677.8157881,0,39311.6356864,42562.8988477,-493.57350053,6.88808654559e-07,-38.710903385,-25.4687401976,0,not_explicit_in_model_a,0,4.50768311566e-11,3.78577169613e-11
development_parameterized_screening,hourly_seed_20080,0c35db19ad6b3d06bca35d7a6dabe07aa13780a2546380cb5889646a5266bf16,20080,0,112,120,144,8,0,0.95,0.95,36.7061978565,1,36.7061978565,True,none_technical_success,0.985437472482,0.95000000434,300.323215933,289.373302721,4.27628013103,979.128780543,61.2434811235,1524.88143887,917.88529942,0,4.27435864481e-15,1463.63795774,0,32981.3410765,49792.7453152,-430.567477337,1.70530256582e-13,-40.7903782942,-27.0946806237,0,not_explicit_in_model_a,0,3.06954461848e-11,3.7573499867e-11
development_parameterized_screening,hourly_seed_20081,b60b3e2c490bef59104f3c0708791c588482231a66fcc13f385127e2a99a57a9,20081,0,116,124,148,8,0,0.95,0.95,36.7061978565,1,36.7061978565,True,none_technical_success,0.992126294631,0.97616114234,299.842833961,291.337472555,2.31211029715,976.143956376,47.3312835923,1506.13054187,928.812672784,0,1.70974345792e-14,1458.79925828,0,34870.0352349,62508.0931529,-429.144047034,-5.68434188608e-13,-39.0306771679,-23.8382314206,0,not_explicit_in_model_a,0,2.63753463514e-11,2.04636307899e-11
development_parameterized_screening,hourly_seed_20082,59671b31239e3e5da518d97c39106541af079a9a7b24093c7a23c11e6778059b,20082,0,114,122,146,8,0,0.95,0.95,36.7061978565,1,36.7061978565,True,none_technical_success,1,1,315.32095991,293.649582852,0,1039.78243402,70.5090344908,1460.43906412,969.273399532,0,0,1389.93002963,0,34151.2551002,54755.8058056,-408.884357014,8.74718637078e-07,-41.8442596615,-23.8526317428,0,not_explicit_in_model_a,0,1.06865627458e-11,1.23918653117e-11
development_parameterized_screening,hourly_seed_20083,0adb5defe37081f69dcab15096d7ceb8f36db8c69f6e1b3316c351f644f23900,20083,0,65,73,97,8,0,0.95,0.95,36.7061978565,1,36.7061978565,True,none_technical_success,0.996266604462,0.981722264174,300.36399413,292.553272809,1.0963100425,971.17669831,48.9541546996,1333.14297439,922.222543611,0,3.33066907388e-15,1284.1887866,0,30842.7903088,45367.4086233,-377.777798322,7.19134504834e-07,-39.0543448323,-27.1095929583,0,not_explicit_in_model_a,0,2.36468622461e-11,1.61435309565e-11
development_parameterized_screening,hourly_seed_20084,dbeb077d3d2ebb10ec90e4537d7fac780c872917e471b9184b766ccc67060b63,20084,0,111,119,143,8,0,0.95,0.95,36.7061978565,1,36.7061978565,True,none_technical_success,0.999257454683,0.994059637464,312.435682942,293.431534729,0.218048122582,1012.92092651,44.4557597928,1433.42509644,968.465166715,0,0,1388.96933665,0,32343.4343928,49585.8358123,-408.601742932,1.92864126802e-06,-42.1321330463,-25.8898270824,0,not_explicit_in_model_a,0,1.09139364213e-11,3.64934749086e-11
development_parameterized_screening,hourly_seed_20085,c9018e9cec7fea559e97252a042bc3088b062258108e5a0ec4d2e6ba70234052,20085,0,137,145,169,8,0,0.95,0.95,36.7061978565,1,36.7061978565,True,none_technical_success,0.992445408746,0.968020748382,303.933183499,291.431180281,2.21840257046,989.67800821,67.1124598336,1416.01405053,922.565548376,0,0,1348.9015907,0,32267.2756906,34237.9804627,-396.814766939,0,-39.9474244515,-25.7345155421,0,not_explicit_in_model_a,0,1.93267624127e-11,1.25055521494e-11
development_parameterized_screening,hourly_seed_20086,83874b05b19c75a6cb7727b0b3fdd946d0ed7f55b67a55a5bed05a6ff79e1d8a,20086,0,135,143,167,8,0,0.95,0.95,36.7061978565,1,36.7061978565,True,none_technical_success,0.997141912981,0.980125771807,308.32304409,292.810306791,0.839276060972,1026.17363579,56.593599282,1434.02072392,969.580036505,0,1.86517468137e-14,1377.42712464,0,32768.5316326,35505.0192595,-398.62641799,6.57988260827,-39.5868991901,-25.4961722005,0,not_explicit_in_model_a,0,3.20596882375e-11,1.26192389871e-11
development_parameterized_screening,hourly_seed_20087,0a82e57a588adfebf18250266a21ff36779f02eb710749a4704b125ca678b1a3,20087,0,136,144,168,8,0,0.95,0.95,36.7061978565,1,36.7061978565,True,none_technical_success,0.990856928392,0.950000000017,301.986120941,290.964723688,2.6848591638,976.89631667,45.2104113377,1459.37631342,931.685905332,0,0,1414.16590208,0,32525.164653,34721.8282613,-416.01397516,1.13686837722e-13,-40.2550733155,-25.687511025,0,not_explicit_in_model_a,0,2.35900188272e-11,1.07434061647e-11
development_parameterized_screening,hourly_seed_20088,6bd8d9b8398e6f230141c8874fa40552ba148ee26145986bcdcc9fe00853d086,20088,0,88,96,120,8,0,0.95,0.95,36.7061978565,1,36.7061978565,True,none_technical_success,0.996405496966,0.971243975724,312.37343409,292.594058535,1.05552431662,1034.82765814,70.5523785083,1276.98871871,964.275279635,0,2.98427949019e-13,1183.96592485,0,30867.5640986,40695.4557228,-348.294616726,-6.8212102633e-13,-40.2658636652,-26.453288981,0,not_explicit_in_model_a,0,2.50111042988e-11,1.76214598469e-11
development_parameterized_screening,hourly_seed_20089,19cd2c87e2848bdd3abb0f9867e96471eb569a2eb88100b5ec58b7f8e3a3a05c,20089,0,111,119,143,8,0,0.95,0.95,36.7061978565,1,36.7061978565,True,none_technical_success,0.999521908369,0.996175266955,306.7983847,293.509191444,0.140391407905,1007.80325247,46.6730341335,1209.17236365,961.130218341,0,0,1157.81405995,0,30002.1823448,34779.6635016,-340.60135813,1.9135045477e-06,-40.3314322886,-24.5981022151,0,not_explicit_in_model_a,0,1.29602995003e-11,1.77919901034e-11
development_parameterized_screening,hourly_seed_20090,d9ed6d8ddc0dcf5d722a7ba5a6855cdb6f0889b741963345b8844988318ca035,20090,0,116,124,148,8,0,0.95,0.95,36.7061978565,1,36.7061978565,True,none_technical_success,0.995020251321,0.977584663623,295.272882428,292.187281729,1.46230112222,968.742924349,53.710780669,1605.22929995,915.03214368,0,0,1551.51851928,0,36899.2265813,62716.7774229,-456.419847721,7.48830643715e-07,-36.5662494779,-25.2581158438,0,not_explicit_in_model_a,0,3.63797880709e-11,1.16529008665e-11
development_parameterized_screening,hourly_seed_20091,6f315f1265aabbfa9e2fd862b9f6f9936956c75d315ad115b02ec858184838d3,20091,0,135,143,167,8,0,0.95,0.95,36.7061978565,1,36.7061978565,True,none_technical_success,0.997100986722,0.976967305368,298.256824753,292.798288812,0.851294039715,980.351558092,53.2340918051,1330.18143957,927.117466287,0,0,1276.94734777,0,30332.7662114,32659.6138826,-375.647538263,1.69822988028e-06,-37.1981294574,-24.5271394353,0,not_explicit_in_model_a,0,4.36557456851e-11,3.91935373045e-11
development_parameterized_screening,hourly_seed_20092,56dab90cf66501d67b49c7479c0b98a66651711af5c28c39deeb2997743e4dc0,20092,0,113,121,145,8,0,0.95,0.95,36.7061978565,1,36.7061978565,False,interval_delivery,0.993749999678,0.949999997424,299.314623289,291.814272864,1.83530998738,975.467022159,67.6774055254,1478.05192021,907.789616633,0,0,1410.37451469,0,32963.4565654,52825.0219491,-414.898637966,1.19303075508e-06,-39.2389934934,-23.9476238414,0,not_explicit_in_model_a,0,1.90993887372e-11,1.59730006999e-11
development_parameterized_screening,hourly_seed_20093,67c45a8e8ca36f1d6f7ecac0b3afc215a559777304ef6e9c4ae866e1f859131e,20093,0,112,120,144,8,0,0.95,0.95,36.7061978565,1,36.7061978565,True,none_technical_success,0.991041773498,0.957822422283,299.536427383,291.019003376,2.63057947546,985.103015642,62.645336711,1126.55296273,922.457678931,0,0,1063.90762602,0,29032.7680491,41676.1808819,-312.976318205,2.36132137843e-06,-40.3201438352,-25.2333531511,0,not_explicit_in_model_a,0,1.37561073643e-11,1.67119651451e-11
development_parameterized_screening,hourly_seed_20094,b889bbac7bf67c390086d53f96c4539275467536499ac676142454fc1fc59c3e,20094,0,87,95,119,8,0,0.95,0.95,36.7061978565,1,36.7061978565,True,none_technical_success,1,1,311.187475454,293.649582852,0,1030.73533108,59.9483002352,1091.30274987,970.787030846,0,0,1031.35442694,0,29631.6327242,37150.7248856,-303.39994137,2.24129792059e-06,-41.5002870678,-1.6899836979,0,not_explicit_in_model_a,0,7.61701812735e-12,1.36424205266e-11
development_parameterized_screening,hourly_seed_20095,f7eacfc2d14adc02d34dd2db7a1fade056f2876f19045bc7500f8a3694666f13,20095,0,114,122,146,8,0,0.95,0.95,36.7061978565,1,36.7061978565,True,none_technical_success,0.997424605242,0.982924064991,303.047616871,292.893319255,0.756263596497,986.026708801,55.228461924,1420.09312068,930.798246877,0,6.2172489379e-15,1364.86465876,0,33030.4984273,49607.7746323,-401.510720707,1.2025234355e-06,-38.7082633402,-23.8356999251,0,not_explicit_in_model_a,0,3.43334249919e-11,1.00044417195e-11
development_parameterized_screening,hourly_seed_20096,ae98f08954c2c4b20208ab156d5c08e88acdb8651cf6678764199fc337b07480,20096,0,140,148,172,8,0,0.95,0.95,36.7061978565,1,36.7061978565,True,none_technical_success,0.994258691295,0.976806194615,298.74291804,291.963649945,1.68593290624,968.677699985,165.580645822,1444.3922331,803.097054163,0,2.30926389122e-13,1278.81158728,0,33968.2523428,35728.6871122,-376.195954833,5.50934373678e-08,-35.854841447,-25.8429992155,0,not_explicit_in_model_a,0,3.81987774745e-11,2.52384779742e-11
development_parameterized_screening,hourly_seed_20097,5744d3c358898c5441deed2af54a391f80c2be2f1a3a23842c7cd56682f920b1,20097,0,63,71,95,8,0,0.95,0.95,36.7061978565,1,36.7061978565,True,none_technical_success,0.997252761352,0.97802209082,304.601035503,292.842857369,0.806725482835,997.005311766,32.2875527099,1387.48182369,964.717759056,0,0,1350.48940314,0,31063.5117014,44311.4313139,-397.281863595,5.11590769747e-13,-38.3961371147,-25.7148892596,0,not_explicit_in_model_a,0,1.22781784739e-11,3.29123395204e-11
development_parameterized_screening,hourly_seed_20098,a2c3ff7b56d2d929619112720f40992dcdb9c7a71b80ca285e465be142bc7c62,20098,0,135,143,167,8,0,0.95,0.95,36.7061978565,1,36.7061978565,True,none_technical_success,0.999868820878,0.998950567025,305.653630038,293.611062157,0.0385206944068,1008.84007471,47.8519636943,1085.36551159,960.988111018,0,0,1037.5135479,0,29303.8848335,31011.6052733,-305.211810418,9.75238663159e-08,-36.8109937753,-2.69836234658,0,not_explicit_in_model_a,0,1.11413100967e-11,1.78488335223e-11
development_parameterized_screening,hourly_seed_20099,c72ea566d27237735284736545b996c6db891e43c7ea6fdcd6bd254ace7ecdb0,20099,0,111,119,143,8,0,0.95,0.95,36.7061978565,1,36.7061978565,True,none_technical_success,0.999367310408,0.994938483268,304.744074103,293.463793817,0.185789034622,994.361262077,56.9371242839,1487.62013672,937.424137793,0,0,1430.68301244,0,32556.5066926,49554.145631,-414.994307663,5.87860853581,-39.2224875657,-24.8610924998,0,not_explicit_in_model_a,0,2.2055246518e-11,1.77919901034e-11
