role,variant,seed,program,fraction,kind,capacity_kw,operating_peak_kw,phase,success_1pct,success_zero,success_01pct,missed_gpu_h,miss_rate,failure_mean_delivery,failure_interval_delivery,failure_deadline_miss,failure_rebound,failure_window_peak_relief,failure_terminal_backlog,baseline_service_feasible,baseline_zero_service,instantaneous_supply_shortfall_hours,max_instantaneous_supply_shortfall_kw,event_hours,contracted_energy_kwh,capped_delivered_energy_kwh,shortfall_energy_kwh,incremental_energy_kwh,delay_exposure_gpu_h_h,deferred_work_gpu_h,incremental_missed_gpu_h,terminal_incremental_backlog_gpu_h,peak_excess_backlog_gpu_h,guard_hours,overlap_guard_hours,trace_path,trace_sha256,scenario_path,scenario_hash,receipt_path,week
temporal,w0_chronological_g10,986000,H8P16,0.5,repeated,2.949121593122471,193.4389798490304,1,True,True,True,2.3647750424515834e-14,3.759626581024215e-18,False,False,False,False,False,False,True,True,0,0.0,32.0,94.37189097991909,91.3775824336082,2.9943085463108616,-4.547473508864641e-13,16111.024492425197,269.46144763862435,2.3647750424515834e-14,0.0,282.7339004498931,1,1,/home/user/projects/AIDRBench/results/nature_mainline/operating_tradeoffs_v1/runs/temporal/w0_chronological_g10/H8P16/repeated_f0.5_986000.parquet,71bfcffb34698e85c22f7a5da97d6b967960bdcd75f5303ba600568d78e9e042,/home/user/projects/AIDRBench/results/nature_mainline/operating_tradeoffs_v1/inputs/temporal/w0_chronological_g10/986000/H8P16/hourly_seed_986000,873b3ec8c9009bb4a3fd4f24210a6d485238166593c485ca00f18ed549d78703,/home/user/projects/AIDRBench/results/nature_mainline/operating_tradeoffs_v1/runs/temporal/w0_chronological_g10/H8P16/repeated_f0.5_986000.json,0
temporal,w0_chronological_g10,986001,H8P16,0.5,repeated,2.949121593122471,193.4389798490304,18,True,True,True,0.0,0.0,False,False,False,False,False,False,True,True,0,0.0,32.0,94.37189097991909,91.31962455950004,3.052266420419045,2.2625891915595278e-07,15663.804424655087,269.66179055850785,0.0,0.0,286.5632872374377,0,0,/home/user/projects/AIDRBench/results/nature_mainline/operating_tradeoffs_v1/runs/temporal/w0_chronological_g10/H8P16/repeated_f0.5_986001.parquet,70c59ce4ecf4fc4457692ef557e6e056687a73d451814978760ea972f73ebd34,/home/user/projects/AIDRBench/results/nature_mainline/operating_tradeoffs_v1/inputs/temporal/w0_chronological_g10/986001/H8P16/hourly_seed_986001,5a6f6215711e6f6d94541a019e217030ff9bbbf54d5d1eeaad3a766e9f0193a5,/home/user/projects/AIDRBench/results/nature_mainline/operating_tradeoffs_v1/runs/temporal/w0_chronological_g10/H8P16/repeated_f0.5_986001.json,0
temporal,w0_chronological_g10,986002,H8P16,0.5,repeated,2.949121593122471,193.4389798490304,13,True,True,True,4.5630166312093934e-14,7.254490726765038e-18,False,False,False,False,False,False,True,True,0,0.0,32.0,94.37189097991909,91.2217612533952,3.150129726523886,3.718690777532174e-08,16397.14393603236,269.850383214206,4.5630166312093934e-14,0.0,304.38896919293734,3,3,/home/user/projects/AIDRBench/results/nature_mainline/operating_tradeoffs_v1/runs/temporal/w0_chronological_g10/H8P16/repeated_f0.5_986002.parquet,7c25ed168f1eacc30cb28924512f45bf96773f6178f83169df27469b3a84b978,/home/user/projects/AIDRBench/results/nature_mainline/operating_tradeoffs_v1/inputs/temporal/w0_chronological_g10/986002/H8P16/hourly_seed_986002,26f81303a85e0207c5fee76feb154fb28cf43222fa46fbaaa649d79882299cd8,/home/user/projects/AIDRBench/results/nature_mainline/operating_tradeoffs_v1/runs/temporal/w0_chronological_g10/H8P16/repeated_f0.5_986002.json,0
temporal,w0_chronological_g10,986003,H8P16,0.5,repeated,2.949121593122471,193.4389798490304,6,True,True,True,5.0071058410594566e-14,7.96052388752076e-18,False,False,False,False,False,False,True,True,0,0.0,32.0,94.37189097991909,91.5618793958434,2.8100115840756814,3.43666840763035e-07,15769.40241248422,270.8081229383313,5.0071058410594566e-14,0.0,294.49637881637784,2,2,/home/user/projects/AIDRBench/results/nature_mainline/operating_tradeoffs_v1/runs/temporal/w0_chronological_g10/H8P16/repeated_f0.5_986003.parquet,cb81788e89def79f63efca3877dac9bfa3a5162742910d234b7467311eca8be3,/home/user/projects/AIDRBench/results/nature_mainline/operating_tradeoffs_v1/inputs/temporal/w0_chronological_g10/986003/H8P16/hourly_seed_986003,fa4699d3e230d90d23b13622fc2271e779bca85a205772769a4e7981702e700e,/home/user/projects/AIDRBench/results/nature_mainline/operating_tradeoffs_v1/runs/temporal/w0_chronological_g10/H8P16/repeated_f0.5_986003.json,0
temporal,w0_chronological_g10,986004,H8P16,0.5,repeated,2.949121593122471,193.4389798490304,3,True,True,True,3.6637359812630166e-14,5.824773576234703e-18,False,False,False,False,False,False,True,True,0,0.0,32.0,94.37189097991909,91.39455508438276,2.9773358955362994,-9.094947017729282e-13,15162.882617578844,269.9307360468448,3.6637359812630166e-14,0.0,270.51959396559533,0,0,/home/user/projects/AIDRBench/results/nature_mainline/operating_tradeoffs_v1/runs/temporal/w0_chronological_g10/H8P16/repeated_f0.5_986004.parquet,298f1973b7d298364afe0044f8c6e4d65019388fe30459f49b223fb6eedce3f7,/home/user/projects/AIDRBench/results/nature_mainline/operating_tradeoffs_v1/inputs/temporal/w0_chronological_g10/986004/H8P16/hourly_seed_986004,1f773e0745283655121539161a68a8065df67c77613162091fd6e0558ea4ab0c,/home/user/projects/AIDRBench/results/nature_mainline/operating_tradeoffs_v1/runs/temporal/w0_chronological_g10/H8P16/repeated_f0.5_986004.json,0
temporal,w0_chronological_g10,986005,H8P16,0.5,repeated,2.949121593122471,193.4389798490304,22,True,True,True,0.0,0.0,False,False,False,False,False,False,True,True,0,0.0,32.0,94.37189097991909,91.85000305780044,2.521887922118623,5.684341886080803e-14,14732.073229164533,270.8930980014094,0.0,0.0,274.330165913888,2,2,/home/user/projects/AIDRBench/results/nature_mainline/operating_tradeoffs_v1/runs/temporal/w0_chronological_g10/H8P16/repeated_f0.5_986005.parquet,e14050495540f8e38ff9cbe35659ea91e826672966256210cfbc1e2c9f885f60,/home/user/projects/AIDRBench/results/nature_mainline/operating_tradeoffs_v1/inputs/temporal/w0_chronological_g10/986005/H8P16/hourly_seed_986005,6f0bfda8e33392cbe91b1c60dac241d72b9dd3c47484af4644be60f80fd5369c,/home/user/projects/AIDRBench/results/nature_mainline/operating_tradeoffs_v1/runs/temporal/w0_chronological_g10/H8P16/repeated_f0.5_986005.json,0
temporal,w0_chronological_g10,986006,H8P16,0.5,repeated,2.949121593122471,193.4389798490304,8,True,True,True,1.1768364061026661e-14,1.8709878760026617e-18,False,False,False,False,False,False,True,True,0,0.0,32.0,94.37189097991909,91.52938240092205,2.842508578997041,3.5404468690103386e-08,18391.701404397987,270.86599606571986,1.1768364061026661e-14,0.0,334.85103379906394,3,3,/home/user/projects/AIDRBench/results/nature_mainline/operating_tradeoffs_v1/runs/temporal/w0_chronological_g10/H8P16/repeated_f0.5_986006.parquet,b873ab9c95394cf75a55cdacb18638a211fb0b373e8be386f5f5072177f4b919,/home/user/projects/AIDRBench/results/nature_mainline/operating_tradeoffs_v1/inputs/temporal/w0_chronological_g10/986006/H8P16/hourly_seed_986006,227539f376d90979b7aa23f176e4cf929b04d7040902e88bacf96f43eb729172,/home/user/projects/AIDRBench/results/nature_mainline/operating_tradeoffs_v1/runs/temporal/w0_chronological_g10/H8P16/repeated_f0.5_986006.json,0
temporal,w0_chronological_g10,986007,H8P16,0.5,repeated,2.949121593122471,193.4389798490304,8,True,True,True,1.1879386363489175e-14,1.8886387050215548e-18,False,False,False,False,False,False,True,True,0,0.0,32.0,94.37189097991909,91.56932197197494,2.802569007944129,3.5403672882239334e-08,18353.6487242036,270.8620895773013,1.1879386363489175e-14,0.0,334.8823100986035,3,3,/home/user/projects/AIDRBench/results/nature_mainline/operating_tradeoffs_v1/runs/temporal/w0_chronological_g10/H8P16/repeated_f0.5_986007.parquet,6177d7703d96137f7446ecd085c6bdad5da624a333d03d4d882bea9a56ab9503,/home/user/projects/AIDRBench/results/nature_mainline/operating_tradeoffs_v1/inputs/temporal/w0_chronological_g10/986007/H8P16/hourly_seed_986007,ed3168d560799cc2525655b4547900ac387be03bd3b58b080246f7a9dd8f3552,/home/user/projects/AIDRBench/results/nature_mainline/operating_tradeoffs_v1/runs/temporal/w0_chronological_g10/H8P16/repeated_f0.5_986007.json,0
temporal,w0_chronological_g10,986008,H8P16,0.5,repeated,2.949121593122471,193.4389798490304,0,True,True,True,1.1629586182948516e-14,1.8489243397290456e-18,False,False,False,False,False,False,True,True,0,0.0,32.0,94.37189097991909,91.16959137997708,3.2022995999419948,-4.547473508864641e-13,16646.17529153417,269.10215917021173,1.1629586182948516e-14,0.0,288.99823335645493,5,5,/home/user/projects/AIDRBench/results/nature_mainline/operating_tradeoffs_v1/runs/temporal/w0_chronological_g10/H8P16/repeated_f0.5_986008.parquet,06fe5e5c01d7d2683d2f5fe98c4bd679bcfac9d57dd0f506a5ae1590891fa139,/home/user/projects/AIDRBench/results/nature_mainline/operating_tradeoffs_v1/inputs/temporal/w0_chronological_g10/986008/H8P16/hourly_seed_986008,c8650ab6a450728c114cb066b26cdd60a78645321716f64f203029a37a266c20,/home/user/projects/AIDRBench/results/nature_mainline/operating_tradeoffs_v1/runs/temporal/w0_chronological_g10/H8P16/repeated_f0.5_986008.json,0
temporal,w0_chronological_g10,986009,H8P16,0.5,repeated,2.949121593122471,193.4389798490304,15,True,True,True,1.5543122344752194e-15,2.4711160626450254e-19,False,False,False,False,False,False,True,True,0,0.0,32.0,94.37189097991909,91.08709741350754,3.284793566411537,1.0004521300288617e-07,17470.250316365607,269.3153814098937,1.5543122344752194e-15,0.0,315.8778431664262,3,3,/home/user/projects/AIDRBench/results/nature_mainline/operating_tradeoffs_v1/runs/temporal/w0_chronological_g10/H8P16/repeated_f0.5_986009.parquet,f9a5913b644e82169fa5baa66a7c4717b0eda70fb6f8d6564a5fc12c8e24296f,/home/user/projects/AIDRBench/results/nature_mainline/operating_tradeoffs_v1/inputs/temporal/w0_chronological_g10/986009/H8P16/hourly_seed_986009,0ea043494bc172f6616940b8865745a21ac877706146efac06e31e2953e85a1f,/home/user/projects/AIDRBench/results/nature_mainline/operating_tradeoffs_v1/runs/temporal/w0_chronological_g10/H8P16/repeated_f0.5_986009.json,0
temporal,w0_chronological_g10,986000,H8P16,0.75,repeated,4.423682389683707,193.4389798490304,1,True,True,True,2.3647750424515834e-14,3.759626581024215e-18,False,False,False,False,False,False,True,True,0,0.0,32.0,141.55783646987862,136.0389655960944,5.518870873784209,-1.1368683772161605e-13,24478.238929504143,400.5291606608564,2.3647750424515834e-14,0.0,417.63445118787,2,2,/home/user/projects/AIDRBench/results/nature_mainline/operating_tradeoffs_v1/runs/temporal/w0_chronological_g10/H8P16/repeated_f0.75_986000.parquet,fb3bbd9bd9e3c2c351de79cb92263748dccd440e5c3f94689175850a21069b16,/home/user/projects/AIDRBench/results/nature_mainline/operating_tradeoffs_v1/inputs/temporal/w0_chronological_g10/986000/H8P16/hourly_seed_986000,873b3ec8c9009bb4a3fd4f24210a6d485238166593c485ca00f18ed549d78703,/home/user/projects/AIDRBench/results/nature_mainline/operating_tradeoffs_v1/runs/temporal/w0_chronological_g10/H8P16/repeated_f0.75_986000.json,0
temporal,w0_chronological_g10,986001,H8P16,0.75,repeated,4.423682389683707,193.4389798490304,18,False,False,False,0.0,0.0,False,True,False,False,False,False,True,True,1,0.0691707947433943,32.0,141.55783646987862,136.0524894011284,5.505347068750211,2.262588623125339e-07,23661.1428639548,400.7747548906116,0.0,0.0,423.63585374668446,0,0,/home/user/projects/AIDRBench/results/nature_mainline/operating_tradeoffs_v1/runs/temporal/w0_chronological_g10/H8P16/repeated_f0.75_986001.parquet,16095d53d0d49a5684ceab2e9b364eba3900831f88b126fd45d8ec257129317c,/home/user/projects/AIDRBench/results/nature_mainline/operating_tradeoffs_v1/inputs/temporal/w0_chronological_g10/986001/H8P16/hourly_seed_986001,5a6f6215711e6f6d94541a019e217030ff9bbbf54d5d1eeaad3a766e9f0193a5,/home/user/projects/AIDRBench/results/nature_mainline/operating_tradeoffs_v1/runs/temporal/w0_chronological_g10/H8P16/repeated_f0.75_986001.json,0
temporal,w0_chronological_g10,986002,H8P16,0.75,repeated,4.423682389683707,193.4389798490304,13,True,True,True,0.0,0.0,False,False,False,False,False,False,True,True,0,0.0,32.0,141.55783646987862,135.92217371039845,5.635662759480198,3.7187419366091496e-08,25316.625542098514,400.8661654363577,0.0,0.0,449.95476397378775,3,3,/home/user/projects/AIDRBench/results/nature_mainline/operating_tradeoffs_v1/runs/temporal/w0_chronological_g10/H8P16/repeated_f0.75_986002.parquet,cd595c683c5883b220d5e4148ce30b33d50a4e1da89a9845ed55c057d0392285,/home/user/projects/AIDRBench/results/nature_mainline/operating_tradeoffs_v1/inputs/temporal/w0_chronological_g10/986002/H8P16/hourly_seed_986002,26f81303a85e0207c5fee76feb154fb28cf43222fa46fbaaa649d79882299cd8,/home/user/projects/AIDRBench/results/nature_mainline/operating_tradeoffs_v1/runs/temporal/w0_chronological_g10/H8P16/repeated_f0.75_986002.json,0
temporal,w0_chronological_g10,986003,H8P16,0.75,repeated,4.423682389683707,193.4389798490304,6,False,False,False,0.0,0.0,False,True,False,False,False,False,True,True,1,0.0691707947434512,32.0,141.55783646987862,136.6013691482421,4.956467321636524,3.4366678391961614e-07,24219.353421754106,402.7316149080359,0.0,0.0,434.043873838794,1,1,/home/user/projects/AIDRBench/results/nature_mainline/operating_tradeoffs_v1/runs/temporal/w0_chronological_g10/H8P16/repeated_f0.75_986003.parquet,2a0aba70973207824395a10ad3fba4b17cde1d5397529bdcc4f206e2000b94ef,/home/user/projects/AIDRBench/results/nature_mainline/operating_tradeoffs_v1/inputs/temporal/w0_chronological_g10/986003/H8P16/hourly_seed_986003,fa4699d3e230d90d23b13622fc2271e779bca85a205772769a4e7981702e700e,/home/user/projects/AIDRBench/results/nature_mainline/operating_tradeoffs_v1/runs/temporal/w0_chronological_g10/H8P16/repeated_f0.75_986003.json,0
temporal,w0_chronological_g10,986004,H8P16,0.75,repeated,4.423682389683707,193.4389798490304,3,False,False,False,1.6653345369377348e-14,2.6476243528339557e-18,False,True,False,False,False,False,True,True,1,0.0691707947434512,32.0,141.55783646987862,136.1890681128949,5.368768356983736,-5.115907697472721e-13,23168.099261826967,401.2904322860778,1.6653345369377348e-14,0.0,399.5706229623014,0,0,/home/user/projects/AIDRBench/results/nature_mainline/operating_tradeoffs_v1/runs/temporal/w0_chronological_g10/H8P16/repeated_f0.75_986004.parquet,c5da6eeb04842e77695829dc6e608e4cb0589f8fb27676941a0102f202b37776,/home/user/projects/AIDRBench/results/nature_mainline/operating_tradeoffs_v1/inputs/temporal/w0_chronological_g10/986004/H8P16/hourly_seed_986004,1f773e0745283655121539161a68a8065df67c77613162091fd6e0558ea4ab0c,/home/user/projects/AIDRBench/results/nature_mainline/operating_tradeoffs_v1/runs/temporal/w0_chronological_g10/H8P16/repeated_f0.75_986004.json,0
temporal,w0_chronological_g10,986005,H8P16,0.75,repeated,4.423682389683707,193.4389798490304,22,False,False,False,1.376676550535194e-14,2.1887027983427367e-18,False,True,False,False,False,False,True,True,1,0.0691707947434512,32.0,141.55783646987862,136.905322333,4.6525141368786365,-3.410605131648481e-13,22125.88602737862,402.9930098401793,1.376676550535194e-14,0.0,405.1415242763243,2,2,/home/user/projects/AIDRBench/results/nature_mainline/operating_tradeoffs_v1/runs/temporal/w0_chronological_g10/H8P16/repeated_f0.75_986005.parquet,436884dbd285263e5b577a354b68c597e125d71f1f85e97d4fb594b64387253a,/home/user/projects/AIDRBench/results/nature_mainline/operating_tradeoffs_v1/inputs/temporal/w0_chronological_g10/986005/H8P16/hourly_seed_986005,6f0bfda8e33392cbe91b1c60dac241d72b9dd3c47484af4644be60f80fd5369c,/home/user/projects/AIDRBench/results/nature_mainline/operating_tradeoffs_v1/runs/temporal/w0_chronological_g10/H8P16/repeated_f0.75_986005.json,0
temporal,w0_chronological_g10,986006,H8P16,0.75,repeated,4.423682389683707,193.4389798490304,8,False,False,False,0.0,0.0,False,True,False,False,False,False,True,True,1,0.0691707947434512,32.0,141.55783646987862,136.575456096281,4.982380373597636,3.540344550856389e-08,28654.832042643317,402.6809429704983,0.0,0.0,496.35659686447366,6,6,/home/user/projects/AIDRBench/results/nature_mainline/operating_tradeoffs_v1/runs/temporal/w0_chronological_g10/H8P16/repeated_f0.75_986006.parquet,1e8cebdfca7afe76723c944a0af1502741db44379002621b6521ef5842e12b87,/home/user/projects/AIDRBench/results/nature_mainline/operating_tradeoffs_v1/inputs/temporal/w0_chronological_g10/986006/H8P16/hourly_seed_986006,227539f376d90979b7aa23f176e4cf929b04d7040902e88bacf96f43eb729172,/home/user/projects/AIDRBench/results/nature_mainline/operating_tradeoffs_v1/runs/temporal/w0_chronological_g10/H8P16/repeated_f0.75_986006.json,0
temporal,w0_chronological_g10,986007,H8P16,0.75,repeated,4.423682389683707,193.4389798490304,8,False,False,False,1.8318679906315083e-14,2.9123867881173513e-18,False,True,False,False,False,False,True,True,1,0.0691707947433943,32.0,141.55783646987862,136.5207930243427,5.0370434455359145,3.5403218134888454e-08,28520.24280478019,402.7152682125408,1.8318679906315083e-14,0.0,495.2986145528111,3,3,/home/user/projects/AIDRBench/results/nature_mainline/operating_tradeoffs_v1/runs/temporal/w0_chronological_g10/H8P16/repeated_f0.75_986007.parquet,5909b9bda52acde4d09c80958eeac972e4a8c74d9bba3795ea696c7c7de3e2da,/home/user/projects/AIDRBench/results/nature_mainline/operating_tradeoffs_v1/inputs/temporal/w0_chronological_g10/986007/H8P16/hourly_seed_986007,ed3168d560799cc2525655b4547900ac387be03bd3b58b080246f7a9dd8f3552,/home/user/projects/AIDRBench/results/nature_mainline/operating_tradeoffs_v1/runs/temporal/w0_chronological_g10/H8P16/repeated_f0.75_986007.json,0
temporal,w0_chronological_g10,986008,H8P16,0.75,repeated,4.423682389683707,193.4389798490304,0,True,True,True,0.0,0.0,False,False,False,False,False,False,True,True,0,0.0,32.0,141.55783646987862,135.89625552900236,5.661580940876263,-1.1368683772161605e-13,25312.352407187114,400.16986916750807,0.0,0.0,426.7770030879766,4,4,/home/user/projects/AIDRBench/results/nature_mainline/operating_tradeoffs_v1/runs/temporal/w0_chronological_g10/H8P16/repeated_f0.75_986008.parquet,694b7cd408229e50ca2b9e3b595ec7d44da1fe51f00256472a1a8acc90b9185b,/home/user/projects/AIDRBench/results/nature_mainline/operating_tradeoffs_v1/inputs/temporal/w0_chronological_g10/986008/H8P16/hourly_seed_986008,c8650ab6a450728c114cb066b26cdd60a78645321716f64f203029a37a266c20,/home/user/projects/AIDRBench/results/nature_mainline/operating_tradeoffs_v1/runs/temporal/w0_chronological_g10/H8P16/repeated_f0.75_986008.json,0
temporal,w0_chronological_g10,986009,H8P16,0.75,repeated,4.423682389683707,193.4389798490304,15,True,True,True,0.0,0.0,False,False,False,False,False,False,True,True,0,0.0,32.0,141.55783646987862,135.6353993311273,5.92243713875132,1.0004521300288617e-07,26752.676999374213,400.13635950006073,0.0,0.0,467.4768795917784,3,3,/home/user/projects/AIDRBench/results/nature_mainline/operating_tradeoffs_v1/runs/temporal/w0_chronological_g10/H8P16/repeated_f0.75_986009.parquet,7e0b0949a31e4243bb20adf897a75d342fe3156b3a5fb834fef57deab4c6beed,/home/user/projects/AIDRBench/results/nature_mainline/operating_tradeoffs_v1/inputs/temporal/w0_chronological_g10/986009/H8P16/hourly_seed_986009,0ea043494bc172f6616940b8865745a21ac877706146efac06e31e2953e85a1f,/home/user/projects/AIDRBench/results/nature_mainline/operating_tradeoffs_v1/runs/temporal/w0_chronological_g10/H8P16/repeated_f0.75_986009.json,0
temporal,w1_chronological_g10,986100,H8P16,0.5,repeated,2.949121593122471,193.4389798490304,18,True,True,True,0.0,0.0,False,False,False,False,False,False,True,True,0,0.0,32.0,94.37189097991909,91.36027422690717,3.011616753011907,1.377997023155331e-07,16084.382849076534,269.6489078416944,0.0,0.0,288.46168934856945,3,3,/home/user/projects/AIDRBench/results/nature_mainline/operating_tradeoffs_v1/runs/temporal/w1_chronological_g10/H8P16/repeated_f0.5_986100.parquet,c6cae57bd7c7db3a9ba40fc700b900f9ecb8c4ecf868995d8ff2765f13dcaee2,/home/user/projects/AIDRBench/results/nature_mainline/operating_tradeoffs_v1/inputs/temporal/w1_chronological_g10/986100/H8P16/hourly_seed_986100,0512282ff08e4d1a4fb2e57897b440a2003f948990f7a629b0a91cec5513c2e2,/home/user/projects/AIDRBench/results/nature_mainline/operating_tradeoffs_v1/runs/temporal/w1_chronological_g10/H8P16/repeated_f0.5_986100.json,1
temporal,w1_chronological_g10,986101,H8P16,0.5,repeated,2.949121593122471,193.4389798490304,1,True,True,True,1.1324274851176595e-14,1.8003845599270897e-18,False,False,False,False,False,False,True,True,0,0.0,32.0,94.37189097991909,91.45127844646538,2.920612533453692,-7.958078640513122e-13,15230.289897454204,269.52102666475906,1.1324274851176595e-14,0.0,283.0382903554452,5,5,/home/user/projects/AIDRBench/results/nature_mainline/operating_tradeoffs_v1/runs/temporal/w1_chronological_g10/H8P16/repeated_f0.5_986101.parquet,de512133b909d0b71b0c51cec7a5550e63fab971897ff61641867478b7aad89c,/home/user/projects/AIDRBench/results/nature_mainline/operating_tradeoffs_v1/inputs/temporal/w1_chronological_g10/986101/H8P16/hourly_seed_986101,a625737903472b97512374e23f11daf6e6e073ea3aa6b4389d685fa366542ce6,/home/user/projects/AIDRBench/results/nature_mainline/operating_tradeoffs_v1/runs/temporal/w1_chronological_g10/H8P16/repeated_f0.5_986101.json,1
temporal,w1_chronological_g10,986102,H8P16,0.5,repeated,2.949121593122471,193.4389798490304,6,True,True,True,0.0,0.0,False,False,False,False,False,False,True,True,0,0.0,32.0,94.37189097991909,91.39516346783728,2.976727512081794,-2.273736754432321e-13,15829.214817046734,269.7500421977742,0.0,0.0,299.9658363429313,1,1,/home/user/projects/AIDRBench/results/nature_mainline/operating_tradeoffs_v1/runs/temporal/w1_chronological_g10/H8P16/repeated_f0.5_986102.parquet,3e98cdcf3957c94bdedf42db726d38a9a377e5ed5a6893922c08a1a065461e5d,/home/user/projects/AIDRBench/results/nature_mainline/operating_tradeoffs_v1/inputs/temporal/w1_chronological_g10/986102/H8P16/hourly_seed_986102,f6fee86e8c3f8d877ef35214b129454964ea8997205d7edcff505cc75f1ccc41,/home/user/projects/AIDRBench/results/nature_mainline/operating_tradeoffs_v1/runs/temporal/w1_chronological_g10/H8P16/repeated_f0.5_986102.json,1
temporal,w1_chronological_g10,986103,H8P16,0.5,repeated,2.949121593122471,193.4389798490304,17,True,True,True,0.0,0.0,False,False,False,False,False,False,True,True,0,0.0,32.0,94.37189097991909,91.34010797806388,3.031783001855189,-1.1368683772161605e-13,16057.72805496585,269.40158760686325,0.0,0.0,288.20917402699087,4,4,/home/user/projects/AIDRBench/results/nature_mainline/operating_tradeoffs_v1/runs/temporal/w1_chronological_g10/H8P16/repeated_f0.5_986103.parquet,14c64841d4c4b18b84a469df82a7f97d76b33f0d8d14669ebf68f8ad83f9cec3,/home/user/projects/AIDRBench/results/nature_mainline/operating_tradeoffs_v1/inputs/temporal/w1_chronological_g10/986103/H8P16/hourly_seed_986103,d628bc6fda37173ad2e0c2976c60600b298fb396c38e38acc3191e40511cc50e,/home/user/projects/AIDRBench/results/nature_mainline/operating_tradeoffs_v1/runs/temporal/w1_chronological_g10/H8P16/repeated_f0.5_986103.json,1
temporal,w1_chronological_g10,986104,H8P16,0.5,repeated,2.949121593122471,193.4389798490304,8,True,True,True,0.0,0.0,False,False,False,False,False,False,True,True,0,0.0,32.0,94.37189097991909,91.31615384288456,3.0557371370345265,-2.842170943040401e-13,18582.096474925023,269.04442891291865,0.0,0.0,335.9639416402394,5,5,/home/user/projects/AIDRBench/results/nature_mainline/operating_tradeoffs_v1/runs/temporal/w1_chronological_g10/H8P16/repeated_f0.5_986104.parquet,a099043593f2ed0fa321b242d31a6ad9d623a0626608f05072c456f03ca85ef3,/home/user/projects/AIDRBench/results/nature_mainline/operating_tradeoffs_v1/inputs/temporal/w1_chronological_g10/986104/H8P16/hourly_seed_986104,9b7752cd78f1b38ace67298dceade234154702f31550cb4e2d7cca1450861da4,/home/user/projects/AIDRBench/results/nature_mainline/operating_tradeoffs_v1/runs/temporal/w1_chronological_g10/H8P16/repeated_f0.5_986104.json,1
temporal,w1_chronological_g10,986105,H8P16,0.5,repeated,2.949121593122471,193.4389798490304,18,True,True,True,1.1768364061026661e-14,1.8709878760026617e-18,False,False,False,False,False,False,True,True,0,0.0,32.0,94.37189097991909,91.31465973000746,3.057231249911609,1.3779913388134446e-07,15374.906853548153,269.6489078416945,1.1768364061026661e-14,0.0,277.4149596889267,0,0,/home/user/projects/AIDRBench/results/nature_mainline/operating_tradeoffs_v1/runs/temporal/w1_chronological_g10/H8P16/repeated_f0.5_986105.parquet,4f8a1f7d87916bdbd0eead22f3568f4dd5a1df0cdc1ba080998be5e2a93ec6ec,/home/user/projects/AIDRBench/results/nature_mainline/operating_tradeoffs_v1/inputs/temporal/w1_chronological_g10/986105/H8P16/hourly_seed_986105,9eb2e0af377d72e35fb91e3868ad3376cec93a0a16a274cefe079712af434303,/home/user/projects/AIDRBench/results/nature_mainline/operating_tradeoffs_v1/runs/temporal/w1_chronological_g10/H8P16/repeated_f0.5_986105.json,1
temporal,w1_chronological_g10,986106,H8P16,0.5,repeated,2.949121593122471,193.4389798490304,9,True,True,True,6.3005156647477626e-15,1.00168454682218e-18,False,False,False,False,False,False,True,True,0,0.0,32.0,94.37189097991909,91.24385677092393,3.1280342089951603,-5.684341886080803e-14,18418.43823264422,268.919147637946,6.3005156647477626e-15,0.0,333.18749705726634,2,2,/home/user/projects/AIDRBench/results/nature_mainline/operating_tradeoffs_v1/runs/temporal/w1_chronological_g10/H8P16/repeated_f0.5_986106.parquet,aa7680bfb68a39a0691d8f579dda0e8d3abd50be1341a43b59dc67d19080ea24,/home/user/projects/AIDRBench/results/nature_mainline/operating_tradeoffs_v1/inputs/temporal/w1_chronological_g10/986106/H8P16/hourly_seed_986106,92c1e1697a0dbd70e6b91dc90e3fcb66d3c5ef921ddd3039281caddb6c17f1c8,/home/user/projects/AIDRBench/results/nature_mainline/operating_tradeoffs_v1/runs/temporal/w1_chronological_g10/H8P16/repeated_f0.5_986106.json,1
temporal,w1_chronological_g10,986107,H8P16,0.5,repeated,2.949121593122471,193.4389798490304,2,True,True,True,0.0,0.0,False,False,False,False,False,False,True,True,0,0.0,32.0,94.37189097991909,91.32522712713616,3.0466638527829275,-3.410605131648481e-13,15420.413559023036,269.5703617105346,0.0,0.0,282.9662374971871,5,5,/home/user/projects/AIDRBench/results/nature_mainline/operating_tradeoffs_v1/runs/temporal/w1_chronological_g10/H8P16/repeated_f0.5_986107.parquet,dbb32a2351bcee211d578634f5e80cd53525efffe9a2c500c07292d645b39976,/home/user/projects/AIDRBench/results/nature_mainline/operating_tradeoffs_v1/inputs/temporal/w1_chronological_g10/986107/H8P16/hourly_seed_986107,e420a697a2e37cda1a4f3771dbf98d6df4997186b4915ed8dbc0280d4d914301,/home/user/projects/AIDRBench/results/nature_mainline/operating_tradeoffs_v1/runs/temporal/w1_chronological_g10/H8P16/repeated_f0.5_986107.json,1
temporal,w1_chronological_g10,986108,H8P16,0.5,repeated,2.949121593122471,193.4389798490304,19,True,True,True,3.996802888650564e-15,6.354298446801494e-19,False,False,False,False,False,False,True,True,0,0.0,32.0,94.37189097991909,91.50310558133066,2.868785398588414,8.526512829121202e-13,15110.88253400454,270.0078812568107,3.996802888650564e-15,0.0,271.24375919917924,0,0,/home/user/projects/AIDRBench/results/nature_mainline/operating_tradeoffs_v1/runs/temporal/w1_chronological_g10/H8P16/repeated_f0.5_986108.parquet,f4cc3dfc838b0e2f39710965f8b1a40cdedcea052b0195c107d1acc56b6f5b79,/home/user/projects/AIDRBench/results/nature_mainline/operating_tradeoffs_v1/inputs/temporal/w1_chronological_g10/986108/H8P16/hourly_seed_986108,a4ac22aa2badeffffeb6ad62bf70fbb8cba8ba843362eb63e541d17f39972452,/home/user/projects/AIDRBench/results/nature_mainline/operating_tradeoffs_v1/runs/temporal/w1_chronological_g10/H8P16/repeated_f0.5_986108.json,1
temporal,w1_chronological_g10,986109,H8P16,0.5,repeated,2.949121593122471,193.4389798490304,22,True,True,True,1.4988010832439613e-15,2.3828619175505604e-19,False,False,False,False,False,False,True,True,0,0.0,32.0,94.37189097991909,91.51232593070614,2.8595650492129323,1.8294730352863558e-07,15054.97940450396,270.1234124412427,1.4988010832439613e-15,0.0,284.70416986699473,4,4,/home/user/projects/AIDRBench/results/nature_mainline/operating_tradeoffs_v1/runs/temporal/w1_chronological_g10/H8P16/repeated_f0.5_986109.parquet,13025f94f47d22d70ae19e8c5f53acffce94d797f1e2fc14c03c297028a3afbd,/home/user/projects/AIDRBench/results/nature_mainline/operating_tradeoffs_v1/inputs/temporal/w1_chronological_g10/986109/H8P16/hourly_seed_986109,4e0a6bf1d84b6fee35688a564606134047eae76e4197d1db7ffbec78e706fac1,/home/user/projects/AIDRBench/results/nature_mainline/operating_tradeoffs_v1/runs/temporal/w1_chronological_g10/H8P16/repeated_f0.5_986109.json,1
temporal,w1_chronological_g10,986100,H8P16,0.75,repeated,4.423682389683707,193.4389798490304,18,True,True,True,0.0,0.0,False,False,False,False,False,False,True,True,0,0.0,32.0,141.55783646987862,135.86186870858586,5.695967761292764,1.3780004337604626e-07,24165.40352435361,400.22316569234135,0.0,0.0,425.2103025272995,2,2,/home/user/projects/AIDRBench/results/nature_mainline/operating_tradeoffs_v1/runs/temporal/w1_chronological_g10/H8P16/repeated_f0.75_986100.parquet,ad25075cbbcd85e392f23903ff772c5ac924298b5d597c5ec983625e7bc61760,/home/user/projects/AIDRBench/results/nature_mainline/operating_tradeoffs_v1/inputs/temporal/w1_chronological_g10/986100/H8P16/hourly_seed_986100,0512282ff08e4d1a4fb2e57897b440a2003f948990f7a629b0a91cec5513c2e2,/home/user/projects/AIDRBench/results/nature_mainline/operating_tradeoffs_v1/runs/temporal/w1_chronological_g10/H8P16/repeated_f0.75_986100.json,1
temporal,w1_chronological_g10,986101,H8P16,0.75,repeated,4.423682389683707,193.4389798490304,1,True,True,True,1.1324274851176595e-14,1.8003845599270897e-18,False,False,False,False,False,False,True,True,0,0.0,32.0,141.55783646987862,135.86580761152163,5.692028858356991,-2.273736754432321e-13,23221.74918068634,400.09528537967344,1.1324274851176595e-14,0.0,417.6393028833879,6,6,/home/user/projects/AIDRBench/results/nature_mainline/operating_tradeoffs_v1/runs/temporal/w1_chronological_g10/H8P16/repeated_f0.75_986101.parquet,ef1b98a79712ae21a5ae07475a5117dd564b93c802bc6e8335154ab98ba27122,/home/user/projects/AIDRBench/results/nature_mainline/operating_tradeoffs_v1/inputs/temporal/w1_chronological_g10/986101/H8P16/hourly_seed_986101,a625737903472b97512374e23f11daf6e6e073ea3aa6b4389d685fa366542ce6,/home/user/projects/AIDRBench/results/nature_mainline/operating_tradeoffs_v1/runs/temporal/w1_chronological_g10/H8P16/repeated_f0.75_986101.json,1
temporal,w1_chronological_g10,986102,H8P16,0.75,repeated,4.423682389683707,193.4389798490304,6,True,True,True,0.0,0.0,False,False,False,False,False,False,True,True,0,0.0,32.0,141.55783646987862,136.1687122899282,5.389124179950414,-3.410605131648481e-13,24563.15532962941,400.57102979488207,0.0,0.0,444.7462445912367,2,2,/home/user/projects/AIDRBench/results/nature_mainline/operating_tradeoffs_v1/runs/temporal/w1_chronological_g10/H8P16/repeated_f0.75_986102.parquet,cd5fd58ba6a1d3c1a4d72ae93aaabb962b07ffd33dc8db1c706f8ac525f7b36d,/home/user/projects/AIDRBench/results/nature_mainline/operating_tradeoffs_v1/inputs/temporal/w1_chronological_g10/986102/H8P16/hourly_seed_986102,f6fee86e8c3f8d877ef35214b129454964ea8997205d7edcff505cc75f1ccc41,/home/user/projects/AIDRBench/results/nature_mainline/operating_tradeoffs_v1/runs/temporal/w1_chronological_g10/H8P16/repeated_f0.75_986102.json,1
temporal,w1_chronological_g10,986103,H8P16,0.75,repeated,4.423682389683707,193.4389798490304,17,True,True,True,0.0,0.0,False,False,False,False,False,False,True,True,0,0.0,32.0,141.55783646987862,135.7952895963581,5.762546873520535,0.0,24227.3766099993,399.9758454575102,0.0,0.0,424.9577906627904,2,2,/home/user/projects/AIDRBench/results/nature_mainline/operating_tradeoffs_v1/runs/temporal/w1_chronological_g10/H8P16/repeated_f0.75_986103.parquet,4b881fe55df1bdf8c415737b62e8dc063aa06cfb48e945c53c823a9b972247bd,/home/user/projects/AIDRBench/results/nature_mainline/operating_tradeoffs_v1/inputs/temporal/w1_chronological_g10/986103/H8P16/hourly_seed_986103,d628bc6fda37173ad2e0c2976c60600b298fb396c38e38acc3191e40511cc50e,/home/user/projects/AIDRBench/results/nature_mainline/operating_tradeoffs_v1/runs/temporal/w1_chronological_g10/H8P16/repeated_f0.75_986103.json,1
temporal,w1_chronological_g10,986104,H8P16,0.75,repeated,4.423682389683707,193.4389798490304,8,False,False,False,1.1298457828930886,0.0001796280052676,True,True,False,False,False,False,True,True,1,0.3403007586288655,32.0,141.55783646987862,135.4711704872385,6.086665982640113,-0.3323737581051773,28882.403417504007,398.8741729464341,1.1298457828930886,0.0,494.3544543229583,3,3,/home/user/projects/AIDRBench/results/nature_mainline/operating_tradeoffs_v1/runs/temporal/w1_chronological_g10/H8P16/repeated_f0.75_986104.parquet,d861f4a146dafbc7e6a7a42508b456b437260838df9a98e571b4779532723b70,/home/user/projects/AIDRBench/results/nature_mainline/operating_tradeoffs_v1/inputs/temporal/w1_chronological_g10/986104/H8P16/hourly_seed_986104,9b7752cd78f1b38ace67298dceade234154702f31550cb4e2d7cca1450861da4,/home/user/projects/AIDRBench/results/nature_mainline/operating_tradeoffs_v1/runs/temporal/w1_chronological_g10/H8P16/repeated_f0.75_986104.json,1
temporal,w1_chronological_g10,986105,H8P16,0.75,repeated,4.423682389683707,193.4389798490304,18,True,True,True,0.0,0.0,False,False,False,False,False,False,True,True,0,0.0,32.0,141.55783646987862,135.81387616960535,5.743960300273272,1.377996454721142e-07,23171.110399881145,400.2231656923415,0.0,0.0,409.84918456827694,0,0,/home/user/projects/AIDRBench/results/nature_mainline/operating_tradeoffs_v1/runs/temporal/w1_chronological_g10/H8P16/repeated_f0.75_986105.parquet,e24d03bf07ac4d98e34b04db12f1d9f8da650c98df0f5480edd913df9f64a63a,/home/user/projects/AIDRBench/results/nature_mainline/operating_tradeoffs_v1/inputs/temporal/w1_chronological_g10/986105/H8P16/hourly_seed_986105,9eb2e0af377d72e35fb91e3868ad3376cec93a0a16a274cefe079712af434303,/home/user/projects/AIDRBench/results/nature_mainline/operating_tradeoffs_v1/runs/temporal/w1_chronological_g10/H8P16/repeated_f0.75_986105.json,1
temporal,w1_chronological_g10,986106,H8P16,0.75,repeated,4.423682389683707,193.4389798490304,9,False,False,False,14.55209896048985,0.0023135586717303,True,True,False,False,False,False,True,True,1,0.3403007586288087,32.0,141.55783646987862,135.52174139324305,6.036095076635576,-4.911189451386633,28204.86944042952,398.7488910232609,14.55209896048985,0.0,479.0516680826963,3,3,/home/user/projects/AIDRBench/results/nature_mainline/operating_tradeoffs_v1/runs/temporal/w1_chronological_g10/H8P16/repeated_f0.75_986106.parquet,d058a22a85f91dbfa69ca8261bbd2eee23cde1e1b5ae85bfa0bf7ba670f81f07,/home/user/projects/AIDRBench/results/nature_mainline/operating_tradeoffs_v1/inputs/temporal/w1_chronological_g10/986106/H8P16/hourly_seed_986106,92c1e1697a0dbd70e6b91dc90e3fcb66d3c5ef921ddd3039281caddb6c17f1c8,/home/user/projects/AIDRBench/results/nature_mainline/operating_tradeoffs_v1/runs/temporal/w1_chronological_g10/H8P16/repeated_f0.75_986106.json,1
temporal,w1_chronological_g10,986107,H8P16,0.75,repeated,4.423682389683707,193.4389798490304,2,True,True,True,0.0,0.0,False,False,False,False,False,False,True,True,0,0.0,32.0,141.55783646987862,135.92612641821756,5.631710051661059,-1.0231815394945445e-12,23622.459928967037,400.1446186969143,0.0,0.0,417.56724829659504,4,4,/home/user/projects/AIDRBench/results/nature_mainline/operating_tradeoffs_v1/runs/temporal/w1_chronological_g10/H8P16/repeated_f0.75_986107.parquet,88537ea964f4c7120b581ea77886dd15e3654ac7bca14df35bc164d095623ee6,/home/user/projects/AIDRBench/results/nature_mainline/operating_tradeoffs_v1/inputs/temporal/w1_chronological_g10/986107/H8P16/hourly_seed_986107,e420a697a2e37cda1a4f3771dbf98d6df4997186b4915ed8dbc0280d4d914301,/home/user/projects/AIDRBench/results/nature_mainline/operating_tradeoffs_v1/runs/temporal/w1_chronological_g10/H8P16/repeated_f0.75_986107.json,1
temporal,w1_chronological_g10,986108,H8P16,0.75,repeated,4.423682389683707,193.4389798490304,19,True,True,True,0.0,0.0,False,False,False,False,False,False,True,True,0,0.0,32.0,141.55783646987862,135.9377289826005,5.620107487278119,-3.979039320256561e-13,22641.115576489385,400.5821365146557,0.0,0.0,399.5093454859625,0,0,/home/user/projects/AIDRBench/results/nature_mainline/operating_tradeoffs_v1/runs/temporal/w1_chronological_g10/H8P16/repeated_f0.75_986108.parquet,256dff95f940e174bb3655b467181d45d9d4a61fcb4c8afdbe8f6de60853e540,/home/user/projects/AIDRBench/results/nature_mainline/operating_tradeoffs_v1/inputs/temporal/w1_chronological_g10/986108/H8P16/hourly_seed_986108,a4ac22aa2badeffffeb6ad62bf70fbb8cba8ba843362eb63e541d17f39972452,/home/user/projects/AIDRBench/results/nature_mainline/operating_tradeoffs_v1/runs/temporal/w1_chronological_g10/H8P16/repeated_f0.75_986108.json,1
temporal,w1_chronological_g10,986109,H8P16,0.75,repeated,4.423682389683707,193.4389798490304,22,True,True,True,0.0,0.0,False,False,False,False,False,False,True,True,0,0.0,32.0,141.55783646987862,136.1175944996481,5.440241970230488,1.829467350944469e-07,22296.640712925597,401.1911328097472,0.0,0.0,417.7458734041013,2,2,/home/user/projects/AIDRBench/results/nature_mainline/operating_tradeoffs_v1/runs/temporal/w1_chronological_g10/H8P16/repeated_f0.75_986109.parquet,22b10f875d6c9bf05feb7515534c7ac860728610b32568a3a92e94624845bf46,/home/user/projects/AIDRBench/results/nature_mainline/operating_tradeoffs_v1/inputs/temporal/w1_chronological_g10/986109/H8P16/hourly_seed_986109,4e0a6bf1d84b6fee35688a564606134047eae76e4197d1db7ffbec78e706fac1,/home/user/projects/AIDRBench/results/nature_mainline/operating_tradeoffs_v1/runs/temporal/w1_chronological_g10/H8P16/repeated_f0.75_986109.json,1
temporal,w2_chronological_g10,986200,H8P16,0.5,repeated,2.949121593122471,193.4389798490304,7,True,True,True,0.0,0.0,False,False,False,False,False,False,True,True,0,0.0,32.0,94.37189097991909,91.24826760461627,3.123623375302799,2.483664983623669,17628.291970185513,269.4762489995669,0.0,0.0,319.14730782838024,5,5,/home/user/projects/AIDRBench/results/nature_mainline/operating_tradeoffs_v1/runs/temporal/w2_chronological_g10/H8P16/repeated_f0.5_986200.parquet,daaf6ed0c1ecd46d133fdecb9d24798f74294798ad6eb3a7cbc982e3afb0e038,/home/user/projects/AIDRBench/results/nature_mainline/operating_tradeoffs_v1/inputs/temporal/w2_chronological_g10/986200/H8P16/hourly_seed_986200,3bebb96c289a63ab96f543931cf057213502f809833778a7526001165badc100,/home/user/projects/AIDRBench/results/nature_mainline/operating_tradeoffs_v1/runs/temporal/w2_chronological_g10/H8P16/repeated_f0.5_986200.json,2
temporal,w2_chronological_g10,986201,H8P16,0.5,repeated,2.949121593122471,193.4389798490304,7,True,True,True,0.0,0.0,False,False,False,False,False,False,True,True,0,0.0,32.0,94.37189097991909,91.46295793713496,2.908933042784128,2.483664983623441,18475.74554695891,269.4344443878839,0.0,0.0,326.01386747565675,4,4,/home/user/projects/AIDRBench/results/nature_mainline/operating_tradeoffs_v1/runs/temporal/w2_chronological_g10/H8P16/repeated_f0.5_986201.parquet,4e8f45a2ca2694af72dbb6de546cbd99718b0fffb486ad3839f3b4ed69e13a6f,/home/user/projects/AIDRBench/results/nature_mainline/operating_tradeoffs_v1/inputs/temporal/w2_chronological_g10/986201/H8P16/hourly_seed_986201,b7908eae7992925bcf9b18252d2c357a18552749d3f5e69c352691bd3611313a,/home/user/projects/AIDRBench/results/nature_mainline/operating_tradeoffs_v1/runs/temporal/w2_chronological_g10/H8P16/repeated_f0.5_986201.json,2
temporal,w2_chronological_g10,986202,H8P16,0.5,repeated,2.949121593122471,193.4389798490304,22,True,True,True,1.27675647831893e-14,2.0298453371726992e-18,False,False,False,False,False,False,True,True,0,0.0,32.0,94.37189097991909,91.55314579890704,2.8187451810120194,6.70196413921076e-08,15132.909092677011,269.98265042614105,1.27675647831893e-14,0.0,282.3270854423686,3,3,/home/user/projects/AIDRBench/results/nature_mainline/operating_tradeoffs_v1/runs/temporal/w2_chronological_g10/H8P16/repeated_f0.5_986202.parquet,8339ecba04ee030bd68a38f662f19382cd8a75b515c327aaecdd19554314b40c,/home/user/projects/AIDRBench/results/nature_mainline/operating_tradeoffs_v1/inputs/temporal/w2_chronological_g10/986202/H8P16/hourly_seed_986202,55c89afd2238c7d54752702d63fa90ff4c4edafd3019b523b3f89568b413e869,/home/user/projects/AIDRBench/results/nature_mainline/operating_tradeoffs_v1/runs/temporal/w2_chronological_g10/H8P16/repeated_f0.5_986202.json,2
temporal,w2_chronological_g10,986203,H8P16,0.5,repeated,2.949121593122471,193.4389798490304,2,True,True,True,0.0,0.0,False,False,False,False,False,False,True,True,0,0.0,32.0,94.37189097991909,91.38638613008015,2.985504849838918,4.0114417743097874e-07,15488.34417686336,269.4256116687368,0.0,0.0,278.35618512535024,0,0,/home/user/projects/AIDRBench/results/nature_mainline/operating_tradeoffs_v1/runs/temporal/w2_chronological_g10/H8P16/repeated_f0.5_986203.parquet,765fc098b6eec279ce4c72cec8333aeb2cdf6a16cf549324a0a72f527ab5e80f,/home/user/projects/AIDRBench/results/nature_mainline/operating_tradeoffs_v1/inputs/temporal/w2_chronological_g10/986203/H8P16/hourly_seed_986203,3c257b43b4b0586b67a915b32cfef1ee1415146755ff86d8b34ce8e386d334df,/home/user/projects/AIDRBench/results/nature_mainline/operating_tradeoffs_v1/runs/temporal/w2_chronological_g10/H8P16/repeated_f0.5_986203.json,2
temporal,w2_chronological_g10,986204,H8P16,0.5,repeated,2.949121593122471,193.4389798490304,23,True,True,True,0.0,0.0,False,False,False,False,False,False,True,True,0,0.0,32.0,94.37189097991909,91.87069846983836,2.501192510080699,-9.094947017729282e-13,14261.82205580861,270.61301928082594,0.0,0.0,274.1429357346427,4,4,/home/user/projects/AIDRBench/results/nature_mainline/operating_tradeoffs_v1/runs/temporal/w2_chronological_g10/H8P16/repeated_f0.5_986204.parquet,f7888641850cf127604394770e69314f5c0ef8c709239a0a14110798099c1c71,/home/user/projects/AIDRBench/results/nature_mainline/operating_tradeoffs_v1/inputs/temporal/w2_chronological_g10/986204/H8P16/hourly_seed_986204,3dbb863d4e88eca2d2144779762245b2b7a3616f7fa5af475472ecfd85494e5d,/home/user/projects/AIDRBench/results/nature_mainline/operating_tradeoffs_v1/runs/temporal/w2_chronological_g10/H8P16/repeated_f0.5_986204.json,2
temporal,w2_chronological_g10,986205,H8P16,0.5,repeated,2.949121593122471,193.4389798490304,8,True,True,True,0.0,0.0,False,False,False,False,False,False,True,True,0,0.0,32.0,94.37189097991909,91.37474923025668,2.997141749662404,1.3983429880681797e-07,18315.58653974552,269.43565423924554,0.0,0.0,332.3301377426035,8,8,/home/user/projects/AIDRBench/results/nature_mainline/operating_tradeoffs_v1/runs/temporal/w2_chronological_g10/H8P16/repeated_f0.5_986205.parquet,70dbb249be6f435b4624657bf5c6c0bd220734daafac42f22b685448c0b5e85a,/home/user/projects/AIDRBench/results/nature_mainline/operating_tradeoffs_v1/inputs/temporal/w2_chronological_g10/986205/H8P16/hourly_seed_986205,d04397e62f24a1a1b52bd1c995a9396fd4a578525c9e00386dfb1a8e17fd6af2,/home/user/projects/AIDRBench/results/nature_mainline/operating_tradeoffs_v1/runs/temporal/w2_chronological_g10/H8P16/repeated_f0.5_986205.json,2
temporal,w2_chronological_g10,986206,H8P16,0.5,repeated,2.949121593122471,193.4389798490304,12,True,True,True,0.0,0.0,False,False,False,False,False,False,True,True,0,0.0,32.0,94.37189097991909,91.41823384885804,2.9536571310610213,-2.842170943040401e-13,16181.026485629238,269.44641901236105,0.0,0.0,293.9417375671545,0,0,/home/user/projects/AIDRBench/results/nature_mainline/operating_tradeoffs_v1/runs/temporal/w2_chronological_g10/H8P16/repeated_f0.5_986206.parquet,eda2e696862ee5193d4e0b8963f3675b3ecfeeadffbf6335d3260c3973238d3d,/home/user/projects/AIDRBench/results/nature_mainline/operating_tradeoffs_v1/inputs/temporal/w2_chronological_g10/986206/H8P16/hourly_seed_986206,7bf96701e9683e8819255f20783f990dd08d0b8394a107d42ce148fc39253f40,/home/user/projects/AIDRBench/results/nature_mainline/operating_tradeoffs_v1/runs/temporal/w2_chronological_g10/H8P16/repeated_f0.5_986206.json,2
temporal,w2_chronological_g10,986207,H8P16,0.5,repeated,2.949121593122471,193.4389798490304,10,True,True,True,0.0,0.0,False,False,False,False,False,False,True,True,0,0.0,32.0,94.37189097991909,91.28850233221544,3.0833886477036287,-5.115907697472721e-13,18085.26933472848,269.3204137725455,0.0,0.0,319.97584056570724,0,0,/home/user/projects/AIDRBench/results/nature_mainline/operating_tradeoffs_v1/runs/temporal/w2_chronological_g10/H8P16/repeated_f0.5_986207.parquet,e66e8a0caa78b6b1ba57ae39067b25a12227c16b25968f79791fedb17e0df526,/home/user/projects/AIDRBench/results/nature_mainline/operating_tradeoffs_v1/inputs/temporal/w2_chronological_g10/986207/H8P16/hourly_seed_986207,5b4bfdff19252f74c3e0f121133dcf57e3d73a35059c5e12178b823a06f89382,/home/user/projects/AIDRBench/results/nature_mainline/operating_tradeoffs_v1/runs/temporal/w2_chronological_g10/H8P16/repeated_f0.5_986207.json,2
temporal,w2_chronological_g10,986208,H8P16,0.5,repeated,2.949121593122471,193.4389798490304,5,True,True,True,0.0,0.0,False,False,False,False,False,False,True,True,0,0.0,32.0,94.37189097991909,91.27998031145673,3.0919106684623614,2.3088739453669407e-07,15166.676805764764,269.5011822859585,0.0,0.0,279.6424164924159,3,3,/home/user/projects/AIDRBench/results/nature_mainline/operating_tradeoffs_v1/runs/temporal/w2_chronological_g10/H8P16/repeated_f0.5_986208.parquet,3c4a98324e98229936962472b314b6e92b6dd31436c1ea8d9641bf134eb2528f,/home/user/projects/AIDRBench/results/nature_mainline/operating_tradeoffs_v1/inputs/temporal/w2_chronological_g10/986208/H8P16/hourly_seed_986208,81a11194b0b5b75a3afdd3166f9722bd1bdadbdd623b23ef7e188b5a9d551e83,/home/user/projects/AIDRBench/results/nature_mainline/operating_tradeoffs_v1/runs/temporal/w2_chronological_g10/H8P16/repeated_f0.5_986208.json,2
temporal,w2_chronological_g10,986209,H8P16,0.5,repeated,2.949121593122471,193.4389798490304,21,True,True,True,0.0,0.0,False,False,False,False,False,False,True,True,0,0.0,32.0,94.37189097991909,91.47755489472983,2.894336085189224,4.1283601603936404e-07,15551.070495651864,269.7924300528996,0.0,0.0,276.3539688395109,3,3,/home/user/projects/AIDRBench/results/nature_mainline/operating_tradeoffs_v1/runs/temporal/w2_chronological_g10/H8P16/repeated_f0.5_986209.parquet,b25e7903d149ffa5e368ee5c602e39bb61a6765b58f1c1c94093c1f39fc79c50,/home/user/projects/AIDRBench/results/nature_mainline/operating_tradeoffs_v1/inputs/temporal/w2_chronological_g10/986209/H8P16/hourly_seed_986209,75a20580390cef3a0b804660fcf10a1adc4da2dc154090e5b1454b3b7acad986,/home/user/projects/AIDRBench/results/nature_mainline/operating_tradeoffs_v1/runs/temporal/w2_chronological_g10/H8P16/repeated_f0.5_986209.json,2
temporal,w2_chronological_g10,986200,H8P16,0.75,repeated,4.423682389683707,193.4389798490304,7,True,True,True,0.0,0.0,False,False,False,False,False,False,True,True,0,0.0,32.0,141.55783646987862,135.76032043360954,5.797516036269087,2.4836649836227025,27332.087009757764,400.2972376770089,0.0,0.0,469.13565132798095,5,5,/home/user/projects/AIDRBench/results/nature_mainline/operating_tradeoffs_v1/runs/temporal/w2_chronological_g10/H8P16/repeated_f0.75_986200.parquet,c7b96d99060124e128baa80f8a5fcaf4e5518fd17f4e603efe358b2f8883858c,/home/user/projects/AIDRBench/results/nature_mainline/operating_tradeoffs_v1/inputs/temporal/w2_chronological_g10/986200/H8P16/hourly_seed_986200,3bebb96c289a63ab96f543931cf057213502f809833778a7526001165badc100,/home/user/projects/AIDRBench/results/nature_mainline/operating_tradeoffs_v1/runs/temporal/w2_chronological_g10/H8P16/repeated_f0.75_986200.json,2
temporal,w2_chronological_g10,986201,H8P16,0.75,repeated,4.423682389683707,193.4389798490304,7,True,True,True,0.0,0.0,False,False,False,False,False,False,True,True,0,0.0,32.0,141.55783646987862,135.93984764475127,5.617988825127355,2.483664983623555,28655.839811251903,400.255433065326,0.0,0.0,478.1498202687185,4,4,/home/user/projects/AIDRBench/results/nature_mainline/operating_tradeoffs_v1/runs/temporal/w2_chronological_g10/H8P16/repeated_f0.75_986201.parquet,5e112940e24aead1dcfc53bbead9cb2f8b7ad82a3629c432d5ee2c14e4e5b61a,/home/user/projects/AIDRBench/results/nature_mainline/operating_tradeoffs_v1/inputs/temporal/w2_chronological_g10/986201/H8P16/hourly_seed_986201,b7908eae7992925bcf9b18252d2c357a18552749d3f5e69c352691bd3611313a,/home/user/projects/AIDRBench/results/nature_mainline/operating_tradeoffs_v1/runs/temporal/w2_chronological_g10/H8P16/repeated_f0.75_986201.json,2
temporal,w2_chronological_g10,986202,H8P16,0.75,repeated,4.423682389683707,193.4389798490304,22,True,True,True,7.771561172376097e-16,1.2355580313225124e-19,False,False,False,False,False,False,True,True,0,0.0,32.0,141.55783646987862,136.0439144859568,5.5139219839218185,6.702009613945847e-08,22573.745979895888,400.8036347822463,7.771561172376097e-16,0.0,415.2454323167844,2,2,/home/user/projects/AIDRBench/results/nature_mainline/operating_tradeoffs_v1/runs/temporal/w2_chronological_g10/H8P16/repeated_f0.75_986202.parquet,d8b2b1be75783e170f5909f9f7b2d171e6e52f1890dbe199642b129d82a93d0a,/home/user/projects/AIDRBench/results/nature_mainline/operating_tradeoffs_v1/inputs/temporal/w2_chronological_g10/986202/H8P16/hourly_seed_986202,55c89afd2238c7d54752702d63fa90ff4c4edafd3019b523b3f89568b413e869,/home/user/projects/AIDRBench/results/nature_mainline/operating_tradeoffs_v1/runs/temporal/w2_chronological_g10/H8P16/repeated_f0.75_986202.json,2
temporal,w2_chronological_g10,986203,H8P16,0.75,repeated,4.423682389683707,193.4389798490304,2,True,True,True,0.0,0.0,False,False,False,False,False,False,True,True,0,0.0,32.0,141.55783646987862,135.92250130068444,5.635335169194178,4.0114372268362796e-07,23760.377510920967,400.3013581107418,0.0,0.0,411.11108905093295,0,0,/home/user/projects/AIDRBench/results/nature_mainline/operating_tradeoffs_v1/runs/temporal/w2_chronological_g10/H8P16/repeated_f0.75_986203.parquet,47452fb72b6f2f77a5143f969c52f141a4718c80db41b59c1a46e0ab360e16fc,/home/user/projects/AIDRBench/results/nature_mainline/operating_tradeoffs_v1/inputs/temporal/w2_chronological_g10/986203/H8P16/hourly_seed_986203,3c257b43b4b0586b67a915b32cfef1ee1415146755ff86d8b34ce8e386d334df,/home/user/projects/AIDRBench/results/nature_mainline/operating_tradeoffs_v1/runs/temporal/w2_chronological_g10/H8P16/repeated_f0.75_986203.json,2
temporal,w2_chronological_g10,986204,H8P16,0.75,repeated,4.423682389683707,193.4389798490304,23,True,True,True,0.0,0.0,False,False,False,False,False,False,True,True,0,0.0,32.0,141.55783646987862,136.55121389731033,5.00662257256829,-2.842170943040401e-13,21315.4902707265,401.6807325191248,0.0,0.0,403.9220851253999,2,2,/home/user/projects/AIDRBench/results/nature_mainline/operating_tradeoffs_v1/runs/temporal/w2_chronological_g10/H8P16/repeated_f0.75_986204.parquet,f667261d56d183ac7fd4ab1f9777e3b547d8a88526ea3d322d69dfccf7f4ad5d,/home/user/projects/AIDRBench/results/nature_mainline/operating_tradeoffs_v1/inputs/temporal/w2_chronological_g10/986204/H8P16/hourly_seed_986204,3dbb863d4e88eca2d2144779762245b2b7a3616f7fa5af475472ecfd85494e5d,/home/user/projects/AIDRBench/results/nature_mainline/operating_tradeoffs_v1/runs/temporal/w2_chronological_g10/H8P16/repeated_f0.75_986204.json,2
temporal,w2_chronological_g10,986205,H8P16,0.75,repeated,4.423682389683707,193.4389798490304,8,True,True,True,0.0,0.0,False,False,False,False,False,False,True,True,0,0.0,32.0,141.55783646987862,135.84150424946955,5.716332220409072,1.398333893121162e-07,28810.99573947775,400.2566427006208,0.0,0.0,490.6941339354165,7,7,/home/user/projects/AIDRBench/results/nature_mainline/operating_tradeoffs_v1/runs/temporal/w2_chronological_g10/H8P16/repeated_f0.75_986205.parquet,a5c1b75c26db38c3c0d2bd6fcb7f3a3ecc2a4ea12c4f4208783e41c064df9753,/home/user/projects/AIDRBench/results/nature_mainline/operating_tradeoffs_v1/inputs/temporal/w2_chronological_g10/986205/H8P16/hourly_seed_986205,d04397e62f24a1a1b52bd1c995a9396fd4a578525c9e00386dfb1a8e17fd6af2,/home/user/projects/AIDRBench/results/nature_mainline/operating_tradeoffs_v1/runs/temporal/w2_chronological_g10/H8P16/repeated_f0.75_986205.json,2
temporal,w2_chronological_g10,986206,H8P16,0.75,repeated,4.423682389683707,193.4389798490304,12,True,True,True,2.753353101070388e-14,4.377405596685473e-18,False,False,False,False,False,False,True,True,0,0.0,32.0,141.55783646987862,136.10774518889724,5.450091280981383,1.1368683772161605e-13,25127.099867973662,400.5141434861355,2.753353101070388e-14,0.0,433.9817256155292,0,0,/home/user/projects/AIDRBench/results/nature_mainline/operating_tradeoffs_v1/runs/temporal/w2_chronological_g10/H8P16/repeated_f0.75_986206.parquet,45dc8272f2bd8963b55e09909117540314327095bc3fd6dfb7dde9f9d0270f13,/home/user/projects/AIDRBench/results/nature_mainline/operating_tradeoffs_v1/inputs/temporal/w2_chronological_g10/986206/H8P16/hourly_seed_986206,7bf96701e9683e8819255f20783f990dd08d0b8394a107d42ce148fc39253f40,/home/user/projects/AIDRBench/results/nature_mainline/operating_tradeoffs_v1/runs/temporal/w2_chronological_g10/H8P16/repeated_f0.75_986206.json,2
temporal,w2_chronological_g10,986207,H8P16,0.75,repeated,4.423682389683707,193.4389798490304,10,True,True,True,1.4432899320127037e-15,2.2946077724560954e-19,False,False,False,False,False,False,True,True,0,0.0,32.0,141.55783646987862,135.80739419394527,5.750442275933352,-1.7053025658242404e-13,28117.04020334196,400.14139640011615,1.4432899320127037e-15,0.0,472.0044055478235,1,1,/home/user/projects/AIDRBench/results/nature_mainline/operating_tradeoffs_v1/runs/temporal/w2_chronological_g10/H8P16/repeated_f0.75_986207.parquet,75be0043b2528120a32b16c9a1bf67facfb584a4ea25f3563c205cfb5f796432,/home/user/projects/AIDRBench/results/nature_mainline/operating_tradeoffs_v1/inputs/temporal/w2_chronological_g10/986207/H8P16/hourly_seed_986207,5b4bfdff19252f74c3e0f121133dcf57e3d73a35059c5e12178b823a06f89382,/home/user/projects/AIDRBench/results/nature_mainline/operating_tradeoffs_v1/runs/temporal/w2_chronological_g10/H8P16/repeated_f0.75_986207.json,2
temporal,w2_chronological_g10,986208,H8P16,0.75,repeated,4.423682389683707,193.4389798490304,5,True,True,True,0.0,0.0,False,False,False,False,False,False,True,True,0,0.0,32.0,141.55783646987862,135.9456300446902,5.612206425188418,2.3088756506695066e-07,23523.36275872576,400.32217350218593,0.0,0.0,412.7720853223786,2,2,/home/user/projects/AIDRBench/results/nature_mainline/operating_tradeoffs_v1/runs/temporal/w2_chronological_g10/H8P16/repeated_f0.75_986208.parquet,a0418a5d126c4f3ef47f3bc650c467c59d14ae0b36f43f1119a657084f1b3490,/home/user/projects/AIDRBench/results/nature_mainline/operating_tradeoffs_v1/inputs/temporal/w2_chronological_g10/986208/H8P16/hourly_seed_986208,81a11194b0b5b75a3afdd3166f9722bd1bdadbdd623b23ef7e188b5a9d551e83,/home/user/projects/AIDRBench/results/nature_mainline/operating_tradeoffs_v1/runs/temporal/w2_chronological_g10/H8P16/repeated_f0.75_986208.json,2
temporal,w2_chronological_g10,986209,H8P16,0.75,repeated,4.423682389683707,193.4389798490304,21,True,True,True,3.774758283725532e-15,6.001281866423634e-19,False,False,False,False,False,False,True,True,0,0.0,32.0,141.55783646987862,136.06358007266255,5.494256397216077,4.1283675500380923e-07,23295.208826687835,400.3666763979875,3.774758283725532e-15,0.0,406.08578268566686,3,3,/home/user/projects/AIDRBench/results/nature_mainline/operating_tradeoffs_v1/runs/temporal/w2_chronological_g10/H8P16/repeated_f0.75_986209.parquet,2be332274865d465d94e71c57152641e2246a06c0e63de82cac70b64f46b52b1,/home/user/projects/AIDRBench/results/nature_mainline/operating_tradeoffs_v1/inputs/temporal/w2_chronological_g10/986209/H8P16/hourly_seed_986209,75a20580390cef3a0b804660fcf10a1adc4da2dc154090e5b1454b3b7acad986,/home/user/projects/AIDRBench/results/nature_mainline/operating_tradeoffs_v1/runs/temporal/w2_chronological_g10/H8P16/repeated_f0.75_986209.json,2
temporal,w3_chronological_g10,986300,H8P16,0.5,repeated,2.949121593122471,193.4389798490304,21,True,True,True,0.0,0.0,False,False,False,False,False,False,True,True,0,0.0,32.0,94.37189097991909,91.675817732667,2.6960732472520874,6.090414217396757e-08,15337.025586868956,271.2011991514031,0.0,0.0,270.06651009994465,0,0,/home/user/projects/AIDRBench/results/nature_mainline/operating_tradeoffs_v1/runs/temporal/w3_chronological_g10/H8P16/repeated_f0.5_986300.parquet,04b0871abd9685d3b01619f007a5df8981d62e30beb96413e1a84e31d73a3e38,/home/user/projects/AIDRBench/results/nature_mainline/operating_tradeoffs_v1/inputs/temporal/w3_chronological_g10/986300/H8P16/hourly_seed_986300,3b3eaff040cff5bb60cb725c9ed6fc464ac10b2d1ff9d9d3d3b2bba9105a88b9,/home/user/projects/AIDRBench/results/nature_mainline/operating_tradeoffs_v1/runs/temporal/w3_chronological_g10/H8P16/repeated_f0.5_986300.json,3
temporal,w3_chronological_g10,986301,H8P16,0.5,repeated,2.949121593122471,193.4389798490304,7,True,True,True,0.0,0.0,False,False,False,False,False,False,True,True,0,0.0,32.0,94.37189097991909,91.56453385357996,2.807357126339099,3.553824135905188,20984.39324040607,270.9780350046258,0.0,0.0,331.8104764684944,3,3,/home/user/projects/AIDRBench/results/nature_mainline/operating_tradeoffs_v1/runs/temporal/w3_chronological_g10/H8P16/repeated_f0.5_986301.parquet,677f2780758ea7d009ecfd8378895ef77597bf359749f129fbba9dc4830fb5af,/home/user/projects/AIDRBench/results/nature_mainline/operating_tradeoffs_v1/inputs/temporal/w3_chronological_g10/986301/H8P16/hourly_seed_986301,75efe9c46ad76df0cd2f0489ec8a77fc15f8034b5fdf8b33fe7dd67fb0d3f1ea,/home/user/projects/AIDRBench/results/nature_mainline/operating_tradeoffs_v1/runs/temporal/w3_chronological_g10/H8P16/repeated_f0.5_986301.json,3
temporal,w3_chronological_g10,986302,H8P16,0.5,repeated,2.949121593122471,193.4389798490304,4,True,True,True,1.4765966227514582e-14,2.3475602595127738e-18,False,False,False,False,False,False,True,True,0,0.0,32.0,94.37189097991909,91.8513799203622,2.520511059556867,2.842170943040401e-13,17568.139304154458,270.9076367716142,1.4765966227514582e-14,0.0,279.061254832084,1,1,/home/user/projects/AIDRBench/results/nature_mainline/operating_tradeoffs_v1/runs/temporal/w3_chronological_g10/H8P16/repeated_f0.5_986302.parquet,5eeed258e18098bf68d920fec6dfc4b77c96a4ec4071751d9d914b24a2a0b458,/home/user/projects/AIDRBench/results/nature_mainline/operating_tradeoffs_v1/inputs/temporal/w3_chronological_g10/986302/H8P16/hourly_seed_986302,e20a30fc060257c630db092e32c0d562cefb8c5db8c57c6ecd1d2cdeb823c4f3,/home/user/projects/AIDRBench/results/nature_mainline/operating_tradeoffs_v1/runs/temporal/w3_chronological_g10/H8P16/repeated_f0.5_986302.json,3
temporal,w3_chronological_g10,986303,H8P16,0.5,repeated,2.949121593122471,193.4389798490304,21,True,True,True,0.0,0.0,False,False,False,False,False,False,True,True,0,0.0,32.0,94.37189097991909,91.8359408720038,2.5359501079152835,6.090380111345439e-08,16089.574208460306,270.9201013816658,0.0,0.0,292.4792675272381,2,2,/home/user/projects/AIDRBench/results/nature_mainline/operating_tradeoffs_v1/runs/temporal/w3_chronological_g10/H8P16/repeated_f0.5_986303.parquet,b2fff600421268fab6ed94514e1f9d070fbadd6a10affb2ea690abf5920136a2,/home/user/projects/AIDRBench/results/nature_mainline/operating_tradeoffs_v1/inputs/temporal/w3_chronological_g10/986303/H8P16/hourly_seed_986303,00c4ed81655d78dfade056ae25479ec213f1039523f1e3c2bd9198fd6a6a9949,/home/user/projects/AIDRBench/results/nature_mainline/operating_tradeoffs_v1/runs/temporal/w3_chronological_g10/H8P16/repeated_f0.5_986303.json,3
temporal,w3_chronological_g10,986304,H8P16,0.5,repeated,2.949121593122471,193.4389798490304,15,True,True,True,0.0,0.0,False,False,False,False,False,False,True,True,0,0.0,32.0,94.37189097991909,91.27064053693942,3.101250442979648,9.69242250903335e-08,18061.76576092089,269.82051189851364,0.0,0.0,306.72692050813976,5,5,/home/user/projects/AIDRBench/results/nature_mainline/operating_tradeoffs_v1/runs/temporal/w3_chronological_g10/H8P16/repeated_f0.5_986304.parquet,2c72980324e69203ac97890c2d48305ccdb30c5076054dd8bfb9a72a4e1bcf08,/home/user/projects/AIDRBench/results/nature_mainline/operating_tradeoffs_v1/inputs/temporal/w3_chronological_g10/986304/H8P16/hourly_seed_986304,299dbe82f91c8d244c8da4180910034892d522fbc41d7bee9116090342970f9f,/home/user/projects/AIDRBench/results/nature_mainline/operating_tradeoffs_v1/runs/temporal/w3_chronological_g10/H8P16/repeated_f0.5_986304.json,3
temporal,w3_chronological_g10,986305,H8P16,0.5,repeated,2.949121593122471,193.4389798490304,2,True,True,True,0.0,0.0,False,False,False,False,False,False,True,True,0,0.0,32.0,94.37189097991909,91.5744566709705,2.797434308948567,0.6916431507116272,19343.17761380551,270.269025683666,0.0,0.0,295.4624898886957,3,3,/home/user/projects/AIDRBench/results/nature_mainline/operating_tradeoffs_v1/runs/temporal/w3_chronological_g10/H8P16/repeated_f0.5_986305.parquet,e8bdb58ec659c2ced02a179450ebb52025cbe61f88af9be8e78f00ff9dcd63b8,/home/user/projects/AIDRBench/results/nature_mainline/operating_tradeoffs_v1/inputs/temporal/w3_chronological_g10/986305/H8P16/hourly_seed_986305,0cc1a0fac542d7d9e9fadbe20cdd81f103a5109882c2bdff461ec5361f66758d,/home/user/projects/AIDRBench/results/nature_mainline/operating_tradeoffs_v1/runs/temporal/w3_chronological_g10/H8P16/repeated_f0.5_986305.json,3
temporal,w3_chronological_g10,986306,H8P16,0.5,repeated,2.949121593122471,193.4389798490304,4,True,True,True,0.0,0.0,False,False,False,False,False,False,True,True,0,0.0,32.0,94.37189097991909,91.77239449885631,2.599496481062744,-9.663381206337365e-13,16694.680254763196,270.7541498045274,0.0,0.0,261.3221903102331,1,1,/home/user/projects/AIDRBench/results/nature_mainline/operating_tradeoffs_v1/runs/temporal/w3_chronological_g10/H8P16/repeated_f0.5_986306.parquet,544989c66fd061c55f9a17de7cd19a6ad775661d480b7bfb4ea0115093b3ffb1,/home/user/projects/AIDRBench/results/nature_mainline/operating_tradeoffs_v1/inputs/temporal/w3_chronological_g10/986306/H8P16/hourly_seed_986306,8ef1678ca230b7c4d027ba6b6090accdaf7bdfff6f575108bc3272d00c8cba6f,/home/user/projects/AIDRBench/results/nature_mainline/operating_tradeoffs_v1/runs/temporal/w3_chronological_g10/H8P16/repeated_f0.5_986306.json,3
temporal,w3_chronological_g10,986307,H8P16,0.5,repeated,2.949121593122471,193.4389798490304,3,True,True,True,0.0,0.0,False,False,False,False,False,False,True,True,0,0.0,32.0,94.37189097991909,91.4854347642884,2.886456215630659,2.357149355702859e-07,18127.174459501293,270.71089806089816,0.0,0.0,284.1828010237492,1,1,/home/user/projects/AIDRBench/results/nature_mainline/operating_tradeoffs_v1/runs/temporal/w3_chronological_g10/H8P16/repeated_f0.5_986307.parquet,905070366f28f0fa7abd2d5a41410e7ac5b91ce09d2b6e787391e0f0814390bd,/home/user/projects/AIDRBench/results/nature_mainline/operating_tradeoffs_v1/inputs/temporal/w3_chronological_g10/986307/H8P16/hourly_seed_986307,d3a3be4c00ae322286ad0f56021232dfae4caae8152a29abcbae7a9ae545b6f9,/home/user/projects/AIDRBench/results/nature_mainline/operating_tradeoffs_v1/runs/temporal/w3_chronological_g10/H8P16/repeated_f0.5_986307.json,3
temporal,w3_chronological_g10,986308,H8P16,0.5,repeated,2.949121593122471,193.4389798490304,9,True,True,True,1.554312234475219e-14,2.471116062645025e-18,False,False,False,False,False,False,True,True,0,0.0,32.0,94.37189097991909,91.3749547958256,2.996936184093471,5.684341886080801e-13,20226.424706895403,271.8257898527995,1.554312234475219e-14,0.0,331.4611942463784,2,2,/home/user/projects/AIDRBench/results/nature_mainline/operating_tradeoffs_v1/runs/temporal/w3_chronological_g10/H8P16/repeated_f0.5_986308.parquet,84ceaa4b1e6933ba7292b5ff06ac22ea16af7effc15e35a5eddf69263ba7c875,/home/user/projects/AIDRBench/results/nature_mainline/operating_tradeoffs_v1/inputs/temporal/w3_chronological_g10/986308/H8P16/hourly_seed_986308,d34d51a94ecdb30a3fbec5fbc381034f759a38e74439754d38587bfa29a9d837,/home/user/projects/AIDRBench/results/nature_mainline/operating_tradeoffs_v1/runs/temporal/w3_chronological_g10/H8P16/repeated_f0.5_986308.json,3
temporal,w3_chronological_g10,986309,H8P16,0.5,repeated,2.949121593122471,193.4389798490304,19,True,True,True,0.0,0.0,False,False,False,False,False,False,True,True,0,0.0,32.0,94.37189097991909,91.4901163251701,2.881774654748966,1.9809374407486763e-07,16462.76443286702,270.83630500121023,0.0,0.0,285.23456291639286,1,1,/home/user/projects/AIDRBench/results/nature_mainline/operating_tradeoffs_v1/runs/temporal/w3_chronological_g10/H8P16/repeated_f0.5_986309.parquet,cce37a72f69c14f83e00f51ec5ba6bce873e123e357fd06e2582a44888ca81b1,/home/user/projects/AIDRBench/results/nature_mainline/operating_tradeoffs_v1/inputs/temporal/w3_chronological_g10/986309/H8P16/hourly_seed_986309,be6e8b68715ef617135cd999bd97b23849061f10101607da83eeba24bddf85cf,/home/user/projects/AIDRBench/results/nature_mainline/operating_tradeoffs_v1/runs/temporal/w3_chronological_g10/H8P16/repeated_f0.5_986309.json,3
temporal,w3_chronological_g10,986300,H8P16,0.75,repeated,4.423682389683707,193.4389798490304,21,True,True,True,0.0,0.0,False,False,False,False,False,False,True,True,0,0.0,32.0,141.55783646987862,136.89831128326213,4.659525186616492,6.090380111345439e-08,22831.91591358529,403.50258294475714,0.0,0.0,395.32820863287577,0,0,/home/user/projects/AIDRBench/results/nature_mainline/operating_tradeoffs_v1/runs/temporal/w3_chronological_g10/H8P16/repeated_f0.75_986300.parquet,5bbe742ec4e1ceca46b6caf9ab37b933c8b0449f7e98ecd212d46e46d0b2c7b1,/home/user/projects/AIDRBench/results/nature_mainline/operating_tradeoffs_v1/inputs/temporal/w3_chronological_g10/986300/H8P16/hourly_seed_986300,3b3eaff040cff5bb60cb725c9ed6fc464ac10b2d1ff9d9d3d3b2bba9105a88b9,/home/user/projects/AIDRBench/results/nature_mainline/operating_tradeoffs_v1/runs/temporal/w3_chronological_g10/H8P16/repeated_f0.75_986300.json,3
temporal,w3_chronological_g10,986301,H8P16,0.75,repeated,4.423682389683707,193.4389798490304,7,True,True,True,1.8651746813702633e-14,2.96533927517403e-18,False,False,False,False,False,False,True,True,0,0.0,32.0,141.55783646987862,136.74952743055584,4.808309039322779,3.553824135904904,31713.2358767247,403.2794216608654,1.8651746813702633e-14,0.0,485.3194506648837,3,3,/home/user/projects/AIDRBench/results/nature_mainline/operating_tradeoffs_v1/runs/temporal/w3_chronological_g10/H8P16/repeated_f0.75_986301.parquet,064d446746cdf52721308ab9bb3c65d2e1c4430ee8edf75c6ef9ef0b3db14bfa,/home/user/projects/AIDRBench/results/nature_mainline/operating_tradeoffs_v1/inputs/temporal/w3_chronological_g10/986301/H8P16/hourly_seed_986301,75efe9c46ad76df0cd2f0489ec8a77fc15f8034b5fdf8b33fe7dd67fb0d3f1ea,/home/user/projects/AIDRBench/results/nature_mainline/operating_tradeoffs_v1/runs/temporal/w3_chronological_g10/H8P16/repeated_f0.75_986301.json,3
temporal,w3_chronological_g10,986302,H8P16,0.75,repeated,4.423682389683707,193.4389798490304,4,True,True,True,0.0,0.0,False,False,False,False,False,False,True,True,0,0.0,32.0,141.55783646987862,136.8366849630324,4.721151506846212,-1.7053025658242404e-13,26913.729117180752,402.9622964362451,0.0,0.0,411.2769871383259,1,1,/home/user/projects/AIDRBench/results/nature_mainline/operating_tradeoffs_v1/runs/temporal/w3_chronological_g10/H8P16/repeated_f0.75_986302.parquet,3225a9b5ffe6c1e97f4b9012280ead0f5bc7b100702fa220a49fcabae45aab74,/home/user/projects/AIDRBench/results/nature_mainline/operating_tradeoffs_v1/inputs/temporal/w3_chronological_g10/986302/H8P16/hourly_seed_986302,e20a30fc060257c630db092e32c0d562cefb8c5db8c57c6ecd1d2cdeb823c4f3,/home/user/projects/AIDRBench/results/nature_mainline/operating_tradeoffs_v1/runs/temporal/w3_chronological_g10/H8P16/repeated_f0.75_986302.json,3
temporal,w3_chronological_g10,986303,H8P16,0.75,repeated,4.423682389683707,193.4389798490304,21,True,True,True,0.0,0.0,False,False,False,False,False,False,True,True,0,0.0,32.0,141.55783646987862,136.9004957838333,4.65734068604533,6.09035168963601e-08,24066.005905806906,403.20114032161865,0.0,0.0,428.2936889425671,1,1,/home/user/projects/AIDRBench/results/nature_mainline/operating_tradeoffs_v1/runs/temporal/w3_chronological_g10/H8P16/repeated_f0.75_986303.parquet,290b2c8b97e99d02869444d0f9dd50b6f5e2d3880cf1d2bae0b194b6757a2908,/home/user/projects/AIDRBench/results/nature_mainline/operating_tradeoffs_v1/inputs/temporal/w3_chronological_g10/986303/H8P16/hourly_seed_986303,00c4ed81655d78dfade056ae25479ec213f1039523f1e3c2bd9198fd6a6a9949,/home/user/projects/AIDRBench/results/nature_mainline/operating_tradeoffs_v1/runs/temporal/w3_chronological_g10/H8P16/repeated_f0.75_986303.json,3
temporal,w3_chronological_g10,986304,H8P16,0.75,repeated,4.423682389683707,193.4389798490304,15,False,False,False,0.0,0.0,True,True,False,False,False,False,True,True,1,0.3981154282945969,32.0,141.55783646987862,135.64418608299945,5.913650386879198,9.692416824691465e-08,27582.360024667112,399.9753090427478,0.0,0.0,454.10666790633735,5,5,/home/user/projects/AIDRBench/results/nature_mainline/operating_tradeoffs_v1/runs/temporal/w3_chronological_g10/H8P16/repeated_f0.75_986304.parquet,198bc86cc2a68b395b6279df5eff3f49261be22304aab2cadaa6233bdce51ef2,/home/user/projects/AIDRBench/results/nature_mainline/operating_tradeoffs_v1/inputs/temporal/w3_chronological_g10/986304/H8P16/hourly_seed_986304,299dbe82f91c8d244c8da4180910034892d522fbc41d7bee9116090342970f9f,/home/user/projects/AIDRBench/results/nature_mainline/operating_tradeoffs_v1/runs/temporal/w3_chronological_g10/H8P16/repeated_f0.75_986304.json,3
temporal,w3_chronological_g10,986305,H8P16,0.75,repeated,4.423682389683707,193.4389798490304,2,True,True,True,0.0,0.0,False,False,False,False,False,False,True,True,0,0.0,32.0,141.55783646987862,136.34249834008128,5.215338129797345,0.691643150711343,29473.719530228034,401.8302159163005,0.0,0.0,434.5402988201656,3,3,/home/user/projects/AIDRBench/results/nature_mainline/operating_tradeoffs_v1/runs/temporal/w3_chronological_g10/H8P16/repeated_f0.75_986305.parquet,2b67589a8f6294bf6ab6efaf87c52c527af1e966cc3cbe1201d088c49aba309b,/home/user/projects/AIDRBench/results/nature_mainline/operating_tradeoffs_v1/inputs/temporal/w3_chronological_g10/986305/H8P16/hourly_seed_986305,0cc1a0fac542d7d9e9fadbe20cdd81f103a5109882c2bdff461ec5361f66758d,/home/user/projects/AIDRBench/results/nature_mainline/operating_tradeoffs_v1/runs/temporal/w3_chronological_g10/H8P16/repeated_f0.75_986305.json,3
temporal,w3_chronological_g10,986306,H8P16,0.75,repeated,4.423682389683707,193.4389798490304,4,True,True,True,0.0,0.0,False,False,False,False,False,False,True,True,0,0.0,32.0,141.55783646987862,136.6967045386474,4.861131931231228,-1.7053025658242404e-13,25861.177017177983,402.8088129262277,0.0,0.0,388.4715248375485,1,1,/home/user/projects/AIDRBench/results/nature_mainline/operating_tradeoffs_v1/runs/temporal/w3_chronological_g10/H8P16/repeated_f0.75_986306.parquet,115f25b4f49c4155d024b850ab407c167d38713ec0b8ffc7bcd979ae97c54347,/home/user/projects/AIDRBench/results/nature_mainline/operating_tradeoffs_v1/inputs/temporal/w3_chronological_g10/986306/H8P16/hourly_seed_986306,8ef1678ca230b7c4d027ba6b6090accdaf7bdfff6f575108bc3272d00c8cba6f,/home/user/projects/AIDRBench/results/nature_mainline/operating_tradeoffs_v1/runs/temporal/w3_chronological_g10/H8P16/repeated_f0.75_986306.json,3
temporal,w3_chronological_g10,986307,H8P16,0.75,repeated,4.423682389683707,193.4389798490304,3,True,True,True,1.8429702208777602e-14,2.930037617136244e-18,False,False,False,False,False,False,True,True,0,0.0,32.0,141.55783646987862,136.55024659800765,5.007589871870977,2.357152197873802e-07,27795.260869622325,402.51882408986506,1.8429702208777602e-14,0.0,420.3396244204319,1,1,/home/user/projects/AIDRBench/results/nature_mainline/operating_tradeoffs_v1/runs/temporal/w3_chronological_g10/H8P16/repeated_f0.75_986307.parquet,3598a064e91f6428de91ae921d339cf9d955bc3c20dbb809b1a4322592e99a71,/home/user/projects/AIDRBench/results/nature_mainline/operating_tradeoffs_v1/inputs/temporal/w3_chronological_g10/986307/H8P16/hourly_seed_986307,d3a3be4c00ae322286ad0f56021232dfae4caae8152a29abcbae7a9ae545b6f9,/home/user/projects/AIDRBench/results/nature_mainline/operating_tradeoffs_v1/runs/temporal/w3_chronological_g10/H8P16/repeated_f0.75_986307.json,3
temporal,w3_chronological_g10,986308,H8P16,0.75,repeated,4.423682389683707,193.4389798490304,9,False,False,False,0.0,0.0,True,True,False,False,False,False,True,True,1,0.3981154282945969,32.0,141.55783646987862,136.15652023841383,5.40131623146479,-2.273736754432321e-13,31181.78888297624,402.72077780290095,0.0,0.0,491.4175558575479,3,3,/home/user/projects/AIDRBench/results/nature_mainline/operating_tradeoffs_v1/runs/temporal/w3_chronological_g10/H8P16/repeated_f0.75_986308.parquet,184736bbba668fd2f1ae87eabd7b9dc3c71933713a6de7c4bbfab5f0da25a13c,/home/user/projects/AIDRBench/results/nature_mainline/operating_tradeoffs_v1/inputs/temporal/w3_chronological_g10/986308/H8P16/hourly_seed_986308,d34d51a94ecdb30a3fbec5fbc381034f759a38e74439754d38587bfa29a9d837,/home/user/projects/AIDRBench/results/nature_mainline/operating_tradeoffs_v1/runs/temporal/w3_chronological_g10/H8P16/repeated_f0.75_986308.json,3
temporal,w3_chronological_g10,986309,H8P16,0.75,repeated,4.423682389683707,193.4389798490304,19,True,True,True,0.0,0.0,False,False,False,False,False,False,True,True,0,0.0,32.0,141.55783646987862,136.45054314458986,5.107293325288765,1.980936872314487e-07,24539.42331090774,402.6296110836973,0.0,0.0,418.6270384319969,1,1,/home/user/projects/AIDRBench/results/nature_mainline/operating_tradeoffs_v1/runs/temporal/w3_chronological_g10/H8P16/repeated_f0.75_986309.parquet,45f8c9fc498b567bba11c66a2559de5462e15c8cfc073265bc47df6fb855ab75,/home/user/projects/AIDRBench/results/nature_mainline/operating_tradeoffs_v1/inputs/temporal/w3_chronological_g10/986309/H8P16/hourly_seed_986309,be6e8b68715ef617135cd999bd97b23849061f10101607da83eeba24bddf85cf,/home/user/projects/AIDRBench/results/nature_mainline/operating_tradeoffs_v1/runs/temporal/w3_chronological_g10/H8P16/repeated_f0.75_986309.json,3
temporal,w4_chronological_g10,986400,H8P16,0.5,repeated,2.949121593122471,193.4389798490304,19,True,True,True,3.397282455352979e-14,5.401153679781268e-18,False,False,False,False,False,False,True,True,0,0.0,32.0,94.37189097991909,91.411031119518,2.9608598604010865,0.5093111813322935,15495.657593269834,269.7484297217843,3.397282455352979e-14,0.0,275.9281669887061,0,0,/home/user/projects/AIDRBench/results/nature_mainline/operating_tradeoffs_v1/runs/temporal/w4_chronological_g10/H8P16/repeated_f0.5_986400.parquet,d9f3c26939a077ad11e578c0029b7c918100c8c120ec87eea2a7af37f3b699b2,/home/user/projects/AIDRBench/results/nature_mainline/operating_tradeoffs_v1/inputs/temporal/w4_chronological_g10/986400/H8P16/hourly_seed_986400,b230cdf4ca8aefb712dd4aeb2d2414b1f749ba09be06ff43b6078052ef222ece,/home/user/projects/AIDRBench/results/nature_mainline/operating_tradeoffs_v1/runs/temporal/w4_chronological_g10/H8P16/repeated_f0.5_986400.json,4
temporal,w4_chronological_g10,986401,H8P16,0.5,repeated,2.949121593122471,193.4389798490304,11,True,True,True,0.0,0.0,False,False,False,False,False,False,True,True,0,0.0,32.0,94.37189097991909,91.26845038041438,3.103440599504694,0.0,17078.22964873606,268.74878713588686,0.0,0.0,305.9128044860358,1,1,/home/user/projects/AIDRBench/results/nature_mainline/operating_tradeoffs_v1/runs/temporal/w4_chronological_g10/H8P16/repeated_f0.5_986401.parquet,fc10579fed5fb288afafd565b6c9a1e51d02d1c762a831656ffc3ba19248dce3,/home/user/projects/AIDRBench/results/nature_mainline/operating_tradeoffs_v1/inputs/temporal/w4_chronological_g10/986401/H8P16/hourly_seed_986401,f03c2e6676f41e7728cb5ef4bb9b254420d3b4c582ee9e8bfc901d0d56892ed0,/home/user/projects/AIDRBench/results/nature_mainline/operating_tradeoffs_v1/runs/temporal/w4_chronological_g10/H8P16/repeated_f0.5_986401.json,4
temporal,w4_chronological_g10,986402,H8P16,0.5,repeated,2.949121593122471,193.4389798490304,18,True,True,True,0.0,0.0,False,False,False,False,False,False,True,True,0,0.0,32.0,94.37189097991909,91.49213958318438,2.87975139673469,3.534921688697068e-08,15466.90414021846,269.61864303874944,0.0,0.0,276.355496225452,0,0,/home/user/projects/AIDRBench/results/nature_mainline/operating_tradeoffs_v1/runs/temporal/w4_chronological_g10/H8P16/repeated_f0.5_986402.parquet,6571ef33010c1c7bf1e79a66f52309e2ee593f655143cc4b69421a5737e88636,/home/user/projects/AIDRBench/results/nature_mainline/operating_tradeoffs_v1/inputs/temporal/w4_chronological_g10/986402/H8P16/hourly_seed_986402,8c6dd6072ee71367a1aafad01354da9fdb29714ce53e382bb2889d8a02ab6305,/home/user/projects/AIDRBench/results/nature_mainline/operating_tradeoffs_v1/runs/temporal/w4_chronological_g10/H8P16/repeated_f0.5_986402.json,4
temporal,w4_chronological_g10,986403,H8P16,0.5,repeated,2.949121593122471,193.4389798490304,11,True,True,True,0.0,0.0,False,False,False,False,False,False,True,True,0,0.0,32.0,94.37189097991909,91.30216492698936,3.069726052929724,-1.1368683772161605e-13,16604.522173669873,268.7487871358869,0.0,0.0,300.17335021662655,0,0,/home/user/projects/AIDRBench/results/nature_mainline/operating_tradeoffs_v1/runs/temporal/w4_chronological_g10/H8P16/repeated_f0.5_986403.parquet,62d100cb7582029c5e7b9095b76840889950bb03ed730526ea684a4dbc0d32cf,/home/user/projects/AIDRBench/results/nature_mainline/operating_tradeoffs_v1/inputs/temporal/w4_chronological_g10/986403/H8P16/hourly_seed_986403,526116a0103de4a5a598b7db5ac081eac36e7ec4806c77cee559954e9611b74c,/home/user/projects/AIDRBench/results/nature_mainline/operating_tradeoffs_v1/runs/temporal/w4_chronological_g10/H8P16/repeated_f0.5_986403.json,4
temporal,w4_chronological_g10,986404,H8P16,0.5,repeated,2.949121593122471,193.4389798490304,9,True,True,True,0.0,0.0,False,False,False,False,False,False,True,True,0,0.0,32.0,94.37189097991909,91.14107059622135,3.2308203836977043,0.2528817332058679,19048.45459740372,269.3011118056771,0.0,0.0,334.9972348703378,1,1,/home/user/projects/AIDRBench/results/nature_mainline/operating_tradeoffs_v1/runs/temporal/w4_chronological_g10/H8P16/repeated_f0.5_986404.parquet,4e758cfa832b023d7c00465538ea64bc8408860bedb5112cc17bb2bef32e9f13,/home/user/projects/AIDRBench/results/nature_mainline/operating_tradeoffs_v1/inputs/temporal/w4_chronological_g10/986404/H8P16/hourly_seed_986404,055c46887bc4181a974ccbedb118b3e74e403e69f1986bbd92d864255dc5cb0a,/home/user/projects/AIDRBench/results/nature_mainline/operating_tradeoffs_v1/runs/temporal/w4_chronological_g10/H8P16/repeated_f0.5_986404.json,4
temporal,w4_chronological_g10,986405,H8P16,0.5,repeated,2.949121593122471,193.4389798490304,9,True,True,True,0.0,0.0,False,False,False,False,False,False,True,True,0,0.0,32.0,94.37189097991909,91.26320637774104,3.1086846021780445,0.263917535663154,19243.47244196149,269.32779692435247,0.0,0.0,339.64799400653794,2,2,/home/user/projects/AIDRBench/results/nature_mainline/operating_tradeoffs_v1/runs/temporal/w4_chronological_g10/H8P16/repeated_f0.5_986405.parquet,22282bb53a0acf40bd3a0ca51705654ea868ddd981cb88b5580b53d22f581be1,/home/user/projects/AIDRBench/results/nature_mainline/operating_tradeoffs_v1/inputs/temporal/w4_chronological_g10/986405/H8P16/hourly_seed_986405,20545eb8c3f20f22d3d573eca418467992df94206a1609548340c1a04c6914f9,/home/user/projects/AIDRBench/results/nature_mainline/operating_tradeoffs_v1/runs/temporal/w4_chronological_g10/H8P16/repeated_f0.5_986405.json,4
temporal,w4_chronological_g10,986406,H8P16,0.5,repeated,2.949121593122471,193.4389798490304,8,True,True,True,0.0,0.0,False,False,False,False,False,False,True,True,0,0.0,32.0,94.37189097991909,91.2103232117982,3.161567768120875,9.600364592188273e-08,18616.320766825163,269.72492528886767,0.0,0.0,330.96229644551227,1,1,/home/user/projects/AIDRBench/results/nature_mainline/operating_tradeoffs_v1/runs/temporal/w4_chronological_g10/H8P16/repeated_f0.5_986406.parquet,e5e9df9c2ff6b2c1146b3636e23180dc37bd7df715537d171aa96ab71a9d515f,/home/user/projects/AIDRBench/results/nature_mainline/operating_tradeoffs_v1/inputs/temporal/w4_chronological_g10/986406/H8P16/hourly_seed_986406,41d52328f4df5c1e6c43f8015c5c7aeef7294518250a72e0536efe42d8a8c047,/home/user/projects/AIDRBench/results/nature_mainline/operating_tradeoffs_v1/runs/temporal/w4_chronological_g10/H8P16/repeated_f0.5_986406.json,4
temporal,w4_chronological_g10,986407,H8P16,0.5,repeated,2.949121593122471,193.4389798490304,4,True,True,True,0.0,0.0,False,False,False,False,False,False,True,True,0,0.0,32.0,94.37189097991909,91.30941985594312,3.0624711239759392,-1.1368683772161605e-13,15187.827673029486,269.6119753632543,0.0,0.0,276.8379400023455,0,0,/home/user/projects/AIDRBench/results/nature_mainline/operating_tradeoffs_v1/runs/temporal/w4_chronological_g10/H8P16/repeated_f0.5_986407.parquet,2dec1c87af4a5dde314e2d8838b16a8f774073867ef5936ad32a00608a31a8dc,/home/user/projects/AIDRBench/results/nature_mainline/operating_tradeoffs_v1/inputs/temporal/w4_chronological_g10/986407/H8P16/hourly_seed_986407,ef63604ae5a4a1bba073ac9a8a2de553fe8a056d5ad8cc36a7f4c0aab1c88383,/home/user/projects/AIDRBench/results/nature_mainline/operating_tradeoffs_v1/runs/temporal/w4_chronological_g10/H8P16/repeated_f0.5_986407.json,4
temporal,w4_chronological_g10,986408,H8P16,0.5,repeated,2.949121593122471,193.4389798490304,17,True,True,True,0.0,0.0,False,False,False,False,False,False,True,True,0,0.0,32.0,94.37189097991909,91.11318783536365,3.258703144555426,1.2905206858704332e-07,17076.287272379122,269.0566110251424,0.0,0.0,302.9988621207232,5,5,/home/user/projects/AIDRBench/results/nature_mainline/operating_tradeoffs_v1/runs/temporal/w4_chronological_g10/H8P16/repeated_f0.5_986408.parquet,e94a430192c6ff378ffdcefafedb0f8fd3aa7d88f5d40c3f40f03a7486d31082,/home/user/projects/AIDRBench/results/nature_mainline/operating_tradeoffs_v1/inputs/temporal/w4_chronological_g10/986408/H8P16/hourly_seed_986408,159698b9cc63442aa38b84c4a05a2c3cfbdb420e234fceabe1ff948c10ab3650,/home/user/projects/AIDRBench/results/nature_mainline/operating_tradeoffs_v1/runs/temporal/w4_chronological_g10/H8P16/repeated_f0.5_986408.json,4
temporal,w4_chronological_g10,986409,H8P16,0.5,repeated,2.949121593122471,193.4389798490304,3,True,True,True,0.0,0.0,False,False,False,False,False,False,True,True,0,0.0,32.0,94.37189097991909,91.36334886675984,3.0085421131592227,4.2671558730944525e-08,14488.103215468936,269.3607916957852,0.0,0.0,269.908846011066,0,0,/home/user/projects/AIDRBench/results/nature_mainline/operating_tradeoffs_v1/runs/temporal/w4_chronological_g10/H8P16/repeated_f0.5_986409.parquet,32949ae34b63db604e936d4a71214eaef8ff251e6bc63823445141668c013be9,/home/user/projects/AIDRBench/results/nature_mainline/operating_tradeoffs_v1/inputs/temporal/w4_chronological_g10/986409/H8P16/hourly_seed_986409,a5b1ca177086178b1d01423bb74d756ba0bba409c28e2556f66f7200d6fece52,/home/user/projects/AIDRBench/results/nature_mainline/operating_tradeoffs_v1/runs/temporal/w4_chronological_g10/H8P16/repeated_f0.5_986409.json,4
temporal,w4_chronological_g10,986400,H8P16,0.75,repeated,4.423682389683707,193.4389798490304,19,True,True,True,0.0,0.0,False,False,False,False,False,False,True,True,0,0.0,32.0,141.55783646987862,136.21351522823986,5.344321241638767,0.5093111813325777,22916.89690568303,400.8161470653532,0.0,0.0,402.6521233054156,0,0,/home/user/projects/AIDRBench/results/nature_mainline/operating_tradeoffs_v1/runs/temporal/w4_chronological_g10/H8P16/repeated_f0.75_986400.parquet,d58620b4a6d3b7684c205438a12701503e43ea3eb2bca355a666b3426caa4b40,/home/user/projects/AIDRBench/results/nature_mainline/operating_tradeoffs_v1/inputs/temporal/w4_chronological_g10/986400/H8P16/hourly_seed_986400,b230cdf4ca8aefb712dd4aeb2d2414b1f749ba09be06ff43b6078052ef222ece,/home/user/projects/AIDRBench/results/nature_mainline/operating_tradeoffs_v1/runs/temporal/w4_chronological_g10/H8P16/repeated_f0.75_986400.json,4
temporal,w4_chronological_g10,986401,H8P16,0.75,repeated,4.423682389683707,193.4389798490304,11,True,True,True,1.5543122344752194e-15,2.4711160626450254e-19,False,False,False,False,False,False,True,True,0,0.0,32.0,141.55783646987862,135.6704135209299,5.887422948948711,-5.684341886080803e-14,26433.78163598721,399.4600136439082,1.5543122344752194e-15,0.0,453.4290285574192,1,1,/home/user/projects/AIDRBench/results/nature_mainline/operating_tradeoffs_v1/runs/temporal/w4_chronological_g10/H8P16/repeated_f0.75_986401.parquet,803ee440a52fc16359fdd354c2430a94fc24641f3469abc6824e2d451d544802,/home/user/projects/AIDRBench/results/nature_mainline/operating_tradeoffs_v1/inputs/temporal/w4_chronological_g10/986401/H8P16/hourly_seed_986401,f03c2e6676f41e7728cb5ef4bb9b254420d3b4c582ee9e8bfc901d0d56892ed0,/home/user/projects/AIDRBench/results/nature_mainline/operating_tradeoffs_v1/runs/temporal/w4_chronological_g10/H8P16/repeated_f0.75_986401.json,4
temporal,w4_chronological_g10,986402,H8P16,0.75,repeated,4.423682389683707,193.4389798490304,18,True,True,True,5.773159728050814e-15,9.178431089824381e-19,False,False,False,False,False,False,True,True,0,0.0,32.0,141.55783646987862,136.0846984008762,5.473138069002431,3.5349103200132965e-08,23003.10681462792,400.6863629751204,5.773159728050814e-15,0.0,403.0014342399593,0,0,/home/user/projects/AIDRBench/results/nature_mainline/operating_tradeoffs_v1/runs/temporal/w4_chronological_g10/H8P16/repeated_f0.75_986402.parquet,87978a80e727b1e26905eed8460cd15f4a0731b85f140b42846cf3e783bdb140,/home/user/projects/AIDRBench/results/nature_mainline/operating_tradeoffs_v1/inputs/temporal/w4_chronological_g10/986402/H8P16/hourly_seed_986402,8c6dd6072ee71367a1aafad01354da9fdb29714ce53e382bb2889d8a02ab6305,/home/user/projects/AIDRBench/results/nature_mainline/operating_tradeoffs_v1/runs/temporal/w4_chronological_g10/H8P16/repeated_f0.75_986402.json,4
temporal,w4_chronological_g10,986403,H8P16,0.75,repeated,4.423682389683707,193.4389798490304,11,True,True,True,0.0,0.0,False,False,False,False,False,False,True,True,0,0.0,32.0,141.55783646987862,135.7000415750078,5.857794894870835,-5.684341886080801e-13,25673.41271133286,399.4600136439082,0.0,0.0,444.52185641396,1,1,/home/user/projects/AIDRBench/results/nature_mainline/operating_tradeoffs_v1/runs/temporal/w4_chronological_g10/H8P16/repeated_f0.75_986403.parquet,1a057e92e05133e161c245aec152b8b5c214f264f28af230ddc273b3de7a675b,/home/user/projects/AIDRBench/results/nature_mainline/operating_tradeoffs_v1/inputs/temporal/w4_chronological_g10/986403/H8P16/hourly_seed_986403,526116a0103de4a5a598b7db5ac081eac36e7ec4806c77cee559954e9611b74c,/home/user/projects/AIDRBench/results/nature_mainline/operating_tradeoffs_v1/runs/temporal/w4_chronological_g10/H8P16/repeated_f0.75_986403.json,4
temporal,w4_chronological_g10,986404,H8P16,0.75,repeated,4.423682389683707,193.4389798490304,9,True,True,True,0.0,0.0,False,False,False,False,False,False,True,True,0,0.0,32.0,141.55783646987862,135.88514785213738,5.672688617741244,0.2528817332052426,29490.23027389656,400.01233744943113,0.0,0.0,495.29169577791606,2,2,/home/user/projects/AIDRBench/results/nature_mainline/operating_tradeoffs_v1/runs/temporal/w4_chronological_g10/H8P16/repeated_f0.75_986404.parquet,fce159f2e47cecd43349111d6793fb371777a6e9b2d99092be8098bbb37a7714,/home/user/projects/AIDRBench/results/nature_mainline/operating_tradeoffs_v1/inputs/temporal/w4_chronological_g10/986404/H8P16/hourly_seed_986404,055c46887bc4181a974ccbedb118b3e74e403e69f1986bbd92d864255dc5cb0a,/home/user/projects/AIDRBench/results/nature_mainline/operating_tradeoffs_v1/runs/temporal/w4_chronological_g10/H8P16/repeated_f0.75_986404.json,4
temporal,w4_chronological_g10,986405,H8P16,0.75,repeated,4.423682389683707,193.4389798490304,9,True,True,True,0.0,0.0,False,False,False,False,False,False,True,True,0,0.0,32.0,141.55783646987862,135.96054755306594,5.597288916812687,0.2639175356628698,29802.30990200652,400.0390260251759,0.0,0.0,502.0900624790424,5,5,/home/user/projects/AIDRBench/results/nature_mainline/operating_tradeoffs_v1/runs/temporal/w4_chronological_g10/H8P16/repeated_f0.75_986405.parquet,8a63976ea599a0fde9473bfb39c738b74985a1cdb61cb60ff73cd6e7c39adc34,/home/user/projects/AIDRBench/results/nature_mainline/operating_tradeoffs_v1/inputs/temporal/w4_chronological_g10/986405/H8P16/hourly_seed_986405,20545eb8c3f20f22d3d573eca418467992df94206a1609548340c1a04c6914f9,/home/user/projects/AIDRBench/results/nature_mainline/operating_tradeoffs_v1/runs/temporal/w4_chronological_g10/H8P16/repeated_f0.75_986405.json,4
temporal,w4_chronological_g10,986406,H8P16,0.75,repeated,4.423682389683707,193.4389798490304,8,True,True,True,0.0,0.0,False,False,False,False,False,False,True,True,0,0.0,32.0,141.55783646987862,135.9773231566625,5.58051331321613,9.600358907846385e-08,28982.56505022217,400.68288327188463,0.0,0.0,489.46326215996686,4,4,/home/user/projects/AIDRBench/results/nature_mainline/operating_tradeoffs_v1/runs/temporal/w4_chronological_g10/H8P16/repeated_f0.75_986406.parquet,43c28cddfe3a6ce540fd1a5f6966314e232582356e480a9a847c7f57206e9476,/home/user/projects/AIDRBench/results/nature_mainline/operating_tradeoffs_v1/inputs/temporal/w4_chronological_g10/986406/H8P16/hourly_seed_986406,41d52328f4df5c1e6c43f8015c5c7aeef7294518250a72e0536efe42d8a8c047,/home/user/projects/AIDRBench/results/nature_mainline/operating_tradeoffs_v1/runs/temporal/w4_chronological_g10/H8P16/repeated_f0.75_986406.json,4
temporal,w4_chronological_g10,986407,H8P16,0.75,repeated,4.423682389683707,193.4389798490304,4,True,True,True,0.0,0.0,False,False,False,False,False,False,True,True,0,0.0,32.0,141.55783646987862,136.2596518705064,5.2981845993722345,0.0,23425.310462370697,400.6796983245609,0.0,0.0,407.15401137855,1,1,/home/user/projects/AIDRBench/results/nature_mainline/operating_tradeoffs_v1/runs/temporal/w4_chronological_g10/H8P16/repeated_f0.75_986407.parquet,6a66d1a35bfe795b4194397766620470d6d760983ab8421128bb5783bf61a0da,/home/user/projects/AIDRBench/results/nature_mainline/operating_tradeoffs_v1/inputs/temporal/w4_chronological_g10/986407/H8P16/hourly_seed_986407,ef63604ae5a4a1bba073ac9a8a2de553fe8a056d5ad8cc36a7f4c0aab1c88383,/home/user/projects/AIDRBench/results/nature_mainline/operating_tradeoffs_v1/runs/temporal/w4_chronological_g10/H8P16/repeated_f0.75_986407.json,4
temporal,w4_chronological_g10,986408,H8P16,0.75,repeated,4.423682389683707,193.4389798490304,17,True,True,True,0.0,0.0,False,False,False,False,False,False,True,True,0,0.0,32.0,141.55783646987862,135.6977679325519,5.860068537326725,1.2905263702123193e-07,25752.08193390388,400.1243305293797,0.0,0.0,445.7767248930688,6,6,/home/user/projects/AIDRBench/results/nature_mainline/operating_tradeoffs_v1/runs/temporal/w4_chronological_g10/H8P16/repeated_f0.75_986408.parquet,4b976f3904c8976a603ec3abac40945d61acb8c9d374ed217700e94edcdd7205,/home/user/projects/AIDRBench/results/nature_mainline/operating_tradeoffs_v1/inputs/temporal/w4_chronological_g10/986408/H8P16/hourly_seed_986408,159698b9cc63442aa38b84c4a05a2c3cfbdb420e234fceabe1ff948c10ab3650,/home/user/projects/AIDRBench/results/nature_mainline/operating_tradeoffs_v1/runs/temporal/w4_chronological_g10/H8P16/repeated_f0.75_986408.json,4
temporal,w4_chronological_g10,986409,H8P16,0.75,repeated,4.423682389683707,193.4389798490304,3,True,True,True,0.0,0.0,False,False,False,False,False,False,True,True,0,0.0,32.0,141.55783646987862,136.23772029499298,5.320116174885641,4.2671672417782254e-08,22138.14535129576,400.3941915757176,0.0,0.0,398.6335734628672,1,1,/home/user/projects/AIDRBench/results/nature_mainline/operating_tradeoffs_v1/runs/temporal/w4_chronological_g10/H8P16/repeated_f0.75_986409.parquet,008f5711a8aa9d6be73bcec761c9f0636a05e346627dfc1f1bb3b49e07340816,/home/user/projects/AIDRBench/results/nature_mainline/operating_tradeoffs_v1/inputs/temporal/w4_chronological_g10/986409/H8P16/hourly_seed_986409,a5b1ca177086178b1d01423bb74d756ba0bba409c28e2556f66f7200d6fece52,/home/user/projects/AIDRBench/results/nature_mainline/operating_tradeoffs_v1/runs/temporal/w4_chronological_g10/H8P16/repeated_f0.75_986409.json,4
temporal,w5_chronological_g10,986500,H8P16,0.5,repeated,2.949121593122471,193.4389798490304,3,True,True,True,0.0,0.0,False,False,False,False,False,False,True,True,0,0.0,32.0,94.37189097991909,91.49009229127633,2.8817986886427605,-8.526512829121202e-13,15418.65798729656,269.9925010961309,0.0,0.0,264.08553111496855,0,0,/home/user/projects/AIDRBench/results/nature_mainline/operating_tradeoffs_v1/runs/temporal/w5_chronological_g10/H8P16/repeated_f0.5_986500.parquet,5069a9b8919609264c60c904bf3d54ac41bab730682d2bbb4db4535da7a1ee50,/home/user/projects/AIDRBench/results/nature_mainline/operating_tradeoffs_v1/inputs/temporal/w5_chronological_g10/986500/H8P16/hourly_seed_986500,14ec64de1ff754c9572ca9f8b91030c51f66e2bccdd5e7f21b5b60efb93be9a0,/home/user/projects/AIDRBench/results/nature_mainline/operating_tradeoffs_v1/runs/temporal/w5_chronological_g10/H8P16/repeated_f0.5_986500.json,5
temporal,w5_chronological_g10,986501,H8P16,0.5,repeated,2.949121593122471,193.4389798490304,17,True,True,True,0.0,0.0,False,False,False,False,False,False,True,True,0,0.0,32.0,94.37189097991909,91.52543861686472,2.84645236305434,7.958078640513122e-13,16373.553104923134,270.2793314559232,0.0,0.0,281.6821671889375,1,1,/home/user/projects/AIDRBench/results/nature_mainline/operating_tradeoffs_v1/runs/temporal/w5_chronological_g10/H8P16/repeated_f0.5_986501.parquet,62b4f59d60ade50cdd1534eb6438c7357987a1501df17944e630bd40a8ffa786,/home/user/projects/AIDRBench/results/nature_mainline/operating_tradeoffs_v1/inputs/temporal/w5_chronological_g10/986501/H8P16/hourly_seed_986501,0b5307b541305a813850bf91ed76c80e133f60383f93bde0c5d4014eea880840,/home/user/projects/AIDRBench/results/nature_mainline/operating_tradeoffs_v1/runs/temporal/w5_chronological_g10/H8P16/repeated_f0.5_986501.json,5
temporal,w5_chronological_g10,986502,H8P16,0.5,repeated,2.949121593122471,193.4389798490304,17,True,True,True,3.1641356201816957e-15,5.030486270384515e-19,False,False,False,False,False,False,True,True,0,0.0,32.0,94.37189097991909,91.52019161612104,2.8516993637980192,0.0,16401.33157041732,270.44367362091646,3.1641356201816957e-15,0.0,283.6972363951319,0,0,/home/user/projects/AIDRBench/results/nature_mainline/operating_tradeoffs_v1/runs/temporal/w5_chronological_g10/H8P16/repeated_f0.5_986502.parquet,6da0dff5925e938ed76f291bdfc2e4f21e477e5e00e0c38745c2c3f5a1434d86,/home/user/projects/AIDRBench/results/nature_mainline/operating_tradeoffs_v1/inputs/temporal/w5_chronological_g10/986502/H8P16/hourly_seed_986502,1d988f07ec93cea6bc7f83a9235f1bcafbd82a02f5511484862e5e219550d038,/home/user/projects/AIDRBench/results/nature_mainline/operating_tradeoffs_v1/runs/temporal/w5_chronological_g10/H8P16/repeated_f0.5_986502.json,5
temporal,w5_chronological_g10,986503,H8P16,0.5,repeated,2.949121593122471,193.4389798490304,9,True,True,True,1.2989609388114332e-14,2.0651469952104854e-18,False,False,False,False,False,False,True,True,0,0.0,32.0,94.37189097991909,91.33978025339876,3.032110726520301,3.979039320256561e-13,19078.22637084606,269.2188103234608,1.2989609388114332e-14,0.0,320.1533584331645,0,0,/home/user/projects/AIDRBench/results/nature_mainline/operating_tradeoffs_v1/runs/temporal/w5_chronological_g10/H8P16/repeated_f0.5_986503.parquet,55b9d0b9d446343eb3d58ec2da8705e15410c85373d1aa47751e3f8ed0d67fc9,/home/user/projects/AIDRBench/results/nature_mainline/operating_tradeoffs_v1/inputs/temporal/w5_chronological_g10/986503/H8P16/hourly_seed_986503,04b22d7b140be037a0d56fb2fbc4eeb5015b3162cebf26c5069d0d45704ab080,/home/user/projects/AIDRBench/results/nature_mainline/operating_tradeoffs_v1/runs/temporal/w5_chronological_g10/H8P16/repeated_f0.5_986503.json,5
temporal,w5_chronological_g10,986504,H8P16,0.5,repeated,2.949121593122471,193.4389798490304,20,True,True,True,8.881784197001252e-16,1.4120663215114432e-19,False,False,False,False,False,False,True,True,0,0.0,32.0,94.37189097991909,91.91270346965234,2.45918751026673,-1.1368683772161605e-13,14737.494554144312,271.6655010144848,8.881784197001252e-16,0.0,265.07636514949274,1,1,/home/user/projects/AIDRBench/results/nature_mainline/operating_tradeoffs_v1/runs/temporal/w5_chronological_g10/H8P16/repeated_f0.5_986504.parquet,c59d2697c93385ab3e4bce1704cea0fcd08e65a31fefa0d27125f2c63786fec0,/home/user/projects/AIDRBench/results/nature_mainline/operating_tradeoffs_v1/inputs/temporal/w5_chronological_g10/986504/H8P16/hourly_seed_986504,06c9ac6c136842f135a466ac7235b42d4406b82a01c78e8e045fca0d466dedc0,/home/user/projects/AIDRBench/results/nature_mainline/operating_tradeoffs_v1/runs/temporal/w5_chronological_g10/H8P16/repeated_f0.5_986504.json,5
temporal,w5_chronological_g10,986505,H8P16,0.5,repeated,2.949121593122471,193.4389798490304,22,True,True,True,0.0,0.0,False,False,False,False,False,False,True,True,0,0.0,32.0,94.37189097991909,91.87834350204469,2.4935474778743867,-5.684341886080801e-13,15282.443893572135,271.4793457088306,0.0,0.0,284.8100328268831,3,3,/home/user/projects/AIDRBench/results/nature_mainline/operating_tradeoffs_v1/runs/temporal/w5_chronological_g10/H8P16/repeated_f0.5_986505.parquet,b0c64fd3cb4310c4637701cba15c57134fb394cacae014cd4c4651811af1dd1c,/home/user/projects/AIDRBench/results/nature_mainline/operating_tradeoffs_v1/inputs/temporal/w5_chronological_g10/986505/H8P16/hourly_seed_986505,c59ae13a6c98ae809e45af4714c4dd954ec6cd84ef0cd1033f604c4ef7547494,/home/user/projects/AIDRBench/results/nature_mainline/operating_tradeoffs_v1/runs/temporal/w5_chronological_g10/H8P16/repeated_f0.5_986505.json,5
temporal,w5_chronological_g10,986506,H8P16,0.5,repeated,2.949121593122471,193.4389798490304,12,True,True,True,1.5543122344752194e-15,2.4711160626450254e-19,False,False,False,False,False,False,True,True,0,0.0,32.0,94.37189097991909,91.16963511025756,3.202255869661513,-6.821210263296962e-13,16933.591516562345,268.71384859767034,1.5543122344752194e-15,0.0,294.42141463653104,1,1,/home/user/projects/AIDRBench/results/nature_mainline/operating_tradeoffs_v1/runs/temporal/w5_chronological_g10/H8P16/repeated_f0.5_986506.parquet,8fb5553d53a4e349aadd0355a4fbe2587d00fbc4e77b3f498bb1975e5847f5e3,/home/user/projects/AIDRBench/results/nature_mainline/operating_tradeoffs_v1/inputs/temporal/w5_chronological_g10/986506/H8P16/hourly_seed_986506,000617ae1b1192deb37cfbc52a20dbc58dd4255afa560839717ff6577739bf7e,/home/user/projects/AIDRBench/results/nature_mainline/operating_tradeoffs_v1/runs/temporal/w5_chronological_g10/H8P16/repeated_f0.5_986506.json,5
temporal,w5_chronological_g10,986507,H8P16,0.5,repeated,2.949121593122471,193.4389798490304,14,True,True,True,0.0,0.0,False,False,False,False,False,False,True,True,0,0.0,32.0,94.37189097991909,91.46232447409903,2.909566505820038,2.842170943040401e-13,16468.055890305688,269.5793495172435,0.0,0.0,288.3480199269065,2,2,/home/user/projects/AIDRBench/results/nature_mainline/operating_tradeoffs_v1/runs/temporal/w5_chronological_g10/H8P16/repeated_f0.5_986507.parquet,117e738f1ac5d90962d6c9b29a3c8e2711ecc7ad8558202a2610f06c2ece5c06,/home/user/projects/AIDRBench/results/nature_mainline/operating_tradeoffs_v1/inputs/temporal/w5_chronological_g10/986507/H8P16/hourly_seed_986507,3938f96f6add78234507e29fbb312f64e6fbf4d42cff0a370f9705c3c5d3a9a8,/home/user/projects/AIDRBench/results/nature_mainline/operating_tradeoffs_v1/runs/temporal/w5_chronological_g10/H8P16/repeated_f0.5_986507.json,5
temporal,w5_chronological_g10,986508,H8P16,0.5,repeated,2.949121593122471,193.4389798490304,23,True,True,True,0.0,0.0,False,False,False,False,False,False,True,True,0,0.0,32.0,94.37189097991909,92.11981811262068,2.2520728672983807,2.842170943040401e-13,14966.670381425294,273.088146193709,0.0,0.0,284.77141882966066,5,5,/home/user/projects/AIDRBench/results/nature_mainline/operating_tradeoffs_v1/runs/temporal/w5_chronological_g10/H8P16/repeated_f0.5_986508.parquet,31c38e39a5568fbbb43e5cd481bf7a24ad85e8333ae4b7f71e0c529281cb9977,/home/user/projects/AIDRBench/results/nature_mainline/operating_tradeoffs_v1/inputs/temporal/w5_chronological_g10/986508/H8P16/hourly_seed_986508,bb213e57912dbe23beba3df5c742e95136df15b0be5ff144b351fa1b0d8ed485,/home/user/projects/AIDRBench/results/nature_mainline/operating_tradeoffs_v1/runs/temporal/w5_chronological_g10/H8P16/repeated_f0.5_986508.json,5
temporal,w5_chronological_g10,986509,H8P16,0.5,repeated,2.949121593122471,193.4389798490304,6,True,True,True,0.0,0.0,False,False,False,False,False,False,True,True,0,0.0,32.0,94.37189097991909,91.40816768150756,2.9637232984115087,1.7053025658242404e-13,16600.493126116762,269.77464485335,0.0,0.0,289.64238346170066,1,1,/home/user/projects/AIDRBench/results/nature_mainline/operating_tradeoffs_v1/runs/temporal/w5_chronological_g10/H8P16/repeated_f0.5_986509.parquet,929a8f7d2ebe10afe4efc9f887ec6c887e03c1ae5df61366dcdd1e77447608b2,/home/user/projects/AIDRBench/results/nature_mainline/operating_tradeoffs_v1/inputs/temporal/w5_chronological_g10/986509/H8P16/hourly_seed_986509,8d469ea68ffcce088009e3d28f0821fff23d779b857e465f3592f3fecfc3ccce,/home/user/projects/AIDRBench/results/nature_mainline/operating_tradeoffs_v1/runs/temporal/w5_chronological_g10/H8P16/repeated_f0.5_986509.json,5
temporal,w5_chronological_g10,986500,H8P16,0.75,repeated,4.423682389683707,193.4389798490304,3,True,True,True,0.0,0.0,False,False,False,False,False,False,True,True,0,0.0,32.0,141.55783646987862,136.12162310993492,5.436213359943707,-6.821210263296962e-13,24190.53280217142,401.06022319317015,0.0,0.0,392.109065070185,0,0,/home/user/projects/AIDRBench/results/nature_mainline/operating_tradeoffs_v1/runs/temporal/w5_chronological_g10/H8P16/repeated_f0.75_986500.parquet,f3a209fda97f163f4c0fc062eeeffd22767dad0963720b1d9f1b92732c2a4fe5,/home/user/projects/AIDRBench/results/nature_mainline/operating_tradeoffs_v1/inputs/temporal/w5_chronological_g10/986500/H8P16/hourly_seed_986500,14ec64de1ff754c9572ca9f8b91030c51f66e2bccdd5e7f21b5b60efb93be9a0,/home/user/projects/AIDRBench/results/nature_mainline/operating_tradeoffs_v1/runs/temporal/w5_chronological_g10/H8P16/repeated_f0.75_986500.json,5
temporal,w5_chronological_g10,986501,H8P16,0.75,repeated,4.423682389683707,193.4389798490304,17,True,True,True,0.0,0.0,False,False,False,False,False,False,True,True,0,0.0,32.0,141.55783646987862,136.442330983686,5.115505486192632,5.115907697472721e-13,24591.101004431323,401.840522390775,0.0,0.0,415.3385029320816,6,6,/home/user/projects/AIDRBench/results/nature_mainline/operating_tradeoffs_v1/runs/temporal/w5_chronological_g10/H8P16/repeated_f0.75_986501.parquet,b6916d67dabc78b2dabcc5fb19dba1164cfcd41bf8d8ed5d1ce536b81bc212d1,/home/user/projects/AIDRBench/results/nature_mainline/operating_tradeoffs_v1/inputs/temporal/w5_chronological_g10/986501/H8P16/hourly_seed_986501,0b5307b541305a813850bf91ed76c80e133f60383f93bde0c5d4014eea880840,/home/user/projects/AIDRBench/results/nature_mainline/operating_tradeoffs_v1/runs/temporal/w5_chronological_g10/H8P16/repeated_f0.75_986501.json,5
temporal,w5_chronological_g10,986502,H8P16,0.75,repeated,4.423682389683707,193.4389798490304,17,True,True,True,0.0,0.0,False,False,False,False,False,False,True,True,0,0.0,32.0,141.55783646987862,136.3334953522052,5.2243411176734185,-3.979039320256561e-13,24679.76663429507,402.0048610986988,0.0,0.0,419.0516085705423,0,0,/home/user/projects/AIDRBench/results/nature_mainline/operating_tradeoffs_v1/runs/temporal/w5_chronological_g10/H8P16/repeated_f0.75_986502.parquet,69078ece9ddc661f1f4296300d226fa2bce973621d2d77cdb0c22d4de2a59425,/home/user/projects/AIDRBench/results/nature_mainline/operating_tradeoffs_v1/inputs/temporal/w5_chronological_g10/986502/H8P16/hourly_seed_986502,1d988f07ec93cea6bc7f83a9235f1bcafbd82a02f5511484862e5e219550d038,/home/user/projects/AIDRBench/results/nature_mainline/operating_tradeoffs_v1/runs/temporal/w5_chronological_g10/H8P16/repeated_f0.75_986502.json,5
temporal,w5_chronological_g10,986503,H8P16,0.75,repeated,4.423682389683707,193.4389798490304,9,False,False,False,3.7858605139717844e-14,6.0189326954425256e-18,False,True,False,False,False,False,True,True,1,0.0600688935932627,32.0,141.55783646987862,135.78563235308107,5.772204116797553,0.0,29408.188869847552,399.86483520625416,3.7858605139717844e-14,0.0,472.8839623814,1,1,/home/user/projects/AIDRBench/results/nature_mainline/operating_tradeoffs_v1/runs/temporal/w5_chronological_g10/H8P16/repeated_f0.75_986503.parquet,a3f774d92a270af6960cd0481371f346c354b121dd72f27a0102a48739ff42ea,/home/user/projects/AIDRBench/results/nature_mainline/operating_tradeoffs_v1/inputs/temporal/w5_chronological_g10/986503/H8P16/hourly_seed_986503,04b22d7b140be037a0d56fb2fbc4eeb5015b3162cebf26c5069d0d45704ab080,/home/user/projects/AIDRBench/results/nature_mainline/operating_tradeoffs_v1/runs/temporal/w5_chronological_g10/H8P16/repeated_f0.75_986503.json,5
temporal,w5_chronological_g10,986504,H8P16,0.75,repeated,4.423682389683707,193.4389798490304,20,True,True,True,0.0,0.0,False,False,False,False,False,False,True,True,0,0.0,32.0,141.55783646987862,136.71481310795826,4.843023361920359,-3.410605131648481e-13,22100.555311170283,403.2266972969908,0.0,0.0,391.0537988756843,1,1,/home/user/projects/AIDRBench/results/nature_mainline/operating_tradeoffs_v1/runs/temporal/w5_chronological_g10/H8P16/repeated_f0.75_986504.parquet,c2ecbb81047f94f16945b094cfc7d6e763cfd96ed2bb39242dd36db293a1cfb1,/home/user/projects/AIDRBench/results/nature_mainline/operating_tradeoffs_v1/inputs/temporal/w5_chronological_g10/986504/H8P16/hourly_seed_986504,06c9ac6c136842f135a466ac7235b42d4406b82a01c78e8e045fca0d466dedc0,/home/user/projects/AIDRBench/results/nature_mainline/operating_tradeoffs_v1/runs/temporal/w5_chronological_g10/H8P16/repeated_f0.75_986504.json,5
temporal,w5_chronological_g10,986505,H8P16,0.75,repeated,4.423682389683707,193.4389798490304,22,True,True,True,2.220446049250313e-15,3.530165803778608e-19,False,False,False,False,False,False,True,True,0,0.0,32.0,141.55783646987862,136.84935776831065,4.708478701567998,-1.7053025658242404e-13,22866.327601946767,403.0539420244529,2.220446049250313e-15,0.0,419.54301465771846,3,3,/home/user/projects/AIDRBench/results/nature_mainline/operating_tradeoffs_v1/runs/temporal/w5_chronological_g10/H8P16/repeated_f0.75_986505.parquet,f52feca867c4133a3be9a2b1c92f09f29a84785975786cb0a1322fbe2254fc98,/home/user/projects/AIDRBench/results/nature_mainline/operating_tradeoffs_v1/inputs/temporal/w5_chronological_g10/986505/H8P16/hourly_seed_986505,c59ae13a6c98ae809e45af4714c4dd954ec6cd84ef0cd1033f604c4ef7547494,/home/user/projects/AIDRBench/results/nature_mainline/operating_tradeoffs_v1/runs/temporal/w5_chronological_g10/H8P16/repeated_f0.75_986505.json,5
temporal,w5_chronological_g10,986506,H8P16,0.75,repeated,4.423682389683707,193.4389798490304,12,False,False,False,1.3130292994856865,0.0002087513512867,False,True,False,False,False,False,True,True,1,0.0600688935932058,32.0,141.55783646987862,136.0543614897167,5.503474980161911,-0.450768024778938,25937.47041568156,399.85333453987016,1.3130292994856865,0.0,433.5542156691606,1,1,/home/user/projects/AIDRBench/results/nature_mainline/operating_tradeoffs_v1/runs/temporal/w5_chronological_g10/H8P16/repeated_f0.75_986506.parquet,53467d514eabd7e6e3b987992f2d3dff70da57adadd0fdf25bd1a47619965edd,/home/user/projects/AIDRBench/results/nature_mainline/operating_tradeoffs_v1/inputs/temporal/w5_chronological_g10/986506/H8P16/hourly_seed_986506,000617ae1b1192deb37cfbc52a20dbc58dd4255afa560839717ff6577739bf7e,/home/user/projects/AIDRBench/results/nature_mainline/operating_tradeoffs_v1/runs/temporal/w5_chronological_g10/H8P16/repeated_f0.75_986506.json,5
temporal,w5_chronological_g10,986507,H8P16,0.75,repeated,4.423682389683707,193.4389798490304,14,False,False,False,1.097349261703853,0.0001744615609902,False,True,False,False,False,False,True,True,1,0.0600688935932627,32.0,141.55783646987862,136.15719011258594,5.400646357292686,-0.3767242356158249,25137.64690219117,400.9655652059042,1.097349261703853,0.0,424.918629492892,2,2,/home/user/projects/AIDRBench/results/nature_mainline/operating_tradeoffs_v1/runs/temporal/w5_chronological_g10/H8P16/repeated_f0.75_986507.parquet,2c0882455e001162e1dee909a0a8d25a42f16574ce44af37e311c1157029a77b,/home/user/projects/AIDRBench/results/nature_mainline/operating_tradeoffs_v1/inputs/temporal/w5_chronological_g10/986507/H8P16/hourly_seed_986507,3938f96f6add78234507e29fbb312f64e6fbf4d42cff0a370f9705c3c5d3a9a8,/home/user/projects/AIDRBench/results/nature_mainline/operating_tradeoffs_v1/runs/temporal/w5_chronological_g10/H8P16/repeated_f0.75_986507.json,5
temporal,w5_chronological_g10,986508,H8P16,0.75,repeated,4.423682389683707,193.4389798490304,23,True,True,True,0.0,0.0,False,False,False,False,False,False,True,True,0,0.0,32.0,141.55783646987862,137.0756743483909,4.4821621214877325,1.7053025658242404e-13,22128.32396849504,403.7579142291208,0.0,0.0,416.3901351291945,4,4,/home/user/projects/AIDRBench/results/nature_mainline/operating_tradeoffs_v1/runs/temporal/w5_chronological_g10/H8P16/repeated_f0.75_986508.parquet,f1abfbe401aaf03ac539721f1fcc9a145a5d4202dc16deca67ff5a12850b4e75,/home/user/projects/AIDRBench/results/nature_mainline/operating_tradeoffs_v1/inputs/temporal/w5_chronological_g10/986508/H8P16/hourly_seed_986508,bb213e57912dbe23beba3df5c742e95136df15b0be5ff144b351fa1b0d8ed485,/home/user/projects/AIDRBench/results/nature_mainline/operating_tradeoffs_v1/runs/temporal/w5_chronological_g10/H8P16/repeated_f0.75_986508.json,5
temporal,w5_chronological_g10,986509,H8P16,0.75,repeated,4.423682389683707,193.4389798490304,6,True,True,True,0.0,0.0,False,False,False,False,False,False,True,True,0,0.0,32.0,141.55783646987862,136.014207088147,5.54362938173162,-2.273736754432321e-13,26064.646904398865,400.5956423895324,0.0,0.0,428.85699597548125,1,1,/home/user/projects/AIDRBench/results/nature_mainline/operating_tradeoffs_v1/runs/temporal/w5_chronological_g10/H8P16/repeated_f0.75_986509.parquet,f8f59cd12100467d13527d6b1b94cf07142974e71126b012009d55d1471d47e4,/home/user/projects/AIDRBench/results/nature_mainline/operating_tradeoffs_v1/inputs/temporal/w5_chronological_g10/986509/H8P16/hourly_seed_986509,8d469ea68ffcce088009e3d28f0821fff23d779b857e465f3592f3fecfc3ccce,/home/user/projects/AIDRBench/results/nature_mainline/operating_tradeoffs_v1/runs/temporal/w5_chronological_g10/H8P16/repeated_f0.75_986509.json,5
temporal,w6_chronological_g10,986600,H8P16,0.5,repeated,2.949121593122471,193.4389798490304,7,True,True,True,0.0,0.0,False,False,False,False,False,False,True,True,0,0.0,32.0,94.37189097991909,91.26784347244592,3.1040475074731546,0.0,16738.857956203145,269.1743281730889,0.0,0.0,306.4985849714549,2,2,/home/user/projects/AIDRBench/results/nature_mainline/operating_tradeoffs_v1/runs/temporal/w6_chronological_g10/H8P16/repeated_f0.5_986600.parquet,5a30bf11bfc926f40b6adb5707bd0f33b394dc3a0ff1cc8c2e1c6b69a23f1c55,/home/user/projects/AIDRBench/results/nature_mainline/operating_tradeoffs_v1/inputs/temporal/w6_chronological_g10/986600/H8P16/hourly_seed_986600,3e71694ec60de23c3e1ba907001dd2ae6fdbe0664ef4a9c226874e331d9c3e3a,/home/user/projects/AIDRBench/results/nature_mainline/operating_tradeoffs_v1/runs/temporal/w6_chronological_g10/H8P16/repeated_f0.5_986600.json,6
temporal,w6_chronological_g10,986601,H8P16,0.5,repeated,2.949121593122471,193.4389798490304,23,True,True,True,0.0,0.0,False,False,False,False,False,False,True,True,0,0.0,32.0,94.37189097991909,91.34152712367364,3.0303638562454296,1.1368683772161605e-13,14480.57069700563,270.2423279562479,0.0,0.0,286.1072992307784,4,4,/home/user/projects/AIDRBench/results/nature_mainline/operating_tradeoffs_v1/runs/temporal/w6_chronological_g10/H8P16/repeated_f0.5_986601.parquet,376e2a1916913d9916dbd4f30b6d3ce4ed2756e8b6b63cc84e0668cf9810fd4c,/home/user/projects/AIDRBench/results/nature_mainline/operating_tradeoffs_v1/inputs/temporal/w6_chronological_g10/986601/H8P16/hourly_seed_986601,9924cdf3c7a5a54840c10525ba9ff7546f0ac88a4e7ba5076496a98775798ee4,/home/user/projects/AIDRBench/results/nature_mainline/operating_tradeoffs_v1/runs/temporal/w6_chronological_g10/H8P16/repeated_f0.5_986601.json,6
temporal,w6_chronological_g10,986602,H8P16,0.5,repeated,2.949121593122471,193.4389798490304,14,True,True,True,3.219646771412954e-15,5.118740415478982e-19,False,False,False,False,False,False,True,True,0,0.0,32.0,94.37189097991909,91.06418725163768,3.307703728281382,-6.252776074688883e-13,16036.318208762785,269.2081569634081,3.219646771412954e-15,0.0,293.01029452695286,3,3,/home/user/projects/AIDRBench/results/nature_mainline/operating_tradeoffs_v1/runs/temporal/w6_chronological_g10/H8P16/repeated_f0.5_986602.parquet,37a78385282e1dae8b046e339f58e39afbaeba262256dd5c6dc8527f9b227821,/home/user/projects/AIDRBench/results/nature_mainline/operating_tradeoffs_v1/inputs/temporal/w6_chronological_g10/986602/H8P16/hourly_seed_986602,643d3dfa9695b15f0e1f7c7be97089975c2988d564cac1be3082761e6988eda3,/home/user/projects/AIDRBench/results/nature_mainline/operating_tradeoffs_v1/runs/temporal/w6_chronological_g10/H8P16/repeated_f0.5_986602.json,6
temporal,w6_chronological_g10,986603,H8P16,0.5,repeated,2.949121593122471,193.4389798490304,2,True,True,True,0.0,0.0,False,False,False,False,False,False,True,True,0,0.0,32.0,94.37189097991909,91.39461520994092,2.9772757699781494,-5.684341886080803e-14,15373.36646192801,269.1402586665364,0.0,0.0,267.0441827039885,0,0,/home/user/projects/AIDRBench/results/nature_mainline/operating_tradeoffs_v1/runs/temporal/w6_chronological_g10/H8P16/repeated_f0.5_986603.parquet,5a08ca03eee53b1b8bffc1413666ed7bdb2ca9c15057fc090e8397560ee77306,/home/user/projects/AIDRBench/results/nature_mainline/operating_tradeoffs_v1/inputs/temporal/w6_chronological_g10/986603/H8P16/hourly_seed_986603,dabf500dbef19b4140bc7d35c12596ebf0717259b6e6bd523ae76475ce65b067,/home/user/projects/AIDRBench/results/nature_mainline/operating_tradeoffs_v1/runs/temporal/w6_chronological_g10/H8P16/repeated_f0.5_986603.json,6
temporal,w6_chronological_g10,986604,H8P16,0.5,repeated,2.949121593122471,193.4389798490304,9,True,True,True,0.0,0.0,False,False,False,False,False,False,True,True,0,0.0,32.0,94.37189097991909,91.33602813574544,3.035862844173636,2.530302367631521e-07,18701.046436512665,269.1601955433826,0.0,0.0,332.3234015443589,6,6,/home/user/projects/AIDRBench/results/nature_mainline/operating_tradeoffs_v1/runs/temporal/w6_chronological_g10/H8P16/repeated_f0.5_986604.parquet,cd5a89d7bd12cfe16ddddf32bec43be8fe5faa4ba31fd4539d703b61c1bae76a,/home/user/projects/AIDRBench/results/nature_mainline/operating_tradeoffs_v1/inputs/temporal/w6_chronological_g10/986604/H8P16/hourly_seed_986604,6c0ec4c3c0459af907e54f6b6f7472fe9e96bb285682c7235d7d665696be10b9,/home/user/projects/AIDRBench/results/nature_mainline/operating_tradeoffs_v1/runs/temporal/w6_chronological_g10/H8P16/repeated_f0.5_986604.json,6
temporal,w6_chronological_g10,986605,H8P16,0.5,repeated,2.949121593122471,193.4389798490304,19,True,True,True,0.0,0.0,False,False,False,False,False,False,True,True,0,0.0,32.0,94.37189097991909,91.60750334272694,2.764387637192129,3.123020889490988,15494.160228212044,270.21501180213704,0.0,0.0,277.6120950375662,1,1,/home/user/projects/AIDRBench/results/nature_mainline/operating_tradeoffs_v1/runs/temporal/w6_chronological_g10/H8P16/repeated_f0.5_986605.parquet,b05b77f93d1d2aaeecf33832913d6c0b67de47cdf05cfc3e5642ceb642ddf843,/home/user/projects/AIDRBench/results/nature_mainline/operating_tradeoffs_v1/inputs/temporal/w6_chronological_g10/986605/H8P16/hourly_seed_986605,d02e3e46535741ec91f7cf1a036c9bc783c15e353f13268f7fed94e348df5b74,/home/user/projects/AIDRBench/results/nature_mainline/operating_tradeoffs_v1/runs/temporal/w6_chronological_g10/H8P16/repeated_f0.5_986605.json,6
temporal,w6_chronological_g10,986606,H8P16,0.5,repeated,2.949121593122471,193.4389798490304,22,True,True,True,1.0547118733938987e-14,1.6768287567948382e-18,False,False,False,False,False,False,True,True,0,0.0,32.0,94.37189097991909,91.64692552227876,2.724965457640309,1.4259603631217033e-07,14155.2000542422,270.61403910170856,1.0547118733938987e-14,0.0,272.04183817264163,2,2,/home/user/projects/AIDRBench/results/nature_mainline/operating_tradeoffs_v1/runs/temporal/w6_chronological_g10/H8P16/repeated_f0.5_986606.parquet,0780c6d5af7a0596c161ce73bc4a08cf02faf6bcdf8cea6e5e1d8747c0267c09,/home/user/projects/AIDRBench/results/nature_mainline/operating_tradeoffs_v1/inputs/temporal/w6_chronological_g10/986606/H8P16/hourly_seed_986606,f4729fac5e29c9d48260b87211f1f1e626076b7c5d2a94493d60eeb3a8461c64,/home/user/projects/AIDRBench/results/nature_mainline/operating_tradeoffs_v1/runs/temporal/w6_chronological_g10/H8P16/repeated_f0.5_986606.json,6
temporal,w6_chronological_g10,986607,H8P16,0.5,repeated,2.949121593122471,193.4389798490304,15,True,True,True,0.0,0.0,False,False,False,False,False,False,True,True,0,0.0,32.0,94.37189097991909,91.40574468418282,2.966146295736252,-5.684341886080803e-14,16490.374642767812,269.4726816111093,0.0,0.0,294.93739257638686,2,2,/home/user/projects/AIDRBench/results/nature_mainline/operating_tradeoffs_v1/runs/temporal/w6_chronological_g10/H8P16/repeated_f0.5_986607.parquet,5bd23707106a344d3dbab0b9eccd19e0af6942658bda963cbfc67cd026880607,/home/user/projects/AIDRBench/results/nature_mainline/operating_tradeoffs_v1/inputs/temporal/w6_chronological_g10/986607/H8P16/hourly_seed_986607,22bef4da01103b9af1cd0ac011fe47cd3abbc574e4d77c30d84527da4de82ee7,/home/user/projects/AIDRBench/results/nature_mainline/operating_tradeoffs_v1/runs/temporal/w6_chronological_g10/H8P16/repeated_f0.5_986607.json,6
temporal,w6_chronological_g10,986608,H8P16,0.5,repeated,2.949121593122471,193.4389798490304,7,True,True,True,0.0,0.0,False,False,False,False,False,False,True,True,0,0.0,32.0,94.37189097991909,91.19059423061287,3.181296749306199,-5.115907697472721e-13,17169.536212798725,269.1173210987329,0.0,0.0,315.8480899968411,1,1,/home/user/projects/AIDRBench/results/nature_mainline/operating_tradeoffs_v1/runs/temporal/w6_chronological_g10/H8P16/repeated_f0.5_986608.parquet,88c69da4bac8124913aab9c72403f3bcc8f762e018989a1a035ffd011ac54991,/home/user/projects/AIDRBench/results/nature_mainline/operating_tradeoffs_v1/inputs/temporal/w6_chronological_g10/986608/H8P16/hourly_seed_986608,09248b64e6afba8c0a61ab71b5c8596f27c6d2a1b44745f195e553400eeb85bc,/home/user/projects/AIDRBench/results/nature_mainline/operating_tradeoffs_v1/runs/temporal/w6_chronological_g10/H8P16/repeated_f0.5_986608.json,6
temporal,w6_chronological_g10,986609,H8P16,0.5,repeated,2.949121593122471,193.4389798490304,0,True,True,True,0.0,0.0,False,False,False,False,False,False,True,True,0,0.0,32.0,94.37189097991909,91.23909254875588,3.132798431163195,5.115907697472721e-13,16536.206763915,269.6267643274223,0.0,0.0,288.8722842894132,6,6,/home/user/projects/AIDRBench/results/nature_mainline/operating_tradeoffs_v1/runs/temporal/w6_chronological_g10/H8P16/repeated_f0.5_986609.parquet,d5857b44a03cc0fb0bd2d05bf08d57454ceaaa72b9388a769ee3ac9903756d6c,/home/user/projects/AIDRBench/results/nature_mainline/operating_tradeoffs_v1/inputs/temporal/w6_chronological_g10/986609/H8P16/hourly_seed_986609,a0ed3c0205a1e68ce2b8eeae46083714bf69433a5c0368db66c53fec7d320dbd,/home/user/projects/AIDRBench/results/nature_mainline/operating_tradeoffs_v1/runs/temporal/w6_chronological_g10/H8P16/repeated_f0.5_986609.json,6
temporal,w6_chronological_g10,986600,H8P16,0.75,repeated,4.423682389683707,193.4389798490304,7,False,False,False,1.1102230246251563e-16,1.765082901889303e-20,True,True,False,False,False,False,True,True,1,0.7591940626378406,32.0,141.55783646987862,134.97197941738003,6.585857052498596,2.273736754432321e-13,25930.665916990096,397.7838746072232,1.1102230246251563e-16,0.0,452.1279002695056,3,3,/home/user/projects/AIDRBench/results/nature_mainline/operating_tradeoffs_v1/runs/temporal/w6_chronological_g10/H8P16/repeated_f0.75_986600.parquet,802f99d535c350d02089bc756323425872538cf66bf9759073d5a5323f7ac10d,/home/user/projects/AIDRBench/results/nature_mainline/operating_tradeoffs_v1/inputs/temporal/w6_chronological_g10/986600/H8P16/hourly_seed_986600,3e71694ec60de23c3e1ba907001dd2ae6fdbe0664ef4a9c226874e331d9c3e3a,/home/user/projects/AIDRBench/results/nature_mainline/operating_tradeoffs_v1/runs/temporal/w6_chronological_g10/H8P16/repeated_f0.75_986600.json,6
temporal,w6_chronological_g10,986601,H8P16,0.75,repeated,4.423682389683707,193.4389798490304,23,True,True,True,0.0,0.0,False,False,False,False,False,False,True,True,0,0.0,32.0,141.55783646987862,136.23711084763383,5.320725622244794,-1.1368683772161605e-13,21772.58067626381,401.0633060464149,0.0,0.0,424.0689535511376,3,3,/home/user/projects/AIDRBench/results/nature_mainline/operating_tradeoffs_v1/runs/temporal/w6_chronological_g10/H8P16/repeated_f0.75_986601.parquet,2903f9a45b693b6ddf74bb89d30794f2d8b3db34bd604c82762e66244395402a,/home/user/projects/AIDRBench/results/nature_mainline/operating_tradeoffs_v1/inputs/temporal/w6_chronological_g10/986601/H8P16/hourly_seed_986601,9924cdf3c7a5a54840c10525ba9ff7546f0ac88a4e7ba5076496a98775798ee4,/home/user/projects/AIDRBench/results/nature_mainline/operating_tradeoffs_v1/runs/temporal/w6_chronological_g10/H8P16/repeated_f0.75_986601.json,6
temporal,w6_chronological_g10,986602,H8P16,0.75,repeated,4.423682389683707,193.4389798490304,14,True,True,True,0.0,0.0,False,False,False,False,False,False,True,True,0,0.0,32.0,141.55783646987862,135.8638981395314,5.693938330347208,2.842170943040401e-13,24739.27572144007,400.275896777928,0.0,0.0,436.24284100546265,3,3,/home/user/projects/AIDRBench/results/nature_mainline/operating_tradeoffs_v1/runs/temporal/w6_chronological_g10/H8P16/repeated_f0.75_986602.parquet,f11d1cb30bb9e82dba0bade9d08316ca85fe169359a239580e7ab2779c1d2336,/home/user/projects/AIDRBench/results/nature_mainline/operating_tradeoffs_v1/inputs/temporal/w6_chronological_g10/986602/H8P16/hourly_seed_986602,643d3dfa9695b15f0e1f7c7be97089975c2988d564cac1be3082761e6988eda3,/home/user/projects/AIDRBench/results/nature_mainline/operating_tradeoffs_v1/runs/temporal/w6_chronological_g10/H8P16/repeated_f0.75_986602.json,6
temporal,w6_chronological_g10,986603,H8P16,0.75,repeated,4.423682389683707,193.4389798490304,2,False,False,False,0.0,0.0,True,True,False,False,False,False,True,True,1,0.7591940626377838,32.0,141.55783646987862,135.1488900964117,6.408946373466932,3.410605131648481e-13,23659.89982542516,397.7498190369817,0.0,0.0,392.7544934313464,0,0,/home/user/projects/AIDRBench/results/nature_mainline/operating_tradeoffs_v1/runs/temporal/w6_chronological_g10/H8P16/repeated_f0.75_986603.parquet,636141f5b0421dd80a789f962095616eedd8f09ecd8ca9cddd070ec300f403e4,/home/user/projects/AIDRBench/results/nature_mainline/operating_tradeoffs_v1/inputs/temporal/w6_chronological_g10/986603/H8P16/hourly_seed_986603,dabf500dbef19b4140bc7d35c12596ebf0717259b6e6bd523ae76475ce65b067,/home/user/projects/AIDRBench/results/nature_mainline/operating_tradeoffs_v1/runs/temporal/w6_chronological_g10/H8P16/repeated_f0.75_986603.json,6
temporal,w6_chronological_g10,986604,H8P16,0.75,repeated,4.423682389683707,193.4389798490304,9,True,True,True,0.0,0.0,False,False,False,False,False,False,True,True,0,0.0,32.0,141.55783646987862,136.05360581522578,5.504230654652844,2.530301230763144e-07,28977.31143496893,400.22791839665575,0.0,0.0,490.93414250027774,5,5,/home/user/projects/AIDRBench/results/nature_mainline/operating_tradeoffs_v1/runs/temporal/w6_chronological_g10/H8P16/repeated_f0.75_986604.parquet,cdba1c9804a160df883f2ba6dbf76f77ad321641d2da0ca55d3d265c27362a0e,/home/user/projects/AIDRBench/results/nature_mainline/operating_tradeoffs_v1/inputs/temporal/w6_chronological_g10/986604/H8P16/hourly_seed_986604,6c0ec4c3c0459af907e54f6b6f7472fe9e96bb285682c7235d7d665696be10b9,/home/user/projects/AIDRBench/results/nature_mainline/operating_tradeoffs_v1/runs/temporal/w6_chronological_g10/H8P16/repeated_f0.75_986604.json,6
temporal,w6_chronological_g10,986605,H8P16,0.75,repeated,4.423682389683707,193.4389798490304,19,True,True,True,1.5432100042289676e-14,2.453465233626132e-18,False,False,False,False,False,False,True,True,0,0.0,32.0,141.55783646987862,136.31535777228322,5.242478697595402,3.123020889491272,22875.54090406559,401.28273778837934,1.5432100042289676e-14,0.0,405.2436638717518,1,1,/home/user/projects/AIDRBench/results/nature_mainline/operating_tradeoffs_v1/runs/temporal/w6_chronological_g10/H8P16/repeated_f0.75_986605.parquet,159e727c37c331d08635d81c6bc4bf2127b7993bdcdd4fe8613e356edd8465e4,/home/user/projects/AIDRBench/results/nature_mainline/operating_tradeoffs_v1/inputs/temporal/w6_chronological_g10/986605/H8P16/hourly_seed_986605,d02e3e46535741ec91f7cf1a036c9bc783c15e353f13268f7fed94e348df5b74,/home/user/projects/AIDRBench/results/nature_mainline/operating_tradeoffs_v1/runs/temporal/w6_chronological_g10/H8P16/repeated_f0.75_986605.json,6
temporal,w6_chronological_g10,986606,H8P16,0.75,repeated,4.423682389683707,193.4389798490304,22,True,True,True,0.0,0.0,False,False,False,False,False,False,True,True,0,0.0,32.0,141.55783646987862,136.4110622803895,5.146774189489122,1.4259586578191374e-07,21119.764111243632,401.6817525560743,0.0,0.0,400.80088135954463,1,1,/home/user/projects/AIDRBench/results/nature_mainline/operating_tradeoffs_v1/runs/temporal/w6_chronological_g10/H8P16/repeated_f0.75_986606.parquet,ea965b856f4be2cc6a2f62d0ee7cfffef6741db74c1b335ea9ae85fbba96eae0,/home/user/projects/AIDRBench/results/nature_mainline/operating_tradeoffs_v1/inputs/temporal/w6_chronological_g10/986606/H8P16/hourly_seed_986606,f4729fac5e29c9d48260b87211f1f1e626076b7c5d2a94493d60eeb3a8461c64,/home/user/projects/AIDRBench/results/nature_mainline/operating_tradeoffs_v1/runs/temporal/w6_chronological_g10/H8P16/repeated_f0.75_986606.json,6
temporal,w6_chronological_g10,986607,H8P16,0.75,repeated,4.423682389683707,193.4389798490304,15,True,True,True,1.887379141862766e-14,3.000640933211816e-18,False,False,False,False,False,False,True,True,0,0.0,32.0,141.55783646987862,136.06246918983442,5.495367280044206,-1.7053025658242404e-13,25154.07318548948,400.78715765409527,1.887379141862766e-14,0.0,436.6140625018382,2,2,/home/user/projects/AIDRBench/results/nature_mainline/operating_tradeoffs_v1/runs/temporal/w6_chronological_g10/H8P16/repeated_f0.75_986607.parquet,89aa3f55f95f1d6afb1b577d105e24679f17b607311736ec9bcf430283b1e6dd,/home/user/projects/AIDRBench/results/nature_mainline/operating_tradeoffs_v1/inputs/temporal/w6_chronological_g10/986607/H8P16/hourly_seed_986607,22bef4da01103b9af1cd0ac011fe47cd3abbc574e4d77c30d84527da4de82ee7,/home/user/projects/AIDRBench/results/nature_mainline/operating_tradeoffs_v1/runs/temporal/w6_chronological_g10/H8P16/repeated_f0.75_986607.json,6
temporal,w6_chronological_g10,986608,H8P16,0.75,repeated,4.423682389683707,193.4389798490304,7,False,False,False,0.0,0.0,True,True,False,False,False,False,True,True,1,0.7591940626378406,32.0,141.55783646987862,135.05018430850043,6.507652161378189,-9.094947017729282e-13,26523.30264560467,397.7268675328671,0.0,0.0,463.6250063778128,1,1,/home/user/projects/AIDRBench/results/nature_mainline/operating_tradeoffs_v1/runs/temporal/w6_chronological_g10/H8P16/repeated_f0.75_986608.parquet,c2e521a05722da3b1e8581ac9ecad9f53fe1fb99259a92f7eee9757cbcda32f8,/home/user/projects/AIDRBench/results/nature_mainline/operating_tradeoffs_v1/inputs/temporal/w6_chronological_g10/986608/H8P16/hourly_seed_986608,09248b64e6afba8c0a61ab71b5c8596f27c6d2a1b44745f195e553400eeb85bc,/home/user/projects/AIDRBench/results/nature_mainline/operating_tradeoffs_v1/runs/temporal/w6_chronological_g10/H8P16/repeated_f0.75_986608.json,6
temporal,w6_chronological_g10,986609,H8P16,0.75,repeated,4.423682389683707,193.4389798490304,0,False,False,False,0.0,0.0,True,True,False,False,False,False,True,True,1,0.7591940626378122,32.0,141.55783646987862,135.0543310310584,6.503505438820213,9.094947017729282e-13,25557.48073263019,398.4830596299325,0.0,0.0,424.9230568967397,6,6,/home/user/projects/AIDRBench/results/nature_mainline/operating_tradeoffs_v1/runs/temporal/w6_chronological_g10/H8P16/repeated_f0.75_986609.parquet,772d4090ad9f5f869a4fea028929c6af3937c1788a9a733290771945a01d535b,/home/user/projects/AIDRBench/results/nature_mainline/operating_tradeoffs_v1/inputs/temporal/w6_chronological_g10/986609/H8P16/hourly_seed_986609,a0ed3c0205a1e68ce2b8eeae46083714bf69433a5c0368db66c53fec7d320dbd,/home/user/projects/AIDRBench/results/nature_mainline/operating_tradeoffs_v1/runs/temporal/w6_chronological_g10/H8P16/repeated_f0.75_986609.json,6
temporal,w7_chronological_g10,986700,H8P16,0.5,repeated,2.949121593122471,193.4389798490304,5,True,True,True,0.0,0.0,False,False,False,False,False,False,True,True,0,0.0,32.0,94.37189097991909,91.66334164622424,2.708549333694833,-5.684341886080803e-14,14235.954132990331,271.39287806775394,0.0,0.0,262.7803731091163,0,0,/home/user/projects/AIDRBench/results/nature_mainline/operating_tradeoffs_v1/runs/temporal/w7_chronological_g10/H8P16/repeated_f0.5_986700.parquet,1259759f2d9136eb96ebdf3384e77cc5294c77aac74fc3feb83dda3cad79ceba,/home/user/projects/AIDRBench/results/nature_mainline/operating_tradeoffs_v1/inputs/temporal/w7_chronological_g10/986700/H8P16/hourly_seed_986700,b24830f60404ed3add471396751c9959a333e83598ea608eb389cdb2ce207737,/home/user/projects/AIDRBench/results/nature_mainline/operating_tradeoffs_v1/runs/temporal/w7_chronological_g10/H8P16/repeated_f0.5_986700.json,7
temporal,w7_chronological_g10,986701,H8P16,0.5,repeated,2.949121593122471,193.4389798490304,19,True,True,True,0.0,0.0,False,False,False,False,False,False,True,True,0,0.0,32.0,94.37189097991909,92.2227551210811,2.14913585883798,0.0,15458.59997189607,273.2587496695683,0.0,0.0,276.85669190527256,1,1,/home/user/projects/AIDRBench/results/nature_mainline/operating_tradeoffs_v1/runs/temporal/w7_chronological_g10/H8P16/repeated_f0.5_986701.parquet,ed1e36b9badf3ba152f519a60f6f6b99d71db7ddba07928e358031ffbfc5488a,/home/user/projects/AIDRBench/results/nature_mainline/operating_tradeoffs_v1/inputs/temporal/w7_chronological_g10/986701/H8P16/hourly_seed_986701,ccfa3b8de586f7ecbeeb425c27e8236cf5b7cd456dc2a000f9905f4e2e40cbfd,/home/user/projects/AIDRBench/results/nature_mainline/operating_tradeoffs_v1/runs/temporal/w7_chronological_g10/H8P16/repeated_f0.5_986701.json,7
temporal,w7_chronological_g10,986702,H8P16,0.5,repeated,2.949121593122471,193.4389798490304,16,True,True,True,0.0,0.0,False,False,False,False,False,False,True,True,0,0.0,32.0,94.37189097991909,91.91041310340096,2.461477876518103,-3.979039320256561e-13,17636.5972426366,271.5712789076576,0.0,0.0,303.815891165536,2,2,/home/user/projects/AIDRBench/results/nature_mainline/operating_tradeoffs_v1/runs/temporal/w7_chronological_g10/H8P16/repeated_f0.5_986702.parquet,585e360ac031ad7fb1ea7cb3fb41f465edcf18d90a4759a06e43dc0f9f146576,/home/user/projects/AIDRBench/results/nature_mainline/operating_tradeoffs_v1/inputs/temporal/w7_chronological_g10/986702/H8P16/hourly_seed_986702,7a080df3d9a6d8dbb65944f5e6e04cb038cbfde8fbce7b3c62fec41016d43dc8,/home/user/projects/AIDRBench/results/nature_mainline/operating_tradeoffs_v1/runs/temporal/w7_chronological_g10/H8P16/repeated_f0.5_986702.json,7
temporal,w7_chronological_g10,986703,H8P16,0.5,repeated,2.949121593122471,193.4389798490304,13,True,True,True,0.0,0.0,False,False,False,False,False,False,True,True,0,0.0,32.0,94.37189097991909,91.2963984040416,3.075492575877462,-3.410605131648481e-13,16568.948267975553,269.63222050863544,0.0,0.0,292.3985671530258,0,0,/home/user/projects/AIDRBench/results/nature_mainline/operating_tradeoffs_v1/runs/temporal/w7_chronological_g10/H8P16/repeated_f0.5_986703.parquet,f83769a0f94a643d055c85ad015ad2dbf2553e7ad42b426d07f73141baf06dc4,/home/user/projects/AIDRBench/results/nature_mainline/operating_tradeoffs_v1/inputs/temporal/w7_chronological_g10/986703/H8P16/hourly_seed_986703,927bfbd458dc7dc956392f921edfd1121424a5890a8e61b2f7b275c74880f36d,/home/user/projects/AIDRBench/results/nature_mainline/operating_tradeoffs_v1/runs/temporal/w7_chronological_g10/H8P16/repeated_f0.5_986703.json,7
temporal,w7_chronological_g10,986704,H8P16,0.5,repeated,2.949121593122471,193.4389798490304,8,True,True,True,0.0,0.0,False,False,False,False,False,False,True,True,0,0.0,32.0,94.37189097991909,91.45375221488656,2.9181387650325235,7.120917189240572e-08,19145.83678303449,270.08685450728694,0.0,0.0,341.97196097400075,2,2,/home/user/projects/AIDRBench/results/nature_mainline/operating_tradeoffs_v1/runs/temporal/w7_chronological_g10/H8P16/repeated_f0.5_986704.parquet,58ab14e6b48342fdb68d99fa9873833f28c202b9cd8bf5c9a5f42738be5f766c,/home/user/projects/AIDRBench/results/nature_mainline/operating_tradeoffs_v1/inputs/temporal/w7_chronological_g10/986704/H8P16/hourly_seed_986704,500b02c3c6ef8d8177c7b8d34be793100b5742194f0d09eba3e0d41dc8ba8564,/home/user/projects/AIDRBench/results/nature_mainline/operating_tradeoffs_v1/runs/temporal/w7_chronological_g10/H8P16/repeated_f0.5_986704.json,7
temporal,w7_chronological_g10,986705,H8P16,0.5,repeated,2.949121593122471,193.4389798490304,5,True,True,True,0.0,0.0,False,False,False,False,False,False,True,True,0,0.0,32.0,94.37189097991909,91.60440451180432,2.767486468114754,1.1368683772161605e-13,15038.422232107612,271.3220772865039,0.0,0.0,278.1877708561561,2,2,/home/user/projects/AIDRBench/results/nature_mainline/operating_tradeoffs_v1/runs/temporal/w7_chronological_g10/H8P16/repeated_f0.5_986705.parquet,662ba9bff4f199fdd357c03bb53b7a4df1a87b0e86bc4a9108aa5ad16a7256a5,/home/user/projects/AIDRBench/results/nature_mainline/operating_tradeoffs_v1/inputs/temporal/w7_chronological_g10/986705/H8P16/hourly_seed_986705,a3f21fbb7ff174c48058f36f5833280b10a15caa2a0839407843002d88cb1c03,/home/user/projects/AIDRBench/results/nature_mainline/operating_tradeoffs_v1/runs/temporal/w7_chronological_g10/H8P16/repeated_f0.5_986705.json,7
temporal,w7_chronological_g10,986706,H8P16,0.5,repeated,2.949121593122471,193.4389798490304,2,True,True,True,0.0,0.0,False,False,False,False,False,False,True,True,0,0.0,32.0,94.37189097991909,91.78224375570947,2.5896472242095854,2.807899154577626,15676.80627604868,272.351901340463,0.0,0.0,289.8836973066346,0,0,/home/user/projects/AIDRBench/results/nature_mainline/operating_tradeoffs_v1/runs/temporal/w7_chronological_g10/H8P16/repeated_f0.5_986706.parquet,8aec308bfe83b55d2452d52c489843309c6668346cff5dc60169a6e3c4a36fe6,/home/user/projects/AIDRBench/results/nature_mainline/operating_tradeoffs_v1/inputs/temporal/w7_chronological_g10/986706/H8P16/hourly_seed_986706,75cbe22cbba35a70bd56065932b9d75c95e44c3ab1ec680e407901b06a7df592,/home/user/projects/AIDRBench/results/nature_mainline/operating_tradeoffs_v1/runs/temporal/w7_chronological_g10/H8P16/repeated_f0.5_986706.json,7
temporal,w7_chronological_g10,986707,H8P16,0.5,repeated,2.949121593122471,193.4389798490304,9,True,True,True,0.0,0.0,False,False,False,False,False,False,True,True,0,0.0,32.0,94.37189097991909,91.3749943507338,2.9968966291852723,1.1368683772161605e-13,18645.718174820417,269.78507138089094,0.0,0.0,331.5642256799421,2,2,/home/user/projects/AIDRBench/results/nature_mainline/operating_tradeoffs_v1/runs/temporal/w7_chronological_g10/H8P16/repeated_f0.5_986707.parquet,525a6e87dc6a8740544fdee2669bcdd424b477ec70fd4f86bc716b51534ecbf6,/home/user/projects/AIDRBench/results/nature_mainline/operating_tradeoffs_v1/inputs/temporal/w7_chronological_g10/986707/H8P16/hourly_seed_986707,61f747565bdc35a8a876163bd3d039febecb5637d86946a23ec76115f9a85813,/home/user/projects/AIDRBench/results/nature_mainline/operating_tradeoffs_v1/runs/temporal/w7_chronological_g10/H8P16/repeated_f0.5_986707.json,7
temporal,w7_chronological_g10,986708,H8P16,0.5,repeated,2.949121593122471,193.4389798490304,3,True,True,True,0.0,0.0,False,False,False,False,False,False,True,True,0,0.0,32.0,94.37189097991909,91.80828913458733,2.5636018453317604,6.138033346161592,16124.678947920582,270.9631835717249,0.0,0.0,285.70217548802066,1,1,/home/user/projects/AIDRBench/results/nature_mainline/operating_tradeoffs_v1/runs/temporal/w7_chronological_g10/H8P16/repeated_f0.5_986708.parquet,c6027053142a3eac7acb265308e52f44956dfb8f6d7a05dc7f67231fe2275a92,/home/user/projects/AIDRBench/results/nature_mainline/operating_tradeoffs_v1/inputs/temporal/w7_chronological_g10/986708/H8P16/hourly_seed_986708,17c31650c97316f77457819bd4593ecea23ee496df8e611c037eabd8b837613b,/home/user/projects/AIDRBench/results/nature_mainline/operating_tradeoffs_v1/runs/temporal/w7_chronological_g10/H8P16/repeated_f0.5_986708.json,7
temporal,w7_chronological_g10,986709,H8P16,0.5,repeated,2.949121593122471,193.4389798490304,1,True,True,True,0.0,0.0,False,False,False,False,False,False,True,True,0,0.0,32.0,94.37189097991909,91.80989096825556,2.562000011663514,3.690076937346021e-07,15272.659376519085,272.30628219279777,0.0,0.0,287.57713584551857,3,3,/home/user/projects/AIDRBench/results/nature_mainline/operating_tradeoffs_v1/runs/temporal/w7_chronological_g10/H8P16/repeated_f0.5_986709.parquet,d7f60c48db49c200418bd80935422d8a865c6e9db5a67b9839c4ec9089372ab9,/home/user/projects/AIDRBench/results/nature_mainline/operating_tradeoffs_v1/inputs/temporal/w7_chronological_g10/986709/H8P16/hourly_seed_986709,decc8f9a60651555a35e700baccdf22f3cb335e85b4fc89053e1c103f3354c8a,/home/user/projects/AIDRBench/results/nature_mainline/operating_tradeoffs_v1/runs/temporal/w7_chronological_g10/H8P16/repeated_f0.5_986709.json,7
temporal,w7_chronological_g10,986700,H8P16,0.75,repeated,4.423682389683707,193.4389798490304,5,True,True,True,0.0,0.0,False,False,False,False,False,False,True,True,0,0.0,32.0,141.55783646987862,136.60457402966426,4.95326244021436,-1.1368683772161605e-13,21924.62030144067,403.4475329789144,0.0,0.0,386.397832361593,0,0,/home/user/projects/AIDRBench/results/nature_mainline/operating_tradeoffs_v1/runs/temporal/w7_chronological_g10/H8P16/repeated_f0.75_986700.parquet,8632fe4bb4bf3998ac6411ca62ba79299340dbd181c9c57a4555af74109fd11d,/home/user/projects/AIDRBench/results/nature_mainline/operating_tradeoffs_v1/inputs/temporal/w7_chronological_g10/986700/H8P16/hourly_seed_986700,b24830f60404ed3add471396751c9959a333e83598ea608eb389cdb2ce207737,/home/user/projects/AIDRBench/results/nature_mainline/operating_tradeoffs_v1/runs/temporal/w7_chronological_g10/H8P16/repeated_f0.75_986700.json,7
temporal,w7_chronological_g10,986701,H8P16,0.75,repeated,4.423682389683707,193.4389798490304,19,True,True,True,3.996802888650564e-15,6.354298446801492e-19,False,False,False,False,False,False,True,True,0,0.0,32.0,141.55783646987862,137.48020988671698,4.077626583161646,-6.821210263296962e-13,23130.82470288348,405.74467571653577,3.996802888650564e-15,0.0,408.05405583323295,1,1,/home/user/projects/AIDRBench/results/nature_mainline/operating_tradeoffs_v1/runs/temporal/w7_chronological_g10/H8P16/repeated_f0.75_986701.parquet,0484758c9593857011cbcab4b112729d691b9fdb67f8a9c236b50eb9b20f7584,/home/user/projects/AIDRBench/results/nature_mainline/operating_tradeoffs_v1/inputs/temporal/w7_chronological_g10/986701/H8P16/hourly_seed_986701,ccfa3b8de586f7ecbeeb425c27e8236cf5b7cd456dc2a000f9905f4e2e40cbfd,/home/user/projects/AIDRBench/results/nature_mainline/operating_tradeoffs_v1/runs/temporal/w7_chronological_g10/H8P16/repeated_f0.75_986701.json,7
temporal,w7_chronological_g10,986702,H8P16,0.75,repeated,4.423682389683707,193.4389798490304,16,True,True,True,4.551914400963142e-15,7.236839897746145e-19,False,False,False,False,False,False,True,True,0,0.0,32.0,141.55783646987862,136.75196339340113,4.805873076477496,-5.684341886080803e-14,26581.693827329545,402.8291398215304,4.551914400963142e-15,0.0,447.58352759877977,1,1,/home/user/projects/AIDRBench/results/nature_mainline/operating_tradeoffs_v1/runs/temporal/w7_chronological_g10/H8P16/repeated_f0.75_986702.parquet,232437e3fe174833362625f83f63f1bd7a7004983e6982c508a49090ec0b70ee,/home/user/projects/AIDRBench/results/nature_mainline/operating_tradeoffs_v1/inputs/temporal/w7_chronological_g10/986702/H8P16/hourly_seed_986702,7a080df3d9a6d8dbb65944f5e6e04cb038cbfde8fbce7b3c62fec41016d43dc8,/home/user/projects/AIDRBench/results/nature_mainline/operating_tradeoffs_v1/runs/temporal/w7_chronological_g10/H8P16/repeated_f0.75_986702.json,7
temporal,w7_chronological_g10,986703,H8P16,0.75,repeated,4.423682389683707,193.4389798490304,13,True,True,True,0.0,0.0,False,False,False,False,False,False,True,True,0,0.0,32.0,141.55783646987862,136.35289092222175,5.204945547656877,-1.0800249583553525e-12,25354.602358437067,401.44014416086713,0.0,0.0,431.4009581709993,1,1,/home/user/projects/AIDRBench/results/nature_mainline/operating_tradeoffs_v1/runs/temporal/w7_chronological_g10/H8P16/repeated_f0.75_986703.parquet,b8e4241387ee61a87426e49048e2df051159b9d12bae438f0b6eaa588579c780,/home/user/projects/AIDRBench/results/nature_mainline/operating_tradeoffs_v1/inputs/temporal/w7_chronological_g10/986703/H8P16/hourly_seed_986703,927bfbd458dc7dc956392f921edfd1121424a5890a8e61b2f7b275c74880f36d,/home/user/projects/AIDRBench/results/nature_mainline/operating_tradeoffs_v1/runs/temporal/w7_chronological_g10/H8P16/repeated_f0.75_986703.json,7
temporal,w7_chronological_g10,986704,H8P16,0.75,repeated,4.423682389683707,193.4389798490304,8,True,True,True,0.0,0.0,False,False,False,False,False,False,True,True,0,0.0,32.0,141.55783646987862,136.0012778522582,5.556558617620425,7.120985401343205e-08,29979.365985519107,401.40131088819066,0.0,0.0,505.0172463553777,5,5,/home/user/projects/AIDRBench/results/nature_mainline/operating_tradeoffs_v1/runs/temporal/w7_chronological_g10/H8P16/repeated_f0.75_986704.parquet,0cef1baf6c52b88a42f9a365f8490b210fed520eec0536c977367ab43497887e,/home/user/projects/AIDRBench/results/nature_mainline/operating_tradeoffs_v1/inputs/temporal/w7_chronological_g10/986704/H8P16/hourly_seed_986704,500b02c3c6ef8d8177c7b8d34be793100b5742194f0d09eba3e0d41dc8ba8564,/home/user/projects/AIDRBench/results/nature_mainline/operating_tradeoffs_v1/runs/temporal/w7_chronological_g10/H8P16/repeated_f0.75_986704.json,7
temporal,w7_chronological_g10,986705,H8P16,0.75,repeated,4.423682389683707,193.4389798490304,5,True,True,True,0.0,0.0,False,False,False,False,False,False,True,True,0,0.0,32.0,141.55783646987862,136.77693477716667,4.78090169271195,1.7053025658242404e-13,23412.63653890933,403.37673565473375,0.0,0.0,410.69092347992864,2,2,/home/user/projects/AIDRBench/results/nature_mainline/operating_tradeoffs_v1/runs/temporal/w7_chronological_g10/H8P16/repeated_f0.75_986705.parquet,e1f8c18536c8df53db94d0d53ee1aed1941260ba6a9f803b65fbd0107c23a152,/home/user/projects/AIDRBench/results/nature_mainline/operating_tradeoffs_v1/inputs/temporal/w7_chronological_g10/986705/H8P16/hourly_seed_986705,a3f21fbb7ff174c48058f36f5833280b10a15caa2a0839407843002d88cb1c03,/home/user/projects/AIDRBench/results/nature_mainline/operating_tradeoffs_v1/runs/temporal/w7_chronological_g10/H8P16/repeated_f0.75_986705.json,7
temporal,w7_chronological_g10,986706,H8P16,0.75,repeated,4.423682389683707,193.4389798490304,2,True,True,True,0.0,0.0,False,False,False,False,False,False,True,True,0,0.0,32.0,141.55783646987862,136.91006696744063,4.647769502437996,2.807899154576944,23519.90366670447,403.3758569389365,0.0,0.0,422.7868017460124,0,0,/home/user/projects/AIDRBench/results/nature_mainline/operating_tradeoffs_v1/runs/temporal/w7_chronological_g10/H8P16/repeated_f0.75_986706.parquet,21dd0dae0d3460c777c9abea006dad137f229c7772fbc0ce92eae007478314e1,/home/user/projects/AIDRBench/results/nature_mainline/operating_tradeoffs_v1/inputs/temporal/w7_chronological_g10/986706/H8P16/hourly_seed_986706,75cbe22cbba35a70bd56065932b9d75c95e44c3ab1ec680e407901b06a7df592,/home/user/projects/AIDRBench/results/nature_mainline/operating_tradeoffs_v1/runs/temporal/w7_chronological_g10/H8P16/repeated_f0.75_986706.json,7
temporal,w7_chronological_g10,986707,H8P16,0.75,repeated,4.423682389683707,193.4389798490304,9,True,True,True,0.0,0.0,False,False,False,False,False,False,True,True,0,0.0,32.0,141.55783646987862,136.0380402726239,5.5197961972547205,3.979039320256561e-13,29213.34690550471,401.09952257619057,0.0,0.0,491.8988143044791,4,4,/home/user/projects/AIDRBench/results/nature_mainline/operating_tradeoffs_v1/runs/temporal/w7_chronological_g10/H8P16/repeated_f0.75_986707.parquet,2214e419060c488ae9d493801d590cf0e91fcb7f3eb6dd6a77db7820b80c0201,/home/user/projects/AIDRBench/results/nature_mainline/operating_tradeoffs_v1/inputs/temporal/w7_chronological_g10/986707/H8P16/hourly_seed_986707,61f747565bdc35a8a876163bd3d039febecb5637d86946a23ec76115f9a85813,/home/user/projects/AIDRBench/results/nature_mainline/operating_tradeoffs_v1/runs/temporal/w7_chronological_g10/H8P16/repeated_f0.75_986707.json,7
temporal,w7_chronological_g10,986708,H8P16,0.75,repeated,4.423682389683707,193.4389798490304,3,True,True,True,0.0,0.0,False,False,False,False,False,False,True,True,0,0.0,32.0,141.55783646987862,136.81082876767968,4.747007702198943,6.1380333461613645,24115.38317829097,403.2327472019482,0.0,0.0,414.2324069191473,1,1,/home/user/projects/AIDRBench/results/nature_mainline/operating_tradeoffs_v1/runs/temporal/w7_chronological_g10/H8P16/repeated_f0.75_986708.parquet,0e9aa095e9841ade8b5fa0c2dc70d86fc99c7bf025e0ba2c76777dee9bb61f0c,/home/user/projects/AIDRBench/results/nature_mainline/operating_tradeoffs_v1/inputs/temporal/w7_chronological_g10/986708/H8P16/hourly_seed_986708,17c31650c97316f77457819bd4593ecea23ee496df8e611c037eabd8b837613b,/home/user/projects/AIDRBench/results/nature_mainline/operating_tradeoffs_v1/runs/temporal/w7_chronological_g10/H8P16/repeated_f0.75_986708.json,7
temporal,w7_chronological_g10,986709,H8P16,0.75,repeated,4.423682389683707,193.4389798490304,1,True,True,True,0.0,0.0,False,False,False,False,False,False,True,True,0,0.0,32.0,141.55783646987862,136.81608938294053,4.741747086938091,3.690069547701569e-07,23299.79073346204,403.368953511448,0.0,0.0,423.6866669649843,4,4,/home/user/projects/AIDRBench/results/nature_mainline/operating_tradeoffs_v1/runs/temporal/w7_chronological_g10/H8P16/repeated_f0.75_986709.parquet,c83776be10d691c971fb4721c1666cbb5b411c3fd6c34e1d1a304d05c1694a3a,/home/user/projects/AIDRBench/results/nature_mainline/operating_tradeoffs_v1/inputs/temporal/w7_chronological_g10/986709/H8P16/hourly_seed_986709,decc8f9a60651555a35e700baccdf22f3cb335e85b4fc89053e1c103f3354c8a,/home/user/projects/AIDRBench/results/nature_mainline/operating_tradeoffs_v1/runs/temporal/w7_chronological_g10/H8P16/repeated_f0.75_986709.json,7
