path,bytes,sha256
.gitattributes,405,149c497ba599622a52fa9d8dd652131bfa33322252d03de92b0fa21410db7ac9
.github/workflows/ci.yml,1740,523e3f9c35bca536dd751f0c4282d23c20d5117a1d421a78faf9a2185945e9fc
MAINLINE_FILES.md,2397,c04feca37867a3ed821bcdcf3d0009d077779a96c9602fc6f41f0204187b1c29
README.md,3307,93f2b537a18e0114c08a2b346d217a7a34b1e532777ac16bbe9bdcbc199abda1
WINDOWS_START_HERE.md,6249,68d2176d579941fb1e28370e94299997c2f19c8528822143fb27402c4d8681fa
configs/community/pv_bess.yaml,736,e4bc9dead9494906e3ab042cf2b653022e1e73e97e04468831ee273000d56d04
configs/controller/nature_robust_mpc_v1.yaml,604,73041f55b7ac4aab0a1f6fa799cfa94f0a8c71d6e6bb3a7f39eadda212839dcf
configs/data/alibaba2026_lite.yaml,187,cc0c69abcb8012370aecf55acd6ee9191ba669ef7b7a99c4d4e1f274880bf34e
configs/data/alibaba2026_sampler.yaml,299,c9c5c422788244161a2d7cc0888a0fc398eec31b79398d919402e26504387a77
configs/data/alibaba2026_sampler_fidelity_v1.yaml,679,2e219cc786f3dc7b6e66c9cd1c3488a4c3b5802aaf4abfa927221858db90b32d
configs/data/community_eulp.yaml,461,e7d7f49fbae9b7000428c0a79ef2c0b82e712cbbda61ac95225ed7103eaaa0ab
configs/economics/cost_parameter_grid_v1.yaml,4790,e7124d58e5e96b68a13d708fc0522f8a76ab9e4e7d3b518bdb4a01b479a1a6ca
configs/economics/cost_robustness_v1.yaml,1526,eb50a645dbe4ec60744588b216f9742b59ad79be0e5d5324295bbe56f2258a98
configs/economics/economic_participation_v1.yaml,5109,187ee05954d93ed3f4e8f292f7c868d787ecb69eadfbc2faf69be43039dfc8c2
configs/economics/market_archetypes_v1.yaml,1182,a034220e80432ff5e22407701eb962b2fd61f59d25ffaec548ee933b3767acd6
configs/economics/reserve_mapping_sensitivity_v1.yaml,2582,8213e35cbd3abcbb3be5cbe9f0c39a6256d976ac70c263d36a8f44f81cb52570
configs/env/hourly_continuous.yaml,1927,03db96b0d283abeafd0bdac030e2edf063db5195cc656b419aa7843e4fa11928
configs/env/hourly_discrete.yaml,1595,ed3d05c8624d9388cecdb6ac0953bc2ddc50f6f715459f0e0c0f263c782130bf
configs/env/nature_mainline_development.yaml,2649,c48e70b46f82da4eed80e58b040aa95091dbc03497456745b1c370817bd032e5
configs/env/nature_mainline_locked_id.yaml,2391,5edac59719ca8ebb084df7bf0aa36e6214149a61b3f0c00a476df603ee33e63d
configs/env/nature_mainline_locked_ood.yaml,2470,9a13830543cfa5f798d3398a4223229ffde946da90729c0590e932bde568d5e0
configs/env/nature_mainline_validation.yaml,2411,d7dab9f8b3640100456c427acf720898d09f5b70af29b8875ccd670bec6281a9
configs/experiment/nature_exhaustion_v1.yaml,1257,c07bc8b9ef4dfdbce138c7f2dac379a2079d0325feae109a4b4e6a570d06e1b1
configs/experiment/nature_exhaustion_validation_v1.yaml,1251,0cc9c0534292f7d3f0e4f8a9c7ef50438bceb79baa9764bdb6b6fe2605b656a0
configs/experiment/nature_hosting_ensemble_v1.yaml,973,158b11f34bfe82d07b3758d510d9948393ddc69d3da946994687c826524b4c80
configs/experiment/nature_hosting_validation_v1.yaml,826,0fdeb3d8287fbfc4740bc95fd77e9c30e965350c963b41c3a4763fd2d972a466
configs/experiment/nature_renewable_integration_development_v1.yaml,1485,b64fa0bce4955f617583150a8be84de498bf68036fff95e5c8b88817698064f7
configs/experiment/nature_renewable_integration_validation_v1.yaml,1109,9583c10ce1b3da624ccb691453f0b80adf32ca18e45966a64299f814c2f26b57
configs/experiment/nature_repeat_capacity_v1.yaml,2243,060f8c74f3918d5d860fea626562ed06c1967753a4ef193eb8aa1b44de90c223
configs/paper/nature_economic_source_data_v1.yaml,15110,e84035a4b91ee0329d103603f57d6635fc8b4d0879ef5be6ae3610761a9cd09b
configs/paper/nature_figure_panel_map_v1.yaml,19839,a6557252be6e00abcdabfbfc48e187a64d7a6cd9c90369a005fddaa6f24ab760
configs/paper/nature_source_data_v1.yaml,25997,5b74e5f65eaa3e62b45b740adbaf9a20aad5450c08175d8099a5761e081d2d51
configs/paper/nature_supplementary_figures_v1.yaml,1844,54310127761f8253b8fd6dd1b86f8366940fdde15c00cc5b5126cd150f6118fc
configs/sensitivity/nature_community_profile_pi_v1.yaml,874,34826a3181a10d208f37480e9534b1b7ee986acda0d6853cf0a95b04911fe9a4
configs/sensitivity/nature_community_profile_renewable_v1.yaml,853,f264e4dd04a9f4ca2d9412468c1aaa432b966fec514583ae26e41788747a3abd
configs/sensitivity/nature_community_profiles_v1.yaml,800,933a4534b481f0c31b96b8f2481ce97bd30c1f5691e5c6dfd5cdf3366798ddbd
configs/sensitivity/nature_flexible_share_v1.yaml,1341,8e36a4f80e42d877829be0deb3a34c97b2d7580573302c6b6e28742edc27751b
configs/sensitivity/nature_flexible_share_v2.yaml,1830,b76b8d78bd55e586fe9a9a59d062ea9924347210d59dbc4c5007ff97520a53ac
configs/sensitivity/nature_flexible_share_v3.yaml,1834,52597979d1d9c0c80ca6607bdb8abfffd2e6aa2815b447358880192af9e155be
configs/sensitivity/nature_infrastructure_pi_v1.yaml,408,f274f256b3399adc395031275cba197749565b51efe370b4a0a1850b265a1814
configs/sensitivity/nature_infrastructure_sparse_v1.yaml,557,8d9045357ecae08f5b3b723b5874f2dd97278cc6c42a0ba2a4ad373138690c7c
configs/sensitivity/nature_renewable_zero_miss_v1.yaml,1568,8cee3220c7e8200cd6031ca11feca45d5be8e657522ca8eb2526a1fe3edb186a
configs/sensitivity/nature_sparse_factorial_v1.yaml,1355,d11fee3cb0720572e878522b269ca68da3b94744ed32774894595549026072ec
configs/sensitivity/nature_success_criteria_oat_v1.yaml,2563,a35a7d375a20513f6252b56b5219eea8d9a3d99387bab60ec1c84973c2b92a8e
configs/sensitivity/nature_workload_pi_v1.yaml,368,ea248b10e7a31bf6287db211508d112dfa1dc6e748b0f4bec90cd8a0a2c683e1
data/calibration/rtx6000pro_4gpu_v1.yaml,5764,92eae659e628ed3bd76e07f9667235de96a3672bd9dd2a931b9617932ac1d856
data/calibration/rtx6000pro_4gpu_v1_fit/fit_summary.json,975,afa080bd4fa868d8e289d6ad860c8d5144b226dfc9752377146908a66bb3d6d5
data/calibration/rtx6000pro_4gpu_v1_fit/run_gpu_means.parquet,7499,b4dcc5d6e2b65d700b54ec5096c1f5da5d02c3600ded3a2eb35a49cb61b7b010
data/calibration/rtx6000pro_4gpu_v1_raw/idle_baseline.parquet,13172,d2f9c299f85576b353ba7b852bd2c5c9c5ba5f87985d44dd440fad4fa056d049
data/calibration/rtx6000pro_4gpu_v1_raw/offline_inference_1gpu_repeat1_telemetry.parquet,13383,c483343504192fa98d3708a7a8b590fb0d0248d556e86d3e02e0f473c6aec08d
data/calibration/rtx6000pro_4gpu_v1_raw/offline_inference_1gpu_repeat1_workload.json,987,daa896e05bd3004ddb69a520a8089ee13f86f1b5b7ac80657c511b87f2cdb814
data/calibration/rtx6000pro_4gpu_v1_raw/offline_inference_1gpu_repeat2_telemetry.parquet,13231,cad9aecc647b2c927cc66cec38e678ffddd5943d9f2e5942c58e27ad659cc6e1
data/calibration/rtx6000pro_4gpu_v1_raw/offline_inference_1gpu_repeat2_workload.json,984,6df7605c24c0cb31b72f6dc4c10664774e52d655f015ba5c75015048ce946075
data/calibration/rtx6000pro_4gpu_v1_raw/offline_inference_1gpu_repeat3_telemetry.parquet,13218,7eb69667035dd7c91a910109d7b8f893b27e699610bd9da88d628de10723206c
data/calibration/rtx6000pro_4gpu_v1_raw/offline_inference_1gpu_repeat3_workload.json,985,92dbbc8aedee314778e06666ddaad8589693003c2ed58fb81dc38d2069829113
data/calibration/rtx6000pro_4gpu_v1_raw/offline_inference_4gpu_repeat1_telemetry.parquet,13195,02c4fe7f3c42c9014565e43d58130e025ecc657413e9f0f18bf2b94696739357
data/calibration/rtx6000pro_4gpu_v1_raw/offline_inference_4gpu_repeat1_workload.json,2350,d0a3ce2b71f529e12310709ea5667827dc7542ad1ea6548f4c27b0c997463758
data/calibration/rtx6000pro_4gpu_v1_raw/offline_inference_4gpu_repeat2_telemetry.parquet,13087,74ad48efccaefad0fee69a2bbdbf31e676e188aa7a7d1c2602803f7185940470
data/calibration/rtx6000pro_4gpu_v1_raw/offline_inference_4gpu_repeat2_workload.json,2350,2ab91fa82be071fcd3440d81959094d3f085884f7cab6dc7bba407bed340e607
data/calibration/rtx6000pro_4gpu_v1_raw/offline_inference_4gpu_repeat3_telemetry.parquet,13102,8857e04dfdf02be0da1ec3dfb421925c1767a53484316beb4f04d80a9716082a
data/calibration/rtx6000pro_4gpu_v1_raw/offline_inference_4gpu_repeat3_workload.json,2348,6a670dc565e3abc6c897af0ccca49de4274db4fddc39294ea297165b9e006bab
data/calibration/rtx6000pro_4gpu_v1_raw/training_1gpu_repeat1_telemetry.parquet,13257,644167eae168a1942933e8275926892c913869274295739518ec42285099d97a
data/calibration/rtx6000pro_4gpu_v1_raw/training_1gpu_repeat1_workload.json,1003,d3f4577634e986e2a69d5fecd020dfbd170e70a641f57e75aecf31012968a18d
data/calibration/rtx6000pro_4gpu_v1_raw/training_1gpu_repeat2_telemetry.parquet,13244,affffc705bc230a8952795aeb8585df0d5935c48fe43db192a3c727622b90626
data/calibration/rtx6000pro_4gpu_v1_raw/training_1gpu_repeat2_workload.json,1003,a78d95e5aa8894df125ea6ef3c50b9f3d8c460da7a2788b1746fade94b3f266d
data/calibration/rtx6000pro_4gpu_v1_raw/training_1gpu_repeat3_telemetry.parquet,13228,6ec1f51c8a5a628b6a7f90ff1fd39dd7aa7125dede18f172c71ae611f25d4f54
data/calibration/rtx6000pro_4gpu_v1_raw/training_1gpu_repeat3_workload.json,1003,21f3e6abd49ea494592222930fc73b207be7ce16a6216aec3043cbed4bab33e2
data/calibration/rtx6000pro_4gpu_v1_raw/training_4gpu_repeat1_telemetry.parquet,13566,ada15bb0b72267c06b7ef5f67f823f0deffae6752daf93ab38940699580d130d
data/calibration/rtx6000pro_4gpu_v1_raw/training_4gpu_repeat1_workload.json,2367,9e50514b33cd9186c415657b77f00aa804b439d16bf298c81614725da48f4fb7
data/calibration/rtx6000pro_4gpu_v1_raw/training_4gpu_repeat2_telemetry.parquet,13550,c1dc641a0f6d5d83ad2cebe1adba84bcaeac27c69635190908dc3c974395cf3c
data/calibration/rtx6000pro_4gpu_v1_raw/training_4gpu_repeat2_workload.json,2369,d7a3be161dc0e6ba3cf6f2f60dc7508a47731eb34fba9602cbeacb0f16056f6b
data/calibration/rtx6000pro_4gpu_v1_raw/training_4gpu_repeat3_telemetry.parquet,13497,0803024719a75998a27dfda1b7c003820dff0368cc65c469a10b29e73b293161
data/calibration/rtx6000pro_4gpu_v1_raw/training_4gpu_repeat3_workload.json,2368,420bdf88ef9ea30c353a1be2f91138ed56bdc10cce82e2e9345cd39131b1da06
data/economics/external_parameter_evidence.csv,21647,0ba7937dc0c155be34eda00277f4044cbb5a927d01a70f2431c1683be9cc2609
data/economics/source_register.csv,8161,d841d3eeec745eda3f21da495e3573ad26d6baa1d3b1dcea8eef711856c18145
data/examples/economic_certificate_provenance_v1/README.md,1001,e169a45000b0b29ed6e9f392002f6535d0c0233fb7dcfe2b2abb9b0e860ee093
data/examples/economic_certificate_provenance_v1/causal_certificate.json,38882,122dc0dd82e5cd86fe00465468ecbf37340ebae65d415a0f431a91a3f075f842
data/examples/economic_certificate_provenance_v1/causal_selection.json,25645,ddd0094907e34f7f137856169c5fd6b84a33cf37cfc48e5158ceb5502fdd470b
data/examples/nature_supplementary_validation_v1/README.md,843,109150f905d0ea3b890b40f5487f16e1197b1efebc7136358291f1a153e8cfc2
data/examples/nature_supplementary_validation_v1/causal_selection_q95.json,25645,ddd0094907e34f7f137856169c5fd6b84a33cf37cfc48e5158ceb5502fdd470b
data/examples/nature_supplementary_validation_v1/hourly_seed_20000/arrivals.parquet,566605,21b4584a5a682afc3265177d42dbc879c62fc80047397b035480205ecd956f23
data/examples/nature_supplementary_validation_v1/hourly_seed_20000/baseline.parquet,6663,0a5e9fd101f8fdb8ef13592e022eab22eee289f193764a9c01a4bc8481f66174
data/examples/nature_supplementary_validation_v1/hourly_seed_20000/community.parquet,11475,3ac8bdea039344b0e17276bebb2568fd92fc4bfad699bb8402f5588acea386f6
data/examples/nature_supplementary_validation_v1/hourly_seed_20000/environment_config.yaml,2328,1bc41058d970d1cda989723e4106cd20d7759eed02fa2ad9469cbebc27f9b0bc
data/examples/nature_supplementary_validation_v1/hourly_seed_20000/metadata.json,2314,2e4fd279c5c6279b734278134248c69bab949bb29f1fae3751b951ee7d72b47b
docs/GITHUB_V027.md,2364,ebbc447d94cc3e38d03cf79dd2205cb0e043a02293046a4012664d7baf92363f
manuscript/nature_communications_article.md,68677,c92c53cdb04b9a596779609686a569382da0ae4b219b61f987b27655b54fc375
manuscript/source_data/README.md,3305,73690e365ad4b0cd43800ccffa7ac1db84ba9dbfc72442a5e8778dc6c421b0a5
manuscript/source_data/nature_commitment_mechanisms_v1/COLUMN_DICTIONARY.csv,38840,0b1ba069b8ae36c08a51fb3fbf63ccb4b0bea7f2f9b72c78498385e9df835496
manuscript/source_data/nature_commitment_mechanisms_v1/FIELD_GUIDE.md,2477,7d3f96c031340cfee03ed1d876bfa71d77f29b1f14cbc5adc75a01a83ea9b72d
manuscript/source_data/nature_commitment_mechanisms_v1/GITHUB_SCOPE.md,481,eb5fe4ed4fa957ddc7f9c024e6fe04f1306fc22fb1d0a8227f23f82a63e69260
manuscript/source_data/nature_commitment_mechanisms_v1/PANEL_DATA_MAP.csv,1693,a8438ad84f5762acdaad40fb440b61086b713349f33ca1e27ace579895d8c1ae
manuscript/source_data/nature_commitment_mechanisms_v1/README.md,2821,f2a4e1fb528ea5796688e0bff1ffa8691b87b9493d98903384e070fb40a752cb
manuscript/source_data/nature_commitment_mechanisms_v1/confirmation_events.csv,1118080,cad809b6503964033cd6348c5beefd2f097c1f1a43237ed68d45feba2c87302c
manuscript/source_data/nature_commitment_mechanisms_v1/confirmation_ledgers.csv,1059863,1157228b39e72adb10ad97bbea06bb527a7534bc5ea758b46a9e6e18b97de36e
manuscript/source_data/nature_commitment_mechanisms_v1/development_events.csv,1114052,4bb86c450af1098bb045fbf07903499408806b53c12746432e4351716311886d
manuscript/source_data/nature_commitment_mechanisms_v1/development_ledgers.csv,1054341,5a46f4d34b04bcdc8e2db650fa61d51e6803509492c32d344032a9a4959d149f
manuscript/source_data/nature_commitment_mechanisms_v1/export_receipt.json,234,bb6ac816d2b28cc799f32ecd86b45f72758bca04de2961bfe3abdf1e0df82200
manuscript/source_data/nature_commitment_mechanisms_v1/external_cross_score_weekly.csv,694,94241ca53e9ca13296590a639e63aba1856f83079118c56ae25db831f8a01706
manuscript/source_data/nature_commitment_mechanisms_v1/external_cross_scored_trials.csv,145668,811a4031d39d33eed447b2e5eae89e73db9756861c83c5715cec3e5434e22f61
manuscript/source_data/nature_commitment_mechanisms_v1/physical_operating_exposure.csv,4461,0bdf762405d111aa2ffb68d10285b4e4426f470e7acd22afbd9db722f5b1636b
manuscript/source_data/nature_commitment_mechanisms_v1/pi_diagnostic_resolved.csv,17197,95ee27be723d020caff1d65571286ff03e87a0804c728f351a57501d6442969d
manuscript/source_data/nature_commitment_mechanisms_v1/pi_diagnostic_summary.csv,17137,71b07bf22c65e27f6ba479fd9a384da70cd24fcbcb353721e25f87eddc12159c
manuscript/source_data/nature_commitment_mechanisms_v1/pi_protocol.json,17337,928f1ae682cf7748ad6d8fa929acb3d0d4febb0ef649debeebdd88e8483358b9
manuscript/source_data/nature_commitment_mechanisms_v1/production_hourly_work.csv,42425,19a88d18c4153d34e1096d6eddde3ecd5b2d5bd371065be3f2f23eee0fbbd54a
manuscript/source_data/nature_commitment_mechanisms_v1/ready_annual_values.csv,203954,8216e422cd9941b6f550dae73ea482ae70a733fe54d653983343ff958efa7328
manuscript/source_data/nature_commitment_mechanisms_v1/ready_operating_components.csv,377,bdfa5481b3a62ffdfcd931d51e61384d223d7d4ccd6a05efa795153bda7e83e4
manuscript/source_data/nature_commitment_mechanisms_v1/ready_pi_categories.csv,305,ff8f58eaa7c502412d74d14c5d276f25804fba6c7592e286cd45525172a297ac
manuscript/source_data/nature_commitment_mechanisms_v1/ready_refinement_price_curves.csv,207546,8ca8c29faf0bebc36904338308c052f6a529f3356b734d0bc18984f5bf57009d
manuscript/source_data/nature_commitment_mechanisms_v1/refinement_confirmation_summary.csv,2840,eaa9b8b7578e407291fbdf1dbffd65eb03214ca74046e52f8c3ce1d9fd9d6c6e
manuscript/source_data/nature_commitment_mechanisms_v1/refinement_cost_components.csv,929,a5dd94d5c6ac6dfd32f119ae5e933d4f868db3a5b66feb3cf5747dd3d6f65ad4
manuscript/source_data/nature_commitment_mechanisms_v1/refinement_development_summary.csv,7639,5392bdebd6ce08cc743893fa85906158503f821e3ff3832002478620d764e04d
manuscript/source_data/nature_commitment_mechanisms_v1/refinement_economic_sensitivity.csv,18691,4c7822f5bf9762281c375245dd06c466ad37e78a49d17139bba437be8de75aca
manuscript/source_data/nature_commitment_mechanisms_v1/refinement_entry_examples.csv,1792,92809b6ffcc65bdf0e023d3fa895577157cae420da5cce8107cc52362decaced
manuscript/source_data/nature_commitment_mechanisms_v1/refinement_price_frontier.csv,15100,06f70828b4af17389dc4f32b794b409cc53c7aa8d528b982b51cad6bc1ed43e3
manuscript/source_data/nature_commitment_mechanisms_v1/refinement_protocol.json,1330,3b260b1628be4cab881b7a7bcef68e9948fbea96432d3fd03412b15bec9e5bf5
manuscript/source_data/nature_commitment_mechanisms_v1/refinement_selected_confirmed.csv,477,fd274223813768d70ff5635463a22976370daa4245d89527e754cae6cdd7c1ff
manuscript/source_data/nature_commitment_mechanisms_v1/refinement_selection.json,206110,8be0511c808c61bd29bc4d52e5392f7d7140793128fb29704c926cede8d6f5ad
manuscript/source_data/nature_commitment_mechanisms_v1/resource_time_source_audit.json,981,521ac22d221a311d8f8787298679f5819d2e0db12c90a577309fe6c8ae30d7df
manuscript/source_data/nature_commitment_mechanisms_v1/weighted_week_summary.csv,5603,71519be39cdedd5b75e7d34138d20c2783b8679af5d381d5ee204d78b7cf989c
manuscript/source_data/nature_commitment_mechanisms_v1/workload_events.csv,653201,486783ddc100e45a84dbf3f76d3b6cf8451de15674d3fec1b371d6f26c864f32
manuscript/source_data/nature_commitment_mechanisms_v1/workload_ledgers.csv,612937,6cb24a96a3defbc90eea8ba6da01fdbc2f0c4f9eabfe7301bbf064793609be11
manuscript/source_data/nature_commitment_mechanisms_v1/workload_protocol.json,120299,9d619e614d628c5018e8e0a0afa62f70726c52022f9e449b4b18008ebc1937b5
manuscript/source_data/nature_commitment_narrative_v1/GITHUB_SCOPE.md,481,eb5fe4ed4fa957ddc7f9c024e6fe04f1306fc22fb1d0a8227f23f82a63e69260
manuscript/source_data/nature_commitment_narrative_v1/PANEL_DATA_MAP.csv,2724,c9882dab2ae6f779b6af8f80ac5e5d69de68c9649095fddfeed4c0193597b6be
manuscript/source_data/nature_commitment_narrative_v1/README.md,2071,1a52ec5426452535291106df98f1432349026e4c27409533c46db9148686f993
manuscript/source_data/nature_commitment_narrative_v1/confirmation_summary.csv,26458,760c2b12a0fa15262b8227f2442a28815e87636f1d6e169cd893cdc967db60e4
manuscript/source_data/nature_commitment_narrative_v1/control_causal_summary.csv,773,231fff9b373c8ea640289aa041983b3444e7c88d5d2e35ac671f4417b476139c
manuscript/source_data/nature_commitment_narrative_v1/decision_steps.csv,757,565f5becaf1da063e7bbb29beb0040511d2dcf5bed7d83ace6698c83d072dd2d
manuscript/source_data/nature_commitment_narrative_v1/derivation_receipt.json,2741,f42f336df10148c4a58b2afa76051ca577bc8d42185d099e2b6049f6c2c26dbc
manuscript/source_data/nature_commitment_narrative_v1/external_cross_score_weekly.csv,694,94241ca53e9ca13296590a639e63aba1856f83079118c56ae25db831f8a01706
manuscript/source_data/nature_commitment_narrative_v1/paired_resource_supply_margins.csv,3895,97ffaced32b7716a6c9ad6678c5ba87811c514eaa0748a88fb6fa7fe70378f4d
manuscript/source_data/nature_commitment_narrative_v1/ready_pi_categories.csv,305,ff8f58eaa7c502412d74d14c5d276f25804fba6c7592e286cd45525172a297ac
manuscript/source_data/nature_commitment_narrative_v1/refinement_development_summary.csv,7639,5392bdebd6ce08cc743893fa85906158503f821e3ff3832002478620d764e04d
manuscript/source_data/nature_commitment_narrative_v1/refinement_selected_confirmed.csv,477,fd274223813768d70ff5635463a22976370daa4245d89527e754cae6cdd7c1ff
manuscript/source_data/nature_commitment_narrative_v1/renewable_paired_comparisons.csv,6221,8cab8b59d9cb517250154ea3ecad9623db730029aaa61012c83f0db8ddf336fb
manuscript/source_data/nature_commitment_narrative_v1/single_confirm_summary.csv,2103,b242a84dad0312f735f5d1a960131cbb2308d6e8309a2687a7044d2f846b1a5e
manuscript/source_data/nature_commitment_narrative_v1/supply_hourly_example.csv,126864,a8648fb48beaa0ed09f07148ecb6566a2f0f918a6e6fe3ac2e6d6408512ec1dc
manuscript/source_data/nature_commitment_narrative_v1/supply_margin_trials.csv,142623,b9cd852f84159bf8f5bba56a0a415a4458277ff6260975e304686d660e00a7b2
manuscript/source_data/nature_commitment_narrative_v1/timing_cross_summary.csv,403,5e479fc71626c9f7c965ee296b455f36f09ef3f975688d14ae2a40bdf432a2fd
manuscript/source_data/nature_commitment_narrative_v1/weighted_week_summary.csv,5603,71519be39cdedd5b75e7d34138d20c2783b8679af5d381d5ee204d78b7cf989c
manuscript/source_data/nature_commitment_validation_v1/capacity_confirmation_baseline_receipts.json,542355,2bafc41fddc2053dfb120718b2e7b4a488d74bf6e6e4876e8b920a2d9fbca29b
manuscript/source_data/nature_commitment_validation_v1/capacity_confirmation_by_week.csv,737,be8579044f748cb68dc3a10e470bd2bc9c025ff2944903cff03e6c18cd81a6f1
manuscript/source_data/nature_commitment_validation_v1/capacity_confirmation_ledgers.csv,682314,75a5d96c680b3ce1d2c6edab06d4aa36f4c046d5d3d8591d3b5609c01b827e31
manuscript/source_data/nature_commitment_validation_v1/capacity_confirmation_summary.csv,657,aedbbac9cdc4bb6c4b4b22f66e1ffd9288594c6d8bf1cae93fc06c40abc07ae2
manuscript/source_data/nature_commitment_validation_v1/capacity_development_baseline_receipts.json,180393,faded5f69d59b66b12bbdf6fa38ccb831ee66b3b2139ae364f3108548714fc8f
manuscript/source_data/nature_commitment_validation_v1/capacity_development_ledgers.csv,1363642,2111197bb50d8bb712641647e88e942fd18d27400be20aa1e6ea5b3aa437691f
manuscript/source_data/nature_commitment_validation_v1/capacity_development_summary.csv,3296,956f59d5bfe7010401fdd5a3552dac37a052ab7f692366ef044a5730f29141d9
manuscript/source_data/nature_commitment_validation_v1/capacity_protocol.json,1300,2e02da4752239a7a75f09150fb513f592787657a5e5f731a48f43bbf28ec5501
manuscript/source_data/nature_commitment_validation_v1/capacity_selected_confirmed.csv,451,fae96131566222fa7f9f4de60d8fdbcef29670cb3f3075e533d26a3c3769d1de
manuscript/source_data/nature_commitment_validation_v1/capacity_selection.json,157409,b538e994ce8159a7dd15dd24d567854d1b71ecfb936583eb3b1751cb0ea2a916
manuscript/source_data/nature_commitment_validation_v1/completeness_inputs/case_definitions.json,4245,298d6486e530ce87fda86613d9531a3a9fe0b929cc14e827c51e6465caaec1b0
manuscript/source_data/nature_commitment_validation_v1/completeness_inputs/decision_steps.csv,757,565f5becaf1da063e7bbb29beb0040511d2dcf5bed7d83ace6698c83d072dd2d
manuscript/source_data/nature_commitment_validation_v1/completeness_inputs/derivation_receipt.json,2217,910253980dfc95d7467486823716b3df9f38123fb9175b94f55ffbcfd90dd369
manuscript/source_data/nature_commitment_validation_v1/completeness_inputs/economic_price_sensitivity.csv,17814,9cbf429920d2a8fb2971f19f065563f91a769153b18d66a2419076de975f99dc
manuscript/source_data/nature_commitment_validation_v1/completeness_inputs/economic_primary.csv,2551,61467743c7cd5e9415f72f3a4d37a754caad4e9a8eb2ff2a14f3fa7bedc27fa7
manuscript/source_data/nature_commitment_validation_v1/completeness_inputs/paired_resource_supply_margins.csv,3895,97ffaced32b7716a6c9ad6678c5ba87811c514eaa0748a88fb6fa7fe70378f4d
manuscript/source_data/nature_commitment_validation_v1/completeness_inputs/pv_all_scenarios.csv,1480329,8628a61c209a6b31230435db8c90cef972b4786b31e91105b648c07285263089
manuscript/source_data/nature_commitment_validation_v1/completeness_inputs/pv_operating_summary.csv,13929,92acb788649ca8647f2ae88ed46bce4943608d9eeb96c9e13da9aa3cf6af5afa
manuscript/source_data/nature_commitment_validation_v1/completeness_inputs/reference_operation_example.csv,53304,43ad087437a505fa80135eccb2e2cf6a50438c05efb31b45ff008ad24519b7fe
manuscript/source_data/nature_commitment_validation_v1/completeness_inputs/reference_operation_example_outcomes.csv,2424,f58eec9098e14872e3d7ab9bf34ff3d638111359e645cc9a139c468e67238ad0
manuscript/source_data/nature_commitment_validation_v1/completeness_inputs/reserve_life_sensitivity.csv,2600,4fd2d527a21e3cdce3957a4b5c775325791e110bd2383bac9a0339d779dea6f3
manuscript/source_data/nature_commitment_validation_v1/completeness_inputs/source_audit.json,810,c5a138a43a0505271f61d2ac9c76af2a3776af66fef772e6da522fc57c2b86ae
manuscript/source_data/nature_commitment_validation_v1/completeness_inputs/structural_full_request.csv,9148,7d1d6c984bf5d5c16eb1a0f309df90646ffbcbe569fa1b13ef35f1ce2c6ff5aa
manuscript/source_data/nature_commitment_validation_v1/completeness_inputs/supply_hourly_example.csv,126864,a8648fb48beaa0ed09f07148ecb6566a2f0f918a6e6fe3ac2e6d6408512ec1dc
manuscript/source_data/nature_commitment_validation_v1/fixed_overhead_audit.json,602,9272e18f11ac25f39fe6cc219b35b5c80741b5c337219f4195ab43d8410d61a9
manuscript/source_data/nature_commitment_validation_v1/fixed_overhead_schedule_sensitivity.csv,527866,81d7e969e28795f3f39b5df97bcf314af31e23725d1fc51b755e6dee1554150a
manuscript/source_data/nature_commitment_validation_v1/fixed_overhead_summary.csv,1737,32297699f7976bdfdefb530e6a63bb0f8507fe3dc21c78e46f40baea0201073d
manuscript/source_data/nature_commitment_validation_v1/plot_inputs/FILE_MANIFEST.csv,1671,7e97bbc85f7fa3b07f032b1165c692a4047211a9554f2999658ee19e6665136e
manuscript/source_data/nature_commitment_validation_v1/plot_inputs/PANEL_DATA_MAP.csv,2724,c9882dab2ae6f779b6af8f80ac5e5d69de68c9649095fddfeed4c0193597b6be
manuscript/source_data/nature_commitment_validation_v1/plot_inputs/capacity_confirmation_by_week.csv,737,be8579044f748cb68dc3a10e470bd2bc9c025ff2944903cff03e6c18cd81a6f1
manuscript/source_data/nature_commitment_validation_v1/plot_inputs/capacity_confirmation_summary.csv,657,aedbbac9cdc4bb6c4b4b22f66e1ffd9288594c6d8bf1cae93fc06c40abc07ae2
manuscript/source_data/nature_commitment_validation_v1/plot_inputs/capacity_development_summary.csv,3296,956f59d5bfe7010401fdd5a3552dac37a052ab7f692366ef044a5730f29141d9
manuscript/source_data/nature_commitment_validation_v1/plot_inputs/capacity_selected_confirmed.csv,451,fae96131566222fa7f9f4de60d8fdbcef29670cb3f3075e533d26a3c3769d1de
manuscript/source_data/nature_commitment_validation_v1/plot_inputs/confirmation_summary.csv,26458,760c2b12a0fa15262b8227f2442a28815e87636f1d6e169cd893cdc967db60e4
manuscript/source_data/nature_commitment_validation_v1/plot_inputs/control_causal_summary.csv,773,231fff9b373c8ea640289aa041983b3444e7c88d5d2e35ac671f4417b476139c
manuscript/source_data/nature_commitment_validation_v1/plot_inputs/decision_steps.csv,757,565f5becaf1da063e7bbb29beb0040511d2dcf5bed7d83ace6698c83d072dd2d
manuscript/source_data/nature_commitment_validation_v1/plot_inputs/derivation_receipt.json,2741,f42f336df10148c4a58b2afa76051ca577bc8d42185d099e2b6049f6c2c26dbc
manuscript/source_data/nature_commitment_validation_v1/plot_inputs/external_cross_score_weekly.csv,694,94241ca53e9ca13296590a639e63aba1856f83079118c56ae25db831f8a01706
manuscript/source_data/nature_commitment_validation_v1/plot_inputs/fixed_overhead_summary.csv,1737,32297699f7976bdfdefb530e6a63bb0f8507fe3dc21c78e46f40baea0201073d
manuscript/source_data/nature_commitment_validation_v1/plot_inputs/paired_resource_supply_margins.csv,3895,97ffaced32b7716a6c9ad6678c5ba87811c514eaa0748a88fb6fa7fe70378f4d
manuscript/source_data/nature_commitment_validation_v1/plot_inputs/power_reconciliation.json,1525,0515da6d542c527685482c80fcaa53863a516f3ae92457e579e1c8ab52c90fce
manuscript/source_data/nature_commitment_validation_v1/plot_inputs/pv_precision_pairs.csv,44841,cb21c22207b70b5cab924d4913b83ed49156a536c829ad5b0f5e9d141a6bb17d
manuscript/source_data/nature_commitment_validation_v1/plot_inputs/pv_precision_summary.csv,976,3ca0db976ed8a694da1fbc134af96d3aef13d7aa852518729fa689245e872651
manuscript/source_data/nature_commitment_validation_v1/plot_inputs/ready_pi_categories.csv,305,ff8f58eaa7c502412d74d14c5d276f25804fba6c7592e286cd45525172a297ac
manuscript/source_data/nature_commitment_validation_v1/plot_inputs/refinement_development_summary.csv,7639,5392bdebd6ce08cc743893fa85906158503f821e3ff3832002478620d764e04d
manuscript/source_data/nature_commitment_validation_v1/plot_inputs/refinement_selected_confirmed.csv,477,fd274223813768d70ff5635463a22976370daa4245d89527e754cae6cdd7c1ff
manuscript/source_data/nature_commitment_validation_v1/plot_inputs/renewable_paired_comparisons.csv,6116,4c53651116428f5e29ab8a68c6474e5e5e48538a71621adbcc3d0167b386c124
manuscript/source_data/nature_commitment_validation_v1/plot_inputs/single_confirm_summary.csv,2103,b242a84dad0312f735f5d1a960131cbb2308d6e8309a2687a7044d2f846b1a5e
manuscript/source_data/nature_commitment_validation_v1/plot_inputs/supply_hourly_example.csv,126864,a8648fb48beaa0ed09f07148ecb6566a2f0f918a6e6fe3ac2e6d6408512ec1dc
manuscript/source_data/nature_commitment_validation_v1/plot_inputs/supply_margin_trials.csv,142623,b9cd852f84159bf8f5bba56a0a415a4458277ff6260975e304686d660e00a7b2
manuscript/source_data/nature_commitment_validation_v1/plot_inputs/timing_cross_summary.csv,403,5e479fc71626c9f7c965ee296b455f36f09ef3f975688d14ae2a40bdf432a2fd
manuscript/source_data/nature_commitment_validation_v1/plot_inputs/weighted_week_summary.csv,5603,71519be39cdedd5b75e7d34138d20c2783b8679af5d381d5ee204d78b7cf989c
manuscript/source_data/nature_commitment_validation_v1/power_reconciliation.json,1525,0515da6d542c527685482c80fcaa53863a516f3ae92457e579e1c8ab52c90fce
manuscript/source_data/nature_commitment_validation_v1/pv_precision_pairs.csv,44841,cb21c22207b70b5cab924d4913b83ed49156a536c829ad5b0f5e9d141a6bb17d
manuscript/source_data/nature_commitment_validation_v1/pv_precision_protocol.json,92740,be89b276234500890051c32531b0d2863af2b595e3184e23ce4b1ddb052ef4a7
manuscript/source_data/nature_commitment_validation_v1/pv_precision_summary.csv,976,3ca0db976ed8a694da1fbc134af96d3aef13d7aa852518729fa689245e872651
manuscript/source_data/nature_commitment_validation_v1/pv_primary_bounds.csv,156592,fbfc792a739be5d8b154442b563b1707bddc0600d7a4aad73ee3784eecebea77
manuscript/source_data/nature_commitment_validation_v1/pv_strict_results.csv,465721,9aa98be6c2c7cdcec162ce4df048c3c7a1476fcbd22074873c44c2a117900065
manuscript/source_data/nature_commitment_validation_v1/pv_strict_solver_stages.csv,948103,ea917cd5a650c0f75d0c78a8d668d7403d640a73d96cebd8e721545875c093ca
manuscript/source_data/nature_commitment_validation_v1/validation_audit.json,1322,cfa48c61c9cf67e960d1f8cfc7995a9d450818c9607ab2e693967ed9e0bb2f2e
manuscript/source_data/nature_economic_robustness_v1/economic_bootstrap_stability.csv,11821,a2cc4213b990da85767169f8319db4deb4fef89a8d689d368a19110531a52adc
manuscript/source_data/nature_economic_robustness_v1/economic_cost_sensitivity.csv,655878,c7b56698f4e312e552930e3e85cd040a5766493b1d29c1ca9928f4b0ead470e1
manuscript/source_data/nature_economic_robustness_v1/economic_reference_reconciliation.csv,852,dd6b39e1401e5f05ff425b6a79a995054b60cedb50709b70463871718fa84fd1
manuscript/source_data/nature_economic_robustness_v1/economic_service_outcomes.csv,1263,b3515d26d9ee69e3ee709a7a32c6f7a450f1dadabd04db142b546960defe2590
manuscript/source_data/nature_economic_robustness_v1/frozen_runtime/src/aidrbench/cli.py,64372,5ec89c815b034654734159fa50111c1eac8d842044511cc8e6a14c0812a4a8bf
manuscript/source_data/nature_economic_robustness_v1/frozen_runtime/src/aidrbench/data/splits.py,13192,2ec665770e181cf8c52f93d8f17d7370e56d1b8020a8f910d7fa563153396ec1
manuscript/source_data/nature_economic_robustness_v1/frozen_runtime/src/aidrbench/economics/__init__.py,721,2cc4c93a8b832cf574e4bfacaaf87dc98f922e22c945f52811660a7cd7a658ed
manuscript/source_data/nature_economic_robustness_v1/frozen_runtime/src/aidrbench/economics/accounting.py,10241,f5576b37b11c4cc877a2524948e135e64be0b75fa049be3bacb1e85b92032de9
manuscript/source_data/nature_economic_robustness_v1/frozen_runtime/src/aidrbench/economics/capital.py,2635,d4539c99921caac82a85ab0ea2ef5c56c1a849f70f4f7db1231d23c679c8905e
manuscript/source_data/nature_economic_robustness_v1/frozen_runtime/src/aidrbench/economics/opportunity_cost.py,1992,a765b7e7b579abf86760b2cf92b99a2d8500514a208173f4a693a09070664f03
manuscript/source_data/nature_economic_robustness_v1/frozen_runtime/src/aidrbench/economics/specification.py,49855,08ba187f5ea215a216d0df1fb1770763695c90f9441b3bb36ddca9c784edd0e0
manuscript/source_data/nature_economic_robustness_v1/frozen_runtime/src/aidrbench/economics/tariffs.py,2245,b2532675f123ff73d8fbb647c5d5035933460cbf20bab4d1c0893ab2c5924d7a
manuscript/source_data/nature_economic_robustness_v1/frozen_runtime/src/aidrbench/evaluation/economic_cost_robustness.py,23960,fe0ba5e16662814635663b5fe01acbe39cdbb1d4149c3d2d23079306e0601b66
manuscript/source_data/nature_economic_robustness_v1/frozen_runtime/src/aidrbench/evaluation/economic_participation.py,104074,36121d13d59f87c7e371172ba50d343709f13daa8c52ccaf6c6fb48f6a1b325e
manuscript/source_data/nature_economic_robustness_v1/source_data_manifest.json,7313,e564f244c22ce243673b53309c1138189f176fe58a8dbd292fbbaa45e0aaebaa
manuscript/source_data/nature_economic_v1/fig6_break_even_decomposition.csv,22074,83ca58f3b7cad22fb7f5f02e23704f97d838a777d44108f0508e09b894bc9ee0
manuscript/source_data/nature_economic_v1/fig6_duration_break_even.csv,6108,a31903fa47e6777c1e12d7c7c7552082d1aaeb5d4f1a77efef7e9f01449cf8e3
manuscript/source_data/nature_economic_v1/fig6_economic_parameter_provenance.csv,14007,e717ff8f5ff4ea94a411789f26dd12b285114cc1c1b8ad88d986ea4aac17b96b
manuscript/source_data/nature_economic_v1/fig6_external_parameter_evidence.csv,20537,863b5c83b3924859c39849a23b639329a7d75cdc7169e54cea1262eccb6e925c
manuscript/source_data/nature_economic_v1/fig6_fixed_site_overlay_scale_sensitivity.csv,16746,6ca9651f166e49514003a43a486820ab38fc5b9973bd2206d96f0c06259f5716
manuscript/source_data/nature_economic_v1/fig6_mechanism_sensitivity.csv,9200,27dc025112bd3863528779599c41d561b74141eb906f48b55582cc42057a0b37
manuscript/source_data/nature_economic_v1/fig6_paired_event_ledger.csv,152047,d2f61d96d20f6ea5478abf4b65f1794eb60d9f9736272a5468ae2ea7572ababb
manuscript/source_data/nature_economic_v1/fig6_paired_interval_ledger.csv,7499846,b0de0e9c3033b4f3a57e75dba5e6cc4efeb87167d8f5169b0cdf3f84ee45ba97
manuscript/source_data/nature_economic_v1/fig6_reserve_mapping_summary.csv,817963,839da9d652f713b7d3e61c47c8bce8227fa2683cd107839fa93006f2f2f362b4
manuscript/source_data/nature_economic_v1/fig6_technical_economic_boundary.csv,3641,a79f17e8dcd54397a5d4271d04ba1fc08919fbb7266113d9b7d0dd5f98658bc8
manuscript/source_data/nature_economic_v1/source_data_manifest.json,18524,011e3a6a1ea900bbf8ae2669d0308a154a887af3d9ff6d40148fde6eca07206f
manuscript/source_data/nature_figure_completeness_v1/case_definitions.json,4245,298d6486e530ce87fda86613d9531a3a9fe0b929cc14e827c51e6465caaec1b0
manuscript/source_data/nature_figure_completeness_v1/decision_steps.csv,757,565f5becaf1da063e7bbb29beb0040511d2dcf5bed7d83ace6698c83d072dd2d
manuscript/source_data/nature_figure_completeness_v1/derivation_receipt.json,2217,910253980dfc95d7467486823716b3df9f38123fb9175b94f55ffbcfd90dd369
manuscript/source_data/nature_figure_completeness_v1/economic_price_sensitivity.csv,17814,9cbf429920d2a8fb2971f19f065563f91a769153b18d66a2419076de975f99dc
manuscript/source_data/nature_figure_completeness_v1/economic_primary.csv,2551,61467743c7cd5e9415f72f3a4d37a754caad4e9a8eb2ff2a14f3fa7bedc27fa7
manuscript/source_data/nature_figure_completeness_v1/paired_resource_supply_margins.csv,3895,97ffaced32b7716a6c9ad6678c5ba87811c514eaa0748a88fb6fa7fe70378f4d
manuscript/source_data/nature_figure_completeness_v1/pv_all_scenarios.csv,1441892,576cb8d06e0a1e130d1befdacb510e1f59ed4c0688020835db7609c544d32854
manuscript/source_data/nature_figure_completeness_v1/pv_operating_summary.csv,13395,ef6f35bca1652c97964c2823f4cc3d1c7af878b7de9ebea90b872608fe62e39a
manuscript/source_data/nature_figure_completeness_v1/reference_operation_example.csv,53304,43ad087437a505fa80135eccb2e2cf6a50438c05efb31b45ff008ad24519b7fe
manuscript/source_data/nature_figure_completeness_v1/reference_operation_example_outcomes.csv,2424,f58eec9098e14872e3d7ab9bf34ff3d638111359e645cc9a139c468e67238ad0
manuscript/source_data/nature_figure_completeness_v1/reserve_life_sensitivity.csv,2600,4fd2d527a21e3cdce3957a4b5c775325791e110bd2383bac9a0339d779dea6f3
manuscript/source_data/nature_figure_completeness_v1/source_audit.json,810,c5a138a43a0505271f61d2ac9c76af2a3776af66fef772e6da522fc57c2b86ae
manuscript/source_data/nature_figure_completeness_v1/structural_full_request.csv,9148,7d1d6c984bf5d5c16eb1a0f309df90646ffbcbe569fa1b13ef35f1ce2c6ff5aa
manuscript/source_data/nature_figure_completeness_v1/supply_hourly_example.csv,126864,a8648fb48beaa0ed09f07148ecb6566a2f0f918a6e6fe3ac2e6d6408512ec1dc
manuscript/source_data/nature_mainline_v1/fig1_calibration_run_means.csv,1697,22d33e548902d567c945391b1c99f3a01e787d1e9067b73a99f403010720f95e
manuscript/source_data/nature_mainline_v1/fig1_fig2_pi_firm_boundaries.csv,2127,df87a505dfa83848281a7aaa393b3d307ae1cef130f5e3c8f3282753cf5dfcd1
manuscript/source_data/nature_mainline_v1/fig2_fig5_locked_id_certificates.csv,7825,c05f0477785b80a357ddcdb3441f07f8c47d185366c98d58c18f91953fc44eaa
manuscript/source_data/nature_mainline_v1/fig2_notice_mechanism_diagnostics.csv,1206,078c81622a6047cb91b3e141253c0889ab7d01fe279f133fe63007ede5464fdb
manuscript/source_data/nature_mainline_v1/fig2_restricted_na_surface.csv,1373,ff029d8eedccc4b3e518951903e913000af970a7dde36ba934f85f78451ab93b
manuscript/source_data/nature_mainline_v1/fig3_exhaustion_event_summary.csv,17365,4b0d716c8a8b0760d49cbd39fdcc169d2bf6b5ef4afad41323dd46944e3817c9
manuscript/source_data/nature_mainline_v1/fig3_exhaustion_joint_episode_summary.csv,1600,adc7ef232060976e5b7fb3d27a545c0e798259d329e3eaaef900012d96333fd7
manuscript/source_data/nature_mainline_v1/fig3_exhaustion_scenario_events.csv,1963827,afd468efc92c3ed46bac463e1df1fb88ecedcca5537688c1d578492d1419e480
manuscript/source_data/nature_mainline_v1/fig4_hosting_capacity_summary.csv,2575,54cd88787b56e8f77dc368c17f9aec5c2c475f2544d0051410db6b160e6d0a40
manuscript/source_data/nature_mainline_v1/fig4_hosting_paired_contrasts.csv,2956,3d6603a75213d3e4885164781e554f2ae6806a9ecdf7fc21e4a07b2e0bea3270
manuscript/source_data/nature_mainline_v1/fig4_hosting_scenario_capacities.csv,374204,147560dc72790b4727f77bd9747d92ce5c73ff0328043c04c3006d715692e139
manuscript/source_data/nature_mainline_v1/fig4_pv_hosting_contrasts.csv,903,2f9aa63645ded6dc60d94e072e91c6985bde97338a3960a5853dadfdaf020ef9
manuscript/source_data/nature_mainline_v1/fig4_pv_hosting_summary.csv,12046,9a1825aedc8ab59442abeb10f39c06eb1c2e89bd1de8fd6d8b17aaa46d1d92d4
manuscript/source_data/nature_mainline_v1/fig4_pv_operation_contrasts.csv,4156,f39414fc52ea74061ce74dce62c3bf7bceaf688025f7222360bf46b9fa65dd97
manuscript/source_data/nature_mainline_v1/fig4_pv_operation_summary.csv,9255,0c25c7837f7131b21646333eb903958c7a97b07866dd587ca5f786115e1dc0b7
manuscript/source_data/nature_mainline_v1/fig4_renewable_scenario_results.csv,2625835,a9645ef4b96d54a19f9d165e4637042eb899e9d88f0d3b80de735ac8ba44dd20
manuscript/source_data/nature_mainline_v1/fig5_infrastructure_sensitivity.csv,1413,9b90368a52b8c0271826e60d6d09b37f28665f5896887c2f6312c4efa7edeebf
manuscript/source_data/nature_mainline_v1/fig5_locked_ood_certificates.csv,7879,71c365d5083c1bef2896d4acaac21c18a14996e55382f54268e04142a7308aa2
manuscript/source_data/nature_mainline_v1/fig5_power_case_sensitivity.csv,4591,3c63f145949be8e243e5dcb6a499b3f231048659314d4196c1f1a21bb71d3ef9
manuscript/source_data/nature_mainline_v1/fig5_success_criteria_sensitivity.csv,1661,3f0697b19b5b2599187823bf527a986e9695b8d8a56afedafddc260362f9131e
manuscript/source_data/nature_mainline_v1/fig5_workload_sensitivity.csv,1752,230784f3153273c82e1bd089685affc1234e05302193e1cb80ea2eb7af11f4a2
manuscript/source_data/nature_mainline_v1/fig6_community_profile_causal_outcomes.csv,122847,efc6452d738b0f0361c8dc3d5cec54a1cff3dfb944e1ccaeed7df45f6772c5d3
manuscript/source_data/nature_mainline_v1/fig6_community_profile_causal_transfer.csv,1672,ccac999c114692003d763cbee79c21165aadbfd08ec28826854a9ebe7ee5d157
manuscript/source_data/nature_mainline_v1/fig6_community_profile_pi_firm_boundaries.csv,1914,39cdc244f46496901d339b6a60f3a8bd693a35c69ebf4b0072a80e1b0939c138
manuscript/source_data/nature_mainline_v1/fig6_community_profile_pi_scenario_frontier.csv,270859,a308bc22e997eb7c84f7e72bad10dcc94bc79a3ea7e7221b5127225f111bea91
manuscript/source_data/nature_mainline_v1/fig6_community_profile_pv_hosting_contrasts.csv,1324,89ad585aa09730c6c1f08f0d02adf4a5c6a5fa28cea74b4e94997f011a5cffbd
manuscript/source_data/nature_mainline_v1/fig6_community_profile_pv_hosting_scenarios.csv,265779,c31d052462a2ddb8718b4466307eca453a4b6da9dd3ee3ae61e61bd06e5cecd2
manuscript/source_data/nature_mainline_v1/fig6_community_profile_pv_hosting_summary.csv,1768,8072f5f243447684ef0805fc0b4fa85b67e728f1ad72b8366a878a8e2b7d958b
manuscript/source_data/nature_mainline_v1/fig6_community_profile_representative_curves.csv,57663,25a0d71837a707bf21c006881c2de017519537d6f156b1af659ca39ba6a641e7
manuscript/source_data/nature_mainline_v1/source_data_manifest.json,40064,df801e4557ef7684054185df9317df4784673b9fb82a6c6e55ed784fb7fdd0f3
manuscript/source_data/nature_operating_tradeoffs_v1/COLUMN_DICTIONARY.csv,43782,537974edbee8c30b8130949d0dc88ae5e4ee2934f0a3ed80374be2f9a1e96732
manuscript/source_data/nature_operating_tradeoffs_v1/FIELD_GUIDE.md,2908,bf4a846146a71def4963634d50d57643ed8aee39157d1e62fa3a44fd9a250736
manuscript/source_data/nature_operating_tradeoffs_v1/GITHUB_SCOPE.md,481,eb5fe4ed4fa957ddc7f9c024e6fe04f1306fc22fb1d0a8227f23f82a63e69260
manuscript/source_data/nature_operating_tradeoffs_v1/PANEL_DATA_MAP.csv,1665,1c98ad81f92303268402be85344d45634244267ae2365a7fe964f9d16aaec24e
manuscript/source_data/nature_operating_tradeoffs_v1/README.md,2957,21304e67bff08d53a1782550eeb0a229bd4b7a3636b40af5f4517d707526256f
manuscript/source_data/nature_operating_tradeoffs_v1/confirmation_summary.csv,26458,760c2b12a0fa15262b8227f2442a28815e87636f1d6e169cd893cdc967db60e4
manuscript/source_data/nature_operating_tradeoffs_v1/cost_components.csv,10637,8edf2014c9581a698ec01cb5108ff85e6145aa1b5391c0a3a31be8697cc184f6
manuscript/source_data/nature_operating_tradeoffs_v1/cost_reconciliation.csv,3280,15313b783ea7c09cc6f2895a3cd195d24c231ec24946bede5fa9a2d72c2ad6b9
manuscript/source_data/nature_operating_tradeoffs_v1/development_summary.csv,43894,c4303c69e7363ba656cd8040162637aacac6833f9bba6850b60557b448723abb
manuscript/source_data/nature_operating_tradeoffs_v1/duration_price_frontier.csv,25931,65453507c40f9260dfd4836c2ae2f3e82f5950f7ef8ad3f78b950cab24b4c9db
manuscript/source_data/nature_operating_tradeoffs_v1/export_receipt.json,241,23dd60e1a72fdb7f619fe2494baaeec1b32598fb9e98b42b7be36c39638c8c2f
manuscript/source_data/nature_operating_tradeoffs_v1/inherited_zero_deadline_check.csv,3334,e2e169050b6524f558032834615a0c7a06cc6ccbbea588fcf8828b42480a9511
manuscript/source_data/nature_operating_tradeoffs_v1/low_shared_fee_sensitivity.csv,220066,df7e1ebab73c534b16b0482dfd7b0bb97042ceccedadff246e37cce7b00c68cd
manuscript/source_data/nature_operating_tradeoffs_v1/paired_structural_contrasts.csv,10545,98c4fa9acbe080621b5afaee5126addf13546ca36f1fe5d3fb05990dab8fc942
manuscript/source_data/nature_operating_tradeoffs_v1/production_hourly_counts.csv,18518,5b85488af7f162d33ba7ffd10f24928883a66589becef7d584788d48f65afe43
manuscript/source_data/nature_operating_tradeoffs_v1/programme_choices.csv,45610,99f55447fdc4b9c5377d421831fa99058705e3bab3de9c36e1a9efc90e54eda0
manuscript/source_data/nature_operating_tradeoffs_v1/programme_value.csv,279480,044eddfc8dfe381ac078a505b9dc040bb96a89f231fce944caf0e614377e3900
manuscript/source_data/nature_operating_tradeoffs_v1/protocol.json,4243,45f5d6b439ee915496fe5da87a68d8fd434275ee035c9e3ce9823119cc4193d9
manuscript/source_data/nature_operating_tradeoffs_v1/ready_duration_price_curves.csv,243412,a4cf7bb9c03a98115f148eb8f99f0daabb95c4fd5b65414a357321f10b89747e
manuscript/source_data/nature_operating_tradeoffs_v1/selected_offers.csv,2541,7e7de20fd4c9dffd81f9763e7e14774fe34dd31794fd333234b7f180fc8d1dde
manuscript/source_data/nature_operating_tradeoffs_v1/selected_offers_confirmed.csv,3437,ccbc8880a2df6974f6f4bd59bcaa27676830aa54d3b54cfc8cd4b3d38313f6c1
manuscript/source_data/nature_operating_tradeoffs_v1/selection.json,2244229,035535269fcf88612caf34d2699fab2961dcb4bb39ba849a9a376ee68ddd6412
manuscript/source_data/nature_operating_tradeoffs_v1/structural_cost_components.csv,6975,353ee8ce5a270bbe1443f19ff2e6e68e2cc0711d847fb89e4ebf5c486dd87933
manuscript/source_data/nature_operating_tradeoffs_v1/structural_duration_price_frontier.csv,15778,1993bfbda378a892c5dcc10d9207442e8ee98c233f9657cb70bce8cc639cb3ef
manuscript/source_data/nature_operating_tradeoffs_v1/structural_economic_primary.csv,12730,b9e1c5b11d6fb41e9765d6fc66b5756abbf140323d5a08833f6504f61fc1d6cd
manuscript/source_data/nature_operating_tradeoffs_v1/structural_economic_sensitivity.csv,229596,81cdcb9f1402dcd0fe5a082628646b2ac00decac4d471dd9518e55e345fcdd25
manuscript/source_data/nature_operating_tradeoffs_v1/structural_entry_examples.csv,1009,6635ffed3eecd9fe262af1f7d0fc54995dda8be37ef34a7d9846e280f0135483
manuscript/source_data/nature_operating_tradeoffs_v1/target_call_pairs.csv,959,d07dc7f89e449dcd60207c5cbbfcd981d60a92527d66acc0217d0764e2d46edd
manuscript/source_data/nature_operating_tradeoffs_v1/temporal_aggregate.csv,874,5c82880f2456f42a51d5cdb20047a0ca32f8ee7eb5b2a3598f74d4232a4de18a
manuscript/source_data/nature_operating_tradeoffs_v1/temporal_events.csv,1550447,b25dd449fde1ed9cee304b90220536ee99c98096c8d49a8a4af6e86f57fd5d5b
manuscript/source_data/nature_operating_tradeoffs_v1/temporal_ledgers.csv,1445329,44849a2cc562772ba7f8638f3bbf7a7f16ed8a399337f01c35e966c04ee911b6
manuscript/source_data/nature_operating_tradeoffs_v1/temporal_protocol.json,278834,6e2c3eda57aeb1d22ae3b2da8939a6511620096bf5113741e7ab27b98cd785a1
manuscript/source_data/nature_operating_tradeoffs_v1/temporal_week_summary.csv,12790,fce3df697931223f85e54da364f1597e9ec52c0a91ab254ab9fd85d949f2d34d
manuscript/source_data/nature_repeat_mechanism_v1/COLUMN_DICTIONARY.csv,46488,93bfd8f147f30ef6ce4903304ff948757fbaceef44650592be699582f1964b27
manuscript/source_data/nature_repeat_mechanism_v1/FIELD_GUIDE.md,4648,ec06cf717b40f8fbae33827480380c095dc2e9ed75b3fedbdfa2c0e48f746582
manuscript/source_data/nature_repeat_mechanism_v1/GITHUB_SCOPE.md,481,eb5fe4ed4fa957ddc7f9c024e6fe04f1306fc22fb1d0a8227f23f82a63e69260
manuscript/source_data/nature_repeat_mechanism_v1/README.md,1511,804523f7862e644a1caa51f380edd10b695e7b62391ed3083a22fd2f547b2a51
manuscript/source_data/nature_repeat_mechanism_v1/confirmation_summary.csv,9234,f5b7a90439a577f96e05652496cf4971919eb6520e8574edd3cf6e110e5e4562
manuscript/source_data/nature_repeat_mechanism_v1/development_summary.csv,18476,547302467b0e4a2d82779e26c1b967bf05f6aac50206c9f3fc04c5e40cae352b
manuscript/source_data/nature_repeat_mechanism_v1/economic_primary.csv,30681,ae6dae7d0589b13d0184a135166b14478c0821499874c2f06e54378c7236375d
manuscript/source_data/nature_repeat_mechanism_v1/economic_sensitivity.csv,210978,1bdc85af8a3d6b650220b7fad058e757d142e59088dca0db9b2f786e862a35db
manuscript/source_data/nature_repeat_mechanism_v1/export_receipt.json,221,5a4d09b207027fbbe9bcc5bffcb6c2f430d318d057796f6f54c28c51349b9f97
manuscript/source_data/nature_repeat_mechanism_v1/illustration_all_window_greedy.csv,379072,48a23289b2acb7f08cea72a05a5038aac816960efe00d6527179dff8e2b860f7
manuscript/source_data/nature_repeat_mechanism_v1/illustration_all_window_mpc.csv,394555,18bdf95829a88a30a9fbe0b736d6c4efcef9e20f0b920c23ac7eab6995b74a51
manuscript/source_data/nature_repeat_mechanism_v1/illustration_original.csv,392218,eb6e8146f86ce657e5f02a4ed0c90c44be35b0444f74da95c5ae271e8c09facb
manuscript/source_data/nature_repeat_mechanism_v1/illustration_selection.json,178,f73e0849e16edd4643e8e79cb9632d5c52752495a6f8430eb1cd6195af2fe301
manuscript/source_data/nature_repeat_mechanism_v1/illustration_windows.csv,1334,7d67b3481d427d07b7c193ec761e5ffcd2d3b59dec42966dd0e5abcd673ada38
manuscript/source_data/nature_repeat_mechanism_v1/paired_controller_contrasts.csv,1829,63dbd0ff9b4c71778d9f154eb49fd2f28e7c7be04a9825a98acb665fb23dfc76
manuscript/source_data/nature_repeat_mechanism_v1/protocol.json,2382870,b28871617f9cfd9b4107a0ec94f6f7ae22dae00af506e76d0534b392b413245e
manuscript/source_data/nature_repeat_mechanism_v1/selected_offers.csv,1734,f50a14ad15d7d506e70b085a8e91636a8a79e51ad9dfba3f9443d53ef81dc5ce
manuscript/source_data/nature_repeat_mechanism_v1/selection.json,3279773,d37645187bec39d3c17556d59d3ce9f2279d0c9a0910343110db5c1c6ae87bc6
manuscript/source_data/nature_supplementary_v1/representative_trajectory_metadata.json,622,ebcecc3bd42a199ddbe657eb3c867ab8ed3decf279d67cbd2c2c4561455971b6
manuscript/source_data/nature_supplementary_v1/supplementary_figure_2_calibration.csv,2335,d80c99386b110aa3f0856b31d17dd1c771d59d4a5fdf9526cc74d0228d4c099e
manuscript/source_data/nature_supplementary_v1/supplementary_figure_3_observation.csv,3950,e64f1630977fee900e1f0592c54977aad34d7d0316113d4ae2c131b13f845738
manuscript/source_data/nature_supplementary_v1/supplementary_figure_4_trajectory.csv,6512,77d63b8e0006014d4929cf153d0680186f39eb8e79016c15239d4b2cca42285b
manuscript/source_data/nature_workload_composition_v1/COLUMN_DICTIONARY.csv,341987,f534ba14c093a97a92ccb497ee2bddab064e7178e9036e18fbe5185a717fbdb5
manuscript/source_data/nature_workload_composition_v1/GITHUB_SCOPE.md,481,eb5fe4ed4fa957ddc7f9c024e6fe04f1306fc22fb1d0a8227f23f82a63e69260
manuscript/source_data/nature_workload_composition_v1/README.md,5290,a0262f886072703e2a4a9f50dbb89ac38fb89a7caebf84be94857d33e36656eb
manuscript/source_data/nature_workload_composition_v1/calibration_class_summary.csv,401,77e35739943be7012311456d3333efbdc88cfd4feb1f1b4d142da8bdf7a877bd
manuscript/source_data/nature_workload_composition_v1/calibration_run_means.csv,2931,c3ef9a149d9485d2dc809fb6b1098e4e7ea6707b82f106fcd68afcf7576d6534
manuscript/source_data/nature_workload_composition_v1/case_definitions.json,4245,298d6486e530ce87fda86613d9531a3a9fe0b929cc14e827c51e6465caaec1b0
manuscript/source_data/nature_workload_composition_v1/control_causal_summary.csv,773,231fff9b373c8ea640289aa041983b3444e7c88d5d2e35ac671f4417b476139c
manuscript/source_data/nature_workload_composition_v1/control_confirmation_ledgers.csv,1236522,e377720e9e08caa3dbe38243a24cafa8375392ca8dbdfdb0ea52382a7ca25f41
manuscript/source_data/nature_workload_composition_v1/control_pi_boundaries.csv,2472,f0ecdadb3b783decb5d07b90d7f4f01e5b7958f5a085c179d07db66f94381873
manuscript/source_data/nature_workload_composition_v1/control_pi_scenarios.csv,317510,9c242495429ed1361a4bf6f7a6bf642b49e9abd3577b5dc5ae4b00fdb66075fb
manuscript/source_data/nature_workload_composition_v1/control_renewable_scenarios.csv,1317680,77e35e6aefda515635bd8476cb5e3bfea5337e65ca303399f02ae4fb3ce83be0
manuscript/source_data/nature_workload_composition_v1/control_scenario_index.csv,370603,c86d89f4199e11211645f08a7c0902d09d6e4a08b5c5eb1e05bfb912c97424b0
manuscript/source_data/nature_workload_composition_v1/economic_price_sensitivity.csv,274797,4793548278ac23585f83d75e00072c386fcdf68a01b2fb856b5918f2bcf9dac4
manuscript/source_data/nature_workload_composition_v1/economic_primary.csv,33043,e562688d522e60f2be41406af05e955461b48cf66aeac57d9d252835a2c42c57
manuscript/source_data/nature_workload_composition_v1/export_receipt.json,773,4ab26e2409b02d1648b02ffb31885142bf2e335b849ca6b25459c9b457734ced
manuscript/source_data/nature_workload_composition_v1/failure_attribution_counts.csv,7233,3c4934778d2559f3f031b0d1648d2808e4bbee182c7a91329967220a8822b136
manuscript/source_data/nature_workload_composition_v1/notice_paired_comparisons.csv,776,08c69b0783b79021f876de443fc96ad85d0770679ee783aa2d94022e59900e95
manuscript/source_data/nature_workload_composition_v1/numerical_reconciliation.json,1138,1dd632224af1d74f20d11a048f7864d95c96e77957d92ed3a1d8447e94e7d243
manuscript/source_data/nature_workload_composition_v1/pi_boundaries.csv,5725,e8a15eeda2aa51cb6c79135bd2d39e46dd69ccfc71213c9bcc93e69fe9267099
manuscript/source_data/nature_workload_composition_v1/pi_scenarios.csv,775423,1957f72afd343e489470e5c8824e56ea12e220944e8d339cb394adf9e2bd0679
manuscript/source_data/nature_workload_composition_v1/renewable_numerical_precision.json,774,b349c869494ccf40ddc8d5074cde68d4f45f6d8dd8caa56df5c95db5bd52bda8
manuscript/source_data/nature_workload_composition_v1/renewable_paired_comparisons.csv,6221,8cab8b59d9cb517250154ea3ecad9623db730029aaa61012c83f0db8ddf336fb
manuscript/source_data/nature_workload_composition_v1/renewable_scenarios.csv,1619786,26bef0a1637671c66ccfaebcbee856c0477eb32bc6c9f147c54264f63fc72c54
manuscript/source_data/nature_workload_composition_v1/repeat_confirm_summary.csv,3680,e902965bd0b9203b8c0e3726aab076c1f2c362bdae0e9c3b6f312551c014d3c4
manuscript/source_data/nature_workload_composition_v1/repeat_dev_summary.csv,3050,225558f66b83824f8d2f1528f613de06f891102c5a18ae40cf2a0acb46bae29f
manuscript/source_data/nature_workload_composition_v1/repeat_paired_comparisons.csv,1467,bbd19d14f57eac14728255309ac6576d437c3f54ed719569aeb3bf0bdbee7bcc
manuscript/source_data/nature_workload_composition_v1/repeat_selected.csv,804,1bd71e415489535014497e11aebb4f80307d5a9f09830c78388937828f250c6f
manuscript/source_data/nature_workload_composition_v1/reserve_life_sensitivity.csv,33597,4730b2c28c9ed5070f796af317abb3c3cd7980850c8893bc96513b821573d5aa
manuscript/source_data/nature_workload_composition_v1/scenario_index.csv,601981,8ebae4f22ce6ab1ff91f34e4c04cb6dcacd08c0b5a7be6349b63f57632a0d47f
manuscript/source_data/nature_workload_composition_v1/single_confirm_summary.csv,2103,b242a84dad0312f735f5d1a960131cbb2308d6e8309a2687a7044d2f846b1a5e
manuscript/source_data/nature_workload_composition_v1/single_dev_summary.csv,2804,4c39558028e3f98dbbff8a94c338209a3d585cf803ae85873f0e91771028c13c
manuscript/source_data/nature_workload_composition_v1/single_selected.csv,948,63be2131b1b0dbc0d1e5eaff5b59dcc53abe267de8d2dd758f9008a90f6fa8e8
manuscript/source_data/nature_workload_composition_v1/source_audit.json,810,c5a138a43a0505271f61d2ac9c76af2a3776af66fef772e6da522fc57c2b86ae
manuscript/source_data/nature_workload_composition_v1/source_mix_by_class.csv,699,012065cbc547484082c901fe587226e51fe709d2a80c9c812139f1be84129694
manuscript/source_data/nature_workload_composition_v1/source_mix_by_class_priority.csv,1843,053840f47d71763d4545ea0d8c19e2c04e3aa30b40a0ca92cf2ecd024187b11e
manuscript/supplementary_information.md,94728,42582748a33f5c5915e780bcbe1e66eb8ca176ffa57f2c9f617ca58063b0fca3
paper/v0.27/VERSION.json,382,bafdd2b10ca9580ff0296fbf283ee4edb11b2e69a160c07e1df15737315f6127
paper/v0.27/chinese/main_bilingual.md,130242,87d6f3429141be33b2ec985f4bd873ceb96571e66581e5ab445b2c5a842a28fe
paper/v0.27/chinese/main_zh.md,60859,fa90ba122f5410541c2a6ce21dc776e416a60d9e6331012e4255c707a7d4b2bf
paper/v0.27/chinese/supplement_bilingual.md,184968,952cc8bdc4b6093c314bbc4d3ac1bd521bcf80b7a03f77695eee96f3e0ef229f
paper/v0.27/chinese/supplement_zh.md,87153,e7f9ea8269d673915d0de603fb74d3e7a7edfa278c081143ccacd5312effeb9d
paper/v0.27/figures/main/01_FIGURES/AIDRBench_Figure_1.pdf,1502060,ff541d875cedc1b7c3e12f42b22deadd46c8fb94949fb4e799d8e698b90e4d79
paper/v0.27/figures/main/01_FIGURES/AIDRBench_Figure_1.png,903677,c984267b1b751ce217b1721e07b1d1ba143e5b46694ac8386e1e233f9c12d158
paper/v0.27/figures/main/01_FIGURES/AIDRBench_Figure_1.svg,53452,84e0eb953768c2d921b7c9f993e84fdc7c6bca603fa6cdbaf877762f7d9fe6c1
paper/v0.27/figures/main/01_FIGURES/AIDRBench_Figure_2.pdf,1501003,1a6fba5e2b2aa9274df411fc13dd74d6a01bdfb07769bd7504d5ecbc8381b715
paper/v0.27/figures/main/01_FIGURES/AIDRBench_Figure_2.png,209931,d5490f17d96cb5d1826577065ff60e585f78e4d6b18a0bd222271ab1bc202c5e
paper/v0.27/figures/main/01_FIGURES/AIDRBench_Figure_2.svg,61892,6a454b746403072bf1f260e2674df964043b49ae61e1f719a65bcefbb6c4fc9c
paper/v0.27/figures/main/01_FIGURES/AIDRBench_Figure_3.pdf,1504607,593d2a5ed69b28a69e21e986de568c80006ea54f8452a25252a51a6ac161664b
paper/v0.27/figures/main/01_FIGURES/AIDRBench_Figure_3.png,321547,c5d050b7fbefc82451f7d3401d8321c86926bedc009c961dea3058dd943e4a4b
paper/v0.27/figures/main/01_FIGURES/AIDRBench_Figure_3.svg,123983,4ba643a2ab9a191c038a1a59c159e10c42b446e3c9abfbd55cbdb3bbcad88cf1
paper/v0.27/figures/main/01_FIGURES/AIDRBench_Figure_4.pdf,1558851,8bb9ef181e94b2cece220f7389f63a8b9624b387296c2c688ac545ae5f066330
paper/v0.27/figures/main/01_FIGURES/AIDRBench_Figure_4.png,517173,7190565fc66eafa916d765a1b01a561a314b6895ed63441b158e5b415f3d0592
paper/v0.27/figures/main/01_FIGURES/AIDRBench_Figure_4.svg,481444,ba52798d941814d83449f0e30ccc33b22698cd9e703772d385a0b0b09744e30a
paper/v0.27/figures/main/01_FIGURES/AIDRBench_Figure_5.pdf,1510321,3811cfe1c6a9068b55194f80b0584572f1d433f11baf150966d5a39a427b126f
paper/v0.27/figures/main/01_FIGURES/AIDRBench_Figure_5.png,277828,a2d06df59898a2797122ac7ccf6ad5ed629bea3e0c2079e6692d12bf02e70811
paper/v0.27/figures/main/01_FIGURES/AIDRBench_Figure_5.svg,114920,f73ff8b3b8068f167661edcc8d036f9a323375e926fd1ec3d35db0de0a986c83
paper/v0.27/figures/main/01_FIGURES/AIDRBench_Figure_6.pdf,1512098,d5036e212296e131f3b502c5daf922a7c5ae53802ee72827499af9c29897ff55
paper/v0.27/figures/main/01_FIGURES/AIDRBench_Figure_6.png,287486,398f9d06b461129052cfb70cabc112032a9223c68f674aa39f87ff1cc0fa262c
paper/v0.27/figures/main/01_FIGURES/AIDRBench_Figure_6.svg,93732,e2670e8e38a0e5ffc6a07876cf87f86c05226ebb1762b3fc42db214d766e210a
paper/v0.27/figures/main/01_FIGURES/Figure_1_assets/image_01.png,27335,630c7e9ea1f1e50b89cb8eabcac6e8bc471fb21a71dcff466025de2c9166cff8
paper/v0.27/figures/main/01_FIGURES/Figure_1_assets/image_02.png,102878,9ae54b1267c865af554d8aa54174ed8a120a81ddb0d3f10f825ea37db3a5ab5f
paper/v0.27/figures/main/01_FIGURES/Figure_1_assets/image_03.png,465223,3c03bbedb4466bd9229fb7e9ef713acf1725388c3d26057eb21a8e379d4ee332
paper/v0.27/figures/main/01_FIGURES/Figure_1_assets/image_04.png,19341,cd434518c3232fde165858b1cea75f929037735cb130480a1bd070974acdea85
paper/v0.27/figures/main/01_FIGURES/Figure_1_assets/image_05.png,11583,ab3e173a094d8c03349608a60ffbc46b2a73edf232d888361ea6c93614a2a921
paper/v0.27/figures/main/01_FIGURES/Figure_1_assets/image_06.png,21818,872e22f172cb3e45d28d378102a15a378e95c16c12b7190e1604935a50ec203e
paper/v0.27/figures/main/01_FIGURES/Figure_1_assets/image_07.png,18400,eb3336fe95372a083d208768eb884e794bd18bab2f2e30a5c69631df4dc54d3e
paper/v0.27/figures/main/01_FIGURES/Figure_1_assets/image_08.jpg,58773,62437590630b8cef4d13c74d7e8817f9b95dc73bba6f8828fe754a1f07a6edd4
paper/v0.27/figures/main/01_FIGURES/Figure_1_assets/image_09.jpg,95334,9bfaaf4476c416ffd7ba760c9f5c7e741d23a51201c65a775c97d99cee6d9f25
paper/v0.27/figures/main/01_FIGURES/Figure_1_assets/image_10.jpg,335584,fb8bc4b2ae8a2278ff2abdae0ea4c8c08a0588fe668569d236cf54888d1eec76
paper/v0.27/figures/main/01_FIGURES/Figure_1_assets/image_11.jpg,170937,eb8559d333e53ec078868266e2695503b322bb290fd8142865e7bd025e2e365d
paper/v0.27/figures/main/01_FIGURES/Figure_1_assets/image_12.jpg,23411,dbaece0e10e4a63ecf6f8e6d1e2ab066d8c31b75aa5e2b188f332a13e1ab18cc
paper/v0.27/figures/main/01_FIGURES/Figure_1_assets/image_13.jpg,22401,7ef8f23dc82d8fa21b5de3d3ee0430e8da9f239ff1a659dafd6b2c6903fe77a5
paper/v0.27/figures/main/01_FIGURES/Figure_1_assets/image_14.jpg,31546,e9986982780aba550af33f0bc632ce3e813bfa190d580a335c3ac82085089898
paper/v0.27/figures/main/01_FIGURES/Figure_1_assets/image_15.jpg,32027,f31440c4d80045751654dee8238ea5f8eab4f2c47ca87705d23e820784d16ed4
paper/v0.27/figures/main/02_PANEL_DATA/F01/F01_READY.xlsx,5336,72bed41ec0c0d4207bb49c92100144de209e5e8f6cc9b2bab42d4e48db2fb6d9
paper/v0.27/figures/main/02_PANEL_DATA/F01/F01a.csv,1382,95bba52423ab757c86dc130555e8e3ea57f15772190fb8936e1c047319dd9936
paper/v0.27/figures/main/02_PANEL_DATA/F01/F01b.csv,243,32e7f943dacee93af4ac790ca09b9018ace3f3eef4d615d750933e175b87bd0f
paper/v0.27/figures/main/02_PANEL_DATA/F01/F01c.csv,548,068a1df4f7c86780d65ac07299df0e046c6a62324b34ce0bddad97884b0be763
paper/v0.27/figures/main/02_PANEL_DATA/F02/F02_READY.xlsx,6829,8e2011ea34b4811b1cc5db4cc4f08149dd81e0de297f88cba43baa62d39a1fdd
paper/v0.27/figures/main/02_PANEL_DATA/F02/F02a.csv,761,0fc3ce79efa930ce135b5a7a264d525037b302a36240737b84ca69ecb93831a8
paper/v0.27/figures/main/02_PANEL_DATA/F02/F02b.csv,563,327b7f340db4ac4316465d5b63fb6d0e05ef37b564961ea509380badabcd685d
paper/v0.27/figures/main/02_PANEL_DATA/F02/F02c.csv,383,eb6e30de8e5df2217e5d355a2f33e027cdfe633e6e7afd458d0b9b31a0c85c05
paper/v0.27/figures/main/02_PANEL_DATA/F02/F02c_conditions.csv,1702,e94584201ed1022b1438fec6f762db2d1496a30329469556a0ebec7f92ff8097
paper/v0.27/figures/main/02_PANEL_DATA/F03/F03_READY.xlsx,6410,8d020db6803b1bf01a322ae643598e652db676d72db75cf94947a0ea7dde9911
paper/v0.27/figures/main/02_PANEL_DATA/F03/F03a.csv,164,286995ef04a437eb7a23e90336da6e7b47fe8c7a964b3d94986d7b1f4617eb93
paper/v0.27/figures/main/02_PANEL_DATA/F03/F03b.csv,999,f2021b75864b6b4f93a10e35ca7f0890985bf4cc64715fc7f228f2d555ed7125
paper/v0.27/figures/main/02_PANEL_DATA/F03/F03c.csv,297,7246c74a770a9b95cf419960157d59aa76bf3ad3675dd29e702f3a64cf5b2a39
paper/v0.27/figures/main/02_PANEL_DATA/F03/F03d.csv,207,be5c09385e49bd2651738ede5ac3b050a756cc9e9867d93508d3feeb12ffdd0e
paper/v0.27/figures/main/02_PANEL_DATA/F03/F03e.csv,91,7eb77ac5ca87298739ce05780dbe1dffec86090364e4db2a56e92bac20263db1
paper/v0.27/figures/main/02_PANEL_DATA/F04/F04_READY.xlsx,29294,a6fa7d3cbb7454d93659d8cc1537a35bf72e4f91917b7719beba8e21d7faeafa
paper/v0.27/figures/main/02_PANEL_DATA/F04/F04a.csv,7258,39e3711204c69f15f53d7dc1c2fe4bbd83829656039d425f1e6e2aa1a7e093f0
paper/v0.27/figures/main/02_PANEL_DATA/F04/F04b.csv,11168,f758675a9fb8ea961d18ae8ef29731a9e2131c0b397afeef474c226fff7effa8
paper/v0.27/figures/main/02_PANEL_DATA/F04/F04b_windows.csv,79,409f5749f8675711c0d62c456dc0fca1c79e48c44ba55102b38f70d6ebcc0f49
paper/v0.27/figures/main/02_PANEL_DATA/F04/F04c.csv,9044,6eb56a2cf3f85a5d208cec41f6ad812100aff617cb2f6f1a79027a9a5d5e5b43
paper/v0.27/figures/main/02_PANEL_DATA/F04/F04c_windows.csv,168,cc68e324f0ae83cdd4fe60e34ccca25030aed7222edee50cdf980956fcf24e44
paper/v0.27/figures/main/02_PANEL_DATA/F04/F04d.csv,6312,98ee77a315a59c7190c97cca356c5a1cbc761aeeabea9ddd8403a72973264adb
paper/v0.27/figures/main/02_PANEL_DATA/F05/F05_READY.xlsx,5821,484c87b01c847d9354ec6df92f4e33f76d93c422493b9a45e7b56489e0106958
paper/v0.27/figures/main/02_PANEL_DATA/F05/F05a.csv,208,cda1fe6135d562db2a5b0f4caa85832d4a1855dc199a88c5d8c5d607f12b106f
paper/v0.27/figures/main/02_PANEL_DATA/F05/F05b.csv,220,d34d0d5d834196423e771d1d15d13451292ff9fbbd1da455235f5a113b05a8eb
paper/v0.27/figures/main/02_PANEL_DATA/F05/F05c.csv,219,4255776dece28d8265a9101bf10d1d305bd0fcdce4e5c697915ed485aef8fce8
paper/v0.27/figures/main/02_PANEL_DATA/F05/F05d.csv,231,2ecd50431ccb2105dcd35fd371ba41c69099e27ffadfb5a3e78c554904bfee41
paper/v0.27/figures/main/02_PANEL_DATA/F05/F05e.csv,192,1e1324fc25891ba61e9f59efbde1a2e1322b96c657fdca4b0974053a313379f6
paper/v0.27/figures/main/02_PANEL_DATA/F06/F06_READY.xlsx,47983,0fb557262f1b41083c7355e3a98af9e9c514f06e80eaf52c413742640a3fa638
paper/v0.27/figures/main/02_PANEL_DATA/F06/F06a.csv,17137,c0f88d657e1b1dc7184b7036b36264738d87deba5fd6c67d043c081d0c3f3ef4
paper/v0.27/figures/main/02_PANEL_DATA/F06/F06a_means.csv,109,9cf64907de692788d712676fed1aaabcdca3959a912d7107f30ffb1afb4433fc
paper/v0.27/figures/main/02_PANEL_DATA/F06/F06b.csv,353,c14dfbf85b52546362ee94cd0d095d30bdbb2548614e790af4f537c3c22e6fc9
paper/v0.27/figures/main/02_PANEL_DATA/F06/F06c.csv,174,684c259706df26e6c7cf8291bb49393da5314fb9356d748d0fb67992dbda073f
paper/v0.27/figures/main/02_PANEL_DATA/F06/F06d.csv,24494,a4395a135b7c953a4b605d425d74596709f0a03fccf399b06c4918810ed18677
paper/v0.27/figures/main/02_PANEL_DATA/F06/F06d_regions.csv,25730,29499d8d36c2db4d0794c5cef4f31ca90d8b10a5d83dd17c2a599c18b35ba78b
paper/v0.27/figures/main/03_EDITABLE/AIDRBench_Figures_R8_corrected.pptx,11800083,89aa9373441eb30930f50cec7cf1415486e20c3d331a8e31cea47383be2f8931
paper/v0.27/figures/main/03_EDITABLE/F02a.svg,15838,9219d50251f00b2f05234e300913132de528b88b6bbc945b0997b792ea9b4789
paper/v0.27/figures/main/03_EDITABLE/F02b.svg,12831,31e79ef091877a110868dfb90a15ad23e0a54e419dbe8db99bb004d4e094830a
paper/v0.27/figures/main/03_EDITABLE/F03b.svg,20449,aa10121dd7ac55d229c8f2f032f56689db71f8d10d84b135576d9fba042a50c5
paper/v0.27/figures/main/03_EDITABLE/F03d.svg,10410,56a7cdab849afd2836334225efd86e7d516ff7c8da2df92e660c5d12dd2fedc2
paper/v0.27/figures/main/03_EDITABLE/F03e.svg,14195,e692df8bae19eea6b5bf0e21faa2627bcd7248e8b5859352225db3b1cda2847a
paper/v0.27/figures/main/03_EDITABLE/F04b.svg,20728,0e7bf0867b6c41edd75682b426f06566d3d70d499c3bbdf36839964ec7941479
paper/v0.27/figures/main/03_EDITABLE/F04c.svg,22603,d217cdc18bf56d137b4de0fe25da0bc78b67c1bf31d930d1ea9d280d871e1ffc
paper/v0.27/figures/main/03_EDITABLE/F04d.svg,18773,7b44c5457f87bed58c0da46ab88cd13b751d4c0a0947c73bc358bd99dbc9af5f
paper/v0.27/figures/main/03_EDITABLE/F06a.svg,37543,8fa549c44fd0769f4a5a47475b790acfc61cecf3ef5c0f2714b1ef71f7d1bb86
paper/v0.27/figures/main/03_EDITABLE/F06b.svg,10709,0ff4452ff779c9f8eadf566eb9850905e38b6aaac2162346e09cf1b896d0c01b
paper/v0.27/figures/main/03_EDITABLE/F06d.svg,37401,5f690934d4a371bc716085e95bd6edfa4b250635da4017cc7fcac08552dac246
paper/v0.27/figures/main/04_ORIGINAL_INPUT/README_历史原件.md,157,7f30f82a3afb7589fd4a49caebff4e18d8413cd94f7d3e3e07c12d939e6c51b1
paper/v0.27/figures/main/04_ORIGINAL_INPUT/author_original_0915.pptx,11869669,9b47bc53c3007b604b173d3454f3825061b45759e05e68ba6fb62f6bae13384d
paper/v0.27/figures/main/05_CODE/finalize_artwork.py,2354,5745718ee2f2a663aa84f98308ec39d246fbb7ace64b433e4c26546a2cb94d72
paper/v0.27/figures/main/05_CODE/integrate_figures.py,18507,ac31ed52ca32c5dfa624acc71e91d41170731a32f6201379a0226f40951f1f3f
paper/v0.27/figures/main/05_CODE/requirements.txt,32,8ae6455d38fffe2e67751b8573737d2dad7baf3b4e20a661a8a6960f2dc83a8e
paper/v0.27/figures/main/06_AUDIT/README_审计解释.md,956,827c144f5dd940833a59ce2ebd4cad2d85ece17670d9e46d69e54723211ae5fa
paper/v0.27/figures/main/06_AUDIT/crop_log.json,2430,96c25a99eb2f3271a626db8d15e93994f6dbfa767eddecdf064d55ebc615cba3
paper/v0.27/figures/main/06_AUDIT/data_audit.json,149952,ca8e7d37cbe40c4ab66dad3a42d84a87964a5d6486b58351862728f7b4d4eb28
paper/v0.27/figures/main/06_AUDIT/document_validation.json,226,503fe556c5caaa92bcd3e52dc216863860c163d6797350476bf7fba9c56f2e47
paper/v0.27/figures/main/06_AUDIT/panel_replacements.json,1517,7fc3716db0300dce9a7acae28d378646263e9ac7035e17b3f004c7436908019e
paper/v0.27/figures/main/06_AUDIT/pdf_text_audit.json,4369,4a91dcefe2ecdfa8565606f2b0e53afda255a7df57d57b7d28f3d331ceb51c42
paper/v0.27/figures/main/06_AUDIT/portable_rebuild.txt,188,d1b4b65c3fb7b6e7689894623364e1984b1a5eee5273588d1d7c93cc8736f2c3
paper/v0.27/figures/main/06_AUDIT/source_manifest.json,2752,bc513019ea00c9b4a025c2cdf9065cb8021512620f10f8324be062407b743c41
paper/v0.27/figures/main/06_AUDIT/static_preflight.txt,1946,a7b5f597ba066855505a8ae14b1ee291f8b7a3bd20cafc77c022a198f2f92b10
paper/v0.27/figures/main/FILE_MANIFEST.csv,10076,979cda04efb52414e5b6d1509aea10b61abc2ac8ca0e9400a2a4b6c0c7b521cf
paper/v0.27/figures/main/GITHUB_ADAPTATION.json,3737,aafb03fb52b0168ee74a5fa957e4e02d501b76735a603135730e0fa2af816fb6
paper/v0.27/figures/main/ORIGINAL_FILE_MANIFEST.csv,8202,ffa5f0fc43f51d956691c25944680fac3ccc17e0cf80e13db0c09ea5b18321b3
paper/v0.27/figures/main/README_中文_给合作者.md,5750,23a252ebee3f9053d4da94d85823c9c419dde10bb83bc78013b2fa527fece8fa
paper/v0.27/figures/main/RUN_REBUILD.py,1293,4dda9688ede27977f6523f310c40cb095168f1eb52e9baee7ce4b7114394785b
paper/v0.27/figures/main/SHA256SUMS.txt,9593,dbaa34df2bdf5482d5ce1acaf985a01aa27be3684d8b54549f5e038a25cb603d
paper/v0.27/figures/supplement/DRAW_SUPPLEMENT.py,13275,dd20fe21c2efbdaa9f861c99d695f524de48bf41f7fc01db23f5e1350c0782bb
paper/v0.27/figures/supplement/FIGURE_LEGENDS_EN.md,10723,4d3aff491586996289204eb9c858cf7e1077bea4ca108bdff44be4b2f4b20640
paper/v0.27/figures/supplement/FIGURE_LEGENDS_ZH.md,9230,c27c78ef64dba9579da81cc8a584ec47fac966476cbbfa7b63e2ff444a332a26
paper/v0.27/figures/supplement/FILE_MANIFEST.csv,13483,c9bd396c0760e07801fdd6aed0744a911d12886710d811f77624918209338466
paper/v0.27/figures/supplement/PANEL_DATA_MAP.csv,9305,ece83f2d531ce6f456890c93887d7b61ade794bad0e83338f36a2c1e32483d25
paper/v0.27/figures/supplement/PANEL_INDEX.json,20740,b56b00ba9cbc27405c0403df6dfb58fbd38c294695195cd0678e024b931a2307
paper/v0.27/figures/supplement/PLOT_ASSIGNMENTS.csv,5903,242a773e70a5008887e1b8c28dad6d81068aa4efba346d3acbac49242f1453eb
paper/v0.27/figures/supplement/PLOT_ASSIGNMENTS.json,9881,049e094bcda483628ff451f9870e2dd69e5ee3e7990f1dcba4b51d19a59d97e0
paper/v0.27/figures/supplement/README.md,5758,7bebbec06d8347decbe9630b3d317e00265247b25bb976672e431dfca74fbbe0
paper/v0.27/figures/supplement/README_中文_给合作者.md,5758,7bebbec06d8347decbe9630b3d317e00265247b25bb976672e431dfca74fbbe0
paper/v0.27/figures/supplement/S01/AIDRBench_Supplementary_Figure_1.pdf,24656,49a81f806d47c9c5230893e392e78e2609cbaef752080ea2fd2ba139ebaf29e9
paper/v0.27/figures/supplement/S01/AIDRBench_Supplementary_Figure_1.png,157832,44666af5b40652685a768a2dc2ba137071fbcea8313059b95d7dac020e0bfe1e
paper/v0.27/figures/supplement/S01/AIDRBench_Supplementary_Figure_1.svg,7779,4ac877c107b1e0e0a07d37e8611adbedc0f37b51236f3c0c5ae85cdb83cbeedc
paper/v0.27/figures/supplement/S01/README_中文.md,3275,b9f05db1ef476a46ea8f8e387f3c24481f7077b6c2c670f375a374fb8eac13c8
paper/v0.27/figures/supplement/S01/S01_READY.xlsx,3805,7c1f13cbe4f1506a3fb4b5db4b8b6fa4b0f8536b5bd5f72c56e13db6ad700389
paper/v0.27/figures/supplement/S01/S01a.csv,370,29a1dcab16f2d5cdd906dcfbe3f9d96f44ded1c5f9d738edf2449d19df18c43c
paper/v0.27/figures/supplement/S01/S01b.csv,399,19a944cfe7343c92812a5da6f61bf35d6549bb6a6ddc121a7e0df77d0bf1be80
paper/v0.27/figures/supplement/S01/axes_reference.json,3104,c977c7407f50ff332262103dc570057e9e8a416d086c323d1917d8cba1fa95ca
paper/v0.27/figures/supplement/S01/redraw.py,201,e4a362f0551a9ab82a0e05ac96e8d8f9f061fcfa4e7febeedccfe7b299a5086b
paper/v0.27/figures/supplement/S02/AIDRBench_Supplementary_Figure_2.pdf,30333,92efe349c9b4ef08cb917ea4351d693f12317d7a98514c8ba189795009e6db6f
paper/v0.27/figures/supplement/S02/AIDRBench_Supplementary_Figure_2.png,143455,2aaae875c920faee8d961260969287c90501c3d2cb161956182e78d0f1e1c92f
paper/v0.27/figures/supplement/S02/AIDRBench_Supplementary_Figure_2.svg,21420,4669a00992ee8f30a26adc29dac960326da027b84794157fb32e90bbbec7891b
paper/v0.27/figures/supplement/S02/README_中文.md,3616,3845e00679670fda73ea540c8851e44dc5ca3d8a3a89025f1739052850195ba9
paper/v0.27/figures/supplement/S02/S02_READY.xlsx,4926,1462a280f8f043b8138f32d5b6c41214830ddc9e3a7fda5c4e9d492bca171a0c
paper/v0.27/figures/supplement/S02/S02a.csv,1833,5e5d1bd90c1354a8b6044f2f8e136fe7a2ad193402465e80ae0d99c343b41f8c
paper/v0.27/figures/supplement/S02/S02b.csv,332,eb014cf61d01abab8071ad5067315c4af301a90823bb8e131ef8f79f1a9674b5
paper/v0.27/figures/supplement/S02/axes_reference.json,1425,9017934192d988d5c96492dc75f4185fbe2114d45e77553f140271818f96819e
paper/v0.27/figures/supplement/S02/redraw.py,201,15743ca40ce433738827d779c2c13ebce659f68f08fd7b3dae49a20033dab83c
paper/v0.27/figures/supplement/S03/AIDRBench_Supplementary_Figure_3.pdf,30588,d35044e291ba86e9867b1e813957430c8a63c2dd5e189611aa6d113663191652
paper/v0.27/figures/supplement/S03/AIDRBench_Supplementary_Figure_3.png,306247,a30bb0a58344b99054278efbe8588f62afff2b45e9e96c717ca6b57b1fca89ba
paper/v0.27/figures/supplement/S03/AIDRBench_Supplementary_Figure_3.svg,46805,581a37fce83e4ae48e63da812a8e17052b40df344826a155681f2bb8b200c424
paper/v0.27/figures/supplement/S03/README_中文.md,5719,7e0ff83996b4d365f17e66159ff4077f83f1f3e61c72f232f407bce4acd5655e
paper/v0.27/figures/supplement/S03/S03_READY.xlsx,5423,98fee6521f20a10a53fc3dabce031e852b2bc4a7713a1214da90e5cad993787d
paper/v0.27/figures/supplement/S03/S03a.csv,400,69679cfc42f8169b6687aff5ac3a373451be62245e95f308d8aa9eb638f1e10a
paper/v0.27/figures/supplement/S03/S03b.csv,403,8bd08bbf59f94ff200111c689c26906f522a23fa352832a3a3c148c9ebe01b64
paper/v0.27/figures/supplement/S03/S03c.csv,517,ec75d52e7ba6b8f513deea59be7432ec6ccefcfd5f81a153cc90102aa9421af2
paper/v0.27/figures/supplement/S03/S03d.csv,207,c45dde4c7b3fa598c1b9d15ac33fdac717e89cad518fdfce8342981e4caa30ee
paper/v0.27/figures/supplement/S03/axes_reference.json,3592,1413613ae3beaefc905a59cad1e5dbd6c2d58cabd3893163531f221573a47ff0
paper/v0.27/figures/supplement/S03/redraw.py,201,8184841f9b06f3a60451834dbd9c4c71d41e6e3cae0bd60b8c855e43b9909436
paper/v0.27/figures/supplement/S04/AIDRBench_Supplementary_Figure_4.pdf,33064,f0544818f6f70ee5fb94d5844f840c5857c8b6ed407e8b41d452b6875c5ab512
paper/v0.27/figures/supplement/S04/AIDRBench_Supplementary_Figure_4.png,294571,7c5fcb33292eaf742b9b50559c01ad5cb5bea9b9a2fa68f9302d1eb4a35ec55b
paper/v0.27/figures/supplement/S04/AIDRBench_Supplementary_Figure_4.svg,50634,9fd2bace8c04e3cdfbebaa08865089dfc658143b827c0a936628441294db877a
paper/v0.27/figures/supplement/S04/README_中文.md,6124,974afacba9f0e69697543a3000672804bfc026e4ba20e5fd623a422f3e433c14
paper/v0.27/figures/supplement/S04/S04_READY.xlsx,6915,ea43ced5251b38b079cfdc8bde1fcea9d412f942073019f406e5a5e89b731f04
paper/v0.27/figures/supplement/S04/S04a.csv,529,3d16aee6df1951c23d0784565ecb61d0ad38bb14d13aea00188fe5b7a04425f5
paper/v0.27/figures/supplement/S04/S04b.csv,1589,d29353e4d0d71342fc0c9a19675dd83b10997a59c1bec6b1e191616774662c65
paper/v0.27/figures/supplement/S04/S04c.csv,1059,deeb6efe892286ca55ab26952ebb482f340fd89f9d3dbccb4fd60abc9bdd78ed
paper/v0.27/figures/supplement/S04/S04d.csv,587,23ea587c5a2a4b493975e807fb0cd63b8bbf03c5d5e3b1b553fe4916c237af6e
paper/v0.27/figures/supplement/S04/axes_reference.json,3370,7f01f00082deb0fb8d8dc237d89b351ee61e5f998c5a0be77c036a68f50c43d1
paper/v0.27/figures/supplement/S04/redraw.py,201,65510d1cd318bce17b78ac84acad386724b1af12a4f8979d3290750d2fc87679
paper/v0.27/figures/supplement/S05/AIDRBench_Supplementary_Figure_5.pdf,28867,dfa34dda0fff791d9384e5535c1f6193fb7af0252c007ef632d321390b7c5869
paper/v0.27/figures/supplement/S05/AIDRBench_Supplementary_Figure_5.png,346106,ddb982b1e8790f84ae358aa7a97b864e92c3c7a9617b9957708f15c66b19f69e
paper/v0.27/figures/supplement/S05/AIDRBench_Supplementary_Figure_5.svg,36695,357cbabe2d9e343f312eaf8d6d8c117f29559984d62fba448c7a2692c73c15fb
paper/v0.27/figures/supplement/S05/README_中文.md,6678,7fd0c9fd9d71548e67fa78a457fb23be9daee47e1459c9c093cc0edc060745ae
paper/v0.27/figures/supplement/S05/S05_READY.xlsx,21176,77004865e9dadc8cce65bca0a09b4df107734a680a0d0c994bb7306c659adccd
paper/v0.27/figures/supplement/S05/S05a.csv,3673,9ed342a8efe39b1317b36a531fcd21c3fdbf905c98af7ac654a556b7e446467f
paper/v0.27/figures/supplement/S05/S05b.csv,278,ed665b08de5a68d75ded52730f9febd54bca49a8fee1ddb42585a81be43be5f5
paper/v0.27/figures/supplement/S05/S05c.csv,280,5dd43aa0de1aa64641d9ce193a0bfd7101c038b27678b8ce898f34f35aaffdb8
paper/v0.27/figures/supplement/S05/S05d_fee0.csv,7069,c3bce4e80f6d909ac43bf7edbd2d38b85d314186c24632f5cd3c9ab8c39f2d4e
paper/v0.27/figures/supplement/S05/S05d_fee2500.csv,7070,ed145cb6600bfe08d41cebcca9ff04e999042ab6cc6320439cfae5e07cc13076
paper/v0.27/figures/supplement/S05/S05d_fee25000.csv,6860,3e76e6889d65d03a2f80d87bab2eb56387a6b6cf49cd65e518655a40a98d894a
paper/v0.27/figures/supplement/S05/axes_reference.json,3648,352d8815613e6a73eba329489bc3364e949b8a169f15dcb37854b1d7b576786c
paper/v0.27/figures/supplement/S05/redraw.py,201,46ad722e68d111aa64ab9fde59c16b363523455a2be0e31a83d122c56271fe85
paper/v0.27/figures/supplement/S06/AIDRBench_Supplementary_Figure_6.pdf,29236,91a37b26d76f344aacf3d05f4b9ba1c57c1a9e2e2de3d4f657f939ecf9d53089
paper/v0.27/figures/supplement/S06/AIDRBench_Supplementary_Figure_6.png,421904,77eee53ac3ca3a22bea6a1c1a1cf6357e2a2a8df508e6d88801a4929ef165cb0
paper/v0.27/figures/supplement/S06/AIDRBench_Supplementary_Figure_6.svg,42373,ba291a045dd9cf8ef4cc2262020ff585ab84cd15a919ad9bd60a4ea158a0a561
paper/v0.27/figures/supplement/S06/README_中文.md,6793,29daacbf1cbd8000fada9e04e142f4a5e65874ce00728820e3b9ef82d58a20d5
paper/v0.27/figures/supplement/S06/S06_READY.xlsx,5364,54d3ab2039d36bd0026751b9e9c0e12337c79fcc2362baf890a132ca90f827f0
paper/v0.27/figures/supplement/S06/S06a.csv,333,0821a540c6de4612e644ba39d9b2b511e1314b3fa891e708864d013f58d8806f
paper/v0.27/figures/supplement/S06/S06b.csv,331,ba155482ffb2aed7717bdd05b07045a1b66d8f1b4d8c3d910fcced6b31bc655e
paper/v0.27/figures/supplement/S06/S06c.csv,324,346966890fe93523cd9488ceecb31c004c36ba7ea502c8654ece892ea74d1f1f
paper/v0.27/figures/supplement/S06/S06d.csv,335,c650caf746778a5dd856781eaedb7d70b0e9ec5ce74b734652f03f2b72887bac
paper/v0.27/figures/supplement/S06/axes_reference.json,12970,4f23ee2a809dcd40fc84652f78c32247686827c1732401e0ce2da261c08291e0
paper/v0.27/figures/supplement/S06/redraw.py,201,b6c2d2317a5c6e5a68c46fe4db6fa59288704d8f35e6305b3474b3915398b4ef
paper/v0.27/figures/supplement/S07/AIDRBench_Supplementary_Figure_7.pdf,32643,eccd5ac5876a2af7042133175b4131fd43177bec8e8f0ec10e72b67ba690b384
paper/v0.27/figures/supplement/S07/AIDRBench_Supplementary_Figure_7.png,345712,82c710fcc67a52b9a9b6ee7060cf488d722ef5b2b6cb8d1ff5bee1979a5a3f5b
paper/v0.27/figures/supplement/S07/AIDRBench_Supplementary_Figure_7.svg,47905,e19c15ce7959fce88e937f9baa9652384c10ff51ab689c9a498f102a9d8618e0
paper/v0.27/figures/supplement/S07/README_中文.md,6767,b26585e59a7492dfc95f90cc2e1bd636befbed1db6ccb57a61f4de593ce5e93a
paper/v0.27/figures/supplement/S07/S07_READY.xlsx,5562,7017c855dd14548170f5dcfe56ec9a0291ae75ed6831bed87dda5909c50b7064
paper/v0.27/figures/supplement/S07/S07a.csv,262,6bb1b2e7f8fb21adbd2c2c14c36e019c60e728e2b74ff6652d488d8ec3b1b66a
paper/v0.27/figures/supplement/S07/S07b.csv,256,57aa26932e82c21351991d2ba77ca2e5555077b6f4ad371af74ad21e33ad3b1b
paper/v0.27/figures/supplement/S07/S07c.csv,516,9798f9357651cf75dfb948fab9800e48958853d72f9a75ba5d976afa88f3f074
paper/v0.27/figures/supplement/S07/S07d.csv,495,4e79056b24122eee18af20b71731408580179c3a9b74a739305f4ff7ba481ec1
paper/v0.27/figures/supplement/S07/axes_reference.json,3486,ca480f65f881f28b5fe5f1ca89876cb6a37d418a0503726c419a46a636e7d181
paper/v0.27/figures/supplement/S07/redraw.py,201,541a872aaeb6cf663887fe9ce1f89db73cd972c8a857097c30d6fca6e4273935
paper/v0.27/figures/supplement/S08/AIDRBench_Supplementary_Figure_8.pdf,30433,28c85554e1e83ba29b79f93ec288e6e44702901612e3f668f475718b78d7a6bc
paper/v0.27/figures/supplement/S08/AIDRBench_Supplementary_Figure_8.png,306622,b71aa8769f3f0c59f0c44bb300bd46014df63d4085112419abe8ea9836d9b041
paper/v0.27/figures/supplement/S08/AIDRBench_Supplementary_Figure_8.svg,32359,d4b51565a8c5105a4674d9f7cc99053379340ecb158f2f13ed7603e1a4a008bc
paper/v0.27/figures/supplement/S08/README_中文.md,6121,797151cbdb84c65dba13c5025624a23fa67d2d7e119315bcae15b9af8eb92668
paper/v0.27/figures/supplement/S08/S08_READY.xlsx,5135,7137d4c6e4cd5a5a04eee3c24eb7afa7e5d8a9f896c88562dde76c92f1b9616d
paper/v0.27/figures/supplement/S08/S08a.csv,253,12352f7e5dabfec48f214db797f96b6e70f9978176381621c1f5033c4a2dbefa
paper/v0.27/figures/supplement/S08/S08b.csv,263,c4012ee7fd6129efb7de3b5bb5fd3c193e0232a83c7da6eda479c7cb14eab7b3
paper/v0.27/figures/supplement/S08/S08c.csv,289,cccf5ef8c7c549c00a4094700beef2f1b13efaf32c73440f74b631b5e8d148a7
paper/v0.27/figures/supplement/S08/S08d.csv,232,34b0d2e22bf0284ff69da0520aae5391a9da441e463bf89ff0623950d8a8edc5
paper/v0.27/figures/supplement/S08/axes_reference.json,3030,a09f28e1aecc51c77ed2b937b6253365dfed367530ef55fc6c70c0b14be1cfe0
paper/v0.27/figures/supplement/S08/redraw.py,201,b170b77c6563631117916946aa56252b79962b089a2af8baa909ef5949e26d0e
paper/v0.27/figures/supplement/S09/AIDRBench_Supplementary_Figure_9.pdf,30473,0e83f11a37be2119e555edaa1c85a5bd8f353fc94c641ffa24b12c4c3b06c63a
paper/v0.27/figures/supplement/S09/AIDRBench_Supplementary_Figure_9.png,300000,415e0305d6fa130017f581a8c3680bd8e1da9a8a4634c773358f1f014c0ab311
paper/v0.27/figures/supplement/S09/AIDRBench_Supplementary_Figure_9.svg,38557,d74a6cbc75ec08537b1ea0f022ce8172adf50eef5244c95d9b7b0c88b18f6f3e
paper/v0.27/figures/supplement/S09/README_中文.md,5774,3eb15c42ba3f1cc0d38b53f0de78a0f6bb6573938cdce0acb09d47d9faefeabe
paper/v0.27/figures/supplement/S09/S09_READY.xlsx,5253,d541c6d64a09484ab3a97d6258838c315076a8585e940402a30516be4a393194
paper/v0.27/figures/supplement/S09/S09a.csv,597,40af3f2f28d63264f86bd9a6f85b4ea3eb8bf79367dfbfc97898bd408872762b
paper/v0.27/figures/supplement/S09/S09b.csv,999,f2021b75864b6b4f93a10e35ca7f0890985bf4cc64715fc7f228f2d555ed7125
paper/v0.27/figures/supplement/S09/S09c.csv,859,b02ba0c557c559c8699a92e42c4434ce27f817f56f5699016fcd6dba88d600f1
paper/v0.27/figures/supplement/S09/axes_reference.json,2779,88502a7a0787356bcbdf8cb261d639542c15a1aff989118b307fd859ed978d3c
paper/v0.27/figures/supplement/S09/redraw.py,201,ee6034ba4d087a60b44b6f042a8ee3bd04d746e0a3b45bb12b2ae0514ea8793e
paper/v0.27/figures/supplement/S10/AIDRBench_Supplementary_Figure_10.pdf,31322,77f111ab1bf36179175713a921d3a47eba18d744b1f7f9cd05be714a576330cc
paper/v0.27/figures/supplement/S10/AIDRBench_Supplementary_Figure_10.png,317294,01a444dcec557ed7153ce2079aef2a0cfac4b0c5b19e50ec2b530925c6d64793
paper/v0.27/figures/supplement/S10/AIDRBench_Supplementary_Figure_10.svg,67982,5d225a7d946dab513a4e1cda84dc41b16b575806823b3a70bd4525525b763345
paper/v0.27/figures/supplement/S10/README_中文.md,5348,9ac07d56631312952160deab0cf49fa0a13de9ef6ff2af37a23355e0177e9689
paper/v0.27/figures/supplement/S10/S10_READY.xlsx,13896,3341705337f824ebe6f70459af13ca921f76be725d89ce11ed63e8837bc8f867
paper/v0.27/figures/supplement/S10/S10a.csv,187,1aecbc87cece9c82ae57282f067e97034a34eb15d6cbd2ceb25dd92adb3821f0
paper/v0.27/figures/supplement/S10/S10b.csv,226,6787caee5c0b4024f304b05a42fe1ac0828a043f45579c25e615ab59abd4caec
paper/v0.27/figures/supplement/S10/S10c.csv,13561,c639515306cf2c0267b7e46046cfa037bd5c51172e9c7dc2c0d6c67ad014001d
paper/v0.27/figures/supplement/S10/S10d.csv,6028,3ebbb874aacc04c46bf778a8af3568ef7ef961aa3c541024f892783785225865
paper/v0.27/figures/supplement/S10/axes_reference.json,4579,c45d6d4d8a9cd0e54e5bf76d4ffad6050b83f0be4c1ca38d0206c23c19a675c4
paper/v0.27/figures/supplement/S10/redraw.py,202,2bc988ce0b69648888c7396ccc6a77fe810050c632fd4d6efe2618cecd743a57
paper/v0.27/figures/supplement/SHA256SUMS.txt,12755,baec2e9efe8ac542025dabae0374779c7adc88c30fcfe0cb146a5fbe2f96fcd5
paper/v0.27/figures/supplement/VERIFY_DELIVERY.py,787,685b0d5fee751c60dc3b77d9c45634ea1a24cc4f0e3c3ea4319af908621a7042
paper/v0.27/figures/supplement/audit/CSV_RENDER_INPUT_HASHES.json,4801,d6d98a4f986e6ea14a47b3a998999a1c4732fba7c7ba556ab57624c08ab3c82e
paper/v0.27/figures/supplement/audit/CSV_RENDER_VERIFICATION.json,9632,748e05f120e7c1f0a01466d4a2dd3d67683a11b8e181965a5234fdf94d0429d7
paper/v0.27/figures/supplement/audit/DELIVERY_VALIDATION.json,2384,2b4ca958efd90aff82028d27573a35006e854bff4d431a7ff88d2bea0aa6bd53
paper/v0.27/figures/supplement/audit/PANEL_VERIFICATION.json,9632,748e05f120e7c1f0a01466d4a2dd3d67683a11b8e181965a5234fdf94d0429d7
paper/v0.27/figures/supplement/audit/PDF_CHECK.json,3557,3b8d2eec413b67e5bc42d58ac4531e07277a86ff8fd64fa52624c4502c66d5d3
paper/v0.27/figures/supplement/audit/capture_artists.py,3631,09f8c05785f15db8a5b3e34246dc962e84e9ec57f09b25b5763f4e92372572c8
paper/v0.27/figures/supplement/audit/captured/AIDRBench_Supplementary_Figure_1.json,3142,987edf6c9868aa102acdd7aaf9b23ddecc43e1e0070e4a8f1f397cb9decc7d5b
paper/v0.27/figures/supplement/audit/captured/AIDRBench_Supplementary_Figure_10.json,22541,3dda468298398c3c30f8c3f25a485a8cd6105713619d773e011764a4c4bf609e
paper/v0.27/figures/supplement/audit/captured/AIDRBench_Supplementary_Figure_2.json,8275,bddae4c4f418f22d656aebaa827e658de683cfed99bb10340a36bf9c482ff482
paper/v0.27/figures/supplement/audit/captured/AIDRBench_Supplementary_Figure_3.json,10081,51190a0f3297852bd9f9985d3e9eaec98aad3d0bdac38515f1f32883c410eec0
paper/v0.27/figures/supplement/audit/captured/AIDRBench_Supplementary_Figure_4.json,22287,4a26caee6b3a905282beb35dfc2eb0b742ada62e8426bb51ab6e0585e592ac36
paper/v0.27/figures/supplement/audit/captured/AIDRBench_Supplementary_Figure_5.json,85216,380e46103c55929f145fb59644c23eeff5b0a240ebd54916c2f9c35fc61d3376
paper/v0.27/figures/supplement/audit/captured/AIDRBench_Supplementary_Figure_6.json,15841,a530a0f2ee3c43309947b0b97b8a6e130f196ba54a0684967fdf7018ff1cceef
paper/v0.27/figures/supplement/audit/captured/AIDRBench_Supplementary_Figure_7.json,9513,5f45fe6176d51281c75e0fb018d5966296bcafa276608ba01e8e995dd0488269
paper/v0.27/figures/supplement/audit/captured/AIDRBench_Supplementary_Figure_8.json,6237,53aa831b197674774e4e247866a27682ffbeda9815b508f9a4065e41e1a0d28a
paper/v0.27/figures/supplement/audit/captured/AIDRBench_Supplementary_Figure_9.json,15633,c46773ee672d1a99bc7a16ed15afcf17404fc0a430697e7d0c93f0ea5e7d4dcd
paper/v0.27/figures/supplement/audit/verify_panels.py,3724,7f5950105ada7034943a58e76ba336652bd8e5b2f3374bd73486a042b7eac619
paper/v0.27/figures/supplement/requirements.txt,46,3bd7617ff6c4895ae6cb32c05a4e0d3458c04a9ba444c7cc0e5dcfde9d2cdf1c
paper/v0.27/figures/supplement/一键重绘_Windows.bat,60,a01e65b1a8da0691f0f57e7742b968595a782053ce1094de47f0ab5b03ee8029
paper/v0.27/figures/supplement/全部补充图_参考图.pdf,294275,b6168e89f4451b37051023eec9f3896c7c1cccf60d2e1918f559c582791c9e51
paper/v0.27/figures/supplement/全部补充图_直接绘图.xlsx,57725,c18c5627025d697e42ab6b1b1040309bd49ace36fb2ff356c5bece4d26b75ea6
paper/v0.27/figures/supplement/当前论文补充材料.pdf,440106,3fcfc4555cbc1c3d8c70761f02042c42c01eb57a3cc5399f1740dba684ea47e1
paper/v0.27/latex/BUILD.py,1020,b150a1e79537f5b4fa322265bd29a2a45bd9687e95958b93972fa3217035751d
paper/v0.27/latex/DOCUMENT_VALIDATION.json,226,503fe556c5caaa92bcd3e52dc216863860c163d6797350476bf7fba9c56f2e47
paper/v0.27/latex/FILE_MANIFEST.csv,2694,a59bc308c78dbdf0d4f94cc43f7aa71f6f6ac2c5e43b6bcc25c03aec3b000482
paper/v0.27/latex/README.md,665,1b9daf03dbfa286744fa8d42f95e36f8215d60abe14e9a01a6e7ebc1553f6a5d
paper/v0.27/latex/README_中文.md,1341,d4565bbe1170f41cb32c1ea26f9ecd7a0decc43ab880ae9e65af41c8cf3ec540
paper/v0.27/latex/SHA256SUMS.txt,2512,5b7aac92b0843b108e9b01b0df640dc2210fb0c11ecd2a38170463c8fdfe3c20
paper/v0.27/latex/VERIFY_DELIVERY.py,953,4b7dd34c4d1511d44ef1c16bf3e91d334517c316cdd670e90b7c525c01c33823
paper/v0.27/latex/figures/AIDRBench_Figure_1.pdf,1502060,ff541d875cedc1b7c3e12f42b22deadd46c8fb94949fb4e799d8e698b90e4d79
paper/v0.27/latex/figures/AIDRBench_Figure_2.pdf,1501003,1a6fba5e2b2aa9274df411fc13dd74d6a01bdfb07769bd7504d5ecbc8381b715
paper/v0.27/latex/figures/AIDRBench_Figure_3.pdf,1504607,593d2a5ed69b28a69e21e986de568c80006ea54f8452a25252a51a6ac161664b
paper/v0.27/latex/figures/AIDRBench_Figure_4.pdf,1558851,8bb9ef181e94b2cece220f7389f63a8b9624b387296c2c688ac545ae5f066330
paper/v0.27/latex/figures/AIDRBench_Figure_5.pdf,1510321,3811cfe1c6a9068b55194f80b0584572f1d433f11baf150966d5a39a427b126f
paper/v0.27/latex/figures/AIDRBench_Figure_6.pdf,1512098,d5036e212296e131f3b502c5daf922a7c5ae53802ee72827499af9c29897ff55
paper/v0.27/latex/figures/AIDRBench_Supplementary_Figure_1.pdf,24656,49a81f806d47c9c5230893e392e78e2609cbaef752080ea2fd2ba139ebaf29e9
paper/v0.27/latex/figures/AIDRBench_Supplementary_Figure_10.pdf,31322,77f111ab1bf36179175713a921d3a47eba18d744b1f7f9cd05be714a576330cc
paper/v0.27/latex/figures/AIDRBench_Supplementary_Figure_2.pdf,30333,92efe349c9b4ef08cb917ea4351d693f12317d7a98514c8ba189795009e6db6f
paper/v0.27/latex/figures/AIDRBench_Supplementary_Figure_3.pdf,30588,d35044e291ba86e9867b1e813957430c8a63c2dd5e189611aa6d113663191652
paper/v0.27/latex/figures/AIDRBench_Supplementary_Figure_4.pdf,33064,f0544818f6f70ee5fb94d5844f840c5857c8b6ed407e8b41d452b6875c5ab512
paper/v0.27/latex/figures/AIDRBench_Supplementary_Figure_5.pdf,28867,dfa34dda0fff791d9384e5535c1f6193fb7af0252c007ef632d321390b7c5869
paper/v0.27/latex/figures/AIDRBench_Supplementary_Figure_6.pdf,29236,91a37b26d76f344aacf3d05f4b9ba1c57c1a9e2e2de3d4f657f939ecf9d53089
paper/v0.27/latex/figures/AIDRBench_Supplementary_Figure_7.pdf,32643,eccd5ac5876a2af7042133175b4131fd43177bec8e8f0ec10e72b67ba690b384
paper/v0.27/latex/figures/AIDRBench_Supplementary_Figure_8.pdf,30433,28c85554e1e83ba29b79f93ec288e6e44702901612e3f668f475718b78d7a6bc
paper/v0.27/latex/figures/AIDRBench_Supplementary_Figure_9.pdf,30473,0e83f11a37be2119e555edaa1c85a5bd8f353fc94c641ffa24b12c4c3b06c63a
paper/v0.27/latex/figures/source_manifest.json,2640,3ac42f0eab5a4e4ee61009ce44eed850394ca3cea0feefc7b0c0a974833c1ff2
paper/v0.27/latex/main.pdf,9217852,4771c79181cc32a8f995564fd23e17276dd56660bfb8d46efdf459d5695cf854
paper/v0.27/latex/main.tex,75601,bf611d29690f361f7f9a860687303d5cdde232ba260e503cea5fbf140b45821d
paper/v0.27/latex/supplement.pdf,440106,3fcfc4555cbc1c3d8c70761f02042c42c01eb57a3cc5399f1740dba684ea47e1
paper/v0.27/latex/supplement.tex,118391,8ce7e4572593a42a3ba04c2bc412723528ed7e28e50574419cd812efa385fb00
paper/v0.27/latex/图件核对与修改说明.md,5261,50ac6a742cf7c9b4286aa68d81db103c680e7a352028b49bd0cced0cf912599f
pyproject.toml,1314,36c69059334eb430f5cbfa0fa02c070efe08468feb14861b09ff391dc05e2cba
scripts/check_v027_checkout.py,3398,2ebddf06497f39afeaa12294cb8e4a60307293bd62e6aa35f52a182cb2ca17e3
scripts/rebuild_main_figures.py,879,95c0c764202a157443e7b61f17e85d354904b07f56bad27c1d1164f795bb7575
scripts/render_review_tex.py,14095,812d0aed11fa86eeb244ee34955837d47d5a2fa8cf952e450216e2ea4271523e
scripts/render_supplementary_tex.py,18946,06771ed828ea32182cfc41a157d719ddf721481fdcefbfaba3f3db17259b9a08
src/aidrbench/__init__.py,107,55753a9b469078ae73539282a53faafbe64984fe1ad3b4956129c5e4fb2a85ca
src/aidrbench/__main__.py,136,459f0ede8f9fee610f7512d9a44b419f7b910319176a4bfa341cf1a65035655f
src/aidrbench/_version.py,82,534341635978d26de865feb9af1e31ae54a38485e28bfb51e66a2cf41d441472
src/aidrbench/calibration/__init__.py,499,95cb0fc058d703249024cde5f137d2a194320cee947c2279ea638afb2c8b271c
src/aidrbench/calibration/artifact.py,9828,e1e060e4f32ef4086ace18b6ed04575c363f4d63f453ea2783175030891da6da
src/aidrbench/calibration/evidence.py,389,562e9a066cd8ca270c33959799add56f50d3ec54699cb9247c858f763720a431
src/aidrbench/cli.py,64372,5ec89c815b034654734159fa50111c1eac8d842044511cc8e6a14c0812a4a8bf
src/aidrbench/controllers/__init__.py,731,2f4010ddbabea7207fc63478a83a886e3d57c436a0118d0678202bc4276f8f0b
src/aidrbench/controllers/hourly.py,18102,e029e44894bf05bb2cae4a972b0de0293dd8770c20220a1e1a9028bd05c67ddf
src/aidrbench/controllers/hourly_oracle.py,14933,52528cfd0d86d3329c945aa30b24b398a122393938e5dd61165fefc8ee96c654
src/aidrbench/controllers/robust_mpc_spec.py,5468,0b485cdb67f493134312840ae928844b95a6083c47fe807b9a79bb659795cec1
src/aidrbench/data/__init__.py,68,3e123626acced5b18237daa7c1cdb10565fdaf5c49a67916406e0665618b568a
src/aidrbench/data/alibaba2026.py,33293,33f9614f3457a8bd166424b326dd2dd221e6c2a4a7fa60a4a686d93df8e1bfa9
src/aidrbench/data/community.py,21187,72a57ea9c094761cdf3287785e298c720bf4bfd58066370fba699d92a8f70cee
src/aidrbench/data/frozen_scenarios.py,18537,f8ecdd83e457000c788a61fd5de02388323e5022b616542d666eaca600ffd3da
src/aidrbench/data/hourly.py,25799,8f89689e65bf4038c45ac16f6732e9462b6b3f4dc5b43e0de999300d1e60693f
src/aidrbench/data/splits.py,13192,2ec665770e181cf8c52f93d8f17d7370e56d1b8020a8f910d7fa563153396ec1
src/aidrbench/economics/__init__.py,721,2cc4c93a8b832cf574e4bfacaaf87dc98f922e22c945f52811660a7cd7a658ed
src/aidrbench/economics/accounting.py,10241,f5576b37b11c4cc877a2524948e135e64be0b75fa049be3bacb1e85b92032de9
src/aidrbench/economics/capital.py,4547,5df0fd701a4e8757cc29335025efc7af78d51ab5d6b67c333ae1c7f86782db4a
src/aidrbench/economics/opportunity_cost.py,1992,a765b7e7b579abf86760b2cf92b99a2d8500514a208173f4a693a09070664f03
src/aidrbench/economics/specification.py,49855,08ba187f5ea215a216d0df1fb1770763695c90f9441b3bb36ddca9c784edd0e0
src/aidrbench/economics/tariffs.py,2245,b2532675f123ff73d8fbb647c5d5035933460cbf20bab4d1c0893ab2c5924d7a
src/aidrbench/envs/__init__.py,475,d149b18cf3a9872de03b15ddfa0e1a9b983a8c525a084d662691a9fb3fb7fc1b
src/aidrbench/envs/community_ai_dr_env.py,71931,5db556f7103e803f71dbbff4452c096ce7d5eba9cf98614033caef96552336e9
src/aidrbench/envs/hourly_config.py,40139,111499a053cbac27b21215d20281bcf846bcfe5a55aca435e72237fd24fa6ce6
src/aidrbench/envs/registration.py,924,046f28993327dc68d1996dce7aad7bf27f4854b783fe4c1fb48e6bc2a0249f8e
src/aidrbench/evaluation/__init__.py,391,fc621c8052fe1290b6778a5c55195877f41b409bfcc9e55c3ada1f1a992fa2cc
src/aidrbench/evaluation/community_profile_renewable.py,31691,649ce932dd7fb29e32d6f8cfb90716c708067377f559899d2fb364cb35261ccc
src/aidrbench/evaluation/community_profile_sensitivity.py,50377,48bed5ef9b798c4a18d2929616a637bb17094777cb3d4b12acb32d97be260cde
src/aidrbench/evaluation/criteria_sensitivity.py,24222,a2bd933dc90be3c155f4a983686de5ec68a799526f421277abce673d59bb8afc
src/aidrbench/evaluation/economic_cost_robustness.py,23960,fe0ba5e16662814635663b5fe01acbe39cdbb1d4149c3d2d23079306e0601b66
src/aidrbench/evaluation/economic_event_ledger.py,120809,a8c00f0a4613e903b42bab9e9f2daf00f5914b95835d5d95105a45e36723e4f0
src/aidrbench/evaluation/economic_figures.py,36959,72aaba97ffa4342bffeb7b414540d0ef6d8dc8c3ad2eb01c8f1c8d07eefdd29e
src/aidrbench/evaluation/economic_participation.py,104074,36121d13d59f87c7e371172ba50d343709f13daa8c52ccaf6c6fb48f6a1b325e
src/aidrbench/evaluation/economic_reserve_mapping.py,42193,4de0bb8bc894361c501ee24d5645f5ac2b37b97dd1e57c01b1b07613c260b019
src/aidrbench/evaluation/envelopes.py,4369,66f150aa1cc7a3b5565fe0ff1941a260afc4bc0b6f8c7dc12a6b6f3264da7165
src/aidrbench/evaluation/exhaustion.py,52120,e8e7ffeec9dc12ce1b706dd85889861d2a05ef2d2f4a3f79149b29373e167cfe
src/aidrbench/evaluation/figure_panel_data.py,32082,ba0a0e14ce0ba5d1d3de2fd789a336d3acae21b1bcaefa6d516d998741b541e7
src/aidrbench/evaluation/firm_flexibility.py,13146,f18e864fbb3ea3eeccdc32660a5f1ec2e508698cc83b0c7710e319e2e0307d1d
src/aidrbench/evaluation/flexible_share_extension.py,9481,bfa140208d72a7c819c7667cf6ae811cd31652e0c2ad500dc54c666e58bfe0d9
src/aidrbench/evaluation/flexible_share_grid.py,7758,56021c4586107c784af71285b72572a2169e2423d3b8f7d35715c850135a0198
src/aidrbench/evaluation/flexible_share_grid_analysis.py,10791,aa48be71e1039e603362d32a0e3cd1389b423a4a12ea2c27f80761eb501f377c
src/aidrbench/evaluation/flexible_share_sensitivity.py,31767,f7cc747ad30a736488b0b84a855bcfc6e3243fa7e7f493a3ba9e13f9ba0e259c
src/aidrbench/evaluation/frozen_causal_certificate.py,25587,8d8f0e24b2668dd0a25db7ef1ff1b6bacc33ab15cccd0f7d88938db265b99fb2
src/aidrbench/evaluation/hosting_capacity.py,30569,c6ba90eb844e621c952a84c0cbd0810e06bdd2b41165bbdd03c4bfbaca927b42
src/aidrbench/evaluation/hosting_ensemble.py,27529,ba083d1d124003e2fecd635e3a3cbb7cb01d0b4139d27939a1b6170ec2acc067
src/aidrbench/evaluation/hourly_rollout.py,14595,8f9eb0592a3fdd117c96ccad633c1b415c26ced7bd936838e92c5166b2daaa2b
src/aidrbench/evaluation/infrastructure_sensitivity.py,42162,402501b37d24da5343f3ae204189def5a27f77c2ecc90ed9264e4c8a55547f84
src/aidrbench/evaluation/locked_ood.py,6151,8c0d023b5464350608ed1aedadcbea269cad57f4f4302acd3d627a6adaa980f3
src/aidrbench/evaluation/nature_figures.py,74254,81dda594a70424cfa41656762929858cf474e61ded4f994d41e025bb058667bb
src/aidrbench/evaluation/nature_figures_reference.py,56056,2649835a6b8514b0a4c9f566934d6ec8d4e7866bda2440ebfdc51e8327cc1edf
src/aidrbench/evaluation/nature_protocol.py,39821,e4991d86d365bc712b74159cea6e9dbe9a722efc0dcacfde8b14da32920af0cf
src/aidrbench/evaluation/non_anticipative.py,72639,964d7d29a788e86d46c88803c83586c2fd4a20808fc936fd43abda16b2f8ba03
src/aidrbench/evaluation/non_anticipative_sparse.py,19035,96ef069b64cb87740a2d209a0a1980cf89c4d42375b9bb638683dcd8589f3d59
src/aidrbench/evaluation/notice_diagnostics.py,23402,1284dc7fb5f0294954cc24e5da3a399e5ce8a4dc632c7c9a84f439995c94dba7
src/aidrbench/evaluation/pi_frontier.py,19467,3b4ee1381583aedfd455b26a08ad2c0a721233992cd91e53ff1d9ce42c596d64
src/aidrbench/evaluation/provenance.py,2887,b1efbd8f51d4a6fb3f31dcd6a74f382caadd20cbe8e368caaa41eb6c0976ea66
src/aidrbench/evaluation/renewable_ensemble.py,38527,d1dbe2203ef090412f0d9a78b2da63c38ae8b6dc1a594ae3c3023bad81546143
src/aidrbench/evaluation/renewable_integration.py,22788,271fbddf0b119cd4211ec9e42a02610ca1ede64f827c8a4aa969cefab5f0962b
src/aidrbench/evaluation/renewable_service_sensitivity.py,18599,05d8f5c6375d33f52a43bd3b0a5f7e455f588246521d4d9e41692f7207858287
src/aidrbench/evaluation/repeat_capacity.py,21485,ec52c9297362b3ae82590e19a922997f737bc8e842fb4a9053f2a0f32f451ee7
src/aidrbench/evaluation/sensitivity.py,10099,a61934afe2b6c189aa1565ef2a0ea860286f580c90305839bfceb3716f938712
src/aidrbench/evaluation/source_data.py,14321,ee74ac0fc8c9c78577a4dd8a042f257a070b8703d312e253be446c4f76ab1a21
src/aidrbench/evaluation/statistics.py,50,6c1f8deca8dba58a50c19c788ec75de6f5f5e433bf4f9c0d88880b250a1f12d3
src/aidrbench/evaluation/supplementary_figures.py,39941,13cd1811d49471b78f7f07020273bbd13faa47f0e0119c3d558c6062418fe305
src/aidrbench/evaluation/workload_sensitivity.py,32079,122bd893aaec1f9477931f6d66ecce931dd09a253aa1f990b6675d0c20c998f9
src/aidrbench/fluid_planning.py,4461,802577fb65c5fc73a1081fe3d1c27b473a196c9689975576a14ef3a1ed83dc92
src/aidrbench/models/__init__.py,193,7ffdc197625e83c335d9a52ed7fb9af3073a6cdfece8253af64adf883cb06a59
src/aidrbench/models/power.py,11545,34cd03e893a0c873ca2b50c9a45be3eb30107d9f908067d0ec45f9cc016ee097
src/aidrbench/project_check.py,2721,325d9f105e03001f56dfa8bc65d941d2c9f37acfa204082e42db75718611d44a
src/aidrbench/telemetry/__init__.py,237,00296c5da1201641be13fbb3e12a42294e7d52e600aa9cc8077baf7c9432a8f4
src/aidrbench/telemetry/nvidia_smi.py,8391,c71dca9f94c4da24ed4822f51536ead90fe41403cd64d7c0d47daa4d85f77189
src/aidrbench/workloads/__init__.py,45,41d4cca12bc834e68d271bd5e2f7c6c779bb4f52f6270d159735bc09a24b4fe6
src/aidrbench/workloads/deadline_buckets.py,13440,f4cd5e73f51ad1c6b1f9ba935aa857e35bd53b6db0d996b2b9115345bb5e4f4b
tests/test_alibaba2026_lite.py,10359,8c44347ddf3795a42e6a985f3314171bff7087b3fe271990ab82872f3afea6c2
tests/test_calibration_artifact.py,8680,0034e5af396b7059e7e2b1d669a1c10d6585534f867bcad92b1a3c1b4e671e03
tests/test_check_clean_checkout.py,4867,2569066eb59ea94039085740ccf3950090c6fae70f997778113387ec6ebff987
tests/test_community_profile_sensitivity.py,12332,b1ab6427dac148b2a394c078d0d18b41cfc167726b1484915dd51afe93090a2f
tests/test_criteria_sensitivity.py,4105,045fc974583a15b5d9fe1a4382c3156eac8a828a9221fb1d96eacacb62967792
tests/test_economic_cost_robustness.py,15078,24cea8987100e5b9dcd931a3034e3b5d4616c305f1be055dc513ad2ba4294c86
tests/test_economic_event_ledger.py,15432,0d86ae5034e3537f12c207bf86dabc8acfa582398f19ca7b7f958373c15ec7ea
tests/test_economic_figures.py,10527,bbf4b106832a50cad409db50ccff3e04a1d70503d5c5d36d4d55590f13c86ea6
tests/test_economic_parameter_evidence.py,3179,6f723698962abed75f99c912632727e54c8ba142173a6d3c51c89ee130c4be9c
tests/test_economic_reserve_mapping.py,12221,87248552cac38a31ea386603e8cfde21580a039efef6ba3d3818d77667549d3b
tests/test_economics.py,37301,23b2cdae6c5348d6f499a59a3f3c39a8105249fdd3bb50b9baeebb075caec1a2
tests/test_envelopes.py,849,d815e7f1d7286b73932aa4deb4426262bf066a8031b4d5c7f59408ea56ed6626
tests/test_exhaustion.py,8058,164f5f599371221c7d264f9cb4e9352b49d3493e1510a16b2077e09689b377a6
tests/test_figure_panel_data.py,6100,f07d6e954700418032054d467b91ed0a3936e31276858e38d0bdb985bb3d31cc
tests/test_firm_flexibility.py,5429,247b35e34fbc5a4b71949ab010f334d37f9667c3d24369fe9816892ac530b8d5
tests/test_flexible_share_extension.py,2415,561ca10210d498de8b0e098665f2646416f08438f5363c60eaaeedfe1b32fce1
tests/test_flexible_share_grid.py,3101,2afd284d7c67d15d3792ccf94a560cce3c42aa91f5cdfbe160a1851e65da9aba
tests/test_flexible_share_sensitivity.py,3770,4b9c94c769c725985f27e1ba57909cf1c2ae3f225b868c9e195f7bba9b1a7b58
tests/test_frozen_causal_certificate.py,5878,76a5b463bb1a5766910d7ce83883d97aa480b331de0e3c752694225b027cb55b
tests/test_frozen_scenarios.py,4021,4f5017a61b5079336980f8c169218a1e8a3e33080f03debe1ef40e4e8169282e
tests/test_gpu_depreciation.py,1917,f050a65f07b04b816cfc61535cbf49651ab0bfb87ab040bd035b23fa7d887f44
tests/test_hosting_capacity.py,4719,773ea5ae233f51d534e885384f4c530c601524814ff424cccac2853ef65f2891
tests/test_hosting_ensemble.py,6835,83ea8086168f40c546a73c9d7f83fe7cd4ef1b98c854a501138635c56bfccadd
tests/test_hourly_data.py,7362,6cd3bb76dfceafe557c77330e825741e876fceac3025a5aa8ff7f4d8404d2389
tests/test_hourly_deadline_buckets.py,3597,f6f6720158e839f7c65cf716e98dd7953200a236a89a4624238a08d5c51d6f7e
tests/test_hourly_environment.py,18615,94639b6f8dda2011b05a2de85a3d478e07291c98d9821845accce831e0bd1dcd
tests/test_hourly_oracle.py,3226,7d67c17586058774857d818f04da2b4cda5a45cbbfb0d65466cd456b43fa087b
tests/test_hourly_power.py,2601,cde7c32da5e1c9662a3b79878c4b35ab25af928101b8779b3c140c040fe983c1
tests/test_hourly_rollout.py,4349,f7b69d6cff43fc2597bdb69e0997826c4e2d668bcd5f49318c800aafd59595cd
tests/test_imports.py,803,bf46266fee6a9ddf664236ee4c3299c61398b3e0b9d993cf35669420dccf32ad
tests/test_infrastructure_sensitivity.py,6270,8e807b70e16d31cbc02192ce11de3cb612d19e154e9bcb0af58db10699899b8f
tests/test_locked_ood.py,1614,65843047f136e9bf2d9ba1e31ab99f3fa756a25035f29643cee9f3721927a160
tests/test_manuscript_source_data_bundle.py,2232,5d2c1f85dd46e3b671545dbd1061d3d387284a42a63d4e78e5bff6586bd33632
tests/test_nature_figures.py,23744,141fde1081a3b2a705916bd4247b08163b72cd3b330ad66184221d91bf223adc
tests/test_nature_protocol.py,9470,5fba59171f54b89a773b496c8b74e8e3d405d03e4c961de5747a1e96f55f308a
tests/test_non_anticipative.py,15874,438ff3b4640b5701106b3562d4f94cd44b90feb81fc00215e79645f3acc6f72b
tests/test_notice_diagnostics.py,1570,9605301d9c3627ea422d327172a9b15ffb62a3ad0b90e1b62168ca241558b3ed
tests/test_nvidia_smi_telemetry.py,2858,db07724f36c28afe0a748fb480b886696162afed818a0601588d4722a938f50e
tests/test_optimization_smoke.py,884,fa62414b849a0768473dcc9f5bc61165eb81f805bce95cded334cc0395fa409c
tests/test_pi_frontier.py,4228,2066c98c61da65600d4a2d6afcfe45d90412eaef892f08d633bb9d816949bc83
tests/test_project_check.py,653,7cf6082656586b13eb975388c6bd33628d14876ffe20b08e2671d07477e7ff23
tests/test_renewable_ensemble.py,6748,9832f63c407799642871ed1d4f317e4d4af1d2dd4fec042ef4bc8176515bc83a
tests/test_renewable_integration.py,5290,bf6bd3c9b96517d397f0e8e25f59cd44ce344737dea1459c499316adceebd485
tests/test_renewable_zero_miss_receipt.py,1222,26652ef9b90578d37dc3064511dbcea13ff21e6afb414e9f187a9cd90185b54f
tests/test_repeat_capacity.py,2661,b8900886de79087024d7d599ee489413f0333289fbf338b62eabfd4dd81799a0
tests/test_review_figure_recovery.py,8869,26e2178af80102280a2802f2c5a9f0997ccf158c54a606aed8ce27f58d680700
tests/test_sensitivity.py,2672,94e8f07773b36028f4913d024cfbc14556aa27eec07df5fcaf01ad95ee32424f
tests/test_source_data.py,7379,cc214b0eba250ab967bcd4d3c78e094701dbe7d03c310da94b525984f4a47292
tests/test_source_manifest.py,2686,d4bec15c9c77975291cbaf15e215390b448d4f2d36188bafd0264450ba7db763
tests/test_supplementary_figures.py,3930,cf0c483a6a536d9eb2c22b05a8aa4b47eff1b726ef8109f3a939ddbf74aaf799
tests/test_web_figure_acceptance.py,2319,bdbffda41392f642836a5f79b5ddc45468d6295853fbe007d91e0b70062ae77e
tests/test_workload_sensitivity.py,5884,14575ece86e6f816fa7d753b961de38da9c334fc9f62f26d5b67304615a95364
