variant,program,fraction,capacity_kw,operating_peak_kw,accounting_offered_kw,offerable_success_1pct,offerable_success_zero,annual_units,waiting_price,missed_work_price,site_fee_annual_usd,net_operating_annual_q95,fixed_fee_per_kw,unfloored_payment_per_kw,payment_per_kw
u50d100g10,H8P16,0.5,2.949121593122471,167.54617253584613,17.601844008054037,True,True,12,0.0,0.0,0.0,-318.2594081663424,0.0,-18.081026511808485,0.0
u50d100g10,H8P16,0.5,2.949121593122471,167.54617253584613,17.601844008054037,True,True,12,0.0,0.0,1000.0,-318.2594081663424,56.81222941996487,38.73120290815639,38.73120290815639
u50d100g10,H8P16,0.5,2.949121593122471,167.54617253584613,17.601844008054037,True,True,12,0.0,0.0,2500.0,-318.2594081663424,142.0305735499122,123.9495470381037,123.9495470381037
u50d100g10,H8P16,0.5,2.949121593122471,167.54617253584613,17.601844008054037,True,True,12,0.0,0.0,5000.0,-318.2594081663424,284.0611470998244,265.98012058801584,265.98012058801584
u50d100g10,H8P16,0.5,2.949121593122471,167.54617253584613,17.601844008054037,True,True,12,0.0,0.0,10000.0,-318.2594081663424,568.1222941996488,550.0412676878402,550.0412676878402
u50d100g10,H8P16,0.5,2.949121593122471,167.54617253584613,17.601844008054037,True,True,12,0.0,0.0,25000.0,-318.2594081663424,1420.3057354991217,1402.2247089873135,1402.2247089873135
u50d100g10,H8P16,0.5,2.949121593122471,167.54617253584613,17.601844008054037,True,True,12,0.0,1.0,0.0,-318.25940816634215,0.0,-18.081026511808474,0.0
u50d100g10,H8P16,0.5,2.949121593122471,167.54617253584613,17.601844008054037,True,True,12,0.0,1.0,1000.0,-318.25940816634215,56.81222941996487,38.7312029081564,38.7312029081564
u50d100g10,H8P16,0.5,2.949121593122471,167.54617253584613,17.601844008054037,True,True,12,0.0,1.0,2500.0,-318.25940816634215,142.0305735499122,123.94954703810373,123.94954703810373
u50d100g10,H8P16,0.5,2.949121593122471,167.54617253584613,17.601844008054037,True,True,12,0.0,1.0,5000.0,-318.25940816634215,284.0611470998244,265.9801205880159,265.9801205880159
u50d100g10,H8P16,0.5,2.949121593122471,167.54617253584613,17.601844008054037,True,True,12,0.0,1.0,10000.0,-318.25940816634215,568.1222941996488,550.0412676878402,550.0412676878402
u50d100g10,H8P16,0.5,2.949121593122471,167.54617253584613,17.601844008054037,True,True,12,0.0,1.0,25000.0,-318.25940816634215,1420.3057354991217,1402.2247089873135,1402.2247089873135
u50d100g10,H8P16,0.5,2.949121593122471,167.54617253584613,17.601844008054037,True,True,12,0.005,0.0,0.0,5322.877067069321,0.0,302.40451310861204,302.40451310861204
u50d100g10,H8P16,0.5,2.949121593122471,167.54617253584613,17.601844008054037,True,True,12,0.005,0.0,1000.0,5322.877067069321,56.81222941996487,359.2167425285769,359.2167425285769
u50d100g10,H8P16,0.5,2.949121593122471,167.54617253584613,17.601844008054037,True,True,12,0.005,0.0,2500.0,5322.877067069321,142.0305735499122,444.4350866585242,444.4350866585242
u50d100g10,H8P16,0.5,2.949121593122471,167.54617253584613,17.601844008054037,True,True,12,0.005,0.0,5000.0,5322.877067069321,284.0611470998244,586.4656602084364,586.4656602084364
u50d100g10,H8P16,0.5,2.949121593122471,167.54617253584613,17.601844008054037,True,True,12,0.005,0.0,10000.0,5322.877067069321,568.1222941996488,870.5268073082608,870.5268073082608
u50d100g10,H8P16,0.5,2.949121593122471,167.54617253584613,17.601844008054037,True,True,12,0.005,0.0,25000.0,5322.877067069321,1420.3057354991217,1722.7102486077338,1722.7102486077338
u50d100g10,H8P16,0.5,2.949121593122471,167.54617253584613,17.601844008054037,True,True,12,0.005,1.0,0.0,5322.877067069321,0.0,302.40451310861204,302.40451310861204
u50d100g10,H8P16,0.5,2.949121593122471,167.54617253584613,17.601844008054037,True,True,12,0.005,1.0,1000.0,5322.877067069321,56.81222941996487,359.2167425285769,359.2167425285769
u50d100g10,H8P16,0.5,2.949121593122471,167.54617253584613,17.601844008054037,True,True,12,0.005,1.0,2500.0,5322.877067069321,142.0305735499122,444.4350866585242,444.4350866585242
u50d100g10,H8P16,0.5,2.949121593122471,167.54617253584613,17.601844008054037,True,True,12,0.005,1.0,5000.0,5322.877067069321,284.0611470998244,586.4656602084364,586.4656602084364
u50d100g10,H8P16,0.5,2.949121593122471,167.54617253584613,17.601844008054037,True,True,12,0.005,1.0,10000.0,5322.877067069321,568.1222941996488,870.5268073082608,870.5268073082608
u50d100g10,H8P16,0.5,2.949121593122471,167.54617253584613,17.601844008054037,True,True,12,0.005,1.0,25000.0,5322.877067069321,1420.3057354991217,1722.7102486077338,1722.7102486077338
u50d100g10,H8P16,0.5,2.949121593122471,167.54617253584613,17.601844008054037,True,True,12,0.01,0.0,0.0,10970.418975384191,0.0,623.2539596626626,623.2539596626626
u50d100g10,H8P16,0.5,2.949121593122471,167.54617253584613,17.601844008054037,True,True,12,0.01,0.0,1000.0,10970.418975384191,56.81222941996487,680.0661890826275,680.0661890826275
u50d100g10,H8P16,0.5,2.949121593122471,167.54617253584613,17.601844008054037,True,True,12,0.01,0.0,2500.0,10970.418975384191,142.0305735499122,765.2845332125748,765.2845332125748
u50d100g10,H8P16,0.5,2.949121593122471,167.54617253584613,17.601844008054037,True,True,12,0.01,0.0,5000.0,10970.418975384191,284.0611470998244,907.3151067624871,907.3151067624871
u50d100g10,H8P16,0.5,2.949121593122471,167.54617253584613,17.601844008054037,True,True,12,0.01,0.0,10000.0,10970.418975384191,568.1222941996488,1191.3762538623114,1191.3762538623114
u50d100g10,H8P16,0.5,2.949121593122471,167.54617253584613,17.601844008054037,True,True,12,0.01,0.0,25000.0,10970.418975384191,1420.3057354991217,2043.5596951617845,2043.5596951617845
u50d100g10,H8P16,0.5,2.949121593122471,167.54617253584613,17.601844008054037,True,True,12,0.01,1.0,0.0,10970.418975384191,0.0,623.2539596626626,623.2539596626626
u50d100g10,H8P16,0.5,2.949121593122471,167.54617253584613,17.601844008054037,True,True,12,0.01,1.0,1000.0,10970.418975384191,56.81222941996487,680.0661890826275,680.0661890826275
u50d100g10,H8P16,0.5,2.949121593122471,167.54617253584613,17.601844008054037,True,True,12,0.01,1.0,2500.0,10970.418975384191,142.0305735499122,765.2845332125748,765.2845332125748
u50d100g10,H8P16,0.5,2.949121593122471,167.54617253584613,17.601844008054037,True,True,12,0.01,1.0,5000.0,10970.418975384191,284.0611470998244,907.3151067624871,907.3151067624871
u50d100g10,H8P16,0.5,2.949121593122471,167.54617253584613,17.601844008054037,True,True,12,0.01,1.0,10000.0,10970.418975384191,568.1222941996488,1191.3762538623114,1191.3762538623114
u50d100g10,H8P16,0.5,2.949121593122471,167.54617253584613,17.601844008054037,True,True,12,0.01,1.0,25000.0,10970.418975384191,1420.3057354991217,2043.5596951617845,2043.5596951617845
u50d100g10,H8P16,1.0,5.898243186244942,167.54617253584613,35.203688016108075,False,False,12,0.0,0.0,0.0,-965.5269208296802,0.0,-27.426868468664026,0.0
u50d100g10,H8P16,1.0,5.898243186244942,167.54617253584613,35.203688016108075,False,False,12,0.0,0.0,1000.0,-965.5269208296802,28.406114709982436,0.9792462413184105,0.9792462413184105
u50d100g10,H8P16,1.0,5.898243186244942,167.54617253584613,35.203688016108075,False,False,12,0.0,0.0,2500.0,-965.5269208296802,71.0152867749561,43.58841830629206,43.58841830629206
u50d100g10,H8P16,1.0,5.898243186244942,167.54617253584613,35.203688016108075,False,False,12,0.0,0.0,5000.0,-965.5269208296802,142.0305735499122,114.60370508124815,114.60370508124815
u50d100g10,H8P16,1.0,5.898243186244942,167.54617253584613,35.203688016108075,False,False,12,0.0,0.0,10000.0,-965.5269208296802,284.0611470998244,256.6342786311604,256.6342786311604
u50d100g10,H8P16,1.0,5.898243186244942,167.54617253584613,35.203688016108075,False,False,12,0.0,0.0,25000.0,-965.5269208296802,710.1528677495609,682.7259992808969,682.7259992808969
u50d100g10,H8P16,1.0,5.898243186244942,167.54617253584613,35.203688016108075,False,False,12,0.0,1.0,0.0,11066.544170682602,0.0,314.35752315549746,314.35752315549746
u50d100g10,H8P16,1.0,5.898243186244942,167.54617253584613,35.203688016108075,False,False,12,0.0,1.0,1000.0,11066.544170682602,28.406114709982436,342.7636378654799,342.7636378654799
u50d100g10,H8P16,1.0,5.898243186244942,167.54617253584613,35.203688016108075,False,False,12,0.0,1.0,2500.0,11066.544170682602,71.0152867749561,385.37280993045357,385.37280993045357
u50d100g10,H8P16,1.0,5.898243186244942,167.54617253584613,35.203688016108075,False,False,12,0.0,1.0,5000.0,11066.544170682602,142.0305735499122,456.3880967054096,456.3880967054096
u50d100g10,H8P16,1.0,5.898243186244942,167.54617253584613,35.203688016108075,False,False,12,0.0,1.0,10000.0,11066.544170682602,284.0611470998244,598.4186702553218,598.4186702553218
u50d100g10,H8P16,1.0,5.898243186244942,167.54617253584613,35.203688016108075,False,False,12,0.0,1.0,25000.0,11066.544170682602,710.1528677495609,1024.5103909050583,1024.5103909050583
u50d100g10,H8P16,1.0,5.898243186244942,167.54617253584613,35.203688016108075,False,False,12,0.005,0.0,0.0,8212.704590105943,0.0,233.2910286657487,233.2910286657487
u50d100g10,H8P16,1.0,5.898243186244942,167.54617253584613,35.203688016108075,False,False,12,0.005,0.0,1000.0,8212.704590105943,28.406114709982436,261.6971433757311,261.6971433757311
u50d100g10,H8P16,1.0,5.898243186244942,167.54617253584613,35.203688016108075,False,False,12,0.005,0.0,2500.0,8212.704590105943,71.0152867749561,304.3063154407048,304.3063154407048
u50d100g10,H8P16,1.0,5.898243186244942,167.54617253584613,35.203688016108075,False,False,12,0.005,0.0,5000.0,8212.704590105943,142.0305735499122,375.3216022156609,375.3216022156609
u50d100g10,H8P16,1.0,5.898243186244942,167.54617253584613,35.203688016108075,False,False,12,0.005,0.0,10000.0,8212.704590105943,284.0611470998244,517.3521757655731,517.3521757655731
u50d100g10,H8P16,1.0,5.898243186244942,167.54617253584613,35.203688016108075,False,False,12,0.005,0.0,25000.0,8212.704590105943,710.1528677495609,943.4438964153097,943.4438964153097
u50d100g10,H8P16,1.0,5.898243186244942,167.54617253584613,35.203688016108075,False,False,12,0.005,1.0,0.0,20160.99295629278,0.0,572.6954785836006,572.6954785836006
u50d100g10,H8P16,1.0,5.898243186244942,167.54617253584613,35.203688016108075,False,False,12,0.005,1.0,1000.0,20160.99295629278,28.406114709982436,601.101593293583,601.101593293583
u50d100g10,H8P16,1.0,5.898243186244942,167.54617253584613,35.203688016108075,False,False,12,0.005,1.0,2500.0,20160.99295629278,71.0152867749561,643.7107653585567,643.7107653585567
u50d100g10,H8P16,1.0,5.898243186244942,167.54617253584613,35.203688016108075,False,False,12,0.005,1.0,5000.0,20160.99295629278,142.0305735499122,714.7260521335128,714.7260521335128
u50d100g10,H8P16,1.0,5.898243186244942,167.54617253584613,35.203688016108075,False,False,12,0.005,1.0,10000.0,20160.99295629278,284.0611470998244,856.756625683425,856.756625683425
u50d100g10,H8P16,1.0,5.898243186244942,167.54617253584613,35.203688016108075,False,False,12,0.005,1.0,25000.0,20160.99295629278,710.1528677495609,1282.8483463331615,1282.8483463331615
u50d100g10,H8P16,1.0,5.898243186244942,167.54617253584613,35.203688016108075,False,False,12,0.01,0.0,0.0,17446.43046152313,0.0,495.5853049697579,495.5853049697579
u50d100g10,H8P16,1.0,5.898243186244942,167.54617253584613,35.203688016108075,False,False,12,0.01,0.0,1000.0,17446.43046152313,28.406114709982436,523.9914196797403,523.9914196797403
u50d100g10,H8P16,1.0,5.898243186244942,167.54617253584613,35.203688016108075,False,False,12,0.01,0.0,2500.0,17446.43046152313,71.0152867749561,566.6005917447139,566.6005917447139
u50d100g10,H8P16,1.0,5.898243186244942,167.54617253584613,35.203688016108075,False,False,12,0.01,0.0,5000.0,17446.43046152313,142.0305735499122,637.6158785196701,637.6158785196701
u50d100g10,H8P16,1.0,5.898243186244942,167.54617253584613,35.203688016108075,False,False,12,0.01,0.0,10000.0,17446.43046152313,284.0611470998244,779.6464520695822,779.6464520695822
u50d100g10,H8P16,1.0,5.898243186244942,167.54617253584613,35.203688016108075,False,False,12,0.01,0.0,25000.0,17446.43046152313,710.1528677495609,1205.7381727193188,1205.7381727193188
u50d100g10,H8P16,1.0,5.898243186244942,167.54617253584613,35.203688016108075,False,False,12,0.01,1.0,0.0,29270.736283818354,0.0,831.4678925237891,831.4678925237891
u50d100g10,H8P16,1.0,5.898243186244942,167.54617253584613,35.203688016108075,False,False,12,0.01,1.0,1000.0,29270.736283818354,28.406114709982436,859.8740072337716,859.8740072337716
u50d100g10,H8P16,1.0,5.898243186244942,167.54617253584613,35.203688016108075,False,False,12,0.01,1.0,2500.0,29270.736283818354,71.0152867749561,902.4831792987453,902.4831792987453
u50d100g10,H8P16,1.0,5.898243186244942,167.54617253584613,35.203688016108075,False,False,12,0.01,1.0,5000.0,29270.736283818354,142.0305735499122,973.4984660737014,973.4984660737014
u50d100g10,H8P16,1.0,5.898243186244942,167.54617253584613,35.203688016108075,False,False,12,0.01,1.0,10000.0,29270.736283818354,284.0611470998244,1115.5290396236135,1115.5290396236135
u50d100g10,H8P16,1.0,5.898243186244942,167.54617253584613,35.203688016108075,False,False,12,0.01,1.0,25000.0,29270.736283818354,710.1528677495609,1541.62076027335,1541.62076027335
u50d100g10,H8P24,0.25,1.4745607965612355,167.54617253584613,8.800922004027019,False,True,12,0.0,0.0,0.0,-158.69863315224976,0.0,-18.03204631056091,0.0
u50d100g10,H8P24,0.25,1.4745607965612355,167.54617253584613,8.800922004027019,False,True,12,0.0,0.0,1000.0,-158.69863315224976,113.62445883992974,95.59241252936884,95.59241252936884
u50d100g10,H8P24,0.25,1.4745607965612355,167.54617253584613,8.800922004027019,False,True,12,0.0,0.0,2500.0,-158.69863315224976,284.0611470998244,266.02910078926345,266.02910078926345
u50d100g10,H8P24,0.25,1.4745607965612355,167.54617253584613,8.800922004027019,False,True,12,0.0,0.0,5000.0,-158.69863315224976,568.1222941996488,550.0902478890879,550.0902478890879
u50d100g10,H8P24,0.25,1.4745607965612355,167.54617253584613,8.800922004027019,False,True,12,0.0,0.0,10000.0,-158.69863315224976,1136.2445883992975,1118.2125420887367,1118.2125420887367
u50d100g10,H8P24,0.25,1.4745607965612355,167.54617253584613,8.800922004027019,False,True,12,0.0,0.0,25000.0,-158.69863315224976,2840.6114709982435,2822.5794246876826,2822.5794246876826
u50d100g10,H8P24,0.25,1.4745607965612355,167.54617253584613,8.800922004027019,False,True,12,0.0,1.0,0.0,-158.6986331522495,0.0,-18.032046310560883,0.0
u50d100g10,H8P24,0.25,1.4745607965612355,167.54617253584613,8.800922004027019,False,True,12,0.0,1.0,1000.0,-158.6986331522495,113.62445883992974,95.59241252936886,95.59241252936886
u50d100g10,H8P24,0.25,1.4745607965612355,167.54617253584613,8.800922004027019,False,True,12,0.0,1.0,2500.0,-158.6986331522495,284.0611470998244,266.0291007892635,266.0291007892635
u50d100g10,H8P24,0.25,1.4745607965612355,167.54617253584613,8.800922004027019,False,True,12,0.0,1.0,5000.0,-158.6986331522495,568.1222941996488,550.0902478890879,550.0902478890879
u50d100g10,H8P24,0.25,1.4745607965612355,167.54617253584613,8.800922004027019,False,True,12,0.0,1.0,10000.0,-158.6986331522495,1136.2445883992975,1118.2125420887367,1118.2125420887367
u50d100g10,H8P24,0.25,1.4745607965612355,167.54617253584613,8.800922004027019,False,True,12,0.0,1.0,25000.0,-158.6986331522495,2840.6114709982435,2822.5794246876826,2822.5794246876826
u50d100g10,H8P24,0.25,1.4745607965612355,167.54617253584613,8.800922004027019,False,True,12,0.005,0.0,0.0,3574.620631025988,0.0,406.16433475837607,406.16433475837607
u50d100g10,H8P24,0.25,1.4745607965612355,167.54617253584613,8.800922004027019,False,True,12,0.005,0.0,1000.0,3574.620631025988,113.62445883992974,519.7887935983058,519.7887935983058
u50d100g10,H8P24,0.25,1.4745607965612355,167.54617253584613,8.800922004027019,False,True,12,0.005,0.0,2500.0,3574.620631025988,284.0611470998244,690.2254818582004,690.2254818582004
u50d100g10,H8P24,0.25,1.4745607965612355,167.54617253584613,8.800922004027019,False,True,12,0.005,0.0,5000.0,3574.620631025988,568.1222941996488,974.2866289580247,974.2866289580247
u50d100g10,H8P24,0.25,1.4745607965612355,167.54617253584613,8.800922004027019,False,True,12,0.005,0.0,10000.0,3574.620631025988,1136.2445883992975,1542.4089231576736,1542.4089231576736
u50d100g10,H8P24,0.25,1.4745607965612355,167.54617253584613,8.800922004027019,False,True,12,0.005,0.0,25000.0,3574.620631025988,2840.6114709982435,3246.77580575662,3246.77580575662
u50d100g10,H8P24,0.25,1.4745607965612355,167.54617253584613,8.800922004027019,False,True,12,0.005,1.0,0.0,3574.6206310259886,0.0,406.1643347583761,406.1643347583761
u50d100g10,H8P24,0.25,1.4745607965612355,167.54617253584613,8.800922004027019,False,True,12,0.005,1.0,1000.0,3574.6206310259886,113.62445883992974,519.7887935983059,519.7887935983059
u50d100g10,H8P24,0.25,1.4745607965612355,167.54617253584613,8.800922004027019,False,True,12,0.005,1.0,2500.0,3574.6206310259886,284.0611470998244,690.2254818582005,690.2254818582005
u50d100g10,H8P24,0.25,1.4745607965612355,167.54617253584613,8.800922004027019,False,True,12,0.005,1.0,5000.0,3574.6206310259886,568.1222941996488,974.2866289580247,974.2866289580247
u50d100g10,H8P24,0.25,1.4745607965612355,167.54617253584613,8.800922004027019,False,True,12,0.005,1.0,10000.0,3574.6206310259886,1136.2445883992975,1542.4089231576736,1542.4089231576736
u50d100g10,H8P24,0.25,1.4745607965612355,167.54617253584613,8.800922004027019,False,True,12,0.005,1.0,25000.0,3574.6206310259886,2840.6114709982435,3246.77580575662,3246.77580575662
u50d100g10,H8P24,0.25,1.4745607965612355,167.54617253584613,8.800922004027019,False,True,12,0.01,0.0,0.0,7313.666674926817,0.0,831.011418074188,831.011418074188
u50d100g10,H8P24,0.25,1.4745607965612355,167.54617253584613,8.800922004027019,False,True,12,0.01,0.0,1000.0,7313.666674926817,113.62445883992974,944.6358769141177,944.6358769141177
u50d100g10,H8P24,0.25,1.4745607965612355,167.54617253584613,8.800922004027019,False,True,12,0.01,0.0,2500.0,7313.666674926817,284.0611470998244,1115.0725651740124,1115.0725651740124
u50d100g10,H8P24,0.25,1.4745607965612355,167.54617253584613,8.800922004027019,False,True,12,0.01,0.0,5000.0,7313.666674926817,568.1222941996488,1399.1337122738366,1399.1337122738366
u50d100g10,H8P24,0.25,1.4745607965612355,167.54617253584613,8.800922004027019,False,True,12,0.01,0.0,10000.0,7313.666674926817,1136.2445883992975,1967.2560064734857,1967.2560064734857
u50d100g10,H8P24,0.25,1.4745607965612355,167.54617253584613,8.800922004027019,False,True,12,0.01,0.0,25000.0,7313.666674926817,2840.6114709982435,3671.622889072432,3671.622889072432
u50d100g10,H8P24,0.25,1.4745607965612355,167.54617253584613,8.800922004027019,False,True,12,0.01,1.0,0.0,7313.666674926817,0.0,831.011418074188,831.011418074188
u50d100g10,H8P24,0.25,1.4745607965612355,167.54617253584613,8.800922004027019,False,True,12,0.01,1.0,1000.0,7313.666674926817,113.62445883992974,944.6358769141177,944.6358769141177
u50d100g10,H8P24,0.25,1.4745607965612355,167.54617253584613,8.800922004027019,False,True,12,0.01,1.0,2500.0,7313.666674926817,284.0611470998244,1115.0725651740124,1115.0725651740124
u50d100g10,H8P24,0.25,1.4745607965612355,167.54617253584613,8.800922004027019,False,True,12,0.01,1.0,5000.0,7313.666674926817,568.1222941996488,1399.1337122738366,1399.1337122738366
u50d100g10,H8P24,0.25,1.4745607965612355,167.54617253584613,8.800922004027019,False,True,12,0.01,1.0,10000.0,7313.666674926817,1136.2445883992975,1967.2560064734857,1967.2560064734857
u50d100g10,H8P24,0.25,1.4745607965612355,167.54617253584613,8.800922004027019,False,True,12,0.01,1.0,25000.0,7313.666674926817,2840.6114709982435,3671.622889072432,3671.622889072432
u50d100g10,H8P24,0.5,2.949121593122471,167.54617253584613,17.601844008054037,True,False,12,0.0,0.0,0.0,-319.1533733932689,0.0,-18.131814669374105,0.0
u50d100g10,H8P24,0.5,2.949121593122471,167.54617253584613,17.601844008054037,True,False,12,0.0,0.0,1000.0,-319.1533733932689,56.81222941996487,38.680414750590764,38.680414750590764
u50d100g10,H8P24,0.5,2.949121593122471,167.54617253584613,17.601844008054037,True,False,12,0.0,0.0,2500.0,-319.1533733932689,142.0305735499122,123.89875888053808,123.89875888053808
u50d100g10,H8P24,0.5,2.949121593122471,167.54617253584613,17.601844008054037,True,False,12,0.0,0.0,5000.0,-319.1533733932689,284.0611470998244,265.92933243045024,265.92933243045024
u50d100g10,H8P24,0.5,2.949121593122471,167.54617253584613,17.601844008054037,True,False,12,0.0,0.0,10000.0,-319.1533733932689,568.1222941996488,549.9904795302747,549.9904795302747
u50d100g10,H8P24,0.5,2.949121593122471,167.54617253584613,17.601844008054037,True,False,12,0.0,0.0,25000.0,-319.1533733932689,1420.3057354991217,1402.1739208297477,1402.1739208297477
u50d100g10,H8P24,0.5,2.949121593122471,167.54617253584613,17.601844008054037,True,False,12,0.0,1.0,0.0,-115.61769085927989,0.0,-6.568498778103985,0.0
u50d100g10,H8P24,0.5,2.949121593122471,167.54617253584613,17.601844008054037,True,False,12,0.0,1.0,1000.0,-115.61769085927989,56.81222941996487,50.243730641860886,50.243730641860886
u50d100g10,H8P24,0.5,2.949121593122471,167.54617253584613,17.601844008054037,True,False,12,0.0,1.0,2500.0,-115.61769085927989,142.0305735499122,135.4620747718082,135.4620747718082
u50d100g10,H8P24,0.5,2.949121593122471,167.54617253584613,17.601844008054037,True,False,12,0.0,1.0,5000.0,-115.61769085927989,284.0611470998244,277.49264832172037,277.49264832172037
u50d100g10,H8P24,0.5,2.949121593122471,167.54617253584613,17.601844008054037,True,False,12,0.0,1.0,10000.0,-115.61769085927989,568.1222941996488,561.5537954215447,561.5537954215447
u50d100g10,H8P24,0.5,2.949121593122471,167.54617253584613,17.601844008054037,True,False,12,0.0,1.0,25000.0,-115.61769085927989,1420.3057354991217,1413.737236721018,1413.737236721018
u50d100g10,H8P24,0.5,2.949121593122471,167.54617253584613,17.601844008054037,True,False,12,0.005,0.0,0.0,6627.574846116108,0.0,376.52730265553674,376.52730265553674
u50d100g10,H8P24,0.5,2.949121593122471,167.54617253584613,17.601844008054037,True,False,12,0.005,0.0,1000.0,6627.574846116108,56.81222941996487,433.3395320755016,433.3395320755016
u50d100g10,H8P24,0.5,2.949121593122471,167.54617253584613,17.601844008054037,True,False,12,0.005,0.0,2500.0,6627.574846116108,142.0305735499122,518.557876205449,518.557876205449
u50d100g10,H8P24,0.5,2.949121593122471,167.54617253584613,17.601844008054037,True,False,12,0.005,0.0,5000.0,6627.574846116108,284.0611470998244,660.5884497553611,660.5884497553611
u50d100g10,H8P24,0.5,2.949121593122471,167.54617253584613,17.601844008054037,True,False,12,0.005,0.0,10000.0,6627.574846116108,568.1222941996488,944.6495968551856,944.6495968551856
u50d100g10,H8P24,0.5,2.949121593122471,167.54617253584613,17.601844008054037,True,False,12,0.005,0.0,25000.0,6627.574846116108,1420.3057354991217,1796.8330381546587,1796.8330381546587
u50d100g10,H8P24,0.5,2.949121593122471,167.54617253584613,17.601844008054037,True,False,12,0.005,1.0,0.0,6728.777367410115,0.0,382.2768435131708,382.2768435131708
u50d100g10,H8P24,0.5,2.949121593122471,167.54617253584613,17.601844008054037,True,False,12,0.005,1.0,1000.0,6728.777367410115,56.81222941996487,439.08907293313564,439.08907293313564
u50d100g10,H8P24,0.5,2.949121593122471,167.54617253584613,17.601844008054037,True,False,12,0.005,1.0,2500.0,6728.777367410115,142.0305735499122,524.3074170630829,524.3074170630829
u50d100g10,H8P24,0.5,2.949121593122471,167.54617253584613,17.601844008054037,True,False,12,0.005,1.0,5000.0,6728.777367410115,284.0611470998244,666.3379906129951,666.3379906129951
u50d100g10,H8P24,0.5,2.949121593122471,167.54617253584613,17.601844008054037,True,False,12,0.005,1.0,10000.0,6728.777367410115,568.1222941996488,950.3991377128195,950.3991377128195
u50d100g10,H8P24,0.5,2.949121593122471,167.54617253584613,17.601844008054037,True,False,12,0.005,1.0,25000.0,6728.777367410115,1420.3057354991217,1802.5825790122926,1802.5825790122926
u50d100g10,H8P24,0.5,2.949121593122471,167.54617253584613,17.601844008054037,True,False,12,0.01,0.0,0.0,13584.321214450601,0.0,771.7555733498634,771.7555733498634
u50d100g10,H8P24,0.5,2.949121593122471,167.54617253584613,17.601844008054037,True,False,12,0.01,0.0,1000.0,13584.321214450601,56.81222941996487,828.5678027698283,828.5678027698283
u50d100g10,H8P24,0.5,2.949121593122471,167.54617253584613,17.601844008054037,True,False,12,0.01,0.0,2500.0,13584.321214450601,142.0305735499122,913.7861468997756,913.7861468997756
u50d100g10,H8P24,0.5,2.949121593122471,167.54617253584613,17.601844008054037,True,False,12,0.01,0.0,5000.0,13584.321214450601,284.0611470998244,1055.8167204496879,1055.8167204496879
u50d100g10,H8P24,0.5,2.949121593122471,167.54617253584613,17.601844008054037,True,False,12,0.01,0.0,10000.0,13584.321214450601,568.1222941996488,1339.8778675495123,1339.8778675495123
u50d100g10,H8P24,0.5,2.949121593122471,167.54617253584613,17.601844008054037,True,False,12,0.01,0.0,25000.0,13584.321214450601,1420.3057354991217,2192.0613088489854,2192.0613088489854
u50d100g10,H8P24,0.5,2.949121593122471,167.54617253584613,17.601844008054037,True,False,12,0.01,1.0,0.0,13664.963010294892,0.0,776.3370135562072,776.3370135562072
u50d100g10,H8P24,0.5,2.949121593122471,167.54617253584613,17.601844008054037,True,False,12,0.01,1.0,1000.0,13664.963010294892,56.81222941996487,833.1492429761721,833.1492429761721
u50d100g10,H8P24,0.5,2.949121593122471,167.54617253584613,17.601844008054037,True,False,12,0.01,1.0,2500.0,13664.963010294892,142.0305735499122,918.3675871061195,918.3675871061195
u50d100g10,H8P24,0.5,2.949121593122471,167.54617253584613,17.601844008054037,True,False,12,0.01,1.0,5000.0,13664.963010294892,284.0611470998244,1060.3981606560317,1060.3981606560317
u50d100g10,H8P24,0.5,2.949121593122471,167.54617253584613,17.601844008054037,True,False,12,0.01,1.0,10000.0,13664.963010294892,568.1222941996488,1344.4593077558561,1344.4593077558561
u50d100g10,H8P24,0.5,2.949121593122471,167.54617253584613,17.601844008054037,True,False,12,0.01,1.0,25000.0,13664.963010294892,1420.3057354991217,2196.642749055329,2196.642749055329
u50d100g10,H8P24,1.0,5.898243186244942,167.54617253584613,35.203688016108075,False,False,12,0.0,0.0,0.0,-778.5800052794472,0.0,-22.11643294086671,0.0
u50d100g10,H8P24,1.0,5.898243186244942,167.54617253584613,35.203688016108075,False,False,12,0.0,0.0,1000.0,-778.5800052794472,28.406114709982436,6.289681769115729,6.289681769115729
u50d100g10,H8P24,1.0,5.898243186244942,167.54617253584613,35.203688016108075,False,False,12,0.0,0.0,2500.0,-778.5800052794472,71.0152867749561,48.89885383408939,48.89885383408939
u50d100g10,H8P24,1.0,5.898243186244942,167.54617253584613,35.203688016108075,False,False,12,0.0,0.0,5000.0,-778.5800052794472,142.0305735499122,119.91414060904546,119.91414060904546
u50d100g10,H8P24,1.0,5.898243186244942,167.54617253584613,35.203688016108075,False,False,12,0.0,0.0,10000.0,-778.5800052794472,284.0611470998244,261.94471415895765,261.94471415895765
u50d100g10,H8P24,1.0,5.898243186244942,167.54617253584613,35.203688016108075,False,False,12,0.0,0.0,25000.0,-778.5800052794472,710.1528677495609,688.0364348086943,688.0364348086943
u50d100g10,H8P24,1.0,5.898243186244942,167.54617253584613,35.203688016108075,False,False,12,0.0,1.0,0.0,11473.870558105864,0.0,325.9280832410454,325.9280832410454
u50d100g10,H8P24,1.0,5.898243186244942,167.54617253584613,35.203688016108075,False,False,12,0.0,1.0,1000.0,11473.870558105864,28.406114709982436,354.3341979510278,354.3341979510278
u50d100g10,H8P24,1.0,5.898243186244942,167.54617253584613,35.203688016108075,False,False,12,0.0,1.0,2500.0,11473.870558105864,71.0152867749561,396.94337001600144,396.94337001600144
u50d100g10,H8P24,1.0,5.898243186244942,167.54617253584613,35.203688016108075,False,False,12,0.0,1.0,5000.0,11473.870558105864,142.0305735499122,467.95865679095755,467.95865679095755
u50d100g10,H8P24,1.0,5.898243186244942,167.54617253584613,35.203688016108075,False,False,12,0.0,1.0,10000.0,11473.870558105864,284.0611470998244,609.9892303408698,609.9892303408698
u50d100g10,H8P24,1.0,5.898243186244942,167.54617253584613,35.203688016108075,False,False,12,0.0,1.0,25000.0,11473.870558105864,710.1528677495609,1036.0809509906062,1036.0809509906062
u50d100g10,H8P24,1.0,5.898243186244942,167.54617253584613,35.203688016108075,False,False,12,0.005,0.0,0.0,10068.430073986605,0.0,286.00497963110047,286.00497963110047
u50d100g10,H8P24,1.0,5.898243186244942,167.54617253584613,35.203688016108075,False,False,12,0.005,0.0,1000.0,10068.430073986605,28.406114709982436,314.4110943410829,314.4110943410829
u50d100g10,H8P24,1.0,5.898243186244942,167.54617253584613,35.203688016108075,False,False,12,0.005,0.0,2500.0,10068.430073986605,71.0152867749561,357.0202664060565,357.0202664060565
u50d100g10,H8P24,1.0,5.898243186244942,167.54617253584613,35.203688016108075,False,False,12,0.005,0.0,5000.0,10068.430073986605,142.0305735499122,428.03555318101263,428.03555318101263
u50d100g10,H8P24,1.0,5.898243186244942,167.54617253584613,35.203688016108075,False,False,12,0.005,0.0,10000.0,10068.430073986605,284.0611470998244,570.0661267309248,570.0661267309248
u50d100g10,H8P24,1.0,5.898243186244942,167.54617253584613,35.203688016108075,False,False,12,0.005,0.0,25000.0,10068.430073986605,710.1528677495609,996.1578473806612,996.1578473806612
u50d100g10,H8P24,1.0,5.898243186244942,167.54617253584613,35.203688016108075,False,False,12,0.005,1.0,0.0,22565.1315677393,0.0,640.9877157590483,640.9877157590483
u50d100g10,H8P24,1.0,5.898243186244942,167.54617253584613,35.203688016108075,False,False,12,0.005,1.0,1000.0,22565.1315677393,28.406114709982436,669.3938304690308,669.3938304690308
u50d100g10,H8P24,1.0,5.898243186244942,167.54617253584613,35.203688016108075,False,False,12,0.005,1.0,2500.0,22565.1315677393,71.0152867749561,712.0030025340044,712.0030025340044
u50d100g10,H8P24,1.0,5.898243186244942,167.54617253584613,35.203688016108075,False,False,12,0.005,1.0,5000.0,22565.1315677393,142.0305735499122,783.0182893089606,783.0182893089606
u50d100g10,H8P24,1.0,5.898243186244942,167.54617253584613,35.203688016108075,False,False,12,0.005,1.0,10000.0,22565.1315677393,284.0611470998244,925.0488628588728,925.0488628588728
u50d100g10,H8P24,1.0,5.898243186244942,167.54617253584613,35.203688016108075,False,False,12,0.005,1.0,25000.0,22565.1315677393,710.1528677495609,1351.1405835086093,1351.1405835086093
u50d100g10,H8P24,1.0,5.898243186244942,167.54617253584613,35.203688016108075,False,False,12,0.01,0.0,0.0,21171.1500713035,0.0,601.3901174677001,601.3901174677001
u50d100g10,H8P24,1.0,5.898243186244942,167.54617253584613,35.203688016108075,False,False,12,0.01,0.0,1000.0,21171.1500713035,28.406114709982436,629.7962321776824,629.7962321776824
u50d100g10,H8P24,1.0,5.898243186244942,167.54617253584613,35.203688016108075,False,False,12,0.01,0.0,2500.0,21171.1500713035,71.0152867749561,672.4054042426561,672.4054042426561
u50d100g10,H8P24,1.0,5.898243186244942,167.54617253584613,35.203688016108075,False,False,12,0.01,0.0,5000.0,21171.1500713035,142.0305735499122,743.4206910176122,743.4206910176122
u50d100g10,H8P24,1.0,5.898243186244942,167.54617253584613,35.203688016108075,False,False,12,0.01,0.0,10000.0,21171.1500713035,284.0611470998244,885.4512645675244,885.4512645675244
u50d100g10,H8P24,1.0,5.898243186244942,167.54617253584613,35.203688016108075,False,False,12,0.01,0.0,25000.0,21171.1500713035,710.1528677495609,1311.542985217261,1311.542985217261
u50d100g10,H8P24,1.0,5.898243186244942,167.54617253584613,35.203688016108075,False,False,12,0.01,1.0,0.0,33603.37935421654,0.0,954.5414485789305,954.5414485789305
u50d100g10,H8P24,1.0,5.898243186244942,167.54617253584613,35.203688016108075,False,False,12,0.01,1.0,1000.0,33603.37935421654,28.406114709982436,982.9475632889129,982.9475632889129
u50d100g10,H8P24,1.0,5.898243186244942,167.54617253584613,35.203688016108075,False,False,12,0.01,1.0,2500.0,33603.37935421654,71.0152867749561,1025.5567353538866,1025.5567353538866
u50d100g10,H8P24,1.0,5.898243186244942,167.54617253584613,35.203688016108075,False,False,12,0.01,1.0,5000.0,33603.37935421654,142.0305735499122,1096.5720221288427,1096.5720221288427
u50d100g10,H8P24,1.0,5.898243186244942,167.54617253584613,35.203688016108075,False,False,12,0.01,1.0,10000.0,33603.37935421654,284.0611470998244,1238.6025956787548,1238.6025956787548
u50d100g10,H8P24,1.0,5.898243186244942,167.54617253584613,35.203688016108075,False,False,12,0.01,1.0,25000.0,33603.37935421654,710.1528677495609,1664.6943163284914,1664.6943163284914
u50d50g10,H8P16,0.25,1.4745607965612355,167.54617253584613,8.800922004027019,True,False,12,0.0,0.0,0.0,-166.90687197565572,0.0,-18.964703004899317,0.0
u50d50g10,H8P16,0.25,1.4745607965612355,167.54617253584613,8.800922004027019,True,False,12,0.0,0.0,1000.0,-166.90687197565572,113.62445883992974,94.65975583503044,94.65975583503044
u50d50g10,H8P16,0.25,1.4745607965612355,167.54617253584613,8.800922004027019,True,False,12,0.0,0.0,2500.0,-166.90687197565572,284.0611470998244,265.09644409492506,265.09644409492506
u50d50g10,H8P16,0.25,1.4745607965612355,167.54617253584613,8.800922004027019,True,False,12,0.0,0.0,5000.0,-166.90687197565572,568.1222941996488,549.1575911947493,549.1575911947493
u50d50g10,H8P16,0.25,1.4745607965612355,167.54617253584613,8.800922004027019,True,False,12,0.0,0.0,10000.0,-166.90687197565572,1136.2445883992975,1117.2798853943982,1117.2798853943982
u50d50g10,H8P16,0.25,1.4745607965612355,167.54617253584613,8.800922004027019,True,False,12,0.0,0.0,25000.0,-166.90687197565572,2840.6114709982435,2821.6467679933444,2821.6467679933444
u50d50g10,H8P16,0.25,1.4745607965612355,167.54617253584613,8.800922004027019,True,False,12,0.0,1.0,0.0,535.3482662741293,0.0,60.828657046292555,60.828657046292555
u50d50g10,H8P16,0.25,1.4745607965612355,167.54617253584613,8.800922004027019,True,False,12,0.0,1.0,1000.0,535.3482662741293,113.62445883992974,174.45311588622232,174.45311588622232
u50d50g10,H8P16,0.25,1.4745607965612355,167.54617253584613,8.800922004027019,True,False,12,0.0,1.0,2500.0,535.3482662741293,284.0611470998244,344.88980414611694,344.88980414611694
u50d50g10,H8P16,0.25,1.4745607965612355,167.54617253584613,8.800922004027019,True,False,12,0.0,1.0,5000.0,535.3482662741293,568.1222941996488,628.9509512459413,628.9509512459413
u50d50g10,H8P16,0.25,1.4745607965612355,167.54617253584613,8.800922004027019,True,False,12,0.0,1.0,10000.0,535.3482662741293,1136.2445883992975,1197.0732454455901,1197.0732454455901
u50d50g10,H8P16,0.25,1.4745607965612355,167.54617253584613,8.800922004027019,True,False,12,0.0,1.0,25000.0,535.3482662741293,2840.6114709982435,2901.4401280445363,2901.4401280445363
u50d50g10,H8P16,0.25,1.4745607965612355,167.54617253584613,8.800922004027019,True,False,12,0.005,0.0,0.0,2719.989697339499,0.0,309.05735741038484,309.05735741038484
u50d50g10,H8P16,0.25,1.4745607965612355,167.54617253584613,8.800922004027019,True,False,12,0.005,0.0,1000.0,2719.989697339499,113.62445883992974,422.6818162503146,422.6818162503146
u50d50g10,H8P16,0.25,1.4745607965612355,167.54617253584613,8.800922004027019,True,False,12,0.005,0.0,2500.0,2719.989697339499,284.0611470998244,593.1185045102093,593.1185045102093
u50d50g10,H8P16,0.25,1.4745607965612355,167.54617253584613,8.800922004027019,True,False,12,0.005,0.0,5000.0,2719.989697339499,568.1222941996488,877.1796516100336,877.1796516100336
u50d50g10,H8P16,0.25,1.4745607965612355,167.54617253584613,8.800922004027019,True,False,12,0.005,0.0,10000.0,2719.989697339499,1136.2445883992975,1445.3019458096824,1445.3019458096824
u50d50g10,H8P16,0.25,1.4745607965612355,167.54617253584613,8.800922004027019,True,False,12,0.005,0.0,25000.0,2719.989697339499,2840.6114709982435,3149.6688284086285,3149.6688284086285
u50d50g10,H8P16,0.25,1.4745607965612355,167.54617253584613,8.800922004027019,True,False,12,0.005,1.0,0.0,3378.889989490712,0.0,383.92454653553807,383.92454653553807
u50d50g10,H8P16,0.25,1.4745607965612355,167.54617253584613,8.800922004027019,True,False,12,0.005,1.0,1000.0,3378.889989490712,113.62445883992974,497.5490053754678,497.5490053754678
u50d50g10,H8P16,0.25,1.4745607965612355,167.54617253584613,8.800922004027019,True,False,12,0.005,1.0,2500.0,3378.889989490712,284.0611470998244,667.9856936353624,667.9856936353624
u50d50g10,H8P16,0.25,1.4745607965612355,167.54617253584613,8.800922004027019,True,False,12,0.005,1.0,5000.0,3378.889989490712,568.1222941996488,952.0468407351867,952.0468407351867
u50d50g10,H8P16,0.25,1.4745607965612355,167.54617253584613,8.800922004027019,True,False,12,0.005,1.0,10000.0,3378.889989490712,1136.2445883992975,1520.1691349348355,1520.1691349348355
u50d50g10,H8P16,0.25,1.4745607965612355,167.54617253584613,8.800922004027019,True,False,12,0.005,1.0,25000.0,3378.889989490712,2840.6114709982435,3224.536017533782,3224.536017533782
u50d50g10,H8P16,0.25,1.4745607965612355,167.54617253584613,8.800922004027019,True,False,12,0.01,0.0,0.0,5614.851061031154,0.0,637.9844132764703,637.9844132764703
u50d50g10,H8P16,0.25,1.4745607965612355,167.54617253584613,8.800922004027019,True,False,12,0.01,0.0,1000.0,5614.851061031154,113.62445883992974,751.6088721164,751.6088721164
u50d50g10,H8P16,0.25,1.4745607965612355,167.54617253584613,8.800922004027019,True,False,12,0.01,0.0,2500.0,5614.851061031154,284.0611470998244,922.0455603762946,922.0455603762946
u50d50g10,H8P16,0.25,1.4745607965612355,167.54617253584613,8.800922004027019,True,False,12,0.01,0.0,5000.0,5614.851061031154,568.1222941996488,1206.1067074761188,1206.1067074761188
u50d50g10,H8P16,0.25,1.4745607965612355,167.54617253584613,8.800922004027019,True,False,12,0.01,0.0,10000.0,5614.851061031154,1136.2445883992975,1774.2290016757677,1774.2290016757677
u50d50g10,H8P16,0.25,1.4745607965612355,167.54617253584613,8.800922004027019,True,False,12,0.01,0.0,25000.0,5614.851061031154,2840.6114709982435,3478.5958842747136,3478.5958842747136
u50d50g10,H8P16,0.25,1.4745607965612355,167.54617253584613,8.800922004027019,True,False,12,0.01,1.0,0.0,6250.637121078087,0.0,710.2252602872741,710.2252602872741
u50d50g10,H8P16,0.25,1.4745607965612355,167.54617253584613,8.800922004027019,True,False,12,0.01,1.0,1000.0,6250.637121078087,113.62445883992974,823.8497191272038,823.8497191272038
u50d50g10,H8P16,0.25,1.4745607965612355,167.54617253584613,8.800922004027019,True,False,12,0.01,1.0,2500.0,6250.637121078087,284.0611470998244,994.2864073870984,994.2864073870984
u50d50g10,H8P16,0.25,1.4745607965612355,167.54617253584613,8.800922004027019,True,False,12,0.01,1.0,5000.0,6250.637121078087,568.1222941996488,1278.3475544869227,1278.3475544869227
u50d50g10,H8P16,0.25,1.4745607965612355,167.54617253584613,8.800922004027019,True,False,12,0.01,1.0,10000.0,6250.637121078087,1136.2445883992975,1846.4698486865716,1846.4698486865716
u50d50g10,H8P16,0.25,1.4745607965612355,167.54617253584613,8.800922004027019,True,False,12,0.01,1.0,25000.0,6250.637121078087,2840.6114709982435,3550.8367312855175,3550.8367312855175
u50d50g10,H8P16,1.0,5.898243186244942,167.54617253584613,35.203688016108075,False,False,12,0.0,0.0,0.0,-1528.3020558527724,0.0,-43.41312351005584,0.0
u50d50g10,H8P16,1.0,5.898243186244942,167.54617253584613,35.203688016108075,False,False,12,0.0,0.0,1000.0,-1528.3020558527724,28.406114709982436,-15.0070088000734,0.0
u50d50g10,H8P16,1.0,5.898243186244942,167.54617253584613,35.203688016108075,False,False,12,0.0,0.0,2500.0,-1528.3020558527724,71.0152867749561,27.602163264900256,27.602163264900256
u50d50g10,H8P16,1.0,5.898243186244942,167.54617253584613,35.203688016108075,False,False,12,0.0,0.0,5000.0,-1528.3020558527724,142.0305735499122,98.61745003985635,98.61745003985635
u50d50g10,H8P16,1.0,5.898243186244942,167.54617253584613,35.203688016108075,False,False,12,0.0,0.0,10000.0,-1528.3020558527724,284.0611470998244,240.64802358976857,240.64802358976857
u50d50g10,H8P16,1.0,5.898243186244942,167.54617253584613,35.203688016108075,False,False,12,0.0,0.0,25000.0,-1528.3020558527724,710.1528677495609,666.7397442395051,666.7397442395051
u50d50g10,H8P16,1.0,5.898243186244942,167.54617253584613,35.203688016108075,False,False,12,0.0,1.0,0.0,26984.395289871452,0.0,766.5218279835982,766.5218279835982
u50d50g10,H8P16,1.0,5.898243186244942,167.54617253584613,35.203688016108075,False,False,12,0.0,1.0,1000.0,26984.395289871452,28.406114709982436,794.9279426935807,794.9279426935807
u50d50g10,H8P16,1.0,5.898243186244942,167.54617253584613,35.203688016108075,False,False,12,0.0,1.0,2500.0,26984.395289871452,71.0152867749561,837.5371147585544,837.5371147585544
u50d50g10,H8P16,1.0,5.898243186244942,167.54617253584613,35.203688016108075,False,False,12,0.0,1.0,5000.0,26984.395289871452,142.0305735499122,908.5524015335104,908.5524015335104
u50d50g10,H8P16,1.0,5.898243186244942,167.54617253584613,35.203688016108075,False,False,12,0.0,1.0,10000.0,26984.395289871452,284.0611470998244,1050.5829750834225,1050.5829750834225
u50d50g10,H8P16,1.0,5.898243186244942,167.54617253584613,35.203688016108075,False,False,12,0.0,1.0,25000.0,26984.395289871452,710.1528677495609,1476.674695733159,1476.674695733159
u50d50g10,H8P16,1.0,5.898243186244942,167.54617253584613,35.203688016108075,False,False,12,0.005,0.0,0.0,2892.2324829550307,0.0,82.15708767875793,82.15708767875793
u50d50g10,H8P16,1.0,5.898243186244942,167.54617253584613,35.203688016108075,False,False,12,0.005,0.0,1000.0,2892.2324829550307,28.406114709982436,110.56320238874036,110.56320238874036
u50d50g10,H8P16,1.0,5.898243186244942,167.54617253584613,35.203688016108075,False,False,12,0.005,0.0,2500.0,2892.2324829550307,71.0152867749561,153.172374453714,153.172374453714
u50d50g10,H8P16,1.0,5.898243186244942,167.54617253584613,35.203688016108075,False,False,12,0.005,0.0,5000.0,2892.2324829550307,142.0305735499122,224.1876612286701,224.1876612286701
u50d50g10,H8P16,1.0,5.898243186244942,167.54617253584613,35.203688016108075,False,False,12,0.005,0.0,10000.0,2892.2324829550307,284.0611470998244,366.2182347785823,366.2182347785823
u50d50g10,H8P16,1.0,5.898243186244942,167.54617253584613,35.203688016108075,False,False,12,0.005,0.0,25000.0,2892.2324829550307,710.1528677495609,792.3099554283189,792.3099554283189
u50d50g10,H8P16,1.0,5.898243186244942,167.54617253584613,35.203688016108075,False,False,12,0.005,1.0,0.0,31411.48985968313,0.0,892.278384165609,892.278384165609
u50d50g10,H8P16,1.0,5.898243186244942,167.54617253584613,35.203688016108075,False,False,12,0.005,1.0,1000.0,31411.48985968313,28.406114709982436,920.6844988755915,920.6844988755915
u50d50g10,H8P16,1.0,5.898243186244942,167.54617253584613,35.203688016108075,False,False,12,0.005,1.0,2500.0,31411.48985968313,71.0152867749561,963.2936709405653,963.2936709405653
u50d50g10,H8P16,1.0,5.898243186244942,167.54617253584613,35.203688016108075,False,False,12,0.005,1.0,5000.0,31411.48985968313,142.0305735499122,1034.3089577155215,1034.3089577155215
u50d50g10,H8P16,1.0,5.898243186244942,167.54617253584613,35.203688016108075,False,False,12,0.005,1.0,10000.0,31411.48985968313,284.0611470998244,1176.3395312654336,1176.3395312654336
u50d50g10,H8P16,1.0,5.898243186244942,167.54617253584613,35.203688016108075,False,False,12,0.005,1.0,25000.0,31411.48985968313,710.1528677495609,1602.4312519151702,1602.4312519151702
u50d50g10,H8P16,1.0,5.898243186244942,167.54617253584613,35.203688016108075,False,False,12,0.01,0.0,0.0,7358.445306433064,0.0,209.02484146166947,209.02484146166947
u50d50g10,H8P16,1.0,5.898243186244942,167.54617253584613,35.203688016108075,False,False,12,0.01,0.0,1000.0,7358.445306433064,28.406114709982436,237.43095617165187,237.43095617165187
u50d50g10,H8P16,1.0,5.898243186244942,167.54617253584613,35.203688016108075,False,False,12,0.01,0.0,2500.0,7358.445306433064,71.0152867749561,280.04012823662555,280.04012823662555
u50d50g10,H8P16,1.0,5.898243186244942,167.54617253584613,35.203688016108075,False,False,12,0.01,0.0,5000.0,7358.445306433064,142.0305735499122,351.0554150115816,351.0554150115816
u50d50g10,H8P16,1.0,5.898243186244942,167.54617253584613,35.203688016108075,False,False,12,0.01,0.0,10000.0,7358.445306433064,284.0611470998244,493.0859885614938,493.0859885614938
u50d50g10,H8P16,1.0,5.898243186244942,167.54617253584613,35.203688016108075,False,False,12,0.01,0.0,25000.0,7358.445306433064,710.1528677495609,919.1777092112303,919.1777092112303
u50d50g10,H8P16,1.0,5.898243186244942,167.54617253584613,35.203688016108075,False,False,12,0.01,1.0,0.0,35823.74100240553,0.0,1017.6132962550327,1017.6132962550327
u50d50g10,H8P16,1.0,5.898243186244942,167.54617253584613,35.203688016108075,False,False,12,0.01,1.0,1000.0,35823.74100240553,28.406114709982436,1046.0194109650151,1046.0194109650151
u50d50g10,H8P16,1.0,5.898243186244942,167.54617253584613,35.203688016108075,False,False,12,0.01,1.0,2500.0,35823.74100240553,71.0152867749561,1088.6285830299887,1088.6285830299887
u50d50g10,H8P16,1.0,5.898243186244942,167.54617253584613,35.203688016108075,False,False,12,0.01,1.0,5000.0,35823.74100240553,142.0305735499122,1159.6438698049449,1159.6438698049449
u50d50g10,H8P16,1.0,5.898243186244942,167.54617253584613,35.203688016108075,False,False,12,0.01,1.0,10000.0,35823.74100240553,284.0611470998244,1301.674443354857,1301.674443354857
u50d50g10,H8P16,1.0,5.898243186244942,167.54617253584613,35.203688016108075,False,False,12,0.01,1.0,25000.0,35823.74100240553,710.1528677495609,1727.7661640045935,1727.7661640045935
u50d50g10,H8P24,1.0,5.898243186244942,167.54617253584613,35.203688016108075,False,False,12,0.0,0.0,0.0,-1286.4247236128576,0.0,-36.54232826470429,0.0
u50d50g10,H8P24,1.0,5.898243186244942,167.54617253584613,35.203688016108075,False,False,12,0.0,0.0,1000.0,-1286.4247236128576,28.406114709982436,-8.136213554721849,0.0
u50d50g10,H8P24,1.0,5.898243186244942,167.54617253584613,35.203688016108075,False,False,12,0.0,0.0,2500.0,-1286.4247236128576,71.0152867749561,34.47295851025181,34.47295851025181
u50d50g10,H8P24,1.0,5.898243186244942,167.54617253584613,35.203688016108075,False,False,12,0.0,0.0,5000.0,-1286.4247236128576,142.0305735499122,105.4882452852079,105.4882452852079
u50d50g10,H8P24,1.0,5.898243186244942,167.54617253584613,35.203688016108075,False,False,12,0.0,0.0,10000.0,-1286.4247236128576,284.0611470998244,247.51881883512007,247.51881883512007
u50d50g10,H8P24,1.0,5.898243186244942,167.54617253584613,35.203688016108075,False,False,12,0.0,0.0,25000.0,-1286.4247236128576,710.1528677495609,673.6105394848566,673.6105394848566
u50d50g10,H8P24,1.0,5.898243186244942,167.54617253584613,35.203688016108075,False,False,12,0.0,1.0,0.0,26823.059844925367,0.0,761.9389148276737,761.9389148276737
u50d50g10,H8P24,1.0,5.898243186244942,167.54617253584613,35.203688016108075,False,False,12,0.0,1.0,1000.0,26823.059844925367,28.406114709982436,790.3450295376562,790.3450295376562
u50d50g10,H8P24,1.0,5.898243186244942,167.54617253584613,35.203688016108075,False,False,12,0.0,1.0,2500.0,26823.059844925367,71.0152867749561,832.9542016026297,832.9542016026297
u50d50g10,H8P24,1.0,5.898243186244942,167.54617253584613,35.203688016108075,False,False,12,0.0,1.0,5000.0,26823.059844925367,142.0305735499122,903.9694883775859,903.9694883775859
u50d50g10,H8P24,1.0,5.898243186244942,167.54617253584613,35.203688016108075,False,False,12,0.0,1.0,10000.0,26823.059844925367,284.0611470998244,1046.000061927498,1046.000061927498
u50d50g10,H8P24,1.0,5.898243186244942,167.54617253584613,35.203688016108075,False,False,12,0.0,1.0,25000.0,26823.059844925367,710.1528677495609,1472.0917825772347,1472.0917825772347
u50d50g10,H8P24,1.0,5.898243186244942,167.54617253584613,35.203688016108075,False,False,12,0.005,0.0,0.0,4211.657116342436,0.0,119.63681516593708,119.63681516593708
u50d50g10,H8P24,1.0,5.898243186244942,167.54617253584613,35.203688016108075,False,False,12,0.005,0.0,1000.0,4211.657116342436,28.406114709982436,148.04292987591953,148.04292987591953
u50d50g10,H8P24,1.0,5.898243186244942,167.54617253584613,35.203688016108075,False,False,12,0.005,0.0,2500.0,4211.657116342436,71.0152867749561,190.65210194089317,190.65210194089317
u50d50g10,H8P24,1.0,5.898243186244942,167.54617253584613,35.203688016108075,False,False,12,0.005,0.0,5000.0,4211.657116342436,142.0305735499122,261.66738871584926,261.66738871584926
u50d50g10,H8P24,1.0,5.898243186244942,167.54617253584613,35.203688016108075,False,False,12,0.005,0.0,10000.0,4211.657116342436,284.0611470998244,403.6979622657615,403.6979622657615
u50d50g10,H8P24,1.0,5.898243186244942,167.54617253584613,35.203688016108075,False,False,12,0.005,0.0,25000.0,4211.657116342436,710.1528677495609,829.789682915498,829.789682915498
u50d50g10,H8P24,1.0,5.898243186244942,167.54617253584613,35.203688016108075,False,False,12,0.005,1.0,0.0,32511.678308043243,0.0,923.530463432324,923.530463432324
u50d50g10,H8P24,1.0,5.898243186244942,167.54617253584613,35.203688016108075,False,False,12,0.005,1.0,1000.0,32511.678308043243,28.406114709982436,951.9365781423065,951.9365781423065
u50d50g10,H8P24,1.0,5.898243186244942,167.54617253584613,35.203688016108075,False,False,12,0.005,1.0,2500.0,32511.678308043243,71.0152867749561,994.5457502072802,994.5457502072802
u50d50g10,H8P24,1.0,5.898243186244942,167.54617253584613,35.203688016108075,False,False,12,0.005,1.0,5000.0,32511.678308043243,142.0305735499122,1065.5610369822361,1065.5610369822361
u50d50g10,H8P24,1.0,5.898243186244942,167.54617253584613,35.203688016108075,False,False,12,0.005,1.0,10000.0,32511.678308043243,284.0611470998244,1207.5916105321485,1207.5916105321485
u50d50g10,H8P24,1.0,5.898243186244942,167.54617253584613,35.203688016108075,False,False,12,0.005,1.0,25000.0,32511.678308043243,710.1528677495609,1633.683331181885,1633.683331181885
u50d50g10,H8P24,1.0,5.898243186244942,167.54617253584613,35.203688016108075,False,False,12,0.01,0.0,0.0,9929.22403157287,0.0,282.05067682197324,282.05067682197324
u50d50g10,H8P24,1.0,5.898243186244942,167.54617253584613,35.203688016108075,False,False,12,0.01,0.0,1000.0,9929.22403157287,28.406114709982436,310.4567915319557,310.4567915319557
u50d50g10,H8P24,1.0,5.898243186244942,167.54617253584613,35.203688016108075,False,False,12,0.01,0.0,2500.0,9929.22403157287,71.0152867749561,353.0659635969293,353.0659635969293
u50d50g10,H8P24,1.0,5.898243186244942,167.54617253584613,35.203688016108075,False,False,12,0.01,0.0,5000.0,9929.22403157287,142.0305735499122,424.0812503718854,424.0812503718854
u50d50g10,H8P24,1.0,5.898243186244942,167.54617253584613,35.203688016108075,False,False,12,0.01,0.0,10000.0,9929.22403157287,284.0611470998244,566.1118239217976,566.1118239217976
u50d50g10,H8P24,1.0,5.898243186244942,167.54617253584613,35.203688016108075,False,False,12,0.01,0.0,25000.0,9929.22403157287,710.1528677495609,992.2035445715342,992.2035445715342
u50d50g10,H8P24,1.0,5.898243186244942,167.54617253584613,35.203688016108075,False,False,12,0.01,1.0,0.0,38184.44905355293,0.0,1084.6718399527049,1084.6718399527049
u50d50g10,H8P24,1.0,5.898243186244942,167.54617253584613,35.203688016108075,False,False,12,0.01,1.0,1000.0,38184.44905355293,28.406114709982436,1113.0779546626873,1113.0779546626873
u50d50g10,H8P24,1.0,5.898243186244942,167.54617253584613,35.203688016108075,False,False,12,0.01,1.0,2500.0,38184.44905355293,71.0152867749561,1155.687126727661,1155.687126727661
u50d50g10,H8P24,1.0,5.898243186244942,167.54617253584613,35.203688016108075,False,False,12,0.01,1.0,5000.0,38184.44905355293,142.0305735499122,1226.702413502617,1226.702413502617
u50d50g10,H8P24,1.0,5.898243186244942,167.54617253584613,35.203688016108075,False,False,12,0.01,1.0,10000.0,38184.44905355293,284.0611470998244,1368.7329870525293,1368.7329870525293
u50d50g10,H8P24,1.0,5.898243186244942,167.54617253584613,35.203688016108075,False,False,12,0.01,1.0,25000.0,38184.44905355293,710.1528677495609,1794.8247077022659,1794.8247077022659
u65d100g10,H4P16,0.75,4.423682389683707,193.4389798490304,22.868619308973678,True,True,12,0.0,0.0,0.0,-204.43956699058367,0.0,-8.939742457926233,0.0
u65d100g10,H4P16,0.75,4.423682389683707,193.4389798490304,22.868619308973678,True,True,12,0.0,0.0,1000.0,-204.43956699058367,43.728044377720636,34.7883019197944,34.7883019197944
u65d100g10,H4P16,0.75,4.423682389683707,193.4389798490304,22.868619308973678,True,True,12,0.0,0.0,2500.0,-204.43956699058367,109.32011094430159,100.38036848637536,100.38036848637536
u65d100g10,H4P16,0.75,4.423682389683707,193.4389798490304,22.868619308973678,True,True,12,0.0,0.0,5000.0,-204.43956699058367,218.64022188860318,209.70047943067695,209.70047943067695
u65d100g10,H4P16,0.75,4.423682389683707,193.4389798490304,22.868619308973678,True,True,12,0.0,0.0,10000.0,-204.43956699058367,437.28044377720636,428.3407013192801,428.3407013192801
u65d100g10,H4P16,0.75,4.423682389683707,193.4389798490304,22.868619308973678,True,True,12,0.0,0.0,25000.0,-204.43956699058367,1093.2011094430159,1084.2613669850898,1084.2613669850898
u65d100g10,H4P16,0.75,4.423682389683707,193.4389798490304,22.868619308973678,True,True,12,0.0,1.0,0.0,-204.4395669905834,0.0,-8.93974245792622,0.0
u65d100g10,H4P16,0.75,4.423682389683707,193.4389798490304,22.868619308973678,True,True,12,0.0,1.0,1000.0,-204.4395669905834,43.728044377720636,34.788301919794414,34.788301919794414
u65d100g10,H4P16,0.75,4.423682389683707,193.4389798490304,22.868619308973678,True,True,12,0.0,1.0,2500.0,-204.4395669905834,109.32011094430159,100.38036848637536,100.38036848637536
u65d100g10,H4P16,0.75,4.423682389683707,193.4389798490304,22.868619308973678,True,True,12,0.0,1.0,5000.0,-204.4395669905834,218.64022188860318,209.70047943067695,209.70047943067695
u65d100g10,H4P16,0.75,4.423682389683707,193.4389798490304,22.868619308973678,True,True,12,0.0,1.0,10000.0,-204.4395669905834,437.28044377720636,428.3407013192802,428.3407013192802
u65d100g10,H4P16,0.75,4.423682389683707,193.4389798490304,22.868619308973678,True,True,12,0.0,1.0,25000.0,-204.4395669905834,1093.2011094430159,1084.2613669850898,1084.2613669850898
u65d100g10,H4P16,0.75,4.423682389683707,193.4389798490304,22.868619308973678,True,True,12,0.005,0.0,0.0,3991.5322773117596,0.0,174.54190055739292,174.54190055739292
u65d100g10,H4P16,0.75,4.423682389683707,193.4389798490304,22.868619308973678,True,True,12,0.005,0.0,1000.0,3991.5322773117596,43.728044377720636,218.26994493511359,218.26994493511359
u65d100g10,H4P16,0.75,4.423682389683707,193.4389798490304,22.868619308973678,True,True,12,0.005,0.0,2500.0,3991.5322773117596,109.32011094430159,283.86201150169455,283.86201150169455
u65d100g10,H4P16,0.75,4.423682389683707,193.4389798490304,22.868619308973678,True,True,12,0.005,0.0,5000.0,3991.5322773117596,218.64022188860318,393.1821224459961,393.1821224459961
u65d100g10,H4P16,0.75,4.423682389683707,193.4389798490304,22.868619308973678,True,True,12,0.005,0.0,10000.0,3991.5322773117596,437.28044377720636,611.8223443345993,611.8223443345993
u65d100g10,H4P16,0.75,4.423682389683707,193.4389798490304,22.868619308973678,True,True,12,0.005,0.0,25000.0,3991.5322773117596,1093.2011094430159,1267.7430100004087,1267.7430100004087
u65d100g10,H4P16,0.75,4.423682389683707,193.4389798490304,22.868619308973678,True,True,12,0.005,1.0,0.0,3991.5322773117596,0.0,174.54190055739292,174.54190055739292
u65d100g10,H4P16,0.75,4.423682389683707,193.4389798490304,22.868619308973678,True,True,12,0.005,1.0,1000.0,3991.5322773117596,43.728044377720636,218.26994493511359,218.26994493511359
u65d100g10,H4P16,0.75,4.423682389683707,193.4389798490304,22.868619308973678,True,True,12,0.005,1.0,2500.0,3991.5322773117596,109.32011094430159,283.86201150169455,283.86201150169455
u65d100g10,H4P16,0.75,4.423682389683707,193.4389798490304,22.868619308973678,True,True,12,0.005,1.0,5000.0,3991.5322773117596,218.64022188860318,393.1821224459961,393.1821224459961
u65d100g10,H4P16,0.75,4.423682389683707,193.4389798490304,22.868619308973678,True,True,12,0.005,1.0,10000.0,3991.5322773117596,437.28044377720636,611.8223443345993,611.8223443345993
u65d100g10,H4P16,0.75,4.423682389683707,193.4389798490304,22.868619308973678,True,True,12,0.005,1.0,25000.0,3991.5322773117596,1093.2011094430159,1267.7430100004087,1267.7430100004087
u65d100g10,H4P16,0.75,4.423682389683707,193.4389798490304,22.868619308973678,True,True,12,0.01,0.0,0.0,8193.14942131877,0.0,358.27040148872334,358.27040148872334
u65d100g10,H4P16,0.75,4.423682389683707,193.4389798490304,22.868619308973678,True,True,12,0.01,0.0,1000.0,8193.14942131877,43.728044377720636,401.998445866444,401.998445866444
u65d100g10,H4P16,0.75,4.423682389683707,193.4389798490304,22.868619308973678,True,True,12,0.01,0.0,2500.0,8193.14942131877,109.32011094430159,467.59051243302497,467.59051243302497
u65d100g10,H4P16,0.75,4.423682389683707,193.4389798490304,22.868619308973678,True,True,12,0.01,0.0,5000.0,8193.14942131877,218.64022188860318,576.9106233773265,576.9106233773265
u65d100g10,H4P16,0.75,4.423682389683707,193.4389798490304,22.868619308973678,True,True,12,0.01,0.0,10000.0,8193.14942131877,437.28044377720636,795.5508452659296,795.5508452659296
u65d100g10,H4P16,0.75,4.423682389683707,193.4389798490304,22.868619308973678,True,True,12,0.01,0.0,25000.0,8193.14942131877,1093.2011094430159,1451.4715109317392,1451.4715109317392
u65d100g10,H4P16,0.75,4.423682389683707,193.4389798490304,22.868619308973678,True,True,12,0.01,1.0,0.0,8193.14942131877,0.0,358.27040148872334,358.27040148872334
u65d100g10,H4P16,0.75,4.423682389683707,193.4389798490304,22.868619308973678,True,True,12,0.01,1.0,1000.0,8193.14942131877,43.728044377720636,401.998445866444,401.998445866444
u65d100g10,H4P16,0.75,4.423682389683707,193.4389798490304,22.868619308973678,True,True,12,0.01,1.0,2500.0,8193.14942131877,109.32011094430159,467.59051243302497,467.59051243302497
u65d100g10,H4P16,0.75,4.423682389683707,193.4389798490304,22.868619308973678,True,True,12,0.01,1.0,5000.0,8193.14942131877,218.64022188860318,576.9106233773265,576.9106233773265
u65d100g10,H4P16,0.75,4.423682389683707,193.4389798490304,22.868619308973678,True,True,12,0.01,1.0,10000.0,8193.14942131877,437.28044377720636,795.5508452659296,795.5508452659296
u65d100g10,H4P16,0.75,4.423682389683707,193.4389798490304,22.868619308973678,True,True,12,0.01,1.0,25000.0,8193.14942131877,1093.2011094430159,1451.4715109317392,1451.4715109317392
u65d100g10,H4P16,1.0,5.898243186244942,193.4389798490304,30.4914924119649,False,False,12,0.0,0.0,0.0,-273.61762005582966,0.0,-8.973572574245718,0.0
u65d100g10,H4P16,1.0,5.898243186244942,193.4389798490304,30.4914924119649,False,False,12,0.0,0.0,1000.0,-273.61762005582966,32.796033283290484,23.822460709044762,23.822460709044762
u65d100g10,H4P16,1.0,5.898243186244942,193.4389798490304,30.4914924119649,False,False,12,0.0,0.0,2500.0,-273.61762005582966,81.99008320822621,73.01651063398049,73.01651063398049
u65d100g10,H4P16,1.0,5.898243186244942,193.4389798490304,30.4914924119649,False,False,12,0.0,0.0,5000.0,-273.61762005582966,163.98016641645242,155.0065938422067,155.0065938422067
u65d100g10,H4P16,1.0,5.898243186244942,193.4389798490304,30.4914924119649,False,False,12,0.0,0.0,10000.0,-273.61762005582966,327.96033283290484,318.9867602586591,318.9867602586591
u65d100g10,H4P16,1.0,5.898243186244942,193.4389798490304,30.4914924119649,False,False,12,0.0,0.0,25000.0,-273.61762005582966,819.900832082262,810.9272595080164,810.9272595080164
u65d100g10,H4P16,1.0,5.898243186244942,193.4389798490304,30.4914924119649,False,False,12,0.0,1.0,0.0,-273.61762005582955,0.0,-8.973572574245715,0.0
u65d100g10,H4P16,1.0,5.898243186244942,193.4389798490304,30.4914924119649,False,False,12,0.0,1.0,1000.0,-273.61762005582955,32.796033283290484,23.822460709044766,23.822460709044766
u65d100g10,H4P16,1.0,5.898243186244942,193.4389798490304,30.4914924119649,False,False,12,0.0,1.0,2500.0,-273.61762005582955,81.99008320822621,73.0165106339805,73.0165106339805
u65d100g10,H4P16,1.0,5.898243186244942,193.4389798490304,30.4914924119649,False,False,12,0.0,1.0,5000.0,-273.61762005582955,163.98016641645242,155.0065938422067,155.0065938422067
u65d100g10,H4P16,1.0,5.898243186244942,193.4389798490304,30.4914924119649,False,False,12,0.0,1.0,10000.0,-273.61762005582955,327.96033283290484,318.9867602586591,318.9867602586591
u65d100g10,H4P16,1.0,5.898243186244942,193.4389798490304,30.4914924119649,False,False,12,0.0,1.0,25000.0,-273.61762005582955,819.900832082262,810.9272595080164,810.9272595080164
u65d100g10,H4P16,1.0,5.898243186244942,193.4389798490304,30.4914924119649,False,False,12,0.005,0.0,0.0,5372.110225864223,0.0,176.18390576894822,176.18390576894822
u65d100g10,H4P16,1.0,5.898243186244942,193.4389798490304,30.4914924119649,False,False,12,0.005,0.0,1000.0,5372.110225864223,32.796033283290484,208.9799390522387,208.9799390522387
u65d100g10,H4P16,1.0,5.898243186244942,193.4389798490304,30.4914924119649,False,False,12,0.005,0.0,2500.0,5372.110225864223,81.99008320822621,258.1739889771744,258.1739889771744
u65d100g10,H4P16,1.0,5.898243186244942,193.4389798490304,30.4914924119649,False,False,12,0.005,0.0,5000.0,5372.110225864223,163.98016641645242,340.16407218540064,340.16407218540064
u65d100g10,H4P16,1.0,5.898243186244942,193.4389798490304,30.4914924119649,False,False,12,0.005,0.0,10000.0,5372.110225864223,327.96033283290484,504.1442386018531,504.1442386018531
u65d100g10,H4P16,1.0,5.898243186244942,193.4389798490304,30.4914924119649,False,False,12,0.005,0.0,25000.0,5372.110225864223,819.900832082262,996.0847378512103,996.0847378512103
u65d100g10,H4P16,1.0,5.898243186244942,193.4389798490304,30.4914924119649,False,False,12,0.005,1.0,0.0,5372.110225864223,0.0,176.18390576894822,176.18390576894822
u65d100g10,H4P16,1.0,5.898243186244942,193.4389798490304,30.4914924119649,False,False,12,0.005,1.0,1000.0,5372.110225864223,32.796033283290484,208.9799390522387,208.9799390522387
u65d100g10,H4P16,1.0,5.898243186244942,193.4389798490304,30.4914924119649,False,False,12,0.005,1.0,2500.0,5372.110225864223,81.99008320822621,258.1739889771744,258.1739889771744
u65d100g10,H4P16,1.0,5.898243186244942,193.4389798490304,30.4914924119649,False,False,12,0.005,1.0,5000.0,5372.110225864223,163.98016641645242,340.16407218540064,340.16407218540064
u65d100g10,H4P16,1.0,5.898243186244942,193.4389798490304,30.4914924119649,False,False,12,0.005,1.0,10000.0,5372.110225864223,327.96033283290484,504.1442386018531,504.1442386018531
u65d100g10,H4P16,1.0,5.898243186244942,193.4389798490304,30.4914924119649,False,False,12,0.005,1.0,25000.0,5372.110225864223,819.900832082262,996.0847378512103,996.0847378512103
u65d100g10,H4P16,1.0,5.898243186244942,193.4389798490304,30.4914924119649,False,False,12,0.01,0.0,0.0,11021.19890749413,0.0,361.4516061919422,361.4516061919422
u65d100g10,H4P16,1.0,5.898243186244942,193.4389798490304,30.4914924119649,False,False,12,0.01,0.0,1000.0,11021.19890749413,32.796033283290484,394.2476394752327,394.2476394752327
u65d100g10,H4P16,1.0,5.898243186244942,193.4389798490304,30.4914924119649,False,False,12,0.01,0.0,2500.0,11021.19890749413,81.99008320822621,443.4416894001684,443.4416894001684
u65d100g10,H4P16,1.0,5.898243186244942,193.4389798490304,30.4914924119649,False,False,12,0.01,0.0,5000.0,11021.19890749413,163.98016641645242,525.4317726083946,525.4317726083946
u65d100g10,H4P16,1.0,5.898243186244942,193.4389798490304,30.4914924119649,False,False,12,0.01,0.0,10000.0,11021.19890749413,327.96033283290484,689.411939024847,689.411939024847
u65d100g10,H4P16,1.0,5.898243186244942,193.4389798490304,30.4914924119649,False,False,12,0.01,0.0,25000.0,11021.19890749413,819.900832082262,1181.3524382742044,1181.3524382742044
u65d100g10,H4P16,1.0,5.898243186244942,193.4389798490304,30.4914924119649,False,False,12,0.01,1.0,0.0,11021.19890749413,0.0,361.4516061919422,361.4516061919422
u65d100g10,H4P16,1.0,5.898243186244942,193.4389798490304,30.4914924119649,False,False,12,0.01,1.0,1000.0,11021.19890749413,32.796033283290484,394.2476394752327,394.2476394752327
u65d100g10,H4P16,1.0,5.898243186244942,193.4389798490304,30.4914924119649,False,False,12,0.01,1.0,2500.0,11021.19890749413,81.99008320822621,443.4416894001684,443.4416894001684
u65d100g10,H4P16,1.0,5.898243186244942,193.4389798490304,30.4914924119649,False,False,12,0.01,1.0,5000.0,11021.19890749413,163.98016641645242,525.4317726083946,525.4317726083946
u65d100g10,H4P16,1.0,5.898243186244942,193.4389798490304,30.4914924119649,False,False,12,0.01,1.0,10000.0,11021.19890749413,327.96033283290484,689.411939024847,689.411939024847
u65d100g10,H4P16,1.0,5.898243186244942,193.4389798490304,30.4914924119649,False,False,12,0.01,1.0,25000.0,11021.19890749413,819.900832082262,1181.3524382742044,1181.3524382742044
u65d100g10,H8P16,0.5,2.949121593122471,193.4389798490304,15.24574620598245,False,True,12,0.0,0.0,0.0,-277.13397709823647,0.0,-18.177790273688853,0.0
u65d100g10,H8P16,0.5,2.949121593122471,193.4389798490304,15.24574620598245,False,True,12,0.0,0.0,1000.0,-277.13397709823647,65.59206656658097,47.41427629289211,47.41427629289211
u65d100g10,H8P16,0.5,2.949121593122471,193.4389798490304,15.24574620598245,False,True,12,0.0,0.0,2500.0,-277.13397709823647,163.98016641645242,145.80237614276356,145.80237614276356
u65d100g10,H8P16,0.5,2.949121593122471,193.4389798490304,15.24574620598245,False,True,12,0.0,0.0,5000.0,-277.13397709823647,327.96033283290484,309.7825425592159,309.7825425592159
u65d100g10,H8P16,0.5,2.949121593122471,193.4389798490304,15.24574620598245,False,True,12,0.0,0.0,10000.0,-277.13397709823647,655.9206656658097,637.7428753921208,637.7428753921208
u65d100g10,H8P16,0.5,2.949121593122471,193.4389798490304,15.24574620598245,False,True,12,0.0,0.0,25000.0,-277.13397709823647,1639.801664164524,1621.6238738908353,1621.6238738908353
u65d100g10,H8P16,0.5,2.949121593122471,193.4389798490304,15.24574620598245,False,True,12,0.0,1.0,0.0,-277.1339770982363,0.0,-18.17779027368884,0.0
u65d100g10,H8P16,0.5,2.949121593122471,193.4389798490304,15.24574620598245,False,True,12,0.0,1.0,1000.0,-277.1339770982363,65.59206656658097,47.414276292892126,47.414276292892126
u65d100g10,H8P16,0.5,2.949121593122471,193.4389798490304,15.24574620598245,False,True,12,0.0,1.0,2500.0,-277.1339770982363,163.98016641645242,145.80237614276356,145.80237614276356
u65d100g10,H8P16,0.5,2.949121593122471,193.4389798490304,15.24574620598245,False,True,12,0.0,1.0,5000.0,-277.1339770982363,327.96033283290484,309.78254255921604,309.78254255921604
u65d100g10,H8P16,0.5,2.949121593122471,193.4389798490304,15.24574620598245,False,True,12,0.0,1.0,10000.0,-277.1339770982363,655.9206656658097,637.7428753921208,637.7428753921208
u65d100g10,H8P16,0.5,2.949121593122471,193.4389798490304,15.24574620598245,False,True,12,0.0,1.0,25000.0,-277.1339770982363,1639.801664164524,1621.6238738908353,1621.6238738908353
u65d100g10,H8P16,0.5,2.949121593122471,193.4389798490304,15.24574620598245,False,True,12,0.005,0.0,0.0,4895.279077480065,0.0,321.09147111206346,321.09147111206346
u65d100g10,H8P16,0.5,2.949121593122471,193.4389798490304,15.24574620598245,False,True,12,0.005,0.0,1000.0,4895.279077480065,65.59206656658097,386.6835376786444,386.6835376786444
u65d100g10,H8P16,0.5,2.949121593122471,193.4389798490304,15.24574620598245,False,True,12,0.005,0.0,2500.0,4895.279077480065,163.98016641645242,485.0716375285159,485.0716375285159
u65d100g10,H8P16,0.5,2.949121593122471,193.4389798490304,15.24574620598245,False,True,12,0.005,0.0,5000.0,4895.279077480065,327.96033283290484,649.0518039449684,649.0518039449684
u65d100g10,H8P16,0.5,2.949121593122471,193.4389798490304,15.24574620598245,False,True,12,0.005,0.0,10000.0,4895.279077480065,655.9206656658097,977.0121367778731,977.0121367778731
u65d100g10,H8P16,0.5,2.949121593122471,193.4389798490304,15.24574620598245,False,True,12,0.005,0.0,25000.0,4895.279077480065,1639.801664164524,1960.8931352765876,1960.8931352765876
u65d100g10,H8P16,0.5,2.949121593122471,193.4389798490304,15.24574620598245,False,True,12,0.005,1.0,0.0,4895.279077480065,0.0,321.09147111206346,321.09147111206346
u65d100g10,H8P16,0.5,2.949121593122471,193.4389798490304,15.24574620598245,False,True,12,0.005,1.0,1000.0,4895.279077480065,65.59206656658097,386.6835376786444,386.6835376786444
u65d100g10,H8P16,0.5,2.949121593122471,193.4389798490304,15.24574620598245,False,True,12,0.005,1.0,2500.0,4895.279077480065,163.98016641645242,485.0716375285159,485.0716375285159
u65d100g10,H8P16,0.5,2.949121593122471,193.4389798490304,15.24574620598245,False,True,12,0.005,1.0,5000.0,4895.279077480065,327.96033283290484,649.0518039449684,649.0518039449684
u65d100g10,H8P16,0.5,2.949121593122471,193.4389798490304,15.24574620598245,False,True,12,0.005,1.0,10000.0,4895.279077480065,655.9206656658097,977.0121367778731,977.0121367778731
u65d100g10,H8P16,0.5,2.949121593122471,193.4389798490304,15.24574620598245,False,True,12,0.005,1.0,25000.0,4895.279077480065,1639.801664164524,1960.8931352765876,1960.8931352765876
u65d100g10,H8P16,0.5,2.949121593122471,193.4389798490304,15.24574620598245,False,True,12,0.01,0.0,0.0,10073.739367821156,0.0,660.7573831885124,660.7573831885124
u65d100g10,H8P16,0.5,2.949121593122471,193.4389798490304,15.24574620598245,False,True,12,0.01,0.0,1000.0,10073.739367821156,65.59206656658097,726.3494497550935,726.3494497550935
u65d100g10,H8P16,0.5,2.949121593122471,193.4389798490304,15.24574620598245,False,True,12,0.01,0.0,2500.0,10073.739367821156,163.98016641645242,824.7375496049649,824.7375496049649
u65d100g10,H8P16,0.5,2.949121593122471,193.4389798490304,15.24574620598245,False,True,12,0.01,0.0,5000.0,10073.739367821156,327.96033283290484,988.7177160214173,988.7177160214173
u65d100g10,H8P16,0.5,2.949121593122471,193.4389798490304,15.24574620598245,False,True,12,0.01,0.0,10000.0,10073.739367821156,655.9206656658097,1316.678048854322,1316.678048854322
u65d100g10,H8P16,0.5,2.949121593122471,193.4389798490304,15.24574620598245,False,True,12,0.01,0.0,25000.0,10073.739367821156,1639.801664164524,2300.5590473530365,2300.5590473530365
u65d100g10,H8P16,0.5,2.949121593122471,193.4389798490304,15.24574620598245,False,True,12,0.01,1.0,0.0,10073.739367821156,0.0,660.7573831885124,660.7573831885124
u65d100g10,H8P16,0.5,2.949121593122471,193.4389798490304,15.24574620598245,False,True,12,0.01,1.0,1000.0,10073.739367821156,65.59206656658097,726.3494497550935,726.3494497550935
u65d100g10,H8P16,0.5,2.949121593122471,193.4389798490304,15.24574620598245,False,True,12,0.01,1.0,2500.0,10073.739367821156,163.98016641645242,824.7375496049649,824.7375496049649
u65d100g10,H8P16,0.5,2.949121593122471,193.4389798490304,15.24574620598245,False,True,12,0.01,1.0,5000.0,10073.739367821156,327.96033283290484,988.7177160214173,988.7177160214173
u65d100g10,H8P16,0.5,2.949121593122471,193.4389798490304,15.24574620598245,False,True,12,0.01,1.0,10000.0,10073.739367821156,655.9206656658097,1316.678048854322,1316.678048854322
u65d100g10,H8P16,0.5,2.949121593122471,193.4389798490304,15.24574620598245,False,True,12,0.01,1.0,25000.0,10073.739367821156,1639.801664164524,2300.5590473530365,2300.5590473530365
u65d100g10,H8P16,0.75,4.423682389683707,193.4389798490304,22.868619308973678,True,False,12,0.0,0.0,0.0,-415.5833082488326,0.0,-18.172645345744908,0.0
u65d100g10,H8P16,0.75,4.423682389683707,193.4389798490304,22.868619308973678,True,False,12,0.0,0.0,1000.0,-415.5833082488326,43.728044377720636,25.55539903197573,25.55539903197573
u65d100g10,H8P16,0.75,4.423682389683707,193.4389798490304,22.868619308973678,True,False,12,0.0,0.0,2500.0,-415.5833082488326,109.32011094430159,91.14746559855669,91.14746559855669
u65d100g10,H8P16,0.75,4.423682389683707,193.4389798490304,22.868619308973678,True,False,12,0.0,0.0,5000.0,-415.5833082488326,218.64022188860318,200.46757654285827,200.46757654285827
u65d100g10,H8P16,0.75,4.423682389683707,193.4389798490304,22.868619308973678,True,False,12,0.0,0.0,10000.0,-415.5833082488326,437.28044377720636,419.10779843146145,419.10779843146145
u65d100g10,H8P16,0.75,4.423682389683707,193.4389798490304,22.868619308973678,True,False,12,0.0,0.0,25000.0,-415.5833082488326,1093.2011094430159,1075.0284640972711,1075.0284640972711
u65d100g10,H8P16,0.75,4.423682389683707,193.4389798490304,22.868619308973678,True,False,12,0.0,1.0,0.0,-399.4341447157475,0.0,-17.46647400610709,0.0
u65d100g10,H8P16,0.75,4.423682389683707,193.4389798490304,22.868619308973678,True,False,12,0.0,1.0,1000.0,-399.4341447157475,43.728044377720636,26.261570371613544,26.261570371613544
u65d100g10,H8P16,0.75,4.423682389683707,193.4389798490304,22.868619308973678,True,False,12,0.0,1.0,2500.0,-399.4341447157475,109.32011094430159,91.8536369381945,91.8536369381945
u65d100g10,H8P16,0.75,4.423682389683707,193.4389798490304,22.868619308973678,True,False,12,0.0,1.0,5000.0,-399.4341447157475,218.64022188860318,201.1737478824961,201.1737478824961
u65d100g10,H8P16,0.75,4.423682389683707,193.4389798490304,22.868619308973678,True,False,12,0.0,1.0,10000.0,-399.4341447157475,437.28044377720636,419.81396977109927,419.81396977109927
u65d100g10,H8P16,0.75,4.423682389683707,193.4389798490304,22.868619308973678,True,False,12,0.0,1.0,25000.0,-399.4341447157475,1093.2011094430159,1075.7346354369088,1075.7346354369088
u65d100g10,H8P16,0.75,4.423682389683707,193.4389798490304,22.868619308973678,True,False,12,0.005,0.0,0.0,7471.189294256613,0.0,326.7004970136045,326.7004970136045
u65d100g10,H8P16,0.75,4.423682389683707,193.4389798490304,22.868619308973678,True,False,12,0.005,0.0,1000.0,7471.189294256613,43.728044377720636,370.4285413913251,370.4285413913251
u65d100g10,H8P16,0.75,4.423682389683707,193.4389798490304,22.868619308973678,True,False,12,0.005,0.0,2500.0,7471.189294256613,109.32011094430159,436.020607957906,436.020607957906
u65d100g10,H8P16,0.75,4.423682389683707,193.4389798490304,22.868619308973678,True,False,12,0.005,0.0,5000.0,7471.189294256613,218.64022188860318,545.3407189022076,545.3407189022076
u65d100g10,H8P16,0.75,4.423682389683707,193.4389798490304,22.868619308973678,True,False,12,0.005,0.0,10000.0,7471.189294256613,437.28044377720636,763.9809407908108,763.9809407908108
u65d100g10,H8P16,0.75,4.423682389683707,193.4389798490304,22.868619308973678,True,False,12,0.005,0.0,25000.0,7471.189294256613,1093.2011094430159,1419.9016064566204,1419.9016064566204
u65d100g10,H8P16,0.75,4.423682389683707,193.4389798490304,22.868619308973678,True,False,12,0.005,1.0,0.0,7473.563968199443,0.0,326.8043368611592,326.8043368611592
u65d100g10,H8P16,0.75,4.423682389683707,193.4389798490304,22.868619308973678,True,False,12,0.005,1.0,1000.0,7473.563968199443,43.728044377720636,370.53238123887985,370.53238123887985
u65d100g10,H8P16,0.75,4.423682389683707,193.4389798490304,22.868619308973678,True,False,12,0.005,1.0,2500.0,7473.563968199443,109.32011094430159,436.1244478054608,436.1244478054608
u65d100g10,H8P16,0.75,4.423682389683707,193.4389798490304,22.868619308973678,True,False,12,0.005,1.0,5000.0,7473.563968199443,218.64022188860318,545.4445587497623,545.4445587497623
u65d100g10,H8P16,0.75,4.423682389683707,193.4389798490304,22.868619308973678,True,False,12,0.005,1.0,10000.0,7473.563968199443,437.28044377720636,764.0847806383656,764.0847806383656
u65d100g10,H8P16,0.75,4.423682389683707,193.4389798490304,22.868619308973678,True,False,12,0.005,1.0,25000.0,7473.563968199443,1093.2011094430159,1420.0054463041752,1420.0054463041752
u65d100g10,H8P16,0.75,4.423682389683707,193.4389798490304,22.868619308973678,True,False,12,0.01,0.0,0.0,15362.19460822086,0.0,671.7587275674624,671.7587275674624
u65d100g10,H8P16,0.75,4.423682389683707,193.4389798490304,22.868619308973678,True,False,12,0.01,0.0,1000.0,15362.19460822086,43.728044377720636,715.486771945183,715.486771945183
u65d100g10,H8P16,0.75,4.423682389683707,193.4389798490304,22.868619308973678,True,False,12,0.01,0.0,2500.0,15362.19460822086,109.32011094430159,781.078838511764,781.078838511764
u65d100g10,H8P16,0.75,4.423682389683707,193.4389798490304,22.868619308973678,True,False,12,0.01,0.0,5000.0,15362.19460822086,218.64022188860318,890.3989494560656,890.3989494560656
u65d100g10,H8P16,0.75,4.423682389683707,193.4389798490304,22.868619308973678,True,False,12,0.01,0.0,10000.0,15362.19460822086,437.28044377720636,1109.0391713446688,1109.0391713446688
u65d100g10,H8P16,0.75,4.423682389683707,193.4389798490304,22.868619308973678,True,False,12,0.01,0.0,25000.0,15362.19460822086,1093.2011094430159,1764.9598370104784,1764.9598370104784
u65d100g10,H8P16,0.75,4.423682389683707,193.4389798490304,22.868619308973678,True,False,12,0.01,1.0,0.0,15362.19460822086,0.0,671.7587275674624,671.7587275674624
u65d100g10,H8P16,0.75,4.423682389683707,193.4389798490304,22.868619308973678,True,False,12,0.01,1.0,1000.0,15362.19460822086,43.728044377720636,715.486771945183,715.486771945183
u65d100g10,H8P16,0.75,4.423682389683707,193.4389798490304,22.868619308973678,True,False,12,0.01,1.0,2500.0,15362.19460822086,109.32011094430159,781.078838511764,781.078838511764
u65d100g10,H8P16,0.75,4.423682389683707,193.4389798490304,22.868619308973678,True,False,12,0.01,1.0,5000.0,15362.19460822086,218.64022188860318,890.3989494560656,890.3989494560656
u65d100g10,H8P16,0.75,4.423682389683707,193.4389798490304,22.868619308973678,True,False,12,0.01,1.0,10000.0,15362.19460822086,437.28044377720636,1109.0391713446688,1109.0391713446688
u65d100g10,H8P16,0.75,4.423682389683707,193.4389798490304,22.868619308973678,True,False,12,0.01,1.0,25000.0,15362.19460822086,1093.2011094430159,1764.9598370104784,1764.9598370104784
u65d100g10,H8P16,1.0,5.898243186244942,193.4389798490304,30.4914924119649,False,False,12,0.0,0.0,0.0,-619.730414386869,0.0,-20.32469929689916,0.0
u65d100g10,H8P16,1.0,5.898243186244942,193.4389798490304,30.4914924119649,False,False,12,0.0,0.0,1000.0,-619.730414386869,32.796033283290484,12.471333986391322,12.471333986391322
u65d100g10,H8P16,1.0,5.898243186244942,193.4389798490304,30.4914924119649,False,False,12,0.0,0.0,2500.0,-619.730414386869,81.99008320822621,61.66538391132704,61.66538391132704
u65d100g10,H8P16,1.0,5.898243186244942,193.4389798490304,30.4914924119649,False,False,12,0.0,0.0,5000.0,-619.730414386869,163.98016641645242,143.65546711955326,143.65546711955326
u65d100g10,H8P16,1.0,5.898243186244942,193.4389798490304,30.4914924119649,False,False,12,0.0,0.0,10000.0,-619.730414386869,327.96033283290484,307.6356335360056,307.6356335360056
u65d100g10,H8P16,1.0,5.898243186244942,193.4389798490304,30.4914924119649,False,False,12,0.0,0.0,25000.0,-619.730414386869,819.900832082262,799.5761327853629,799.5761327853629
u65d100g10,H8P16,1.0,5.898243186244942,193.4389798490304,30.4914924119649,False,False,12,0.0,1.0,0.0,3283.001629134298,0.0,107.66943069818532,107.66943069818532
u65d100g10,H8P16,1.0,5.898243186244942,193.4389798490304,30.4914924119649,False,False,12,0.0,1.0,1000.0,3283.001629134298,32.796033283290484,140.4654639814758,140.4654639814758
u65d100g10,H8P16,1.0,5.898243186244942,193.4389798490304,30.4914924119649,False,False,12,0.0,1.0,2500.0,3283.001629134298,81.99008320822621,189.65951390641152,189.65951390641152
u65d100g10,H8P16,1.0,5.898243186244942,193.4389798490304,30.4914924119649,False,False,12,0.0,1.0,5000.0,3283.001629134298,163.98016641645242,271.64959711463774,271.64959711463774
u65d100g10,H8P16,1.0,5.898243186244942,193.4389798490304,30.4914924119649,False,False,12,0.0,1.0,10000.0,3283.001629134298,327.96033283290484,435.62976353109013,435.62976353109013
u65d100g10,H8P16,1.0,5.898243186244942,193.4389798490304,30.4914924119649,False,False,12,0.0,1.0,25000.0,3283.001629134298,819.900832082262,927.5702627804474,927.5702627804474
u65d100g10,H8P16,1.0,5.898243186244942,193.4389798490304,30.4914924119649,False,False,12,0.005,0.0,0.0,9347.60542499421,0.0,306.5643786371768,306.5643786371768
u65d100g10,H8P16,1.0,5.898243186244942,193.4389798490304,30.4914924119649,False,False,12,0.005,0.0,1000.0,9347.60542499421,32.796033283290484,339.36041192046724,339.36041192046724
u65d100g10,H8P16,1.0,5.898243186244942,193.4389798490304,30.4914924119649,False,False,12,0.005,0.0,2500.0,9347.60542499421,81.99008320822621,388.554461845403,388.554461845403
u65d100g10,H8P16,1.0,5.898243186244942,193.4389798490304,30.4914924119649,False,False,12,0.005,0.0,5000.0,9347.60542499421,163.98016641645242,470.5445450536292,470.5445450536292
u65d100g10,H8P16,1.0,5.898243186244942,193.4389798490304,30.4914924119649,False,False,12,0.005,0.0,10000.0,9347.60542499421,327.96033283290484,634.5247114700816,634.5247114700816
u65d100g10,H8P16,1.0,5.898243186244942,193.4389798490304,30.4914924119649,False,False,12,0.005,0.0,25000.0,9347.60542499421,819.900832082262,1126.4652107194388,1126.4652107194388
u65d100g10,H8P16,1.0,5.898243186244942,193.4389798490304,30.4914924119649,False,False,12,0.005,1.0,0.0,13139.992637478055,0.0,430.9396358809222,430.9396358809222
u65d100g10,H8P16,1.0,5.898243186244942,193.4389798490304,30.4914924119649,False,False,12,0.005,1.0,1000.0,13139.992637478055,32.796033283290484,463.73566916421265,463.73566916421265
u65d100g10,H8P16,1.0,5.898243186244942,193.4389798490304,30.4914924119649,False,False,12,0.005,1.0,2500.0,13139.992637478055,81.99008320822621,512.9297190891484,512.9297190891484
u65d100g10,H8P16,1.0,5.898243186244942,193.4389798490304,30.4914924119649,False,False,12,0.005,1.0,5000.0,13139.992637478055,163.98016641645242,594.9198022973746,594.9198022973746
u65d100g10,H8P16,1.0,5.898243186244942,193.4389798490304,30.4914924119649,False,False,12,0.005,1.0,10000.0,13139.992637478055,327.96033283290484,758.899968713827,758.899968713827
u65d100g10,H8P16,1.0,5.898243186244942,193.4389798490304,30.4914924119649,False,False,12,0.005,1.0,25000.0,13139.992637478055,819.900832082262,1250.8404679631842,1250.8404679631842
u65d100g10,H8P16,1.0,5.898243186244942,193.4389798490304,30.4914924119649,False,False,12,0.01,0.0,0.0,19358.07726619842,0.0,634.8681463227522,634.8681463227522
u65d100g10,H8P16,1.0,5.898243186244942,193.4389798490304,30.4914924119649,False,False,12,0.01,0.0,1000.0,19358.07726619842,32.796033283290484,667.6641796060427,667.6641796060427
u65d100g10,H8P16,1.0,5.898243186244942,193.4389798490304,30.4914924119649,False,False,12,0.01,0.0,2500.0,19358.07726619842,81.99008320822621,716.8582295309784,716.8582295309784
u65d100g10,H8P16,1.0,5.898243186244942,193.4389798490304,30.4914924119649,False,False,12,0.01,0.0,5000.0,19358.07726619842,163.98016641645242,798.8483127392046,798.8483127392046
u65d100g10,H8P16,1.0,5.898243186244942,193.4389798490304,30.4914924119649,False,False,12,0.01,0.0,10000.0,19358.07726619842,327.96033283290484,962.828479155657,962.828479155657
u65d100g10,H8P16,1.0,5.898243186244942,193.4389798490304,30.4914924119649,False,False,12,0.01,0.0,25000.0,19358.07726619842,819.900832082262,1454.7689784050144,1454.7689784050144
u65d100g10,H8P16,1.0,5.898243186244942,193.4389798490304,30.4914924119649,False,False,12,0.01,1.0,0.0,23032.769084859654,0.0,755.3834615134012,755.3834615134012
u65d100g10,H8P16,1.0,5.898243186244942,193.4389798490304,30.4914924119649,False,False,12,0.01,1.0,1000.0,23032.769084859654,32.796033283290484,788.1794947966918,788.1794947966918
u65d100g10,H8P16,1.0,5.898243186244942,193.4389798490304,30.4914924119649,False,False,12,0.01,1.0,2500.0,23032.769084859654,81.99008320822621,837.3735447216275,837.3735447216275
u65d100g10,H8P16,1.0,5.898243186244942,193.4389798490304,30.4914924119649,False,False,12,0.01,1.0,5000.0,23032.769084859654,163.98016641645242,919.3636279298537,919.3636279298537
u65d100g10,H8P16,1.0,5.898243186244942,193.4389798490304,30.4914924119649,False,False,12,0.01,1.0,10000.0,23032.769084859654,327.96033283290484,1083.3437943463061,1083.3437943463061
u65d100g10,H8P16,1.0,5.898243186244942,193.4389798490304,30.4914924119649,False,False,12,0.01,1.0,25000.0,23032.769084859654,819.900832082262,1575.2842935956633,1575.2842935956633
u65d100g10,H8P24,0.5,2.949121593122471,193.4389798490304,15.24574620598245,True,True,12,0.0,0.0,0.0,-277.57354385288875,0.0,-18.20662236552046,0.0
u65d100g10,H8P24,0.5,2.949121593122471,193.4389798490304,15.24574620598245,True,True,12,0.0,0.0,1000.0,-277.57354385288875,65.59206656658097,47.38544420106051,47.38544420106051
u65d100g10,H8P24,0.5,2.949121593122471,193.4389798490304,15.24574620598245,True,True,12,0.0,0.0,2500.0,-277.57354385288875,163.98016641645242,145.77354405093195,145.77354405093195
u65d100g10,H8P24,0.5,2.949121593122471,193.4389798490304,15.24574620598245,True,True,12,0.0,0.0,5000.0,-277.57354385288875,327.96033283290484,309.75371046738434,309.75371046738434
u65d100g10,H8P24,0.5,2.949121593122471,193.4389798490304,15.24574620598245,True,True,12,0.0,0.0,10000.0,-277.57354385288875,655.9206656658097,637.7140433002892,637.7140433002892
u65d100g10,H8P24,0.5,2.949121593122471,193.4389798490304,15.24574620598245,True,True,12,0.0,0.0,25000.0,-277.57354385288875,1639.801664164524,1621.5950417990036,1621.5950417990036
u65d100g10,H8P24,0.5,2.949121593122471,193.4389798490304,15.24574620598245,True,True,12,0.0,1.0,0.0,-277.5735438528887,0.0,-18.206622365520456,0.0
u65d100g10,H8P24,0.5,2.949121593122471,193.4389798490304,15.24574620598245,True,True,12,0.0,1.0,1000.0,-277.5735438528887,65.59206656658097,47.385444201060515,47.385444201060515
u65d100g10,H8P24,0.5,2.949121593122471,193.4389798490304,15.24574620598245,True,True,12,0.0,1.0,2500.0,-277.5735438528887,163.98016641645242,145.77354405093195,145.77354405093195
u65d100g10,H8P24,0.5,2.949121593122471,193.4389798490304,15.24574620598245,True,True,12,0.0,1.0,5000.0,-277.5735438528887,327.96033283290484,309.75371046738434,309.75371046738434
u65d100g10,H8P24,0.5,2.949121593122471,193.4389798490304,15.24574620598245,True,True,12,0.0,1.0,10000.0,-277.5735438528887,655.9206656658097,637.7140433002892,637.7140433002892
u65d100g10,H8P24,0.5,2.949121593122471,193.4389798490304,15.24574620598245,True,True,12,0.0,1.0,25000.0,-277.5735438528887,1639.801664164524,1621.5950417990036,1621.5950417990036
u65d100g10,H8P24,0.5,2.949121593122471,193.4389798490304,15.24574620598245,True,True,12,0.005,0.0,0.0,6124.523145390181,0.0,401.72012984099854,401.72012984099854
u65d100g10,H8P24,0.5,2.949121593122471,193.4389798490304,15.24574620598245,True,True,12,0.005,0.0,1000.0,6124.523145390181,65.59206656658097,467.3121964075795,467.3121964075795
u65d100g10,H8P24,0.5,2.949121593122471,193.4389798490304,15.24574620598245,True,True,12,0.005,0.0,2500.0,6124.523145390181,163.98016641645242,565.7002962574509,565.7002962574509
u65d100g10,H8P24,0.5,2.949121593122471,193.4389798490304,15.24574620598245,True,True,12,0.005,0.0,5000.0,6124.523145390181,327.96033283290484,729.6804626739033,729.6804626739033
u65d100g10,H8P24,0.5,2.949121593122471,193.4389798490304,15.24574620598245,True,True,12,0.005,0.0,10000.0,6124.523145390181,655.9206656658097,1057.6407955068082,1057.6407955068082
u65d100g10,H8P24,0.5,2.949121593122471,193.4389798490304,15.24574620598245,True,True,12,0.005,0.0,25000.0,6124.523145390181,1639.801664164524,2041.5217940055227,2041.5217940055227
u65d100g10,H8P24,0.5,2.949121593122471,193.4389798490304,15.24574620598245,True,True,12,0.005,1.0,0.0,6124.523145390181,0.0,401.72012984099854,401.72012984099854
u65d100g10,H8P24,0.5,2.949121593122471,193.4389798490304,15.24574620598245,True,True,12,0.005,1.0,1000.0,6124.523145390181,65.59206656658097,467.3121964075795,467.3121964075795
u65d100g10,H8P24,0.5,2.949121593122471,193.4389798490304,15.24574620598245,True,True,12,0.005,1.0,2500.0,6124.523145390181,163.98016641645242,565.7002962574509,565.7002962574509
u65d100g10,H8P24,0.5,2.949121593122471,193.4389798490304,15.24574620598245,True,True,12,0.005,1.0,5000.0,6124.523145390181,327.96033283290484,729.6804626739033,729.6804626739033
u65d100g10,H8P24,0.5,2.949121593122471,193.4389798490304,15.24574620598245,True,True,12,0.005,1.0,10000.0,6124.523145390181,655.9206656658097,1057.6407955068082,1057.6407955068082
u65d100g10,H8P24,0.5,2.949121593122471,193.4389798490304,15.24574620598245,True,True,12,0.005,1.0,25000.0,6124.523145390181,1639.801664164524,2041.5217940055227,2041.5217940055227
u65d100g10,H8P24,0.5,2.949121593122471,193.4389798490304,15.24574620598245,True,True,12,0.01,0.0,0.0,12530.89605612088,0.0,821.9273682519877,821.9273682519877
u65d100g10,H8P24,0.5,2.949121593122471,193.4389798490304,15.24574620598245,True,True,12,0.01,0.0,1000.0,12530.89605612088,65.59206656658097,887.5194348185686,887.5194348185686
u65d100g10,H8P24,0.5,2.949121593122471,193.4389798490304,15.24574620598245,True,True,12,0.01,0.0,2500.0,12530.89605612088,163.98016641645242,985.9075346684401,985.9075346684401
u65d100g10,H8P24,0.5,2.949121593122471,193.4389798490304,15.24574620598245,True,True,12,0.01,0.0,5000.0,12530.89605612088,327.96033283290484,1149.8877010848926,1149.8877010848926
u65d100g10,H8P24,0.5,2.949121593122471,193.4389798490304,15.24574620598245,True,True,12,0.01,0.0,10000.0,12530.89605612088,655.9206656658097,1477.8480339177972,1477.8480339177972
u65d100g10,H8P24,0.5,2.949121593122471,193.4389798490304,15.24574620598245,True,True,12,0.01,0.0,25000.0,12530.89605612088,1639.801664164524,2461.729032416512,2461.729032416512
u65d100g10,H8P24,0.5,2.949121593122471,193.4389798490304,15.24574620598245,True,True,12,0.01,1.0,0.0,12530.89605612088,0.0,821.9273682519877,821.9273682519877
u65d100g10,H8P24,0.5,2.949121593122471,193.4389798490304,15.24574620598245,True,True,12,0.01,1.0,1000.0,12530.89605612088,65.59206656658097,887.5194348185686,887.5194348185686
u65d100g10,H8P24,0.5,2.949121593122471,193.4389798490304,15.24574620598245,True,True,12,0.01,1.0,2500.0,12530.89605612088,163.98016641645242,985.9075346684401,985.9075346684401
u65d100g10,H8P24,0.5,2.949121593122471,193.4389798490304,15.24574620598245,True,True,12,0.01,1.0,5000.0,12530.89605612088,327.96033283290484,1149.8877010848926,1149.8877010848926
u65d100g10,H8P24,0.5,2.949121593122471,193.4389798490304,15.24574620598245,True,True,12,0.01,1.0,10000.0,12530.89605612088,655.9206656658097,1477.8480339177972,1477.8480339177972
u65d100g10,H8P24,0.5,2.949121593122471,193.4389798490304,15.24574620598245,True,True,12,0.01,1.0,25000.0,12530.89605612088,1639.801664164524,2461.729032416512,2461.729032416512
u65d100g10,H8P24,1.0,5.898243186244942,193.4389798490304,30.4914924119649,False,False,12,0.0,0.0,0.0,-599.0803991234618,0.0,-19.64746070902,0.0
u65d100g10,H8P24,1.0,5.898243186244942,193.4389798490304,30.4914924119649,False,False,12,0.0,0.0,1000.0,-599.0803991234618,32.796033283290484,13.148572574270483,13.148572574270483
u65d100g10,H8P24,1.0,5.898243186244942,193.4389798490304,30.4914924119649,False,False,12,0.0,0.0,2500.0,-599.0803991234618,81.99008320822621,62.34262249920621,62.34262249920621
u65d100g10,H8P24,1.0,5.898243186244942,193.4389798490304,30.4914924119649,False,False,12,0.0,0.0,5000.0,-599.0803991234618,163.98016641645242,144.3327057074324,144.3327057074324
u65d100g10,H8P24,1.0,5.898243186244942,193.4389798490304,30.4914924119649,False,False,12,0.0,0.0,10000.0,-599.0803991234618,327.96033283290484,308.3128721238848,308.3128721238848
u65d100g10,H8P24,1.0,5.898243186244942,193.4389798490304,30.4914924119649,False,False,12,0.0,0.0,25000.0,-599.0803991234618,819.900832082262,800.2533713732421,800.2533713732421
u65d100g10,H8P24,1.0,5.898243186244942,193.4389798490304,30.4914924119649,False,False,12,0.0,1.0,0.0,5523.541201938771,0.0,181.15024110041026,181.15024110041026
u65d100g10,H8P24,1.0,5.898243186244942,193.4389798490304,30.4914924119649,False,False,12,0.0,1.0,1000.0,5523.541201938771,32.796033283290484,213.94627438370074,213.94627438370074
u65d100g10,H8P24,1.0,5.898243186244942,193.4389798490304,30.4914924119649,False,False,12,0.0,1.0,2500.0,5523.541201938771,81.99008320822621,263.1403243086365,263.1403243086365
u65d100g10,H8P24,1.0,5.898243186244942,193.4389798490304,30.4914924119649,False,False,12,0.0,1.0,5000.0,5523.541201938771,163.98016641645242,345.13040751686265,345.13040751686265
u65d100g10,H8P24,1.0,5.898243186244942,193.4389798490304,30.4914924119649,False,False,12,0.0,1.0,10000.0,5523.541201938771,327.96033283290484,509.1105739333151,509.1105739333151
u65d100g10,H8P24,1.0,5.898243186244942,193.4389798490304,30.4914924119649,False,False,12,0.0,1.0,25000.0,5523.541201938771,819.900832082262,1001.0510731826723,1001.0510731826723
u65d100g10,H8P24,1.0,5.898243186244942,193.4389798490304,30.4914924119649,False,False,12,0.005,0.0,0.0,10897.685406658202,0.0,357.4008533075914,357.4008533075914
u65d100g10,H8P24,1.0,5.898243186244942,193.4389798490304,30.4914924119649,False,False,12,0.005,0.0,1000.0,10897.685406658202,32.796033283290484,390.19688659088183,390.19688659088183
u65d100g10,H8P24,1.0,5.898243186244942,193.4389798490304,30.4914924119649,False,False,12,0.005,0.0,2500.0,10897.685406658202,81.99008320822621,439.39093651581754,439.39093651581754
u65d100g10,H8P24,1.0,5.898243186244942,193.4389798490304,30.4914924119649,False,False,12,0.005,0.0,5000.0,10897.685406658202,163.98016641645242,521.3810197240438,521.3810197240438
u65d100g10,H8P24,1.0,5.898243186244942,193.4389798490304,30.4914924119649,False,False,12,0.005,0.0,10000.0,10897.685406658202,327.96033283290484,685.3611861404962,685.3611861404962
u65d100g10,H8P24,1.0,5.898243186244942,193.4389798490304,30.4914924119649,False,False,12,0.005,0.0,25000.0,10897.685406658202,819.900832082262,1177.3016853898534,1177.3016853898534
u65d100g10,H8P24,1.0,5.898243186244942,193.4389798490304,30.4914924119649,False,False,12,0.005,1.0,0.0,16958.40261311724,0.0,556.1683365312333,556.1683365312333
u65d100g10,H8P24,1.0,5.898243186244942,193.4389798490304,30.4914924119649,False,False,12,0.005,1.0,1000.0,16958.40261311724,32.796033283290484,588.9643698145237,588.9643698145237
u65d100g10,H8P24,1.0,5.898243186244942,193.4389798490304,30.4914924119649,False,False,12,0.005,1.0,2500.0,16958.40261311724,81.99008320822621,638.1584197394595,638.1584197394595
u65d100g10,H8P24,1.0,5.898243186244942,193.4389798490304,30.4914924119649,False,False,12,0.005,1.0,5000.0,16958.40261311724,163.98016641645242,720.1485029476856,720.1485029476856
u65d100g10,H8P24,1.0,5.898243186244942,193.4389798490304,30.4914924119649,False,False,12,0.005,1.0,10000.0,16958.40261311724,327.96033283290484,884.1286693641381,884.1286693641381
u65d100g10,H8P24,1.0,5.898243186244942,193.4389798490304,30.4914924119649,False,False,12,0.005,1.0,25000.0,16958.40261311724,819.900832082262,1376.0691686134955,1376.0691686134955
u65d100g10,H8P24,1.0,5.898243186244942,193.4389798490304,30.4914924119649,False,False,12,0.01,0.0,0.0,22544.79518367879,0.0,739.3798532088966,739.3798532088966
u65d100g10,H8P24,1.0,5.898243186244942,193.4389798490304,30.4914924119649,False,False,12,0.01,0.0,1000.0,22544.79518367879,32.796033283290484,772.175886492187,772.175886492187
u65d100g10,H8P24,1.0,5.898243186244942,193.4389798490304,30.4914924119649,False,False,12,0.01,0.0,2500.0,22544.79518367879,81.99008320822621,821.3699364171227,821.3699364171227
u65d100g10,H8P24,1.0,5.898243186244942,193.4389798490304,30.4914924119649,False,False,12,0.01,0.0,5000.0,22544.79518367879,163.98016641645242,903.360019625349,903.360019625349
u65d100g10,H8P24,1.0,5.898243186244942,193.4389798490304,30.4914924119649,False,False,12,0.01,0.0,10000.0,22544.79518367879,327.96033283290484,1067.3401860418014,1067.3401860418014
u65d100g10,H8P24,1.0,5.898243186244942,193.4389798490304,30.4914924119649,False,False,12,0.01,0.0,25000.0,22544.79518367879,819.900832082262,1559.2806852911585,1559.2806852911585
u65d100g10,H8P24,1.0,5.898243186244942,193.4389798490304,30.4914924119649,False,False,12,0.01,1.0,0.0,28587.692530401062,0.0,937.5629157195079,937.5629157195079
u65d100g10,H8P24,1.0,5.898243186244942,193.4389798490304,30.4914924119649,False,False,12,0.01,1.0,1000.0,28587.692530401062,32.796033283290484,970.3589490027985,970.3589490027985
u65d100g10,H8P24,1.0,5.898243186244942,193.4389798490304,30.4914924119649,False,False,12,0.01,1.0,2500.0,28587.692530401062,81.99008320822621,1019.5529989277342,1019.5529989277342
u65d100g10,H8P24,1.0,5.898243186244942,193.4389798490304,30.4914924119649,False,False,12,0.01,1.0,5000.0,28587.692530401062,163.98016641645242,1101.5430821359605,1101.5430821359605
u65d100g10,H8P24,1.0,5.898243186244942,193.4389798490304,30.4914924119649,False,False,12,0.01,1.0,10000.0,28587.692530401062,327.96033283290484,1265.523248552413,1265.523248552413
u65d100g10,H8P24,1.0,5.898243186244942,193.4389798490304,30.4914924119649,False,False,12,0.01,1.0,25000.0,28587.692530401062,819.900832082262,1757.46374780177,1757.46374780177
u65d50g10,H8P16,0.25,1.4745607965612355,193.4389798490304,7.622873102991225,True,True,12,0.0,0.0,0.0,-137.6854742191363,0.0,-18.06214958046571,0.0
u65d50g10,H8P16,0.25,1.4745607965612355,193.4389798490304,7.622873102991225,True,True,12,0.0,0.0,1000.0,-137.6854742191363,131.18413313316194,113.12198355269622,113.12198355269622
u65d50g10,H8P16,0.25,1.4745607965612355,193.4389798490304,7.622873102991225,True,True,12,0.0,0.0,2500.0,-137.6854742191363,327.96033283290484,309.89818325243914,309.89818325243914
u65d50g10,H8P16,0.25,1.4745607965612355,193.4389798490304,7.622873102991225,True,True,12,0.0,0.0,5000.0,-137.6854742191363,655.9206656658097,637.8585160853439,637.8585160853439
u65d50g10,H8P16,0.25,1.4745607965612355,193.4389798490304,7.622873102991225,True,True,12,0.0,0.0,10000.0,-137.6854742191363,1311.8413313316194,1293.7791817511534,1293.7791817511534
u65d50g10,H8P16,0.25,1.4745607965612355,193.4389798490304,7.622873102991225,True,True,12,0.0,0.0,25000.0,-137.6854742191363,3279.603328329048,3261.5411787485828,3261.5411787485828
u65d50g10,H8P16,0.25,1.4745607965612355,193.4389798490304,7.622873102991225,True,True,12,0.0,1.0,0.0,-137.6854742191362,0.0,-18.0621495804657,0.0
u65d50g10,H8P16,0.25,1.4745607965612355,193.4389798490304,7.622873102991225,True,True,12,0.0,1.0,1000.0,-137.6854742191362,131.18413313316194,113.12198355269622,113.12198355269622
u65d50g10,H8P16,0.25,1.4745607965612355,193.4389798490304,7.622873102991225,True,True,12,0.0,1.0,2500.0,-137.6854742191362,327.96033283290484,309.89818325243914,309.89818325243914
u65d50g10,H8P16,0.25,1.4745607965612355,193.4389798490304,7.622873102991225,True,True,12,0.0,1.0,5000.0,-137.6854742191362,655.9206656658097,637.8585160853439,637.8585160853439
u65d50g10,H8P16,0.25,1.4745607965612355,193.4389798490304,7.622873102991225,True,True,12,0.0,1.0,10000.0,-137.6854742191362,1311.8413313316194,1293.7791817511536,1293.7791817511536
u65d50g10,H8P16,0.25,1.4745607965612355,193.4389798490304,7.622873102991225,True,True,12,0.0,1.0,25000.0,-137.6854742191362,3279.603328329048,3261.5411787485828,3261.5411787485828
u65d50g10,H8P16,0.25,1.4745607965612355,193.4389798490304,7.622873102991225,True,True,12,0.005,0.0,0.0,2522.8520281368783,0.0,330.9581563343758,330.9581563343758
u65d50g10,H8P16,0.25,1.4745607965612355,193.4389798490304,7.622873102991225,True,True,12,0.005,0.0,1000.0,2522.8520281368783,131.18413313316194,462.14228946753775,462.14228946753775
u65d50g10,H8P16,0.25,1.4745607965612355,193.4389798490304,7.622873102991225,True,True,12,0.005,0.0,2500.0,2522.8520281368783,327.96033283290484,658.9184891672807,658.9184891672807
u65d50g10,H8P16,0.25,1.4745607965612355,193.4389798490304,7.622873102991225,True,True,12,0.005,0.0,5000.0,2522.8520281368783,655.9206656658097,986.8788220001854,986.8788220001854
u65d50g10,H8P16,0.25,1.4745607965612355,193.4389798490304,7.622873102991225,True,True,12,0.005,0.0,10000.0,2522.8520281368783,1311.8413313316194,1642.799487665995,1642.799487665995
u65d50g10,H8P16,0.25,1.4745607965612355,193.4389798490304,7.622873102991225,True,True,12,0.005,0.0,25000.0,2522.8520281368783,3279.603328329048,3610.561484663424,3610.561484663424
u65d50g10,H8P16,0.25,1.4745607965612355,193.4389798490304,7.622873102991225,True,True,12,0.005,1.0,0.0,2522.8520281368783,0.0,330.9581563343758,330.9581563343758
u65d50g10,H8P16,0.25,1.4745607965612355,193.4389798490304,7.622873102991225,True,True,12,0.005,1.0,1000.0,2522.8520281368783,131.18413313316194,462.14228946753775,462.14228946753775
u65d50g10,H8P16,0.25,1.4745607965612355,193.4389798490304,7.622873102991225,True,True,12,0.005,1.0,2500.0,2522.8520281368783,327.96033283290484,658.9184891672807,658.9184891672807
u65d50g10,H8P16,0.25,1.4745607965612355,193.4389798490304,7.622873102991225,True,True,12,0.005,1.0,5000.0,2522.8520281368783,655.9206656658097,986.8788220001854,986.8788220001854
u65d50g10,H8P16,0.25,1.4745607965612355,193.4389798490304,7.622873102991225,True,True,12,0.005,1.0,10000.0,2522.8520281368783,1311.8413313316194,1642.799487665995,1642.799487665995
u65d50g10,H8P16,0.25,1.4745607965612355,193.4389798490304,7.622873102991225,True,True,12,0.005,1.0,25000.0,2522.8520281368783,3279.603328329048,3610.561484663424,3610.561484663424
u65d50g10,H8P16,0.25,1.4745607965612355,193.4389798490304,7.622873102991225,True,True,12,0.01,0.0,0.0,5187.508106319147,0.0,680.5187540487277,680.5187540487277
u65d50g10,H8P16,0.25,1.4745607965612355,193.4389798490304,7.622873102991225,True,True,12,0.01,0.0,1000.0,5187.508106319147,131.18413313316194,811.7028871818897,811.7028871818897
u65d50g10,H8P16,0.25,1.4745607965612355,193.4389798490304,7.622873102991225,True,True,12,0.01,0.0,2500.0,5187.508106319147,327.96033283290484,1008.4790868816326,1008.4790868816326
u65d50g10,H8P16,0.25,1.4745607965612355,193.4389798490304,7.622873102991225,True,True,12,0.01,0.0,5000.0,5187.508106319147,655.9206656658097,1336.4394197145373,1336.4394197145373
u65d50g10,H8P16,0.25,1.4745607965612355,193.4389798490304,7.622873102991225,True,True,12,0.01,0.0,10000.0,5187.508106319147,1311.8413313316194,1992.3600853803468,1992.3600853803468
u65d50g10,H8P16,0.25,1.4745607965612355,193.4389798490304,7.622873102991225,True,True,12,0.01,0.0,25000.0,5187.508106319147,3279.603328329048,3960.1220823777758,3960.1220823777758
u65d50g10,H8P16,0.25,1.4745607965612355,193.4389798490304,7.622873102991225,True,True,12,0.01,1.0,0.0,5187.508106319147,0.0,680.5187540487277,680.5187540487277
u65d50g10,H8P16,0.25,1.4745607965612355,193.4389798490304,7.622873102991225,True,True,12,0.01,1.0,1000.0,5187.508106319147,131.18413313316194,811.7028871818897,811.7028871818897
u65d50g10,H8P16,0.25,1.4745607965612355,193.4389798490304,7.622873102991225,True,True,12,0.01,1.0,2500.0,5187.508106319147,327.96033283290484,1008.4790868816326,1008.4790868816326
u65d50g10,H8P16,0.25,1.4745607965612355,193.4389798490304,7.622873102991225,True,True,12,0.01,1.0,5000.0,5187.508106319147,655.9206656658097,1336.4394197145373,1336.4394197145373
u65d50g10,H8P16,0.25,1.4745607965612355,193.4389798490304,7.622873102991225,True,True,12,0.01,1.0,10000.0,5187.508106319147,1311.8413313316194,1992.3600853803468,1992.3600853803468
u65d50g10,H8P16,0.25,1.4745607965612355,193.4389798490304,7.622873102991225,True,True,12,0.01,1.0,25000.0,5187.508106319147,3279.603328329048,3960.1220823777758,3960.1220823777758
u65d50g10,H8P16,1.0,5.898243186244942,193.4389798490304,30.4914924119649,False,False,12,0.0,0.0,0.0,-1248.6328020014714,0.0,-40.95020293304851,0.0
u65d50g10,H8P16,1.0,5.898243186244942,193.4389798490304,30.4914924119649,False,False,12,0.0,0.0,1000.0,-1248.6328020014714,32.796033283290484,-8.154169649758028,0.0
u65d50g10,H8P16,1.0,5.898243186244942,193.4389798490304,30.4914924119649,False,False,12,0.0,0.0,2500.0,-1248.6328020014714,81.99008320822621,41.039880275177694,41.039880275177694
u65d50g10,H8P16,1.0,5.898243186244942,193.4389798490304,30.4914924119649,False,False,12,0.0,0.0,5000.0,-1248.6328020014714,163.98016641645242,123.02996348340389,123.02996348340389
u65d50g10,H8P16,1.0,5.898243186244942,193.4389798490304,30.4914924119649,False,False,12,0.0,0.0,10000.0,-1248.6328020014714,327.96033283290484,287.0101298998563,287.0101298998563
u65d50g10,H8P16,1.0,5.898243186244942,193.4389798490304,30.4914924119649,False,False,12,0.0,0.0,25000.0,-1248.6328020014714,819.900832082262,778.9506291492136,778.9506291492136
u65d50g10,H8P16,1.0,5.898243186244942,193.4389798490304,30.4914924119649,False,False,12,0.0,1.0,0.0,21199.008883403007,0.0,695.2434009128556,695.2434009128556
u65d50g10,H8P16,1.0,5.898243186244942,193.4389798490304,30.4914924119649,False,False,12,0.0,1.0,1000.0,21199.008883403007,32.796033283290484,728.0394341961461,728.0394341961461
u65d50g10,H8P16,1.0,5.898243186244942,193.4389798490304,30.4914924119649,False,False,12,0.0,1.0,2500.0,21199.008883403007,81.99008320822621,777.2334841210818,777.2334841210818
u65d50g10,H8P16,1.0,5.898243186244942,193.4389798490304,30.4914924119649,False,False,12,0.0,1.0,5000.0,21199.008883403007,163.98016641645242,859.223567329308,859.223567329308
u65d50g10,H8P16,1.0,5.898243186244942,193.4389798490304,30.4914924119649,False,False,12,0.0,1.0,10000.0,21199.008883403007,327.96033283290484,1023.2037337457605,1023.2037337457605
u65d50g10,H8P16,1.0,5.898243186244942,193.4389798490304,30.4914924119649,False,False,12,0.0,1.0,25000.0,21199.008883403007,819.900832082262,1515.1442329951176,1515.1442329951176
u65d50g10,H8P16,1.0,5.898243186244942,193.4389798490304,30.4914924119649,False,False,12,0.005,0.0,0.0,3707.2623525707454,0.0,121.58349950479995,121.58349950479995
u65d50g10,H8P16,1.0,5.898243186244942,193.4389798490304,30.4914924119649,False,False,12,0.005,0.0,1000.0,3707.2623525707454,32.796033283290484,154.37953278809044,154.37953278809044
u65d50g10,H8P16,1.0,5.898243186244942,193.4389798490304,30.4914924119649,False,False,12,0.005,0.0,2500.0,3707.2623525707454,81.99008320822621,203.57358271302616,203.57358271302616
u65d50g10,H8P16,1.0,5.898243186244942,193.4389798490304,30.4914924119649,False,False,12,0.005,0.0,5000.0,3707.2623525707454,163.98016641645242,285.5636659212524,285.5636659212524
u65d50g10,H8P16,1.0,5.898243186244942,193.4389798490304,30.4914924119649,False,False,12,0.005,0.0,10000.0,3707.2623525707454,327.96033283290484,449.54383233770477,449.54383233770477
u65d50g10,H8P16,1.0,5.898243186244942,193.4389798490304,30.4914924119649,False,False,12,0.005,0.0,25000.0,3707.2623525707454,819.900832082262,941.484331587062,941.484331587062
u65d50g10,H8P16,1.0,5.898243186244942,193.4389798490304,30.4914924119649,False,False,12,0.005,1.0,0.0,26162.139923394778,0.0,858.0144116897578,858.0144116897578
u65d50g10,H8P16,1.0,5.898243186244942,193.4389798490304,30.4914924119649,False,False,12,0.005,1.0,1000.0,26162.139923394778,32.796033283290484,890.8104449730483,890.8104449730483
u65d50g10,H8P16,1.0,5.898243186244942,193.4389798490304,30.4914924119649,False,False,12,0.005,1.0,2500.0,26162.139923394778,81.99008320822621,940.004494897984,940.004494897984
u65d50g10,H8P16,1.0,5.898243186244942,193.4389798490304,30.4914924119649,False,False,12,0.005,1.0,5000.0,26162.139923394778,163.98016641645242,1021.9945781062103,1021.9945781062103
u65d50g10,H8P16,1.0,5.898243186244942,193.4389798490304,30.4914924119649,False,False,12,0.005,1.0,10000.0,26162.139923394778,327.96033283290484,1185.9747445226626,1185.9747445226626
u65d50g10,H8P16,1.0,5.898243186244942,193.4389798490304,30.4914924119649,False,False,12,0.005,1.0,25000.0,26162.139923394778,819.900832082262,1677.9152437720197,1677.9152437720197
u65d50g10,H8P16,1.0,5.898243186244942,193.4389798490304,30.4914924119649,False,False,12,0.01,0.0,0.0,8707.995538304916,0.0,285.5877115049931,285.5877115049931
u65d50g10,H8P16,1.0,5.898243186244942,193.4389798490304,30.4914924119649,False,False,12,0.01,0.0,1000.0,8707.995538304916,32.796033283290484,318.38374478828354,318.38374478828354
u65d50g10,H8P16,1.0,5.898243186244942,193.4389798490304,30.4914924119649,False,False,12,0.01,0.0,2500.0,8707.995538304916,81.99008320822621,367.57779471321925,367.57779471321925
u65d50g10,H8P16,1.0,5.898243186244942,193.4389798490304,30.4914924119649,False,False,12,0.01,0.0,5000.0,8707.995538304916,163.98016641645242,449.5678779214455,449.5678779214455
u65d50g10,H8P16,1.0,5.898243186244942,193.4389798490304,30.4914924119649,False,False,12,0.01,0.0,10000.0,8707.995538304916,327.96033283290484,613.5480443378979,613.5480443378979
u65d50g10,H8P16,1.0,5.898243186244942,193.4389798490304,30.4914924119649,False,False,12,0.01,0.0,25000.0,8707.995538304916,819.900832082262,1105.4885435872552,1105.4885435872552
u65d50g10,H8P16,1.0,5.898243186244942,193.4389798490304,30.4914924119649,False,False,12,0.01,1.0,0.0,31110.610020115288,0.0,1020.3046016831713,1020.3046016831713
u65d50g10,H8P16,1.0,5.898243186244942,193.4389798490304,30.4914924119649,False,False,12,0.01,1.0,1000.0,31110.610020115288,32.796033283290484,1053.100634966462,1053.100634966462
u65d50g10,H8P16,1.0,5.898243186244942,193.4389798490304,30.4914924119649,False,False,12,0.01,1.0,2500.0,31110.610020115288,81.99008320822621,1102.2946848913975,1102.2946848913975
u65d50g10,H8P16,1.0,5.898243186244942,193.4389798490304,30.4914924119649,False,False,12,0.01,1.0,5000.0,31110.610020115288,163.98016641645242,1184.2847680996238,1184.2847680996238
u65d50g10,H8P16,1.0,5.898243186244942,193.4389798490304,30.4914924119649,False,False,12,0.01,1.0,10000.0,31110.610020115288,327.96033283290484,1348.2649345160762,1348.2649345160762
u65d50g10,H8P16,1.0,5.898243186244942,193.4389798490304,30.4914924119649,False,False,12,0.01,1.0,25000.0,31110.610020115288,819.900832082262,1840.2054337654333,1840.2054337654333
u65d50g10,H8P24,0.25,1.4745607965612355,193.4389798490304,7.622873102991225,True,False,12,0.0,0.0,0.0,-139.63990371970232,0.0,-18.318539720267342,0.0
u65d50g10,H8P24,0.25,1.4745607965612355,193.4389798490304,7.622873102991225,True,False,12,0.0,0.0,1000.0,-139.63990371970232,131.18413313316194,112.8655934128946,112.8655934128946
u65d50g10,H8P24,0.25,1.4745607965612355,193.4389798490304,7.622873102991225,True,False,12,0.0,0.0,2500.0,-139.63990371970232,327.96033283290484,309.64179311263746,309.64179311263746
u65d50g10,H8P24,0.25,1.4745607965612355,193.4389798490304,7.622873102991225,True,False,12,0.0,0.0,5000.0,-139.63990371970232,655.9206656658097,637.6021259455423,637.6021259455423
u65d50g10,H8P24,0.25,1.4745607965612355,193.4389798490304,7.622873102991225,True,False,12,0.0,0.0,10000.0,-139.63990371970232,1311.8413313316194,1293.522791611352,1293.522791611352
u65d50g10,H8P24,0.25,1.4745607965612355,193.4389798490304,7.622873102991225,True,False,12,0.0,0.0,25000.0,-139.63990371970232,3279.603328329048,3261.284788608781,3261.284788608781
u65d50g10,H8P24,0.25,1.4745607965612355,193.4389798490304,7.622873102991225,True,False,12,0.0,1.0,0.0,200.55154056402435,0.0,26.309179997411697,26.309179997411697
u65d50g10,H8P24,0.25,1.4745607965612355,193.4389798490304,7.622873102991225,True,False,12,0.0,1.0,1000.0,200.55154056402435,131.18413313316194,157.49331313057363,157.49331313057363
u65d50g10,H8P24,0.25,1.4745607965612355,193.4389798490304,7.622873102991225,True,False,12,0.0,1.0,2500.0,200.55154056402435,327.96033283290484,354.2695128303165,354.2695128303165
u65d50g10,H8P24,0.25,1.4745607965612355,193.4389798490304,7.622873102991225,True,False,12,0.0,1.0,5000.0,200.55154056402435,655.9206656658097,682.2298456632213,682.2298456632213
u65d50g10,H8P24,0.25,1.4745607965612355,193.4389798490304,7.622873102991225,True,False,12,0.0,1.0,10000.0,200.55154056402435,1311.8413313316194,1338.150511329031,1338.150511329031
u65d50g10,H8P24,0.25,1.4745607965612355,193.4389798490304,7.622873102991225,True,False,12,0.0,1.0,25000.0,200.55154056402435,3279.603328329048,3305.91250832646,3305.91250832646
u65d50g10,H8P24,0.25,1.4745607965612355,193.4389798490304,7.622873102991225,True,False,12,0.005,0.0,0.0,3215.716041543024,0.0,421.85092131222456,421.85092131222456
u65d50g10,H8P24,0.25,1.4745607965612355,193.4389798490304,7.622873102991225,True,False,12,0.005,0.0,1000.0,3215.716041543024,131.18413313316194,553.0350544453865,553.0350544453865
u65d50g10,H8P24,0.25,1.4745607965612355,193.4389798490304,7.622873102991225,True,False,12,0.005,0.0,2500.0,3215.716041543024,327.96033283290484,749.8112541451294,749.8112541451294
u65d50g10,H8P24,0.25,1.4745607965612355,193.4389798490304,7.622873102991225,True,False,12,0.005,0.0,5000.0,3215.716041543024,655.9206656658097,1077.7715869780343,1077.7715869780343
u65d50g10,H8P24,0.25,1.4745607965612355,193.4389798490304,7.622873102991225,True,False,12,0.005,0.0,10000.0,3215.716041543024,1311.8413313316194,1733.6922526438439,1733.6922526438439
u65d50g10,H8P24,0.25,1.4745607965612355,193.4389798490304,7.622873102991225,True,False,12,0.005,0.0,25000.0,3215.716041543024,3279.603328329048,3701.454249641273,3701.454249641273
u65d50g10,H8P24,0.25,1.4745607965612355,193.4389798490304,7.622873102991225,True,False,12,0.005,1.0,0.0,3511.345719672742,0.0,460.63284436610724,460.63284436610724
u65d50g10,H8P24,0.25,1.4745607965612355,193.4389798490304,7.622873102991225,True,False,12,0.005,1.0,1000.0,3511.345719672742,131.18413313316194,591.8169774992691,591.8169774992691
u65d50g10,H8P24,0.25,1.4745607965612355,193.4389798490304,7.622873102991225,True,False,12,0.005,1.0,2500.0,3511.345719672742,327.96033283290484,788.593177199012,788.593177199012
u65d50g10,H8P24,0.25,1.4745607965612355,193.4389798490304,7.622873102991225,True,False,12,0.005,1.0,5000.0,3511.345719672742,655.9206656658097,1116.5535100319169,1116.5535100319169
u65d50g10,H8P24,0.25,1.4745607965612355,193.4389798490304,7.622873102991225,True,False,12,0.005,1.0,10000.0,3511.345719672742,1311.8413313316194,1772.4741756977264,1772.4741756977264
u65d50g10,H8P24,0.25,1.4745607965612355,193.4389798490304,7.622873102991225,True,False,12,0.005,1.0,25000.0,3511.345719672742,3279.603328329048,3740.236172695156,3740.236172695156
u65d50g10,H8P24,0.25,1.4745607965612355,193.4389798490304,7.622873102991225,True,False,12,0.01,0.0,0.0,6581.698781926288,0.0,863.4144492505878,863.4144492505878
u65d50g10,H8P24,0.25,1.4745607965612355,193.4389798490304,7.622873102991225,True,False,12,0.01,0.0,1000.0,6581.698781926288,131.18413313316194,994.5985823837498,994.5985823837498
u65d50g10,H8P24,0.25,1.4745607965612355,193.4389798490304,7.622873102991225,True,False,12,0.01,0.0,2500.0,6581.698781926288,327.96033283290484,1191.3747820834926,1191.3747820834926
u65d50g10,H8P24,0.25,1.4745607965612355,193.4389798490304,7.622873102991225,True,False,12,0.01,0.0,5000.0,6581.698781926288,655.9206656658097,1519.3351149163973,1519.3351149163973
u65d50g10,H8P24,0.25,1.4745607965612355,193.4389798490304,7.622873102991225,True,False,12,0.01,0.0,10000.0,6581.698781926288,1311.8413313316194,2175.255780582207,2175.255780582207
u65d50g10,H8P24,0.25,1.4745607965612355,193.4389798490304,7.622873102991225,True,False,12,0.01,0.0,25000.0,6581.698781926288,3279.603328329048,4143.017777579636,4143.017777579636
u65d50g10,H8P24,0.25,1.4745607965612355,193.4389798490304,7.622873102991225,True,False,12,0.01,1.0,0.0,6857.010463264403,0.0,899.5309735083619,899.5309735083619
u65d50g10,H8P24,0.25,1.4745607965612355,193.4389798490304,7.622873102991225,True,False,12,0.01,1.0,1000.0,6857.010463264403,131.18413313316194,1030.7151066415238,1030.7151066415238
u65d50g10,H8P24,0.25,1.4745607965612355,193.4389798490304,7.622873102991225,True,False,12,0.01,1.0,2500.0,6857.010463264403,327.96033283290484,1227.4913063412666,1227.4913063412666
u65d50g10,H8P24,0.25,1.4745607965612355,193.4389798490304,7.622873102991225,True,False,12,0.01,1.0,5000.0,6857.010463264403,655.9206656658097,1555.4516391741715,1555.4516391741715
u65d50g10,H8P24,0.25,1.4745607965612355,193.4389798490304,7.622873102991225,True,False,12,0.01,1.0,10000.0,6857.010463264403,1311.8413313316194,2211.372304839981,2211.372304839981
u65d50g10,H8P24,0.25,1.4745607965612355,193.4389798490304,7.622873102991225,True,False,12,0.01,1.0,25000.0,6857.010463264403,3279.603328329048,4179.13430183741,4179.13430183741
u65d50g10,H8P24,1.0,5.898243186244942,193.4389798490304,30.4914924119649,False,False,12,0.0,0.0,0.0,-1053.2199786375409,0.0,-34.54143747402328,0.0
u65d50g10,H8P24,1.0,5.898243186244942,193.4389798490304,30.4914924119649,False,False,12,0.0,0.0,1000.0,-1053.2199786375409,32.796033283290484,-1.7454041907327986,0.0
u65d50g10,H8P24,1.0,5.898243186244942,193.4389798490304,30.4914924119649,False,False,12,0.0,0.0,2500.0,-1053.2199786375409,81.99008320822621,47.44864573420293,47.44864573420293
u65d50g10,H8P24,1.0,5.898243186244942,193.4389798490304,30.4914924119649,False,False,12,0.0,0.0,5000.0,-1053.2199786375409,163.98016641645242,129.43872894242912,129.43872894242912
u65d50g10,H8P24,1.0,5.898243186244942,193.4389798490304,30.4914924119649,False,False,12,0.0,0.0,10000.0,-1053.2199786375409,327.96033283290484,293.41889535888157,293.41889535888157
u65d50g10,H8P24,1.0,5.898243186244942,193.4389798490304,30.4914924119649,False,False,12,0.0,0.0,25000.0,-1053.2199786375409,819.900832082262,785.3593946082387,785.3593946082387
u65d50g10,H8P24,1.0,5.898243186244942,193.4389798490304,30.4914924119649,False,False,12,0.0,1.0,0.0,21402.25357336042,0.0,701.909020529351,701.909020529351
u65d50g10,H8P24,1.0,5.898243186244942,193.4389798490304,30.4914924119649,False,False,12,0.0,1.0,1000.0,21402.25357336042,32.796033283290484,734.7050538126415,734.7050538126415
u65d50g10,H8P24,1.0,5.898243186244942,193.4389798490304,30.4914924119649,False,False,12,0.0,1.0,2500.0,21402.25357336042,81.99008320822621,783.8991037375772,783.8991037375772
u65d50g10,H8P24,1.0,5.898243186244942,193.4389798490304,30.4914924119649,False,False,12,0.0,1.0,5000.0,21402.25357336042,163.98016641645242,865.8891869458034,865.8891869458034
u65d50g10,H8P24,1.0,5.898243186244942,193.4389798490304,30.4914924119649,False,False,12,0.0,1.0,10000.0,21402.25357336042,327.96033283290484,1029.8693533622559,1029.8693533622559
u65d50g10,H8P24,1.0,5.898243186244942,193.4389798490304,30.4914924119649,False,False,12,0.0,1.0,25000.0,21402.25357336042,819.900832082262,1521.809852611613,1521.809852611613
u65d50g10,H8P24,1.0,5.898243186244942,193.4389798490304,30.4914924119649,False,False,12,0.005,0.0,0.0,5072.309984210029,0.0,166.35164706531873,166.35164706531873
u65d50g10,H8P24,1.0,5.898243186244942,193.4389798490304,30.4914924119649,False,False,12,0.005,0.0,1000.0,5072.309984210029,32.796033283290484,199.1476803486092,199.1476803486092
u65d50g10,H8P24,1.0,5.898243186244942,193.4389798490304,30.4914924119649,False,False,12,0.005,0.0,2500.0,5072.309984210029,81.99008320822621,248.34173027354495,248.34173027354495
u65d50g10,H8P24,1.0,5.898243186244942,193.4389798490304,30.4914924119649,False,False,12,0.005,0.0,5000.0,5072.309984210029,163.98016641645242,330.3318134817711,330.3318134817711
u65d50g10,H8P24,1.0,5.898243186244942,193.4389798490304,30.4914924119649,False,False,12,0.005,0.0,10000.0,5072.309984210029,327.96033283290484,494.31197989822357,494.31197989822357
u65d50g10,H8P24,1.0,5.898243186244942,193.4389798490304,30.4914924119649,False,False,12,0.005,0.0,25000.0,5072.309984210029,819.900832082262,986.2524791475807,986.2524791475807
u65d50g10,H8P24,1.0,5.898243186244942,193.4389798490304,30.4914924119649,False,False,12,0.005,1.0,0.0,27651.877942994543,0.0,906.871909363935,906.871909363935
u65d50g10,H8P24,1.0,5.898243186244942,193.4389798490304,30.4914924119649,False,False,12,0.005,1.0,1000.0,27651.877942994543,32.796033283290484,939.6679426472255,939.6679426472255
u65d50g10,H8P24,1.0,5.898243186244942,193.4389798490304,30.4914924119649,False,False,12,0.005,1.0,2500.0,27651.877942994543,81.99008320822621,988.8619925721612,988.8619925721612
u65d50g10,H8P24,1.0,5.898243186244942,193.4389798490304,30.4914924119649,False,False,12,0.005,1.0,5000.0,27651.877942994543,163.98016641645242,1070.8520757803874,1070.8520757803874
u65d50g10,H8P24,1.0,5.898243186244942,193.4389798490304,30.4914924119649,False,False,12,0.005,1.0,10000.0,27651.877942994543,327.96033283290484,1234.8322421968398,1234.8322421968398
u65d50g10,H8P24,1.0,5.898243186244942,193.4389798490304,30.4914924119649,False,False,12,0.005,1.0,25000.0,27651.877942994543,819.900832082262,1726.772741446197,1726.772741446197
u65d50g10,H8P24,1.0,5.898243186244942,193.4389798490304,30.4914924119649,False,False,12,0.01,0.0,0.0,11398.134682255248,0.0,373.81360440667066,373.81360440667066
u65d50g10,H8P24,1.0,5.898243186244942,193.4389798490304,30.4914924119649,False,False,12,0.01,0.0,1000.0,11398.134682255248,32.796033283290484,406.6096376899612,406.6096376899612
u65d50g10,H8P24,1.0,5.898243186244942,193.4389798490304,30.4914924119649,False,False,12,0.01,0.0,2500.0,11398.134682255248,81.99008320822621,455.8036876148969,455.8036876148969
u65d50g10,H8P24,1.0,5.898243186244942,193.4389798490304,30.4914924119649,False,False,12,0.01,0.0,5000.0,11398.134682255248,163.98016641645242,537.793770823123,537.793770823123
u65d50g10,H8P24,1.0,5.898243186244942,193.4389798490304,30.4914924119649,False,False,12,0.01,0.0,10000.0,11398.134682255248,327.96033283290484,701.7739372395755,701.7739372395755
u65d50g10,H8P24,1.0,5.898243186244942,193.4389798490304,30.4914924119649,False,False,12,0.01,0.0,25000.0,11398.134682255248,819.900832082262,1193.7144364889327,1193.7144364889327
u65d50g10,H8P24,1.0,5.898243186244942,193.4389798490304,30.4914924119649,False,False,12,0.01,1.0,0.0,33949.56944402082,0.0,1113.4112094394882,1113.4112094394882
u65d50g10,H8P24,1.0,5.898243186244942,193.4389798490304,30.4914924119649,False,False,12,0.01,1.0,1000.0,33949.56944402082,32.796033283290484,1146.2072427227788,1146.2072427227788
u65d50g10,H8P24,1.0,5.898243186244942,193.4389798490304,30.4914924119649,False,False,12,0.01,1.0,2500.0,33949.56944402082,81.99008320822621,1195.4012926477144,1195.4012926477144
u65d50g10,H8P24,1.0,5.898243186244942,193.4389798490304,30.4914924119649,False,False,12,0.01,1.0,5000.0,33949.56944402082,163.98016641645242,1277.3913758559406,1277.3913758559406
u65d50g10,H8P24,1.0,5.898243186244942,193.4389798490304,30.4914924119649,False,False,12,0.01,1.0,10000.0,33949.56944402082,327.96033283290484,1441.371542272393,1441.371542272393
u65d50g10,H8P24,1.0,5.898243186244942,193.4389798490304,30.4914924119649,False,False,12,0.01,1.0,25000.0,33949.56944402082,819.900832082262,1933.3120415217504,1933.3120415217504
u65d50g20,H8P16,0.25,1.4745607965612355,212.86272324624116,6.927285219664567,True,False,12,0.0,0.0,0.0,-123.93115680175488,0.0,-17.89029220999159,0.0
u65d50g20,H8P16,0.25,1.4745607965612355,212.86272324624116,6.927285219664567,True,False,12,0.0,0.0,1000.0,-123.93115680175488,144.35669505296073,126.46640284296915,126.46640284296915
u65d50g20,H8P16,0.25,1.4745607965612355,212.86272324624116,6.927285219664567,True,False,12,0.0,0.0,2500.0,-123.93115680175488,360.8917376324018,343.00144542241026,343.00144542241026
u65d50g20,H8P16,0.25,1.4745607965612355,212.86272324624116,6.927285219664567,True,False,12,0.0,0.0,5000.0,-123.93115680175488,721.7834752648037,703.8931830548121,703.8931830548121
u65d50g20,H8P16,0.25,1.4745607965612355,212.86272324624116,6.927285219664567,True,False,12,0.0,0.0,10000.0,-123.93115680175488,1443.5669505296073,1425.6766583196159,1425.6766583196159
u65d50g20,H8P16,0.25,1.4745607965612355,212.86272324624116,6.927285219664567,True,False,12,0.0,0.0,25000.0,-123.93115680175488,3608.9173763240183,3591.027084114027,3591.027084114027
u65d50g20,H8P16,0.25,1.4745607965612355,212.86272324624116,6.927285219664567,True,False,12,0.0,1.0,0.0,-71.81752670233259,0.0,-10.36734080162649,0.0
u65d50g20,H8P16,0.25,1.4745607965612355,212.86272324624116,6.927285219664567,True,False,12,0.0,1.0,1000.0,-71.81752670233259,144.35669505296073,133.98935425133425,133.98935425133425
u65d50g20,H8P16,0.25,1.4745607965612355,212.86272324624116,6.927285219664567,True,False,12,0.0,1.0,2500.0,-71.81752670233259,360.8917376324018,350.52439683077534,350.52439683077534
u65d50g20,H8P16,0.25,1.4745607965612355,212.86272324624116,6.927285219664567,True,False,12,0.0,1.0,5000.0,-71.81752670233259,721.7834752648037,711.4161344631772,711.4161344631772
u65d50g20,H8P16,0.25,1.4745607965612355,212.86272324624116,6.927285219664567,True,False,12,0.0,1.0,10000.0,-71.81752670233259,1443.5669505296073,1433.199609727981,1433.199609727981
u65d50g20,H8P16,0.25,1.4745607965612355,212.86272324624116,6.927285219664567,True,False,12,0.0,1.0,25000.0,-71.81752670233259,3608.9173763240183,3598.5500355223917,3598.5500355223917
u65d50g20,H8P16,0.25,1.4745607965612355,212.86272324624116,6.927285219664567,True,False,12,0.005,0.0,0.0,2311.229435202955,0.0,333.64144277501964,333.64144277501964
u65d50g20,H8P16,0.25,1.4745607965612355,212.86272324624116,6.927285219664567,True,False,12,0.005,0.0,1000.0,2311.229435202955,144.35669505296073,477.9981378279804,477.9981378279804
u65d50g20,H8P16,0.25,1.4745607965612355,212.86272324624116,6.927285219664567,True,False,12,0.005,0.0,2500.0,2311.229435202955,360.8917376324018,694.5331804074215,694.5331804074215
u65d50g20,H8P16,0.25,1.4745607965612355,212.86272324624116,6.927285219664567,True,False,12,0.005,0.0,5000.0,2311.229435202955,721.7834752648037,1055.4249180398233,1055.4249180398233
u65d50g20,H8P16,0.25,1.4745607965612355,212.86272324624116,6.927285219664567,True,False,12,0.005,0.0,10000.0,2311.229435202955,1443.5669505296073,1777.208393304627,1777.208393304627
u65d50g20,H8P16,0.25,1.4745607965612355,212.86272324624116,6.927285219664567,True,False,12,0.005,0.0,25000.0,2311.229435202955,3608.9173763240183,3942.5588190990384,3942.5588190990384
u65d50g20,H8P16,0.25,1.4745607965612355,212.86272324624116,6.927285219664567,True,False,12,0.005,1.0,0.0,2334.7169194740727,0.0,337.0320183795066,337.0320183795066
u65d50g20,H8P16,0.25,1.4745607965612355,212.86272324624116,6.927285219664567,True,False,12,0.005,1.0,1000.0,2334.7169194740727,144.35669505296073,481.38871343246734,481.38871343246734
u65d50g20,H8P16,0.25,1.4745607965612355,212.86272324624116,6.927285219664567,True,False,12,0.005,1.0,2500.0,2334.7169194740727,360.8917376324018,697.9237560119084,697.9237560119084
u65d50g20,H8P16,0.25,1.4745607965612355,212.86272324624116,6.927285219664567,True,False,12,0.005,1.0,5000.0,2334.7169194740727,721.7834752648037,1058.8154936443102,1058.8154936443102
u65d50g20,H8P16,0.25,1.4745607965612355,212.86272324624116,6.927285219664567,True,False,12,0.005,1.0,10000.0,2334.7169194740727,1443.5669505296073,1780.5989689091139,1780.5989689091139
u65d50g20,H8P16,0.25,1.4745607965612355,212.86272324624116,6.927285219664567,True,False,12,0.005,1.0,25000.0,2334.7169194740727,3608.9173763240183,3945.949394703525,3945.949394703525
u65d50g20,H8P16,0.25,1.4745607965612355,212.86272324624116,6.927285219664567,True,False,12,0.01,0.0,0.0,4749.63417322527,0.0,685.6414919574016,685.6414919574016
u65d50g20,H8P16,0.25,1.4745607965612355,212.86272324624116,6.927285219664567,True,False,12,0.01,0.0,1000.0,4749.63417322527,144.35669505296073,829.9981870103624,829.9981870103624
u65d50g20,H8P16,0.25,1.4745607965612355,212.86272324624116,6.927285219664567,True,False,12,0.01,0.0,2500.0,4749.63417322527,360.8917376324018,1046.5332295898036,1046.5332295898036
u65d50g20,H8P16,0.25,1.4745607965612355,212.86272324624116,6.927285219664567,True,False,12,0.01,0.0,5000.0,4749.63417322527,721.7834752648037,1407.4249672222052,1407.4249672222052
u65d50g20,H8P16,0.25,1.4745607965612355,212.86272324624116,6.927285219664567,True,False,12,0.01,0.0,10000.0,4749.63417322527,1443.5669505296073,2129.208442487009,2129.208442487009
u65d50g20,H8P16,0.25,1.4745607965612355,212.86272324624116,6.927285219664567,True,False,12,0.01,0.0,25000.0,4749.63417322527,3608.9173763240183,4294.55886828142,4294.55886828142
u65d50g20,H8P16,0.25,1.4745607965612355,212.86272324624116,6.927285219664567,True,False,12,0.01,1.0,0.0,4772.2482223296975,0.0,688.9059813478821,688.9059813478821
u65d50g20,H8P16,0.25,1.4745607965612355,212.86272324624116,6.927285219664567,True,False,12,0.01,1.0,1000.0,4772.2482223296975,144.35669505296073,833.2626764008428,833.2626764008428
u65d50g20,H8P16,0.25,1.4745607965612355,212.86272324624116,6.927285219664567,True,False,12,0.01,1.0,2500.0,4772.2482223296975,360.8917376324018,1049.797718980284,1049.797718980284
u65d50g20,H8P16,0.25,1.4745607965612355,212.86272324624116,6.927285219664567,True,False,12,0.01,1.0,5000.0,4772.2482223296975,721.7834752648037,1410.6894566126857,1410.6894566126857
u65d50g20,H8P16,0.25,1.4745607965612355,212.86272324624116,6.927285219664567,True,False,12,0.01,1.0,10000.0,4772.2482223296975,1443.5669505296073,2132.4729318774894,2132.4729318774894
u65d50g20,H8P16,0.25,1.4745607965612355,212.86272324624116,6.927285219664567,True,False,12,0.01,1.0,25000.0,4772.2482223296975,3608.9173763240183,4297.8233576719,4297.8233576719
u65d50g20,H8P16,1.0,5.898243186244942,212.86272324624116,27.709140878658268,False,False,12,0.0,0.0,0.0,-1129.0915839237123,0.0,-40.74798236683494,0.0
u65d50g20,H8P16,1.0,5.898243186244942,212.86272324624116,27.709140878658268,False,False,12,0.0,0.0,1000.0,-1129.0915839237123,36.08917376324018,-4.658808603594755,0.0
u65d50g20,H8P16,1.0,5.898243186244942,212.86272324624116,27.709140878658268,False,False,12,0.0,0.0,2500.0,-1129.0915839237123,90.22293440810046,49.47495204126552,49.47495204126552
u65d50g20,H8P16,1.0,5.898243186244942,212.86272324624116,27.709140878658268,False,False,12,0.0,0.0,5000.0,-1129.0915839237123,180.4458688162009,139.69788644936597,139.69788644936597
u65d50g20,H8P16,1.0,5.898243186244942,212.86272324624116,27.709140878658268,False,False,12,0.0,0.0,10000.0,-1129.0915839237123,360.8917376324018,320.1437552655669,320.1437552655669
u65d50g20,H8P16,1.0,5.898243186244942,212.86272324624116,27.709140878658268,False,False,12,0.0,0.0,25000.0,-1129.0915839237123,902.2293440810046,861.4813617141696,861.4813617141696
u65d50g20,H8P16,1.0,5.898243186244942,212.86272324624116,27.709140878658268,False,False,12,0.0,1.0,0.0,19164.710829698568,0.0,691.6385792552426,691.6385792552426
u65d50g20,H8P16,1.0,5.898243186244942,212.86272324624116,27.709140878658268,False,False,12,0.0,1.0,1000.0,19164.710829698568,36.08917376324018,727.7277530184828,727.7277530184828
u65d50g20,H8P16,1.0,5.898243186244942,212.86272324624116,27.709140878658268,False,False,12,0.0,1.0,2500.0,19164.710829698568,90.22293440810046,781.861513663343,781.861513663343
u65d50g20,H8P16,1.0,5.898243186244942,212.86272324624116,27.709140878658268,False,False,12,0.0,1.0,5000.0,19164.710829698568,180.4458688162009,872.0844480714435,872.0844480714435
u65d50g20,H8P16,1.0,5.898243186244942,212.86272324624116,27.709140878658268,False,False,12,0.0,1.0,10000.0,19164.710829698568,360.8917376324018,1052.5303168876444,1052.5303168876444
u65d50g20,H8P16,1.0,5.898243186244942,212.86272324624116,27.709140878658268,False,False,12,0.0,1.0,25000.0,19164.710829698568,902.2293440810046,1593.8679233362473,1593.8679233362473
u65d50g20,H8P16,1.0,5.898243186244942,212.86272324624116,27.709140878658268,False,False,12,0.005,0.0,0.0,3254.519162891777,0.0,117.45290758539632,117.45290758539632
u65d50g20,H8P16,1.0,5.898243186244942,212.86272324624116,27.709140878658268,False,False,12,0.005,0.0,1000.0,3254.519162891777,36.08917376324018,153.5420813486365,153.5420813486365
u65d50g20,H8P16,1.0,5.898243186244942,212.86272324624116,27.709140878658268,False,False,12,0.005,0.0,2500.0,3254.519162891777,90.22293440810046,207.67584199349676,207.67584199349676
u65d50g20,H8P16,1.0,5.898243186244942,212.86272324624116,27.709140878658268,False,False,12,0.005,0.0,5000.0,3254.519162891777,180.4458688162009,297.8987764015972,297.8987764015972
u65d50g20,H8P16,1.0,5.898243186244942,212.86272324624116,27.709140878658268,False,False,12,0.005,0.0,10000.0,3254.519162891777,360.8917376324018,478.34464521779813,478.34464521779813
u65d50g20,H8P16,1.0,5.898243186244942,212.86272324624116,27.709140878658268,False,False,12,0.005,0.0,25000.0,3254.519162891777,902.2293440810046,1019.6822516664009,1019.6822516664009
u65d50g20,H8P16,1.0,5.898243186244942,212.86272324624116,27.709140878658268,False,False,12,0.005,1.0,0.0,23538.82437432696,0.0,849.496723027479,849.496723027479
u65d50g20,H8P16,1.0,5.898243186244942,212.86272324624116,27.709140878658268,False,False,12,0.005,1.0,1000.0,23538.82437432696,36.08917376324018,885.5858967907192,885.5858967907192
u65d50g20,H8P16,1.0,5.898243186244942,212.86272324624116,27.709140878658268,False,False,12,0.005,1.0,2500.0,23538.82437432696,90.22293440810046,939.7196574355795,939.7196574355795
u65d50g20,H8P16,1.0,5.898243186244942,212.86272324624116,27.709140878658268,False,False,12,0.005,1.0,5000.0,23538.82437432696,180.4458688162009,1029.94259184368,1029.94259184368
u65d50g20,H8P16,1.0,5.898243186244942,212.86272324624116,27.709140878658268,False,False,12,0.005,1.0,10000.0,23538.82437432696,360.8917376324018,1210.3884606598808,1210.3884606598808
u65d50g20,H8P16,1.0,5.898243186244942,212.86272324624116,27.709140878658268,False,False,12,0.005,1.0,25000.0,23538.82437432696,902.2293440810046,1751.7260671084834,1751.7260671084834
u65d50g20,H8P16,1.0,5.898243186244942,212.86272324624116,27.709140878658268,False,False,12,0.01,0.0,0.0,7674.026690539432,0.0,276.94928269862055,276.94928269862055
u65d50g20,H8P16,1.0,5.898243186244942,212.86272324624116,27.709140878658268,False,False,12,0.01,0.0,1000.0,7674.026690539432,36.08917376324018,313.03845646186073,313.03845646186073
u65d50g20,H8P16,1.0,5.898243186244942,212.86272324624116,27.709140878658268,False,False,12,0.01,0.0,2500.0,7674.026690539432,90.22293440810046,367.172217106721,367.172217106721
u65d50g20,H8P16,1.0,5.898243186244942,212.86272324624116,27.709140878658268,False,False,12,0.01,0.0,5000.0,7674.026690539432,180.4458688162009,457.39515151482146,457.39515151482146
u65d50g20,H8P16,1.0,5.898243186244942,212.86272324624116,27.709140878658268,False,False,12,0.01,0.0,10000.0,7674.026690539432,360.8917376324018,637.8410203310224,637.8410203310224
u65d50g20,H8P16,1.0,5.898243186244942,212.86272324624116,27.709140878658268,False,False,12,0.01,0.0,25000.0,7674.026690539432,902.2293440810046,1179.1786267796251,1179.1786267796251
u65d50g20,H8P16,1.0,5.898243186244942,212.86272324624116,27.709140878658268,False,False,12,0.01,1.0,0.0,27909.01786400789,0.0,1007.213395255555,1007.213395255555
u65d50g20,H8P16,1.0,5.898243186244942,212.86272324624116,27.709140878658268,False,False,12,0.01,1.0,1000.0,27909.01786400789,36.08917376324018,1043.3025690187953,1043.3025690187953
u65d50g20,H8P16,1.0,5.898243186244942,212.86272324624116,27.709140878658268,False,False,12,0.01,1.0,2500.0,27909.01786400789,90.22293440810046,1097.4363296636554,1097.4363296636554
u65d50g20,H8P16,1.0,5.898243186244942,212.86272324624116,27.709140878658268,False,False,12,0.01,1.0,5000.0,27909.01786400789,180.4458688162009,1187.659264071756,1187.659264071756
u65d50g20,H8P16,1.0,5.898243186244942,212.86272324624116,27.709140878658268,False,False,12,0.01,1.0,10000.0,27909.01786400789,360.8917376324018,1368.1051328879569,1368.1051328879569
u65d50g20,H8P16,1.0,5.898243186244942,212.86272324624116,27.709140878658268,False,False,12,0.01,1.0,25000.0,27909.01786400789,902.2293440810046,1909.4427393365597,1909.4427393365597
u65d50g20,H8P24,0.25,1.4745607965612355,212.86272324624116,6.927285219664567,True,False,12,0.0,0.0,0.0,-125.97687996421419,0.0,-18.185606044717506,0.0
u65d50g20,H8P24,0.25,1.4745607965612355,212.86272324624116,6.927285219664567,True,False,12,0.0,0.0,1000.0,-125.97687996421419,144.35669505296073,126.17108900824323,126.17108900824323
u65d50g20,H8P24,0.25,1.4745607965612355,212.86272324624116,6.927285219664567,True,False,12,0.0,0.0,2500.0,-125.97687996421419,360.8917376324018,342.7061315876843,342.7061315876843
u65d50g20,H8P24,0.25,1.4745607965612355,212.86272324624116,6.927285219664567,True,False,12,0.0,0.0,5000.0,-125.97687996421419,721.7834752648037,703.5978692200862,703.5978692200862
u65d50g20,H8P24,0.25,1.4745607965612355,212.86272324624116,6.927285219664567,True,False,12,0.0,0.0,10000.0,-125.97687996421419,1443.5669505296073,1425.38134448489,1425.38134448489
u65d50g20,H8P24,0.25,1.4745607965612355,212.86272324624116,6.927285219664567,True,False,12,0.0,0.0,25000.0,-125.97687996421419,3608.9173763240183,3590.7317702793007,3590.7317702793007
u65d50g20,H8P24,0.25,1.4745607965612355,212.86272324624116,6.927285219664567,True,False,12,0.0,1.0,0.0,275.2121189124154,0.0,39.728711924718716,39.728711924718716
u65d50g20,H8P24,0.25,1.4745607965612355,212.86272324624116,6.927285219664567,True,False,12,0.0,1.0,1000.0,275.2121189124154,144.35669505296073,184.08540697767947,184.08540697767947
u65d50g20,H8P24,0.25,1.4745607965612355,212.86272324624116,6.927285219664567,True,False,12,0.0,1.0,2500.0,275.2121189124154,360.8917376324018,400.62044955712054,400.62044955712054
u65d50g20,H8P24,0.25,1.4745607965612355,212.86272324624116,6.927285219664567,True,False,12,0.0,1.0,5000.0,275.2121189124154,721.7834752648037,761.5121871895224,761.5121871895224
u65d50g20,H8P24,0.25,1.4745607965612355,212.86272324624116,6.927285219664567,True,False,12,0.0,1.0,10000.0,275.2121189124154,1443.5669505296073,1483.295662454326,1483.295662454326
u65d50g20,H8P24,0.25,1.4745607965612355,212.86272324624116,6.927285219664567,True,False,12,0.0,1.0,25000.0,275.2121189124154,3608.9173763240183,3648.646088248737,3648.646088248737
u65d50g20,H8P24,0.25,1.4745607965612355,212.86272324624116,6.927285219664567,True,False,12,0.005,0.0,0.0,2976.1031391609617,0.0,429.6204133060181,429.6204133060181
u65d50g20,H8P24,0.25,1.4745607965612355,212.86272324624116,6.927285219664567,True,False,12,0.005,0.0,1000.0,2976.1031391609617,144.35669505296073,573.9771083589789,573.9771083589789
u65d50g20,H8P24,0.25,1.4745607965612355,212.86272324624116,6.927285219664567,True,False,12,0.005,0.0,2500.0,2976.1031391609617,360.8917376324018,790.5121509384198,790.5121509384198
u65d50g20,H8P24,0.25,1.4745607965612355,212.86272324624116,6.927285219664567,True,False,12,0.005,0.0,5000.0,2976.1031391609617,721.7834752648037,1151.4038885708217,1151.4038885708217
u65d50g20,H8P24,0.25,1.4745607965612355,212.86272324624116,6.927285219664567,True,False,12,0.005,0.0,10000.0,2976.1031391609617,1443.5669505296073,1873.1873638356253,1873.1873638356253
u65d50g20,H8P24,0.25,1.4745607965612355,212.86272324624116,6.927285219664567,True,False,12,0.005,0.0,25000.0,2976.1031391609617,3608.9173763240183,4038.5377896300365,4038.5377896300365
u65d50g20,H8P24,0.25,1.4745607965612355,212.86272324624116,6.927285219664567,True,False,12,0.005,1.0,0.0,3337.4906177636585,0.0,481.789115350626,481.789115350626
u65d50g20,H8P24,0.25,1.4745607965612355,212.86272324624116,6.927285219664567,True,False,12,0.005,1.0,1000.0,3337.4906177636585,144.35669505296073,626.1458104035868,626.1458104035868
u65d50g20,H8P24,0.25,1.4745607965612355,212.86272324624116,6.927285219664567,True,False,12,0.005,1.0,2500.0,3337.4906177636585,360.8917376324018,842.6808529830279,842.6808529830279
u65d50g20,H8P24,0.25,1.4745607965612355,212.86272324624116,6.927285219664567,True,False,12,0.005,1.0,5000.0,3337.4906177636585,721.7834752648037,1203.5725906154296,1203.5725906154296
u65d50g20,H8P24,0.25,1.4745607965612355,212.86272324624116,6.927285219664567,True,False,12,0.005,1.0,10000.0,3337.4906177636585,1443.5669505296073,1925.3560658802332,1925.3560658802332
u65d50g20,H8P24,0.25,1.4745607965612355,212.86272324624116,6.927285219664567,True,False,12,0.005,1.0,25000.0,3337.4906177636585,3608.9173763240183,4090.7064916746444,4090.7064916746444
u65d50g20,H8P24,0.25,1.4745607965612355,212.86272324624116,6.927285219664567,True,False,12,0.01,0.0,0.0,6090.051363195578,0.0,879.1396874936919,879.1396874936919
u65d50g20,H8P24,0.25,1.4745607965612355,212.86272324624116,6.927285219664567,True,False,12,0.01,0.0,1000.0,6090.051363195578,144.35669505296073,1023.4963825466526,1023.4963825466526
u65d50g20,H8P24,0.25,1.4745607965612355,212.86272324624116,6.927285219664567,True,False,12,0.01,0.0,2500.0,6090.051363195578,360.8917376324018,1240.0314251260938,1240.0314251260938
u65d50g20,H8P24,0.25,1.4745607965612355,212.86272324624116,6.927285219664567,True,False,12,0.01,0.0,5000.0,6090.051363195578,721.7834752648037,1600.9231627584957,1600.9231627584957
u65d50g20,H8P24,0.25,1.4745607965612355,212.86272324624116,6.927285219664567,True,False,12,0.01,0.0,10000.0,6090.051363195578,1443.5669505296073,2322.706638023299,2322.706638023299
u65d50g20,H8P24,0.25,1.4745607965612355,212.86272324624116,6.927285219664567,True,False,12,0.01,0.0,25000.0,6090.051363195578,3608.9173763240183,4488.05706381771,4488.05706381771
u65d50g20,H8P24,0.25,1.4745607965612355,212.86272324624116,6.927285219664567,True,False,12,0.01,1.0,0.0,6418.122730667248,0.0,926.4989858434076,926.4989858434076
u65d50g20,H8P24,0.25,1.4745607965612355,212.86272324624116,6.927285219664567,True,False,12,0.01,1.0,1000.0,6418.122730667248,144.35669505296073,1070.8556808963683,1070.8556808963683
u65d50g20,H8P24,0.25,1.4745607965612355,212.86272324624116,6.927285219664567,True,False,12,0.01,1.0,2500.0,6418.122730667248,360.8917376324018,1287.3907234758094,1287.3907234758094
u65d50g20,H8P24,0.25,1.4745607965612355,212.86272324624116,6.927285219664567,True,False,12,0.01,1.0,5000.0,6418.122730667248,721.7834752648037,1648.2824611082112,1648.2824611082112
u65d50g20,H8P24,0.25,1.4745607965612355,212.86272324624116,6.927285219664567,True,False,12,0.01,1.0,10000.0,6418.122730667248,1443.5669505296073,2370.065936373015,2370.065936373015
u65d50g20,H8P24,0.25,1.4745607965612355,212.86272324624116,6.927285219664567,True,False,12,0.01,1.0,25000.0,6418.122730667248,3608.9173763240183,4535.416362167426,4535.416362167426
u65d50g20,H8P24,1.0,5.898243186244942,212.86272324624116,27.709140878658268,False,False,12,0.0,0.0,0.0,-941.213674850339,0.0,-33.96762386001173,0.0
u65d50g20,H8P24,1.0,5.898243186244942,212.86272324624116,27.709140878658268,False,False,12,0.0,0.0,1000.0,-941.213674850339,36.08917376324018,2.1215499032284533,2.1215499032284533
u65d50g20,H8P24,1.0,5.898243186244942,212.86272324624116,27.709140878658268,False,False,12,0.0,0.0,2500.0,-941.213674850339,90.22293440810046,56.25531054808873,56.25531054808873
u65d50g20,H8P24,1.0,5.898243186244942,212.86272324624116,27.709140878658268,False,False,12,0.0,0.0,5000.0,-941.213674850339,180.4458688162009,146.4782449561892,146.4782449561892
u65d50g20,H8P24,1.0,5.898243186244942,212.86272324624116,27.709140878658268,False,False,12,0.0,0.0,10000.0,-941.213674850339,360.8917376324018,326.92411377239006,326.92411377239006
u65d50g20,H8P24,1.0,5.898243186244942,212.86272324624116,27.709140878658268,False,False,12,0.0,0.0,25000.0,-941.213674850339,902.2293440810046,868.2617202209929,868.2617202209929
u65d50g20,H8P24,1.0,5.898243186244942,212.86272324624116,27.709140878658268,False,False,12,0.0,1.0,0.0,19138.443548649266,0.0,690.6906147851664,690.6906147851664
u65d50g20,H8P24,1.0,5.898243186244942,212.86272324624116,27.709140878658268,False,False,12,0.0,1.0,1000.0,19138.443548649266,36.08917376324018,726.7797885484066,726.7797885484066
u65d50g20,H8P24,1.0,5.898243186244942,212.86272324624116,27.709140878658268,False,False,12,0.0,1.0,2500.0,19138.443548649266,90.22293440810046,780.9135491932669,780.9135491932669
u65d50g20,H8P24,1.0,5.898243186244942,212.86272324624116,27.709140878658268,False,False,12,0.0,1.0,5000.0,19138.443548649266,180.4458688162009,871.1364836013673,871.1364836013673
u65d50g20,H8P24,1.0,5.898243186244942,212.86272324624116,27.709140878658268,False,False,12,0.0,1.0,10000.0,19138.443548649266,360.8917376324018,1051.5823524175682,1051.5823524175682
u65d50g20,H8P24,1.0,5.898243186244942,212.86272324624116,27.709140878658268,False,False,12,0.0,1.0,25000.0,19138.443548649266,902.2293440810046,1592.919958866171,1592.919958866171
u65d50g20,H8P24,1.0,5.898243186244942,212.86272324624116,27.709140878658268,False,False,12,0.005,0.0,0.0,4497.658044932157,0.0,162.31676271119176,162.31676271119176
u65d50g20,H8P24,1.0,5.898243186244942,212.86272324624116,27.709140878658268,False,False,12,0.005,0.0,1000.0,4497.658044932157,36.08917376324018,198.40593647443194,198.40593647443194
u65d50g20,H8P24,1.0,5.898243186244942,212.86272324624116,27.709140878658268,False,False,12,0.005,0.0,2500.0,4497.658044932157,90.22293440810046,252.5396971192922,252.5396971192922
u65d50g20,H8P24,1.0,5.898243186244942,212.86272324624116,27.709140878658268,False,False,12,0.005,0.0,5000.0,4497.658044932157,180.4458688162009,342.76263152739267,342.76263152739267
u65d50g20,H8P24,1.0,5.898243186244942,212.86272324624116,27.709140878658268,False,False,12,0.005,0.0,10000.0,4497.658044932157,360.8917376324018,523.2085003435936,523.2085003435936
u65d50g20,H8P24,1.0,5.898243186244942,212.86272324624116,27.709140878658268,False,False,12,0.005,0.0,25000.0,4497.658044932157,902.2293440810046,1064.5461067921963,1064.5461067921963
u65d50g20,H8P24,1.0,5.898243186244942,212.86272324624116,27.709140878658268,False,False,12,0.005,1.0,0.0,24687.18116983674,0.0,890.9399709628291,890.9399709628291
u65d50g20,H8P24,1.0,5.898243186244942,212.86272324624116,27.709140878658268,False,False,12,0.005,1.0,1000.0,24687.18116983674,36.08917376324018,927.0291447260693,927.0291447260693
u65d50g20,H8P24,1.0,5.898243186244942,212.86272324624116,27.709140878658268,False,False,12,0.005,1.0,2500.0,24687.18116983674,90.22293440810046,981.1629053709296,981.1629053709296
u65d50g20,H8P24,1.0,5.898243186244942,212.86272324624116,27.709140878658268,False,False,12,0.005,1.0,5000.0,24687.18116983674,180.4458688162009,1071.38583977903,1071.38583977903
u65d50g20,H8P24,1.0,5.898243186244942,212.86272324624116,27.709140878658268,False,False,12,0.005,1.0,10000.0,24687.18116983674,360.8917376324018,1251.831708595231,1251.831708595231
u65d50g20,H8P24,1.0,5.898243186244942,212.86272324624116,27.709140878658268,False,False,12,0.005,1.0,25000.0,24687.18116983674,902.2293440810046,1793.1693150438336,1793.1693150438336
u65d50g20,H8P24,1.0,5.898243186244942,212.86272324624116,27.709140878658268,False,False,12,0.01,0.0,0.0,10126.667943748069,0.0,365.4630790645582,365.4630790645582
u65d50g20,H8P24,1.0,5.898243186244942,212.86272324624116,27.709140878658268,False,False,12,0.01,0.0,1000.0,10126.667943748069,36.08917376324018,401.5522528277984,401.5522528277984
u65d50g20,H8P24,1.0,5.898243186244942,212.86272324624116,27.709140878658268,False,False,12,0.01,0.0,2500.0,10126.667943748069,90.22293440810046,455.68601347265866,455.68601347265866
u65d50g20,H8P24,1.0,5.898243186244942,212.86272324624116,27.709140878658268,False,False,12,0.01,0.0,5000.0,10126.667943748069,180.4458688162009,545.9089478807591,545.9089478807591
u65d50g20,H8P24,1.0,5.898243186244942,212.86272324624116,27.709140878658268,False,False,12,0.01,0.0,10000.0,10126.667943748069,360.8917376324018,726.3548166969601,726.3548166969601
u65d50g20,H8P24,1.0,5.898243186244942,212.86272324624116,27.709140878658268,False,False,12,0.01,0.0,25000.0,10126.667943748069,902.2293440810046,1267.6924231455628,1267.6924231455628
u65d50g20,H8P24,1.0,5.898243186244942,212.86272324624116,27.709140878658268,False,False,12,0.01,1.0,0.0,30269.130983779116,0.0,1092.3879277358817,1092.3879277358817
u65d50g20,H8P24,1.0,5.898243186244942,212.86272324624116,27.709140878658268,False,False,12,0.01,1.0,1000.0,30269.130983779116,36.08917376324018,1128.477101499122,1128.477101499122
u65d50g20,H8P24,1.0,5.898243186244942,212.86272324624116,27.709140878658268,False,False,12,0.01,1.0,2500.0,30269.130983779116,90.22293440810046,1182.6108621439823,1182.6108621439823
u65d50g20,H8P24,1.0,5.898243186244942,212.86272324624116,27.709140878658268,False,False,12,0.01,1.0,5000.0,30269.130983779116,180.4458688162009,1272.833796552083,1272.833796552083
u65d50g20,H8P24,1.0,5.898243186244942,212.86272324624116,27.709140878658268,False,False,12,0.01,1.0,10000.0,30269.130983779116,360.8917376324018,1453.2796653682838,1453.2796653682838
u65d50g20,H8P24,1.0,5.898243186244942,212.86272324624116,27.709140878658268,False,False,12,0.01,1.0,25000.0,30269.130983779116,902.2293440810046,1994.6172718168866,1994.6172718168866
u80d100g10,H8P16,0.75,4.423682389683707,219.33178716221465,20.16890687354868,False,True,12,0.0,0.0,0.0,-375.4571079680206,0.0,-18.615639921488697,0.0
u80d100g10,H8P16,0.75,4.423682389683707,219.33178716221465,20.16890687354868,False,True,12,0.0,0.0,1000.0,-375.4571079680206,49.581269142131354,30.96562922064265,30.96562922064265
u80d100g10,H8P16,0.75,4.423682389683707,219.33178716221465,20.16890687354868,False,True,12,0.0,0.0,2500.0,-375.4571079680206,123.95317285532838,105.33753293383968,105.33753293383968
u80d100g10,H8P16,0.75,4.423682389683707,219.33178716221465,20.16890687354868,False,True,12,0.0,0.0,5000.0,-375.4571079680206,247.90634571065675,229.29070578916804,229.29070578916804
u80d100g10,H8P16,0.75,4.423682389683707,219.33178716221465,20.16890687354868,False,True,12,0.0,0.0,10000.0,-375.4571079680206,495.8126914213135,477.1970514998248,477.1970514998248
u80d100g10,H8P16,0.75,4.423682389683707,219.33178716221465,20.16890687354868,False,True,12,0.0,0.0,25000.0,-375.4571079680206,1239.5317285532838,1220.916088631795,1220.916088631795
u80d100g10,H8P16,0.75,4.423682389683707,219.33178716221465,20.16890687354868,False,True,12,0.0,1.0,0.0,-375.4571079680203,0.0,-18.615639921488683,0.0
u80d100g10,H8P16,0.75,4.423682389683707,219.33178716221465,20.16890687354868,False,True,12,0.0,1.0,1000.0,-375.4571079680203,49.581269142131354,30.96562922064267,30.96562922064267
u80d100g10,H8P16,0.75,4.423682389683707,219.33178716221465,20.16890687354868,False,True,12,0.0,1.0,2500.0,-375.4571079680203,123.95317285532838,105.33753293383968,105.33753293383968
u80d100g10,H8P16,0.75,4.423682389683707,219.33178716221465,20.16890687354868,False,True,12,0.0,1.0,5000.0,-375.4571079680203,247.90634571065675,229.2907057891681,229.2907057891681
u80d100g10,H8P16,0.75,4.423682389683707,219.33178716221465,20.16890687354868,False,True,12,0.0,1.0,10000.0,-375.4571079680203,495.8126914213135,477.1970514998248,477.1970514998248
u80d100g10,H8P16,0.75,4.423682389683707,219.33178716221465,20.16890687354868,False,True,12,0.0,1.0,25000.0,-375.4571079680203,1239.5317285532838,1220.916088631795,1220.916088631795
u80d100g10,H8P16,0.75,4.423682389683707,219.33178716221465,20.16890687354868,False,True,12,0.005,0.0,0.0,7326.273015441209,0.0,363.24591418732484,363.24591418732484
u80d100g10,H8P16,0.75,4.423682389683707,219.33178716221465,20.16890687354868,False,True,12,0.005,0.0,1000.0,7326.273015441209,49.581269142131354,412.8271833294562,412.8271833294562
u80d100g10,H8P16,0.75,4.423682389683707,219.33178716221465,20.16890687354868,False,True,12,0.005,0.0,2500.0,7326.273015441209,123.95317285532838,487.1990870426532,487.1990870426532
u80d100g10,H8P16,0.75,4.423682389683707,219.33178716221465,20.16890687354868,False,True,12,0.005,0.0,5000.0,7326.273015441209,247.90634571065675,611.1522598979816,611.1522598979816
u80d100g10,H8P16,0.75,4.423682389683707,219.33178716221465,20.16890687354868,False,True,12,0.005,0.0,10000.0,7326.273015441209,495.8126914213135,859.0586056086383,859.0586056086383
u80d100g10,H8P16,0.75,4.423682389683707,219.33178716221465,20.16890687354868,False,True,12,0.005,0.0,25000.0,7326.273015441209,1239.5317285532838,1602.7776427406086,1602.7776427406086
u80d100g10,H8P16,0.75,4.423682389683707,219.33178716221465,20.16890687354868,False,True,12,0.005,1.0,0.0,7326.273015441209,0.0,363.24591418732484,363.24591418732484
u80d100g10,H8P16,0.75,4.423682389683707,219.33178716221465,20.16890687354868,False,True,12,0.005,1.0,1000.0,7326.273015441209,49.581269142131354,412.8271833294562,412.8271833294562
u80d100g10,H8P16,0.75,4.423682389683707,219.33178716221465,20.16890687354868,False,True,12,0.005,1.0,2500.0,7326.273015441209,123.95317285532838,487.1990870426532,487.1990870426532
u80d100g10,H8P16,0.75,4.423682389683707,219.33178716221465,20.16890687354868,False,True,12,0.005,1.0,5000.0,7326.273015441209,247.90634571065675,611.1522598979816,611.1522598979816
u80d100g10,H8P16,0.75,4.423682389683707,219.33178716221465,20.16890687354868,False,True,12,0.005,1.0,10000.0,7326.273015441209,495.8126914213135,859.0586056086383,859.0586056086383
u80d100g10,H8P16,0.75,4.423682389683707,219.33178716221465,20.16890687354868,False,True,12,0.005,1.0,25000.0,7326.273015441209,1239.5317285532838,1602.7776427406086,1602.7776427406086
u80d100g10,H8P16,0.75,4.423682389683707,219.33178716221465,20.16890687354868,False,True,12,0.01,0.0,0.0,15029.45739677914,0.0,745.1795722499033,745.1795722499033
u80d100g10,H8P16,0.75,4.423682389683707,219.33178716221465,20.16890687354868,False,True,12,0.01,0.0,1000.0,15029.45739677914,49.581269142131354,794.7608413920348,794.7608413920348
u80d100g10,H8P16,0.75,4.423682389683707,219.33178716221465,20.16890687354868,False,True,12,0.01,0.0,2500.0,15029.45739677914,123.95317285532838,869.1327451052317,869.1327451052317
u80d100g10,H8P16,0.75,4.423682389683707,219.33178716221465,20.16890687354868,False,True,12,0.01,0.0,5000.0,15029.45739677914,247.90634571065675,993.0859179605601,993.0859179605601
u80d100g10,H8P16,0.75,4.423682389683707,219.33178716221465,20.16890687354868,False,True,12,0.01,0.0,10000.0,15029.45739677914,495.8126914213135,1240.992263671217,1240.992263671217
u80d100g10,H8P16,0.75,4.423682389683707,219.33178716221465,20.16890687354868,False,True,12,0.01,0.0,25000.0,15029.45739677914,1239.5317285532838,1984.711300803187,1984.711300803187
u80d100g10,H8P16,0.75,4.423682389683707,219.33178716221465,20.16890687354868,False,True,12,0.01,1.0,0.0,15029.45739677914,0.0,745.1795722499033,745.1795722499033
u80d100g10,H8P16,0.75,4.423682389683707,219.33178716221465,20.16890687354868,False,True,12,0.01,1.0,1000.0,15029.45739677914,49.581269142131354,794.7608413920348,794.7608413920348
u80d100g10,H8P16,0.75,4.423682389683707,219.33178716221465,20.16890687354868,False,True,12,0.01,1.0,2500.0,15029.45739677914,123.95317285532838,869.1327451052317,869.1327451052317
u80d100g10,H8P16,0.75,4.423682389683707,219.33178716221465,20.16890687354868,False,True,12,0.01,1.0,5000.0,15029.45739677914,247.90634571065675,993.0859179605601,993.0859179605601
u80d100g10,H8P16,0.75,4.423682389683707,219.33178716221465,20.16890687354868,False,True,12,0.01,1.0,10000.0,15029.45739677914,495.8126914213135,1240.992263671217,1240.992263671217
u80d100g10,H8P16,0.75,4.423682389683707,219.33178716221465,20.16890687354868,False,True,12,0.01,1.0,25000.0,15029.45739677914,1239.5317285532838,1984.711300803187,1984.711300803187
u80d100g10,H8P16,1.0,5.898243186244942,219.33178716221465,26.891875831398234,True,False,12,0.0,0.0,0.0,-497.94429390816964,0.0,-18.51653254053714,0.0
u80d100g10,H8P16,1.0,5.898243186244942,219.33178716221465,26.891875831398234,True,False,12,0.0,0.0,1000.0,-497.94429390816964,37.18595185659852,18.66941931606138,18.66941931606138
u80d100g10,H8P16,1.0,5.898243186244942,219.33178716221465,26.891875831398234,True,False,12,0.0,0.0,2500.0,-497.94429390816964,92.9648796414963,74.44834710095915,74.44834710095915
u80d100g10,H8P16,1.0,5.898243186244942,219.33178716221465,26.891875831398234,True,False,12,0.0,0.0,5000.0,-497.94429390816964,185.9297592829926,167.41322674245544,167.41322674245544
u80d100g10,H8P16,1.0,5.898243186244942,219.33178716221465,26.891875831398234,True,False,12,0.0,0.0,10000.0,-497.94429390816964,371.8595185659852,353.34298602544806,353.34298602544806
u80d100g10,H8P16,1.0,5.898243186244942,219.33178716221465,26.891875831398234,True,False,12,0.0,0.0,25000.0,-497.94429390816964,929.6487964149629,911.1322638744258,911.1322638744258
u80d100g10,H8P16,1.0,5.898243186244942,219.33178716221465,26.891875831398234,True,False,12,0.0,1.0,0.0,-112.33523370987916,0.0,-4.177292592535309,0.0
u80d100g10,H8P16,1.0,5.898243186244942,219.33178716221465,26.891875831398234,True,False,12,0.0,1.0,1000.0,-112.33523370987916,37.18595185659852,33.00865926406321,33.00865926406321
u80d100g10,H8P16,1.0,5.898243186244942,219.33178716221465,26.891875831398234,True,False,12,0.0,1.0,2500.0,-112.33523370987916,92.9648796414963,88.78758704896099,88.78758704896099
u80d100g10,H8P16,1.0,5.898243186244942,219.33178716221465,26.891875831398234,True,False,12,0.0,1.0,5000.0,-112.33523370987916,185.9297592829926,181.75246669045728,181.75246669045728
u80d100g10,H8P16,1.0,5.898243186244942,219.33178716221465,26.891875831398234,True,False,12,0.0,1.0,10000.0,-112.33523370987916,371.8595185659852,367.6822259734499,367.6822259734499
u80d100g10,H8P16,1.0,5.898243186244942,219.33178716221465,26.891875831398234,True,False,12,0.0,1.0,25000.0,-112.33523370987916,929.6487964149629,925.4715038224276,925.4715038224276
u80d100g10,H8P16,1.0,5.898243186244942,219.33178716221465,26.891875831398234,True,False,12,0.005,0.0,0.0,9842.540246325292,0.0,366.00422774648564,366.00422774648564
u80d100g10,H8P16,1.0,5.898243186244942,219.33178716221465,26.891875831398234,True,False,12,0.005,0.0,1000.0,9842.540246325292,37.18595185659852,403.1901796030842,403.1901796030842
u80d100g10,H8P16,1.0,5.898243186244942,219.33178716221465,26.891875831398234,True,False,12,0.005,0.0,2500.0,9842.540246325292,92.9648796414963,458.9691073879819,458.9691073879819
u80d100g10,H8P16,1.0,5.898243186244942,219.33178716221465,26.891875831398234,True,False,12,0.005,0.0,5000.0,9842.540246325292,185.9297592829926,551.9339870294782,551.9339870294782
u80d100g10,H8P16,1.0,5.898243186244942,219.33178716221465,26.891875831398234,True,False,12,0.005,0.0,10000.0,9842.540246325292,371.8595185659852,737.8637463124708,737.8637463124708
u80d100g10,H8P16,1.0,5.898243186244942,219.33178716221465,26.891875831398234,True,False,12,0.005,0.0,25000.0,9842.540246325292,929.6487964149629,1295.6530241614485,1295.6530241614485
u80d100g10,H8P16,1.0,5.898243186244942,219.33178716221465,26.891875831398234,True,False,12,0.005,1.0,0.0,10120.142393469008,0.0,376.32712782546025,376.32712782546025
u80d100g10,H8P16,1.0,5.898243186244942,219.33178716221465,26.891875831398234,True,False,12,0.005,1.0,1000.0,10120.142393469008,37.18595185659852,413.5130796820588,413.5130796820588
u80d100g10,H8P16,1.0,5.898243186244942,219.33178716221465,26.891875831398234,True,False,12,0.005,1.0,2500.0,10120.142393469008,92.9648796414963,469.29200746695653,469.29200746695653
u80d100g10,H8P16,1.0,5.898243186244942,219.33178716221465,26.891875831398234,True,False,12,0.005,1.0,5000.0,10120.142393469008,185.9297592829926,562.2568871084528,562.2568871084528
u80d100g10,H8P16,1.0,5.898243186244942,219.33178716221465,26.891875831398234,True,False,12,0.005,1.0,10000.0,10120.142393469008,371.8595185659852,748.1866463914455,748.1866463914455
u80d100g10,H8P16,1.0,5.898243186244942,219.33178716221465,26.891875831398234,True,False,12,0.005,1.0,25000.0,10120.142393469008,929.6487964149629,1305.9759242404232,1305.9759242404232
u80d100g10,H8P16,1.0,5.898243186244942,219.33178716221465,26.891875831398234,True,False,12,0.01,0.0,0.0,20192.829626282717,0.0,750.8895903314453,750.8895903314453
u80d100g10,H8P16,1.0,5.898243186244942,219.33178716221465,26.891875831398234,True,False,12,0.01,0.0,1000.0,20192.829626282717,37.18595185659852,788.0755421880439,788.0755421880439
u80d100g10,H8P16,1.0,5.898243186244942,219.33178716221465,26.891875831398234,True,False,12,0.01,0.0,2500.0,20192.829626282717,92.9648796414963,843.8544699729416,843.8544699729416
u80d100g10,H8P16,1.0,5.898243186244942,219.33178716221465,26.891875831398234,True,False,12,0.01,0.0,5000.0,20192.829626282717,185.9297592829926,936.819349614438,936.819349614438
u80d100g10,H8P16,1.0,5.898243186244942,219.33178716221465,26.891875831398234,True,False,12,0.01,0.0,10000.0,20192.829626282717,371.8595185659852,1122.7491088974305,1122.7491088974305
u80d100g10,H8P16,1.0,5.898243186244942,219.33178716221465,26.891875831398234,True,False,12,0.01,0.0,25000.0,20192.829626282717,929.6487964149629,1680.5383867464084,1680.5383867464084
u80d100g10,H8P16,1.0,5.898243186244942,219.33178716221465,26.891875831398234,True,False,12,0.01,1.0,0.0,20443.118695926587,0.0,760.1968276254552,760.1968276254552
u80d100g10,H8P16,1.0,5.898243186244942,219.33178716221465,26.891875831398234,True,False,12,0.01,1.0,1000.0,20443.118695926587,37.18595185659852,797.3827794820537,797.3827794820537
u80d100g10,H8P16,1.0,5.898243186244942,219.33178716221465,26.891875831398234,True,False,12,0.01,1.0,2500.0,20443.118695926587,92.9648796414963,853.1617072669515,853.1617072669515
u80d100g10,H8P16,1.0,5.898243186244942,219.33178716221465,26.891875831398234,True,False,12,0.01,1.0,5000.0,20443.118695926587,185.9297592829926,946.1265869084477,946.1265869084477
u80d100g10,H8P16,1.0,5.898243186244942,219.33178716221465,26.891875831398234,True,False,12,0.01,1.0,10000.0,20443.118695926587,371.8595185659852,1132.0563461914403,1132.0563461914403
u80d100g10,H8P16,1.0,5.898243186244942,219.33178716221465,26.891875831398234,True,False,12,0.01,1.0,25000.0,20443.118695926587,929.6487964149629,1689.8456240404182,1689.8456240404182
u80d100g10,H8P24,0.5,2.949121593122471,219.33178716221465,13.445937915699117,False,True,12,0.0,0.0,0.0,-251.2662759352588,0.0,-18.687151280230665,0.0
u80d100g10,H8P24,0.5,2.949121593122471,219.33178716221465,13.445937915699117,False,True,12,0.0,0.0,1000.0,-251.2662759352588,74.37190371319704,55.68475243296637,55.68475243296637
u80d100g10,H8P24,0.5,2.949121593122471,219.33178716221465,13.445937915699117,False,True,12,0.0,0.0,2500.0,-251.2662759352588,185.9297592829926,167.24260800276193,167.24260800276193
u80d100g10,H8P24,0.5,2.949121593122471,219.33178716221465,13.445937915699117,False,True,12,0.0,0.0,5000.0,-251.2662759352588,371.8595185659852,353.1723672857545,353.1723672857545
u80d100g10,H8P24,0.5,2.949121593122471,219.33178716221465,13.445937915699117,False,True,12,0.0,0.0,10000.0,-251.2662759352588,743.7190371319704,725.0318858517397,725.0318858517397
u80d100g10,H8P24,0.5,2.949121593122471,219.33178716221465,13.445937915699117,False,True,12,0.0,0.0,25000.0,-251.2662759352588,1859.2975928299259,1840.6104415496955,1840.6104415496955
u80d100g10,H8P24,0.5,2.949121593122471,219.33178716221465,13.445937915699117,False,True,12,0.0,1.0,0.0,-251.26627593525865,0.0,-18.687151280230655,0.0
u80d100g10,H8P24,0.5,2.949121593122471,219.33178716221465,13.445937915699117,False,True,12,0.0,1.0,1000.0,-251.26627593525865,74.37190371319704,55.684752432966384,55.684752432966384
u80d100g10,H8P24,0.5,2.949121593122471,219.33178716221465,13.445937915699117,False,True,12,0.0,1.0,2500.0,-251.26627593525865,185.9297592829926,167.24260800276193,167.24260800276193
u80d100g10,H8P24,0.5,2.949121593122471,219.33178716221465,13.445937915699117,False,True,12,0.0,1.0,5000.0,-251.26627593525865,371.8595185659852,353.1723672857545,353.1723672857545
u80d100g10,H8P24,0.5,2.949121593122471,219.33178716221465,13.445937915699117,False,True,12,0.0,1.0,10000.0,-251.26627593525865,743.7190371319704,725.0318858517397,725.0318858517397
u80d100g10,H8P24,0.5,2.949121593122471,219.33178716221465,13.445937915699117,False,True,12,0.0,1.0,25000.0,-251.26627593525865,1859.2975928299259,1840.6104415496955,1840.6104415496955
u80d100g10,H8P24,0.5,2.949121593122471,219.33178716221465,13.445937915699117,False,True,12,0.005,0.0,0.0,6108.302922103735,0.0,454.2861167737391,454.2861167737391
u80d100g10,H8P24,0.5,2.949121593122471,219.33178716221465,13.445937915699117,False,True,12,0.005,0.0,1000.0,6108.302922103735,74.37190371319704,528.6580204869362,528.6580204869362
u80d100g10,H8P24,0.5,2.949121593122471,219.33178716221465,13.445937915699117,False,True,12,0.005,0.0,2500.0,6108.302922103735,185.9297592829926,640.2158760567318,640.2158760567318
u80d100g10,H8P24,0.5,2.949121593122471,219.33178716221465,13.445937915699117,False,True,12,0.005,0.0,5000.0,6108.302922103735,371.8595185659852,826.1456353397243,826.1456353397243
u80d100g10,H8P24,0.5,2.949121593122471,219.33178716221465,13.445937915699117,False,True,12,0.005,0.0,10000.0,6108.302922103735,743.7190371319704,1198.0051539057094,1198.0051539057094
u80d100g10,H8P24,0.5,2.949121593122471,219.33178716221465,13.445937915699117,False,True,12,0.005,0.0,25000.0,6108.302922103735,1859.2975928299259,2313.5837096036653,2313.5837096036653
u80d100g10,H8P24,0.5,2.949121593122471,219.33178716221465,13.445937915699117,False,True,12,0.005,1.0,0.0,6108.302922103735,0.0,454.2861167737391,454.2861167737391
u80d100g10,H8P24,0.5,2.949121593122471,219.33178716221465,13.445937915699117,False,True,12,0.005,1.0,1000.0,6108.302922103735,74.37190371319704,528.6580204869362,528.6580204869362
u80d100g10,H8P24,0.5,2.949121593122471,219.33178716221465,13.445937915699117,False,True,12,0.005,1.0,2500.0,6108.302922103735,185.9297592829926,640.2158760567318,640.2158760567318
u80d100g10,H8P24,0.5,2.949121593122471,219.33178716221465,13.445937915699117,False,True,12,0.005,1.0,5000.0,6108.302922103735,371.8595185659852,826.1456353397243,826.1456353397243
u80d100g10,H8P24,0.5,2.949121593122471,219.33178716221465,13.445937915699117,False,True,12,0.005,1.0,10000.0,6108.302922103735,743.7190371319704,1198.0051539057094,1198.0051539057094
u80d100g10,H8P24,0.5,2.949121593122471,219.33178716221465,13.445937915699117,False,True,12,0.005,1.0,25000.0,6108.302922103735,1859.2975928299259,2313.5837096036653,2313.5837096036653
u80d100g10,H8P24,0.5,2.949121593122471,219.33178716221465,13.445937915699117,False,True,12,0.01,0.0,0.0,12468.480683015956,0.0,927.3046448071199,927.3046448071199
u80d100g10,H8P24,0.5,2.949121593122471,219.33178716221465,13.445937915699117,False,True,12,0.01,0.0,1000.0,12468.480683015956,74.37190371319704,1001.6765485203169,1001.6765485203169
u80d100g10,H8P24,0.5,2.949121593122471,219.33178716221465,13.445937915699117,False,True,12,0.01,0.0,2500.0,12468.480683015956,185.9297592829926,1113.2344040901125,1113.2344040901125
u80d100g10,H8P24,0.5,2.949121593122471,219.33178716221465,13.445937915699117,False,True,12,0.01,0.0,5000.0,12468.480683015956,371.8595185659852,1299.164163373105,1299.164163373105
u80d100g10,H8P24,0.5,2.949121593122471,219.33178716221465,13.445937915699117,False,True,12,0.01,0.0,10000.0,12468.480683015956,743.7190371319704,1671.0236819390905,1671.0236819390905
u80d100g10,H8P24,0.5,2.949121593122471,219.33178716221465,13.445937915699117,False,True,12,0.01,0.0,25000.0,12468.480683015956,1859.2975928299259,2786.602237637046,2786.602237637046
u80d100g10,H8P24,0.5,2.949121593122471,219.33178716221465,13.445937915699117,False,True,12,0.01,1.0,0.0,12468.480683015956,0.0,927.3046448071199,927.3046448071199
u80d100g10,H8P24,0.5,2.949121593122471,219.33178716221465,13.445937915699117,False,True,12,0.01,1.0,1000.0,12468.480683015956,74.37190371319704,1001.6765485203169,1001.6765485203169
u80d100g10,H8P24,0.5,2.949121593122471,219.33178716221465,13.445937915699117,False,True,12,0.01,1.0,2500.0,12468.480683015956,185.9297592829926,1113.2344040901125,1113.2344040901125
u80d100g10,H8P24,0.5,2.949121593122471,219.33178716221465,13.445937915699117,False,True,12,0.01,1.0,5000.0,12468.480683015956,371.8595185659852,1299.164163373105,1299.164163373105
u80d100g10,H8P24,0.5,2.949121593122471,219.33178716221465,13.445937915699117,False,True,12,0.01,1.0,10000.0,12468.480683015956,743.7190371319704,1671.0236819390905,1671.0236819390905
u80d100g10,H8P24,0.5,2.949121593122471,219.33178716221465,13.445937915699117,False,True,12,0.01,1.0,25000.0,12468.480683015956,1859.2975928299259,2786.602237637046,2786.602237637046
u80d100g10,H8P24,0.75,4.423682389683707,219.33178716221465,20.16890687354868,True,False,12,0.0,0.0,0.0,-374.49955992831764,0.0,-18.568163474415666,0.0
u80d100g10,H8P24,0.75,4.423682389683707,219.33178716221465,20.16890687354868,True,False,12,0.0,0.0,1000.0,-374.49955992831764,49.581269142131354,31.01310566771568,31.01310566771568
u80d100g10,H8P24,0.75,4.423682389683707,219.33178716221465,20.16890687354868,True,False,12,0.0,0.0,2500.0,-374.49955992831764,123.95317285532838,105.38500938091272,105.38500938091272
u80d100g10,H8P24,0.75,4.423682389683707,219.33178716221465,20.16890687354868,True,False,12,0.0,0.0,5000.0,-374.49955992831764,247.90634571065675,229.3381822362411,229.3381822362411
u80d100g10,H8P24,0.75,4.423682389683707,219.33178716221465,20.16890687354868,True,False,12,0.0,0.0,10000.0,-374.49955992831764,495.8126914213135,477.24452794689785,477.24452794689785
u80d100g10,H8P24,0.75,4.423682389683707,219.33178716221465,20.16890687354868,True,False,12,0.0,0.0,25000.0,-374.49955992831764,1239.5317285532838,1220.9635650788682,1220.9635650788682
u80d100g10,H8P24,0.75,4.423682389683707,219.33178716221465,20.16890687354868,True,False,12,0.0,1.0,0.0,-293.43722352980035,0.0,-14.54898995615079,0.0
u80d100g10,H8P24,0.75,4.423682389683707,219.33178716221465,20.16890687354868,True,False,12,0.0,1.0,1000.0,-293.43722352980035,49.581269142131354,35.03227918598056,35.03227918598056
u80d100g10,H8P24,0.75,4.423682389683707,219.33178716221465,20.16890687354868,True,False,12,0.0,1.0,2500.0,-293.43722352980035,123.95317285532838,109.40418289917757,109.40418289917757
u80d100g10,H8P24,0.75,4.423682389683707,219.33178716221465,20.16890687354868,True,False,12,0.0,1.0,5000.0,-293.43722352980035,247.90634571065675,233.35735575450596,233.35735575450596
u80d100g10,H8P24,0.75,4.423682389683707,219.33178716221465,20.16890687354868,True,False,12,0.0,1.0,10000.0,-293.43722352980035,495.8126914213135,481.26370146516274,481.26370146516274
u80d100g10,H8P24,0.75,4.423682389683707,219.33178716221465,20.16890687354868,True,False,12,0.0,1.0,25000.0,-293.43722352980035,1239.5317285532838,1224.982738597133,1224.982738597133
u80d100g10,H8P24,0.75,4.423682389683707,219.33178716221465,20.16890687354868,True,False,12,0.005,0.0,0.0,9186.584341484708,0.0,455.4825107320428,455.4825107320428
u80d100g10,H8P24,0.75,4.423682389683707,219.33178716221465,20.16890687354868,True,False,12,0.005,0.0,1000.0,9186.584341484708,49.581269142131354,505.06377987417414,505.06377987417414
u80d100g10,H8P24,0.75,4.423682389683707,219.33178716221465,20.16890687354868,True,False,12,0.005,0.0,2500.0,9186.584341484708,123.95317285532838,579.4356835873712,579.4356835873712
u80d100g10,H8P24,0.75,4.423682389683707,219.33178716221465,20.16890687354868,True,False,12,0.005,0.0,5000.0,9186.584341484708,247.90634571065675,703.3888564426995,703.3888564426995
u80d100g10,H8P24,0.75,4.423682389683707,219.33178716221465,20.16890687354868,True,False,12,0.005,0.0,10000.0,9186.584341484708,495.8126914213135,951.2952021533563,951.2952021533563
u80d100g10,H8P24,0.75,4.423682389683707,219.33178716221465,20.16890687354868,True,False,12,0.005,0.0,25000.0,9186.584341484708,1239.5317285532838,1695.0142392853263,1695.0142392853263
u80d100g10,H8P24,0.75,4.423682389683707,219.33178716221465,20.16890687354868,True,False,12,0.005,1.0,0.0,9198.093950975042,0.0,456.0531717779039,456.0531717779039
u80d100g10,H8P24,0.75,4.423682389683707,219.33178716221465,20.16890687354868,True,False,12,0.005,1.0,1000.0,9198.093950975042,49.581269142131354,505.6344409200353,505.6344409200353
u80d100g10,H8P24,0.75,4.423682389683707,219.33178716221465,20.16890687354868,True,False,12,0.005,1.0,2500.0,9198.093950975042,123.95317285532838,580.0063446332323,580.0063446332323
u80d100g10,H8P24,0.75,4.423682389683707,219.33178716221465,20.16890687354868,True,False,12,0.005,1.0,5000.0,9198.093950975042,247.90634571065675,703.9595174885607,703.9595174885607
u80d100g10,H8P24,0.75,4.423682389683707,219.33178716221465,20.16890687354868,True,False,12,0.005,1.0,10000.0,9198.093950975042,495.8126914213135,951.8658631992174,951.8658631992174
u80d100g10,H8P24,0.75,4.423682389683707,219.33178716221465,20.16890687354868,True,False,12,0.005,1.0,25000.0,9198.093950975042,1239.5317285532838,1695.5849003311878,1695.5849003311878
u80d100g10,H8P24,0.75,4.423682389683707,219.33178716221465,20.16890687354868,True,False,12,0.01,0.0,0.0,18748.569617228393,0.0,929.5778762217875,929.5778762217875
u80d100g10,H8P24,0.75,4.423682389683707,219.33178716221465,20.16890687354868,True,False,12,0.01,0.0,1000.0,18748.569617228393,49.581269142131354,979.1591453639189,979.1591453639189
u80d100g10,H8P24,0.75,4.423682389683707,219.33178716221465,20.16890687354868,True,False,12,0.01,0.0,2500.0,18748.569617228393,123.95317285532838,1053.531049077116,1053.531049077116
u80d100g10,H8P24,0.75,4.423682389683707,219.33178716221465,20.16890687354868,True,False,12,0.01,0.0,5000.0,18748.569617228393,247.90634571065675,1177.4842219324444,1177.4842219324444
u80d100g10,H8P24,0.75,4.423682389683707,219.33178716221465,20.16890687354868,True,False,12,0.01,0.0,10000.0,18748.569617228393,495.8126914213135,1425.3905676431011,1425.3905676431011
u80d100g10,H8P24,0.75,4.423682389683707,219.33178716221465,20.16890687354868,True,False,12,0.01,0.0,25000.0,18748.569617228393,1239.5317285532838,2169.109604775071,2169.109604775071
u80d100g10,H8P24,0.75,4.423682389683707,219.33178716221465,20.16890687354868,True,False,12,0.01,1.0,0.0,18748.569617228393,0.0,929.5778762217875,929.5778762217875
u80d100g10,H8P24,0.75,4.423682389683707,219.33178716221465,20.16890687354868,True,False,12,0.01,1.0,1000.0,18748.569617228393,49.581269142131354,979.1591453639189,979.1591453639189
u80d100g10,H8P24,0.75,4.423682389683707,219.33178716221465,20.16890687354868,True,False,12,0.01,1.0,2500.0,18748.569617228393,123.95317285532838,1053.531049077116,1053.531049077116
u80d100g10,H8P24,0.75,4.423682389683707,219.33178716221465,20.16890687354868,True,False,12,0.01,1.0,5000.0,18748.569617228393,247.90634571065675,1177.4842219324444,1177.4842219324444
u80d100g10,H8P24,0.75,4.423682389683707,219.33178716221465,20.16890687354868,True,False,12,0.01,1.0,10000.0,18748.569617228393,495.8126914213135,1425.3905676431011,1425.3905676431011
u80d100g10,H8P24,0.75,4.423682389683707,219.33178716221465,20.16890687354868,True,False,12,0.01,1.0,25000.0,18748.569617228393,1239.5317285532838,2169.109604775071,2169.109604775071
u80d100g10,H8P24,1.0,5.898243186244942,219.33178716221465,26.891875831398234,False,False,12,0.0,0.0,0.0,-507.8582120678292,0.0,-18.885191023932496,0.0
u80d100g10,H8P24,1.0,5.898243186244942,219.33178716221465,26.891875831398234,False,False,12,0.0,0.0,1000.0,-507.8582120678292,37.18595185659852,18.300760832666022,18.300760832666022
u80d100g10,H8P24,1.0,5.898243186244942,219.33178716221465,26.891875831398234,False,False,12,0.0,0.0,2500.0,-507.8582120678292,92.9648796414963,74.07968861756379,74.07968861756379
u80d100g10,H8P24,1.0,5.898243186244942,219.33178716221465,26.891875831398234,False,False,12,0.0,0.0,5000.0,-507.8582120678292,185.9297592829926,167.0445682590601,167.0445682590601
u80d100g10,H8P24,1.0,5.898243186244942,219.33178716221465,26.891875831398234,False,False,12,0.0,0.0,10000.0,-507.8582120678292,371.8595185659852,352.97432754205266,352.97432754205266
u80d100g10,H8P24,1.0,5.898243186244942,219.33178716221465,26.891875831398234,False,False,12,0.0,0.0,25000.0,-507.8582120678292,929.6487964149629,910.7636053910304,910.7636053910304
u80d100g10,H8P24,1.0,5.898243186244942,219.33178716221465,26.891875831398234,False,False,12,0.0,1.0,0.0,2374.1619866357723,0.0,88.28547333480412,88.28547333480412
u80d100g10,H8P24,1.0,5.898243186244942,219.33178716221465,26.891875831398234,False,False,12,0.0,1.0,1000.0,2374.1619866357723,37.18595185659852,125.47142519140264,125.47142519140264
u80d100g10,H8P24,1.0,5.898243186244942,219.33178716221465,26.891875831398234,False,False,12,0.0,1.0,2500.0,2374.1619866357723,92.9648796414963,181.25035297630043,181.25035297630043
u80d100g10,H8P24,1.0,5.898243186244942,219.33178716221465,26.891875831398234,False,False,12,0.0,1.0,5000.0,2374.1619866357723,185.9297592829926,274.21523261779674,274.21523261779674
u80d100g10,H8P24,1.0,5.898243186244942,219.33178716221465,26.891875831398234,False,False,12,0.0,1.0,10000.0,2374.1619866357723,371.8595185659852,460.1449919007893,460.1449919007893
u80d100g10,H8P24,1.0,5.898243186244942,219.33178716221465,26.891875831398234,False,False,12,0.0,1.0,25000.0,2374.1619866357723,929.6487964149629,1017.934269749767,1017.934269749767
u80d100g10,H8P24,1.0,5.898243186244942,219.33178716221465,26.891875831398234,False,False,12,0.005,0.0,0.0,11704.486200748452,0.0,435.2424603672536,435.2424603672536
u80d100g10,H8P24,1.0,5.898243186244942,219.33178716221465,26.891875831398234,False,False,12,0.005,0.0,1000.0,11704.486200748452,37.18595185659852,472.42841222385215,472.42841222385215
u80d100g10,H8P24,1.0,5.898243186244942,219.33178716221465,26.891875831398234,False,False,12,0.005,0.0,2500.0,11704.486200748452,92.9648796414963,528.20734000875,528.20734000875
u80d100g10,H8P24,1.0,5.898243186244942,219.33178716221465,26.891875831398234,False,False,12,0.005,0.0,5000.0,11704.486200748452,185.9297592829926,621.1722196502462,621.1722196502462
u80d100g10,H8P24,1.0,5.898243186244942,219.33178716221465,26.891875831398234,False,False,12,0.005,0.0,10000.0,11704.486200748452,371.8595185659852,807.1019789332388,807.1019789332388
u80d100g10,H8P24,1.0,5.898243186244942,219.33178716221465,26.891875831398234,False,False,12,0.005,0.0,25000.0,11704.486200748452,929.6487964149629,1364.8912567822165,1364.8912567822165
u80d100g10,H8P24,1.0,5.898243186244942,219.33178716221465,26.891875831398234,False,False,12,0.005,1.0,0.0,14409.971604591832,0.0,535.8485103433036,535.8485103433036
u80d100g10,H8P24,1.0,5.898243186244942,219.33178716221465,26.891875831398234,False,False,12,0.005,1.0,1000.0,14409.971604591832,37.18595185659852,573.0344621999021,573.0344621999021
u80d100g10,H8P24,1.0,5.898243186244942,219.33178716221465,26.891875831398234,False,False,12,0.005,1.0,2500.0,14409.971604591832,92.9648796414963,628.8133899847999,628.8133899847999
u80d100g10,H8P24,1.0,5.898243186244942,219.33178716221465,26.891875831398234,False,False,12,0.005,1.0,5000.0,14409.971604591832,185.9297592829926,721.7782696262962,721.7782696262962
u80d100g10,H8P24,1.0,5.898243186244942,219.33178716221465,26.891875831398234,False,False,12,0.005,1.0,10000.0,14409.971604591832,371.8595185659852,907.7080289092887,907.7080289092887
u80d100g10,H8P24,1.0,5.898243186244942,219.33178716221465,26.891875831398234,False,False,12,0.005,1.0,25000.0,14409.971604591832,929.6487964149629,1465.4973067582666,1465.4973067582666
u80d100g10,H8P24,1.0,5.898243186244942,219.33178716221465,26.891875831398234,False,False,12,0.01,0.0,0.0,23986.65415599526,0.0,891.9665666457186,891.9665666457186
u80d100g10,H8P24,1.0,5.898243186244942,219.33178716221465,26.891875831398234,False,False,12,0.01,0.0,1000.0,23986.65415599526,37.18595185659852,929.152518502317,929.152518502317
u80d100g10,H8P24,1.0,5.898243186244942,219.33178716221465,26.891875831398234,False,False,12,0.01,0.0,2500.0,23986.65415599526,92.9648796414963,984.9314462872148,984.9314462872148
u80d100g10,H8P24,1.0,5.898243186244942,219.33178716221465,26.891875831398234,False,False,12,0.01,0.0,5000.0,23986.65415599526,185.9297592829926,1077.8963259287111,1077.8963259287111
u80d100g10,H8P24,1.0,5.898243186244942,219.33178716221465,26.891875831398234,False,False,12,0.01,0.0,10000.0,23986.65415599526,371.8595185659852,1263.8260852117037,1263.8260852117037
u80d100g10,H8P24,1.0,5.898243186244942,219.33178716221465,26.891875831398234,False,False,12,0.01,0.0,25000.0,23986.65415599526,929.6487964149629,1821.6153630606814,1821.6153630606814
u80d100g10,H8P24,1.0,5.898243186244942,219.33178716221465,26.891875831398234,False,False,12,0.01,1.0,0.0,26618.38214565901,0.0,989.8298769690175,989.8298769690175
u80d100g10,H8P24,1.0,5.898243186244942,219.33178716221465,26.891875831398234,False,False,12,0.01,1.0,1000.0,26618.38214565901,37.18595185659852,1027.015828825616,1027.015828825616
u80d100g10,H8P24,1.0,5.898243186244942,219.33178716221465,26.891875831398234,False,False,12,0.01,1.0,2500.0,26618.38214565901,92.9648796414963,1082.7947566105138,1082.7947566105138
u80d100g10,H8P24,1.0,5.898243186244942,219.33178716221465,26.891875831398234,False,False,12,0.01,1.0,5000.0,26618.38214565901,185.9297592829926,1175.75963625201,1175.75963625201
u80d100g10,H8P24,1.0,5.898243186244942,219.33178716221465,26.891875831398234,False,False,12,0.01,1.0,10000.0,26618.38214565901,371.8595185659852,1361.6893955350026,1361.6893955350026
u80d100g10,H8P24,1.0,5.898243186244942,219.33178716221465,26.891875831398234,False,False,12,0.01,1.0,25000.0,26618.38214565901,929.6487964149629,1919.4786733839803,1919.4786733839803
u80d50g10,H8P16,0.25,1.4745607965612355,219.33178716221465,6.722968957849559,True,True,12,0.0,0.0,0.0,-126.6303187520045,0.0,-18.835475746791055,0.0
u80d50g10,H8P16,0.25,1.4745607965612355,219.33178716221465,6.722968957849559,True,True,12,0.0,0.0,1000.0,-126.6303187520045,148.74380742639408,129.908331679603,129.908331679603
u80d50g10,H8P16,0.25,1.4745607965612355,219.33178716221465,6.722968957849559,True,True,12,0.0,0.0,2500.0,-126.6303187520045,371.8595185659852,353.02404281919416,353.02404281919416
u80d50g10,H8P16,0.25,1.4745607965612355,219.33178716221465,6.722968957849559,True,True,12,0.0,0.0,5000.0,-126.6303187520045,743.7190371319704,724.8835613851793,724.8835613851793
u80d50g10,H8P16,0.25,1.4745607965612355,219.33178716221465,6.722968957849559,True,True,12,0.0,0.0,10000.0,-126.6303187520045,1487.4380742639407,1468.6025985171498,1468.6025985171498
u80d50g10,H8P16,0.25,1.4745607965612355,219.33178716221465,6.722968957849559,True,True,12,0.0,0.0,25000.0,-126.6303187520045,3718.5951856598517,3699.7597099130608,3699.7597099130608
u80d50g10,H8P16,0.25,1.4745607965612355,219.33178716221465,6.722968957849559,True,True,12,0.0,1.0,0.0,-126.63031875200443,0.0,-18.835475746791044,0.0
u80d50g10,H8P16,0.25,1.4745607965612355,219.33178716221465,6.722968957849559,True,True,12,0.0,1.0,1000.0,-126.63031875200443,148.74380742639408,129.90833167960304,129.90833167960304
u80d50g10,H8P16,0.25,1.4745607965612355,219.33178716221465,6.722968957849559,True,True,12,0.0,1.0,2500.0,-126.63031875200443,371.8595185659852,353.02404281919416,353.02404281919416
u80d50g10,H8P16,0.25,1.4745607965612355,219.33178716221465,6.722968957849559,True,True,12,0.0,1.0,5000.0,-126.63031875200443,743.7190371319704,724.8835613851793,724.8835613851793
u80d50g10,H8P16,0.25,1.4745607965612355,219.33178716221465,6.722968957849559,True,True,12,0.0,1.0,10000.0,-126.63031875200443,1487.4380742639407,1468.6025985171498,1468.6025985171498
u80d50g10,H8P16,0.25,1.4745607965612355,219.33178716221465,6.722968957849559,True,True,12,0.0,1.0,25000.0,-126.63031875200443,3718.5951856598517,3699.7597099130608,3699.7597099130608
u80d50g10,H8P16,0.25,1.4745607965612355,219.33178716221465,6.722968957849559,True,True,12,0.005,0.0,0.0,2449.714038629507,0.0,364.37979321164147,364.37979321164147
u80d50g10,H8P16,0.25,1.4745607965612355,219.33178716221465,6.722968957849559,True,True,12,0.005,0.0,1000.0,2449.714038629507,148.74380742639408,513.1236006380356,513.1236006380356
u80d50g10,H8P16,0.25,1.4745607965612355,219.33178716221465,6.722968957849559,True,True,12,0.005,0.0,2500.0,2449.714038629507,371.8595185659852,736.2393117776267,736.2393117776267
u80d50g10,H8P16,0.25,1.4745607965612355,219.33178716221465,6.722968957849559,True,True,12,0.005,0.0,5000.0,2449.714038629507,743.7190371319704,1108.0988303436118,1108.0988303436118
u80d50g10,H8P16,0.25,1.4745607965612355,219.33178716221465,6.722968957849559,True,True,12,0.005,0.0,10000.0,2449.714038629507,1487.4380742639407,1851.8178674755823,1851.8178674755823
u80d50g10,H8P16,0.25,1.4745607965612355,219.33178716221465,6.722968957849559,True,True,12,0.005,0.0,25000.0,2449.714038629507,3718.5951856598517,4082.9749788714935,4082.9749788714935
u80d50g10,H8P16,0.25,1.4745607965612355,219.33178716221465,6.722968957849559,True,True,12,0.005,1.0,0.0,2449.7140386295073,0.0,364.3797932116415,364.3797932116415
u80d50g10,H8P16,0.25,1.4745607965612355,219.33178716221465,6.722968957849559,True,True,12,0.005,1.0,1000.0,2449.7140386295073,148.74380742639408,513.1236006380356,513.1236006380356
u80d50g10,H8P16,0.25,1.4745607965612355,219.33178716221465,6.722968957849559,True,True,12,0.005,1.0,2500.0,2449.7140386295073,371.8595185659852,736.2393117776267,736.2393117776267
u80d50g10,H8P16,0.25,1.4745607965612355,219.33178716221465,6.722968957849559,True,True,12,0.005,1.0,5000.0,2449.7140386295073,743.7190371319704,1108.0988303436118,1108.0988303436118
u80d50g10,H8P16,0.25,1.4745607965612355,219.33178716221465,6.722968957849559,True,True,12,0.005,1.0,10000.0,2449.7140386295073,1487.4380742639407,1851.8178674755823,1851.8178674755823
u80d50g10,H8P16,0.25,1.4745607965612355,219.33178716221465,6.722968957849559,True,True,12,0.005,1.0,25000.0,2449.7140386295073,3718.5951856598517,4082.9749788714935,4082.9749788714935
u80d50g10,H8P16,0.25,1.4745607965612355,219.33178716221465,6.722968957849559,True,True,12,0.01,0.0,0.0,5027.541920761257,0.0,747.8157272898358,747.8157272898358
u80d50g10,H8P16,0.25,1.4745607965612355,219.33178716221465,6.722968957849559,True,True,12,0.01,0.0,1000.0,5027.541920761257,148.74380742639408,896.5595347162298,896.5595347162298
u80d50g10,H8P16,0.25,1.4745607965612355,219.33178716221465,6.722968957849559,True,True,12,0.01,0.0,2500.0,5027.541920761257,371.8595185659852,1119.675245855821,1119.675245855821
u80d50g10,H8P16,0.25,1.4745607965612355,219.33178716221465,6.722968957849559,True,True,12,0.01,0.0,5000.0,5027.541920761257,743.7190371319704,1491.5347644218064,1491.5347644218064
u80d50g10,H8P16,0.25,1.4745607965612355,219.33178716221465,6.722968957849559,True,True,12,0.01,0.0,10000.0,5027.541920761257,1487.4380742639407,2235.2538015537766,2235.2538015537766
u80d50g10,H8P16,0.25,1.4745607965612355,219.33178716221465,6.722968957849559,True,True,12,0.01,0.0,25000.0,5027.541920761257,3718.5951856598517,4466.410912949687,4466.410912949687
u80d50g10,H8P16,0.25,1.4745607965612355,219.33178716221465,6.722968957849559,True,True,12,0.01,1.0,0.0,5027.541920761257,0.0,747.8157272898358,747.8157272898358
u80d50g10,H8P16,0.25,1.4745607965612355,219.33178716221465,6.722968957849559,True,True,12,0.01,1.0,1000.0,5027.541920761257,148.74380742639408,896.5595347162298,896.5595347162298
u80d50g10,H8P16,0.25,1.4745607965612355,219.33178716221465,6.722968957849559,True,True,12,0.01,1.0,2500.0,5027.541920761257,371.8595185659852,1119.675245855821,1119.675245855821
u80d50g10,H8P16,0.25,1.4745607965612355,219.33178716221465,6.722968957849559,True,True,12,0.01,1.0,5000.0,5027.541920761257,743.7190371319704,1491.5347644218064,1491.5347644218064
u80d50g10,H8P16,0.25,1.4745607965612355,219.33178716221465,6.722968957849559,True,True,12,0.01,1.0,10000.0,5027.541920761257,1487.4380742639407,2235.2538015537766,2235.2538015537766
u80d50g10,H8P16,0.25,1.4745607965612355,219.33178716221465,6.722968957849559,True,True,12,0.01,1.0,25000.0,5027.541920761257,3718.5951856598517,4466.410912949687,4466.410912949687
u80d50g10,H8P16,1.0,5.898243186244942,219.33178716221465,26.891875831398234,False,False,12,0.0,0.0,0.0,-1051.4580640129439,0.0,-39.099468947617616,0.0
u80d50g10,H8P16,1.0,5.898243186244942,219.33178716221465,26.891875831398234,False,False,12,0.0,0.0,1000.0,-1051.4580640129439,37.18595185659852,-1.9135170910190948,0.0
u80d50g10,H8P16,1.0,5.898243186244942,219.33178716221465,26.891875831398234,False,False,12,0.0,0.0,2500.0,-1051.4580640129439,92.9648796414963,53.86541069387868,53.86541069387868
u80d50g10,H8P16,1.0,5.898243186244942,219.33178716221465,26.891875831398234,False,False,12,0.0,0.0,5000.0,-1051.4580640129439,185.9297592829926,146.83029033537497,146.83029033537497
u80d50g10,H8P16,1.0,5.898243186244942,219.33178716221465,26.891875831398234,False,False,12,0.0,0.0,10000.0,-1051.4580640129439,371.8595185659852,332.76004961836753,332.76004961836753
u80d50g10,H8P16,1.0,5.898243186244942,219.33178716221465,26.891875831398234,False,False,12,0.0,0.0,25000.0,-1051.4580640129439,929.6487964149629,890.5493274673454,890.5493274673454
u80d50g10,H8P16,1.0,5.898243186244942,219.33178716221465,26.891875831398234,False,False,12,0.0,1.0,0.0,17242.93097908375,0.0,641.1948012548595,641.1948012548595
u80d50g10,H8P16,1.0,5.898243186244942,219.33178716221465,26.891875831398234,False,False,12,0.0,1.0,1000.0,17242.93097908375,37.18595185659852,678.380753111458,678.380753111458
u80d50g10,H8P16,1.0,5.898243186244942,219.33178716221465,26.891875831398234,False,False,12,0.0,1.0,2500.0,17242.93097908375,92.9648796414963,734.1596808963558,734.1596808963558
u80d50g10,H8P16,1.0,5.898243186244942,219.33178716221465,26.891875831398234,False,False,12,0.0,1.0,5000.0,17242.93097908375,185.9297592829926,827.1245605378521,827.1245605378521
u80d50g10,H8P16,1.0,5.898243186244942,219.33178716221465,26.891875831398234,False,False,12,0.0,1.0,10000.0,17242.93097908375,371.8595185659852,1013.0543198208447,1013.0543198208447
u80d50g10,H8P16,1.0,5.898243186244942,219.33178716221465,26.891875831398234,False,False,12,0.0,1.0,25000.0,17242.93097908375,929.6487964149629,1570.8435976698224,1570.8435976698224
u80d50g10,H8P16,1.0,5.898243186244942,219.33178716221465,26.891875831398234,False,False,12,0.005,0.0,0.0,4499.280010885571,0.0,167.31000987414689,167.31000987414689
u80d50g10,H8P16,1.0,5.898243186244942,219.33178716221465,26.891875831398234,False,False,12,0.005,0.0,1000.0,4499.280010885571,37.18595185659852,204.49596173074542,204.49596173074542
u80d50g10,H8P16,1.0,5.898243186244942,219.33178716221465,26.891875831398234,False,False,12,0.005,0.0,2500.0,4499.280010885571,92.9648796414963,260.27488951564317,260.27488951564317
u80d50g10,H8P16,1.0,5.898243186244942,219.33178716221465,26.891875831398234,False,False,12,0.005,0.0,5000.0,4499.280010885571,185.9297592829926,353.23976915713945,353.23976915713945
u80d50g10,H8P16,1.0,5.898243186244942,219.33178716221465,26.891875831398234,False,False,12,0.005,0.0,10000.0,4499.280010885571,371.8595185659852,539.169528440132,539.169528440132
u80d50g10,H8P16,1.0,5.898243186244942,219.33178716221465,26.891875831398234,False,False,12,0.005,0.0,25000.0,4499.280010885571,929.6487964149629,1096.9588062891098,1096.9588062891098
u80d50g10,H8P16,1.0,5.898243186244942,219.33178716221465,26.891875831398234,False,False,12,0.005,1.0,0.0,22731.837836867086,0.0,845.305027413744,845.305027413744
u80d50g10,H8P16,1.0,5.898243186244942,219.33178716221465,26.891875831398234,False,False,12,0.005,1.0,1000.0,22731.837836867086,37.18595185659852,882.4909792703426,882.4909792703426
u80d50g10,H8P16,1.0,5.898243186244942,219.33178716221465,26.891875831398234,False,False,12,0.005,1.0,2500.0,22731.837836867086,92.9648796414963,938.2699070552403,938.2699070552403
u80d50g10,H8P16,1.0,5.898243186244942,219.33178716221465,26.891875831398234,False,False,12,0.005,1.0,5000.0,22731.837836867086,185.9297592829926,1031.2347866967366,1031.2347866967366
u80d50g10,H8P16,1.0,5.898243186244942,219.33178716221465,26.891875831398234,False,False,12,0.005,1.0,10000.0,22731.837836867086,371.8595185659852,1217.1645459797292,1217.1645459797292
u80d50g10,H8P16,1.0,5.898243186244942,219.33178716221465,26.891875831398234,False,False,12,0.005,1.0,25000.0,22731.837836867086,929.6487964149629,1774.9538238287068,1774.9538238287068
u80d50g10,H8P16,1.0,5.898243186244942,219.33178716221465,26.891875831398234,False,False,12,0.01,0.0,0.0,10094.837155160896,0.0,375.38612845201504,375.38612845201504
u80d50g10,H8P16,1.0,5.898243186244942,219.33178716221465,26.891875831398234,False,False,12,0.01,0.0,1000.0,10094.837155160896,37.18595185659852,412.5720803086135,412.5720803086135
u80d50g10,H8P16,1.0,5.898243186244942,219.33178716221465,26.891875831398234,False,False,12,0.01,0.0,2500.0,10094.837155160896,92.9648796414963,468.3510080935113,468.3510080935113
u80d50g10,H8P16,1.0,5.898243186244942,219.33178716221465,26.891875831398234,False,False,12,0.01,0.0,5000.0,10094.837155160896,185.9297592829926,561.3158877350077,561.3158877350077
u80d50g10,H8P16,1.0,5.898243186244942,219.33178716221465,26.891875831398234,False,False,12,0.01,0.0,10000.0,10094.837155160896,371.8595185659852,747.2456470180001,747.2456470180001
u80d50g10,H8P16,1.0,5.898243186244942,219.33178716221465,26.891875831398234,False,False,12,0.01,0.0,25000.0,10094.837155160896,929.6487964149629,1305.034924866978,1305.034924866978
u80d50g10,H8P16,1.0,5.898243186244942,219.33178716221465,26.891875831398234,False,False,12,0.01,1.0,0.0,28229.257739103,0.0,1049.7318192337952,1049.7318192337952
u80d50g10,H8P16,1.0,5.898243186244942,219.33178716221465,26.891875831398234,False,False,12,0.01,1.0,1000.0,28229.257739103,37.18595185659852,1086.9177710903937,1086.9177710903937
u80d50g10,H8P16,1.0,5.898243186244942,219.33178716221465,26.891875831398234,False,False,12,0.01,1.0,2500.0,28229.257739103,92.9648796414963,1142.6966988752915,1142.6966988752915
u80d50g10,H8P16,1.0,5.898243186244942,219.33178716221465,26.891875831398234,False,False,12,0.01,1.0,5000.0,28229.257739103,185.9297592829926,1235.6615785167878,1235.6615785167878
u80d50g10,H8P16,1.0,5.898243186244942,219.33178716221465,26.891875831398234,False,False,12,0.01,1.0,10000.0,28229.257739103,371.8595185659852,1421.5913377997804,1421.5913377997804
u80d50g10,H8P16,1.0,5.898243186244942,219.33178716221465,26.891875831398234,False,False,12,0.01,1.0,25000.0,28229.257739103,929.6487964149629,1979.3806156487583,1979.3806156487583
u80d50g10,H8P24,0.25,1.4745607965612355,219.33178716221465,6.722968957849559,True,False,12,0.0,0.0,0.0,-126.77196354801069,0.0,-18.85654453305115,0.0
u80d50g10,H8P24,0.25,1.4745607965612355,219.33178716221465,6.722968957849559,True,False,12,0.0,0.0,1000.0,-126.77196354801069,148.74380742639408,129.88726289334292,129.88726289334292
u80d50g10,H8P24,0.25,1.4745607965612355,219.33178716221465,6.722968957849559,True,False,12,0.0,0.0,2500.0,-126.77196354801069,371.8595185659852,353.00297403293405,353.00297403293405
u80d50g10,H8P24,0.25,1.4745607965612355,219.33178716221465,6.722968957849559,True,False,12,0.0,0.0,5000.0,-126.77196354801069,743.7190371319704,724.8624925989192,724.8624925989192
u80d50g10,H8P24,0.25,1.4745607965612355,219.33178716221465,6.722968957849559,True,False,12,0.0,0.0,10000.0,-126.77196354801069,1487.4380742639407,1468.5815297308898,1468.5815297308898
u80d50g10,H8P24,0.25,1.4745607965612355,219.33178716221465,6.722968957849559,True,False,12,0.0,0.0,25000.0,-126.77196354801069,3718.5951856598517,3699.7386411268008,3699.7386411268008
u80d50g10,H8P24,0.25,1.4745607965612355,219.33178716221465,6.722968957849559,True,False,12,0.0,1.0,0.0,-125.81513865270644,0.0,-18.714222755083235,0.0
u80d50g10,H8P24,0.25,1.4745607965612355,219.33178716221465,6.722968957849559,True,False,12,0.0,1.0,1000.0,-125.81513865270644,148.74380742639408,130.02958467131083,130.02958467131083
u80d50g10,H8P24,0.25,1.4745607965612355,219.33178716221465,6.722968957849559,True,False,12,0.0,1.0,2500.0,-125.81513865270644,371.8595185659852,353.1452958109019,353.1452958109019
u80d50g10,H8P24,0.25,1.4745607965612355,219.33178716221465,6.722968957849559,True,False,12,0.0,1.0,5000.0,-125.81513865270644,743.7190371319704,725.0048143768872,725.0048143768872
u80d50g10,H8P24,0.25,1.4745607965612355,219.33178716221465,6.722968957849559,True,False,12,0.0,1.0,10000.0,-125.81513865270644,1487.4380742639407,1468.7238515088575,1468.7238515088575
u80d50g10,H8P24,0.25,1.4745607965612355,219.33178716221465,6.722968957849559,True,False,12,0.0,1.0,25000.0,-125.81513865270644,3718.5951856598517,3699.8809629047687,3699.8809629047687
u80d50g10,H8P24,0.25,1.4745607965612355,219.33178716221465,6.722968957849559,True,False,12,0.005,0.0,0.0,3179.343723663999,0.0,472.9076905749925,472.9076905749925
u80d50g10,H8P24,0.25,1.4745607965612355,219.33178716221465,6.722968957849559,True,False,12,0.005,0.0,1000.0,3179.343723663999,148.74380742639408,621.6514980013865,621.6514980013865
u80d50g10,H8P24,0.25,1.4745607965612355,219.33178716221465,6.722968957849559,True,False,12,0.005,0.0,2500.0,3179.343723663999,371.8595185659852,844.7672091409776,844.7672091409776
u80d50g10,H8P24,0.25,1.4745607965612355,219.33178716221465,6.722968957849559,True,False,12,0.005,0.0,5000.0,3179.343723663999,743.7190371319704,1216.6267277069628,1216.6267277069628
u80d50g10,H8P24,0.25,1.4745607965612355,219.33178716221465,6.722968957849559,True,False,12,0.005,0.0,10000.0,3179.343723663999,1487.4380742639407,1960.345764838933,1960.345764838933
u80d50g10,H8P24,0.25,1.4745607965612355,219.33178716221465,6.722968957849559,True,False,12,0.005,0.0,25000.0,3179.343723663999,3718.5951856598517,4191.502876234844,4191.502876234844
u80d50g10,H8P24,0.25,1.4745607965612355,219.33178716221465,6.722968957849559,True,False,12,0.005,1.0,0.0,3180.2829881709945,0.0,473.0474003539435,473.0474003539435
u80d50g10,H8P24,0.25,1.4745607965612355,219.33178716221465,6.722968957849559,True,False,12,0.005,1.0,1000.0,3180.2829881709945,148.74380742639408,621.7912077803377,621.7912077803377
u80d50g10,H8P24,0.25,1.4745607965612355,219.33178716221465,6.722968957849559,True,False,12,0.005,1.0,2500.0,3180.2829881709945,371.8595185659852,844.9069189199288,844.9069189199288
u80d50g10,H8P24,0.25,1.4745607965612355,219.33178716221465,6.722968957849559,True,False,12,0.005,1.0,5000.0,3180.2829881709945,743.7190371319704,1216.766437485914,1216.766437485914
u80d50g10,H8P24,0.25,1.4745607965612355,219.33178716221465,6.722968957849559,True,False,12,0.005,1.0,10000.0,3180.2829881709945,1487.4380742639407,1960.4854746178844,1960.4854746178844
u80d50g10,H8P24,0.25,1.4745607965612355,219.33178716221465,6.722968957849559,True,False,12,0.005,1.0,25000.0,3180.2829881709945,3718.5951856598517,4191.642586013795,4191.642586013795
u80d50g10,H8P24,0.25,1.4745607965612355,219.33178716221465,6.722968957849559,True,False,12,0.01,0.0,0.0,6485.8266924309555,0.0,964.7265565399165,964.7265565399165
u80d50g10,H8P24,0.25,1.4745607965612355,219.33178716221465,6.722968957849559,True,False,12,0.01,0.0,1000.0,6485.8266924309555,148.74380742639408,1113.4703639663105,1113.4703639663105
u80d50g10,H8P24,0.25,1.4745607965612355,219.33178716221465,6.722968957849559,True,False,12,0.01,0.0,2500.0,6485.8266924309555,371.8595185659852,1336.5860751059017,1336.5860751059017
u80d50g10,H8P24,0.25,1.4745607965612355,219.33178716221465,6.722968957849559,True,False,12,0.01,0.0,5000.0,6485.8266924309555,743.7190371319704,1708.4455936718869,1708.4455936718869
u80d50g10,H8P24,0.25,1.4745607965612355,219.33178716221465,6.722968957849559,True,False,12,0.01,0.0,10000.0,6485.8266924309555,1487.4380742639407,2452.1646308038576,2452.1646308038576
u80d50g10,H8P24,0.25,1.4745607965612355,219.33178716221465,6.722968957849559,True,False,12,0.01,0.0,25000.0,6485.8266924309555,3718.5951856598517,4683.321742199769,4683.321742199769
u80d50g10,H8P24,0.25,1.4745607965612355,219.33178716221465,6.722968957849559,True,False,12,0.01,1.0,0.0,6488.255012500073,0.0,965.0877541126468,965.0877541126468
u80d50g10,H8P24,0.25,1.4745607965612355,219.33178716221465,6.722968957849559,True,False,12,0.01,1.0,1000.0,6488.255012500073,148.74380742639408,1113.8315615390409,1113.8315615390409
u80d50g10,H8P24,0.25,1.4745607965612355,219.33178716221465,6.722968957849559,True,False,12,0.01,1.0,2500.0,6488.255012500073,371.8595185659852,1336.947272678632,1336.947272678632
u80d50g10,H8P24,0.25,1.4745607965612355,219.33178716221465,6.722968957849559,True,False,12,0.01,1.0,5000.0,6488.255012500073,743.7190371319704,1708.8067912446172,1708.8067912446172
u80d50g10,H8P24,0.25,1.4745607965612355,219.33178716221465,6.722968957849559,True,False,12,0.01,1.0,10000.0,6488.255012500073,1487.4380742639407,2452.5258283765875,2452.5258283765875
u80d50g10,H8P24,0.25,1.4745607965612355,219.33178716221465,6.722968957849559,True,False,12,0.01,1.0,25000.0,6488.255012500073,3718.5951856598517,4683.682939772499,4683.682939772499
u80d50g10,H8P24,1.0,5.898243186244942,219.33178716221465,26.891875831398234,False,False,12,0.0,0.0,0.0,-924.2109902427812,0.0,-34.367665388507305,0.0
u80d50g10,H8P24,1.0,5.898243186244942,219.33178716221465,26.891875831398234,False,False,12,0.0,0.0,1000.0,-924.2109902427812,37.18595185659852,2.8182864680912125,2.8182864680912125
u80d50g10,H8P24,1.0,5.898243186244942,219.33178716221465,26.891875831398234,False,False,12,0.0,0.0,2500.0,-924.2109902427812,92.9648796414963,58.59721425298899,58.59721425298899
u80d50g10,H8P24,1.0,5.898243186244942,219.33178716221465,26.891875831398234,False,False,12,0.0,0.0,5000.0,-924.2109902427812,185.9297592829926,151.5620938944853,151.5620938944853
u80d50g10,H8P24,1.0,5.898243186244942,219.33178716221465,26.891875831398234,False,False,12,0.0,0.0,10000.0,-924.2109902427812,371.8595185659852,337.4918531774779,337.4918531774779
u80d50g10,H8P24,1.0,5.898243186244942,219.33178716221465,26.891875831398234,False,False,12,0.0,0.0,25000.0,-924.2109902427812,929.6487964149629,895.2811310264557,895.2811310264557
u80d50g10,H8P24,1.0,5.898243186244942,219.33178716221465,26.891875831398234,False,False,12,0.0,1.0,0.0,18303.678974789233,0.0,680.639725155147,680.639725155147
u80d50g10,H8P24,1.0,5.898243186244942,219.33178716221465,26.891875831398234,False,False,12,0.0,1.0,1000.0,18303.678974789233,37.18595185659852,717.8256770117455,717.8256770117455
u80d50g10,H8P24,1.0,5.898243186244942,219.33178716221465,26.891875831398234,False,False,12,0.0,1.0,2500.0,18303.678974789233,92.9648796414963,773.6046047966432,773.6046047966432
u80d50g10,H8P24,1.0,5.898243186244942,219.33178716221465,26.891875831398234,False,False,12,0.0,1.0,5000.0,18303.678974789233,185.9297592829926,866.5694844381395,866.5694844381395
u80d50g10,H8P24,1.0,5.898243186244942,219.33178716221465,26.891875831398234,False,False,12,0.0,1.0,10000.0,18303.678974789233,371.8595185659852,1052.4992437211322,1052.4992437211322
u80d50g10,H8P24,1.0,5.898243186244942,219.33178716221465,26.891875831398234,False,False,12,0.0,1.0,25000.0,18303.678974789233,929.6487964149629,1610.2885215701099,1610.2885215701099
u80d50g10,H8P24,1.0,5.898243186244942,219.33178716221465,26.891875831398234,False,False,12,0.005,0.0,0.0,5873.331002794834,0.0,218.40540390779617,218.40540390779617
u80d50g10,H8P24,1.0,5.898243186244942,219.33178716221465,26.891875831398234,False,False,12,0.005,0.0,1000.0,5873.331002794834,37.18595185659852,255.5913557643947,255.5913557643947
u80d50g10,H8P24,1.0,5.898243186244942,219.33178716221465,26.891875831398234,False,False,12,0.005,0.0,2500.0,5873.331002794834,92.9648796414963,311.3702835492925,311.3702835492925
u80d50g10,H8P24,1.0,5.898243186244942,219.33178716221465,26.891875831398234,False,False,12,0.005,0.0,5000.0,5873.331002794834,185.9297592829926,404.33516319078876,404.33516319078876
u80d50g10,H8P24,1.0,5.898243186244942,219.33178716221465,26.891875831398234,False,False,12,0.005,0.0,10000.0,5873.331002794834,371.8595185659852,590.2649224737813,590.2649224737813
u80d50g10,H8P24,1.0,5.898243186244942,219.33178716221465,26.891875831398234,False,False,12,0.005,0.0,25000.0,5873.331002794834,929.6487964149629,1148.054200322759,1148.054200322759
u80d50g10,H8P24,1.0,5.898243186244942,219.33178716221465,26.891875831398234,False,False,12,0.005,1.0,0.0,25209.63497427513,0.0,937.4442724758172,937.4442724758172
u80d50g10,H8P24,1.0,5.898243186244942,219.33178716221465,26.891875831398234,False,False,12,0.005,1.0,1000.0,25209.63497427513,37.18595185659852,974.6302243324158,974.6302243324158
u80d50g10,H8P24,1.0,5.898243186244942,219.33178716221465,26.891875831398234,False,False,12,0.005,1.0,2500.0,25209.63497427513,92.9648796414963,1030.4091521173134,1030.4091521173134
u80d50g10,H8P24,1.0,5.898243186244942,219.33178716221465,26.891875831398234,False,False,12,0.005,1.0,5000.0,25209.63497427513,185.9297592829926,1123.37403175881,1123.37403175881
u80d50g10,H8P24,1.0,5.898243186244942,219.33178716221465,26.891875831398234,False,False,12,0.005,1.0,10000.0,25209.63497427513,371.8595185659852,1309.3037910418025,1309.3037910418025
u80d50g10,H8P24,1.0,5.898243186244942,219.33178716221465,26.891875831398234,False,False,12,0.005,1.0,25000.0,25209.63497427513,929.6487964149629,1867.0930688907804,1867.0930688907804
u80d50g10,H8P24,1.0,5.898243186244942,219.33178716221465,26.891875831398234,False,False,12,0.01,0.0,0.0,12856.201600789149,0.0,478.0700937856701,478.0700937856701
u80d50g10,H8P24,1.0,5.898243186244942,219.33178716221465,26.891875831398234,False,False,12,0.01,0.0,1000.0,12856.201600789149,37.18595185659852,515.2560456422686,515.2560456422686
u80d50g10,H8P24,1.0,5.898243186244942,219.33178716221465,26.891875831398234,False,False,12,0.01,0.0,2500.0,12856.201600789149,92.9648796414963,571.0349734271664,571.0349734271664
u80d50g10,H8P24,1.0,5.898243186244942,219.33178716221465,26.891875831398234,False,False,12,0.01,0.0,5000.0,12856.201600789149,185.9297592829926,663.9998530686628,663.9998530686628
u80d50g10,H8P24,1.0,5.898243186244942,219.33178716221465,26.891875831398234,False,False,12,0.01,0.0,10000.0,12856.201600789149,371.8595185659852,849.9296123516554,849.9296123516554
u80d50g10,H8P24,1.0,5.898243186244942,219.33178716221465,26.891875831398234,False,False,12,0.01,0.0,25000.0,12856.201600789149,929.6487964149629,1407.718890200633,1407.718890200633
u80d50g10,H8P24,1.0,5.898243186244942,219.33178716221465,26.891875831398234,False,False,12,0.01,1.0,0.0,32130.53267389441,0.0,1194.8044411383032,1194.8044411383032
u80d50g10,H8P24,1.0,5.898243186244942,219.33178716221465,26.891875831398234,False,False,12,0.01,1.0,1000.0,32130.53267389441,37.18595185659852,1231.9903929949019,1231.9903929949019
u80d50g10,H8P24,1.0,5.898243186244942,219.33178716221465,26.891875831398234,False,False,12,0.01,1.0,2500.0,32130.53267389441,92.9648796414963,1287.7693207797995,1287.7693207797995
u80d50g10,H8P24,1.0,5.898243186244942,219.33178716221465,26.891875831398234,False,False,12,0.01,1.0,5000.0,32130.53267389441,185.9297592829926,1380.734200421296,1380.734200421296
u80d50g10,H8P24,1.0,5.898243186244942,219.33178716221465,26.891875831398234,False,False,12,0.01,1.0,10000.0,32130.53267389441,371.8595185659852,1566.6639597042886,1566.6639597042886
u80d50g10,H8P24,1.0,5.898243186244942,219.33178716221465,26.891875831398234,False,False,12,0.01,1.0,25000.0,32130.53267389441,929.6487964149629,2124.4532375532663,2124.4532375532663
u80d50g20,H8P16,0.25,1.4745607965612355,238.75553055942535,6.176027810146256,True,True,12,0.0,0.0,0.0,-109.2503189650672,0.0,-17.6894149967372,0.0
u80d50g20,H8P16,0.25,1.4745607965612355,238.75553055942535,6.176027810146256,True,True,12,0.0,0.0,1000.0,-109.2503189650672,161.91636934619288,144.22695434945567,144.22695434945567
u80d50g20,H8P16,0.25,1.4745607965612355,238.75553055942535,6.176027810146256,True,True,12,0.0,0.0,2500.0,-109.2503189650672,404.7909233654822,387.10150836874504,387.10150836874504
u80d50g20,H8P16,0.25,1.4745607965612355,238.75553055942535,6.176027810146256,True,True,12,0.0,0.0,5000.0,-109.2503189650672,809.5818467309643,791.8924317342272,791.8924317342272
u80d50g20,H8P16,0.25,1.4745607965612355,238.75553055942535,6.176027810146256,True,True,12,0.0,0.0,10000.0,-109.2503189650672,1619.1636934619287,1601.4742784651917,1601.4742784651917
u80d50g20,H8P16,0.25,1.4745607965612355,238.75553055942535,6.176027810146256,True,True,12,0.0,0.0,25000.0,-109.2503189650672,4047.909233654822,4030.219818658085,4030.219818658085
u80d50g20,H8P16,0.25,1.4745607965612355,238.75553055942535,6.176027810146256,True,True,12,0.0,1.0,0.0,-109.25031896506702,0.0,-17.689414996737174,0.0
u80d50g20,H8P16,0.25,1.4745607965612355,238.75553055942535,6.176027810146256,True,True,12,0.0,1.0,1000.0,-109.25031896506702,161.91636934619288,144.22695434945572,144.22695434945572
u80d50g20,H8P16,0.25,1.4745607965612355,238.75553055942535,6.176027810146256,True,True,12,0.0,1.0,2500.0,-109.25031896506702,404.7909233654822,387.10150836874504,387.10150836874504
u80d50g20,H8P16,0.25,1.4745607965612355,238.75553055942535,6.176027810146256,True,True,12,0.0,1.0,5000.0,-109.25031896506702,809.5818467309643,791.8924317342272,791.8924317342272
u80d50g20,H8P16,0.25,1.4745607965612355,238.75553055942535,6.176027810146256,True,True,12,0.0,1.0,10000.0,-109.25031896506702,1619.1636934619287,1601.4742784651917,1601.4742784651917
u80d50g20,H8P16,0.25,1.4745607965612355,238.75553055942535,6.176027810146256,True,True,12,0.0,1.0,25000.0,-109.25031896506702,4047.909233654822,4030.219818658085,4030.219818658085
u80d50g20,H8P16,0.25,1.4745607965612355,238.75553055942535,6.176027810146256,True,True,12,0.005,0.0,0.0,2195.2541250118775,0.0,355.44757771417665,355.44757771417665
u80d50g20,H8P16,0.25,1.4745607965612355,238.75553055942535,6.176027810146256,True,True,12,0.005,0.0,1000.0,2195.2541250118775,161.91636934619288,517.3639470603695,517.3639470603695
u80d50g20,H8P16,0.25,1.4745607965612355,238.75553055942535,6.176027810146256,True,True,12,0.005,0.0,2500.0,2195.2541250118775,404.7909233654822,760.2385010796588,760.2385010796588
u80d50g20,H8P16,0.25,1.4745607965612355,238.75553055942535,6.176027810146256,True,True,12,0.005,0.0,5000.0,2195.2541250118775,809.5818467309643,1165.029424445141,1165.029424445141
u80d50g20,H8P16,0.25,1.4745607965612355,238.75553055942535,6.176027810146256,True,True,12,0.005,0.0,10000.0,2195.2541250118775,1619.1636934619287,1974.6112711761054,1974.6112711761054
u80d50g20,H8P16,0.25,1.4745607965612355,238.75553055942535,6.176027810146256,True,True,12,0.005,0.0,25000.0,2195.2541250118775,4047.909233654822,4403.356811368999,4403.356811368999
u80d50g20,H8P16,0.25,1.4745607965612355,238.75553055942535,6.176027810146256,True,True,12,0.005,1.0,0.0,2195.2541250118775,0.0,355.44757771417665,355.44757771417665
u80d50g20,H8P16,0.25,1.4745607965612355,238.75553055942535,6.176027810146256,True,True,12,0.005,1.0,1000.0,2195.2541250118775,161.91636934619288,517.3639470603695,517.3639470603695
u80d50g20,H8P16,0.25,1.4745607965612355,238.75553055942535,6.176027810146256,True,True,12,0.005,1.0,2500.0,2195.2541250118775,404.7909233654822,760.2385010796588,760.2385010796588
u80d50g20,H8P16,0.25,1.4745607965612355,238.75553055942535,6.176027810146256,True,True,12,0.005,1.0,5000.0,2195.2541250118775,809.5818467309643,1165.029424445141,1165.029424445141
u80d50g20,H8P16,0.25,1.4745607965612355,238.75553055942535,6.176027810146256,True,True,12,0.005,1.0,10000.0,2195.2541250118775,1619.1636934619287,1974.6112711761054,1974.6112711761054
u80d50g20,H8P16,0.25,1.4745607965612355,238.75553055942535,6.176027810146256,True,True,12,0.005,1.0,25000.0,2195.2541250118775,4047.909233654822,4403.356811368999,4403.356811368999
u80d50g20,H8P16,0.25,1.4745607965612355,238.75553055942535,6.176027810146256,True,True,12,0.01,0.0,0.0,4502.915805253635,0.0,729.095778658257,729.095778658257
u80d50g20,H8P16,0.25,1.4745607965612355,238.75553055942535,6.176027810146256,True,True,12,0.01,0.0,1000.0,4502.915805253635,161.91636934619288,891.01214800445,891.01214800445
u80d50g20,H8P16,0.25,1.4745607965612355,238.75553055942535,6.176027810146256,True,True,12,0.01,0.0,2500.0,4502.915805253635,404.7909233654822,1133.8867020237392,1133.8867020237392
u80d50g20,H8P16,0.25,1.4745607965612355,238.75553055942535,6.176027810146256,True,True,12,0.01,0.0,5000.0,4502.915805253635,809.5818467309643,1538.6776253892215,1538.6776253892215
u80d50g20,H8P16,0.25,1.4745607965612355,238.75553055942535,6.176027810146256,True,True,12,0.01,0.0,10000.0,4502.915805253635,1619.1636934619287,2348.259472120186,2348.259472120186
u80d50g20,H8P16,0.25,1.4745607965612355,238.75553055942535,6.176027810146256,True,True,12,0.01,0.0,25000.0,4502.915805253635,4047.909233654822,4777.0050123130795,4777.0050123130795
u80d50g20,H8P16,0.25,1.4745607965612355,238.75553055942535,6.176027810146256,True,True,12,0.01,1.0,0.0,4502.915805253635,0.0,729.095778658257,729.095778658257
u80d50g20,H8P16,0.25,1.4745607965612355,238.75553055942535,6.176027810146256,True,True,12,0.01,1.0,1000.0,4502.915805253635,161.91636934619288,891.01214800445,891.01214800445
u80d50g20,H8P16,0.25,1.4745607965612355,238.75553055942535,6.176027810146256,True,True,12,0.01,1.0,2500.0,4502.915805253635,404.7909233654822,1133.8867020237392,1133.8867020237392
u80d50g20,H8P16,0.25,1.4745607965612355,238.75553055942535,6.176027810146256,True,True,12,0.01,1.0,5000.0,4502.915805253635,809.5818467309643,1538.6776253892215,1538.6776253892215
u80d50g20,H8P16,0.25,1.4745607965612355,238.75553055942535,6.176027810146256,True,True,12,0.01,1.0,10000.0,4502.915805253635,1619.1636934619287,2348.259472120186,2348.259472120186
u80d50g20,H8P16,0.25,1.4745607965612355,238.75553055942535,6.176027810146256,True,True,12,0.01,1.0,25000.0,4502.915805253635,4047.909233654822,4777.0050123130795,4777.0050123130795
u80d50g20,H8P16,1.0,5.898243186244942,238.75553055942535,24.704111240585025,False,False,12,0.0,0.0,0.0,-938.9480838771024,0.0,-38.00776618648625,0.0
u80d50g20,H8P16,1.0,5.898243186244942,238.75553055942535,24.704111240585025,False,False,12,0.0,0.0,1000.0,-938.9480838771024,40.47909233654822,2.4713261500619703,2.4713261500619703
u80d50g20,H8P16,1.0,5.898243186244942,238.75553055942535,24.704111240585025,False,False,12,0.0,0.0,2500.0,-938.9480838771024,101.19773084137054,63.1899646548843,63.1899646548843
u80d50g20,H8P16,1.0,5.898243186244942,238.75553055942535,24.704111240585025,False,False,12,0.0,0.0,5000.0,-938.9480838771024,202.3954616827411,164.38769549625485,164.38769549625485
u80d50g20,H8P16,1.0,5.898243186244942,238.75553055942535,24.704111240585025,False,False,12,0.0,0.0,10000.0,-938.9480838771024,404.7909233654822,366.78315717899596,366.78315717899596
u80d50g20,H8P16,1.0,5.898243186244942,238.75553055942535,24.704111240585025,False,False,12,0.0,0.0,25000.0,-938.9480838771024,1011.9773084137055,973.9695422272192,973.9695422272192
u80d50g20,H8P16,1.0,5.898243186244942,238.75553055942535,24.704111240585025,False,False,12,0.0,1.0,0.0,15214.429246270141,0.0,615.8662863076488,615.8662863076488
u80d50g20,H8P16,1.0,5.898243186244942,238.75553055942535,24.704111240585025,False,False,12,0.0,1.0,1000.0,15214.429246270141,40.47909233654822,656.345378644197,656.345378644197
u80d50g20,H8P16,1.0,5.898243186244942,238.75553055942535,24.704111240585025,False,False,12,0.0,1.0,2500.0,15214.429246270141,101.19773084137054,717.0640171490194,717.0640171490194
u80d50g20,H8P16,1.0,5.898243186244942,238.75553055942535,24.704111240585025,False,False,12,0.0,1.0,5000.0,15214.429246270141,202.3954616827411,818.2617479903898,818.2617479903898
u80d50g20,H8P16,1.0,5.898243186244942,238.75553055942535,24.704111240585025,False,False,12,0.0,1.0,10000.0,15214.429246270141,404.7909233654822,1020.657209673131,1020.657209673131
u80d50g20,H8P16,1.0,5.898243186244942,238.75553055942535,24.704111240585025,False,False,12,0.0,1.0,25000.0,15214.429246270141,1011.9773084137055,1627.8435947213543,1627.8435947213543
u80d50g20,H8P16,1.0,5.898243186244942,238.75553055942535,24.704111240585025,False,False,12,0.005,0.0,0.0,3690.586300425192,0.0,149.39158363091124,149.39158363091124
u80d50g20,H8P16,1.0,5.898243186244942,238.75553055942535,24.704111240585025,False,False,12,0.005,0.0,1000.0,3690.586300425192,40.47909233654822,189.87067596745942,189.87067596745942
u80d50g20,H8P16,1.0,5.898243186244942,238.75553055942535,24.704111240585025,False,False,12,0.005,0.0,2500.0,3690.586300425192,101.19773084137054,250.58931447228176,250.58931447228176
u80d50g20,H8P16,1.0,5.898243186244942,238.75553055942535,24.704111240585025,False,False,12,0.005,0.0,5000.0,3690.586300425192,202.3954616827411,351.7870453136523,351.7870453136523
u80d50g20,H8P16,1.0,5.898243186244942,238.75553055942535,24.704111240585025,False,False,12,0.005,0.0,10000.0,3690.586300425192,404.7909233654822,554.1825069963934,554.1825069963934
u80d50g20,H8P16,1.0,5.898243186244942,238.75553055942535,24.704111240585025,False,False,12,0.005,0.0,25000.0,3690.586300425192,1011.9773084137055,1161.3688920446166,1161.3688920446166
u80d50g20,H8P16,1.0,5.898243186244942,238.75553055942535,24.704111240585025,False,False,12,0.005,1.0,0.0,19780.56839314162,0.0,800.6994544553869,800.6994544553869
u80d50g20,H8P16,1.0,5.898243186244942,238.75553055942535,24.704111240585025,False,False,12,0.005,1.0,1000.0,19780.56839314162,40.47909233654822,841.1785467919351,841.1785467919351
u80d50g20,H8P16,1.0,5.898243186244942,238.75553055942535,24.704111240585025,False,False,12,0.005,1.0,2500.0,19780.56839314162,101.19773084137054,901.8971852967575,901.8971852967575
u80d50g20,H8P16,1.0,5.898243186244942,238.75553055942535,24.704111240585025,False,False,12,0.005,1.0,5000.0,19780.56839314162,202.3954616827411,1003.094916138128,1003.094916138128
u80d50g20,H8P16,1.0,5.898243186244942,238.75553055942535,24.704111240585025,False,False,12,0.005,1.0,10000.0,19780.56839314162,404.7909233654822,1205.490377820869,1205.490377820869
u80d50g20,H8P16,1.0,5.898243186244942,238.75553055942535,24.704111240585025,False,False,12,0.005,1.0,25000.0,19780.56839314162,1011.9773084137055,1812.6767628690923,1812.6767628690923
u80d50g20,H8P16,1.0,5.898243186244942,238.75553055942535,24.704111240585025,False,False,12,0.01,0.0,0.0,8352.905433642714,0.0,338.1180303268788,338.1180303268788
u80d50g20,H8P16,1.0,5.898243186244942,238.75553055942535,24.704111240585025,False,False,12,0.01,0.0,1000.0,8352.905433642714,40.47909233654822,378.597122663427,378.597122663427
u80d50g20,H8P16,1.0,5.898243186244942,238.75553055942535,24.704111240585025,False,False,12,0.01,0.0,2500.0,8352.905433642714,101.19773084137054,439.3157611682493,439.3157611682493
u80d50g20,H8P16,1.0,5.898243186244942,238.75553055942535,24.704111240585025,False,False,12,0.01,0.0,5000.0,8352.905433642714,202.3954616827411,540.5134920096199,540.5134920096199
u80d50g20,H8P16,1.0,5.898243186244942,238.75553055942535,24.704111240585025,False,False,12,0.01,0.0,10000.0,8352.905433642714,404.7909233654822,742.908953692361,742.908953692361
u80d50g20,H8P16,1.0,5.898243186244942,238.75553055942535,24.704111240585025,False,False,12,0.01,0.0,25000.0,8352.905433642714,1011.9773084137055,1350.0953387405843,1350.0953387405843
u80d50g20,H8P16,1.0,5.898243186244942,238.75553055942535,24.704111240585025,False,False,12,0.01,1.0,0.0,24396.253380757422,0.0,987.5381932655064,987.5381932655064
u80d50g20,H8P16,1.0,5.898243186244942,238.75553055942535,24.704111240585025,False,False,12,0.01,1.0,1000.0,24396.253380757422,40.47909233654822,1028.0172856020545,1028.0172856020545
u80d50g20,H8P16,1.0,5.898243186244942,238.75553055942535,24.704111240585025,False,False,12,0.01,1.0,2500.0,24396.253380757422,101.19773084137054,1088.7359241068768,1088.7359241068768
u80d50g20,H8P16,1.0,5.898243186244942,238.75553055942535,24.704111240585025,False,False,12,0.01,1.0,5000.0,24396.253380757422,202.3954616827411,1189.9336549482475,1189.9336549482475
u80d50g20,H8P16,1.0,5.898243186244942,238.75553055942535,24.704111240585025,False,False,12,0.01,1.0,10000.0,24396.253380757422,404.7909233654822,1392.3291166309884,1392.3291166309884
u80d50g20,H8P16,1.0,5.898243186244942,238.75553055942535,24.704111240585025,False,False,12,0.01,1.0,25000.0,24396.253380757422,1011.9773084137055,1999.5155016792119,1999.5155016792119
u80d50g20,H8P24,0.25,1.4745607965612355,238.75553055942535,6.176027810146256,True,False,12,0.0,0.0,0.0,-109.7036156709446,0.0,-17.76281115358946,0.0
u80d50g20,H8P24,0.25,1.4745607965612355,238.75553055942535,6.176027810146256,True,False,12,0.0,0.0,1000.0,-109.7036156709446,161.91636934619288,144.1535581926034,144.1535581926034
u80d50g20,H8P24,0.25,1.4745607965612355,238.75553055942535,6.176027810146256,True,False,12,0.0,0.0,2500.0,-109.7036156709446,404.7909233654822,387.02811221189273,387.02811221189273
u80d50g20,H8P24,0.25,1.4745607965612355,238.75553055942535,6.176027810146256,True,False,12,0.0,0.0,5000.0,-109.7036156709446,809.5818467309643,791.819035577375,791.819035577375
u80d50g20,H8P24,0.25,1.4745607965612355,238.75553055942535,6.176027810146256,True,False,12,0.0,0.0,10000.0,-109.7036156709446,1619.1636934619287,1601.4008823083395,1601.4008823083395
u80d50g20,H8P24,0.25,1.4745607965612355,238.75553055942535,6.176027810146256,True,False,12,0.0,0.0,25000.0,-109.7036156709446,4047.909233654822,4030.146422501233,4030.146422501233
u80d50g20,H8P24,0.25,1.4745607965612355,238.75553055942535,6.176027810146256,True,False,12,0.0,1.0,0.0,-49.8754587670897,0.0,-8.07565320304291,0.0
u80d50g20,H8P24,0.25,1.4745607965612355,238.75553055942535,6.176027810146256,True,False,12,0.0,1.0,1000.0,-49.8754587670897,161.91636934619288,153.84071614315,153.84071614315
u80d50g20,H8P24,0.25,1.4745607965612355,238.75553055942535,6.176027810146256,True,False,12,0.0,1.0,2500.0,-49.8754587670897,404.7909233654822,396.7152701624393,396.7152701624393
u80d50g20,H8P24,0.25,1.4745607965612355,238.75553055942535,6.176027810146256,True,False,12,0.0,1.0,5000.0,-49.8754587670897,809.5818467309643,801.5061935279214,801.5061935279214
u80d50g20,H8P24,0.25,1.4745607965612355,238.75553055942535,6.176027810146256,True,False,12,0.0,1.0,10000.0,-49.8754587670897,1619.1636934619287,1611.0880402588857,1611.0880402588857
u80d50g20,H8P24,0.25,1.4745607965612355,238.75553055942535,6.176027810146256,True,False,12,0.0,1.0,25000.0,-49.8754587670897,4047.909233654822,4039.833580451779,4039.833580451779
u80d50g20,H8P24,0.25,1.4745607965612355,238.75553055942535,6.176027810146256,True,False,12,0.005,0.0,0.0,2878.0485137891997,0.0,466.00316615495353,466.00316615495353
u80d50g20,H8P24,0.25,1.4745607965612355,238.75553055942535,6.176027810146256,True,False,12,0.005,0.0,1000.0,2878.0485137891997,161.91636934619288,627.9195355011464,627.9195355011464
u80d50g20,H8P24,0.25,1.4745607965612355,238.75553055942535,6.176027810146256,True,False,12,0.005,0.0,2500.0,2878.0485137891997,404.7909233654822,870.7940895204357,870.7940895204357
u80d50g20,H8P24,0.25,1.4745607965612355,238.75553055942535,6.176027810146256,True,False,12,0.005,0.0,5000.0,2878.0485137891997,809.5818467309643,1275.5850128859179,1275.5850128859179
u80d50g20,H8P24,0.25,1.4745607965612355,238.75553055942535,6.176027810146256,True,False,12,0.005,0.0,10000.0,2878.0485137891997,1619.1636934619287,2085.1668596168824,2085.1668596168824
u80d50g20,H8P24,0.25,1.4745607965612355,238.75553055942535,6.176027810146256,True,False,12,0.005,0.0,25000.0,2878.0485137891997,4047.909233654822,4513.912399809776,4513.912399809776
u80d50g20,H8P24,0.25,1.4745607965612355,238.75553055942535,6.176027810146256,True,False,12,0.005,1.0,0.0,2902.3994581157517,0.0,469.9459826504601,469.9459826504601
u80d50g20,H8P24,0.25,1.4745607965612355,238.75553055942535,6.176027810146256,True,False,12,0.005,1.0,1000.0,2902.3994581157517,161.91636934619288,631.862351996653,631.862351996653
u80d50g20,H8P24,0.25,1.4745607965612355,238.75553055942535,6.176027810146256,True,False,12,0.005,1.0,2500.0,2902.3994581157517,404.7909233654822,874.7369060159423,874.7369060159423
u80d50g20,H8P24,0.25,1.4745607965612355,238.75553055942535,6.176027810146256,True,False,12,0.005,1.0,5000.0,2902.3994581157517,809.5818467309643,1279.5278293814245,1279.5278293814245
u80d50g20,H8P24,0.25,1.4745607965612355,238.75553055942535,6.176027810146256,True,False,12,0.005,1.0,10000.0,2902.3994581157517,1619.1636934619287,2089.109676112389,2089.109676112389
u80d50g20,H8P24,0.25,1.4745607965612355,238.75553055942535,6.176027810146256,True,False,12,0.005,1.0,25000.0,2902.3994581157517,4047.909233654822,4517.855216305282,4517.855216305282
u80d50g20,H8P24,0.25,1.4745607965612355,238.75553055942535,6.176027810146256,True,False,12,0.01,0.0,0.0,5872.279259983215,0.0,950.8181375634304,950.8181375634304
u80d50g20,H8P24,0.25,1.4745607965612355,238.75553055942535,6.176027810146256,True,False,12,0.01,0.0,1000.0,5872.279259983215,161.91636934619288,1112.7345069096232,1112.7345069096232
u80d50g20,H8P24,0.25,1.4745607965612355,238.75553055942535,6.176027810146256,True,False,12,0.01,0.0,2500.0,5872.279259983215,404.7909233654822,1355.6090609289124,1355.6090609289124
u80d50g20,H8P24,0.25,1.4745607965612355,238.75553055942535,6.176027810146256,True,False,12,0.01,0.0,5000.0,5872.279259983215,809.5818467309643,1760.3999842943947,1760.3999842943947
u80d50g20,H8P24,0.25,1.4745607965612355,238.75553055942535,6.176027810146256,True,False,12,0.01,0.0,10000.0,5872.279259983215,1619.1636934619287,2569.981831025359,2569.981831025359
u80d50g20,H8P24,0.25,1.4745607965612355,238.75553055942535,6.176027810146256,True,False,12,0.01,0.0,25000.0,5872.279259983215,4047.909233654822,4998.727371218252,4998.727371218252
u80d50g20,H8P24,0.25,1.4745607965612355,238.75553055942535,6.176027810146256,True,False,12,0.01,1.0,0.0,5893.298251288322,0.0,954.2214563228725,954.2214563228725
u80d50g20,H8P24,0.25,1.4745607965612355,238.75553055942535,6.176027810146256,True,False,12,0.01,1.0,1000.0,5893.298251288322,161.91636934619288,1116.1378256690655,1116.1378256690655
u80d50g20,H8P24,0.25,1.4745607965612355,238.75553055942535,6.176027810146256,True,False,12,0.01,1.0,2500.0,5893.298251288322,404.7909233654822,1359.0123796883545,1359.0123796883545
u80d50g20,H8P24,0.25,1.4745607965612355,238.75553055942535,6.176027810146256,True,False,12,0.01,1.0,5000.0,5893.298251288322,809.5818467309643,1763.8033030538368,1763.8033030538368
u80d50g20,H8P24,0.25,1.4745607965612355,238.75553055942535,6.176027810146256,True,False,12,0.01,1.0,10000.0,5893.298251288322,1619.1636934619287,2573.3851497848013,2573.3851497848013
u80d50g20,H8P24,0.25,1.4745607965612355,238.75553055942535,6.176027810146256,True,False,12,0.01,1.0,25000.0,5893.298251288322,4047.909233654822,5002.130689977695,5002.130689977695
u80d50g20,H8P24,1.0,5.898243186244942,238.75553055942535,24.704111240585025,False,False,12,0.0,0.0,0.0,-776.3457603891362,0.0,-31.425771719879585,0.0
u80d50g20,H8P24,1.0,5.898243186244942,238.75553055942535,24.704111240585025,False,False,12,0.0,0.0,1000.0,-776.3457603891362,40.47909233654822,9.053320616668636,9.053320616668636
u80d50g20,H8P24,1.0,5.898243186244942,238.75553055942535,24.704111240585025,False,False,12,0.0,0.0,2500.0,-776.3457603891362,101.19773084137054,69.77195912149097,69.77195912149097
u80d50g20,H8P24,1.0,5.898243186244942,238.75553055942535,24.704111240585025,False,False,12,0.0,0.0,5000.0,-776.3457603891362,202.3954616827411,170.9696899628615,170.9696899628615
u80d50g20,H8P24,1.0,5.898243186244942,238.75553055942535,24.704111240585025,False,False,12,0.0,0.0,10000.0,-776.3457603891362,404.7909233654822,373.36515164560257,373.36515164560257
u80d50g20,H8P24,1.0,5.898243186244942,238.75553055942535,24.704111240585025,False,False,12,0.0,0.0,25000.0,-776.3457603891362,1011.9773084137055,980.5515366938258,980.5515366938258
u80d50g20,H8P24,1.0,5.898243186244942,238.75553055942535,24.704111240585025,False,False,12,0.0,1.0,0.0,15226.734122062748,0.0,616.3643765110475,616.3643765110475
u80d50g20,H8P24,1.0,5.898243186244942,238.75553055942535,24.704111240585025,False,False,12,0.0,1.0,1000.0,15226.734122062748,40.47909233654822,656.8434688475957,656.8434688475957
u80d50g20,H8P24,1.0,5.898243186244942,238.75553055942535,24.704111240585025,False,False,12,0.0,1.0,2500.0,15226.734122062748,101.19773084137054,717.562107352418,717.562107352418
u80d50g20,H8P24,1.0,5.898243186244942,238.75553055942535,24.704111240585025,False,False,12,0.0,1.0,5000.0,15226.734122062748,202.3954616827411,818.7598381937886,818.7598381937886
u80d50g20,H8P24,1.0,5.898243186244942,238.75553055942535,24.704111240585025,False,False,12,0.0,1.0,10000.0,15226.734122062748,404.7909233654822,1021.1552998765297,1021.1552998765297
u80d50g20,H8P24,1.0,5.898243186244942,238.75553055942535,24.704111240585025,False,False,12,0.0,1.0,25000.0,15226.734122062748,1011.9773084137055,1628.341684924753,1628.341684924753
u80d50g20,H8P24,1.0,5.898243186244942,238.75553055942535,24.704111240585025,False,False,12,0.005,0.0,0.0,4929.5971031853205,0.0,199.5456163218192,199.5456163218192
u80d50g20,H8P24,1.0,5.898243186244942,238.75553055942535,24.704111240585025,False,False,12,0.005,0.0,1000.0,4929.5971031853205,40.47909233654822,240.02470865836742,240.02470865836742
u80d50g20,H8P24,1.0,5.898243186244942,238.75553055942535,24.704111240585025,False,False,12,0.005,0.0,2500.0,4929.5971031853205,101.19773084137054,300.74334716318975,300.74334716318975
u80d50g20,H8P24,1.0,5.898243186244942,238.75553055942535,24.704111240585025,False,False,12,0.005,0.0,5000.0,4929.5971031853205,202.3954616827411,401.9410780045603,401.9410780045603
u80d50g20,H8P24,1.0,5.898243186244942,238.75553055942535,24.704111240585025,False,False,12,0.005,0.0,10000.0,4929.5971031853205,404.7909233654822,604.3365396873014,604.3365396873014
u80d50g20,H8P24,1.0,5.898243186244942,238.75553055942535,24.704111240585025,False,False,12,0.005,0.0,25000.0,4929.5971031853205,1011.9773084137055,1211.5229247355246,1211.5229247355246
u80d50g20,H8P24,1.0,5.898243186244942,238.75553055942535,24.704111240585025,False,False,12,0.005,1.0,0.0,21064.679850982146,0.0,852.6791207277331,852.6791207277331
u80d50g20,H8P24,1.0,5.898243186244942,238.75553055942535,24.704111240585025,False,False,12,0.005,1.0,1000.0,21064.679850982146,40.47909233654822,893.1582130642813,893.1582130642813
u80d50g20,H8P24,1.0,5.898243186244942,238.75553055942535,24.704111240585025,False,False,12,0.005,1.0,2500.0,21064.679850982146,101.19773084137054,953.8768515691036,953.8768515691036
u80d50g20,H8P24,1.0,5.898243186244942,238.75553055942535,24.704111240585025,False,False,12,0.005,1.0,5000.0,21064.679850982146,202.3954616827411,1055.0745824104742,1055.0745824104742
u80d50g20,H8P24,1.0,5.898243186244942,238.75553055942535,24.704111240585025,False,False,12,0.005,1.0,10000.0,21064.679850982146,404.7909233654822,1257.4700440932152,1257.4700440932152
u80d50g20,H8P24,1.0,5.898243186244942,238.75553055942535,24.704111240585025,False,False,12,0.005,1.0,25000.0,21064.679850982146,1011.9773084137055,1864.6564291414386,1864.6564291414386
u80d50g20,H8P24,1.0,5.898243186244942,238.75553055942535,24.704111240585025,False,False,12,0.01,0.0,0.0,10823.877235903772,0.0,438.1407260716111,438.1407260716111
u80d50g20,H8P24,1.0,5.898243186244942,238.75553055942535,24.704111240585025,False,False,12,0.01,0.0,1000.0,10823.877235903772,40.47909233654822,478.61981840815935,478.61981840815935
u80d50g20,H8P24,1.0,5.898243186244942,238.75553055942535,24.704111240585025,False,False,12,0.01,0.0,2500.0,10823.877235903772,101.19773084137054,539.3384569129817,539.3384569129817
u80d50g20,H8P24,1.0,5.898243186244942,238.75553055942535,24.704111240585025,False,False,12,0.01,0.0,5000.0,10823.877235903772,202.3954616827411,640.5361877543522,640.5361877543522
u80d50g20,H8P24,1.0,5.898243186244942,238.75553055942535,24.704111240585025,False,False,12,0.01,0.0,10000.0,10823.877235903772,404.7909233654822,842.9316494370933,842.9316494370933
u80d50g20,H8P24,1.0,5.898243186244942,238.75553055942535,24.704111240585025,False,False,12,0.01,0.0,25000.0,10823.877235903772,1011.9773084137055,1450.1180344853165,1450.1180344853165
u80d50g20,H8P24,1.0,5.898243186244942,238.75553055942535,24.704111240585025,False,False,12,0.01,1.0,0.0,26907.51517096545,0.0,1089.1917911525825,1089.1917911525825
u80d50g20,H8P24,1.0,5.898243186244942,238.75553055942535,24.704111240585025,False,False,12,0.01,1.0,1000.0,26907.51517096545,40.47909233654822,1129.6708834891306,1129.6708834891306
u80d50g20,H8P24,1.0,5.898243186244942,238.75553055942535,24.704111240585025,False,False,12,0.01,1.0,2500.0,26907.51517096545,101.19773084137054,1190.389521993953,1190.389521993953
u80d50g20,H8P24,1.0,5.898243186244942,238.75553055942535,24.704111240585025,False,False,12,0.01,1.0,5000.0,26907.51517096545,202.3954616827411,1291.5872528353236,1291.5872528353236
u80d50g20,H8P24,1.0,5.898243186244942,238.75553055942535,24.704111240585025,False,False,12,0.01,1.0,10000.0,26907.51517096545,404.7909233654822,1493.9827145180645,1493.9827145180645
u80d50g20,H8P24,1.0,5.898243186244942,238.75553055942535,24.704111240585025,False,False,12,0.01,1.0,25000.0,26907.51517096545,1011.9773084137055,2101.169099566288,2101.169099566288
