analysis_id,analysis_role,currency_basis,annualization_scope,facility_scale_interpretation,regime,duration_h,notice_h,reliability_target,annual_event_count,facility_site_scale_mw,candidate_reduction_kw,scaled_accounting_candidate_reduction_kw,bootstrap_draws,risk_quantile,delay_cost_multiplier,delay_cost_per_gpu_h_h,fixed_site_cost_multiplier,fixed_site_enablement_annual_cost,performance_payment_per_mwh,reserved_capacity_fraction,effective_displaced_compute_value_per_gpu_h,mean_delay_cost_per_offer_kw_year,break_even_capacity_payment_per_kw_year,risk_adjusted_break_even_capacity_payment_per_kw_year,unclipped_risk_threshold_per_kw_year,annual_net_value_at_zero_capacity_payment_p05
nature_economic_cost_robustness_v1,post_hoc_development_parameterized_sensitivity,real_2026_usd,independent_fresh_event_screening_bootstrap,proportional_reference_module_accounting_sensitivity_no_portfolio_diversification,slack_backed,2,0,0.95,1,0.2,45.7355299495,45.5078125,200,0.05,0,0,0,0,50,0,0,0,0,0,-0.0855573302398,3.89352694256
nature_economic_cost_robustness_v1,post_hoc_development_parameterized_sensitivity,real_2026_usd,independent_fresh_event_screening_bootstrap,proportional_reference_module_accounting_sensitivity_no_portfolio_diversification,slack_backed,2,0,0.95,1,0.2,45.7355299495,45.5078125,200,0.05,0,0,0.5,12500,50,0,0,0,274.581828591,274.592554258,274.592554258,-12496.1064731
nature_economic_cost_robustness_v1,post_hoc_development_parameterized_sensitivity,real_2026_usd,independent_fresh_event_screening_bootstrap,proportional_reference_module_accounting_sensitivity_no_portfolio_diversification,slack_backed,2,0,0.95,1,0.2,45.7355299495,45.5078125,200,0.05,0,0,1,25000,50,0,0,0,549.259940179,549.270665846,549.270665846,-24996.1064731
nature_economic_cost_robustness_v1,post_hoc_development_parameterized_sensitivity,real_2026_usd,independent_fresh_event_screening_bootstrap,proportional_reference_module_accounting_sensitivity_no_portfolio_diversification,slack_backed,2,0,0.95,1,0.2,45.7355299495,45.5078125,200,0.05,0,0,2,50000,50,0,0,0,1098.61616336,1098.62688902,1098.62688902,-49996.1064731
nature_economic_cost_robustness_v1,post_hoc_development_parameterized_sensitivity,real_2026_usd,independent_fresh_event_screening_bootstrap,proportional_reference_module_accounting_sensitivity_no_portfolio_diversification,slack_backed,2,0,0.95,1,0.2,45.7355299495,45.5078125,200,0.05,0.5,0.0025,0,0,50,0,0,0.557197029248,0.460914032343,0.820284808599,0.820284808599,-37.3293672663
nature_economic_cost_robustness_v1,post_hoc_development_parameterized_sensitivity,real_2026_usd,independent_fresh_event_screening_bootstrap,proportional_reference_module_accounting_sensitivity_no_portfolio_diversification,slack_backed,2,0,0.95,1,0.2,45.7355299495,45.5078125,200,0.05,0.5,0.0025,0.5,12500,50,0,0,0.557197029248,275.13902562,275.498396397,275.498396397,-12537.3293673
nature_economic_cost_robustness_v1,post_hoc_development_parameterized_sensitivity,real_2026_usd,independent_fresh_event_screening_bootstrap,proportional_reference_module_accounting_sensitivity_no_portfolio_diversification,slack_backed,2,0,0.95,1,0.2,45.7355299495,45.5078125,200,0.05,0.5,0.0025,1,25000,50,0,0,0.557197029248,549.817137208,550.176507985,550.176507985,-25037.3293673
nature_economic_cost_robustness_v1,post_hoc_development_parameterized_sensitivity,real_2026_usd,independent_fresh_event_screening_bootstrap,proportional_reference_module_accounting_sensitivity_no_portfolio_diversification,slack_backed,2,0,0.95,1,0.2,45.7355299495,45.5078125,200,0.05,0.5,0.0025,2,50000,50,0,0,0.557197029248,1099.17336038,1099.53273116,1099.53273116,-50037.3293673
nature_economic_cost_robustness_v1,post_hoc_development_parameterized_sensitivity,real_2026_usd,independent_fresh_event_screening_bootstrap,proportional_reference_module_accounting_sensitivity_no_portfolio_diversification,slack_backed,2,0,0.95,1,0.2,45.7355299495,45.5078125,200,0.05,1,0.005,0,0,50,0,0,1.1143940585,1.01811106159,1.72567617323,1.72567617323,-78.5317477272
nature_economic_cost_robustness_v1,post_hoc_development_parameterized_sensitivity,real_2026_usd,independent_fresh_event_screening_bootstrap,proportional_reference_module_accounting_sensitivity_no_portfolio_diversification,slack_backed,2,0,0.95,1,0.2,45.7355299495,45.5078125,200,0.05,1,0.005,0.5,12500,50,0,0,1.1143940585,275.69622265,276.403787761,276.403787761,-12578.5317477
nature_economic_cost_robustness_v1,post_hoc_development_parameterized_sensitivity,real_2026_usd,independent_fresh_event_screening_bootstrap,proportional_reference_module_accounting_sensitivity_no_portfolio_diversification,slack_backed,2,0,0.95,1,0.2,45.7355299495,45.5078125,200,0.05,1,0.005,1,25000,50,0,0,1.1143940585,550.374334238,551.081899349,551.081899349,-25078.5317477
nature_economic_cost_robustness_v1,post_hoc_development_parameterized_sensitivity,real_2026_usd,independent_fresh_event_screening_bootstrap,proportional_reference_module_accounting_sensitivity_no_portfolio_diversification,slack_backed,2,0,0.95,1,0.2,45.7355299495,45.5078125,200,0.05,1,0.005,2,50000,50,0,0,1.1143940585,1099.73055741,1100.43812253,1100.43812253,-50078.5317477
nature_economic_cost_robustness_v1,post_hoc_development_parameterized_sensitivity,real_2026_usd,independent_fresh_event_screening_bootstrap,proportional_reference_module_accounting_sensitivity_no_portfolio_diversification,slack_backed,2,0,0.95,1,0.2,45.7355299495,45.5078125,200,0.05,2,0.01,0,0,50,0,0,2.22878811699,2.13250512009,3.5364589025,3.5364589025,-160.936508649
nature_economic_cost_robustness_v1,post_hoc_development_parameterized_sensitivity,real_2026_usd,independent_fresh_event_screening_bootstrap,proportional_reference_module_accounting_sensitivity_no_portfolio_diversification,slack_backed,2,0,0.95,1,0.2,45.7355299495,45.5078125,200,0.05,2,0.01,0.5,12500,50,0,0,2.22878811699,276.810616708,278.21457049,278.21457049,-12660.9365086
nature_economic_cost_robustness_v1,post_hoc_development_parameterized_sensitivity,real_2026_usd,independent_fresh_event_screening_bootstrap,proportional_reference_module_accounting_sensitivity_no_portfolio_diversification,slack_backed,2,0,0.95,1,0.2,45.7355299495,45.5078125,200,0.05,2,0.01,1,25000,50,0,0,2.22878811699,551.488728296,552.892682078,552.892682078,-25160.9365086
nature_economic_cost_robustness_v1,post_hoc_development_parameterized_sensitivity,real_2026_usd,independent_fresh_event_screening_bootstrap,proportional_reference_module_accounting_sensitivity_no_portfolio_diversification,slack_backed,2,0,0.95,1,0.2,45.7355299495,45.5078125,200,0.05,2,0.01,2,50000,50,0,0,2.22878811699,1100.84495147,1102.24890525,1102.24890525,-50160.9365086
nature_economic_cost_robustness_v1,post_hoc_development_parameterized_sensitivity,real_2026_usd,independent_fresh_event_screening_bootstrap,proportional_reference_module_accounting_sensitivity_no_portfolio_diversification,reserved_headroom,2,0,0.95,1,0.2,45.7355299495,45.5078125,200,0.05,0,0,0,0,50,0.15,0,0,116.051988506,116.062714173,116.062714173,-5281.76023483
nature_economic_cost_robustness_v1,post_hoc_development_parameterized_sensitivity,real_2026_usd,independent_fresh_event_screening_bootstrap,proportional_reference_module_accounting_sensitivity_no_portfolio_diversification,reserved_headroom,2,0,0.95,1,0.2,45.7355299495,45.5078125,200,0.05,0,0,0.5,12500,50,0.15,0,0,390.730100094,390.740825761,390.740825761,-17781.7602348
nature_economic_cost_robustness_v1,post_hoc_development_parameterized_sensitivity,real_2026_usd,independent_fresh_event_screening_bootstrap,proportional_reference_module_accounting_sensitivity_no_portfolio_diversification,reserved_headroom,2,0,0.95,1,0.2,45.7355299495,45.5078125,200,0.05,0,0,1,25000,50,0.15,0,0,665.408211682,665.418937349,665.418937349,-30281.7602348
nature_economic_cost_robustness_v1,post_hoc_development_parameterized_sensitivity,real_2026_usd,independent_fresh_event_screening_bootstrap,proportional_reference_module_accounting_sensitivity_no_portfolio_diversification,reserved_headroom,2,0,0.95,1,0.2,45.7355299495,45.5078125,200,0.05,0,0,2,50000,50,0.15,0,0,1214.76443486,1214.77516052,1214.77516052,-55281.7602348
nature_economic_cost_robustness_v1,post_hoc_development_parameterized_sensitivity,real_2026_usd,independent_fresh_event_screening_bootstrap,proportional_reference_module_accounting_sensitivity_no_portfolio_diversification,reserved_headroom,2,0,0.95,1,0.2,45.7355299495,45.5078125,200,0.05,0.5,0.0025,0,0,50,0.15,0,0.557197029248,116.609185536,116.968556312,116.968556312,-5322.98312903
nature_economic_cost_robustness_v1,post_hoc_development_parameterized_sensitivity,real_2026_usd,independent_fresh_event_screening_bootstrap,proportional_reference_module_accounting_sensitivity_no_portfolio_diversification,reserved_headroom,2,0,0.95,1,0.2,45.7355299495,45.5078125,200,0.05,0.5,0.0025,0.5,12500,50,0.15,0,0.557197029248,391.287297124,391.6466679,391.6466679,-17822.983129
nature_economic_cost_robustness_v1,post_hoc_development_parameterized_sensitivity,real_2026_usd,independent_fresh_event_screening_bootstrap,proportional_reference_module_accounting_sensitivity_no_portfolio_diversification,reserved_headroom,2,0,0.95,1,0.2,45.7355299495,45.5078125,200,0.05,0.5,0.0025,1,25000,50,0.15,0,0.557197029248,665.965408712,666.324779488,666.324779488,-30322.983129
nature_economic_cost_robustness_v1,post_hoc_development_parameterized_sensitivity,real_2026_usd,independent_fresh_event_screening_bootstrap,proportional_reference_module_accounting_sensitivity_no_portfolio_diversification,reserved_headroom,2,0,0.95,1,0.2,45.7355299495,45.5078125,200,0.05,0.5,0.0025,2,50000,50,0.15,0,0.557197029248,1215.32163189,1215.68100266,1215.68100266,-55322.983129
nature_economic_cost_robustness_v1,post_hoc_development_parameterized_sensitivity,real_2026_usd,independent_fresh_event_screening_bootstrap,proportional_reference_module_accounting_sensitivity_no_portfolio_diversification,reserved_headroom,2,0,0.95,1,0.2,45.7355299495,45.5078125,200,0.05,1,0.005,0,0,50,0.15,0,1.1143940585,117.166382565,117.873947676,117.873947676,-5364.1855095
nature_economic_cost_robustness_v1,post_hoc_development_parameterized_sensitivity,real_2026_usd,independent_fresh_event_screening_bootstrap,proportional_reference_module_accounting_sensitivity_no_portfolio_diversification,reserved_headroom,2,0,0.95,1,0.2,45.7355299495,45.5078125,200,0.05,1,0.005,0.5,12500,50,0.15,0,1.1143940585,391.844494153,392.552059264,392.552059264,-17864.1855095
nature_economic_cost_robustness_v1,post_hoc_development_parameterized_sensitivity,real_2026_usd,independent_fresh_event_screening_bootstrap,proportional_reference_module_accounting_sensitivity_no_portfolio_diversification,reserved_headroom,2,0,0.95,1,0.2,45.7355299495,45.5078125,200,0.05,1,0.005,1,25000,50,0.15,0,1.1143940585,666.522605741,667.230170852,667.230170852,-30364.1855095
nature_economic_cost_robustness_v1,post_hoc_development_parameterized_sensitivity,real_2026_usd,independent_fresh_event_screening_bootstrap,proportional_reference_module_accounting_sensitivity_no_portfolio_diversification,reserved_headroom,2,0,0.95,1,0.2,45.7355299495,45.5078125,200,0.05,1,0.005,2,50000,50,0.15,0,1.1143940585,1215.87882892,1216.58639403,1216.58639403,-55364.1855095
nature_economic_cost_robustness_v1,post_hoc_development_parameterized_sensitivity,real_2026_usd,independent_fresh_event_screening_bootstrap,proportional_reference_module_accounting_sensitivity_no_portfolio_diversification,reserved_headroom,2,0,0.95,1,0.2,45.7355299495,45.5078125,200,0.05,2,0.01,0,0,50,0.15,0,2.22878811699,118.280776623,119.684730406,119.684730406,-5446.59027042
nature_economic_cost_robustness_v1,post_hoc_development_parameterized_sensitivity,real_2026_usd,independent_fresh_event_screening_bootstrap,proportional_reference_module_accounting_sensitivity_no_portfolio_diversification,reserved_headroom,2,0,0.95,1,0.2,45.7355299495,45.5078125,200,0.05,2,0.01,0.5,12500,50,0.15,0,2.22878811699,392.958888211,394.362841994,394.362841994,-17946.5902704
nature_economic_cost_robustness_v1,post_hoc_development_parameterized_sensitivity,real_2026_usd,independent_fresh_event_screening_bootstrap,proportional_reference_module_accounting_sensitivity_no_portfolio_diversification,reserved_headroom,2,0,0.95,1,0.2,45.7355299495,45.5078125,200,0.05,2,0.01,1,25000,50,0.15,0,2.22878811699,667.636999799,669.040953582,669.040953582,-30446.5902704
nature_economic_cost_robustness_v1,post_hoc_development_parameterized_sensitivity,real_2026_usd,independent_fresh_event_screening_bootstrap,proportional_reference_module_accounting_sensitivity_no_portfolio_diversification,reserved_headroom,2,0,0.95,1,0.2,45.7355299495,45.5078125,200,0.05,2,0.01,2,50000,50,0.15,0,2.22878811699,1216.99322298,1218.39717676,1218.39717676,-55446.5902704
nature_economic_cost_robustness_v1,post_hoc_development_parameterized_sensitivity,real_2026_usd,independent_fresh_event_screening_bootstrap,proportional_reference_module_accounting_sensitivity_no_portfolio_diversification,throughput_displacing,2,0,0.95,1,0.2,45.7355299495,45.5078125,200,0.05,0,0,0,0,50,0,0.25,0,1.571241553,1.69866349298,1.69866349298,-77.3024597389
nature_economic_cost_robustness_v1,post_hoc_development_parameterized_sensitivity,real_2026_usd,independent_fresh_event_screening_bootstrap,proportional_reference_module_accounting_sensitivity_no_portfolio_diversification,throughput_displacing,2,0,0.95,1,0.2,45.7355299495,45.5078125,200,0.05,0,0,0.5,12500,50,0,0.25,0,276.249353141,276.376775081,276.376775081,-12577.3024597
nature_economic_cost_robustness_v1,post_hoc_development_parameterized_sensitivity,real_2026_usd,independent_fresh_event_screening_bootstrap,proportional_reference_module_accounting_sensitivity_no_portfolio_diversification,throughput_displacing,2,0,0.95,1,0.2,45.7355299495,45.5078125,200,0.05,0,0,1,25000,50,0,0.25,0,550.927464729,551.054886669,551.054886669,-25077.3024597
nature_economic_cost_robustness_v1,post_hoc_development_parameterized_sensitivity,real_2026_usd,independent_fresh_event_screening_bootstrap,proportional_reference_module_accounting_sensitivity_no_portfolio_diversification,throughput_displacing,2,0,0.95,1,0.2,45.7355299495,45.5078125,200,0.05,0,0,2,50000,50,0,0.25,0,1100.2836879,1100.41110984,1100.41110984,-50077.3024597
nature_economic_cost_robustness_v1,post_hoc_development_parameterized_sensitivity,real_2026_usd,independent_fresh_event_screening_bootstrap,proportional_reference_module_accounting_sensitivity_no_portfolio_diversification,throughput_displacing,2,0,0.95,1,0.2,45.7355299495,45.5078125,200,0.05,0.5,0.0025,0,0,50,0,0.25,0.557197029248,2.12843858224,2.37167603924,2.37167603924,-107.929788504
nature_economic_cost_robustness_v1,post_hoc_development_parameterized_sensitivity,real_2026_usd,independent_fresh_event_screening_bootstrap,proportional_reference_module_accounting_sensitivity_no_portfolio_diversification,throughput_displacing,2,0,0.95,1,0.2,45.7355299495,45.5078125,200,0.05,0.5,0.0025,0.5,12500,50,0,0.25,0.557197029248,276.80655017,277.049787627,277.049787627,-12607.9297885
nature_economic_cost_robustness_v1,post_hoc_development_parameterized_sensitivity,real_2026_usd,independent_fresh_event_screening_bootstrap,proportional_reference_module_accounting_sensitivity_no_portfolio_diversification,throughput_displacing,2,0,0.95,1,0.2,45.7355299495,45.5078125,200,0.05,0.5,0.0025,1,25000,50,0,0.25,0.557197029248,551.484661758,551.727899215,551.727899215,-25107.9297885
nature_economic_cost_robustness_v1,post_hoc_development_parameterized_sensitivity,real_2026_usd,independent_fresh_event_screening_bootstrap,proportional_reference_module_accounting_sensitivity_no_portfolio_diversification,throughput_displacing,2,0,0.95,1,0.2,45.7355299495,45.5078125,200,0.05,0.5,0.0025,2,50000,50,0,0.25,0.557197029248,1100.84088493,1101.08412239,1101.08412239,-50107.9297885
nature_economic_cost_robustness_v1,post_hoc_development_parameterized_sensitivity,real_2026_usd,independent_fresh_event_screening_bootstrap,proportional_reference_module_accounting_sensitivity_no_portfolio_diversification,throughput_displacing,2,0,0.95,1,0.2,45.7355299495,45.5078125,200,0.05,1,0.005,0,0,50,0,0.25,1.1143940585,2.68563561149,3.26582626751,3.26582626751,-148.620609439
nature_economic_cost_robustness_v1,post_hoc_development_parameterized_sensitivity,real_2026_usd,independent_fresh_event_screening_bootstrap,proportional_reference_module_accounting_sensitivity_no_portfolio_diversification,throughput_displacing,2,0,0.95,1,0.2,45.7355299495,45.5078125,200,0.05,1,0.005,0.5,12500,50,0,0.25,1.1143940585,277.363747199,277.943937855,277.943937855,-12648.6206094
nature_economic_cost_robustness_v1,post_hoc_development_parameterized_sensitivity,real_2026_usd,independent_fresh_event_screening_bootstrap,proportional_reference_module_accounting_sensitivity_no_portfolio_diversification,throughput_displacing,2,0,0.95,1,0.2,45.7355299495,45.5078125,200,0.05,1,0.005,1,25000,50,0,0.25,1.1143940585,552.041858787,552.622049443,552.622049443,-25148.6206094
nature_economic_cost_robustness_v1,post_hoc_development_parameterized_sensitivity,real_2026_usd,independent_fresh_event_screening_bootstrap,proportional_reference_module_accounting_sensitivity_no_portfolio_diversification,throughput_displacing,2,0,0.95,1,0.2,45.7355299495,45.5078125,200,0.05,1,0.005,2,50000,50,0,0.25,1.1143940585,1101.39808196,1101.97827262,1101.97827262,-50148.6206094
nature_economic_cost_robustness_v1,post_hoc_development_parameterized_sensitivity,real_2026_usd,independent_fresh_event_screening_bootstrap,proportional_reference_module_accounting_sensitivity_no_portfolio_diversification,throughput_displacing,2,0,0.95,1,0.2,45.7355299495,45.5078125,200,0.05,2,0.01,0,0,50,0,0.25,2.22878811699,3.80002966999,5.07582265241,5.07582265241,-230.989585549
nature_economic_cost_robustness_v1,post_hoc_development_parameterized_sensitivity,real_2026_usd,independent_fresh_event_screening_bootstrap,proportional_reference_module_accounting_sensitivity_no_portfolio_diversification,throughput_displacing,2,0,0.95,1,0.2,45.7355299495,45.5078125,200,0.05,2,0.01,0.5,12500,50,0,0.25,2.22878811699,278.478141258,279.75393424,279.75393424,-12730.9895855
nature_economic_cost_robustness_v1,post_hoc_development_parameterized_sensitivity,real_2026_usd,independent_fresh_event_screening_bootstrap,proportional_reference_module_accounting_sensitivity_no_portfolio_diversification,throughput_displacing,2,0,0.95,1,0.2,45.7355299495,45.5078125,200,0.05,2,0.01,1,25000,50,0,0.25,2.22878811699,553.156252846,554.432045828,554.432045828,-25230.9895855
nature_economic_cost_robustness_v1,post_hoc_development_parameterized_sensitivity,real_2026_usd,independent_fresh_event_screening_bootstrap,proportional_reference_module_accounting_sensitivity_no_portfolio_diversification,throughput_displacing,2,0,0.95,1,0.2,45.7355299495,45.5078125,200,0.05,2,0.01,2,50000,50,0,0.25,2.22878811699,1102.51247602,1103.788269,1103.788269,-50230.9895855
nature_economic_cost_robustness_v1,post_hoc_development_parameterized_sensitivity,real_2026_usd,independent_fresh_event_screening_bootstrap,proportional_reference_module_accounting_sensitivity_no_portfolio_diversification,slack_backed,2,0,0.95,1,1,45.7355299495,227.5390625,200,0.05,0,0,0,0,50,0,0,0,0,0,-0.0855573302398,19.4676347128
nature_economic_cost_robustness_v1,post_hoc_development_parameterized_sensitivity,real_2026_usd,independent_fresh_event_screening_bootstrap,proportional_reference_module_accounting_sensitivity_no_portfolio_diversification,slack_backed,2,0,0.95,1,1,45.7355299495,227.5390625,200,0.05,0,0,0.5,12500,50,0,0,0,54.8393393207,54.8500649874,54.8500649874,-12480.5323653
nature_economic_cost_robustness_v1,post_hoc_development_parameterized_sensitivity,real_2026_usd,independent_fresh_event_screening_bootstrap,proportional_reference_module_accounting_sensitivity_no_portfolio_diversification,slack_backed,2,0,0.95,1,1,45.7355299495,227.5390625,200,0.05,0,0,1,25000,50,0,0,0,109.774961638,109.785687305,109.785687305,-24980.5323653
nature_economic_cost_robustness_v1,post_hoc_development_parameterized_sensitivity,real_2026_usd,independent_fresh_event_screening_bootstrap,proportional_reference_module_accounting_sensitivity_no_portfolio_diversification,slack_backed,2,0,0.95,1,1,45.7355299495,227.5390625,200,0.05,0,0,2,50000,50,0,0,0,219.646206273,219.65693194,219.65693194,-49980.5323653
nature_economic_cost_robustness_v1,post_hoc_development_parameterized_sensitivity,real_2026_usd,independent_fresh_event_screening_bootstrap,proportional_reference_module_accounting_sensitivity_no_portfolio_diversification,slack_backed,2,0,0.95,1,1,45.7355299495,227.5390625,200,0.05,0.5,0.0025,0,0,50,0,0,0.557197029248,0.460914032343,0.820284808599,0.820284808599,-186.646836332
nature_economic_cost_robustness_v1,post_hoc_development_parameterized_sensitivity,real_2026_usd,independent_fresh_event_screening_bootstrap,proportional_reference_module_accounting_sensitivity_no_portfolio_diversification,slack_backed,2,0,0.95,1,1,45.7355299495,227.5390625,200,0.05,0.5,0.0025,0.5,12500,50,0,0,0.557197029248,55.3965363499,55.7559071262,55.7559071262,-12686.6468363
nature_economic_cost_robustness_v1,post_hoc_development_parameterized_sensitivity,real_2026_usd,independent_fresh_event_screening_bootstrap,proportional_reference_module_accounting_sensitivity_no_portfolio_diversification,slack_backed,2,0,0.95,1,1,45.7355299495,227.5390625,200,0.05,0.5,0.0025,1,25000,50,0,0,0.557197029248,110.332158668,110.691529444,110.691529444,-25186.6468363
nature_economic_cost_robustness_v1,post_hoc_development_parameterized_sensitivity,real_2026_usd,independent_fresh_event_screening_bootstrap,proportional_reference_module_accounting_sensitivity_no_portfolio_diversification,slack_backed,2,0,0.95,1,1,45.7355299495,227.5390625,200,0.05,0.5,0.0025,2,50000,50,0,0,0.557197029248,220.203403303,220.562774079,220.562774079,-50186.6468363
nature_economic_cost_robustness_v1,post_hoc_development_parameterized_sensitivity,real_2026_usd,independent_fresh_event_screening_bootstrap,proportional_reference_module_accounting_sensitivity_no_portfolio_diversification,slack_backed,2,0,0.95,1,1,45.7355299495,227.5390625,200,0.05,1,0.005,0,0,50,0,0,1.1143940585,1.01811106159,1.72567617323,1.72567617323,-392.658738636
nature_economic_cost_robustness_v1,post_hoc_development_parameterized_sensitivity,real_2026_usd,independent_fresh_event_screening_bootstrap,proportional_reference_module_accounting_sensitivity_no_portfolio_diversification,slack_backed,2,0,0.95,1,1,45.7355299495,227.5390625,200,0.05,1,0.005,0.5,12500,50,0,0,1.1143940585,55.9537333792,56.6612984908,56.6612984908,-12892.6587386
nature_economic_cost_robustness_v1,post_hoc_development_parameterized_sensitivity,real_2026_usd,independent_fresh_event_screening_bootstrap,proportional_reference_module_accounting_sensitivity_no_portfolio_diversification,slack_backed,2,0,0.95,1,1,45.7355299495,227.5390625,200,0.05,1,0.005,1,25000,50,0,0,1.1143940585,110.889355697,111.596920808,111.596920808,-25392.6587386
nature_economic_cost_robustness_v1,post_hoc_development_parameterized_sensitivity,real_2026_usd,independent_fresh_event_screening_bootstrap,proportional_reference_module_accounting_sensitivity_no_portfolio_diversification,slack_backed,2,0,0.95,1,1,45.7355299495,227.5390625,200,0.05,1,0.005,2,50000,50,0,0,1.1143940585,220.760600332,221.468165444,221.468165444,-50392.6587386
nature_economic_cost_robustness_v1,post_hoc_development_parameterized_sensitivity,real_2026_usd,independent_fresh_event_screening_bootstrap,proportional_reference_module_accounting_sensitivity_no_portfolio_diversification,slack_backed,2,0,0.95,1,1,45.7355299495,227.5390625,200,0.05,2,0.01,0,0,50,0,0,2.22878811699,2.13250512009,3.5364589025,3.5364589025,-804.682543245
nature_economic_cost_robustness_v1,post_hoc_development_parameterized_sensitivity,real_2026_usd,independent_fresh_event_screening_bootstrap,proportional_reference_module_accounting_sensitivity_no_portfolio_diversification,slack_backed,2,0,0.95,1,1,45.7355299495,227.5390625,200,0.05,2,0.01,0.5,12500,50,0,0,2.22878811699,57.0681274377,58.4720812201,58.4720812201,-13304.6825432
nature_economic_cost_robustness_v1,post_hoc_development_parameterized_sensitivity,real_2026_usd,independent_fresh_event_screening_bootstrap,proportional_reference_module_accounting_sensitivity_no_portfolio_diversification,slack_backed,2,0,0.95,1,1,45.7355299495,227.5390625,200,0.05,2,0.01,1,25000,50,0,0,2.22878811699,112.003749755,113.407703538,113.407703538,-25804.6825432
nature_economic_cost_robustness_v1,post_hoc_development_parameterized_sensitivity,real_2026_usd,independent_fresh_event_screening_bootstrap,proportional_reference_module_accounting_sensitivity_no_portfolio_diversification,slack_backed,2,0,0.95,1,1,45.7355299495,227.5390625,200,0.05,2,0.01,2,50000,50,0,0,2.22878811699,221.87499439,223.278948173,223.278948173,-50804.6825432
nature_economic_cost_robustness_v1,post_hoc_development_parameterized_sensitivity,real_2026_usd,independent_fresh_event_screening_bootstrap,proportional_reference_module_accounting_sensitivity_no_portfolio_diversification,reserved_headroom,2,0,0.95,1,1,45.7355299495,227.5390625,200,0.05,0,0,0,0,50,0.15,0,0,116.051988506,116.062714173,116.062714173,-26408.8011741
nature_economic_cost_robustness_v1,post_hoc_development_parameterized_sensitivity,real_2026_usd,independent_fresh_event_screening_bootstrap,proportional_reference_module_accounting_sensitivity_no_portfolio_diversification,reserved_headroom,2,0,0.95,1,1,45.7355299495,227.5390625,200,0.05,0,0,0.5,12500,50,0.15,0,0,170.987610824,170.998336491,170.998336491,-38908.8011741
nature_economic_cost_robustness_v1,post_hoc_development_parameterized_sensitivity,real_2026_usd,independent_fresh_event_screening_bootstrap,proportional_reference_module_accounting_sensitivity_no_portfolio_diversification,reserved_headroom,2,0,0.95,1,1,45.7355299495,227.5390625,200,0.05,0,0,1,25000,50,0.15,0,0,225.923233142,225.933958808,225.933958808,-51408.8011741
nature_economic_cost_robustness_v1,post_hoc_development_parameterized_sensitivity,real_2026_usd,independent_fresh_event_screening_bootstrap,proportional_reference_module_accounting_sensitivity_no_portfolio_diversification,reserved_headroom,2,0,0.95,1,1,45.7355299495,227.5390625,200,0.05,0,0,2,50000,50,0.15,0,0,335.794477777,335.805203443,335.805203443,-76408.8011741
nature_economic_cost_robustness_v1,post_hoc_development_parameterized_sensitivity,real_2026_usd,independent_fresh_event_screening_bootstrap,proportional_reference_module_accounting_sensitivity_no_portfolio_diversification,reserved_headroom,2,0,0.95,1,1,45.7355299495,227.5390625,200,0.05,0.5,0.0025,0,0,50,0.15,0,0.557197029248,116.609185536,116.968556312,116.968556312,-26614.9156452
nature_economic_cost_robustness_v1,post_hoc_development_parameterized_sensitivity,real_2026_usd,independent_fresh_event_screening_bootstrap,proportional_reference_module_accounting_sensitivity_no_portfolio_diversification,reserved_headroom,2,0,0.95,1,1,45.7355299495,227.5390625,200,0.05,0.5,0.0025,0.5,12500,50,0.15,0,0.557197029248,171.544807853,171.904178629,171.904178629,-39114.9156452
nature_economic_cost_robustness_v1,post_hoc_development_parameterized_sensitivity,real_2026_usd,independent_fresh_event_screening_bootstrap,proportional_reference_module_accounting_sensitivity_no_portfolio_diversification,reserved_headroom,2,0,0.95,1,1,45.7355299495,227.5390625,200,0.05,0.5,0.0025,1,25000,50,0.15,0,0.557197029248,226.480430171,226.839800947,226.839800947,-51614.9156452
nature_economic_cost_robustness_v1,post_hoc_development_parameterized_sensitivity,real_2026_usd,independent_fresh_event_screening_bootstrap,proportional_reference_module_accounting_sensitivity_no_portfolio_diversification,reserved_headroom,2,0,0.95,1,1,45.7355299495,227.5390625,200,0.05,0.5,0.0025,2,50000,50,0.15,0,0.557197029248,336.351674806,336.711045582,336.711045582,-76614.9156452
nature_economic_cost_robustness_v1,post_hoc_development_parameterized_sensitivity,real_2026_usd,independent_fresh_event_screening_bootstrap,proportional_reference_module_accounting_sensitivity_no_portfolio_diversification,reserved_headroom,2,0,0.95,1,1,45.7355299495,227.5390625,200,0.05,1,0.005,0,0,50,0.15,0,1.1143940585,117.166382565,117.873947676,117.873947676,-26820.9275475
nature_economic_cost_robustness_v1,post_hoc_development_parameterized_sensitivity,real_2026_usd,independent_fresh_event_screening_bootstrap,proportional_reference_module_accounting_sensitivity_no_portfolio_diversification,reserved_headroom,2,0,0.95,1,1,45.7355299495,227.5390625,200,0.05,1,0.005,0.5,12500,50,0.15,0,1.1143940585,172.102004882,172.809569994,172.809569994,-39320.9275475
nature_economic_cost_robustness_v1,post_hoc_development_parameterized_sensitivity,real_2026_usd,independent_fresh_event_screening_bootstrap,proportional_reference_module_accounting_sensitivity_no_portfolio_diversification,reserved_headroom,2,0,0.95,1,1,45.7355299495,227.5390625,200,0.05,1,0.005,1,25000,50,0.15,0,1.1143940585,227.0376272,227.745192312,227.745192312,-51820.9275475
nature_economic_cost_robustness_v1,post_hoc_development_parameterized_sensitivity,real_2026_usd,independent_fresh_event_screening_bootstrap,proportional_reference_module_accounting_sensitivity_no_portfolio_diversification,reserved_headroom,2,0,0.95,1,1,45.7355299495,227.5390625,200,0.05,1,0.005,2,50000,50,0.15,0,1.1143940585,336.908871835,337.616436947,337.616436947,-76820.9275475
nature_economic_cost_robustness_v1,post_hoc_development_parameterized_sensitivity,real_2026_usd,independent_fresh_event_screening_bootstrap,proportional_reference_module_accounting_sensitivity_no_portfolio_diversification,reserved_headroom,2,0,0.95,1,1,45.7355299495,227.5390625,200,0.05,2,0.01,0,0,50,0.15,0,2.22878811699,118.280776623,119.684730406,119.684730406,-27232.9513521
nature_economic_cost_robustness_v1,post_hoc_development_parameterized_sensitivity,real_2026_usd,independent_fresh_event_screening_bootstrap,proportional_reference_module_accounting_sensitivity_no_portfolio_diversification,reserved_headroom,2,0,0.95,1,1,45.7355299495,227.5390625,200,0.05,2,0.01,0.5,12500,50,0.15,0,2.22878811699,173.216398941,174.620352723,174.620352723,-39732.9513521
nature_economic_cost_robustness_v1,post_hoc_development_parameterized_sensitivity,real_2026_usd,independent_fresh_event_screening_bootstrap,proportional_reference_module_accounting_sensitivity_no_portfolio_diversification,reserved_headroom,2,0,0.95,1,1,45.7355299495,227.5390625,200,0.05,2,0.01,1,25000,50,0.15,0,2.22878811699,228.152021259,229.555975041,229.555975041,-52232.9513521
nature_economic_cost_robustness_v1,post_hoc_development_parameterized_sensitivity,real_2026_usd,independent_fresh_event_screening_bootstrap,proportional_reference_module_accounting_sensitivity_no_portfolio_diversification,reserved_headroom,2,0,0.95,1,1,45.7355299495,227.5390625,200,0.05,2,0.01,2,50000,50,0.15,0,2.22878811699,338.023265894,339.427219676,339.427219676,-77232.9513521
nature_economic_cost_robustness_v1,post_hoc_development_parameterized_sensitivity,real_2026_usd,independent_fresh_event_screening_bootstrap,proportional_reference_module_accounting_sensitivity_no_portfolio_diversification,throughput_displacing,2,0,0.95,1,1,45.7355299495,227.5390625,200,0.05,0,0,0,0,50,0,0.25,0,1.571241553,1.69866349298,1.69866349298,-386.512298695
nature_economic_cost_robustness_v1,post_hoc_development_parameterized_sensitivity,real_2026_usd,independent_fresh_event_screening_bootstrap,proportional_reference_module_accounting_sensitivity_no_portfolio_diversification,throughput_displacing,2,0,0.95,1,1,45.7355299495,227.5390625,200,0.05,0,0,0.5,12500,50,0,0.25,0,56.5068638706,56.6342858106,56.6342858106,-12886.5122987
nature_economic_cost_robustness_v1,post_hoc_development_parameterized_sensitivity,real_2026_usd,independent_fresh_event_screening_bootstrap,proportional_reference_module_accounting_sensitivity_no_portfolio_diversification,throughput_displacing,2,0,0.95,1,1,45.7355299495,227.5390625,200,0.05,0,0,1,25000,50,0,0.25,0,111.442486188,111.569908128,111.569908128,-25386.5122987
nature_economic_cost_robustness_v1,post_hoc_development_parameterized_sensitivity,real_2026_usd,independent_fresh_event_screening_bootstrap,proportional_reference_module_accounting_sensitivity_no_portfolio_diversification,throughput_displacing,2,0,0.95,1,1,45.7355299495,227.5390625,200,0.05,0,0,2,50000,50,0,0.25,0,221.313730823,221.441152763,221.441152763,-50386.5122987
nature_economic_cost_robustness_v1,post_hoc_development_parameterized_sensitivity,real_2026_usd,independent_fresh_event_screening_bootstrap,proportional_reference_module_accounting_sensitivity_no_portfolio_diversification,throughput_displacing,2,0,0.95,1,1,45.7355299495,227.5390625,200,0.05,0.5,0.0025,0,0,50,0,0.25,0.557197029248,2.12843858224,2.37167603924,2.37167603924,-539.648942522
nature_economic_cost_robustness_v1,post_hoc_development_parameterized_sensitivity,real_2026_usd,independent_fresh_event_screening_bootstrap,proportional_reference_module_accounting_sensitivity_no_portfolio_diversification,throughput_displacing,2,0,0.95,1,1,45.7355299495,227.5390625,200,0.05,0.5,0.0025,0.5,12500,50,0,0.25,0.557197029248,57.0640608998,57.3072983568,57.3072983568,-13039.6489425
nature_economic_cost_robustness_v1,post_hoc_development_parameterized_sensitivity,real_2026_usd,independent_fresh_event_screening_bootstrap,proportional_reference_module_accounting_sensitivity_no_portfolio_diversification,throughput_displacing,2,0,0.95,1,1,45.7355299495,227.5390625,200,0.05,0.5,0.0025,1,25000,50,0,0.25,0.557197029248,111.999683217,112.242920674,112.242920674,-25539.6489425
nature_economic_cost_robustness_v1,post_hoc_development_parameterized_sensitivity,real_2026_usd,independent_fresh_event_screening_bootstrap,proportional_reference_module_accounting_sensitivity_no_portfolio_diversification,throughput_displacing,2,0,0.95,1,1,45.7355299495,227.5390625,200,0.05,0.5,0.0025,2,50000,50,0,0.25,0.557197029248,221.870927853,222.11416531,222.11416531,-50539.6489425
nature_economic_cost_robustness_v1,post_hoc_development_parameterized_sensitivity,real_2026_usd,independent_fresh_event_screening_bootstrap,proportional_reference_module_accounting_sensitivity_no_portfolio_diversification,throughput_displacing,2,0,0.95,1,1,45.7355299495,227.5390625,200,0.05,1,0.005,0,0,50,0,0.25,1.1143940585,2.68563561149,3.26582626751,3.26582626751,-743.103047197
nature_economic_cost_robustness_v1,post_hoc_development_parameterized_sensitivity,real_2026_usd,independent_fresh_event_screening_bootstrap,proportional_reference_module_accounting_sensitivity_no_portfolio_diversification,throughput_displacing,2,0,0.95,1,1,45.7355299495,227.5390625,200,0.05,1,0.005,0.5,12500,50,0,0.25,1.1143940585,57.6212579291,58.2014485851,58.2014485851,-13243.1030472
nature_economic_cost_robustness_v1,post_hoc_development_parameterized_sensitivity,real_2026_usd,independent_fresh_event_screening_bootstrap,proportional_reference_module_accounting_sensitivity_no_portfolio_diversification,throughput_displacing,2,0,0.95,1,1,45.7355299495,227.5390625,200,0.05,1,0.005,1,25000,50,0,0.25,1.1143940585,112.556880247,113.137070903,113.137070903,-25743.1030472
nature_economic_cost_robustness_v1,post_hoc_development_parameterized_sensitivity,real_2026_usd,independent_fresh_event_screening_bootstrap,proportional_reference_module_accounting_sensitivity_no_portfolio_diversification,throughput_displacing,2,0,0.95,1,1,45.7355299495,227.5390625,200,0.05,1,0.005,2,50000,50,0,0.25,1.1143940585,222.428124882,223.008315538,223.008315538,-50743.1030472
nature_economic_cost_robustness_v1,post_hoc_development_parameterized_sensitivity,real_2026_usd,independent_fresh_event_screening_bootstrap,proportional_reference_module_accounting_sensitivity_no_portfolio_diversification,throughput_displacing,2,0,0.95,1,1,45.7355299495,227.5390625,200,0.05,2,0.01,0,0,50,0,0.25,2.22878811699,3.80002966999,5.07582265241,5.07582265241,-1154.94792774
nature_economic_cost_robustness_v1,post_hoc_development_parameterized_sensitivity,real_2026_usd,independent_fresh_event_screening_bootstrap,proportional_reference_module_accounting_sensitivity_no_portfolio_diversification,throughput_displacing,2,0,0.95,1,1,45.7355299495,227.5390625,200,0.05,2,0.01,0.5,12500,50,0,0.25,2.22878811699,58.7356519876,60.01144497,60.01144497,-13654.9479277
nature_economic_cost_robustness_v1,post_hoc_development_parameterized_sensitivity,real_2026_usd,independent_fresh_event_screening_bootstrap,proportional_reference_module_accounting_sensitivity_no_portfolio_diversification,throughput_displacing,2,0,0.95,1,1,45.7355299495,227.5390625,200,0.05,2,0.01,1,25000,50,0,0.25,2.22878811699,113.671274305,114.947067288,114.947067288,-26154.9479277
nature_economic_cost_robustness_v1,post_hoc_development_parameterized_sensitivity,real_2026_usd,independent_fresh_event_screening_bootstrap,proportional_reference_module_accounting_sensitivity_no_portfolio_diversification,throughput_displacing,2,0,0.95,1,1,45.7355299495,227.5390625,200,0.05,2,0.01,2,50000,50,0,0.25,2.22878811699,223.54251894,224.818311923,224.818311923,-51154.9479277
nature_economic_cost_robustness_v1,post_hoc_development_parameterized_sensitivity,real_2026_usd,independent_fresh_event_screening_bootstrap,proportional_reference_module_accounting_sensitivity_no_portfolio_diversification,slack_backed,2,0,0.95,1,5,45.7355299495,1137.6953125,200,0.05,0,0,0,0,50,0,0,0,0,0,-0.0855573302398,97.3381735639
nature_economic_cost_robustness_v1,post_hoc_development_parameterized_sensitivity,real_2026_usd,independent_fresh_event_screening_bootstrap,proportional_reference_module_accounting_sensitivity_no_portfolio_diversification,slack_backed,2,0,0.95,1,5,45.7355299495,1137.6953125,200,0.05,0,0,0.5,12500,50,0,0,0,10.8908414666,10.9015671333,10.9015671333,-12402.6618264
nature_economic_cost_robustness_v1,post_hoc_development_parameterized_sensitivity,real_2026_usd,independent_fresh_event_screening_bootstrap,proportional_reference_module_accounting_sensitivity_no_portfolio_diversification,slack_backed,2,0,0.95,1,5,45.7355299495,1137.6953125,200,0.05,0,0,1,25000,50,0,0,0,21.8779659301,21.8886915968,21.8886915968,-24902.6618264
nature_economic_cost_robustness_v1,post_hoc_development_parameterized_sensitivity,real_2026_usd,independent_fresh_event_screening_bootstrap,proportional_reference_module_accounting_sensitivity_no_portfolio_diversification,slack_backed,2,0,0.95,1,5,45.7355299495,1137.6953125,200,0.05,0,0,2,50000,50,0,0,0,43.8522148572,43.8629405238,43.8629405238,-49902.6618264
nature_economic_cost_robustness_v1,post_hoc_development_parameterized_sensitivity,real_2026_usd,independent_fresh_event_screening_bootstrap,proportional_reference_module_accounting_sensitivity_no_portfolio_diversification,slack_backed,2,0,0.95,1,5,45.7355299495,1137.6953125,200,0.05,0.5,0.0025,0,0,50,0,0,0.557197029248,0.460914032343,0.820284808599,0.820284808599,-933.234181658
nature_economic_cost_robustness_v1,post_hoc_development_parameterized_sensitivity,real_2026_usd,independent_fresh_event_screening_bootstrap,proportional_reference_module_accounting_sensitivity_no_portfolio_diversification,slack_backed,2,0,0.95,1,5,45.7355299495,1137.6953125,200,0.05,0.5,0.0025,0.5,12500,50,0,0,0.557197029248,11.4480384959,11.8074092721,11.8074092721,-13433.2341817
nature_economic_cost_robustness_v1,post_hoc_development_parameterized_sensitivity,real_2026_usd,independent_fresh_event_screening_bootstrap,proportional_reference_module_accounting_sensitivity_no_portfolio_diversification,slack_backed,2,0,0.95,1,5,45.7355299495,1137.6953125,200,0.05,0.5,0.0025,1,25000,50,0,0,0.557197029248,22.4351629594,22.7945337356,22.7945337356,-25933.2341817
nature_economic_cost_robustness_v1,post_hoc_development_parameterized_sensitivity,real_2026_usd,independent_fresh_event_screening_bootstrap,proportional_reference_module_accounting_sensitivity_no_portfolio_diversification,slack_backed,2,0,0.95,1,5,45.7355299495,1137.6953125,200,0.05,0.5,0.0025,2,50000,50,0,0,0.557197029248,44.4094118864,44.7687826627,44.7687826627,-50933.2341817
nature_economic_cost_robustness_v1,post_hoc_development_parameterized_sensitivity,real_2026_usd,independent_fresh_event_screening_bootstrap,proportional_reference_module_accounting_sensitivity_no_portfolio_diversification,slack_backed,2,0,0.95,1,5,45.7355299495,1137.6953125,200,0.05,1,0.005,0,0,50,0,0,1.1143940585,1.01811106159,1.72567617323,1.72567617323,-1963.29369318
nature_economic_cost_robustness_v1,post_hoc_development_parameterized_sensitivity,real_2026_usd,independent_fresh_event_screening_bootstrap,proportional_reference_module_accounting_sensitivity_no_portfolio_diversification,slack_backed,2,0,0.95,1,5,45.7355299495,1137.6953125,200,0.05,1,0.005,0.5,12500,50,0,0,1.1143940585,12.0052355251,12.7128006368,12.7128006368,-14463.2936932
nature_economic_cost_robustness_v1,post_hoc_development_parameterized_sensitivity,real_2026_usd,independent_fresh_event_screening_bootstrap,proportional_reference_module_accounting_sensitivity_no_portfolio_diversification,slack_backed,2,0,0.95,1,5,45.7355299495,1137.6953125,200,0.05,1,0.005,1,25000,50,0,0,1.1143940585,22.9923599886,23.6999251003,23.6999251003,-26963.2936932
nature_economic_cost_robustness_v1,post_hoc_development_parameterized_sensitivity,real_2026_usd,independent_fresh_event_screening_bootstrap,proportional_reference_module_accounting_sensitivity_no_portfolio_diversification,slack_backed,2,0,0.95,1,5,45.7355299495,1137.6953125,200,0.05,1,0.005,2,50000,50,0,0,1.1143940585,44.9666089157,45.6741740273,45.6741740273,-51963.2936932
nature_economic_cost_robustness_v1,post_hoc_development_parameterized_sensitivity,real_2026_usd,independent_fresh_event_screening_bootstrap,proportional_reference_module_accounting_sensitivity_no_portfolio_diversification,slack_backed,2,0,0.95,1,5,45.7355299495,1137.6953125,200,0.05,2,0.01,0,0,50,0,0,2.22878811699,2.13250512009,3.5364589025,3.5364589025,-4023.41271623
nature_economic_cost_robustness_v1,post_hoc_development_parameterized_sensitivity,real_2026_usd,independent_fresh_event_screening_bootstrap,proportional_reference_module_accounting_sensitivity_no_portfolio_diversification,slack_backed,2,0,0.95,1,5,45.7355299495,1137.6953125,200,0.05,2,0.01,0.5,12500,50,0,0,2.22878811699,13.1196295836,14.523583366,14.523583366,-16523.4127162
nature_economic_cost_robustness_v1,post_hoc_development_parameterized_sensitivity,real_2026_usd,independent_fresh_event_screening_bootstrap,proportional_reference_module_accounting_sensitivity_no_portfolio_diversification,slack_backed,2,0,0.95,1,5,45.7355299495,1137.6953125,200,0.05,2,0.01,1,25000,50,0,0,2.22878811699,24.1067540471,25.5107078295,25.5107078295,-29023.4127162
nature_economic_cost_robustness_v1,post_hoc_development_parameterized_sensitivity,real_2026_usd,independent_fresh_event_screening_bootstrap,proportional_reference_module_accounting_sensitivity_no_portfolio_diversification,slack_backed,2,0,0.95,1,5,45.7355299495,1137.6953125,200,0.05,2,0.01,2,50000,50,0,0,2.22878811699,46.0810029742,47.4849567566,47.4849567566,-54023.4127162
nature_economic_cost_robustness_v1,post_hoc_development_parameterized_sensitivity,real_2026_usd,independent_fresh_event_screening_bootstrap,proportional_reference_module_accounting_sensitivity_no_portfolio_diversification,reserved_headroom,2,0,0.95,1,5,45.7355299495,1137.6953125,200,0.05,0,0,0,0,50,0.15,0,0,116.051988506,116.062714173,116.062714173,-132044.005871
nature_economic_cost_robustness_v1,post_hoc_development_parameterized_sensitivity,real_2026_usd,independent_fresh_event_screening_bootstrap,proportional_reference_module_accounting_sensitivity_no_portfolio_diversification,reserved_headroom,2,0,0.95,1,5,45.7355299495,1137.6953125,200,0.05,0,0,0.5,12500,50,0.15,0,0,127.03911297,127.049838637,127.049838637,-144544.005871
nature_economic_cost_robustness_v1,post_hoc_development_parameterized_sensitivity,real_2026_usd,independent_fresh_event_screening_bootstrap,proportional_reference_module_accounting_sensitivity_no_portfolio_diversification,reserved_headroom,2,0,0.95,1,5,45.7355299495,1137.6953125,200,0.05,0,0,1,25000,50,0.15,0,0,138.026237433,138.0369631,138.0369631,-157044.005871
nature_economic_cost_robustness_v1,post_hoc_development_parameterized_sensitivity,real_2026_usd,independent_fresh_event_screening_bootstrap,proportional_reference_module_accounting_sensitivity_no_portfolio_diversification,reserved_headroom,2,0,0.95,1,5,45.7355299495,1137.6953125,200,0.05,0,0,2,50000,50,0.15,0,0,160.00048636,160.011212027,160.011212027,-182044.005871
nature_economic_cost_robustness_v1,post_hoc_development_parameterized_sensitivity,real_2026_usd,independent_fresh_event_screening_bootstrap,proportional_reference_module_accounting_sensitivity_no_portfolio_diversification,reserved_headroom,2,0,0.95,1,5,45.7355299495,1137.6953125,200,0.05,0.5,0.0025,0,0,50,0.15,0,0.557197029248,116.609185536,116.968556312,116.968556312,-133074.578226
nature_economic_cost_robustness_v1,post_hoc_development_parameterized_sensitivity,real_2026_usd,independent_fresh_event_screening_bootstrap,proportional_reference_module_accounting_sensitivity_no_portfolio_diversification,reserved_headroom,2,0,0.95,1,5,45.7355299495,1137.6953125,200,0.05,0.5,0.0025,0.5,12500,50,0.15,0,0.557197029248,127.596309999,127.955680775,127.955680775,-145574.578226
nature_economic_cost_robustness_v1,post_hoc_development_parameterized_sensitivity,real_2026_usd,independent_fresh_event_screening_bootstrap,proportional_reference_module_accounting_sensitivity_no_portfolio_diversification,reserved_headroom,2,0,0.95,1,5,45.7355299495,1137.6953125,200,0.05,0.5,0.0025,1,25000,50,0.15,0,0.557197029248,138.583434463,138.942805239,138.942805239,-158074.578226
nature_economic_cost_robustness_v1,post_hoc_development_parameterized_sensitivity,real_2026_usd,independent_fresh_event_screening_bootstrap,proportional_reference_module_accounting_sensitivity_no_portfolio_diversification,reserved_headroom,2,0,0.95,1,5,45.7355299495,1137.6953125,200,0.05,0.5,0.0025,2,50000,50,0.15,0,0.557197029248,160.55768339,160.917054166,160.917054166,-183074.578226
nature_economic_cost_robustness_v1,post_hoc_development_parameterized_sensitivity,real_2026_usd,independent_fresh_event_screening_bootstrap,proportional_reference_module_accounting_sensitivity_no_portfolio_diversification,reserved_headroom,2,0,0.95,1,5,45.7355299495,1137.6953125,200,0.05,1,0.005,0,0,50,0.15,0,1.1143940585,117.166382565,117.873947676,117.873947676,-134104.637737
nature_economic_cost_robustness_v1,post_hoc_development_parameterized_sensitivity,real_2026_usd,independent_fresh_event_screening_bootstrap,proportional_reference_module_accounting_sensitivity_no_portfolio_diversification,reserved_headroom,2,0,0.95,1,5,45.7355299495,1137.6953125,200,0.05,1,0.005,0.5,12500,50,0.15,0,1.1143940585,128.153507028,128.86107214,128.86107214,-146604.637737
nature_economic_cost_robustness_v1,post_hoc_development_parameterized_sensitivity,real_2026_usd,independent_fresh_event_screening_bootstrap,proportional_reference_module_accounting_sensitivity_no_portfolio_diversification,reserved_headroom,2,0,0.95,1,5,45.7355299495,1137.6953125,200,0.05,1,0.005,1,25000,50,0.15,0,1.1143940585,139.140631492,139.848196604,139.848196604,-159104.637737
nature_economic_cost_robustness_v1,post_hoc_development_parameterized_sensitivity,real_2026_usd,independent_fresh_event_screening_bootstrap,proportional_reference_module_accounting_sensitivity_no_portfolio_diversification,reserved_headroom,2,0,0.95,1,5,45.7355299495,1137.6953125,200,0.05,1,0.005,2,50000,50,0.15,0,1.1143940585,161.114880419,161.822445531,161.822445531,-184104.637737
nature_economic_cost_robustness_v1,post_hoc_development_parameterized_sensitivity,real_2026_usd,independent_fresh_event_screening_bootstrap,proportional_reference_module_accounting_sensitivity_no_portfolio_diversification,reserved_headroom,2,0,0.95,1,5,45.7355299495,1137.6953125,200,0.05,2,0.01,0,0,50,0.15,0,2.22878811699,118.280776623,119.684730406,119.684730406,-136164.75676
nature_economic_cost_robustness_v1,post_hoc_development_parameterized_sensitivity,real_2026_usd,independent_fresh_event_screening_bootstrap,proportional_reference_module_accounting_sensitivity_no_portfolio_diversification,reserved_headroom,2,0,0.95,1,5,45.7355299495,1137.6953125,200,0.05,2,0.01,0.5,12500,50,0.15,0,2.22878811699,129.267901087,130.671854869,130.671854869,-148664.75676
nature_economic_cost_robustness_v1,post_hoc_development_parameterized_sensitivity,real_2026_usd,independent_fresh_event_screening_bootstrap,proportional_reference_module_accounting_sensitivity_no_portfolio_diversification,reserved_headroom,2,0,0.95,1,5,45.7355299495,1137.6953125,200,0.05,2,0.01,1,25000,50,0.15,0,2.22878811699,140.25502555,141.658979333,141.658979333,-161164.75676
nature_economic_cost_robustness_v1,post_hoc_development_parameterized_sensitivity,real_2026_usd,independent_fresh_event_screening_bootstrap,proportional_reference_module_accounting_sensitivity_no_portfolio_diversification,reserved_headroom,2,0,0.95,1,5,45.7355299495,1137.6953125,200,0.05,2,0.01,2,50000,50,0.15,0,2.22878811699,162.229274477,163.63322826,163.63322826,-186164.75676
nature_economic_cost_robustness_v1,post_hoc_development_parameterized_sensitivity,real_2026_usd,independent_fresh_event_screening_bootstrap,proportional_reference_module_accounting_sensitivity_no_portfolio_diversification,throughput_displacing,2,0,0.95,1,5,45.7355299495,1137.6953125,200,0.05,0,0,0,0,50,0,0.25,0,1.571241553,1.69866349298,1.69866349298,-1932.56149347
nature_economic_cost_robustness_v1,post_hoc_development_parameterized_sensitivity,real_2026_usd,independent_fresh_event_screening_bootstrap,proportional_reference_module_accounting_sensitivity_no_portfolio_diversification,throughput_displacing,2,0,0.95,1,5,45.7355299495,1137.6953125,200,0.05,0,0,0.5,12500,50,0,0.25,0,12.5583660165,12.6857879565,12.6857879565,-14432.5614935
nature_economic_cost_robustness_v1,post_hoc_development_parameterized_sensitivity,real_2026_usd,independent_fresh_event_screening_bootstrap,proportional_reference_module_accounting_sensitivity_no_portfolio_diversification,throughput_displacing,2,0,0.95,1,5,45.7355299495,1137.6953125,200,0.05,0,0,1,25000,50,0,0.25,0,23.54549048,23.67291242,23.67291242,-26932.5614935
nature_economic_cost_robustness_v1,post_hoc_development_parameterized_sensitivity,real_2026_usd,independent_fresh_event_screening_bootstrap,proportional_reference_module_accounting_sensitivity_no_portfolio_diversification,throughput_displacing,2,0,0.95,1,5,45.7355299495,1137.6953125,200,0.05,0,0,2,50000,50,0,0.25,0,45.5197394071,45.6471613471,45.6471613471,-51932.5614935
nature_economic_cost_robustness_v1,post_hoc_development_parameterized_sensitivity,real_2026_usd,independent_fresh_event_screening_bootstrap,proportional_reference_module_accounting_sensitivity_no_portfolio_diversification,throughput_displacing,2,0,0.95,1,5,45.7355299495,1137.6953125,200,0.05,0.5,0.0025,0,0,50,0,0.25,0.557197029248,2.12843858224,2.37167603924,2.37167603924,-2698.24471261
nature_economic_cost_robustness_v1,post_hoc_development_parameterized_sensitivity,real_2026_usd,independent_fresh_event_screening_bootstrap,proportional_reference_module_accounting_sensitivity_no_portfolio_diversification,throughput_displacing,2,0,0.95,1,5,45.7355299495,1137.6953125,200,0.05,0.5,0.0025,0.5,12500,50,0,0.25,0.557197029248,13.1155630458,13.3588005028,13.3588005028,-15198.2447126
nature_economic_cost_robustness_v1,post_hoc_development_parameterized_sensitivity,real_2026_usd,independent_fresh_event_screening_bootstrap,proportional_reference_module_accounting_sensitivity_no_portfolio_diversification,throughput_displacing,2,0,0.95,1,5,45.7355299495,1137.6953125,200,0.05,0.5,0.0025,1,25000,50,0,0.25,0.557197029248,24.1026875093,24.3459249663,24.3459249663,-27698.2447126
nature_economic_cost_robustness_v1,post_hoc_development_parameterized_sensitivity,real_2026_usd,independent_fresh_event_screening_bootstrap,proportional_reference_module_accounting_sensitivity_no_portfolio_diversification,throughput_displacing,2,0,0.95,1,5,45.7355299495,1137.6953125,200,0.05,0.5,0.0025,2,50000,50,0,0.25,0.557197029248,46.0769364363,46.3201738933,46.3201738933,-52698.2447126
nature_economic_cost_robustness_v1,post_hoc_development_parameterized_sensitivity,real_2026_usd,independent_fresh_event_screening_bootstrap,proportional_reference_module_accounting_sensitivity_no_portfolio_diversification,throughput_displacing,2,0,0.95,1,5,45.7355299495,1137.6953125,200,0.05,1,0.005,0,0,50,0,0.25,1.1143940585,2.68563561149,3.26582626751,3.26582626751,-3715.51523599
nature_economic_cost_robustness_v1,post_hoc_development_parameterized_sensitivity,real_2026_usd,independent_fresh_event_screening_bootstrap,proportional_reference_module_accounting_sensitivity_no_portfolio_diversification,throughput_displacing,2,0,0.95,1,5,45.7355299495,1137.6953125,200,0.05,1,0.005,0.5,12500,50,0,0.25,1.1143940585,13.672760075,14.252950731,14.252950731,-16215.515236
nature_economic_cost_robustness_v1,post_hoc_development_parameterized_sensitivity,real_2026_usd,independent_fresh_event_screening_bootstrap,proportional_reference_module_accounting_sensitivity_no_portfolio_diversification,throughput_displacing,2,0,0.95,1,5,45.7355299495,1137.6953125,200,0.05,1,0.005,1,25000,50,0,0.25,1.1143940585,24.6598845385,25.2400751945,25.2400751945,-28715.515236
nature_economic_cost_robustness_v1,post_hoc_development_parameterized_sensitivity,real_2026_usd,independent_fresh_event_screening_bootstrap,proportional_reference_module_accounting_sensitivity_no_portfolio_diversification,throughput_displacing,2,0,0.95,1,5,45.7355299495,1137.6953125,200,0.05,1,0.005,2,50000,50,0,0.25,1.1143940585,46.6341334656,47.2143241216,47.2143241216,-53715.515236
nature_economic_cost_robustness_v1,post_hoc_development_parameterized_sensitivity,real_2026_usd,independent_fresh_event_screening_bootstrap,proportional_reference_module_accounting_sensitivity_no_portfolio_diversification,throughput_displacing,2,0,0.95,1,5,45.7355299495,1137.6953125,200,0.05,2,0.01,0,0,50,0,0.25,2.22878811699,3.80002966999,5.07582265241,5.07582265241,-5774.73963872
nature_economic_cost_robustness_v1,post_hoc_development_parameterized_sensitivity,real_2026_usd,independent_fresh_event_screening_bootstrap,proportional_reference_module_accounting_sensitivity_no_portfolio_diversification,throughput_displacing,2,0,0.95,1,5,45.7355299495,1137.6953125,200,0.05,2,0.01,0.5,12500,50,0,0.25,2.22878811699,14.7871541335,16.0629471159,16.0629471159,-18274.7396387
nature_economic_cost_robustness_v1,post_hoc_development_parameterized_sensitivity,real_2026_usd,independent_fresh_event_screening_bootstrap,proportional_reference_module_accounting_sensitivity_no_portfolio_diversification,throughput_displacing,2,0,0.95,1,5,45.7355299495,1137.6953125,200,0.05,2,0.01,1,25000,50,0,0.25,2.22878811699,25.774278597,27.0500715794,27.0500715794,-30774.7396387
nature_economic_cost_robustness_v1,post_hoc_development_parameterized_sensitivity,real_2026_usd,independent_fresh_event_screening_bootstrap,proportional_reference_module_accounting_sensitivity_no_portfolio_diversification,throughput_displacing,2,0,0.95,1,5,45.7355299495,1137.6953125,200,0.05,2,0.01,2,50000,50,0,0.25,2.22878811699,47.7485275241,49.0243205065,49.0243205065,-55774.7396387
nature_economic_cost_robustness_v1,post_hoc_development_parameterized_sensitivity,real_2026_usd,independent_fresh_event_screening_bootstrap,proportional_reference_module_accounting_sensitivity_no_portfolio_diversification,slack_backed,2,0,0.95,1,20,45.7355299495,4550.78125,200,0.05,0,0,0,0,50,0,0,0,0,0,-0.0855573302398,389.352694256
nature_economic_cost_robustness_v1,post_hoc_development_parameterized_sensitivity,real_2026_usd,independent_fresh_event_screening_bootstrap,proportional_reference_module_accounting_sensitivity_no_portfolio_diversification,slack_backed,2,0,0.95,1,20,45.7355299495,4550.78125,200,0.05,0,0,0.5,12500,50,0,0,0,2.65049811897,2.66122378564,2.66122378564,-12110.6473057
nature_economic_cost_robustness_v1,post_hoc_development_parameterized_sensitivity,real_2026_usd,independent_fresh_event_screening_bootstrap,proportional_reference_module_accounting_sensitivity_no_portfolio_diversification,slack_backed,2,0,0.95,1,20,45.7355299495,4550.78125,200,0.05,0,0,1,25000,50,0,0,0,5.39727923485,5.40800490152,5.40800490152,-24610.6473057
nature_economic_cost_robustness_v1,post_hoc_development_parameterized_sensitivity,real_2026_usd,independent_fresh_event_screening_bootstrap,proportional_reference_module_accounting_sensitivity_no_portfolio_diversification,slack_backed,2,0,0.95,1,20,45.7355299495,4550.78125,200,0.05,0,0,2,50000,50,0,0,0,10.8908414666,10.9015671333,10.9015671333,-49610.6473057
nature_economic_cost_robustness_v1,post_hoc_development_parameterized_sensitivity,real_2026_usd,independent_fresh_event_screening_bootstrap,proportional_reference_module_accounting_sensitivity_no_portfolio_diversification,slack_backed,2,0,0.95,1,20,45.7355299495,4550.78125,200,0.05,0.5,0.0025,0,0,50,0,0,0.557197029248,0.460914032343,0.820284808599,0.820284808599,-3732.93672663
nature_economic_cost_robustness_v1,post_hoc_development_parameterized_sensitivity,real_2026_usd,independent_fresh_event_screening_bootstrap,proportional_reference_module_accounting_sensitivity_no_portfolio_diversification,slack_backed,2,0,0.95,1,20,45.7355299495,4550.78125,200,0.05,0.5,0.0025,0.5,12500,50,0,0,0.557197029248,3.20769514822,3.56706592448,3.56706592448,-16232.9367266
nature_economic_cost_robustness_v1,post_hoc_development_parameterized_sensitivity,real_2026_usd,independent_fresh_event_screening_bootstrap,proportional_reference_module_accounting_sensitivity_no_portfolio_diversification,slack_backed,2,0,0.95,1,20,45.7355299495,4550.78125,200,0.05,0.5,0.0025,1,25000,50,0,0,0.557197029248,5.9544762641,6.31384704036,6.31384704036,-28732.9367266
nature_economic_cost_robustness_v1,post_hoc_development_parameterized_sensitivity,real_2026_usd,independent_fresh_event_screening_bootstrap,proportional_reference_module_accounting_sensitivity_no_portfolio_diversification,slack_backed,2,0,0.95,1,20,45.7355299495,4550.78125,200,0.05,0.5,0.0025,2,50000,50,0,0,0.557197029248,11.4480384959,11.8074092721,11.8074092721,-53732.9367266
nature_economic_cost_robustness_v1,post_hoc_development_parameterized_sensitivity,real_2026_usd,independent_fresh_event_screening_bootstrap,proportional_reference_module_accounting_sensitivity_no_portfolio_diversification,slack_backed,2,0,0.95,1,20,45.7355299495,4550.78125,200,0.05,1,0.005,0,0,50,0,0,1.1143940585,1.01811106159,1.72567617323,1.72567617323,-7853.17477272
nature_economic_cost_robustness_v1,post_hoc_development_parameterized_sensitivity,real_2026_usd,independent_fresh_event_screening_bootstrap,proportional_reference_module_accounting_sensitivity_no_portfolio_diversification,slack_backed,2,0,0.95,1,20,45.7355299495,4550.78125,200,0.05,1,0.005,0.5,12500,50,0,0,1.1143940585,3.76489217747,4.47245728911,4.47245728911,-20353.1747727
nature_economic_cost_robustness_v1,post_hoc_development_parameterized_sensitivity,real_2026_usd,independent_fresh_event_screening_bootstrap,proportional_reference_module_accounting_sensitivity_no_portfolio_diversification,slack_backed,2,0,0.95,1,20,45.7355299495,4550.78125,200,0.05,1,0.005,1,25000,50,0,0,1.1143940585,6.51167329335,7.21923840499,7.21923840499,-32853.1747727
nature_economic_cost_robustness_v1,post_hoc_development_parameterized_sensitivity,real_2026_usd,independent_fresh_event_screening_bootstrap,proportional_reference_module_accounting_sensitivity_no_portfolio_diversification,slack_backed,2,0,0.95,1,20,45.7355299495,4550.78125,200,0.05,1,0.005,2,50000,50,0,0,1.1143940585,12.0052355251,12.7128006368,12.7128006368,-57853.1747727
nature_economic_cost_robustness_v1,post_hoc_development_parameterized_sensitivity,real_2026_usd,independent_fresh_event_screening_bootstrap,proportional_reference_module_accounting_sensitivity_no_portfolio_diversification,slack_backed,2,0,0.95,1,20,45.7355299495,4550.78125,200,0.05,2,0.01,0,0,50,0,0,2.22878811699,2.13250512009,3.5364589025,3.5364589025,-16093.6508649
nature_economic_cost_robustness_v1,post_hoc_development_parameterized_sensitivity,real_2026_usd,independent_fresh_event_screening_bootstrap,proportional_reference_module_accounting_sensitivity_no_portfolio_diversification,slack_backed,2,0,0.95,1,20,45.7355299495,4550.78125,200,0.05,2,0.01,0.5,12500,50,0,0,2.22878811699,4.87928623597,6.28324001838,6.28324001838,-28593.6508649
nature_economic_cost_robustness_v1,post_hoc_development_parameterized_sensitivity,real_2026_usd,independent_fresh_event_screening_bootstrap,proportional_reference_module_accounting_sensitivity_no_portfolio_diversification,slack_backed,2,0,0.95,1,20,45.7355299495,4550.78125,200,0.05,2,0.01,1,25000,50,0,0,2.22878811699,7.62606735185,9.03002113426,9.03002113426,-41093.6508649
nature_economic_cost_robustness_v1,post_hoc_development_parameterized_sensitivity,real_2026_usd,independent_fresh_event_screening_bootstrap,proportional_reference_module_accounting_sensitivity_no_portfolio_diversification,slack_backed,2,0,0.95,1,20,45.7355299495,4550.78125,200,0.05,2,0.01,2,50000,50,0,0,2.22878811699,13.1196295836,14.523583366,14.523583366,-66093.6508649
nature_economic_cost_robustness_v1,post_hoc_development_parameterized_sensitivity,real_2026_usd,independent_fresh_event_screening_bootstrap,proportional_reference_module_accounting_sensitivity_no_portfolio_diversification,reserved_headroom,2,0,0.95,1,20,45.7355299495,4550.78125,200,0.05,0,0,0,0,50,0.15,0,0,116.051988506,116.062714173,116.062714173,-528176.023483
nature_economic_cost_robustness_v1,post_hoc_development_parameterized_sensitivity,real_2026_usd,independent_fresh_event_screening_bootstrap,proportional_reference_module_accounting_sensitivity_no_portfolio_diversification,reserved_headroom,2,0,0.95,1,20,45.7355299495,4550.78125,200,0.05,0,0,0.5,12500,50,0.15,0,0,118.798769622,118.809495289,118.809495289,-540676.023483
nature_economic_cost_robustness_v1,post_hoc_development_parameterized_sensitivity,real_2026_usd,independent_fresh_event_screening_bootstrap,proportional_reference_module_accounting_sensitivity_no_portfolio_diversification,reserved_headroom,2,0,0.95,1,20,45.7355299495,4550.78125,200,0.05,0,0,1,25000,50,0.15,0,0,121.545550738,121.556276405,121.556276405,-553176.023483
nature_economic_cost_robustness_v1,post_hoc_development_parameterized_sensitivity,real_2026_usd,independent_fresh_event_screening_bootstrap,proportional_reference_module_accounting_sensitivity_no_portfolio_diversification,reserved_headroom,2,0,0.95,1,20,45.7355299495,4550.78125,200,0.05,0,0,2,50000,50,0.15,0,0,127.03911297,127.049838637,127.049838637,-578176.023483
nature_economic_cost_robustness_v1,post_hoc_development_parameterized_sensitivity,real_2026_usd,independent_fresh_event_screening_bootstrap,proportional_reference_module_accounting_sensitivity_no_portfolio_diversification,reserved_headroom,2,0,0.95,1,20,45.7355299495,4550.78125,200,0.05,0.5,0.0025,0,0,50,0.15,0,0.557197029248,116.609185536,116.968556312,116.968556312,-532298.312903
nature_economic_cost_robustness_v1,post_hoc_development_parameterized_sensitivity,real_2026_usd,independent_fresh_event_screening_bootstrap,proportional_reference_module_accounting_sensitivity_no_portfolio_diversification,reserved_headroom,2,0,0.95,1,20,45.7355299495,4550.78125,200,0.05,0.5,0.0025,0.5,12500,50,0.15,0,0.557197029248,119.355966651,119.715337428,119.715337428,-544798.312903
nature_economic_cost_robustness_v1,post_hoc_development_parameterized_sensitivity,real_2026_usd,independent_fresh_event_screening_bootstrap,proportional_reference_module_accounting_sensitivity_no_portfolio_diversification,reserved_headroom,2,0,0.95,1,20,45.7355299495,4550.78125,200,0.05,0.5,0.0025,1,25000,50,0.15,0,0.557197029248,122.102747767,122.462118544,122.462118544,-557298.312903
nature_economic_cost_robustness_v1,post_hoc_development_parameterized_sensitivity,real_2026_usd,independent_fresh_event_screening_bootstrap,proportional_reference_module_accounting_sensitivity_no_portfolio_diversification,reserved_headroom,2,0,0.95,1,20,45.7355299495,4550.78125,200,0.05,0.5,0.0025,2,50000,50,0.15,0,0.557197029248,127.596309999,127.955680775,127.955680775,-582298.312903
nature_economic_cost_robustness_v1,post_hoc_development_parameterized_sensitivity,real_2026_usd,independent_fresh_event_screening_bootstrap,proportional_reference_module_accounting_sensitivity_no_portfolio_diversification,reserved_headroom,2,0,0.95,1,20,45.7355299495,4550.78125,200,0.05,1,0.005,0,0,50,0.15,0,1.1143940585,117.166382565,117.873947676,117.873947676,-536418.55095
nature_economic_cost_robustness_v1,post_hoc_development_parameterized_sensitivity,real_2026_usd,independent_fresh_event_screening_bootstrap,proportional_reference_module_accounting_sensitivity_no_portfolio_diversification,reserved_headroom,2,0,0.95,1,20,45.7355299495,4550.78125,200,0.05,1,0.005,0.5,12500,50,0.15,0,1.1143940585,119.913163681,120.620728792,120.620728792,-548918.55095
nature_economic_cost_robustness_v1,post_hoc_development_parameterized_sensitivity,real_2026_usd,independent_fresh_event_screening_bootstrap,proportional_reference_module_accounting_sensitivity_no_portfolio_diversification,reserved_headroom,2,0,0.95,1,20,45.7355299495,4550.78125,200,0.05,1,0.005,1,25000,50,0.15,0,1.1143940585,122.659944797,123.367509908,123.367509908,-561418.55095
nature_economic_cost_robustness_v1,post_hoc_development_parameterized_sensitivity,real_2026_usd,independent_fresh_event_screening_bootstrap,proportional_reference_module_accounting_sensitivity_no_portfolio_diversification,reserved_headroom,2,0,0.95,1,20,45.7355299495,4550.78125,200,0.05,1,0.005,2,50000,50,0.15,0,1.1143940585,128.153507028,128.86107214,128.86107214,-586418.55095
nature_economic_cost_robustness_v1,post_hoc_development_parameterized_sensitivity,real_2026_usd,independent_fresh_event_screening_bootstrap,proportional_reference_module_accounting_sensitivity_no_portfolio_diversification,reserved_headroom,2,0,0.95,1,20,45.7355299495,4550.78125,200,0.05,2,0.01,0,0,50,0.15,0,2.22878811699,118.280776623,119.684730406,119.684730406,-544659.027042
nature_economic_cost_robustness_v1,post_hoc_development_parameterized_sensitivity,real_2026_usd,independent_fresh_event_screening_bootstrap,proportional_reference_module_accounting_sensitivity_no_portfolio_diversification,reserved_headroom,2,0,0.95,1,20,45.7355299495,4550.78125,200,0.05,2,0.01,0.5,12500,50,0.15,0,2.22878811699,121.027557739,122.431511522,122.431511522,-557159.027042
nature_economic_cost_robustness_v1,post_hoc_development_parameterized_sensitivity,real_2026_usd,independent_fresh_event_screening_bootstrap,proportional_reference_module_accounting_sensitivity_no_portfolio_diversification,reserved_headroom,2,0,0.95,1,20,45.7355299495,4550.78125,200,0.05,2,0.01,1,25000,50,0.15,0,2.22878811699,123.774338855,125.178292638,125.178292638,-569659.027042
nature_economic_cost_robustness_v1,post_hoc_development_parameterized_sensitivity,real_2026_usd,independent_fresh_event_screening_bootstrap,proportional_reference_module_accounting_sensitivity_no_portfolio_diversification,reserved_headroom,2,0,0.95,1,20,45.7355299495,4550.78125,200,0.05,2,0.01,2,50000,50,0.15,0,2.22878811699,129.267901087,130.671854869,130.671854869,-594659.027042
nature_economic_cost_robustness_v1,post_hoc_development_parameterized_sensitivity,real_2026_usd,independent_fresh_event_screening_bootstrap,proportional_reference_module_accounting_sensitivity_no_portfolio_diversification,throughput_displacing,2,0,0.95,1,20,45.7355299495,4550.78125,200,0.05,0,0,0,0,50,0,0.25,0,1.571241553,1.69866349298,1.69866349298,-7730.24597389
nature_economic_cost_robustness_v1,post_hoc_development_parameterized_sensitivity,real_2026_usd,independent_fresh_event_screening_bootstrap,proportional_reference_module_accounting_sensitivity_no_portfolio_diversification,throughput_displacing,2,0,0.95,1,20,45.7355299495,4550.78125,200,0.05,0,0,0.5,12500,50,0,0.25,0,4.31802266888,4.44544460886,4.44544460886,-20230.2459739
nature_economic_cost_robustness_v1,post_hoc_development_parameterized_sensitivity,real_2026_usd,independent_fresh_event_screening_bootstrap,proportional_reference_module_accounting_sensitivity_no_portfolio_diversification,throughput_displacing,2,0,0.95,1,20,45.7355299495,4550.78125,200,0.05,0,0,1,25000,50,0,0.25,0,7.06480378476,7.19222572474,7.19222572474,-32730.2459739
nature_economic_cost_robustness_v1,post_hoc_development_parameterized_sensitivity,real_2026_usd,independent_fresh_event_screening_bootstrap,proportional_reference_module_accounting_sensitivity_no_portfolio_diversification,throughput_displacing,2,0,0.95,1,20,45.7355299495,4550.78125,200,0.05,0,0,2,50000,50,0,0.25,0,12.5583660165,12.6857879565,12.6857879565,-57730.2459739
nature_economic_cost_robustness_v1,post_hoc_development_parameterized_sensitivity,real_2026_usd,independent_fresh_event_screening_bootstrap,proportional_reference_module_accounting_sensitivity_no_portfolio_diversification,throughput_displacing,2,0,0.95,1,20,45.7355299495,4550.78125,200,0.05,0.5,0.0025,0,0,50,0,0.25,0.557197029248,2.12843858224,2.37167603924,2.37167603924,-10792.9788504
nature_economic_cost_robustness_v1,post_hoc_development_parameterized_sensitivity,real_2026_usd,independent_fresh_event_screening_bootstrap,proportional_reference_module_accounting_sensitivity_no_portfolio_diversification,throughput_displacing,2,0,0.95,1,20,45.7355299495,4550.78125,200,0.05,0.5,0.0025,0.5,12500,50,0,0.25,0.557197029248,4.87521969812,5.11845715512,5.11845715512,-23292.9788504
nature_economic_cost_robustness_v1,post_hoc_development_parameterized_sensitivity,real_2026_usd,independent_fresh_event_screening_bootstrap,proportional_reference_module_accounting_sensitivity_no_portfolio_diversification,throughput_displacing,2,0,0.95,1,20,45.7355299495,4550.78125,200,0.05,0.5,0.0025,1,25000,50,0,0.25,0.557197029248,7.622000814,7.865238271,7.865238271,-35792.9788504
nature_economic_cost_robustness_v1,post_hoc_development_parameterized_sensitivity,real_2026_usd,independent_fresh_event_screening_bootstrap,proportional_reference_module_accounting_sensitivity_no_portfolio_diversification,throughput_displacing,2,0,0.95,1,20,45.7355299495,4550.78125,200,0.05,0.5,0.0025,2,50000,50,0,0.25,0.557197029248,13.1155630458,13.3588005028,13.3588005028,-60792.9788504
nature_economic_cost_robustness_v1,post_hoc_development_parameterized_sensitivity,real_2026_usd,independent_fresh_event_screening_bootstrap,proportional_reference_module_accounting_sensitivity_no_portfolio_diversification,throughput_displacing,2,0,0.95,1,20,45.7355299495,4550.78125,200,0.05,1,0.005,0,0,50,0,0.25,1.1143940585,2.68563561149,3.26582626751,3.26582626751,-14862.0609439
nature_economic_cost_robustness_v1,post_hoc_development_parameterized_sensitivity,real_2026_usd,independent_fresh_event_screening_bootstrap,proportional_reference_module_accounting_sensitivity_no_portfolio_diversification,throughput_displacing,2,0,0.95,1,20,45.7355299495,4550.78125,200,0.05,1,0.005,0.5,12500,50,0,0.25,1.1143940585,5.43241672737,6.01260738339,6.01260738339,-27362.0609439
nature_economic_cost_robustness_v1,post_hoc_development_parameterized_sensitivity,real_2026_usd,independent_fresh_event_screening_bootstrap,proportional_reference_module_accounting_sensitivity_no_portfolio_diversification,throughput_displacing,2,0,0.95,1,20,45.7355299495,4550.78125,200,0.05,1,0.005,1,25000,50,0,0.25,1.1143940585,8.17919784325,8.75938849927,8.75938849927,-39862.0609439
nature_economic_cost_robustness_v1,post_hoc_development_parameterized_sensitivity,real_2026_usd,independent_fresh_event_screening_bootstrap,proportional_reference_module_accounting_sensitivity_no_portfolio_diversification,throughput_displacing,2,0,0.95,1,20,45.7355299495,4550.78125,200,0.05,1,0.005,2,50000,50,0,0.25,1.1143940585,13.672760075,14.252950731,14.252950731,-64862.0609439
nature_economic_cost_robustness_v1,post_hoc_development_parameterized_sensitivity,real_2026_usd,independent_fresh_event_screening_bootstrap,proportional_reference_module_accounting_sensitivity_no_portfolio_diversification,throughput_displacing,2,0,0.95,1,20,45.7355299495,4550.78125,200,0.05,2,0.01,0,0,50,0,0.25,2.22878811699,3.80002966999,5.07582265241,5.07582265241,-23098.9585549
nature_economic_cost_robustness_v1,post_hoc_development_parameterized_sensitivity,real_2026_usd,independent_fresh_event_screening_bootstrap,proportional_reference_module_accounting_sensitivity_no_portfolio_diversification,throughput_displacing,2,0,0.95,1,20,45.7355299495,4550.78125,200,0.05,2,0.01,0.5,12500,50,0,0.25,2.22878811699,6.54681078587,7.82260376829,7.82260376829,-35598.9585549
nature_economic_cost_robustness_v1,post_hoc_development_parameterized_sensitivity,real_2026_usd,independent_fresh_event_screening_bootstrap,proportional_reference_module_accounting_sensitivity_no_portfolio_diversification,throughput_displacing,2,0,0.95,1,20,45.7355299495,4550.78125,200,0.05,2,0.01,1,25000,50,0,0.25,2.22878811699,9.29359190175,10.5693848842,10.5693848842,-48098.9585549
nature_economic_cost_robustness_v1,post_hoc_development_parameterized_sensitivity,real_2026_usd,independent_fresh_event_screening_bootstrap,proportional_reference_module_accounting_sensitivity_no_portfolio_diversification,throughput_displacing,2,0,0.95,1,20,45.7355299495,4550.78125,200,0.05,2,0.01,2,50000,50,0,0.25,2.22878811699,14.7871541335,16.0629471159,16.0629471159,-73098.9585549
nature_economic_cost_robustness_v1,post_hoc_development_parameterized_sensitivity,real_2026_usd,independent_fresh_event_screening_bootstrap,proportional_reference_module_accounting_sensitivity_no_portfolio_diversification,slack_backed,2,0,0.95,12,0.2,45.7355299495,45.5078125,200,0.05,0,0,0,0,50,0,0,0,0,0,-1.10721877543,50.3871044286
nature_economic_cost_robustness_v1,post_hoc_development_parameterized_sensitivity,real_2026_usd,independent_fresh_event_screening_bootstrap,proportional_reference_module_accounting_sensitivity_no_portfolio_diversification,slack_backed,2,0,0.95,12,0.2,45.7355299495,45.5078125,200,0.05,0,0,0.5,12500,50,0,0,0,273.522715625,273.570892813,273.570892813,-12449.6128956
nature_economic_cost_robustness_v1,post_hoc_development_parameterized_sensitivity,real_2026_usd,independent_fresh_event_screening_bootstrap,proportional_reference_module_accounting_sensitivity_no_portfolio_diversification,slack_backed,2,0,0.95,12,0.2,45.7355299495,45.5078125,200,0.05,0,0,1,25000,50,0,0,0,548.200827213,548.249004401,548.249004401,-24949.6128956
nature_economic_cost_robustness_v1,post_hoc_development_parameterized_sensitivity,real_2026_usd,independent_fresh_event_screening_bootstrap,proportional_reference_module_accounting_sensitivity_no_portfolio_diversification,slack_backed,2,0,0.95,12,0.2,45.7355299495,45.5078125,200,0.05,0,0,2,50000,50,0,0,0,1097.55705039,1097.60522758,1097.60522758,-49949.6128956
nature_economic_cost_robustness_v1,post_hoc_development_parameterized_sensitivity,real_2026_usd,independent_fresh_event_screening_bootstrap,proportional_reference_module_accounting_sensitivity_no_portfolio_diversification,slack_backed,2,0,0.95,12,0.2,45.7355299495,45.5078125,200,0.05,0.5,0.0025,0,0,50,0,0,6.68636435097,5.53096838811,6.50157540009,6.50157540009,-295.872474262
nature_economic_cost_robustness_v1,post_hoc_development_parameterized_sensitivity,real_2026_usd,independent_fresh_event_screening_bootstrap,proportional_reference_module_accounting_sensitivity_no_portfolio_diversification,slack_backed,2,0,0.95,12,0.2,45.7355299495,45.5078125,200,0.05,0.5,0.0025,0.5,12500,50,0,0,6.68636435097,280.209079976,281.179686988,281.179686988,-12795.8724743
nature_economic_cost_robustness_v1,post_hoc_development_parameterized_sensitivity,real_2026_usd,independent_fresh_event_screening_bootstrap,proportional_reference_module_accounting_sensitivity_no_portfolio_diversification,slack_backed,2,0,0.95,12,0.2,45.7355299495,45.5078125,200,0.05,0.5,0.0025,1,25000,50,0,0,6.68636435097,554.887191564,555.857798576,555.857798576,-25295.8724743
nature_economic_cost_robustness_v1,post_hoc_development_parameterized_sensitivity,real_2026_usd,independent_fresh_event_screening_bootstrap,proportional_reference_module_accounting_sensitivity_no_portfolio_diversification,slack_backed,2,0,0.95,12,0.2,45.7355299495,45.5078125,200,0.05,0.5,0.0025,2,50000,50,0,0,6.68636435097,1104.24341474,1105.21402175,1105.21402175,-50295.8724743
nature_economic_cost_robustness_v1,post_hoc_development_parameterized_sensitivity,real_2026_usd,independent_fresh_event_screening_bootstrap,proportional_reference_module_accounting_sensitivity_no_portfolio_diversification,slack_backed,2,0,0.95,12,0.2,45.7355299495,45.5078125,200,0.05,1,0.005,0,0,50,0,0,13.3727287019,12.2173327391,14.1117356786,14.1117356786,-642.194221312
nature_economic_cost_robustness_v1,post_hoc_development_parameterized_sensitivity,real_2026_usd,independent_fresh_event_screening_bootstrap,proportional_reference_module_accounting_sensitivity_no_portfolio_diversification,slack_backed,2,0,0.95,12,0.2,45.7355299495,45.5078125,200,0.05,1,0.005,0.5,12500,50,0,0,13.3727287019,286.895444327,288.789847267,288.789847267,-13142.1942213
nature_economic_cost_robustness_v1,post_hoc_development_parameterized_sensitivity,real_2026_usd,independent_fresh_event_screening_bootstrap,proportional_reference_module_accounting_sensitivity_no_portfolio_diversification,slack_backed,2,0,0.95,12,0.2,45.7355299495,45.5078125,200,0.05,1,0.005,1,25000,50,0,0,13.3727287019,561.573555915,563.467958855,563.467958855,-25642.1942213
nature_economic_cost_robustness_v1,post_hoc_development_parameterized_sensitivity,real_2026_usd,independent_fresh_event_screening_bootstrap,proportional_reference_module_accounting_sensitivity_no_portfolio_diversification,slack_backed,2,0,0.95,12,0.2,45.7355299495,45.5078125,200,0.05,1,0.005,2,50000,50,0,0,13.3727287019,1110.92977909,1112.82418203,1112.82418203,-50642.1942213
nature_economic_cost_robustness_v1,post_hoc_development_parameterized_sensitivity,real_2026_usd,independent_fresh_event_screening_bootstrap,proportional_reference_module_accounting_sensitivity_no_portfolio_diversification,slack_backed,2,0,0.95,12,0.2,45.7355299495,45.5078125,200,0.05,2,0.01,0,0,50,0,0,26.7454574039,25.590061441,29.3123542274,29.3123542274,-1333.94112011
nature_economic_cost_robustness_v1,post_hoc_development_parameterized_sensitivity,real_2026_usd,independent_fresh_event_screening_bootstrap,proportional_reference_module_accounting_sensitivity_no_portfolio_diversification,slack_backed,2,0,0.95,12,0.2,45.7355299495,45.5078125,200,0.05,2,0.01,0.5,12500,50,0,0,26.7454574039,300.268173029,303.990465815,303.990465815,-13833.9411201
nature_economic_cost_robustness_v1,post_hoc_development_parameterized_sensitivity,real_2026_usd,independent_fresh_event_screening_bootstrap,proportional_reference_module_accounting_sensitivity_no_portfolio_diversification,slack_backed,2,0,0.95,12,0.2,45.7355299495,45.5078125,200,0.05,2,0.01,1,25000,50,0,0,26.7454574039,574.946284617,578.668577403,578.668577403,-26333.9411201
nature_economic_cost_robustness_v1,post_hoc_development_parameterized_sensitivity,real_2026_usd,independent_fresh_event_screening_bootstrap,proportional_reference_module_accounting_sensitivity_no_portfolio_diversification,slack_backed,2,0,0.95,12,0.2,45.7355299495,45.5078125,200,0.05,2,0.01,2,50000,50,0,0,26.7454574039,1124.30250779,1128.02480058,1128.02480058,-51333.9411201
nature_economic_cost_robustness_v1,post_hoc_development_parameterized_sensitivity,real_2026_usd,independent_fresh_event_screening_bootstrap,proportional_reference_module_accounting_sensitivity_no_portfolio_diversification,reserved_headroom,2,0,0.95,12,0.2,45.7355299495,45.5078125,200,0.05,0,0,0,0,50,0.15,0,0,114.99287554,115.041052728,115.041052728,-5235.26665734
nature_economic_cost_robustness_v1,post_hoc_development_parameterized_sensitivity,real_2026_usd,independent_fresh_event_screening_bootstrap,proportional_reference_module_accounting_sensitivity_no_portfolio_diversification,reserved_headroom,2,0,0.95,12,0.2,45.7355299495,45.5078125,200,0.05,0,0,0.5,12500,50,0.15,0,0,389.670987128,389.719164316,389.719164316,-17735.2666573
nature_economic_cost_robustness_v1,post_hoc_development_parameterized_sensitivity,real_2026_usd,independent_fresh_event_screening_bootstrap,proportional_reference_module_accounting_sensitivity_no_portfolio_diversification,reserved_headroom,2,0,0.95,12,0.2,45.7355299495,45.5078125,200,0.05,0,0,1,25000,50,0.15,0,0,664.349098716,664.397275904,664.397275904,-30235.2666573
nature_economic_cost_robustness_v1,post_hoc_development_parameterized_sensitivity,real_2026_usd,independent_fresh_event_screening_bootstrap,proportional_reference_module_accounting_sensitivity_no_portfolio_diversification,reserved_headroom,2,0,0.95,12,0.2,45.7355299495,45.5078125,200,0.05,0,0,2,50000,50,0.15,0,0,1213.70532189,1213.75349908,1213.75349908,-55235.2666573
nature_economic_cost_robustness_v1,post_hoc_development_parameterized_sensitivity,real_2026_usd,independent_fresh_event_screening_bootstrap,proportional_reference_module_accounting_sensitivity_no_portfolio_diversification,reserved_headroom,2,0,0.95,12,0.2,45.7355299495,45.5078125,200,0.05,0.5,0.0025,0,0,50,0.15,0,6.68636435097,121.679239891,122.649846903,122.649846903,-5581.52623603
nature_economic_cost_robustness_v1,post_hoc_development_parameterized_sensitivity,real_2026_usd,independent_fresh_event_screening_bootstrap,proportional_reference_module_accounting_sensitivity_no_portfolio_diversification,reserved_headroom,2,0,0.95,12,0.2,45.7355299495,45.5078125,200,0.05,0.5,0.0025,0.5,12500,50,0.15,0,6.68636435097,396.357351479,397.327958491,397.327958491,-18081.526236
nature_economic_cost_robustness_v1,post_hoc_development_parameterized_sensitivity,real_2026_usd,independent_fresh_event_screening_bootstrap,proportional_reference_module_accounting_sensitivity_no_portfolio_diversification,reserved_headroom,2,0,0.95,12,0.2,45.7355299495,45.5078125,200,0.05,0.5,0.0025,1,25000,50,0.15,0,6.68636435097,671.035463067,672.006070079,672.006070079,-30581.526236
nature_economic_cost_robustness_v1,post_hoc_development_parameterized_sensitivity,real_2026_usd,independent_fresh_event_screening_bootstrap,proportional_reference_module_accounting_sensitivity_no_portfolio_diversification,reserved_headroom,2,0,0.95,12,0.2,45.7355299495,45.5078125,200,0.05,0.5,0.0025,2,50000,50,0.15,0,6.68636435097,1220.39168624,1221.36229326,1221.36229326,-55581.526236
nature_economic_cost_robustness_v1,post_hoc_development_parameterized_sensitivity,real_2026_usd,independent_fresh_event_screening_bootstrap,proportional_reference_module_accounting_sensitivity_no_portfolio_diversification,reserved_headroom,2,0,0.95,12,0.2,45.7355299495,45.5078125,200,0.05,1,0.005,0,0,50,0.15,0,13.3727287019,128.365604242,130.260007182,130.260007182,-5927.84798308
nature_economic_cost_robustness_v1,post_hoc_development_parameterized_sensitivity,real_2026_usd,independent_fresh_event_screening_bootstrap,proportional_reference_module_accounting_sensitivity_no_portfolio_diversification,reserved_headroom,2,0,0.95,12,0.2,45.7355299495,45.5078125,200,0.05,1,0.005,0.5,12500,50,0.15,0,13.3727287019,403.04371583,404.93811877,404.93811877,-18427.8479831
nature_economic_cost_robustness_v1,post_hoc_development_parameterized_sensitivity,real_2026_usd,independent_fresh_event_screening_bootstrap,proportional_reference_module_accounting_sensitivity_no_portfolio_diversification,reserved_headroom,2,0,0.95,12,0.2,45.7355299495,45.5078125,200,0.05,1,0.005,1,25000,50,0.15,0,13.3727287019,677.721827418,679.616230358,679.616230358,-30927.8479831
nature_economic_cost_robustness_v1,post_hoc_development_parameterized_sensitivity,real_2026_usd,independent_fresh_event_screening_bootstrap,proportional_reference_module_accounting_sensitivity_no_portfolio_diversification,reserved_headroom,2,0,0.95,12,0.2,45.7355299495,45.5078125,200,0.05,1,0.005,2,50000,50,0.15,0,13.3727287019,1227.07805059,1228.97245353,1228.97245353,-55927.8479831
nature_economic_cost_robustness_v1,post_hoc_development_parameterized_sensitivity,real_2026_usd,independent_fresh_event_screening_bootstrap,proportional_reference_module_accounting_sensitivity_no_portfolio_diversification,reserved_headroom,2,0,0.95,12,0.2,45.7355299495,45.5078125,200,0.05,2,0.01,0,0,50,0.15,0,26.7454574039,141.738332944,145.460625731,145.460625731,-6619.59488188
nature_economic_cost_robustness_v1,post_hoc_development_parameterized_sensitivity,real_2026_usd,independent_fresh_event_screening_bootstrap,proportional_reference_module_accounting_sensitivity_no_portfolio_diversification,reserved_headroom,2,0,0.95,12,0.2,45.7355299495,45.5078125,200,0.05,2,0.01,0.5,12500,50,0.15,0,26.7454574039,416.416444532,420.138737319,420.138737319,-19119.5948819
nature_economic_cost_robustness_v1,post_hoc_development_parameterized_sensitivity,real_2026_usd,independent_fresh_event_screening_bootstrap,proportional_reference_module_accounting_sensitivity_no_portfolio_diversification,reserved_headroom,2,0,0.95,12,0.2,45.7355299495,45.5078125,200,0.05,2,0.01,1,25000,50,0.15,0,26.7454574039,691.09455612,694.816848907,694.816848907,-31619.5948819
nature_economic_cost_robustness_v1,post_hoc_development_parameterized_sensitivity,real_2026_usd,independent_fresh_event_screening_bootstrap,proportional_reference_module_accounting_sensitivity_no_portfolio_diversification,reserved_headroom,2,0,0.95,12,0.2,45.7355299495,45.5078125,200,0.05,2,0.01,2,50000,50,0.15,0,26.7454574039,1240.4507793,1244.17307208,1244.17307208,-56619.5948819
nature_economic_cost_robustness_v1,post_hoc_development_parameterized_sensitivity,real_2026_usd,independent_fresh_event_screening_bootstrap,proportional_reference_module_accounting_sensitivity_no_portfolio_diversification,throughput_displacing,2,0,0.95,12,0.2,45.7355299495,45.5078125,200,0.05,0,0,0,0,50,0,0.25,0,18.854898636,19.1817763293,19.1817763293,-872.92068061
nature_economic_cost_robustness_v1,post_hoc_development_parameterized_sensitivity,real_2026_usd,independent_fresh_event_screening_bootstrap,proportional_reference_module_accounting_sensitivity_no_portfolio_diversification,throughput_displacing,2,0,0.95,12,0.2,45.7355299495,45.5078125,200,0.05,0,0,0.5,12500,50,0,0.25,0,293.533010224,293.859887917,293.859887917,-13372.9206806
nature_economic_cost_robustness_v1,post_hoc_development_parameterized_sensitivity,real_2026_usd,independent_fresh_event_screening_bootstrap,proportional_reference_module_accounting_sensitivity_no_portfolio_diversification,throughput_displacing,2,0,0.95,12,0.2,45.7355299495,45.5078125,200,0.05,0,0,1,25000,50,0,0.25,0,568.211121812,568.537999505,568.537999505,-25872.9206806
nature_economic_cost_robustness_v1,post_hoc_development_parameterized_sensitivity,real_2026_usd,independent_fresh_event_screening_bootstrap,proportional_reference_module_accounting_sensitivity_no_portfolio_diversification,throughput_displacing,2,0,0.95,12,0.2,45.7355299495,45.5078125,200,0.05,0,0,2,50000,50,0,0.25,0,1117.56734499,1117.89422268,1117.89422268,-50872.9206806
nature_economic_cost_robustness_v1,post_hoc_development_parameterized_sensitivity,real_2026_usd,independent_fresh_event_screening_bootstrap,proportional_reference_module_accounting_sensitivity_no_portfolio_diversification,throughput_displacing,2,0,0.95,12,0.2,45.7355299495,45.5078125,200,0.05,0.5,0.0025,0,0,50,0,0.25,6.68636435097,25.5412629869,26.2815682984,26.2815682984,-1196.01668233
nature_economic_cost_robustness_v1,post_hoc_development_parameterized_sensitivity,real_2026_usd,independent_fresh_event_screening_bootstrap,proportional_reference_module_accounting_sensitivity_no_portfolio_diversification,throughput_displacing,2,0,0.95,12,0.2,45.7355299495,45.5078125,200,0.05,0.5,0.0025,0.5,12500,50,0,0.25,6.68636435097,300.219374575,300.959679886,300.959679886,-13696.0166823
nature_economic_cost_robustness_v1,post_hoc_development_parameterized_sensitivity,real_2026_usd,independent_fresh_event_screening_bootstrap,proportional_reference_module_accounting_sensitivity_no_portfolio_diversification,throughput_displacing,2,0,0.95,12,0.2,45.7355299495,45.5078125,200,0.05,0.5,0.0025,1,25000,50,0,0.25,6.68636435097,574.897486163,575.637791474,575.637791474,-26196.0166823
nature_economic_cost_robustness_v1,post_hoc_development_parameterized_sensitivity,real_2026_usd,independent_fresh_event_screening_bootstrap,proportional_reference_module_accounting_sensitivity_no_portfolio_diversification,throughput_displacing,2,0,0.95,12,0.2,45.7355299495,45.5078125,200,0.05,0.5,0.0025,2,50000,50,0,0.25,6.68636435097,1124.25370934,1124.99401465,1124.99401465,-51196.0166823
nature_economic_cost_robustness_v1,post_hoc_development_parameterized_sensitivity,real_2026_usd,independent_fresh_event_screening_bootstrap,proportional_reference_module_accounting_sensitivity_no_portfolio_diversification,throughput_displacing,2,0,0.95,12,0.2,45.7355299495,45.5078125,200,0.05,1,0.005,0,0,50,0,0.25,13.3727287019,32.2276273379,33.7427876987,33.7427876987,-1535.56045582
nature_economic_cost_robustness_v1,post_hoc_development_parameterized_sensitivity,real_2026_usd,independent_fresh_event_screening_bootstrap,proportional_reference_module_accounting_sensitivity_no_portfolio_diversification,throughput_displacing,2,0,0.95,12,0.2,45.7355299495,45.5078125,200,0.05,1,0.005,0.5,12500,50,0,0.25,13.3727287019,306.905738926,308.420899287,308.420899287,-14035.5604558
nature_economic_cost_robustness_v1,post_hoc_development_parameterized_sensitivity,real_2026_usd,independent_fresh_event_screening_bootstrap,proportional_reference_module_accounting_sensitivity_no_portfolio_diversification,throughput_displacing,2,0,0.95,12,0.2,45.7355299495,45.5078125,200,0.05,1,0.005,1,25000,50,0,0.25,13.3727287019,581.583850514,583.099010875,583.099010875,-26535.5604558
nature_economic_cost_robustness_v1,post_hoc_development_parameterized_sensitivity,real_2026_usd,independent_fresh_event_screening_bootstrap,proportional_reference_module_accounting_sensitivity_no_portfolio_diversification,throughput_displacing,2,0,0.95,12,0.2,45.7355299495,45.5078125,200,0.05,1,0.005,2,50000,50,0,0.25,13.3727287019,1130.94007369,1132.45523405,1132.45523405,-51535.5604558
nature_economic_cost_robustness_v1,post_hoc_development_parameterized_sensitivity,real_2026_usd,independent_fresh_event_screening_bootstrap,proportional_reference_module_accounting_sensitivity_no_portfolio_diversification,throughput_displacing,2,0,0.95,12,0.2,45.7355299495,45.5078125,200,0.05,2,0.01,0,0,50,0,0.25,26.7454574039,45.6003560398,49.0973727852,49.0973727852,-2234.31403495
nature_economic_cost_robustness_v1,post_hoc_development_parameterized_sensitivity,real_2026_usd,independent_fresh_event_screening_bootstrap,proportional_reference_module_accounting_sensitivity_no_portfolio_diversification,throughput_displacing,2,0,0.95,12,0.2,45.7355299495,45.5078125,200,0.05,2,0.01,0.5,12500,50,0,0.25,26.7454574039,320.278467628,323.775484373,323.775484373,-14734.314035
nature_economic_cost_robustness_v1,post_hoc_development_parameterized_sensitivity,real_2026_usd,independent_fresh_event_screening_bootstrap,proportional_reference_module_accounting_sensitivity_no_portfolio_diversification,throughput_displacing,2,0,0.95,12,0.2,45.7355299495,45.5078125,200,0.05,2,0.01,1,25000,50,0,0.25,26.7454574039,594.956579216,598.453595961,598.453595961,-27234.314035
nature_economic_cost_robustness_v1,post_hoc_development_parameterized_sensitivity,real_2026_usd,independent_fresh_event_screening_bootstrap,proportional_reference_module_accounting_sensitivity_no_portfolio_diversification,throughput_displacing,2,0,0.95,12,0.2,45.7355299495,45.5078125,200,0.05,2,0.01,2,50000,50,0,0.25,26.7454574039,1144.31280239,1147.80981914,1147.80981914,-52234.314035
nature_economic_cost_robustness_v1,post_hoc_development_parameterized_sensitivity,real_2026_usd,independent_fresh_event_screening_bootstrap,proportional_reference_module_accounting_sensitivity_no_portfolio_diversification,slack_backed,2,0,0.95,12,1,45.7355299495,227.5390625,200,0.05,0,0,0,0,50,0,0,0,0,0,-1.10721877543,251.935522143
nature_economic_cost_robustness_v1,post_hoc_development_parameterized_sensitivity,real_2026_usd,independent_fresh_event_screening_bootstrap,proportional_reference_module_accounting_sensitivity_no_portfolio_diversification,slack_backed,2,0,0.95,12,1,45.7355299495,227.5390625,200,0.05,0,0,0.5,12500,50,0,0,0,53.7802263547,53.8284035422,53.8284035422,-12248.0644779
nature_economic_cost_robustness_v1,post_hoc_development_parameterized_sensitivity,real_2026_usd,independent_fresh_event_screening_bootstrap,proportional_reference_module_accounting_sensitivity_no_portfolio_diversification,slack_backed,2,0,0.95,12,1,45.7355299495,227.5390625,200,0.05,0,0,1,25000,50,0,0,0,108.715848672,108.76402586,108.76402586,-24748.0644779
nature_economic_cost_robustness_v1,post_hoc_development_parameterized_sensitivity,real_2026_usd,independent_fresh_event_screening_bootstrap,proportional_reference_module_accounting_sensitivity_no_portfolio_diversification,slack_backed,2,0,0.95,12,1,45.7355299495,227.5390625,200,0.05,0,0,2,50000,50,0,0,0,218.587093308,218.635270495,218.635270495,-49748.0644779
nature_economic_cost_robustness_v1,post_hoc_development_parameterized_sensitivity,real_2026_usd,independent_fresh_event_screening_bootstrap,proportional_reference_module_accounting_sensitivity_no_portfolio_diversification,slack_backed,2,0,0.95,12,1,45.7355299495,227.5390625,200,0.05,0.5,0.0025,0,0,50,0,0,6.68636435097,5.53096838811,6.50157540009,6.50157540009,-1479.36237131
nature_economic_cost_robustness_v1,post_hoc_development_parameterized_sensitivity,real_2026_usd,independent_fresh_event_screening_bootstrap,proportional_reference_module_accounting_sensitivity_no_portfolio_diversification,slack_backed,2,0,0.95,12,1,45.7355299495,227.5390625,200,0.05,0.5,0.0025,0.5,12500,50,0,0,6.68636435097,60.4665907057,61.4371977177,61.4371977177,-13979.3623713
nature_economic_cost_robustness_v1,post_hoc_development_parameterized_sensitivity,real_2026_usd,independent_fresh_event_screening_bootstrap,proportional_reference_module_accounting_sensitivity_no_portfolio_diversification,slack_backed,2,0,0.95,12,1,45.7355299495,227.5390625,200,0.05,0.5,0.0025,1,25000,50,0,0,6.68636435097,115.402213023,116.372820035,116.372820035,-26479.3623713
nature_economic_cost_robustness_v1,post_hoc_development_parameterized_sensitivity,real_2026_usd,independent_fresh_event_screening_bootstrap,proportional_reference_module_accounting_sensitivity_no_portfolio_diversification,slack_backed,2,0,0.95,12,1,45.7355299495,227.5390625,200,0.05,0.5,0.0025,2,50000,50,0,0,6.68636435097,225.273457659,226.24406467,226.24406467,-51479.3623713
nature_economic_cost_robustness_v1,post_hoc_development_parameterized_sensitivity,real_2026_usd,independent_fresh_event_screening_bootstrap,proportional_reference_module_accounting_sensitivity_no_portfolio_diversification,slack_backed,2,0,0.95,12,1,45.7355299495,227.5390625,200,0.05,1,0.005,0,0,50,0,0,13.3727287019,12.2173327391,14.1117356786,14.1117356786,-3210.97110656
nature_economic_cost_robustness_v1,post_hoc_development_parameterized_sensitivity,real_2026_usd,independent_fresh_event_screening_bootstrap,proportional_reference_module_accounting_sensitivity_no_portfolio_diversification,slack_backed,2,0,0.95,12,1,45.7355299495,227.5390625,200,0.05,1,0.005,0.5,12500,50,0,0,13.3727287019,67.1529550567,69.0473579962,69.0473579962,-15710.9711066
nature_economic_cost_robustness_v1,post_hoc_development_parameterized_sensitivity,real_2026_usd,independent_fresh_event_screening_bootstrap,proportional_reference_module_accounting_sensitivity_no_portfolio_diversification,slack_backed,2,0,0.95,12,1,45.7355299495,227.5390625,200,0.05,1,0.005,1,25000,50,0,0,13.3727287019,122.088577374,123.982980314,123.982980314,-28210.9711066
nature_economic_cost_robustness_v1,post_hoc_development_parameterized_sensitivity,real_2026_usd,independent_fresh_event_screening_bootstrap,proportional_reference_module_accounting_sensitivity_no_portfolio_diversification,slack_backed,2,0,0.95,12,1,45.7355299495,227.5390625,200,0.05,1,0.005,2,50000,50,0,0,13.3727287019,231.959822009,233.854224949,233.854224949,-53210.9711066
nature_economic_cost_robustness_v1,post_hoc_development_parameterized_sensitivity,real_2026_usd,independent_fresh_event_screening_bootstrap,proportional_reference_module_accounting_sensitivity_no_portfolio_diversification,slack_backed,2,0,0.95,12,1,45.7355299495,227.5390625,200,0.05,2,0.01,0,0,50,0,0,26.7454574039,25.590061441,29.3123542274,29.3123542274,-6669.70560056
nature_economic_cost_robustness_v1,post_hoc_development_parameterized_sensitivity,real_2026_usd,independent_fresh_event_screening_bootstrap,proportional_reference_module_accounting_sensitivity_no_portfolio_diversification,slack_backed,2,0,0.95,12,1,45.7355299495,227.5390625,200,0.05,2,0.01,0.5,12500,50,0,0,26.7454574039,80.5256837586,84.247976545,84.247976545,-19169.7056006
nature_economic_cost_robustness_v1,post_hoc_development_parameterized_sensitivity,real_2026_usd,independent_fresh_event_screening_bootstrap,proportional_reference_module_accounting_sensitivity_no_portfolio_diversification,slack_backed,2,0,0.95,12,1,45.7355299495,227.5390625,200,0.05,2,0.01,1,25000,50,0,0,26.7454574039,135.461306076,139.183598863,139.183598863,-31669.7056006
nature_economic_cost_robustness_v1,post_hoc_development_parameterized_sensitivity,real_2026_usd,independent_fresh_event_screening_bootstrap,proportional_reference_module_accounting_sensitivity_no_portfolio_diversification,slack_backed,2,0,0.95,12,1,45.7355299495,227.5390625,200,0.05,2,0.01,2,50000,50,0,0,26.7454574039,245.332550711,249.054843498,249.054843498,-56669.7056006
nature_economic_cost_robustness_v1,post_hoc_development_parameterized_sensitivity,real_2026_usd,independent_fresh_event_screening_bootstrap,proportional_reference_module_accounting_sensitivity_no_portfolio_diversification,reserved_headroom,2,0,0.95,12,1,45.7355299495,227.5390625,200,0.05,0,0,0,0,50,0.15,0,0,114.99287554,115.041052728,115.041052728,-26176.3332867
nature_economic_cost_robustness_v1,post_hoc_development_parameterized_sensitivity,real_2026_usd,independent_fresh_event_screening_bootstrap,proportional_reference_module_accounting_sensitivity_no_portfolio_diversification,reserved_headroom,2,0,0.95,12,1,45.7355299495,227.5390625,200,0.05,0,0,0.5,12500,50,0.15,0,0,169.928497858,169.976675045,169.976675045,-38676.3332867
nature_economic_cost_robustness_v1,post_hoc_development_parameterized_sensitivity,real_2026_usd,independent_fresh_event_screening_bootstrap,proportional_reference_module_accounting_sensitivity_no_portfolio_diversification,reserved_headroom,2,0,0.95,12,1,45.7355299495,227.5390625,200,0.05,0,0,1,25000,50,0.15,0,0,224.864120176,224.912297363,224.912297363,-51176.3332867
nature_economic_cost_robustness_v1,post_hoc_development_parameterized_sensitivity,real_2026_usd,independent_fresh_event_screening_bootstrap,proportional_reference_module_accounting_sensitivity_no_portfolio_diversification,reserved_headroom,2,0,0.95,12,1,45.7355299495,227.5390625,200,0.05,0,0,2,50000,50,0.15,0,0,334.735364811,334.783541998,334.783541998,-76176.3332867
nature_economic_cost_robustness_v1,post_hoc_development_parameterized_sensitivity,real_2026_usd,independent_fresh_event_screening_bootstrap,proportional_reference_module_accounting_sensitivity_no_portfolio_diversification,reserved_headroom,2,0,0.95,12,1,45.7355299495,227.5390625,200,0.05,0.5,0.0025,0,0,50,0.15,0,6.68636435097,121.679239891,122.649846903,122.649846903,-27907.6311802
nature_economic_cost_robustness_v1,post_hoc_development_parameterized_sensitivity,real_2026_usd,independent_fresh_event_screening_bootstrap,proportional_reference_module_accounting_sensitivity_no_portfolio_diversification,reserved_headroom,2,0,0.95,12,1,45.7355299495,227.5390625,200,0.05,0.5,0.0025,0.5,12500,50,0.15,0,6.68636435097,176.614862209,177.585469221,177.585469221,-40407.6311802
nature_economic_cost_robustness_v1,post_hoc_development_parameterized_sensitivity,real_2026_usd,independent_fresh_event_screening_bootstrap,proportional_reference_module_accounting_sensitivity_no_portfolio_diversification,reserved_headroom,2,0,0.95,12,1,45.7355299495,227.5390625,200,0.05,0.5,0.0025,1,25000,50,0.15,0,6.68636435097,231.550484527,232.521091539,232.521091539,-52907.6311802
nature_economic_cost_robustness_v1,post_hoc_development_parameterized_sensitivity,real_2026_usd,independent_fresh_event_screening_bootstrap,proportional_reference_module_accounting_sensitivity_no_portfolio_diversification,reserved_headroom,2,0,0.95,12,1,45.7355299495,227.5390625,200,0.05,0.5,0.0025,2,50000,50,0.15,0,6.68636435097,341.421729162,342.392336174,342.392336174,-77907.6311802
nature_economic_cost_robustness_v1,post_hoc_development_parameterized_sensitivity,real_2026_usd,independent_fresh_event_screening_bootstrap,proportional_reference_module_accounting_sensitivity_no_portfolio_diversification,reserved_headroom,2,0,0.95,12,1,45.7355299495,227.5390625,200,0.05,1,0.005,0,0,50,0.15,0,13.3727287019,128.365604242,130.260007182,130.260007182,-29639.2399154
nature_economic_cost_robustness_v1,post_hoc_development_parameterized_sensitivity,real_2026_usd,independent_fresh_event_screening_bootstrap,proportional_reference_module_accounting_sensitivity_no_portfolio_diversification,reserved_headroom,2,0,0.95,12,1,45.7355299495,227.5390625,200,0.05,1,0.005,0.5,12500,50,0.15,0,13.3727287019,183.30122656,185.195629499,185.195629499,-42139.2399154
nature_economic_cost_robustness_v1,post_hoc_development_parameterized_sensitivity,real_2026_usd,independent_fresh_event_screening_bootstrap,proportional_reference_module_accounting_sensitivity_no_portfolio_diversification,reserved_headroom,2,0,0.95,12,1,45.7355299495,227.5390625,200,0.05,1,0.005,1,25000,50,0.15,0,13.3727287019,238.236848878,240.131251817,240.131251817,-54639.2399154
nature_economic_cost_robustness_v1,post_hoc_development_parameterized_sensitivity,real_2026_usd,independent_fresh_event_screening_bootstrap,proportional_reference_module_accounting_sensitivity_no_portfolio_diversification,reserved_headroom,2,0,0.95,12,1,45.7355299495,227.5390625,200,0.05,1,0.005,2,50000,50,0.15,0,13.3727287019,348.108093513,350.002496452,350.002496452,-79639.2399154
nature_economic_cost_robustness_v1,post_hoc_development_parameterized_sensitivity,real_2026_usd,independent_fresh_event_screening_bootstrap,proportional_reference_module_accounting_sensitivity_no_portfolio_diversification,reserved_headroom,2,0,0.95,12,1,45.7355299495,227.5390625,200,0.05,2,0.01,0,0,50,0.15,0,26.7454574039,141.738332944,145.460625731,145.460625731,-33097.9744094
nature_economic_cost_robustness_v1,post_hoc_development_parameterized_sensitivity,real_2026_usd,independent_fresh_event_screening_bootstrap,proportional_reference_module_accounting_sensitivity_no_portfolio_diversification,reserved_headroom,2,0,0.95,12,1,45.7355299495,227.5390625,200,0.05,2,0.01,0.5,12500,50,0.15,0,26.7454574039,196.673955262,200.396248048,200.396248048,-45597.9744094
nature_economic_cost_robustness_v1,post_hoc_development_parameterized_sensitivity,real_2026_usd,independent_fresh_event_screening_bootstrap,proportional_reference_module_accounting_sensitivity_no_portfolio_diversification,reserved_headroom,2,0,0.95,12,1,45.7355299495,227.5390625,200,0.05,2,0.01,1,25000,50,0.15,0,26.7454574039,251.609577579,255.331870366,255.331870366,-58097.9744094
nature_economic_cost_robustness_v1,post_hoc_development_parameterized_sensitivity,real_2026_usd,independent_fresh_event_screening_bootstrap,proportional_reference_module_accounting_sensitivity_no_portfolio_diversification,reserved_headroom,2,0,0.95,12,1,45.7355299495,227.5390625,200,0.05,2,0.01,2,50000,50,0.15,0,26.7454574039,361.480822215,365.203115001,365.203115001,-83097.9744094
nature_economic_cost_robustness_v1,post_hoc_development_parameterized_sensitivity,real_2026_usd,independent_fresh_event_screening_bootstrap,proportional_reference_module_accounting_sensitivity_no_portfolio_diversification,throughput_displacing,2,0,0.95,12,1,45.7355299495,227.5390625,200,0.05,0,0,0,0,50,0,0.25,0,18.854898636,19.1817763293,19.1817763293,-4364.60340305
nature_economic_cost_robustness_v1,post_hoc_development_parameterized_sensitivity,real_2026_usd,independent_fresh_event_screening_bootstrap,proportional_reference_module_accounting_sensitivity_no_portfolio_diversification,throughput_displacing,2,0,0.95,12,1,45.7355299495,227.5390625,200,0.05,0,0,0.5,12500,50,0,0.25,0,73.7905209536,74.1173986469,74.1173986469,-16864.603403
nature_economic_cost_robustness_v1,post_hoc_development_parameterized_sensitivity,real_2026_usd,independent_fresh_event_screening_bootstrap,proportional_reference_module_accounting_sensitivity_no_portfolio_diversification,throughput_displacing,2,0,0.95,12,1,45.7355299495,227.5390625,200,0.05,0,0,1,25000,50,0,0.25,0,128.726143271,129.053020964,129.053020964,-29364.603403
nature_economic_cost_robustness_v1,post_hoc_development_parameterized_sensitivity,real_2026_usd,independent_fresh_event_screening_bootstrap,proportional_reference_module_accounting_sensitivity_no_portfolio_diversification,throughput_displacing,2,0,0.95,12,1,45.7355299495,227.5390625,200,0.05,0,0,2,50000,50,0,0.25,0,238.597387906,238.9242656,238.9242656,-54364.603403
nature_economic_cost_robustness_v1,post_hoc_development_parameterized_sensitivity,real_2026_usd,independent_fresh_event_screening_bootstrap,proportional_reference_module_accounting_sensitivity_no_portfolio_diversification,throughput_displacing,2,0,0.95,12,1,45.7355299495,227.5390625,200,0.05,0.5,0.0025,0,0,50,0,0.25,6.68636435097,25.5412629869,26.2815682984,26.2815682984,-5980.08341164
nature_economic_cost_robustness_v1,post_hoc_development_parameterized_sensitivity,real_2026_usd,independent_fresh_event_screening_bootstrap,proportional_reference_module_accounting_sensitivity_no_portfolio_diversification,throughput_displacing,2,0,0.95,12,1,45.7355299495,227.5390625,200,0.05,0.5,0.0025,0.5,12500,50,0,0.25,6.68636435097,80.4768853045,81.217190616,81.217190616,-18480.0834116
nature_economic_cost_robustness_v1,post_hoc_development_parameterized_sensitivity,real_2026_usd,independent_fresh_event_screening_bootstrap,proportional_reference_module_accounting_sensitivity_no_portfolio_diversification,throughput_displacing,2,0,0.95,12,1,45.7355299495,227.5390625,200,0.05,0.5,0.0025,1,25000,50,0,0.25,6.68636435097,135.412507622,136.152812934,136.152812934,-30980.0834116
nature_economic_cost_robustness_v1,post_hoc_development_parameterized_sensitivity,real_2026_usd,independent_fresh_event_screening_bootstrap,proportional_reference_module_accounting_sensitivity_no_portfolio_diversification,throughput_displacing,2,0,0.95,12,1,45.7355299495,227.5390625,200,0.05,0.5,0.0025,2,50000,50,0,0.25,6.68636435097,245.283752257,246.024057569,246.024057569,-55980.0834116
nature_economic_cost_robustness_v1,post_hoc_development_parameterized_sensitivity,real_2026_usd,independent_fresh_event_screening_bootstrap,proportional_reference_module_accounting_sensitivity_no_portfolio_diversification,throughput_displacing,2,0,0.95,12,1,45.7355299495,227.5390625,200,0.05,1,0.005,0,0,50,0,0.25,13.3727287019,32.2276273379,33.7427876987,33.7427876987,-7677.80227911
nature_economic_cost_robustness_v1,post_hoc_development_parameterized_sensitivity,real_2026_usd,independent_fresh_event_screening_bootstrap,proportional_reference_module_accounting_sensitivity_no_portfolio_diversification,throughput_displacing,2,0,0.95,12,1,45.7355299495,227.5390625,200,0.05,1,0.005,0.5,12500,50,0,0.25,13.3727287019,87.1632496555,88.6784100163,88.6784100163,-20177.8022791
nature_economic_cost_robustness_v1,post_hoc_development_parameterized_sensitivity,real_2026_usd,independent_fresh_event_screening_bootstrap,proportional_reference_module_accounting_sensitivity_no_portfolio_diversification,throughput_displacing,2,0,0.95,12,1,45.7355299495,227.5390625,200,0.05,1,0.005,1,25000,50,0,0.25,13.3727287019,142.098871973,143.614032334,143.614032334,-32677.8022791
nature_economic_cost_robustness_v1,post_hoc_development_parameterized_sensitivity,real_2026_usd,independent_fresh_event_screening_bootstrap,proportional_reference_module_accounting_sensitivity_no_portfolio_diversification,throughput_displacing,2,0,0.95,12,1,45.7355299495,227.5390625,200,0.05,1,0.005,2,50000,50,0,0.25,13.3727287019,251.970116608,253.485276969,253.485276969,-57677.8022791
nature_economic_cost_robustness_v1,post_hoc_development_parameterized_sensitivity,real_2026_usd,independent_fresh_event_screening_bootstrap,proportional_reference_module_accounting_sensitivity_no_portfolio_diversification,throughput_displacing,2,0,0.95,12,1,45.7355299495,227.5390625,200,0.05,2,0.01,0,0,50,0,0.25,26.7454574039,45.6003560398,49.0973727852,49.0973727852,-11171.5701748
nature_economic_cost_robustness_v1,post_hoc_development_parameterized_sensitivity,real_2026_usd,independent_fresh_event_screening_bootstrap,proportional_reference_module_accounting_sensitivity_no_portfolio_diversification,throughput_displacing,2,0,0.95,12,1,45.7355299495,227.5390625,200,0.05,2,0.01,0.5,12500,50,0,0.25,26.7454574039,100.535978357,104.032995103,104.032995103,-23671.5701748
nature_economic_cost_robustness_v1,post_hoc_development_parameterized_sensitivity,real_2026_usd,independent_fresh_event_screening_bootstrap,proportional_reference_module_accounting_sensitivity_no_portfolio_diversification,throughput_displacing,2,0,0.95,12,1,45.7355299495,227.5390625,200,0.05,2,0.01,1,25000,50,0,0.25,26.7454574039,155.471600675,158.96861742,158.96861742,-36171.5701748
nature_economic_cost_robustness_v1,post_hoc_development_parameterized_sensitivity,real_2026_usd,independent_fresh_event_screening_bootstrap,proportional_reference_module_accounting_sensitivity_no_portfolio_diversification,throughput_displacing,2,0,0.95,12,1,45.7355299495,227.5390625,200,0.05,2,0.01,2,50000,50,0,0.25,26.7454574039,265.34284531,268.839862056,268.839862056,-61171.5701748
nature_economic_cost_robustness_v1,post_hoc_development_parameterized_sensitivity,real_2026_usd,independent_fresh_event_screening_bootstrap,proportional_reference_module_accounting_sensitivity_no_portfolio_diversification,slack_backed,2,0,0.95,12,5,45.7355299495,1137.6953125,200,0.05,0,0,0,0,50,0,0,0,0,0,-1.10721877543,1259.67761071
nature_economic_cost_robustness_v1,post_hoc_development_parameterized_sensitivity,real_2026_usd,independent_fresh_event_screening_bootstrap,proportional_reference_module_accounting_sensitivity_no_portfolio_diversification,slack_backed,2,0,0.95,12,5,45.7355299495,1137.6953125,200,0.05,0,0,0.5,12500,50,0,0,0,9.83172850066,9.87990568809,9.87990568809,-11240.3223893
nature_economic_cost_robustness_v1,post_hoc_development_parameterized_sensitivity,real_2026_usd,independent_fresh_event_screening_bootstrap,proportional_reference_module_accounting_sensitivity_no_portfolio_diversification,slack_backed,2,0,0.95,12,5,45.7355299495,1137.6953125,200,0.05,0,0,1,25000,50,0,0,0,20.8188529642,20.8670301516,20.8670301516,-23740.3223893
nature_economic_cost_robustness_v1,post_hoc_development_parameterized_sensitivity,real_2026_usd,independent_fresh_event_screening_bootstrap,proportional_reference_module_accounting_sensitivity_no_portfolio_diversification,slack_backed,2,0,0.95,12,5,45.7355299495,1137.6953125,200,0.05,0,0,2,50000,50,0,0,0,42.7931018912,42.8412790787,42.8412790787,-48740.3223893
nature_economic_cost_robustness_v1,post_hoc_development_parameterized_sensitivity,real_2026_usd,independent_fresh_event_screening_bootstrap,proportional_reference_module_accounting_sensitivity_no_portfolio_diversification,slack_backed,2,0,0.95,12,5,45.7355299495,1137.6953125,200,0.05,0.5,0.0025,0,0,50,0,0,6.68636435097,5.53096838811,6.50157540009,6.50157540009,-7396.81185655
nature_economic_cost_robustness_v1,post_hoc_development_parameterized_sensitivity,real_2026_usd,independent_fresh_event_screening_bootstrap,proportional_reference_module_accounting_sensitivity_no_portfolio_diversification,slack_backed,2,0,0.95,12,5,45.7355299495,1137.6953125,200,0.05,0.5,0.0025,0.5,12500,50,0,0,6.68636435097,16.5180928516,17.4886998636,17.4886998636,-19896.8118566
nature_economic_cost_robustness_v1,post_hoc_development_parameterized_sensitivity,real_2026_usd,independent_fresh_event_screening_bootstrap,proportional_reference_module_accounting_sensitivity_no_portfolio_diversification,slack_backed,2,0,0.95,12,5,45.7355299495,1137.6953125,200,0.05,0.5,0.0025,1,25000,50,0,0,6.68636435097,27.5052173152,28.4758243271,28.4758243271,-32396.8118566
nature_economic_cost_robustness_v1,post_hoc_development_parameterized_sensitivity,real_2026_usd,independent_fresh_event_screening_bootstrap,proportional_reference_module_accounting_sensitivity_no_portfolio_diversification,slack_backed,2,0,0.95,12,5,45.7355299495,1137.6953125,200,0.05,0.5,0.0025,2,50000,50,0,0,6.68636435097,49.4794662422,50.4500732542,50.4500732542,-57396.8118566
nature_economic_cost_robustness_v1,post_hoc_development_parameterized_sensitivity,real_2026_usd,independent_fresh_event_screening_bootstrap,proportional_reference_module_accounting_sensitivity_no_portfolio_diversification,slack_backed,2,0,0.95,12,5,45.7355299495,1137.6953125,200,0.05,1,0.005,0,0,50,0,0,13.3727287019,12.2173327391,14.1117356786,14.1117356786,-16054.8555328
nature_economic_cost_robustness_v1,post_hoc_development_parameterized_sensitivity,real_2026_usd,independent_fresh_event_screening_bootstrap,proportional_reference_module_accounting_sensitivity_no_portfolio_diversification,slack_backed,2,0,0.95,12,5,45.7355299495,1137.6953125,200,0.05,1,0.005,0.5,12500,50,0,0,13.3727287019,23.2044572026,25.0988601421,25.0988601421,-28554.8555328
nature_economic_cost_robustness_v1,post_hoc_development_parameterized_sensitivity,real_2026_usd,independent_fresh_event_screening_bootstrap,proportional_reference_module_accounting_sensitivity_no_portfolio_diversification,slack_backed,2,0,0.95,12,5,45.7355299495,1137.6953125,200,0.05,1,0.005,1,25000,50,0,0,13.3727287019,34.1915816661,36.0859846057,36.0859846057,-41054.8555328
nature_economic_cost_robustness_v1,post_hoc_development_parameterized_sensitivity,real_2026_usd,independent_fresh_event_screening_bootstrap,proportional_reference_module_accounting_sensitivity_no_portfolio_diversification,slack_backed,2,0,0.95,12,5,45.7355299495,1137.6953125,200,0.05,1,0.005,2,50000,50,0,0,13.3727287019,56.1658305932,58.0602335327,58.0602335327,-66054.8555328
nature_economic_cost_robustness_v1,post_hoc_development_parameterized_sensitivity,real_2026_usd,independent_fresh_event_screening_bootstrap,proportional_reference_module_accounting_sensitivity_no_portfolio_diversification,slack_backed,2,0,0.95,12,5,45.7355299495,1137.6953125,200,0.05,2,0.01,0,0,50,0,0,26.7454574039,25.590061441,29.3123542274,29.3123542274,-33348.5280028
nature_economic_cost_robustness_v1,post_hoc_development_parameterized_sensitivity,real_2026_usd,independent_fresh_event_screening_bootstrap,proportional_reference_module_accounting_sensitivity_no_portfolio_diversification,slack_backed,2,0,0.95,12,5,45.7355299495,1137.6953125,200,0.05,2,0.01,0.5,12500,50,0,0,26.7454574039,36.5771859045,40.2994786909,40.2994786909,-45848.5280028
nature_economic_cost_robustness_v1,post_hoc_development_parameterized_sensitivity,real_2026_usd,independent_fresh_event_screening_bootstrap,proportional_reference_module_accounting_sensitivity_no_portfolio_diversification,slack_backed,2,0,0.95,12,5,45.7355299495,1137.6953125,200,0.05,2,0.01,1,25000,50,0,0,26.7454574039,47.5643103681,51.2866031544,51.2866031544,-58348.5280028
nature_economic_cost_robustness_v1,post_hoc_development_parameterized_sensitivity,real_2026_usd,independent_fresh_event_screening_bootstrap,proportional_reference_module_accounting_sensitivity_no_portfolio_diversification,slack_backed,2,0,0.95,12,5,45.7355299495,1137.6953125,200,0.05,2,0.01,2,50000,50,0,0,26.7454574039,69.5385592951,73.2608520814,73.2608520814,-83348.5280028
nature_economic_cost_robustness_v1,post_hoc_development_parameterized_sensitivity,real_2026_usd,independent_fresh_event_screening_bootstrap,proportional_reference_module_accounting_sensitivity_no_portfolio_diversification,reserved_headroom,2,0,0.95,12,5,45.7355299495,1137.6953125,200,0.05,0,0,0,0,50,0.15,0,0,114.99287554,115.041052728,115.041052728,-130881.666433
nature_economic_cost_robustness_v1,post_hoc_development_parameterized_sensitivity,real_2026_usd,independent_fresh_event_screening_bootstrap,proportional_reference_module_accounting_sensitivity_no_portfolio_diversification,reserved_headroom,2,0,0.95,12,5,45.7355299495,1137.6953125,200,0.05,0,0,0.5,12500,50,0.15,0,0,125.980000004,126.028177191,126.028177191,-143381.666433
nature_economic_cost_robustness_v1,post_hoc_development_parameterized_sensitivity,real_2026_usd,independent_fresh_event_screening_bootstrap,proportional_reference_module_accounting_sensitivity_no_portfolio_diversification,reserved_headroom,2,0,0.95,12,5,45.7355299495,1137.6953125,200,0.05,0,0,1,25000,50,0.15,0,0,136.967124467,137.015301655,137.015301655,-155881.666433
nature_economic_cost_robustness_v1,post_hoc_development_parameterized_sensitivity,real_2026_usd,independent_fresh_event_screening_bootstrap,proportional_reference_module_accounting_sensitivity_no_portfolio_diversification,reserved_headroom,2,0,0.95,12,5,45.7355299495,1137.6953125,200,0.05,0,0,2,50000,50,0.15,0,0,158.941373394,158.989550582,158.989550582,-180881.666433
nature_economic_cost_robustness_v1,post_hoc_development_parameterized_sensitivity,real_2026_usd,independent_fresh_event_screening_bootstrap,proportional_reference_module_accounting_sensitivity_no_portfolio_diversification,reserved_headroom,2,0,0.95,12,5,45.7355299495,1137.6953125,200,0.05,0.5,0.0025,0,0,50,0.15,0,6.68636435097,121.679239891,122.649846903,122.649846903,-139538.155901
nature_economic_cost_robustness_v1,post_hoc_development_parameterized_sensitivity,real_2026_usd,independent_fresh_event_screening_bootstrap,proportional_reference_module_accounting_sensitivity_no_portfolio_diversification,reserved_headroom,2,0,0.95,12,5,45.7355299495,1137.6953125,200,0.05,0.5,0.0025,0.5,12500,50,0.15,0,6.68636435097,132.666364355,133.636971367,133.636971367,-152038.155901
nature_economic_cost_robustness_v1,post_hoc_development_parameterized_sensitivity,real_2026_usd,independent_fresh_event_screening_bootstrap,proportional_reference_module_accounting_sensitivity_no_portfolio_diversification,reserved_headroom,2,0,0.95,12,5,45.7355299495,1137.6953125,200,0.05,0.5,0.0025,1,25000,50,0.15,0,6.68636435097,143.653488818,144.62409583,144.62409583,-164538.155901
nature_economic_cost_robustness_v1,post_hoc_development_parameterized_sensitivity,real_2026_usd,independent_fresh_event_screening_bootstrap,proportional_reference_module_accounting_sensitivity_no_portfolio_diversification,reserved_headroom,2,0,0.95,12,5,45.7355299495,1137.6953125,200,0.05,0.5,0.0025,2,50000,50,0.15,0,6.68636435097,165.627737745,166.598344757,166.598344757,-189538.155901
nature_economic_cost_robustness_v1,post_hoc_development_parameterized_sensitivity,real_2026_usd,independent_fresh_event_screening_bootstrap,proportional_reference_module_accounting_sensitivity_no_portfolio_diversification,reserved_headroom,2,0,0.95,12,5,45.7355299495,1137.6953125,200,0.05,1,0.005,0,0,50,0.15,0,13.3727287019,128.365604242,130.260007182,130.260007182,-148196.199577
nature_economic_cost_robustness_v1,post_hoc_development_parameterized_sensitivity,real_2026_usd,independent_fresh_event_screening_bootstrap,proportional_reference_module_accounting_sensitivity_no_portfolio_diversification,reserved_headroom,2,0,0.95,12,5,45.7355299495,1137.6953125,200,0.05,1,0.005,0.5,12500,50,0.15,0,13.3727287019,139.352728706,141.247131645,141.247131645,-160696.199577
nature_economic_cost_robustness_v1,post_hoc_development_parameterized_sensitivity,real_2026_usd,independent_fresh_event_screening_bootstrap,proportional_reference_module_accounting_sensitivity_no_portfolio_diversification,reserved_headroom,2,0,0.95,12,5,45.7355299495,1137.6953125,200,0.05,1,0.005,1,25000,50,0.15,0,13.3727287019,150.339853169,152.234256109,152.234256109,-173196.199577
nature_economic_cost_robustness_v1,post_hoc_development_parameterized_sensitivity,real_2026_usd,independent_fresh_event_screening_bootstrap,proportional_reference_module_accounting_sensitivity_no_portfolio_diversification,reserved_headroom,2,0,0.95,12,5,45.7355299495,1137.6953125,200,0.05,1,0.005,2,50000,50,0.15,0,13.3727287019,172.314102096,174.208505036,174.208505036,-198196.199577
nature_economic_cost_robustness_v1,post_hoc_development_parameterized_sensitivity,real_2026_usd,independent_fresh_event_screening_bootstrap,proportional_reference_module_accounting_sensitivity_no_portfolio_diversification,reserved_headroom,2,0,0.95,12,5,45.7355299495,1137.6953125,200,0.05,2,0.01,0,0,50,0.15,0,26.7454574039,141.738332944,145.460625731,145.460625731,-165489.872047
nature_economic_cost_robustness_v1,post_hoc_development_parameterized_sensitivity,real_2026_usd,independent_fresh_event_screening_bootstrap,proportional_reference_module_accounting_sensitivity_no_portfolio_diversification,reserved_headroom,2,0,0.95,12,5,45.7355299495,1137.6953125,200,0.05,2,0.01,0.5,12500,50,0.15,0,26.7454574039,152.725457408,156.447750194,156.447750194,-177989.872047
nature_economic_cost_robustness_v1,post_hoc_development_parameterized_sensitivity,real_2026_usd,independent_fresh_event_screening_bootstrap,proportional_reference_module_accounting_sensitivity_no_portfolio_diversification,reserved_headroom,2,0,0.95,12,5,45.7355299495,1137.6953125,200,0.05,2,0.01,1,25000,50,0.15,0,26.7454574039,163.712581871,167.434874658,167.434874658,-190489.872047
nature_economic_cost_robustness_v1,post_hoc_development_parameterized_sensitivity,real_2026_usd,independent_fresh_event_screening_bootstrap,proportional_reference_module_accounting_sensitivity_no_portfolio_diversification,reserved_headroom,2,0,0.95,12,5,45.7355299495,1137.6953125,200,0.05,2,0.01,2,50000,50,0.15,0,26.7454574039,185.686830798,189.409123585,189.409123585,-215489.872047
nature_economic_cost_robustness_v1,post_hoc_development_parameterized_sensitivity,real_2026_usd,independent_fresh_event_screening_bootstrap,proportional_reference_module_accounting_sensitivity_no_portfolio_diversification,throughput_displacing,2,0,0.95,12,5,45.7355299495,1137.6953125,200,0.05,0,0,0,0,50,0,0.25,0,18.854898636,19.1817763293,19.1817763293,-21823.0170152
nature_economic_cost_robustness_v1,post_hoc_development_parameterized_sensitivity,real_2026_usd,independent_fresh_event_screening_bootstrap,proportional_reference_module_accounting_sensitivity_no_portfolio_diversification,throughput_displacing,2,0,0.95,12,5,45.7355299495,1137.6953125,200,0.05,0,0,0.5,12500,50,0,0.25,0,29.8420230995,30.1689007928,30.1689007928,-34323.0170152
nature_economic_cost_robustness_v1,post_hoc_development_parameterized_sensitivity,real_2026_usd,independent_fresh_event_screening_bootstrap,proportional_reference_module_accounting_sensitivity_no_portfolio_diversification,throughput_displacing,2,0,0.95,12,5,45.7355299495,1137.6953125,200,0.05,0,0,1,25000,50,0,0.25,0,40.829147563,41.1560252563,41.1560252563,-46823.0170152
nature_economic_cost_robustness_v1,post_hoc_development_parameterized_sensitivity,real_2026_usd,independent_fresh_event_screening_bootstrap,proportional_reference_module_accounting_sensitivity_no_portfolio_diversification,throughput_displacing,2,0,0.95,12,5,45.7355299495,1137.6953125,200,0.05,0,0,2,50000,50,0,0.25,0,62.80339649,63.1302741834,63.1302741834,-71823.0170152
nature_economic_cost_robustness_v1,post_hoc_development_parameterized_sensitivity,real_2026_usd,independent_fresh_event_screening_bootstrap,proportional_reference_module_accounting_sensitivity_no_portfolio_diversification,throughput_displacing,2,0,0.95,12,5,45.7355299495,1137.6953125,200,0.05,0.5,0.0025,0,0,50,0,0.25,6.68636435097,25.5412629869,26.2815682984,26.2815682984,-29900.4170582
nature_economic_cost_robustness_v1,post_hoc_development_parameterized_sensitivity,real_2026_usd,independent_fresh_event_screening_bootstrap,proportional_reference_module_accounting_sensitivity_no_portfolio_diversification,throughput_displacing,2,0,0.95,12,5,45.7355299495,1137.6953125,200,0.05,0.5,0.0025,0.5,12500,50,0,0.25,6.68636435097,36.5283874504,37.2686927619,37.2686927619,-42400.4170582
nature_economic_cost_robustness_v1,post_hoc_development_parameterized_sensitivity,real_2026_usd,independent_fresh_event_screening_bootstrap,proportional_reference_module_accounting_sensitivity_no_portfolio_diversification,throughput_displacing,2,0,0.95,12,5,45.7355299495,1137.6953125,200,0.05,0.5,0.0025,1,25000,50,0,0.25,6.68636435097,47.515511914,48.2558172254,48.2558172254,-54900.4170582
nature_economic_cost_robustness_v1,post_hoc_development_parameterized_sensitivity,real_2026_usd,independent_fresh_event_screening_bootstrap,proportional_reference_module_accounting_sensitivity_no_portfolio_diversification,throughput_displacing,2,0,0.95,12,5,45.7355299495,1137.6953125,200,0.05,0.5,0.0025,2,50000,50,0,0.25,6.68636435097,69.489760841,70.2300661524,70.2300661524,-79900.4170582
nature_economic_cost_robustness_v1,post_hoc_development_parameterized_sensitivity,real_2026_usd,independent_fresh_event_screening_bootstrap,proportional_reference_module_accounting_sensitivity_no_portfolio_diversification,throughput_displacing,2,0,0.95,12,5,45.7355299495,1137.6953125,200,0.05,1,0.005,0,0,50,0,0.25,13.3727287019,32.2276273379,33.7427876987,33.7427876987,-38389.0113956
nature_economic_cost_robustness_v1,post_hoc_development_parameterized_sensitivity,real_2026_usd,independent_fresh_event_screening_bootstrap,proportional_reference_module_accounting_sensitivity_no_portfolio_diversification,throughput_displacing,2,0,0.95,12,5,45.7355299495,1137.6953125,200,0.05,1,0.005,0.5,12500,50,0,0.25,13.3727287019,43.2147518014,44.7299121623,44.7299121623,-50889.0113956
nature_economic_cost_robustness_v1,post_hoc_development_parameterized_sensitivity,real_2026_usd,independent_fresh_event_screening_bootstrap,proportional_reference_module_accounting_sensitivity_no_portfolio_diversification,throughput_displacing,2,0,0.95,12,5,45.7355299495,1137.6953125,200,0.05,1,0.005,1,25000,50,0,0.25,13.3727287019,54.2018762649,55.7170366258,55.7170366258,-63389.0113956
nature_economic_cost_robustness_v1,post_hoc_development_parameterized_sensitivity,real_2026_usd,independent_fresh_event_screening_bootstrap,proportional_reference_module_accounting_sensitivity_no_portfolio_diversification,throughput_displacing,2,0,0.95,12,5,45.7355299495,1137.6953125,200,0.05,1,0.005,2,50000,50,0,0.25,13.3727287019,76.176125192,77.6912855528,77.6912855528,-88389.0113956
nature_economic_cost_robustness_v1,post_hoc_development_parameterized_sensitivity,real_2026_usd,independent_fresh_event_screening_bootstrap,proportional_reference_module_accounting_sensitivity_no_portfolio_diversification,throughput_displacing,2,0,0.95,12,5,45.7355299495,1137.6953125,200,0.05,2,0.01,0,0,50,0,0.25,26.7454574039,45.6003560398,49.0973727852,49.0973727852,-55857.8508738
nature_economic_cost_robustness_v1,post_hoc_development_parameterized_sensitivity,real_2026_usd,independent_fresh_event_screening_bootstrap,proportional_reference_module_accounting_sensitivity_no_portfolio_diversification,throughput_displacing,2,0,0.95,12,5,45.7355299495,1137.6953125,200,0.05,2,0.01,0.5,12500,50,0,0.25,26.7454574039,56.5874805034,60.0844972487,60.0844972487,-68357.8508738
nature_economic_cost_robustness_v1,post_hoc_development_parameterized_sensitivity,real_2026_usd,independent_fresh_event_screening_bootstrap,proportional_reference_module_accounting_sensitivity_no_portfolio_diversification,throughput_displacing,2,0,0.95,12,5,45.7355299495,1137.6953125,200,0.05,2,0.01,1,25000,50,0,0.25,26.7454574039,67.5746049669,71.0716217122,71.0716217122,-80857.8508738
nature_economic_cost_robustness_v1,post_hoc_development_parameterized_sensitivity,real_2026_usd,independent_fresh_event_screening_bootstrap,proportional_reference_module_accounting_sensitivity_no_portfolio_diversification,throughput_displacing,2,0,0.95,12,5,45.7355299495,1137.6953125,200,0.05,2,0.01,2,50000,50,0,0.25,26.7454574039,89.5488538939,93.0458706393,93.0458706393,-105857.850874
nature_economic_cost_robustness_v1,post_hoc_development_parameterized_sensitivity,real_2026_usd,independent_fresh_event_screening_bootstrap,proportional_reference_module_accounting_sensitivity_no_portfolio_diversification,slack_backed,2,0,0.95,12,20,45.7355299495,4550.78125,200,0.05,0,0,0,0,50,0,0,0,0,0,-1.10721877543,5038.71044286
nature_economic_cost_robustness_v1,post_hoc_development_parameterized_sensitivity,real_2026_usd,independent_fresh_event_screening_bootstrap,proportional_reference_module_accounting_sensitivity_no_portfolio_diversification,slack_backed,2,0,0.95,12,20,45.7355299495,4550.78125,200,0.05,0,0,0.5,12500,50,0,0,0,1.59138515302,1.63956234045,1.63956234045,-7461.28955714
nature_economic_cost_robustness_v1,post_hoc_development_parameterized_sensitivity,real_2026_usd,independent_fresh_event_screening_bootstrap,proportional_reference_module_accounting_sensitivity_no_portfolio_diversification,slack_backed,2,0,0.95,12,20,45.7355299495,4550.78125,200,0.05,0,0,1,25000,50,0,0,0,4.3381662689,4.38634345633,4.38634345633,-19961.2895571
nature_economic_cost_robustness_v1,post_hoc_development_parameterized_sensitivity,real_2026_usd,independent_fresh_event_screening_bootstrap,proportional_reference_module_accounting_sensitivity_no_portfolio_diversification,slack_backed,2,0,0.95,12,20,45.7355299495,4550.78125,200,0.05,0,0,2,50000,50,0,0,0,9.83172850066,9.87990568809,9.87990568809,-44961.2895571
nature_economic_cost_robustness_v1,post_hoc_development_parameterized_sensitivity,real_2026_usd,independent_fresh_event_screening_bootstrap,proportional_reference_module_accounting_sensitivity_no_portfolio_diversification,slack_backed,2,0,0.95,12,20,45.7355299495,4550.78125,200,0.05,0.5,0.0025,0,0,50,0,0,6.68636435097,5.53096838811,6.50157540009,6.50157540009,-29587.2474262
nature_economic_cost_robustness_v1,post_hoc_development_parameterized_sensitivity,real_2026_usd,independent_fresh_event_screening_bootstrap,proportional_reference_module_accounting_sensitivity_no_portfolio_diversification,slack_backed,2,0,0.95,12,20,45.7355299495,4550.78125,200,0.05,0.5,0.0025,0.5,12500,50,0,0,6.68636435097,8.27774950399,9.24835651597,9.24835651597,-42087.2474262
nature_economic_cost_robustness_v1,post_hoc_development_parameterized_sensitivity,real_2026_usd,independent_fresh_event_screening_bootstrap,proportional_reference_module_accounting_sensitivity_no_portfolio_diversification,slack_backed,2,0,0.95,12,20,45.7355299495,4550.78125,200,0.05,0.5,0.0025,1,25000,50,0,0,6.68636435097,11.0245306199,11.9951376319,11.9951376319,-54587.2474262
nature_economic_cost_robustness_v1,post_hoc_development_parameterized_sensitivity,real_2026_usd,independent_fresh_event_screening_bootstrap,proportional_reference_module_accounting_sensitivity_no_portfolio_diversification,slack_backed,2,0,0.95,12,20,45.7355299495,4550.78125,200,0.05,0.5,0.0025,2,50000,50,0,0,6.68636435097,16.5180928516,17.4886998636,17.4886998636,-79587.2474262
nature_economic_cost_robustness_v1,post_hoc_development_parameterized_sensitivity,real_2026_usd,independent_fresh_event_screening_bootstrap,proportional_reference_module_accounting_sensitivity_no_portfolio_diversification,slack_backed,2,0,0.95,12,20,45.7355299495,4550.78125,200,0.05,1,0.005,0,0,50,0,0,13.3727287019,12.2173327391,14.1117356786,14.1117356786,-64219.4221312
nature_economic_cost_robustness_v1,post_hoc_development_parameterized_sensitivity,real_2026_usd,independent_fresh_event_screening_bootstrap,proportional_reference_module_accounting_sensitivity_no_portfolio_diversification,slack_backed,2,0,0.95,12,20,45.7355299495,4550.78125,200,0.05,1,0.005,0.5,12500,50,0,0,13.3727287019,14.964113855,16.8585167945,16.8585167945,-76719.4221312
nature_economic_cost_robustness_v1,post_hoc_development_parameterized_sensitivity,real_2026_usd,independent_fresh_event_screening_bootstrap,proportional_reference_module_accounting_sensitivity_no_portfolio_diversification,slack_backed,2,0,0.95,12,20,45.7355299495,4550.78125,200,0.05,1,0.005,1,25000,50,0,0,13.3727287019,17.7108949708,19.6052979104,19.6052979104,-89219.4221312
nature_economic_cost_robustness_v1,post_hoc_development_parameterized_sensitivity,real_2026_usd,independent_fresh_event_screening_bootstrap,proportional_reference_module_accounting_sensitivity_no_portfolio_diversification,slack_backed,2,0,0.95,12,20,45.7355299495,4550.78125,200,0.05,1,0.005,2,50000,50,0,0,13.3727287019,23.2044572026,25.0988601421,25.0988601421,-114219.422131
nature_economic_cost_robustness_v1,post_hoc_development_parameterized_sensitivity,real_2026_usd,independent_fresh_event_screening_bootstrap,proportional_reference_module_accounting_sensitivity_no_portfolio_diversification,slack_backed,2,0,0.95,12,20,45.7355299495,4550.78125,200,0.05,2,0.01,0,0,50,0,0,26.7454574039,25.590061441,29.3123542274,29.3123542274,-133394.112011
nature_economic_cost_robustness_v1,post_hoc_development_parameterized_sensitivity,real_2026_usd,independent_fresh_event_screening_bootstrap,proportional_reference_module_accounting_sensitivity_no_portfolio_diversification,slack_backed,2,0,0.95,12,20,45.7355299495,4550.78125,200,0.05,2,0.01,0.5,12500,50,0,0,26.7454574039,28.3368425569,32.0591353433,32.0591353433,-145894.112011
nature_economic_cost_robustness_v1,post_hoc_development_parameterized_sensitivity,real_2026_usd,independent_fresh_event_screening_bootstrap,proportional_reference_module_accounting_sensitivity_no_portfolio_diversification,slack_backed,2,0,0.95,12,20,45.7355299495,4550.78125,200,0.05,2,0.01,1,25000,50,0,0,26.7454574039,31.0836236728,34.8059164591,34.8059164591,-158394.112011
nature_economic_cost_robustness_v1,post_hoc_development_parameterized_sensitivity,real_2026_usd,independent_fresh_event_screening_bootstrap,proportional_reference_module_accounting_sensitivity_no_portfolio_diversification,slack_backed,2,0,0.95,12,20,45.7355299495,4550.78125,200,0.05,2,0.01,2,50000,50,0,0,26.7454574039,36.5771859045,40.2994786909,40.2994786909,-183394.112011
nature_economic_cost_robustness_v1,post_hoc_development_parameterized_sensitivity,real_2026_usd,independent_fresh_event_screening_bootstrap,proportional_reference_module_accounting_sensitivity_no_portfolio_diversification,reserved_headroom,2,0,0.95,12,20,45.7355299495,4550.78125,200,0.05,0,0,0,0,50,0.15,0,0,114.99287554,115.041052728,115.041052728,-523526.665734
nature_economic_cost_robustness_v1,post_hoc_development_parameterized_sensitivity,real_2026_usd,independent_fresh_event_screening_bootstrap,proportional_reference_module_accounting_sensitivity_no_portfolio_diversification,reserved_headroom,2,0,0.95,12,20,45.7355299495,4550.78125,200,0.05,0,0,0.5,12500,50,0.15,0,0,117.739656656,117.787833844,117.787833844,-536026.665734
nature_economic_cost_robustness_v1,post_hoc_development_parameterized_sensitivity,real_2026_usd,independent_fresh_event_screening_bootstrap,proportional_reference_module_accounting_sensitivity_no_portfolio_diversification,reserved_headroom,2,0,0.95,12,20,45.7355299495,4550.78125,200,0.05,0,0,1,25000,50,0.15,0,0,120.486437772,120.53461496,120.53461496,-548526.665734
nature_economic_cost_robustness_v1,post_hoc_development_parameterized_sensitivity,real_2026_usd,independent_fresh_event_screening_bootstrap,proportional_reference_module_accounting_sensitivity_no_portfolio_diversification,reserved_headroom,2,0,0.95,12,20,45.7355299495,4550.78125,200,0.05,0,0,2,50000,50,0.15,0,0,125.980000004,126.028177191,126.028177191,-573526.665734
nature_economic_cost_robustness_v1,post_hoc_development_parameterized_sensitivity,real_2026_usd,independent_fresh_event_screening_bootstrap,proportional_reference_module_accounting_sensitivity_no_portfolio_diversification,reserved_headroom,2,0,0.95,12,20,45.7355299495,4550.78125,200,0.05,0.5,0.0025,0,0,50,0.15,0,6.68636435097,121.679239891,122.649846903,122.649846903,-558152.623603
nature_economic_cost_robustness_v1,post_hoc_development_parameterized_sensitivity,real_2026_usd,independent_fresh_event_screening_bootstrap,proportional_reference_module_accounting_sensitivity_no_portfolio_diversification,reserved_headroom,2,0,0.95,12,20,45.7355299495,4550.78125,200,0.05,0.5,0.0025,0.5,12500,50,0.15,0,6.68636435097,124.426021007,125.396628019,125.396628019,-570652.623603
nature_economic_cost_robustness_v1,post_hoc_development_parameterized_sensitivity,real_2026_usd,independent_fresh_event_screening_bootstrap,proportional_reference_module_accounting_sensitivity_no_portfolio_diversification,reserved_headroom,2,0,0.95,12,20,45.7355299495,4550.78125,200,0.05,0.5,0.0025,1,25000,50,0.15,0,6.68636435097,127.172802123,128.143409135,128.143409135,-583152.623603
nature_economic_cost_robustness_v1,post_hoc_development_parameterized_sensitivity,real_2026_usd,independent_fresh_event_screening_bootstrap,proportional_reference_module_accounting_sensitivity_no_portfolio_diversification,reserved_headroom,2,0,0.95,12,20,45.7355299495,4550.78125,200,0.05,0.5,0.0025,2,50000,50,0.15,0,6.68636435097,132.666364355,133.636971367,133.636971367,-608152.623603
nature_economic_cost_robustness_v1,post_hoc_development_parameterized_sensitivity,real_2026_usd,independent_fresh_event_screening_bootstrap,proportional_reference_module_accounting_sensitivity_no_portfolio_diversification,reserved_headroom,2,0,0.95,12,20,45.7355299495,4550.78125,200,0.05,1,0.005,0,0,50,0.15,0,13.3727287019,128.365604242,130.260007182,130.260007182,-592784.798308
nature_economic_cost_robustness_v1,post_hoc_development_parameterized_sensitivity,real_2026_usd,independent_fresh_event_screening_bootstrap,proportional_reference_module_accounting_sensitivity_no_portfolio_diversification,reserved_headroom,2,0,0.95,12,20,45.7355299495,4550.78125,200,0.05,1,0.005,0.5,12500,50,0.15,0,13.3727287019,131.112385358,133.006788298,133.006788298,-605284.798308
nature_economic_cost_robustness_v1,post_hoc_development_parameterized_sensitivity,real_2026_usd,independent_fresh_event_screening_bootstrap,proportional_reference_module_accounting_sensitivity_no_portfolio_diversification,reserved_headroom,2,0,0.95,12,20,45.7355299495,4550.78125,200,0.05,1,0.005,1,25000,50,0.15,0,13.3727287019,133.859166474,135.753569414,135.753569414,-617784.798308
nature_economic_cost_robustness_v1,post_hoc_development_parameterized_sensitivity,real_2026_usd,independent_fresh_event_screening_bootstrap,proportional_reference_module_accounting_sensitivity_no_portfolio_diversification,reserved_headroom,2,0,0.95,12,20,45.7355299495,4550.78125,200,0.05,1,0.005,2,50000,50,0.15,0,13.3727287019,139.352728706,141.247131645,141.247131645,-642784.798308
nature_economic_cost_robustness_v1,post_hoc_development_parameterized_sensitivity,real_2026_usd,independent_fresh_event_screening_bootstrap,proportional_reference_module_accounting_sensitivity_no_portfolio_diversification,reserved_headroom,2,0,0.95,12,20,45.7355299495,4550.78125,200,0.05,2,0.01,0,0,50,0.15,0,26.7454574039,141.738332944,145.460625731,145.460625731,-661959.488188
nature_economic_cost_robustness_v1,post_hoc_development_parameterized_sensitivity,real_2026_usd,independent_fresh_event_screening_bootstrap,proportional_reference_module_accounting_sensitivity_no_portfolio_diversification,reserved_headroom,2,0,0.95,12,20,45.7355299495,4550.78125,200,0.05,2,0.01,0.5,12500,50,0.15,0,26.7454574039,144.48511406,148.207406846,148.207406846,-674459.488188
nature_economic_cost_robustness_v1,post_hoc_development_parameterized_sensitivity,real_2026_usd,independent_fresh_event_screening_bootstrap,proportional_reference_module_accounting_sensitivity_no_portfolio_diversification,reserved_headroom,2,0,0.95,12,20,45.7355299495,4550.78125,200,0.05,2,0.01,1,25000,50,0.15,0,26.7454574039,147.231895176,150.954187962,150.954187962,-686959.488188
nature_economic_cost_robustness_v1,post_hoc_development_parameterized_sensitivity,real_2026_usd,independent_fresh_event_screening_bootstrap,proportional_reference_module_accounting_sensitivity_no_portfolio_diversification,reserved_headroom,2,0,0.95,12,20,45.7355299495,4550.78125,200,0.05,2,0.01,2,50000,50,0.15,0,26.7454574039,152.725457408,156.447750194,156.447750194,-711959.488188
nature_economic_cost_robustness_v1,post_hoc_development_parameterized_sensitivity,real_2026_usd,independent_fresh_event_screening_bootstrap,proportional_reference_module_accounting_sensitivity_no_portfolio_diversification,throughput_displacing,2,0,0.95,12,20,45.7355299495,4550.78125,200,0.05,0,0,0,0,50,0,0.25,0,18.854898636,19.1817763293,19.1817763293,-87292.068061
nature_economic_cost_robustness_v1,post_hoc_development_parameterized_sensitivity,real_2026_usd,independent_fresh_event_screening_bootstrap,proportional_reference_module_accounting_sensitivity_no_portfolio_diversification,throughput_displacing,2,0,0.95,12,20,45.7355299495,4550.78125,200,0.05,0,0,0.5,12500,50,0,0.25,0,21.6016797518,21.9285574452,21.9285574452,-99792.068061
nature_economic_cost_robustness_v1,post_hoc_development_parameterized_sensitivity,real_2026_usd,independent_fresh_event_screening_bootstrap,proportional_reference_module_accounting_sensitivity_no_portfolio_diversification,throughput_displacing,2,0,0.95,12,20,45.7355299495,4550.78125,200,0.05,0,0,1,25000,50,0,0.25,0,24.3484608677,24.675338561,24.675338561,-112292.068061
nature_economic_cost_robustness_v1,post_hoc_development_parameterized_sensitivity,real_2026_usd,independent_fresh_event_screening_bootstrap,proportional_reference_module_accounting_sensitivity_no_portfolio_diversification,throughput_displacing,2,0,0.95,12,20,45.7355299495,4550.78125,200,0.05,0,0,2,50000,50,0,0.25,0,29.8420230995,30.1689007928,30.1689007928,-137292.068061
nature_economic_cost_robustness_v1,post_hoc_development_parameterized_sensitivity,real_2026_usd,independent_fresh_event_screening_bootstrap,proportional_reference_module_accounting_sensitivity_no_portfolio_diversification,throughput_displacing,2,0,0.95,12,20,45.7355299495,4550.78125,200,0.05,0.5,0.0025,0,0,50,0,0.25,6.68636435097,25.5412629869,26.2815682984,26.2815682984,-119601.668233
nature_economic_cost_robustness_v1,post_hoc_development_parameterized_sensitivity,real_2026_usd,independent_fresh_event_screening_bootstrap,proportional_reference_module_accounting_sensitivity_no_portfolio_diversification,throughput_displacing,2,0,0.95,12,20,45.7355299495,4550.78125,200,0.05,0.5,0.0025,0.5,12500,50,0,0.25,6.68636435097,28.2880441028,29.0283494142,29.0283494142,-132101.668233
nature_economic_cost_robustness_v1,post_hoc_development_parameterized_sensitivity,real_2026_usd,independent_fresh_event_screening_bootstrap,proportional_reference_module_accounting_sensitivity_no_portfolio_diversification,throughput_displacing,2,0,0.95,12,20,45.7355299495,4550.78125,200,0.05,0.5,0.0025,1,25000,50,0,0.25,6.68636435097,31.0348252187,31.7751305301,31.7751305301,-144601.668233
nature_economic_cost_robustness_v1,post_hoc_development_parameterized_sensitivity,real_2026_usd,independent_fresh_event_screening_bootstrap,proportional_reference_module_accounting_sensitivity_no_portfolio_diversification,throughput_displacing,2,0,0.95,12,20,45.7355299495,4550.78125,200,0.05,0.5,0.0025,2,50000,50,0,0.25,6.68636435097,36.5283874504,37.2686927619,37.2686927619,-169601.668233
nature_economic_cost_robustness_v1,post_hoc_development_parameterized_sensitivity,real_2026_usd,independent_fresh_event_screening_bootstrap,proportional_reference_module_accounting_sensitivity_no_portfolio_diversification,throughput_displacing,2,0,0.95,12,20,45.7355299495,4550.78125,200,0.05,1,0.005,0,0,50,0,0.25,13.3727287019,32.2276273379,33.7427876987,33.7427876987,-153556.045582
nature_economic_cost_robustness_v1,post_hoc_development_parameterized_sensitivity,real_2026_usd,independent_fresh_event_screening_bootstrap,proportional_reference_module_accounting_sensitivity_no_portfolio_diversification,throughput_displacing,2,0,0.95,12,20,45.7355299495,4550.78125,200,0.05,1,0.005,0.5,12500,50,0,0.25,13.3727287019,34.9744084538,36.4895688146,36.4895688146,-166056.045582
nature_economic_cost_robustness_v1,post_hoc_development_parameterized_sensitivity,real_2026_usd,independent_fresh_event_screening_bootstrap,proportional_reference_module_accounting_sensitivity_no_portfolio_diversification,throughput_displacing,2,0,0.95,12,20,45.7355299495,4550.78125,200,0.05,1,0.005,1,25000,50,0,0.25,13.3727287019,37.7211895697,39.2363499305,39.2363499305,-178556.045582
nature_economic_cost_robustness_v1,post_hoc_development_parameterized_sensitivity,real_2026_usd,independent_fresh_event_screening_bootstrap,proportional_reference_module_accounting_sensitivity_no_portfolio_diversification,throughput_displacing,2,0,0.95,12,20,45.7355299495,4550.78125,200,0.05,1,0.005,2,50000,50,0,0.25,13.3727287019,43.2147518014,44.7299121623,44.7299121623,-203556.045582
nature_economic_cost_robustness_v1,post_hoc_development_parameterized_sensitivity,real_2026_usd,independent_fresh_event_screening_bootstrap,proportional_reference_module_accounting_sensitivity_no_portfolio_diversification,throughput_displacing,2,0,0.95,12,20,45.7355299495,4550.78125,200,0.05,2,0.01,0,0,50,0,0.25,26.7454574039,45.6003560398,49.0973727852,49.0973727852,-223431.403495
nature_economic_cost_robustness_v1,post_hoc_development_parameterized_sensitivity,real_2026_usd,independent_fresh_event_screening_bootstrap,proportional_reference_module_accounting_sensitivity_no_portfolio_diversification,throughput_displacing,2,0,0.95,12,20,45.7355299495,4550.78125,200,0.05,2,0.01,0.5,12500,50,0,0.25,26.7454574039,48.3471371557,51.8441539011,51.8441539011,-235931.403495
nature_economic_cost_robustness_v1,post_hoc_development_parameterized_sensitivity,real_2026_usd,independent_fresh_event_screening_bootstrap,proportional_reference_module_accounting_sensitivity_no_portfolio_diversification,throughput_displacing,2,0,0.95,12,20,45.7355299495,4550.78125,200,0.05,2,0.01,1,25000,50,0,0.25,26.7454574039,51.0939182716,54.5909350169,54.5909350169,-248431.403495
nature_economic_cost_robustness_v1,post_hoc_development_parameterized_sensitivity,real_2026_usd,independent_fresh_event_screening_bootstrap,proportional_reference_module_accounting_sensitivity_no_portfolio_diversification,throughput_displacing,2,0,0.95,12,20,45.7355299495,4550.78125,200,0.05,2,0.01,2,50000,50,0,0.25,26.7454574039,56.5874805034,60.0844972487,60.0844972487,-273431.403495
nature_economic_cost_robustness_v1,post_hoc_development_parameterized_sensitivity,real_2026_usd,independent_fresh_event_screening_bootstrap,proportional_reference_module_accounting_sensitivity_no_portfolio_diversification,slack_backed,2,0,0.95,50,0.2,45.7355299495,45.5078125,200,0.05,0,0,0,0,50,0,0,0,0,0,-4.73453687958,215.45841659
nature_economic_cost_robustness_v1,post_hoc_development_parameterized_sensitivity,real_2026_usd,independent_fresh_event_screening_bootstrap,proportional_reference_module_accounting_sensitivity_no_portfolio_diversification,slack_backed,2,0,0.95,50,0.2,45.7355299495,45.5078125,200,0.05,0,0,0.5,12500,50,0,0,0,269.863961743,269.943574708,269.943574708,-12284.5415834
nature_economic_cost_robustness_v1,post_hoc_development_parameterized_sensitivity,real_2026_usd,independent_fresh_event_screening_bootstrap,proportional_reference_module_accounting_sensitivity_no_portfolio_diversification,slack_backed,2,0,0.95,50,0.2,45.7355299495,45.5078125,200,0.05,0,0,1,25000,50,0,0,0,544.542073331,544.621686296,544.621686296,-24784.5415834
nature_economic_cost_robustness_v1,post_hoc_development_parameterized_sensitivity,real_2026_usd,independent_fresh_event_screening_bootstrap,proportional_reference_module_accounting_sensitivity_no_portfolio_diversification,slack_backed,2,0,0.95,50,0.2,45.7355299495,45.5078125,200,0.05,0,0,2,50000,50,0,0,0,1093.89829651,1093.97790947,1093.97790947,-49784.5415834
nature_economic_cost_robustness_v1,post_hoc_development_parameterized_sensitivity,real_2026_usd,independent_fresh_event_screening_bootstrap,proportional_reference_module_accounting_sensitivity_no_portfolio_diversification,slack_backed,2,0,0.95,50,0.2,45.7355299495,45.5078125,200,0.05,0.5,0.0025,0,0,50,0,0,27.8598514624,23.0457016171,25.0005628846,25.0005628846,-1137.72092815
nature_economic_cost_robustness_v1,post_hoc_development_parameterized_sensitivity,real_2026_usd,independent_fresh_event_screening_bootstrap,proportional_reference_module_accounting_sensitivity_no_portfolio_diversification,slack_backed,2,0,0.95,50,0.2,45.7355299495,45.5078125,200,0.05,0.5,0.0025,0.5,12500,50,0,0,27.8598514624,297.723813205,299.678674473,299.678674473,-13637.7209281
nature_economic_cost_robustness_v1,post_hoc_development_parameterized_sensitivity,real_2026_usd,independent_fresh_event_screening_bootstrap,proportional_reference_module_accounting_sensitivity_no_portfolio_diversification,slack_backed,2,0,0.95,50,0.2,45.7355299495,45.5078125,200,0.05,0.5,0.0025,1,25000,50,0,0,27.8598514624,572.401924793,574.356786061,574.356786061,-26137.7209281
nature_economic_cost_robustness_v1,post_hoc_development_parameterized_sensitivity,real_2026_usd,independent_fresh_event_screening_bootstrap,proportional_reference_module_accounting_sensitivity_no_portfolio_diversification,slack_backed,2,0,0.95,50,0.2,45.7355299495,45.5078125,200,0.05,0.5,0.0025,2,50000,50,0,0,27.8598514624,1121.75814797,1123.71300924,1123.71300924,-51137.7209281
nature_economic_cost_robustness_v1,post_hoc_development_parameterized_sensitivity,real_2026_usd,independent_fresh_event_screening_bootstrap,proportional_reference_module_accounting_sensitivity_no_portfolio_diversification,slack_backed,2,0,0.95,50,0.2,45.7355299495,45.5078125,200,0.05,1,0.005,0,0,50,0,0,55.7197029248,50.9055530795,54.8011908057,54.8011908057,-2493.88231596
nature_economic_cost_robustness_v1,post_hoc_development_parameterized_sensitivity,real_2026_usd,independent_fresh_event_screening_bootstrap,proportional_reference_module_accounting_sensitivity_no_portfolio_diversification,slack_backed,2,0,0.95,50,0.2,45.7355299495,45.5078125,200,0.05,1,0.005,0.5,12500,50,0,0,55.7197029248,325.583664668,329.479302394,329.479302394,-14993.882316
nature_economic_cost_robustness_v1,post_hoc_development_parameterized_sensitivity,real_2026_usd,independent_fresh_event_screening_bootstrap,proportional_reference_module_accounting_sensitivity_no_portfolio_diversification,slack_backed,2,0,0.95,50,0.2,45.7355299495,45.5078125,200,0.05,1,0.005,1,25000,50,0,0,55.7197029248,600.261776255,604.157413982,604.157413982,-27493.882316
nature_economic_cost_robustness_v1,post_hoc_development_parameterized_sensitivity,real_2026_usd,independent_fresh_event_screening_bootstrap,proportional_reference_module_accounting_sensitivity_no_portfolio_diversification,slack_backed,2,0,0.95,50,0.2,45.7355299495,45.5078125,200,0.05,1,0.005,2,50000,50,0,0,55.7197029248,1149.61799943,1153.51363716,1153.51363716,-52493.882316
nature_economic_cost_robustness_v1,post_hoc_development_parameterized_sensitivity,real_2026_usd,independent_fresh_event_screening_bootstrap,proportional_reference_module_accounting_sensitivity_no_portfolio_diversification,slack_backed,2,0,0.95,50,0.2,45.7355299495,45.5078125,200,0.05,2,0.01,0,0,50,0,0,111.43940585,106.625256004,114.413191512,114.413191512,-5206.69406684
nature_economic_cost_robustness_v1,post_hoc_development_parameterized_sensitivity,real_2026_usd,independent_fresh_event_screening_bootstrap,proportional_reference_module_accounting_sensitivity_no_portfolio_diversification,slack_backed,2,0,0.95,50,0.2,45.7355299495,45.5078125,200,0.05,2,0.01,0.5,12500,50,0,0,111.43940585,381.303367592,389.0913031,389.0913031,-17706.6940668
nature_economic_cost_robustness_v1,post_hoc_development_parameterized_sensitivity,real_2026_usd,independent_fresh_event_screening_bootstrap,proportional_reference_module_accounting_sensitivity_no_portfolio_diversification,slack_backed,2,0,0.95,50,0.2,45.7355299495,45.5078125,200,0.05,2,0.01,1,25000,50,0,0,111.43940585,655.98147918,663.769414688,663.769414688,-30206.6940668
nature_economic_cost_robustness_v1,post_hoc_development_parameterized_sensitivity,real_2026_usd,independent_fresh_event_screening_bootstrap,proportional_reference_module_accounting_sensitivity_no_portfolio_diversification,slack_backed,2,0,0.95,50,0.2,45.7355299495,45.5078125,200,0.05,2,0.01,2,50000,50,0,0,111.43940585,1205.33770236,1213.12563786,1213.12563786,-55206.6940668
nature_economic_cost_robustness_v1,post_hoc_development_parameterized_sensitivity,real_2026_usd,independent_fresh_event_screening_bootstrap,proportional_reference_module_accounting_sensitivity_no_portfolio_diversification,reserved_headroom,2,0,0.95,50,0.2,45.7355299495,45.5078125,200,0.05,0,0,0,0,50,0.15,0,0,111.334121658,111.413734624,111.413734624,-5070.19534518
nature_economic_cost_robustness_v1,post_hoc_development_parameterized_sensitivity,real_2026_usd,independent_fresh_event_screening_bootstrap,proportional_reference_module_accounting_sensitivity_no_portfolio_diversification,reserved_headroom,2,0,0.95,50,0.2,45.7355299495,45.5078125,200,0.05,0,0,0.5,12500,50,0.15,0,0,386.012233246,386.091846212,386.091846212,-17570.1953452
nature_economic_cost_robustness_v1,post_hoc_development_parameterized_sensitivity,real_2026_usd,independent_fresh_event_screening_bootstrap,proportional_reference_module_accounting_sensitivity_no_portfolio_diversification,reserved_headroom,2,0,0.95,50,0.2,45.7355299495,45.5078125,200,0.05,0,0,1,25000,50,0.15,0,0,660.690344834,660.7699578,660.7699578,-30070.1953452
nature_economic_cost_robustness_v1,post_hoc_development_parameterized_sensitivity,real_2026_usd,independent_fresh_event_screening_bootstrap,proportional_reference_module_accounting_sensitivity_no_portfolio_diversification,reserved_headroom,2,0,0.95,50,0.2,45.7355299495,45.5078125,200,0.05,0,0,2,50000,50,0.15,0,0,1210.04656801,1210.12618098,1210.12618098,-55070.1953452
nature_economic_cost_robustness_v1,post_hoc_development_parameterized_sensitivity,real_2026_usd,independent_fresh_event_screening_bootstrap,proportional_reference_module_accounting_sensitivity_no_portfolio_diversification,reserved_headroom,2,0,0.95,50,0.2,45.7355299495,45.5078125,200,0.05,0.5,0.0025,0,0,50,0.15,0,27.8598514624,139.19397312,141.148834388,141.148834388,-6423.37468992
nature_economic_cost_robustness_v1,post_hoc_development_parameterized_sensitivity,real_2026_usd,independent_fresh_event_screening_bootstrap,proportional_reference_module_accounting_sensitivity_no_portfolio_diversification,reserved_headroom,2,0,0.95,50,0.2,45.7355299495,45.5078125,200,0.05,0.5,0.0025,0.5,12500,50,0.15,0,27.8598514624,413.872084708,415.826945976,415.826945976,-18923.3746899
nature_economic_cost_robustness_v1,post_hoc_development_parameterized_sensitivity,real_2026_usd,independent_fresh_event_screening_bootstrap,proportional_reference_module_accounting_sensitivity_no_portfolio_diversification,reserved_headroom,2,0,0.95,50,0.2,45.7355299495,45.5078125,200,0.05,0.5,0.0025,1,25000,50,0.15,0,27.8598514624,688.550196296,690.505057564,690.505057564,-31423.3746899
nature_economic_cost_robustness_v1,post_hoc_development_parameterized_sensitivity,real_2026_usd,independent_fresh_event_screening_bootstrap,proportional_reference_module_accounting_sensitivity_no_portfolio_diversification,reserved_headroom,2,0,0.95,50,0.2,45.7355299495,45.5078125,200,0.05,0.5,0.0025,2,50000,50,0.15,0,27.8598514624,1237.90641947,1239.86128074,1239.86128074,-56423.3746899
nature_economic_cost_robustness_v1,post_hoc_development_parameterized_sensitivity,real_2026_usd,independent_fresh_event_screening_bootstrap,proportional_reference_module_accounting_sensitivity_no_portfolio_diversification,reserved_headroom,2,0,0.95,50,0.2,45.7355299495,45.5078125,200,0.05,1,0.005,0,0,50,0.15,0,55.7197029248,167.053824583,170.949462309,170.949462309,-7779.53607773
nature_economic_cost_robustness_v1,post_hoc_development_parameterized_sensitivity,real_2026_usd,independent_fresh_event_screening_bootstrap,proportional_reference_module_accounting_sensitivity_no_portfolio_diversification,reserved_headroom,2,0,0.95,50,0.2,45.7355299495,45.5078125,200,0.05,1,0.005,0.5,12500,50,0.15,0,55.7197029248,441.731936171,445.627573897,445.627573897,-20279.5360777
nature_economic_cost_robustness_v1,post_hoc_development_parameterized_sensitivity,real_2026_usd,independent_fresh_event_screening_bootstrap,proportional_reference_module_accounting_sensitivity_no_portfolio_diversification,reserved_headroom,2,0,0.95,50,0.2,45.7355299495,45.5078125,200,0.05,1,0.005,1,25000,50,0.15,0,55.7197029248,716.410047759,720.305685485,720.305685485,-32779.5360777
nature_economic_cost_robustness_v1,post_hoc_development_parameterized_sensitivity,real_2026_usd,independent_fresh_event_screening_bootstrap,proportional_reference_module_accounting_sensitivity_no_portfolio_diversification,reserved_headroom,2,0,0.95,50,0.2,45.7355299495,45.5078125,200,0.05,1,0.005,2,50000,50,0.15,0,55.7197029248,1265.76627093,1269.66190866,1269.66190866,-57779.5360777
nature_economic_cost_robustness_v1,post_hoc_development_parameterized_sensitivity,real_2026_usd,independent_fresh_event_screening_bootstrap,proportional_reference_module_accounting_sensitivity_no_portfolio_diversification,reserved_headroom,2,0,0.95,50,0.2,45.7355299495,45.5078125,200,0.05,2,0.01,0,0,50,0.15,0,111.43940585,222.773527508,230.561463015,230.561463015,-10492.3478286
nature_economic_cost_robustness_v1,post_hoc_development_parameterized_sensitivity,real_2026_usd,independent_fresh_event_screening_bootstrap,proportional_reference_module_accounting_sensitivity_no_portfolio_diversification,reserved_headroom,2,0,0.95,50,0.2,45.7355299495,45.5078125,200,0.05,2,0.01,0.5,12500,50,0.15,0,111.43940585,497.451639096,505.239574603,505.239574603,-22992.3478286
nature_economic_cost_robustness_v1,post_hoc_development_parameterized_sensitivity,real_2026_usd,independent_fresh_event_screening_bootstrap,proportional_reference_module_accounting_sensitivity_no_portfolio_diversification,reserved_headroom,2,0,0.95,50,0.2,45.7355299495,45.5078125,200,0.05,2,0.01,1,25000,50,0.15,0,111.43940585,772.129750683,779.917686191,779.917686191,-35492.3478286
nature_economic_cost_robustness_v1,post_hoc_development_parameterized_sensitivity,real_2026_usd,independent_fresh_event_screening_bootstrap,proportional_reference_module_accounting_sensitivity_no_portfolio_diversification,reserved_headroom,2,0,0.95,50,0.2,45.7355299495,45.5078125,200,0.05,2,0.01,2,50000,50,0.15,0,111.43940585,1321.48597386,1329.27390937,1329.27390937,-60492.3478286
nature_economic_cost_robustness_v1,post_hoc_development_parameterized_sensitivity,real_2026_usd,independent_fresh_event_screening_bootstrap,proportional_reference_module_accounting_sensitivity_no_portfolio_diversification,throughput_displacing,2,0,0.95,50,0.2,45.7355299495,45.5078125,200,0.05,0,0,0,0,50,0,0.25,0,78.5620776498,79.3265259938,79.3265259938,-3609.9766712
nature_economic_cost_robustness_v1,post_hoc_development_parameterized_sensitivity,real_2026_usd,independent_fresh_event_screening_bootstrap,proportional_reference_module_accounting_sensitivity_no_portfolio_diversification,throughput_displacing,2,0,0.95,50,0.2,45.7355299495,45.5078125,200,0.05,0,0,0.5,12500,50,0,0.25,0,353.240189238,354.004637582,354.004637582,-16109.9766712
nature_economic_cost_robustness_v1,post_hoc_development_parameterized_sensitivity,real_2026_usd,independent_fresh_event_screening_bootstrap,proportional_reference_module_accounting_sensitivity_no_portfolio_diversification,throughput_displacing,2,0,0.95,50,0.2,45.7355299495,45.5078125,200,0.05,0,0,1,25000,50,0,0.25,0,627.918300826,628.68274917,628.68274917,-28609.9766712
nature_economic_cost_robustness_v1,post_hoc_development_parameterized_sensitivity,real_2026_usd,independent_fresh_event_screening_bootstrap,proportional_reference_module_accounting_sensitivity_no_portfolio_diversification,throughput_displacing,2,0,0.95,50,0.2,45.7355299495,45.5078125,200,0.05,0,0,2,50000,50,0,0.25,0,1177.274524,1178.03897235,1178.03897235,-53609.9766712
nature_economic_cost_robustness_v1,post_hoc_development_parameterized_sensitivity,real_2026_usd,independent_fresh_event_screening_bootstrap,proportional_reference_module_accounting_sensitivity_no_portfolio_diversification,throughput_displacing,2,0,0.95,50,0.2,45.7355299495,45.5078125,200,0.05,0.5,0.0025,0,0,50,0,0.25,27.8598514624,106.421929112,108.090200576,108.090200576,-4918.94858089
nature_economic_cost_robustness_v1,post_hoc_development_parameterized_sensitivity,real_2026_usd,independent_fresh_event_screening_bootstrap,proportional_reference_module_accounting_sensitivity_no_portfolio_diversification,throughput_displacing,2,0,0.95,50,0.2,45.7355299495,45.5078125,200,0.05,0.5,0.0025,0.5,12500,50,0,0.25,27.8598514624,381.1000407,382.768312164,382.768312164,-17418.9485809
nature_economic_cost_robustness_v1,post_hoc_development_parameterized_sensitivity,real_2026_usd,independent_fresh_event_screening_bootstrap,proportional_reference_module_accounting_sensitivity_no_portfolio_diversification,throughput_displacing,2,0,0.95,50,0.2,45.7355299495,45.5078125,200,0.05,0.5,0.0025,1,25000,50,0,0.25,27.8598514624,655.778152288,657.446423752,657.446423752,-29918.9485809
nature_economic_cost_robustness_v1,post_hoc_development_parameterized_sensitivity,real_2026_usd,independent_fresh_event_screening_bootstrap,proportional_reference_module_accounting_sensitivity_no_portfolio_diversification,throughput_displacing,2,0,0.95,50,0.2,45.7355299495,45.5078125,200,0.05,0.5,0.0025,2,50000,50,0,0.25,27.8598514624,1205.13437546,1206.80264693,1206.80264693,-54918.9485809
nature_economic_cost_robustness_v1,post_hoc_development_parameterized_sensitivity,real_2026_usd,independent_fresh_event_screening_bootstrap,proportional_reference_module_accounting_sensitivity_no_portfolio_diversification,throughput_displacing,2,0,0.95,50,0.2,45.7355299495,45.5078125,200,0.05,1,0.005,0,0,50,0,0.25,55.7197029248,134.281780575,137.902174632,137.902174632,-6275.62630648
nature_economic_cost_robustness_v1,post_hoc_development_parameterized_sensitivity,real_2026_usd,independent_fresh_event_screening_bootstrap,proportional_reference_module_accounting_sensitivity_no_portfolio_diversification,throughput_displacing,2,0,0.95,50,0.2,45.7355299495,45.5078125,200,0.05,1,0.005,0.5,12500,50,0,0.25,55.7197029248,408.959892163,412.58028622,412.58028622,-18775.6263065
nature_economic_cost_robustness_v1,post_hoc_development_parameterized_sensitivity,real_2026_usd,independent_fresh_event_screening_bootstrap,proportional_reference_module_accounting_sensitivity_no_portfolio_diversification,throughput_displacing,2,0,0.95,50,0.2,45.7355299495,45.5078125,200,0.05,1,0.005,1,25000,50,0,0.25,55.7197029248,683.638003751,687.258397808,687.258397808,-31275.6263065
nature_economic_cost_robustness_v1,post_hoc_development_parameterized_sensitivity,real_2026_usd,independent_fresh_event_screening_bootstrap,proportional_reference_module_accounting_sensitivity_no_portfolio_diversification,throughput_displacing,2,0,0.95,50,0.2,45.7355299495,45.5078125,200,0.05,1,0.005,2,50000,50,0,0.25,55.7197029248,1232.99422693,1236.61462098,1236.61462098,-56275.6263065
nature_economic_cost_robustness_v1,post_hoc_development_parameterized_sensitivity,real_2026_usd,independent_fresh_event_screening_bootstrap,proportional_reference_module_accounting_sensitivity_no_portfolio_diversification,throughput_displacing,2,0,0.95,50,0.2,45.7355299495,45.5078125,200,0.05,2,0.01,0,0,50,0,0.25,111.43940585,190.001483499,197.37263619,197.37263619,-8981.99692036
nature_economic_cost_robustness_v1,post_hoc_development_parameterized_sensitivity,real_2026_usd,independent_fresh_event_screening_bootstrap,proportional_reference_module_accounting_sensitivity_no_portfolio_diversification,throughput_displacing,2,0,0.95,50,0.2,45.7355299495,45.5078125,200,0.05,2,0.01,0.5,12500,50,0,0.25,111.43940585,464.679595087,472.050747778,472.050747778,-21481.9969204
nature_economic_cost_robustness_v1,post_hoc_development_parameterized_sensitivity,real_2026_usd,independent_fresh_event_screening_bootstrap,proportional_reference_module_accounting_sensitivity_no_portfolio_diversification,throughput_displacing,2,0,0.95,50,0.2,45.7355299495,45.5078125,200,0.05,2,0.01,1,25000,50,0,0.25,111.43940585,739.357706675,746.728859366,746.728859366,-33981.9969204
nature_economic_cost_robustness_v1,post_hoc_development_parameterized_sensitivity,real_2026_usd,independent_fresh_event_screening_bootstrap,proportional_reference_module_accounting_sensitivity_no_portfolio_diversification,throughput_displacing,2,0,0.95,50,0.2,45.7355299495,45.5078125,200,0.05,2,0.01,2,50000,50,0,0.25,111.43940585,1288.71392985,1296.08508254,1296.08508254,-58981.9969204
nature_economic_cost_robustness_v1,post_hoc_development_parameterized_sensitivity,real_2026_usd,independent_fresh_event_screening_bootstrap,proportional_reference_module_accounting_sensitivity_no_portfolio_diversification,slack_backed,2,0,0.95,50,1,45.7355299495,227.5390625,200,0.05,0,0,0,0,50,0,0,0,0,0,-4.73453687958,1077.29208295
nature_economic_cost_robustness_v1,post_hoc_development_parameterized_sensitivity,real_2026_usd,independent_fresh_event_screening_bootstrap,proportional_reference_module_accounting_sensitivity_no_portfolio_diversification,slack_backed,2,0,0.95,50,1,45.7355299495,227.5390625,200,0.05,0,0,0.5,12500,50,0,0,0,50.1214724724,50.201085438,50.201085438,-11422.707917
nature_economic_cost_robustness_v1,post_hoc_development_parameterized_sensitivity,real_2026_usd,independent_fresh_event_screening_bootstrap,proportional_reference_module_accounting_sensitivity_no_portfolio_diversification,slack_backed,2,0,0.95,50,1,45.7355299495,227.5390625,200,0.05,0,0,1,25000,50,0,0,0,105.05709479,105.136707756,105.136707756,-23922.707917
nature_economic_cost_robustness_v1,post_hoc_development_parameterized_sensitivity,real_2026_usd,independent_fresh_event_screening_bootstrap,proportional_reference_module_accounting_sensitivity_no_portfolio_diversification,slack_backed,2,0,0.95,50,1,45.7355299495,227.5390625,200,0.05,0,0,2,50000,50,0,0,0,214.928339425,215.007952391,215.007952391,-48922.707917
nature_economic_cost_robustness_v1,post_hoc_development_parameterized_sensitivity,real_2026_usd,independent_fresh_event_screening_bootstrap,proportional_reference_module_accounting_sensitivity_no_portfolio_diversification,slack_backed,2,0,0.95,50,1,45.7355299495,227.5390625,200,0.05,0.5,0.0025,0,0,50,0,0,27.8598514624,23.0457016171,25.0005628846,25.0005628846,-5688.60464074
nature_economic_cost_robustness_v1,post_hoc_development_parameterized_sensitivity,real_2026_usd,independent_fresh_event_screening_bootstrap,proportional_reference_module_accounting_sensitivity_no_portfolio_diversification,slack_backed,2,0,0.95,50,1,45.7355299495,227.5390625,200,0.05,0.5,0.0025,0.5,12500,50,0,0,27.8598514624,77.9813239347,79.9361852022,79.9361852022,-18188.6046407
nature_economic_cost_robustness_v1,post_hoc_development_parameterized_sensitivity,real_2026_usd,independent_fresh_event_screening_bootstrap,proportional_reference_module_accounting_sensitivity_no_portfolio_diversification,slack_backed,2,0,0.95,50,1,45.7355299495,227.5390625,200,0.05,0.5,0.0025,1,25000,50,0,0,27.8598514624,132.916946252,134.87180752,134.87180752,-30688.6046407
nature_economic_cost_robustness_v1,post_hoc_development_parameterized_sensitivity,real_2026_usd,independent_fresh_event_screening_bootstrap,proportional_reference_module_accounting_sensitivity_no_portfolio_diversification,slack_backed,2,0,0.95,50,1,45.7355299495,227.5390625,200,0.05,0.5,0.0025,2,50000,50,0,0,27.8598514624,242.788190888,244.743052155,244.743052155,-55688.6046407
nature_economic_cost_robustness_v1,post_hoc_development_parameterized_sensitivity,real_2026_usd,independent_fresh_event_screening_bootstrap,proportional_reference_module_accounting_sensitivity_no_portfolio_diversification,slack_backed,2,0,0.95,50,1,45.7355299495,227.5390625,200,0.05,1,0.005,0,0,50,0,0,55.7197029248,50.9055530795,54.8011908057,54.8011908057,-12469.4115798
nature_economic_cost_robustness_v1,post_hoc_development_parameterized_sensitivity,real_2026_usd,independent_fresh_event_screening_bootstrap,proportional_reference_module_accounting_sensitivity_no_portfolio_diversification,slack_backed,2,0,0.95,50,1,45.7355299495,227.5390625,200,0.05,1,0.005,0.5,12500,50,0,0,55.7197029248,105.841175397,109.736813123,109.736813123,-24969.4115798
nature_economic_cost_robustness_v1,post_hoc_development_parameterized_sensitivity,real_2026_usd,independent_fresh_event_screening_bootstrap,proportional_reference_module_accounting_sensitivity_no_portfolio_diversification,slack_backed,2,0,0.95,50,1,45.7355299495,227.5390625,200,0.05,1,0.005,1,25000,50,0,0,55.7197029248,160.776797715,164.672435441,164.672435441,-37469.4115798
nature_economic_cost_robustness_v1,post_hoc_development_parameterized_sensitivity,real_2026_usd,independent_fresh_event_screening_bootstrap,proportional_reference_module_accounting_sensitivity_no_portfolio_diversification,slack_backed,2,0,0.95,50,1,45.7355299495,227.5390625,200,0.05,1,0.005,2,50000,50,0,0,55.7197029248,270.64804235,274.543680076,274.543680076,-62469.4115798
nature_economic_cost_robustness_v1,post_hoc_development_parameterized_sensitivity,real_2026_usd,independent_fresh_event_screening_bootstrap,proportional_reference_module_accounting_sensitivity_no_portfolio_diversification,slack_backed,2,0,0.95,50,1,45.7355299495,227.5390625,200,0.05,2,0.01,0,0,50,0,0,111.43940585,106.625256004,114.413191512,114.413191512,-26033.4703342
nature_economic_cost_robustness_v1,post_hoc_development_parameterized_sensitivity,real_2026_usd,independent_fresh_event_screening_bootstrap,proportional_reference_module_accounting_sensitivity_no_portfolio_diversification,slack_backed,2,0,0.95,50,1,45.7355299495,227.5390625,200,0.05,2,0.01,0.5,12500,50,0,0,111.43940585,161.560878322,169.348813829,169.348813829,-38533.4703342
nature_economic_cost_robustness_v1,post_hoc_development_parameterized_sensitivity,real_2026_usd,independent_fresh_event_screening_bootstrap,proportional_reference_module_accounting_sensitivity_no_portfolio_diversification,slack_backed,2,0,0.95,50,1,45.7355299495,227.5390625,200,0.05,2,0.01,1,25000,50,0,0,111.43940585,216.496500639,224.284436147,224.284436147,-51033.4703342
nature_economic_cost_robustness_v1,post_hoc_development_parameterized_sensitivity,real_2026_usd,independent_fresh_event_screening_bootstrap,proportional_reference_module_accounting_sensitivity_no_portfolio_diversification,slack_backed,2,0,0.95,50,1,45.7355299495,227.5390625,200,0.05,2,0.01,2,50000,50,0,0,111.43940585,326.367745275,334.155680782,334.155680782,-76033.4703342
nature_economic_cost_robustness_v1,post_hoc_development_parameterized_sensitivity,real_2026_usd,independent_fresh_event_screening_bootstrap,proportional_reference_module_accounting_sensitivity_no_portfolio_diversification,reserved_headroom,2,0,0.95,50,1,45.7355299495,227.5390625,200,0.05,0,0,0,0,50,0.15,0,0,111.334121658,111.413734624,111.413734624,-25350.9767259
nature_economic_cost_robustness_v1,post_hoc_development_parameterized_sensitivity,real_2026_usd,independent_fresh_event_screening_bootstrap,proportional_reference_module_accounting_sensitivity_no_portfolio_diversification,reserved_headroom,2,0,0.95,50,1,45.7355299495,227.5390625,200,0.05,0,0,0.5,12500,50,0.15,0,0,166.269743976,166.349356941,166.349356941,-37850.9767259
nature_economic_cost_robustness_v1,post_hoc_development_parameterized_sensitivity,real_2026_usd,independent_fresh_event_screening_bootstrap,proportional_reference_module_accounting_sensitivity_no_portfolio_diversification,reserved_headroom,2,0,0.95,50,1,45.7355299495,227.5390625,200,0.05,0,0,1,25000,50,0.15,0,0,221.205366293,221.284979259,221.284979259,-50350.9767259
nature_economic_cost_robustness_v1,post_hoc_development_parameterized_sensitivity,real_2026_usd,independent_fresh_event_screening_bootstrap,proportional_reference_module_accounting_sensitivity_no_portfolio_diversification,reserved_headroom,2,0,0.95,50,1,45.7355299495,227.5390625,200,0.05,0,0,2,50000,50,0.15,0,0,331.076610928,331.156223894,331.156223894,-75350.9767259
nature_economic_cost_robustness_v1,post_hoc_development_parameterized_sensitivity,real_2026_usd,independent_fresh_event_screening_bootstrap,proportional_reference_module_accounting_sensitivity_no_portfolio_diversification,reserved_headroom,2,0,0.95,50,1,45.7355299495,227.5390625,200,0.05,0.5,0.0025,0,0,50,0.15,0,27.8598514624,139.19397312,141.148834388,141.148834388,-32116.8734496
nature_economic_cost_robustness_v1,post_hoc_development_parameterized_sensitivity,real_2026_usd,independent_fresh_event_screening_bootstrap,proportional_reference_module_accounting_sensitivity_no_portfolio_diversification,reserved_headroom,2,0,0.95,50,1,45.7355299495,227.5390625,200,0.05,0.5,0.0025,0.5,12500,50,0.15,0,27.8598514624,194.129595438,196.084456705,196.084456705,-44616.8734496
nature_economic_cost_robustness_v1,post_hoc_development_parameterized_sensitivity,real_2026_usd,independent_fresh_event_screening_bootstrap,proportional_reference_module_accounting_sensitivity_no_portfolio_diversification,reserved_headroom,2,0,0.95,50,1,45.7355299495,227.5390625,200,0.05,0.5,0.0025,1,25000,50,0.15,0,27.8598514624,249.065217756,251.020079023,251.020079023,-57116.8734496
nature_economic_cost_robustness_v1,post_hoc_development_parameterized_sensitivity,real_2026_usd,independent_fresh_event_screening_bootstrap,proportional_reference_module_accounting_sensitivity_no_portfolio_diversification,reserved_headroom,2,0,0.95,50,1,45.7355299495,227.5390625,200,0.05,0.5,0.0025,2,50000,50,0.15,0,27.8598514624,358.936462391,360.891323658,360.891323658,-82116.8734496
nature_economic_cost_robustness_v1,post_hoc_development_parameterized_sensitivity,real_2026_usd,independent_fresh_event_screening_bootstrap,proportional_reference_module_accounting_sensitivity_no_portfolio_diversification,reserved_headroom,2,0,0.95,50,1,45.7355299495,227.5390625,200,0.05,1,0.005,0,0,50,0.15,0,55.7197029248,167.053824583,170.949462309,170.949462309,-38897.6803886
nature_economic_cost_robustness_v1,post_hoc_development_parameterized_sensitivity,real_2026_usd,independent_fresh_event_screening_bootstrap,proportional_reference_module_accounting_sensitivity_no_portfolio_diversification,reserved_headroom,2,0,0.95,50,1,45.7355299495,227.5390625,200,0.05,1,0.005,0.5,12500,50,0.15,0,55.7197029248,221.9894469,225.885084627,225.885084627,-51397.6803886
nature_economic_cost_robustness_v1,post_hoc_development_parameterized_sensitivity,real_2026_usd,independent_fresh_event_screening_bootstrap,proportional_reference_module_accounting_sensitivity_no_portfolio_diversification,reserved_headroom,2,0,0.95,50,1,45.7355299495,227.5390625,200,0.05,1,0.005,1,25000,50,0.15,0,55.7197029248,276.925069218,280.820706944,280.820706944,-63897.6803886
nature_economic_cost_robustness_v1,post_hoc_development_parameterized_sensitivity,real_2026_usd,independent_fresh_event_screening_bootstrap,proportional_reference_module_accounting_sensitivity_no_portfolio_diversification,reserved_headroom,2,0,0.95,50,1,45.7355299495,227.5390625,200,0.05,1,0.005,2,50000,50,0.15,0,55.7197029248,386.796313853,390.691951579,390.691951579,-88897.6803886
nature_economic_cost_robustness_v1,post_hoc_development_parameterized_sensitivity,real_2026_usd,independent_fresh_event_screening_bootstrap,proportional_reference_module_accounting_sensitivity_no_portfolio_diversification,reserved_headroom,2,0,0.95,50,1,45.7355299495,227.5390625,200,0.05,2,0.01,0,0,50,0.15,0,111.43940585,222.773527508,230.561463015,230.561463015,-52461.739143
nature_economic_cost_robustness_v1,post_hoc_development_parameterized_sensitivity,real_2026_usd,independent_fresh_event_screening_bootstrap,proportional_reference_module_accounting_sensitivity_no_portfolio_diversification,reserved_headroom,2,0,0.95,50,1,45.7355299495,227.5390625,200,0.05,2,0.01,0.5,12500,50,0.15,0,111.43940585,277.709149825,285.497085333,285.497085333,-64961.739143
nature_economic_cost_robustness_v1,post_hoc_development_parameterized_sensitivity,real_2026_usd,independent_fresh_event_screening_bootstrap,proportional_reference_module_accounting_sensitivity_no_portfolio_diversification,reserved_headroom,2,0,0.95,50,1,45.7355299495,227.5390625,200,0.05,2,0.01,1,25000,50,0.15,0,111.43940585,332.644772143,340.43270765,340.43270765,-77461.739143
nature_economic_cost_robustness_v1,post_hoc_development_parameterized_sensitivity,real_2026_usd,independent_fresh_event_screening_bootstrap,proportional_reference_module_accounting_sensitivity_no_portfolio_diversification,reserved_headroom,2,0,0.95,50,1,45.7355299495,227.5390625,200,0.05,2,0.01,2,50000,50,0.15,0,111.43940585,442.516016778,450.303952285,450.303952285,-102461.739143
nature_economic_cost_robustness_v1,post_hoc_development_parameterized_sensitivity,real_2026_usd,independent_fresh_event_screening_bootstrap,proportional_reference_module_accounting_sensitivity_no_portfolio_diversification,throughput_displacing,2,0,0.95,50,1,45.7355299495,227.5390625,200,0.05,0,0,0,0,50,0,0.25,0,78.5620776498,79.3265259938,79.3265259938,-18049.883356
nature_economic_cost_robustness_v1,post_hoc_development_parameterized_sensitivity,real_2026_usd,independent_fresh_event_screening_bootstrap,proportional_reference_module_accounting_sensitivity_no_portfolio_diversification,throughput_displacing,2,0,0.95,50,1,45.7355299495,227.5390625,200,0.05,0,0,0.5,12500,50,0,0.25,0,133.497699967,134.262148311,134.262148311,-30549.883356
nature_economic_cost_robustness_v1,post_hoc_development_parameterized_sensitivity,real_2026_usd,independent_fresh_event_screening_bootstrap,proportional_reference_module_accounting_sensitivity_no_portfolio_diversification,throughput_displacing,2,0,0.95,50,1,45.7355299495,227.5390625,200,0.05,0,0,1,25000,50,0,0.25,0,188.433322285,189.197770629,189.197770629,-43049.883356
nature_economic_cost_robustness_v1,post_hoc_development_parameterized_sensitivity,real_2026_usd,independent_fresh_event_screening_bootstrap,proportional_reference_module_accounting_sensitivity_no_portfolio_diversification,throughput_displacing,2,0,0.95,50,1,45.7355299495,227.5390625,200,0.05,0,0,2,50000,50,0,0.25,0,298.30456692,299.069015264,299.069015264,-68049.883356
nature_economic_cost_robustness_v1,post_hoc_development_parameterized_sensitivity,real_2026_usd,independent_fresh_event_screening_bootstrap,proportional_reference_module_accounting_sensitivity_no_portfolio_diversification,throughput_displacing,2,0,0.95,50,1,45.7355299495,227.5390625,200,0.05,0.5,0.0025,0,0,50,0,0.25,27.8598514624,106.421929112,108.090200576,108.090200576,-24594.7429045
nature_economic_cost_robustness_v1,post_hoc_development_parameterized_sensitivity,real_2026_usd,independent_fresh_event_screening_bootstrap,proportional_reference_module_accounting_sensitivity_no_portfolio_diversification,throughput_displacing,2,0,0.95,50,1,45.7355299495,227.5390625,200,0.05,0.5,0.0025,0.5,12500,50,0,0.25,27.8598514624,161.35755143,163.025822893,163.025822893,-37094.7429045
nature_economic_cost_robustness_v1,post_hoc_development_parameterized_sensitivity,real_2026_usd,independent_fresh_event_screening_bootstrap,proportional_reference_module_accounting_sensitivity_no_portfolio_diversification,throughput_displacing,2,0,0.95,50,1,45.7355299495,227.5390625,200,0.05,0.5,0.0025,1,25000,50,0,0.25,27.8598514624,216.293173747,217.961445211,217.961445211,-49594.7429045
nature_economic_cost_robustness_v1,post_hoc_development_parameterized_sensitivity,real_2026_usd,independent_fresh_event_screening_bootstrap,proportional_reference_module_accounting_sensitivity_no_portfolio_diversification,throughput_displacing,2,0,0.95,50,1,45.7355299495,227.5390625,200,0.05,0.5,0.0025,2,50000,50,0,0.25,27.8598514624,326.164418383,327.832689846,327.832689846,-74594.7429045
nature_economic_cost_robustness_v1,post_hoc_development_parameterized_sensitivity,real_2026_usd,independent_fresh_event_screening_bootstrap,proportional_reference_module_accounting_sensitivity_no_portfolio_diversification,throughput_displacing,2,0,0.95,50,1,45.7355299495,227.5390625,200,0.05,1,0.005,0,0,50,0,0.25,55.7197029248,134.281780575,137.902174632,137.902174632,-31378.1315324
nature_economic_cost_robustness_v1,post_hoc_development_parameterized_sensitivity,real_2026_usd,independent_fresh_event_screening_bootstrap,proportional_reference_module_accounting_sensitivity_no_portfolio_diversification,throughput_displacing,2,0,0.95,50,1,45.7355299495,227.5390625,200,0.05,1,0.005,0.5,12500,50,0,0.25,55.7197029248,189.217402892,192.837796949,192.837796949,-43878.1315324
nature_economic_cost_robustness_v1,post_hoc_development_parameterized_sensitivity,real_2026_usd,independent_fresh_event_screening_bootstrap,proportional_reference_module_accounting_sensitivity_no_portfolio_diversification,throughput_displacing,2,0,0.95,50,1,45.7355299495,227.5390625,200,0.05,1,0.005,1,25000,50,0,0.25,55.7197029248,244.15302521,247.773419267,247.773419267,-56378.1315324
nature_economic_cost_robustness_v1,post_hoc_development_parameterized_sensitivity,real_2026_usd,independent_fresh_event_screening_bootstrap,proportional_reference_module_accounting_sensitivity_no_portfolio_diversification,throughput_displacing,2,0,0.95,50,1,45.7355299495,227.5390625,200,0.05,1,0.005,2,50000,50,0,0.25,55.7197029248,354.024269845,357.644663902,357.644663902,-81378.1315324
nature_economic_cost_robustness_v1,post_hoc_development_parameterized_sensitivity,real_2026_usd,independent_fresh_event_screening_bootstrap,proportional_reference_module_accounting_sensitivity_no_portfolio_diversification,throughput_displacing,2,0,0.95,50,1,45.7355299495,227.5390625,200,0.05,2,0.01,0,0,50,0,0.25,111.43940585,190.001483499,197.37263619,197.37263619,-44909.9846018
nature_economic_cost_robustness_v1,post_hoc_development_parameterized_sensitivity,real_2026_usd,independent_fresh_event_screening_bootstrap,proportional_reference_module_accounting_sensitivity_no_portfolio_diversification,throughput_displacing,2,0,0.95,50,1,45.7355299495,227.5390625,200,0.05,2,0.01,0.5,12500,50,0,0.25,111.43940585,244.937105817,252.308258507,252.308258507,-57409.9846018
nature_economic_cost_robustness_v1,post_hoc_development_parameterized_sensitivity,real_2026_usd,independent_fresh_event_screening_bootstrap,proportional_reference_module_accounting_sensitivity_no_portfolio_diversification,throughput_displacing,2,0,0.95,50,1,45.7355299495,227.5390625,200,0.05,2,0.01,1,25000,50,0,0.25,111.43940585,299.872728135,307.243880825,307.243880825,-69909.9846018
nature_economic_cost_robustness_v1,post_hoc_development_parameterized_sensitivity,real_2026_usd,independent_fresh_event_screening_bootstrap,proportional_reference_module_accounting_sensitivity_no_portfolio_diversification,throughput_displacing,2,0,0.95,50,1,45.7355299495,227.5390625,200,0.05,2,0.01,2,50000,50,0,0.25,111.43940585,409.74397277,417.11512546,417.11512546,-94909.9846018
nature_economic_cost_robustness_v1,post_hoc_development_parameterized_sensitivity,real_2026_usd,independent_fresh_event_screening_bootstrap,proportional_reference_module_accounting_sensitivity_no_portfolio_diversification,slack_backed,2,0,0.95,50,5,45.7355299495,1137.6953125,200,0.05,0,0,0,0,50,0,0,0,0,0,-4.73453687958,5386.46041476
nature_economic_cost_robustness_v1,post_hoc_development_parameterized_sensitivity,real_2026_usd,independent_fresh_event_screening_bootstrap,proportional_reference_module_accounting_sensitivity_no_portfolio_diversification,slack_backed,2,0,0.95,50,5,45.7355299495,1137.6953125,200,0.05,0,0,0.5,12500,50,0,0,0,6.17297461828,6.25258758394,6.25258758394,-7113.53958524
nature_economic_cost_robustness_v1,post_hoc_development_parameterized_sensitivity,real_2026_usd,independent_fresh_event_screening_bootstrap,proportional_reference_module_accounting_sensitivity_no_portfolio_diversification,slack_backed,2,0,0.95,50,5,45.7355299495,1137.6953125,200,0.05,0,0,1,25000,50,0,0,0,17.1600990818,17.2397120475,17.2397120475,-19613.5395852
nature_economic_cost_robustness_v1,post_hoc_development_parameterized_sensitivity,real_2026_usd,independent_fresh_event_screening_bootstrap,proportional_reference_module_accounting_sensitivity_no_portfolio_diversification,slack_backed,2,0,0.95,50,5,45.7355299495,1137.6953125,200,0.05,0,0,2,50000,50,0,0,0,39.1343480088,39.2139609745,39.2139609745,-44613.5395852
nature_economic_cost_robustness_v1,post_hoc_development_parameterized_sensitivity,real_2026_usd,independent_fresh_event_screening_bootstrap,proportional_reference_module_accounting_sensitivity_no_portfolio_diversification,slack_backed,2,0,0.95,50,5,45.7355299495,1137.6953125,200,0.05,0.5,0.0025,0,0,50,0,0,27.8598514624,23.0457016171,25.0005628846,25.0005628846,-28443.0232037
nature_economic_cost_robustness_v1,post_hoc_development_parameterized_sensitivity,real_2026_usd,independent_fresh_event_screening_bootstrap,proportional_reference_module_accounting_sensitivity_no_portfolio_diversification,slack_backed,2,0,0.95,50,5,45.7355299495,1137.6953125,200,0.05,0.5,0.0025,0.5,12500,50,0,0,27.8598514624,34.0328260807,35.9876873482,35.9876873482,-40943.0232037
nature_economic_cost_robustness_v1,post_hoc_development_parameterized_sensitivity,real_2026_usd,independent_fresh_event_screening_bootstrap,proportional_reference_module_accounting_sensitivity_no_portfolio_diversification,slack_backed,2,0,0.95,50,5,45.7355299495,1137.6953125,200,0.05,0.5,0.0025,1,25000,50,0,0,27.8598514624,45.0199505442,46.9748118117,46.9748118117,-53443.0232037
nature_economic_cost_robustness_v1,post_hoc_development_parameterized_sensitivity,real_2026_usd,independent_fresh_event_screening_bootstrap,proportional_reference_module_accounting_sensitivity_no_portfolio_diversification,slack_backed,2,0,0.95,50,5,45.7355299495,1137.6953125,200,0.05,0.5,0.0025,2,50000,50,0,0,27.8598514624,66.9941994712,68.9490607387,68.9490607387,-78443.0232037
nature_economic_cost_robustness_v1,post_hoc_development_parameterized_sensitivity,real_2026_usd,independent_fresh_event_screening_bootstrap,proportional_reference_module_accounting_sensitivity_no_portfolio_diversification,slack_backed,2,0,0.95,50,5,45.7355299495,1137.6953125,200,0.05,1,0.005,0,0,50,0,0,55.7197029248,50.9055530795,54.8011908057,54.8011908057,-62347.057899
nature_economic_cost_robustness_v1,post_hoc_development_parameterized_sensitivity,real_2026_usd,independent_fresh_event_screening_bootstrap,proportional_reference_module_accounting_sensitivity_no_portfolio_diversification,slack_backed,2,0,0.95,50,5,45.7355299495,1137.6953125,200,0.05,1,0.005,0.5,12500,50,0,0,55.7197029248,61.892677543,65.7883152692,65.7883152692,-74847.057899
nature_economic_cost_robustness_v1,post_hoc_development_parameterized_sensitivity,real_2026_usd,independent_fresh_event_screening_bootstrap,proportional_reference_module_accounting_sensitivity_no_portfolio_diversification,slack_backed,2,0,0.95,50,5,45.7355299495,1137.6953125,200,0.05,1,0.005,1,25000,50,0,0,55.7197029248,72.8798020066,76.7754397327,76.7754397327,-87347.057899
nature_economic_cost_robustness_v1,post_hoc_development_parameterized_sensitivity,real_2026_usd,independent_fresh_event_screening_bootstrap,proportional_reference_module_accounting_sensitivity_no_portfolio_diversification,slack_backed,2,0,0.95,50,5,45.7355299495,1137.6953125,200,0.05,1,0.005,2,50000,50,0,0,55.7197029248,94.8540509336,98.7496886597,98.7496886597,-112347.057899
nature_economic_cost_robustness_v1,post_hoc_development_parameterized_sensitivity,real_2026_usd,independent_fresh_event_screening_bootstrap,proportional_reference_module_accounting_sensitivity_no_portfolio_diversification,slack_backed,2,0,0.95,50,5,45.7355299495,1137.6953125,200,0.05,2,0.01,0,0,50,0,0,111.43940585,106.625256004,114.413191512,114.413191512,-130167.351671
nature_economic_cost_robustness_v1,post_hoc_development_parameterized_sensitivity,real_2026_usd,independent_fresh_event_screening_bootstrap,proportional_reference_module_accounting_sensitivity_no_portfolio_diversification,slack_backed,2,0,0.95,50,5,45.7355299495,1137.6953125,200,0.05,2,0.01,0.5,12500,50,0,0,111.43940585,117.612380468,125.400315975,125.400315975,-142667.351671
nature_economic_cost_robustness_v1,post_hoc_development_parameterized_sensitivity,real_2026_usd,independent_fresh_event_screening_bootstrap,proportional_reference_module_accounting_sensitivity_no_portfolio_diversification,slack_backed,2,0,0.95,50,5,45.7355299495,1137.6953125,200,0.05,2,0.01,1,25000,50,0,0,111.43940585,128.599504931,136.387440439,136.387440439,-155167.351671
nature_economic_cost_robustness_v1,post_hoc_development_parameterized_sensitivity,real_2026_usd,independent_fresh_event_screening_bootstrap,proportional_reference_module_accounting_sensitivity_no_portfolio_diversification,slack_backed,2,0,0.95,50,5,45.7355299495,1137.6953125,200,0.05,2,0.01,2,50000,50,0,0,111.43940585,150.573753858,158.361689366,158.361689366,-180167.351671
nature_economic_cost_robustness_v1,post_hoc_development_parameterized_sensitivity,real_2026_usd,independent_fresh_event_screening_bootstrap,proportional_reference_module_accounting_sensitivity_no_portfolio_diversification,reserved_headroom,2,0,0.95,50,5,45.7355299495,1137.6953125,200,0.05,0,0,0,0,50,0.15,0,0,111.334121658,111.413734624,111.413734624,-126754.883629
nature_economic_cost_robustness_v1,post_hoc_development_parameterized_sensitivity,real_2026_usd,independent_fresh_event_screening_bootstrap,proportional_reference_module_accounting_sensitivity_no_portfolio_diversification,reserved_headroom,2,0,0.95,50,5,45.7355299495,1137.6953125,200,0.05,0,0,0.5,12500,50,0.15,0,0,122.321246122,122.400859087,122.400859087,-139254.883629
nature_economic_cost_robustness_v1,post_hoc_development_parameterized_sensitivity,real_2026_usd,independent_fresh_event_screening_bootstrap,proportional_reference_module_accounting_sensitivity_no_portfolio_diversification,reserved_headroom,2,0,0.95,50,5,45.7355299495,1137.6953125,200,0.05,0,0,1,25000,50,0.15,0,0,133.308370585,133.387983551,133.387983551,-151754.883629
nature_economic_cost_robustness_v1,post_hoc_development_parameterized_sensitivity,real_2026_usd,independent_fresh_event_screening_bootstrap,proportional_reference_module_accounting_sensitivity_no_portfolio_diversification,reserved_headroom,2,0,0.95,50,5,45.7355299495,1137.6953125,200,0.05,0,0,2,50000,50,0.15,0,0,155.282619512,155.362232478,155.362232478,-176754.883629
nature_economic_cost_robustness_v1,post_hoc_development_parameterized_sensitivity,real_2026_usd,independent_fresh_event_screening_bootstrap,proportional_reference_module_accounting_sensitivity_no_portfolio_diversification,reserved_headroom,2,0,0.95,50,5,45.7355299495,1137.6953125,200,0.05,0.5,0.0025,0,0,50,0.15,0,27.8598514624,139.19397312,141.148834388,141.148834388,-160584.367248
nature_economic_cost_robustness_v1,post_hoc_development_parameterized_sensitivity,real_2026_usd,independent_fresh_event_screening_bootstrap,proportional_reference_module_accounting_sensitivity_no_portfolio_diversification,reserved_headroom,2,0,0.95,50,5,45.7355299495,1137.6953125,200,0.05,0.5,0.0025,0.5,12500,50,0.15,0,27.8598514624,150.181097584,152.135958851,152.135958851,-173084.367248
nature_economic_cost_robustness_v1,post_hoc_development_parameterized_sensitivity,real_2026_usd,independent_fresh_event_screening_bootstrap,proportional_reference_module_accounting_sensitivity_no_portfolio_diversification,reserved_headroom,2,0,0.95,50,5,45.7355299495,1137.6953125,200,0.05,0.5,0.0025,1,25000,50,0.15,0,27.8598514624,161.168222047,163.123083315,163.123083315,-185584.367248
nature_economic_cost_robustness_v1,post_hoc_development_parameterized_sensitivity,real_2026_usd,independent_fresh_event_screening_bootstrap,proportional_reference_module_accounting_sensitivity_no_portfolio_diversification,reserved_headroom,2,0,0.95,50,5,45.7355299495,1137.6953125,200,0.05,0.5,0.0025,2,50000,50,0.15,0,27.8598514624,183.142470974,185.097332242,185.097332242,-210584.367248
nature_economic_cost_robustness_v1,post_hoc_development_parameterized_sensitivity,real_2026_usd,independent_fresh_event_screening_bootstrap,proportional_reference_module_accounting_sensitivity_no_portfolio_diversification,reserved_headroom,2,0,0.95,50,5,45.7355299495,1137.6953125,200,0.05,1,0.005,0,0,50,0.15,0,55.7197029248,167.053824583,170.949462309,170.949462309,-194488.401943
nature_economic_cost_robustness_v1,post_hoc_development_parameterized_sensitivity,real_2026_usd,independent_fresh_event_screening_bootstrap,proportional_reference_module_accounting_sensitivity_no_portfolio_diversification,reserved_headroom,2,0,0.95,50,5,45.7355299495,1137.6953125,200,0.05,1,0.005,0.5,12500,50,0.15,0,55.7197029248,178.040949046,181.936586772,181.936586772,-206988.401943
nature_economic_cost_robustness_v1,post_hoc_development_parameterized_sensitivity,real_2026_usd,independent_fresh_event_screening_bootstrap,proportional_reference_module_accounting_sensitivity_no_portfolio_diversification,reserved_headroom,2,0,0.95,50,5,45.7355299495,1137.6953125,200,0.05,1,0.005,1,25000,50,0.15,0,55.7197029248,189.02807351,192.923711236,192.923711236,-219488.401943
nature_economic_cost_robustness_v1,post_hoc_development_parameterized_sensitivity,real_2026_usd,independent_fresh_event_screening_bootstrap,proportional_reference_module_accounting_sensitivity_no_portfolio_diversification,reserved_headroom,2,0,0.95,50,5,45.7355299495,1137.6953125,200,0.05,1,0.005,2,50000,50,0.15,0,55.7197029248,211.002322437,214.897960163,214.897960163,-244488.401943
nature_economic_cost_robustness_v1,post_hoc_development_parameterized_sensitivity,real_2026_usd,independent_fresh_event_screening_bootstrap,proportional_reference_module_accounting_sensitivity_no_portfolio_diversification,reserved_headroom,2,0,0.95,50,5,45.7355299495,1137.6953125,200,0.05,2,0.01,0,0,50,0.15,0,111.43940585,222.773527508,230.561463015,230.561463015,-262308.695715
nature_economic_cost_robustness_v1,post_hoc_development_parameterized_sensitivity,real_2026_usd,independent_fresh_event_screening_bootstrap,proportional_reference_module_accounting_sensitivity_no_portfolio_diversification,reserved_headroom,2,0,0.95,50,5,45.7355299495,1137.6953125,200,0.05,2,0.01,0.5,12500,50,0.15,0,111.43940585,233.760651971,241.548587478,241.548587478,-274808.695715
nature_economic_cost_robustness_v1,post_hoc_development_parameterized_sensitivity,real_2026_usd,independent_fresh_event_screening_bootstrap,proportional_reference_module_accounting_sensitivity_no_portfolio_diversification,reserved_headroom,2,0,0.95,50,5,45.7355299495,1137.6953125,200,0.05,2,0.01,1,25000,50,0.15,0,111.43940585,244.747776435,252.535711942,252.535711942,-287308.695715
nature_economic_cost_robustness_v1,post_hoc_development_parameterized_sensitivity,real_2026_usd,independent_fresh_event_screening_bootstrap,proportional_reference_module_accounting_sensitivity_no_portfolio_diversification,reserved_headroom,2,0,0.95,50,5,45.7355299495,1137.6953125,200,0.05,2,0.01,2,50000,50,0.15,0,111.43940585,266.722025362,274.509960869,274.509960869,-312308.695715
nature_economic_cost_robustness_v1,post_hoc_development_parameterized_sensitivity,real_2026_usd,independent_fresh_event_screening_bootstrap,proportional_reference_module_accounting_sensitivity_no_portfolio_diversification,throughput_displacing,2,0,0.95,50,5,45.7355299495,1137.6953125,200,0.05,0,0,0,0,50,0,0.25,0,78.5620776498,79.3265259938,79.3265259938,-90249.41678
nature_economic_cost_robustness_v1,post_hoc_development_parameterized_sensitivity,real_2026_usd,independent_fresh_event_screening_bootstrap,proportional_reference_module_accounting_sensitivity_no_portfolio_diversification,throughput_displacing,2,0,0.95,50,5,45.7355299495,1137.6953125,200,0.05,0,0,0.5,12500,50,0,0.25,0,89.5492021133,90.3136504573,90.3136504573,-102749.41678
nature_economic_cost_robustness_v1,post_hoc_development_parameterized_sensitivity,real_2026_usd,independent_fresh_event_screening_bootstrap,proportional_reference_module_accounting_sensitivity_no_portfolio_diversification,throughput_displacing,2,0,0.95,50,5,45.7355299495,1137.6953125,200,0.05,0,0,1,25000,50,0,0.25,0,100.536326577,101.300774921,101.300774921,-115249.41678
nature_economic_cost_robustness_v1,post_hoc_development_parameterized_sensitivity,real_2026_usd,independent_fresh_event_screening_bootstrap,proportional_reference_module_accounting_sensitivity_no_portfolio_diversification,throughput_displacing,2,0,0.95,50,5,45.7355299495,1137.6953125,200,0.05,0,0,2,50000,50,0,0.25,0,122.510575504,123.275023848,123.275023848,-140249.41678
nature_economic_cost_robustness_v1,post_hoc_development_parameterized_sensitivity,real_2026_usd,independent_fresh_event_screening_bootstrap,proportional_reference_module_accounting_sensitivity_no_portfolio_diversification,throughput_displacing,2,0,0.95,50,5,45.7355299495,1137.6953125,200,0.05,0.5,0.0025,0,0,50,0,0.25,27.8598514624,106.421929112,108.090200576,108.090200576,-122973.714522
nature_economic_cost_robustness_v1,post_hoc_development_parameterized_sensitivity,real_2026_usd,independent_fresh_event_screening_bootstrap,proportional_reference_module_accounting_sensitivity_no_portfolio_diversification,throughput_displacing,2,0,0.95,50,5,45.7355299495,1137.6953125,200,0.05,0.5,0.0025,0.5,12500,50,0,0.25,27.8598514624,117.409053576,119.077325039,119.077325039,-135473.714522
nature_economic_cost_robustness_v1,post_hoc_development_parameterized_sensitivity,real_2026_usd,independent_fresh_event_screening_bootstrap,proportional_reference_module_accounting_sensitivity_no_portfolio_diversification,throughput_displacing,2,0,0.95,50,5,45.7355299495,1137.6953125,200,0.05,0.5,0.0025,1,25000,50,0,0.25,27.8598514624,128.396178039,130.064449503,130.064449503,-147973.714522
nature_economic_cost_robustness_v1,post_hoc_development_parameterized_sensitivity,real_2026_usd,independent_fresh_event_screening_bootstrap,proportional_reference_module_accounting_sensitivity_no_portfolio_diversification,throughput_displacing,2,0,0.95,50,5,45.7355299495,1137.6953125,200,0.05,0.5,0.0025,2,50000,50,0,0.25,27.8598514624,150.370426966,152.03869843,152.03869843,-172973.714522
nature_economic_cost_robustness_v1,post_hoc_development_parameterized_sensitivity,real_2026_usd,independent_fresh_event_screening_bootstrap,proportional_reference_module_accounting_sensitivity_no_portfolio_diversification,throughput_displacing,2,0,0.95,50,5,45.7355299495,1137.6953125,200,0.05,1,0.005,0,0,50,0,0.25,55.7197029248,134.281780575,137.902174632,137.902174632,-156890.657662
nature_economic_cost_robustness_v1,post_hoc_development_parameterized_sensitivity,real_2026_usd,independent_fresh_event_screening_bootstrap,proportional_reference_module_accounting_sensitivity_no_portfolio_diversification,throughput_displacing,2,0,0.95,50,5,45.7355299495,1137.6953125,200,0.05,1,0.005,0.5,12500,50,0,0.25,55.7197029248,145.268905038,148.889299095,148.889299095,-169390.657662
nature_economic_cost_robustness_v1,post_hoc_development_parameterized_sensitivity,real_2026_usd,independent_fresh_event_screening_bootstrap,proportional_reference_module_accounting_sensitivity_no_portfolio_diversification,throughput_displacing,2,0,0.95,50,5,45.7355299495,1137.6953125,200,0.05,1,0.005,1,25000,50,0,0.25,55.7197029248,156.256029502,159.876423559,159.876423559,-181890.657662
nature_economic_cost_robustness_v1,post_hoc_development_parameterized_sensitivity,real_2026_usd,independent_fresh_event_screening_bootstrap,proportional_reference_module_accounting_sensitivity_no_portfolio_diversification,throughput_displacing,2,0,0.95,50,5,45.7355299495,1137.6953125,200,0.05,1,0.005,2,50000,50,0,0.25,55.7197029248,178.230278429,181.850672486,181.850672486,-206890.657662
nature_economic_cost_robustness_v1,post_hoc_development_parameterized_sensitivity,real_2026_usd,independent_fresh_event_screening_bootstrap,proportional_reference_module_accounting_sensitivity_no_portfolio_diversification,throughput_displacing,2,0,0.95,50,5,45.7355299495,1137.6953125,200,0.05,2,0.01,0,0,50,0,0.25,111.43940585,190.001483499,197.37263619,197.37263619,-224549.923009
nature_economic_cost_robustness_v1,post_hoc_development_parameterized_sensitivity,real_2026_usd,independent_fresh_event_screening_bootstrap,proportional_reference_module_accounting_sensitivity_no_portfolio_diversification,throughput_displacing,2,0,0.95,50,5,45.7355299495,1137.6953125,200,0.05,2,0.01,0.5,12500,50,0,0.25,111.43940585,200.988607963,208.359760653,208.359760653,-237049.923009
nature_economic_cost_robustness_v1,post_hoc_development_parameterized_sensitivity,real_2026_usd,independent_fresh_event_screening_bootstrap,proportional_reference_module_accounting_sensitivity_no_portfolio_diversification,throughput_displacing,2,0,0.95,50,5,45.7355299495,1137.6953125,200,0.05,2,0.01,1,25000,50,0,0.25,111.43940585,211.975732426,219.346885117,219.346885117,-249549.923009
nature_economic_cost_robustness_v1,post_hoc_development_parameterized_sensitivity,real_2026_usd,independent_fresh_event_screening_bootstrap,proportional_reference_module_accounting_sensitivity_no_portfolio_diversification,throughput_displacing,2,0,0.95,50,5,45.7355299495,1137.6953125,200,0.05,2,0.01,2,50000,50,0,0.25,111.43940585,233.949981353,241.321134044,241.321134044,-274549.923009
nature_economic_cost_robustness_v1,post_hoc_development_parameterized_sensitivity,real_2026_usd,independent_fresh_event_screening_bootstrap,proportional_reference_module_accounting_sensitivity_no_portfolio_diversification,slack_backed,2,0,0.95,50,20,45.7355299495,4550.78125,200,0.05,0,0,0,0,50,0,0,0,0,0,-4.73453687958,21545.841659
nature_economic_cost_robustness_v1,post_hoc_development_parameterized_sensitivity,real_2026_usd,independent_fresh_event_screening_bootstrap,proportional_reference_module_accounting_sensitivity_no_portfolio_diversification,slack_backed,2,0,0.95,50,20,45.7355299495,4550.78125,200,0.05,0,0,0.5,12500,50,0,0,0,0,0,-1.9877557637,9045.84165903
nature_economic_cost_robustness_v1,post_hoc_development_parameterized_sensitivity,real_2026_usd,independent_fresh_event_screening_bootstrap,proportional_reference_module_accounting_sensitivity_no_portfolio_diversification,slack_backed,2,0,0.95,50,20,45.7355299495,4550.78125,200,0.05,0,0,1,25000,50,0,0,0,0.679412386516,0.759025352178,0.759025352178,-3454.15834097
nature_economic_cost_robustness_v1,post_hoc_development_parameterized_sensitivity,real_2026_usd,independent_fresh_event_screening_bootstrap,proportional_reference_module_accounting_sensitivity_no_portfolio_diversification,slack_backed,2,0,0.95,50,20,45.7355299495,4550.78125,200,0.05,0,0,2,50000,50,0,0,0,6.17297461828,6.25258758394,6.25258758394,-28454.158341
nature_economic_cost_robustness_v1,post_hoc_development_parameterized_sensitivity,real_2026_usd,independent_fresh_event_screening_bootstrap,proportional_reference_module_accounting_sensitivity_no_portfolio_diversification,slack_backed,2,0,0.95,50,20,45.7355299495,4550.78125,200,0.05,0.5,0.0025,0,0,50,0,0,27.8598514624,23.0457016171,25.0005628846,25.0005628846,-113772.092815
nature_economic_cost_robustness_v1,post_hoc_development_parameterized_sensitivity,real_2026_usd,independent_fresh_event_screening_bootstrap,proportional_reference_module_accounting_sensitivity_no_portfolio_diversification,slack_backed,2,0,0.95,50,20,45.7355299495,4550.78125,200,0.05,0.5,0.0025,0.5,12500,50,0,0,27.8598514624,25.792482733,27.7473440005,27.7473440005,-126272.092815
nature_economic_cost_robustness_v1,post_hoc_development_parameterized_sensitivity,real_2026_usd,independent_fresh_event_screening_bootstrap,proportional_reference_module_accounting_sensitivity_no_portfolio_diversification,slack_backed,2,0,0.95,50,20,45.7355299495,4550.78125,200,0.05,0.5,0.0025,1,25000,50,0,0,27.8598514624,28.5392638489,30.4941251164,30.4941251164,-138772.092815
nature_economic_cost_robustness_v1,post_hoc_development_parameterized_sensitivity,real_2026_usd,independent_fresh_event_screening_bootstrap,proportional_reference_module_accounting_sensitivity_no_portfolio_diversification,slack_backed,2,0,0.95,50,20,45.7355299495,4550.78125,200,0.05,0.5,0.0025,2,50000,50,0,0,27.8598514624,34.0328260807,35.9876873482,35.9876873482,-163772.092815
nature_economic_cost_robustness_v1,post_hoc_development_parameterized_sensitivity,real_2026_usd,independent_fresh_event_screening_bootstrap,proportional_reference_module_accounting_sensitivity_no_portfolio_diversification,slack_backed,2,0,0.95,50,20,45.7355299495,4550.78125,200,0.05,1,0.005,0,0,50,0,0,55.7197029248,50.9055530795,54.8011908057,54.8011908057,-249388.231596
nature_economic_cost_robustness_v1,post_hoc_development_parameterized_sensitivity,real_2026_usd,independent_fresh_event_screening_bootstrap,proportional_reference_module_accounting_sensitivity_no_portfolio_diversification,slack_backed,2,0,0.95,50,20,45.7355299495,4550.78125,200,0.05,1,0.005,0.5,12500,50,0,0,55.7197029248,53.6523341954,57.5479719215,57.5479719215,-261888.231596
nature_economic_cost_robustness_v1,post_hoc_development_parameterized_sensitivity,real_2026_usd,independent_fresh_event_screening_bootstrap,proportional_reference_module_accounting_sensitivity_no_portfolio_diversification,slack_backed,2,0,0.95,50,20,45.7355299495,4550.78125,200,0.05,1,0.005,1,25000,50,0,0,55.7197029248,56.3991153113,60.2947530374,60.2947530374,-274388.231596
nature_economic_cost_robustness_v1,post_hoc_development_parameterized_sensitivity,real_2026_usd,independent_fresh_event_screening_bootstrap,proportional_reference_module_accounting_sensitivity_no_portfolio_diversification,slack_backed,2,0,0.95,50,20,45.7355299495,4550.78125,200,0.05,1,0.005,2,50000,50,0,0,55.7197029248,61.892677543,65.7883152692,65.7883152692,-299388.231596
nature_economic_cost_robustness_v1,post_hoc_development_parameterized_sensitivity,real_2026_usd,independent_fresh_event_screening_bootstrap,proportional_reference_module_accounting_sensitivity_no_portfolio_diversification,slack_backed,2,0,0.95,50,20,45.7355299495,4550.78125,200,0.05,2,0.01,0,0,50,0,0,111.43940585,106.625256004,114.413191512,114.413191512,-520669.406684
nature_economic_cost_robustness_v1,post_hoc_development_parameterized_sensitivity,real_2026_usd,independent_fresh_event_screening_bootstrap,proportional_reference_module_accounting_sensitivity_no_portfolio_diversification,slack_backed,2,0,0.95,50,20,45.7355299495,4550.78125,200,0.05,2,0.01,0.5,12500,50,0,0,111.43940585,109.37203712,117.159972628,117.159972628,-533169.406684
nature_economic_cost_robustness_v1,post_hoc_development_parameterized_sensitivity,real_2026_usd,independent_fresh_event_screening_bootstrap,proportional_reference_module_accounting_sensitivity_no_portfolio_diversification,slack_backed,2,0,0.95,50,20,45.7355299495,4550.78125,200,0.05,2,0.01,1,25000,50,0,0,111.43940585,112.118818236,119.906753743,119.906753743,-545669.406684
nature_economic_cost_robustness_v1,post_hoc_development_parameterized_sensitivity,real_2026_usd,independent_fresh_event_screening_bootstrap,proportional_reference_module_accounting_sensitivity_no_portfolio_diversification,slack_backed,2,0,0.95,50,20,45.7355299495,4550.78125,200,0.05,2,0.01,2,50000,50,0,0,111.43940585,117.612380468,125.400315975,125.400315975,-570669.406684
nature_economic_cost_robustness_v1,post_hoc_development_parameterized_sensitivity,real_2026_usd,independent_fresh_event_screening_bootstrap,proportional_reference_module_accounting_sensitivity_no_portfolio_diversification,reserved_headroom,2,0,0.95,50,20,45.7355299495,4550.78125,200,0.05,0,0,0,0,50,0.15,0,0,111.334121658,111.413734624,111.413734624,-507019.534518
nature_economic_cost_robustness_v1,post_hoc_development_parameterized_sensitivity,real_2026_usd,independent_fresh_event_screening_bootstrap,proportional_reference_module_accounting_sensitivity_no_portfolio_diversification,reserved_headroom,2,0,0.95,50,20,45.7355299495,4550.78125,200,0.05,0,0,0.5,12500,50,0.15,0,0,114.080902774,114.16051574,114.16051574,-519519.534518
nature_economic_cost_robustness_v1,post_hoc_development_parameterized_sensitivity,real_2026_usd,independent_fresh_event_screening_bootstrap,proportional_reference_module_accounting_sensitivity_no_portfolio_diversification,reserved_headroom,2,0,0.95,50,20,45.7355299495,4550.78125,200,0.05,0,0,1,25000,50,0.15,0,0,116.82768389,116.907296855,116.907296855,-532019.534518
nature_economic_cost_robustness_v1,post_hoc_development_parameterized_sensitivity,real_2026_usd,independent_fresh_event_screening_bootstrap,proportional_reference_module_accounting_sensitivity_no_portfolio_diversification,reserved_headroom,2,0,0.95,50,20,45.7355299495,4550.78125,200,0.05,0,0,2,50000,50,0.15,0,0,122.321246122,122.400859087,122.400859087,-557019.534518
nature_economic_cost_robustness_v1,post_hoc_development_parameterized_sensitivity,real_2026_usd,independent_fresh_event_screening_bootstrap,proportional_reference_module_accounting_sensitivity_no_portfolio_diversification,reserved_headroom,2,0,0.95,50,20,45.7355299495,4550.78125,200,0.05,0.5,0.0025,0,0,50,0.15,0,27.8598514624,139.19397312,141.148834388,141.148834388,-642337.468992
nature_economic_cost_robustness_v1,post_hoc_development_parameterized_sensitivity,real_2026_usd,independent_fresh_event_screening_bootstrap,proportional_reference_module_accounting_sensitivity_no_portfolio_diversification,reserved_headroom,2,0,0.95,50,20,45.7355299495,4550.78125,200,0.05,0.5,0.0025,0.5,12500,50,0.15,0,27.8598514624,141.940754236,143.895615504,143.895615504,-654837.468992
nature_economic_cost_robustness_v1,post_hoc_development_parameterized_sensitivity,real_2026_usd,independent_fresh_event_screening_bootstrap,proportional_reference_module_accounting_sensitivity_no_portfolio_diversification,reserved_headroom,2,0,0.95,50,20,45.7355299495,4550.78125,200,0.05,0.5,0.0025,1,25000,50,0.15,0,27.8598514624,144.687535352,146.64239662,146.64239662,-667337.468992
nature_economic_cost_robustness_v1,post_hoc_development_parameterized_sensitivity,real_2026_usd,independent_fresh_event_screening_bootstrap,proportional_reference_module_accounting_sensitivity_no_portfolio_diversification,reserved_headroom,2,0,0.95,50,20,45.7355299495,4550.78125,200,0.05,0.5,0.0025,2,50000,50,0.15,0,27.8598514624,150.181097584,152.135958851,152.135958851,-692337.468992
nature_economic_cost_robustness_v1,post_hoc_development_parameterized_sensitivity,real_2026_usd,independent_fresh_event_screening_bootstrap,proportional_reference_module_accounting_sensitivity_no_portfolio_diversification,reserved_headroom,2,0,0.95,50,20,45.7355299495,4550.78125,200,0.05,1,0.005,0,0,50,0.15,0,55.7197029248,167.053824583,170.949462309,170.949462309,-777953.607773
nature_economic_cost_robustness_v1,post_hoc_development_parameterized_sensitivity,real_2026_usd,independent_fresh_event_screening_bootstrap,proportional_reference_module_accounting_sensitivity_no_portfolio_diversification,reserved_headroom,2,0,0.95,50,20,45.7355299495,4550.78125,200,0.05,1,0.005,0.5,12500,50,0.15,0,55.7197029248,169.800605699,173.696243425,173.696243425,-790453.607773
nature_economic_cost_robustness_v1,post_hoc_development_parameterized_sensitivity,real_2026_usd,independent_fresh_event_screening_bootstrap,proportional_reference_module_accounting_sensitivity_no_portfolio_diversification,reserved_headroom,2,0,0.95,50,20,45.7355299495,4550.78125,200,0.05,1,0.005,1,25000,50,0.15,0,55.7197029248,172.547386815,176.443024541,176.443024541,-802953.607773
nature_economic_cost_robustness_v1,post_hoc_development_parameterized_sensitivity,real_2026_usd,independent_fresh_event_screening_bootstrap,proportional_reference_module_accounting_sensitivity_no_portfolio_diversification,reserved_headroom,2,0,0.95,50,20,45.7355299495,4550.78125,200,0.05,1,0.005,2,50000,50,0.15,0,55.7197029248,178.040949046,181.936586772,181.936586772,-827953.607773
nature_economic_cost_robustness_v1,post_hoc_development_parameterized_sensitivity,real_2026_usd,independent_fresh_event_screening_bootstrap,proportional_reference_module_accounting_sensitivity_no_portfolio_diversification,reserved_headroom,2,0,0.95,50,20,45.7355299495,4550.78125,200,0.05,2,0.01,0,0,50,0.15,0,111.43940585,222.773527508,230.561463015,230.561463015,-1049234.78286
nature_economic_cost_robustness_v1,post_hoc_development_parameterized_sensitivity,real_2026_usd,independent_fresh_event_screening_bootstrap,proportional_reference_module_accounting_sensitivity_no_portfolio_diversification,reserved_headroom,2,0,0.95,50,20,45.7355299495,4550.78125,200,0.05,2,0.01,0.5,12500,50,0.15,0,111.43940585,225.520308623,233.308244131,233.308244131,-1061734.78286
nature_economic_cost_robustness_v1,post_hoc_development_parameterized_sensitivity,real_2026_usd,independent_fresh_event_screening_bootstrap,proportional_reference_module_accounting_sensitivity_no_portfolio_diversification,reserved_headroom,2,0,0.95,50,20,45.7355299495,4550.78125,200,0.05,2,0.01,1,25000,50,0.15,0,111.43940585,228.267089739,236.055025247,236.055025247,-1074234.78286
nature_economic_cost_robustness_v1,post_hoc_development_parameterized_sensitivity,real_2026_usd,independent_fresh_event_screening_bootstrap,proportional_reference_module_accounting_sensitivity_no_portfolio_diversification,reserved_headroom,2,0,0.95,50,20,45.7355299495,4550.78125,200,0.05,2,0.01,2,50000,50,0.15,0,111.43940585,233.760651971,241.548587478,241.548587478,-1099234.78286
nature_economic_cost_robustness_v1,post_hoc_development_parameterized_sensitivity,real_2026_usd,independent_fresh_event_screening_bootstrap,proportional_reference_module_accounting_sensitivity_no_portfolio_diversification,throughput_displacing,2,0,0.95,50,20,45.7355299495,4550.78125,200,0.05,0,0,0,0,50,0,0.25,0,78.5620776498,79.3265259938,79.3265259938,-360997.66712
nature_economic_cost_robustness_v1,post_hoc_development_parameterized_sensitivity,real_2026_usd,independent_fresh_event_screening_bootstrap,proportional_reference_module_accounting_sensitivity_no_portfolio_diversification,throughput_displacing,2,0,0.95,50,20,45.7355299495,4550.78125,200,0.05,0,0,0.5,12500,50,0,0.25,0,81.3088587657,82.0733071096,82.0733071096,-373497.66712
nature_economic_cost_robustness_v1,post_hoc_development_parameterized_sensitivity,real_2026_usd,independent_fresh_event_screening_bootstrap,proportional_reference_module_accounting_sensitivity_no_portfolio_diversification,throughput_displacing,2,0,0.95,50,20,45.7355299495,4550.78125,200,0.05,0,0,1,25000,50,0,0.25,0,84.0556398816,84.8200882255,84.8200882255,-385997.66712
nature_economic_cost_robustness_v1,post_hoc_development_parameterized_sensitivity,real_2026_usd,independent_fresh_event_screening_bootstrap,proportional_reference_module_accounting_sensitivity_no_portfolio_diversification,throughput_displacing,2,0,0.95,50,20,45.7355299495,4550.78125,200,0.05,0,0,2,50000,50,0,0.25,0,89.5492021133,90.3136504573,90.3136504573,-410997.66712
nature_economic_cost_robustness_v1,post_hoc_development_parameterized_sensitivity,real_2026_usd,independent_fresh_event_screening_bootstrap,proportional_reference_module_accounting_sensitivity_no_portfolio_diversification,throughput_displacing,2,0,0.95,50,20,45.7355299495,4550.78125,200,0.05,0.5,0.0025,0,0,50,0,0.25,27.8598514624,106.421929112,108.090200576,108.090200576,-491894.858089
nature_economic_cost_robustness_v1,post_hoc_development_parameterized_sensitivity,real_2026_usd,independent_fresh_event_screening_bootstrap,proportional_reference_module_accounting_sensitivity_no_portfolio_diversification,throughput_displacing,2,0,0.95,50,20,45.7355299495,4550.78125,200,0.05,0.5,0.0025,0.5,12500,50,0,0.25,27.8598514624,109.168710228,110.836981692,110.836981692,-504394.858089
nature_economic_cost_robustness_v1,post_hoc_development_parameterized_sensitivity,real_2026_usd,independent_fresh_event_screening_bootstrap,proportional_reference_module_accounting_sensitivity_no_portfolio_diversification,throughput_displacing,2,0,0.95,50,20,45.7355299495,4550.78125,200,0.05,0.5,0.0025,1,25000,50,0,0.25,27.8598514624,111.915491344,113.583762808,113.583762808,-516894.858089
nature_economic_cost_robustness_v1,post_hoc_development_parameterized_sensitivity,real_2026_usd,independent_fresh_event_screening_bootstrap,proportional_reference_module_accounting_sensitivity_no_portfolio_diversification,throughput_displacing,2,0,0.95,50,20,45.7355299495,4550.78125,200,0.05,0.5,0.0025,2,50000,50,0,0.25,27.8598514624,117.409053576,119.077325039,119.077325039,-541894.858089
nature_economic_cost_robustness_v1,post_hoc_development_parameterized_sensitivity,real_2026_usd,independent_fresh_event_screening_bootstrap,proportional_reference_module_accounting_sensitivity_no_portfolio_diversification,throughput_displacing,2,0,0.95,50,20,45.7355299495,4550.78125,200,0.05,1,0.005,0,0,50,0,0.25,55.7197029248,134.281780575,137.902174632,137.902174632,-627562.630648
nature_economic_cost_robustness_v1,post_hoc_development_parameterized_sensitivity,real_2026_usd,independent_fresh_event_screening_bootstrap,proportional_reference_module_accounting_sensitivity_no_portfolio_diversification,throughput_displacing,2,0,0.95,50,20,45.7355299495,4550.78125,200,0.05,1,0.005,0.5,12500,50,0,0.25,55.7197029248,137.02856169,140.648955747,140.648955747,-640062.630648
nature_economic_cost_robustness_v1,post_hoc_development_parameterized_sensitivity,real_2026_usd,independent_fresh_event_screening_bootstrap,proportional_reference_module_accounting_sensitivity_no_portfolio_diversification,throughput_displacing,2,0,0.95,50,20,45.7355299495,4550.78125,200,0.05,1,0.005,1,25000,50,0,0.25,55.7197029248,139.775342806,143.395736863,143.395736863,-652562.630648
nature_economic_cost_robustness_v1,post_hoc_development_parameterized_sensitivity,real_2026_usd,independent_fresh_event_screening_bootstrap,proportional_reference_module_accounting_sensitivity_no_portfolio_diversification,throughput_displacing,2,0,0.95,50,20,45.7355299495,4550.78125,200,0.05,1,0.005,2,50000,50,0,0.25,55.7197029248,145.268905038,148.889299095,148.889299095,-677562.630648
nature_economic_cost_robustness_v1,post_hoc_development_parameterized_sensitivity,real_2026_usd,independent_fresh_event_screening_bootstrap,proportional_reference_module_accounting_sensitivity_no_portfolio_diversification,throughput_displacing,2,0,0.95,50,20,45.7355299495,4550.78125,200,0.05,2,0.01,0,0,50,0,0.25,111.43940585,190.001483499,197.37263619,197.37263619,-898199.692036
nature_economic_cost_robustness_v1,post_hoc_development_parameterized_sensitivity,real_2026_usd,independent_fresh_event_screening_bootstrap,proportional_reference_module_accounting_sensitivity_no_portfolio_diversification,throughput_displacing,2,0,0.95,50,20,45.7355299495,4550.78125,200,0.05,2,0.01,0.5,12500,50,0,0.25,111.43940585,192.748264615,200.119417306,200.119417306,-910699.692036
nature_economic_cost_robustness_v1,post_hoc_development_parameterized_sensitivity,real_2026_usd,independent_fresh_event_screening_bootstrap,proportional_reference_module_accounting_sensitivity_no_portfolio_diversification,throughput_displacing,2,0,0.95,50,20,45.7355299495,4550.78125,200,0.05,2,0.01,1,25000,50,0,0.25,111.43940585,195.495045731,202.866198422,202.866198422,-923199.692036
nature_economic_cost_robustness_v1,post_hoc_development_parameterized_sensitivity,real_2026_usd,independent_fresh_event_screening_bootstrap,proportional_reference_module_accounting_sensitivity_no_portfolio_diversification,throughput_displacing,2,0,0.95,50,20,45.7355299495,4550.78125,200,0.05,2,0.01,2,50000,50,0,0.25,111.43940585,200.988607963,208.359760653,208.359760653,-948199.692036
nature_economic_cost_robustness_v1,post_hoc_development_parameterized_sensitivity,real_2026_usd,independent_fresh_event_screening_bootstrap,proportional_reference_module_accounting_sensitivity_no_portfolio_diversification,slack_backed,4,0,0.95,1,0.2,39.6505452781,39.453125,200,0.05,0,0,0,0,50,0,0,0,0,0,-0.183589042753,7.24316145235
nature_economic_cost_robustness_v1,post_hoc_development_parameterized_sensitivity,real_2026_usd,independent_fresh_event_screening_bootstrap,proportional_reference_module_accounting_sensitivity_no_portfolio_diversification,slack_backed,4,0,0.95,1,0.2,39.6505452781,39.453125,200,0.05,0,0,0.5,12500,50,0,0,0,316.636507914,316.648094126,316.648094126,-12492.7568385
nature_economic_cost_robustness_v1,post_hoc_development_parameterized_sensitivity,real_2026_usd,independent_fresh_event_screening_bootstrap,proportional_reference_module_accounting_sensitivity_no_portfolio_diversification,slack_backed,4,0,0.95,1,0.2,39.6505452781,39.453125,200,0.05,0,0,1,25000,50,0,0,0,633.468191083,633.479777294,633.479777294,-24992.7568385
nature_economic_cost_robustness_v1,post_hoc_development_parameterized_sensitivity,real_2026_usd,independent_fresh_event_screening_bootstrap,proportional_reference_module_accounting_sensitivity_no_portfolio_diversification,slack_backed,4,0,0.95,1,0.2,39.6505452781,39.453125,200,0.05,0,0,2,50000,50,0,0,0,1267.13155742,1267.14314363,1267.14314363,-49992.7568385
nature_economic_cost_robustness_v1,post_hoc_development_parameterized_sensitivity,real_2026_usd,independent_fresh_event_screening_bootstrap,proportional_reference_module_accounting_sensitivity_no_portfolio_diversification,slack_backed,4,0,0.95,1,0.2,39.6505452781,39.453125,200,0.05,0.5,0.0025,0,0,50,0,0,1.23617361543,1.04099836156,1.54500530588,1.54500530588,-60.9552874584
nature_economic_cost_robustness_v1,post_hoc_development_parameterized_sensitivity,real_2026_usd,independent_fresh_event_screening_bootstrap,proportional_reference_module_accounting_sensitivity_no_portfolio_diversification,slack_backed,4,0,0.95,1,0.2,39.6505452781,39.453125,200,0.05,0.5,0.0025,0.5,12500,50,0,0,1.23617361543,317.87268153,318.376688474,318.376688474,-12560.9552875
nature_economic_cost_robustness_v1,post_hoc_development_parameterized_sensitivity,real_2026_usd,independent_fresh_event_screening_bootstrap,proportional_reference_module_accounting_sensitivity_no_portfolio_diversification,slack_backed,4,0,0.95,1,0.2,39.6505452781,39.453125,200,0.05,0.5,0.0025,1,25000,50,0,0,1.23617361543,634.704364698,635.208371643,635.208371643,-25060.9552875
nature_economic_cost_robustness_v1,post_hoc_development_parameterized_sensitivity,real_2026_usd,independent_fresh_event_screening_bootstrap,proportional_reference_module_accounting_sensitivity_no_portfolio_diversification,slack_backed,4,0,0.95,1,0.2,39.6505452781,39.453125,200,0.05,0.5,0.0025,2,50000,50,0,0,1.23617361543,1268.36773103,1268.87173798,1268.87173798,-50060.9552875
nature_economic_cost_robustness_v1,post_hoc_development_parameterized_sensitivity,real_2026_usd,independent_fresh_event_screening_bootstrap,proportional_reference_module_accounting_sensitivity_no_portfolio_diversification,slack_backed,4,0,0.95,1,0.2,39.6505452781,39.453125,200,0.05,1,0.005,0,0,50,0,0,2.47234723087,2.27717197699,3.28197310011,3.28197310011,-129.484094965
nature_economic_cost_robustness_v1,post_hoc_development_parameterized_sensitivity,real_2026_usd,independent_fresh_event_screening_bootstrap,proportional_reference_module_accounting_sensitivity_no_portfolio_diversification,slack_backed,4,0,0.95,1,0.2,39.6505452781,39.453125,200,0.05,1,0.005,0.5,12500,50,0,0,2.47234723087,319.108855145,320.113656268,320.113656268,-12629.484095
nature_economic_cost_robustness_v1,post_hoc_development_parameterized_sensitivity,real_2026_usd,independent_fresh_event_screening_bootstrap,proportional_reference_module_accounting_sensitivity_no_portfolio_diversification,slack_backed,4,0,0.95,1,0.2,39.6505452781,39.453125,200,0.05,1,0.005,1,25000,50,0,0,2.47234723087,635.940538314,636.945339437,636.945339437,-25129.484095
nature_economic_cost_robustness_v1,post_hoc_development_parameterized_sensitivity,real_2026_usd,independent_fresh_event_screening_bootstrap,proportional_reference_module_accounting_sensitivity_no_portfolio_diversification,slack_backed,4,0,0.95,1,0.2,39.6505452781,39.453125,200,0.05,1,0.005,2,50000,50,0,0,2.47234723087,1269.60390465,1270.60870577,1270.60870577,-50129.484095
nature_economic_cost_robustness_v1,post_hoc_development_parameterized_sensitivity,real_2026_usd,independent_fresh_event_screening_bootstrap,proportional_reference_module_accounting_sensitivity_no_portfolio_diversification,slack_backed,4,0,0.95,1,0.2,39.6505452781,39.453125,200,0.05,2,0.01,0,0,50,0,0,4.94469446173,4.74951920785,6.75590868859,6.75590868859,-266.541709979
nature_economic_cost_robustness_v1,post_hoc_development_parameterized_sensitivity,real_2026_usd,independent_fresh_event_screening_bootstrap,proportional_reference_module_accounting_sensitivity_no_portfolio_diversification,slack_backed,4,0,0.95,1,0.2,39.6505452781,39.453125,200,0.05,2,0.01,0.5,12500,50,0,0,4.94469446173,321.581202376,323.587591857,323.587591857,-12766.54171
nature_economic_cost_robustness_v1,post_hoc_development_parameterized_sensitivity,real_2026_usd,independent_fresh_event_screening_bootstrap,proportional_reference_module_accounting_sensitivity_no_portfolio_diversification,slack_backed,4,0,0.95,1,0.2,39.6505452781,39.453125,200,0.05,2,0.01,1,25000,50,0,0,4.94469446173,638.412885544,640.419275025,640.419275025,-25266.54171
nature_economic_cost_robustness_v1,post_hoc_development_parameterized_sensitivity,real_2026_usd,independent_fresh_event_screening_bootstrap,proportional_reference_module_accounting_sensitivity_no_portfolio_diversification,slack_backed,4,0,0.95,1,0.2,39.6505452781,39.453125,200,0.05,2,0.01,2,50000,50,0,0,4.94469446173,1272.07625188,1274.08264136,1274.08264136,-50266.54171
nature_economic_cost_robustness_v1,post_hoc_development_parameterized_sensitivity,real_2026_usd,independent_fresh_event_screening_bootstrap,proportional_reference_module_accounting_sensitivity_no_portfolio_diversification,reserved_headroom,4,0,0.95,1,0.2,39.6505452781,39.453125,200,0.05,0,0,0,0,50,0.15,0,0,115.953096249,115.96468246,115.96468246,-4575.1691127
nature_economic_cost_robustness_v1,post_hoc_development_parameterized_sensitivity,real_2026_usd,independent_fresh_event_screening_bootstrap,proportional_reference_module_accounting_sensitivity_no_portfolio_diversification,reserved_headroom,4,0,0.95,1,0.2,39.6505452781,39.453125,200,0.05,0,0,0.5,12500,50,0.15,0,0,432.784779418,432.796365629,432.796365629,-17075.1691127
nature_economic_cost_robustness_v1,post_hoc_development_parameterized_sensitivity,real_2026_usd,independent_fresh_event_screening_bootstrap,proportional_reference_module_accounting_sensitivity_no_portfolio_diversification,reserved_headroom,4,0,0.95,1,0.2,39.6505452781,39.453125,200,0.05,0,0,1,25000,50,0.15,0,0,749.616462586,749.628048797,749.628048797,-29575.1691127
nature_economic_cost_robustness_v1,post_hoc_development_parameterized_sensitivity,real_2026_usd,independent_fresh_event_screening_bootstrap,proportional_reference_module_accounting_sensitivity_no_portfolio_diversification,reserved_headroom,4,0,0.95,1,0.2,39.6505452781,39.453125,200,0.05,0,0,2,50000,50,0.15,0,0,1383.27982892,1383.29141513,1383.29141513,-54575.1691127
nature_economic_cost_robustness_v1,post_hoc_development_parameterized_sensitivity,real_2026_usd,independent_fresh_event_screening_bootstrap,proportional_reference_module_accounting_sensitivity_no_portfolio_diversification,reserved_headroom,4,0,0.95,1,0.2,39.6505452781,39.453125,200,0.05,0.5,0.0025,0,0,50,0.15,0,1.23617361543,117.189269865,117.693276809,117.693276809,-4643.36756161
nature_economic_cost_robustness_v1,post_hoc_development_parameterized_sensitivity,real_2026_usd,independent_fresh_event_screening_bootstrap,proportional_reference_module_accounting_sensitivity_no_portfolio_diversification,reserved_headroom,4,0,0.95,1,0.2,39.6505452781,39.453125,200,0.05,0.5,0.0025,0.5,12500,50,0.15,0,1.23617361543,434.020953033,434.524959977,434.524959977,-17143.3675616
nature_economic_cost_robustness_v1,post_hoc_development_parameterized_sensitivity,real_2026_usd,independent_fresh_event_screening_bootstrap,proportional_reference_module_accounting_sensitivity_no_portfolio_diversification,reserved_headroom,4,0,0.95,1,0.2,39.6505452781,39.453125,200,0.05,0.5,0.0025,1,25000,50,0.15,0,1.23617361543,750.852636201,751.356643146,751.356643146,-29643.3675616
nature_economic_cost_robustness_v1,post_hoc_development_parameterized_sensitivity,real_2026_usd,independent_fresh_event_screening_bootstrap,proportional_reference_module_accounting_sensitivity_no_portfolio_diversification,reserved_headroom,4,0,0.95,1,0.2,39.6505452781,39.453125,200,0.05,0.5,0.0025,2,50000,50,0.15,0,1.23617361543,1384.51600254,1385.02000948,1385.02000948,-54643.3675616
nature_economic_cost_robustness_v1,post_hoc_development_parameterized_sensitivity,real_2026_usd,independent_fresh_event_screening_bootstrap,proportional_reference_module_accounting_sensitivity_no_portfolio_diversification,reserved_headroom,4,0,0.95,1,0.2,39.6505452781,39.453125,200,0.05,1,0.005,0,0,50,0.15,0,2.47234723087,118.42544348,119.430244603,119.430244603,-4711.89636912
nature_economic_cost_robustness_v1,post_hoc_development_parameterized_sensitivity,real_2026_usd,independent_fresh_event_screening_bootstrap,proportional_reference_module_accounting_sensitivity_no_portfolio_diversification,reserved_headroom,4,0,0.95,1,0.2,39.6505452781,39.453125,200,0.05,1,0.005,0.5,12500,50,0.15,0,2.47234723087,435.257126649,436.261927772,436.261927772,-17211.8963691
nature_economic_cost_robustness_v1,post_hoc_development_parameterized_sensitivity,real_2026_usd,independent_fresh_event_screening_bootstrap,proportional_reference_module_accounting_sensitivity_no_portfolio_diversification,reserved_headroom,4,0,0.95,1,0.2,39.6505452781,39.453125,200,0.05,1,0.005,1,25000,50,0.15,0,2.47234723087,752.088809817,753.09361094,753.09361094,-29711.8963691
nature_economic_cost_robustness_v1,post_hoc_development_parameterized_sensitivity,real_2026_usd,independent_fresh_event_screening_bootstrap,proportional_reference_module_accounting_sensitivity_no_portfolio_diversification,reserved_headroom,4,0,0.95,1,0.2,39.6505452781,39.453125,200,0.05,1,0.005,2,50000,50,0.15,0,2.47234723087,1385.75217615,1386.75697728,1386.75697728,-54711.8963691
nature_economic_cost_robustness_v1,post_hoc_development_parameterized_sensitivity,real_2026_usd,independent_fresh_event_screening_bootstrap,proportional_reference_module_accounting_sensitivity_no_portfolio_diversification,reserved_headroom,4,0,0.95,1,0.2,39.6505452781,39.453125,200,0.05,2,0.01,0,0,50,0.15,0,4.94469446173,120.897790711,122.904180192,122.904180192,-4848.95398413
nature_economic_cost_robustness_v1,post_hoc_development_parameterized_sensitivity,real_2026_usd,independent_fresh_event_screening_bootstrap,proportional_reference_module_accounting_sensitivity_no_portfolio_diversification,reserved_headroom,4,0,0.95,1,0.2,39.6505452781,39.453125,200,0.05,2,0.01,0.5,12500,50,0.15,0,4.94469446173,437.729473879,439.73586336,439.73586336,-17348.9539841
nature_economic_cost_robustness_v1,post_hoc_development_parameterized_sensitivity,real_2026_usd,independent_fresh_event_screening_bootstrap,proportional_reference_module_accounting_sensitivity_no_portfolio_diversification,reserved_headroom,4,0,0.95,1,0.2,39.6505452781,39.453125,200,0.05,2,0.01,1,25000,50,0.15,0,4.94469446173,754.561157048,756.567546528,756.567546528,-29848.9539841
nature_economic_cost_robustness_v1,post_hoc_development_parameterized_sensitivity,real_2026_usd,independent_fresh_event_screening_bootstrap,proportional_reference_module_accounting_sensitivity_no_portfolio_diversification,reserved_headroom,4,0,0.95,1,0.2,39.6505452781,39.453125,200,0.05,2,0.01,2,50000,50,0.15,0,4.94469446173,1388.22452338,1390.23091287,1390.23091287,-54848.9539841
nature_economic_cost_robustness_v1,post_hoc_development_parameterized_sensitivity,real_2026_usd,independent_fresh_event_screening_bootstrap,proportional_reference_module_accounting_sensitivity_no_portfolio_diversification,throughput_displacing,4,0,0.95,1,0.2,39.6505452781,39.453125,200,0.05,0,0,0,0,50,0,0.25,0,3.18279876577,3.47384274636,3.47384274636,-137.053952103
nature_economic_cost_robustness_v1,post_hoc_development_parameterized_sensitivity,real_2026_usd,independent_fresh_event_screening_bootstrap,proportional_reference_module_accounting_sensitivity_no_portfolio_diversification,throughput_displacing,4,0,0.95,1,0.2,39.6505452781,39.453125,200,0.05,0,0,0.5,12500,50,0,0.25,0,320.014481934,320.305525915,320.305525915,-12637.0539521
nature_economic_cost_robustness_v1,post_hoc_development_parameterized_sensitivity,real_2026_usd,independent_fresh_event_screening_bootstrap,proportional_reference_module_accounting_sensitivity_no_portfolio_diversification,throughput_displacing,4,0,0.95,1,0.2,39.6505452781,39.453125,200,0.05,0,0,1,25000,50,0,0.25,0,636.846165102,637.137209083,637.137209083,-25137.0539521
nature_economic_cost_robustness_v1,post_hoc_development_parameterized_sensitivity,real_2026_usd,independent_fresh_event_screening_bootstrap,proportional_reference_module_accounting_sensitivity_no_portfolio_diversification,throughput_displacing,4,0,0.95,1,0.2,39.6505452781,39.453125,200,0.05,0,0,2,50000,50,0,0.25,0,1270.50953144,1270.80057542,1270.80057542,-50137.0539521
nature_economic_cost_robustness_v1,post_hoc_development_parameterized_sensitivity,real_2026_usd,independent_fresh_event_screening_bootstrap,proportional_reference_module_accounting_sensitivity_no_portfolio_diversification,throughput_displacing,4,0,0.95,1,0.2,39.6505452781,39.453125,200,0.05,0.5,0.0025,0,0,50,0,0.25,1.23617361543,4.4189723812,4.81251219228,4.81251219228,-189.868645086
nature_economic_cost_robustness_v1,post_hoc_development_parameterized_sensitivity,real_2026_usd,independent_fresh_event_screening_bootstrap,proportional_reference_module_accounting_sensitivity_no_portfolio_diversification,throughput_displacing,4,0,0.95,1,0.2,39.6505452781,39.453125,200,0.05,0.5,0.0025,0.5,12500,50,0,0.25,1.23617361543,321.25065555,321.644195361,321.644195361,-12689.8686451
nature_economic_cost_robustness_v1,post_hoc_development_parameterized_sensitivity,real_2026_usd,independent_fresh_event_screening_bootstrap,proportional_reference_module_accounting_sensitivity_no_portfolio_diversification,throughput_displacing,4,0,0.95,1,0.2,39.6505452781,39.453125,200,0.05,0.5,0.0025,1,25000,50,0,0.25,1.23617361543,638.082338718,638.475878529,638.475878529,-25189.8686451
nature_economic_cost_robustness_v1,post_hoc_development_parameterized_sensitivity,real_2026_usd,independent_fresh_event_screening_bootstrap,proportional_reference_module_accounting_sensitivity_no_portfolio_diversification,throughput_displacing,4,0,0.95,1,0.2,39.6505452781,39.453125,200,0.05,0.5,0.0025,2,50000,50,0,0.25,1.23617361543,1271.74570505,1272.13924487,1272.13924487,-50189.8686451
nature_economic_cost_robustness_v1,post_hoc_development_parameterized_sensitivity,real_2026_usd,independent_fresh_event_screening_bootstrap,proportional_reference_module_accounting_sensitivity_no_portfolio_diversification,throughput_displacing,4,0,0.95,1,0.2,39.6505452781,39.453125,200,0.05,1,0.005,0,0,50,0,0.25,2.47234723087,5.65514599663,6.49175338787,6.49175338787,-256.119957881
nature_economic_cost_robustness_v1,post_hoc_development_parameterized_sensitivity,real_2026_usd,independent_fresh_event_screening_bootstrap,proportional_reference_module_accounting_sensitivity_no_portfolio_diversification,throughput_displacing,4,0,0.95,1,0.2,39.6505452781,39.453125,200,0.05,1,0.005,0.5,12500,50,0,0.25,2.47234723087,322.486829165,323.323436556,323.323436556,-12756.1199579
nature_economic_cost_robustness_v1,post_hoc_development_parameterized_sensitivity,real_2026_usd,independent_fresh_event_screening_bootstrap,proportional_reference_module_accounting_sensitivity_no_portfolio_diversification,throughput_displacing,4,0,0.95,1,0.2,39.6505452781,39.453125,200,0.05,1,0.005,1,25000,50,0,0.25,2.47234723087,639.318512333,640.155119725,640.155119725,-25256.1199579
nature_economic_cost_robustness_v1,post_hoc_development_parameterized_sensitivity,real_2026_usd,independent_fresh_event_screening_bootstrap,proportional_reference_module_accounting_sensitivity_no_portfolio_diversification,throughput_displacing,4,0,0.95,1,0.2,39.6505452781,39.453125,200,0.05,1,0.005,2,50000,50,0,0.25,2.47234723087,1272.98187867,1273.81848606,1273.81848606,-50256.1199579
nature_economic_cost_robustness_v1,post_hoc_development_parameterized_sensitivity,real_2026_usd,independent_fresh_event_screening_bootstrap,proportional_reference_module_accounting_sensitivity_no_portfolio_diversification,throughput_displacing,4,0,0.95,1,0.2,39.6505452781,39.453125,200,0.05,2,0.01,0,0,50,0,0.25,4.94469446173,8.1274932275,9.96575275953,9.96575275953,-393.180089341
nature_economic_cost_robustness_v1,post_hoc_development_parameterized_sensitivity,real_2026_usd,independent_fresh_event_screening_bootstrap,proportional_reference_module_accounting_sensitivity_no_portfolio_diversification,throughput_displacing,4,0,0.95,1,0.2,39.6505452781,39.453125,200,0.05,2,0.01,0.5,12500,50,0,0.25,4.94469446173,324.959176396,326.797435928,326.797435928,-12893.1800893
nature_economic_cost_robustness_v1,post_hoc_development_parameterized_sensitivity,real_2026_usd,independent_fresh_event_screening_bootstrap,proportional_reference_module_accounting_sensitivity_no_portfolio_diversification,throughput_displacing,4,0,0.95,1,0.2,39.6505452781,39.453125,200,0.05,2,0.01,1,25000,50,0,0.25,4.94469446173,641.790859564,643.629119096,643.629119096,-25393.1800893
nature_economic_cost_robustness_v1,post_hoc_development_parameterized_sensitivity,real_2026_usd,independent_fresh_event_screening_bootstrap,proportional_reference_module_accounting_sensitivity_no_portfolio_diversification,throughput_displacing,4,0,0.95,1,0.2,39.6505452781,39.453125,200,0.05,2,0.01,2,50000,50,0,0.25,4.94469446173,1275.4542259,1277.29248543,1277.29248543,-50393.1800893
nature_economic_cost_robustness_v1,post_hoc_development_parameterized_sensitivity,real_2026_usd,independent_fresh_event_screening_bootstrap,proportional_reference_module_accounting_sensitivity_no_portfolio_diversification,slack_backed,4,0,0.95,1,1,39.6505452781,197.265625,200,0.05,0,0,0,0,50,0,0,0,0,0,-0.183589042753,36.2158072617
nature_economic_cost_robustness_v1,post_hoc_development_parameterized_sensitivity,real_2026_usd,independent_fresh_event_screening_bootstrap,proportional_reference_module_accounting_sensitivity_no_portfolio_diversification,slack_backed,4,0,0.95,1,1,39.6505452781,197.265625,200,0.05,0,0,0.5,12500,50,0,0,0,63.1711613798,63.1827475909,63.1827475909,-12463.7841927
nature_economic_cost_robustness_v1,post_hoc_development_parameterized_sensitivity,real_2026_usd,independent_fresh_event_screening_bootstrap,proportional_reference_module_accounting_sensitivity_no_portfolio_diversification,slack_backed,4,0,0.95,1,1,39.6505452781,197.265625,200,0.05,0,0,1,25000,50,0,0,0,126.537498013,126.549084225,126.549084225,-24963.7841927
nature_economic_cost_robustness_v1,post_hoc_development_parameterized_sensitivity,real_2026_usd,independent_fresh_event_screening_bootstrap,proportional_reference_module_accounting_sensitivity_no_portfolio_diversification,slack_backed,4,0,0.95,1,1,39.6505452781,197.265625,200,0.05,0,0,2,50000,50,0,0,0,253.270171281,253.281757492,253.281757492,-49963.7841927
nature_economic_cost_robustness_v1,post_hoc_development_parameterized_sensitivity,real_2026_usd,independent_fresh_event_screening_bootstrap,proportional_reference_module_accounting_sensitivity_no_portfolio_diversification,slack_backed,4,0,0.95,1,1,39.6505452781,197.265625,200,0.05,0.5,0.0025,0,0,50,0,0,1.23617361543,1.04099836156,1.54500530588,1.54500530588,-304.776437292
nature_economic_cost_robustness_v1,post_hoc_development_parameterized_sensitivity,real_2026_usd,independent_fresh_event_screening_bootstrap,proportional_reference_module_accounting_sensitivity_no_portfolio_diversification,slack_backed,4,0,0.95,1,1,39.6505452781,197.265625,200,0.05,0.5,0.0025,0.5,12500,50,0,0,1.23617361543,64.4073349952,64.9113419395,64.9113419395,-12804.7764373
nature_economic_cost_robustness_v1,post_hoc_development_parameterized_sensitivity,real_2026_usd,independent_fresh_event_screening_bootstrap,proportional_reference_module_accounting_sensitivity_no_portfolio_diversification,slack_backed,4,0,0.95,1,1,39.6505452781,197.265625,200,0.05,0.5,0.0025,1,25000,50,0,0,1.23617361543,127.773671629,128.277678573,128.277678573,-25304.7764373
nature_economic_cost_robustness_v1,post_hoc_development_parameterized_sensitivity,real_2026_usd,independent_fresh_event_screening_bootstrap,proportional_reference_module_accounting_sensitivity_no_portfolio_diversification,slack_backed,4,0,0.95,1,1,39.6505452781,197.265625,200,0.05,0.5,0.0025,2,50000,50,0,0,1.23617361543,254.506344896,255.010351841,255.010351841,-50304.7764373
nature_economic_cost_robustness_v1,post_hoc_development_parameterized_sensitivity,real_2026_usd,independent_fresh_event_screening_bootstrap,proportional_reference_module_accounting_sensitivity_no_portfolio_diversification,slack_backed,4,0,0.95,1,1,39.6505452781,197.265625,200,0.05,1,0.005,0,0,50,0,0,2.47234723087,2.27717197699,3.28197310011,3.28197310011,-647.420474827
nature_economic_cost_robustness_v1,post_hoc_development_parameterized_sensitivity,real_2026_usd,independent_fresh_event_screening_bootstrap,proportional_reference_module_accounting_sensitivity_no_portfolio_diversification,slack_backed,4,0,0.95,1,1,39.6505452781,197.265625,200,0.05,1,0.005,0.5,12500,50,0,0,2.47234723087,65.6435086107,66.6483097338,66.6483097338,-13147.4204748
nature_economic_cost_robustness_v1,post_hoc_development_parameterized_sensitivity,real_2026_usd,independent_fresh_event_screening_bootstrap,proportional_reference_module_accounting_sensitivity_no_portfolio_diversification,slack_backed,4,0,0.95,1,1,39.6505452781,197.265625,200,0.05,1,0.005,1,25000,50,0,0,2.47234723087,129.009845244,130.014646367,130.014646367,-25647.4204748
nature_economic_cost_robustness_v1,post_hoc_development_parameterized_sensitivity,real_2026_usd,independent_fresh_event_screening_bootstrap,proportional_reference_module_accounting_sensitivity_no_portfolio_diversification,slack_backed,4,0,0.95,1,1,39.6505452781,197.265625,200,0.05,1,0.005,2,50000,50,0,0,2.47234723087,255.742518512,256.747319635,256.747319635,-50647.4204748
nature_economic_cost_robustness_v1,post_hoc_development_parameterized_sensitivity,real_2026_usd,independent_fresh_event_screening_bootstrap,proportional_reference_module_accounting_sensitivity_no_portfolio_diversification,slack_backed,4,0,0.95,1,1,39.6505452781,197.265625,200,0.05,2,0.01,0,0,50,0,0,4.94469446173,4.74951920785,6.75590868859,6.75590868859,-1332.7085499
nature_economic_cost_robustness_v1,post_hoc_development_parameterized_sensitivity,real_2026_usd,independent_fresh_event_screening_bootstrap,proportional_reference_module_accounting_sensitivity_no_portfolio_diversification,slack_backed,4,0,0.95,1,1,39.6505452781,197.265625,200,0.05,2,0.01,0.5,12500,50,0,0,4.94469446173,68.1158558415,70.1222453223,70.1222453223,-13832.7085499
nature_economic_cost_robustness_v1,post_hoc_development_parameterized_sensitivity,real_2026_usd,independent_fresh_event_screening_bootstrap,proportional_reference_module_accounting_sensitivity_no_portfolio_diversification,slack_backed,4,0,0.95,1,1,39.6505452781,197.265625,200,0.05,2,0.01,1,25000,50,0,0,4.94469446173,131.482192475,133.488581956,133.488581956,-26332.7085499
nature_economic_cost_robustness_v1,post_hoc_development_parameterized_sensitivity,real_2026_usd,independent_fresh_event_screening_bootstrap,proportional_reference_module_accounting_sensitivity_no_portfolio_diversification,slack_backed,4,0,0.95,1,1,39.6505452781,197.265625,200,0.05,2,0.01,2,50000,50,0,0,4.94469446173,258.214865743,260.221255223,260.221255223,-51332.7085499
nature_economic_cost_robustness_v1,post_hoc_development_parameterized_sensitivity,real_2026_usd,independent_fresh_event_screening_bootstrap,proportional_reference_module_accounting_sensitivity_no_portfolio_diversification,reserved_headroom,4,0,0.95,1,1,39.6505452781,197.265625,200,0.05,0,0,0,0,50,0.15,0,0,115.953096249,115.96468246,115.96468246,-22875.8455635
nature_economic_cost_robustness_v1,post_hoc_development_parameterized_sensitivity,real_2026_usd,independent_fresh_event_screening_bootstrap,proportional_reference_module_accounting_sensitivity_no_portfolio_diversification,reserved_headroom,4,0,0.95,1,1,39.6505452781,197.265625,200,0.05,0,0,0.5,12500,50,0.15,0,0,179.319432883,179.331019094,179.331019094,-35375.8455635
nature_economic_cost_robustness_v1,post_hoc_development_parameterized_sensitivity,real_2026_usd,independent_fresh_event_screening_bootstrap,proportional_reference_module_accounting_sensitivity_no_portfolio_diversification,reserved_headroom,4,0,0.95,1,1,39.6505452781,197.265625,200,0.05,0,0,1,25000,50,0.15,0,0,242.685769517,242.697355728,242.697355728,-47875.8455635
nature_economic_cost_robustness_v1,post_hoc_development_parameterized_sensitivity,real_2026_usd,independent_fresh_event_screening_bootstrap,proportional_reference_module_accounting_sensitivity_no_portfolio_diversification,reserved_headroom,4,0,0.95,1,1,39.6505452781,197.265625,200,0.05,0,0,2,50000,50,0.15,0,0,369.418442784,369.430028995,369.430028995,-72875.8455635
nature_economic_cost_robustness_v1,post_hoc_development_parameterized_sensitivity,real_2026_usd,independent_fresh_event_screening_bootstrap,proportional_reference_module_accounting_sensitivity_no_portfolio_diversification,reserved_headroom,4,0,0.95,1,1,39.6505452781,197.265625,200,0.05,0.5,0.0025,0,0,50,0.15,0,1.23617361543,117.189269865,117.693276809,117.693276809,-23216.837808
nature_economic_cost_robustness_v1,post_hoc_development_parameterized_sensitivity,real_2026_usd,independent_fresh_event_screening_bootstrap,proportional_reference_module_accounting_sensitivity_no_portfolio_diversification,reserved_headroom,4,0,0.95,1,1,39.6505452781,197.265625,200,0.05,0.5,0.0025,0.5,12500,50,0.15,0,1.23617361543,180.555606498,181.059613443,181.059613443,-35716.837808
nature_economic_cost_robustness_v1,post_hoc_development_parameterized_sensitivity,real_2026_usd,independent_fresh_event_screening_bootstrap,proportional_reference_module_accounting_sensitivity_no_portfolio_diversification,reserved_headroom,4,0,0.95,1,1,39.6505452781,197.265625,200,0.05,0.5,0.0025,1,25000,50,0.15,0,1.23617361543,243.921943132,244.425950076,244.425950076,-48216.837808
nature_economic_cost_robustness_v1,post_hoc_development_parameterized_sensitivity,real_2026_usd,independent_fresh_event_screening_bootstrap,proportional_reference_module_accounting_sensitivity_no_portfolio_diversification,reserved_headroom,4,0,0.95,1,1,39.6505452781,197.265625,200,0.05,0.5,0.0025,2,50000,50,0.15,0,1.23617361543,370.654616399,371.158623344,371.158623344,-73216.837808
nature_economic_cost_robustness_v1,post_hoc_development_parameterized_sensitivity,real_2026_usd,independent_fresh_event_screening_bootstrap,proportional_reference_module_accounting_sensitivity_no_portfolio_diversification,reserved_headroom,4,0,0.95,1,1,39.6505452781,197.265625,200,0.05,1,0.005,0,0,50,0.15,0,2.47234723087,118.42544348,119.430244603,119.430244603,-23559.4818456
nature_economic_cost_robustness_v1,post_hoc_development_parameterized_sensitivity,real_2026_usd,independent_fresh_event_screening_bootstrap,proportional_reference_module_accounting_sensitivity_no_portfolio_diversification,reserved_headroom,4,0,0.95,1,1,39.6505452781,197.265625,200,0.05,1,0.005,0.5,12500,50,0.15,0,2.47234723087,181.791780114,182.796581237,182.796581237,-36059.4818456
nature_economic_cost_robustness_v1,post_hoc_development_parameterized_sensitivity,real_2026_usd,independent_fresh_event_screening_bootstrap,proportional_reference_module_accounting_sensitivity_no_portfolio_diversification,reserved_headroom,4,0,0.95,1,1,39.6505452781,197.265625,200,0.05,1,0.005,1,25000,50,0.15,0,2.47234723087,245.158116748,246.162917871,246.162917871,-48559.4818456
nature_economic_cost_robustness_v1,post_hoc_development_parameterized_sensitivity,real_2026_usd,independent_fresh_event_screening_bootstrap,proportional_reference_module_accounting_sensitivity_no_portfolio_diversification,reserved_headroom,4,0,0.95,1,1,39.6505452781,197.265625,200,0.05,1,0.005,2,50000,50,0.15,0,2.47234723087,371.890790015,372.895591138,372.895591138,-73559.4818456
nature_economic_cost_robustness_v1,post_hoc_development_parameterized_sensitivity,real_2026_usd,independent_fresh_event_screening_bootstrap,proportional_reference_module_accounting_sensitivity_no_portfolio_diversification,reserved_headroom,4,0,0.95,1,1,39.6505452781,197.265625,200,0.05,2,0.01,0,0,50,0.15,0,4.94469446173,120.897790711,122.904180192,122.904180192,-24244.7699207
nature_economic_cost_robustness_v1,post_hoc_development_parameterized_sensitivity,real_2026_usd,independent_fresh_event_screening_bootstrap,proportional_reference_module_accounting_sensitivity_no_portfolio_diversification,reserved_headroom,4,0,0.95,1,1,39.6505452781,197.265625,200,0.05,2,0.01,0.5,12500,50,0.15,0,4.94469446173,184.264127345,186.270516825,186.270516825,-36744.7699207
nature_economic_cost_robustness_v1,post_hoc_development_parameterized_sensitivity,real_2026_usd,independent_fresh_event_screening_bootstrap,proportional_reference_module_accounting_sensitivity_no_portfolio_diversification,reserved_headroom,4,0,0.95,1,1,39.6505452781,197.265625,200,0.05,2,0.01,1,25000,50,0.15,0,4.94469446173,247.630463978,249.636853459,249.636853459,-49244.7699207
nature_economic_cost_robustness_v1,post_hoc_development_parameterized_sensitivity,real_2026_usd,independent_fresh_event_screening_bootstrap,proportional_reference_module_accounting_sensitivity_no_portfolio_diversification,reserved_headroom,4,0,0.95,1,1,39.6505452781,197.265625,200,0.05,2,0.01,2,50000,50,0.15,0,4.94469446173,374.363137246,376.369526726,376.369526726,-74244.7699207
nature_economic_cost_robustness_v1,post_hoc_development_parameterized_sensitivity,real_2026_usd,independent_fresh_event_screening_bootstrap,proportional_reference_module_accounting_sensitivity_no_portfolio_diversification,throughput_displacing,4,0,0.95,1,1,39.6505452781,197.265625,200,0.05,0,0,0,0,50,0,0.25,0,3.18279876577,3.47384274636,3.47384274636,-685.269760513
nature_economic_cost_robustness_v1,post_hoc_development_parameterized_sensitivity,real_2026_usd,independent_fresh_event_screening_bootstrap,proportional_reference_module_accounting_sensitivity_no_portfolio_diversification,throughput_displacing,4,0,0.95,1,1,39.6505452781,197.265625,200,0.05,0,0,0.5,12500,50,0,0.25,0,66.5491353994,66.84017938,66.84017938,-13185.2697605
nature_economic_cost_robustness_v1,post_hoc_development_parameterized_sensitivity,real_2026_usd,independent_fresh_event_screening_bootstrap,proportional_reference_module_accounting_sensitivity_no_portfolio_diversification,throughput_displacing,4,0,0.95,1,1,39.6505452781,197.265625,200,0.05,0,0,1,25000,50,0,0.25,0,129.915472033,130.206516014,130.206516014,-25685.2697605
nature_economic_cost_robustness_v1,post_hoc_development_parameterized_sensitivity,real_2026_usd,independent_fresh_event_screening_bootstrap,proportional_reference_module_accounting_sensitivity_no_portfolio_diversification,throughput_displacing,4,0,0.95,1,1,39.6505452781,197.265625,200,0.05,0,0,2,50000,50,0,0.25,0,256.6481453,256.939189281,256.939189281,-50685.2697605
nature_economic_cost_robustness_v1,post_hoc_development_parameterized_sensitivity,real_2026_usd,independent_fresh_event_screening_bootstrap,proportional_reference_module_accounting_sensitivity_no_portfolio_diversification,throughput_displacing,4,0,0.95,1,1,39.6505452781,197.265625,200,0.05,0.5,0.0025,0,0,50,0,0.25,1.23617361543,4.4189723812,4.81251219228,4.81251219228,-949.34322543
nature_economic_cost_robustness_v1,post_hoc_development_parameterized_sensitivity,real_2026_usd,independent_fresh_event_screening_bootstrap,proportional_reference_module_accounting_sensitivity_no_portfolio_diversification,throughput_displacing,4,0,0.95,1,1,39.6505452781,197.265625,200,0.05,0.5,0.0025,0.5,12500,50,0,0.25,1.23617361543,67.7853090149,68.1788488259,68.1788488259,-13449.3432254
nature_economic_cost_robustness_v1,post_hoc_development_parameterized_sensitivity,real_2026_usd,independent_fresh_event_screening_bootstrap,proportional_reference_module_accounting_sensitivity_no_portfolio_diversification,throughput_displacing,4,0,0.95,1,1,39.6505452781,197.265625,200,0.05,0.5,0.0025,1,25000,50,0,0.25,1.23617361543,131.151645649,131.54518546,131.54518546,-25949.3432254
nature_economic_cost_robustness_v1,post_hoc_development_parameterized_sensitivity,real_2026_usd,independent_fresh_event_screening_bootstrap,proportional_reference_module_accounting_sensitivity_no_portfolio_diversification,throughput_displacing,4,0,0.95,1,1,39.6505452781,197.265625,200,0.05,0.5,0.0025,2,50000,50,0,0.25,1.23617361543,257.884318916,258.277858727,258.277858727,-50949.3432254
nature_economic_cost_robustness_v1,post_hoc_development_parameterized_sensitivity,real_2026_usd,independent_fresh_event_screening_bootstrap,proportional_reference_module_accounting_sensitivity_no_portfolio_diversification,throughput_displacing,4,0,0.95,1,1,39.6505452781,197.265625,200,0.05,1,0.005,0,0,50,0,0.25,2.47234723087,5.65514599663,6.49175338787,6.49175338787,-1280.5997894
nature_economic_cost_robustness_v1,post_hoc_development_parameterized_sensitivity,real_2026_usd,independent_fresh_event_screening_bootstrap,proportional_reference_module_accounting_sensitivity_no_portfolio_diversification,throughput_displacing,4,0,0.95,1,1,39.6505452781,197.265625,200,0.05,1,0.005,0.5,12500,50,0,0.25,2.47234723087,69.0214826303,69.8580900215,69.8580900215,-13780.5997894
nature_economic_cost_robustness_v1,post_hoc_development_parameterized_sensitivity,real_2026_usd,independent_fresh_event_screening_bootstrap,proportional_reference_module_accounting_sensitivity_no_portfolio_diversification,throughput_displacing,4,0,0.95,1,1,39.6505452781,197.265625,200,0.05,1,0.005,1,25000,50,0,0.25,2.47234723087,132.387819264,133.224426655,133.224426655,-26280.5997894
nature_economic_cost_robustness_v1,post_hoc_development_parameterized_sensitivity,real_2026_usd,independent_fresh_event_screening_bootstrap,proportional_reference_module_accounting_sensitivity_no_portfolio_diversification,throughput_displacing,4,0,0.95,1,1,39.6505452781,197.265625,200,0.05,1,0.005,2,50000,50,0,0.25,2.47234723087,259.120492531,259.957099923,259.957099923,-51280.5997894
nature_economic_cost_robustness_v1,post_hoc_development_parameterized_sensitivity,real_2026_usd,independent_fresh_event_screening_bootstrap,proportional_reference_module_accounting_sensitivity_no_portfolio_diversification,throughput_displacing,4,0,0.95,1,1,39.6505452781,197.265625,200,0.05,2,0.01,0,0,50,0,0.25,4.94469446173,8.1274932275,9.96575275953,9.96575275953,-1965.9004467
nature_economic_cost_robustness_v1,post_hoc_development_parameterized_sensitivity,real_2026_usd,independent_fresh_event_screening_bootstrap,proportional_reference_module_accounting_sensitivity_no_portfolio_diversification,throughput_displacing,4,0,0.95,1,1,39.6505452781,197.265625,200,0.05,2,0.01,0.5,12500,50,0,0.25,4.94469446173,71.4938298612,73.3320893932,73.3320893932,-14465.9004467
nature_economic_cost_robustness_v1,post_hoc_development_parameterized_sensitivity,real_2026_usd,independent_fresh_event_screening_bootstrap,proportional_reference_module_accounting_sensitivity_no_portfolio_diversification,throughput_displacing,4,0,0.95,1,1,39.6505452781,197.265625,200,0.05,2,0.01,1,25000,50,0,0.25,4.94469446173,134.860166495,136.698426027,136.698426027,-26965.9004467
nature_economic_cost_robustness_v1,post_hoc_development_parameterized_sensitivity,real_2026_usd,independent_fresh_event_screening_bootstrap,proportional_reference_module_accounting_sensitivity_no_portfolio_diversification,throughput_displacing,4,0,0.95,1,1,39.6505452781,197.265625,200,0.05,2,0.01,2,50000,50,0,0.25,4.94469446173,261.592839762,263.431099294,263.431099294,-51965.9004467
nature_economic_cost_robustness_v1,post_hoc_development_parameterized_sensitivity,real_2026_usd,independent_fresh_event_screening_bootstrap,proportional_reference_module_accounting_sensitivity_no_portfolio_diversification,slack_backed,4,0,0.95,1,5,39.6505452781,986.328125,200,0.05,0,0,0,0,50,0,0,0,0,0,-0.183589042753,181.079036309
nature_economic_cost_robustness_v1,post_hoc_development_parameterized_sensitivity,real_2026_usd,independent_fresh_event_screening_bootstrap,proportional_reference_module_accounting_sensitivity_no_portfolio_diversification,slack_backed,4,0,0.95,1,5,39.6505452781,986.328125,200,0.05,0,0,0.5,12500,50,0,0,0,12.4780920729,12.489678284,12.489678284,-12318.9209637
nature_economic_cost_robustness_v1,post_hoc_development_parameterized_sensitivity,real_2026_usd,independent_fresh_event_screening_bootstrap,proportional_reference_module_accounting_sensitivity_no_portfolio_diversification,slack_backed,4,0,0.95,1,5,39.6505452781,986.328125,200,0.05,0,0,1,25000,50,0,0,0,25.1513593996,25.1629456107,25.1629456107,-24818.9209637
nature_economic_cost_robustness_v1,post_hoc_development_parameterized_sensitivity,real_2026_usd,independent_fresh_event_screening_bootstrap,proportional_reference_module_accounting_sensitivity_no_portfolio_diversification,slack_backed,4,0,0.95,1,5,39.6505452781,986.328125,200,0.05,0,0,2,50000,50,0,0,0,50.4978940531,50.5094802642,50.5094802642,-49818.9209637
nature_economic_cost_robustness_v1,post_hoc_development_parameterized_sensitivity,real_2026_usd,independent_fresh_event_screening_bootstrap,proportional_reference_module_accounting_sensitivity_no_portfolio_diversification,slack_backed,4,0,0.95,1,5,39.6505452781,986.328125,200,0.05,0.5,0.0025,0,0,50,0,0,1.23617361543,1.04099836156,1.54500530588,1.54500530588,-1523.88218646
nature_economic_cost_robustness_v1,post_hoc_development_parameterized_sensitivity,real_2026_usd,independent_fresh_event_screening_bootstrap,proportional_reference_module_accounting_sensitivity_no_portfolio_diversification,slack_backed,4,0,0.95,1,5,39.6505452781,986.328125,200,0.05,0.5,0.0025,0.5,12500,50,0,0,1.23617361543,13.7142656883,14.2182726326,14.2182726326,-14023.8821865
nature_economic_cost_robustness_v1,post_hoc_development_parameterized_sensitivity,real_2026_usd,independent_fresh_event_screening_bootstrap,proportional_reference_module_accounting_sensitivity_no_portfolio_diversification,slack_backed,4,0,0.95,1,5,39.6505452781,986.328125,200,0.05,0.5,0.0025,1,25000,50,0,0,1.23617361543,26.387533015,26.8915399593,26.8915399593,-26523.8821865
nature_economic_cost_robustness_v1,post_hoc_development_parameterized_sensitivity,real_2026_usd,independent_fresh_event_screening_bootstrap,proportional_reference_module_accounting_sensitivity_no_portfolio_diversification,slack_backed,4,0,0.95,1,5,39.6505452781,986.328125,200,0.05,0.5,0.0025,2,50000,50,0,0,1.23617361543,51.7340676685,52.2380746128,52.2380746128,-51523.8821865
nature_economic_cost_robustness_v1,post_hoc_development_parameterized_sensitivity,real_2026_usd,independent_fresh_event_screening_bootstrap,proportional_reference_module_accounting_sensitivity_no_portfolio_diversification,slack_backed,4,0,0.95,1,5,39.6505452781,986.328125,200,0.05,1,0.005,0,0,50,0,0,2.47234723087,2.27717197699,3.28197310011,3.28197310011,-3237.10237414
nature_economic_cost_robustness_v1,post_hoc_development_parameterized_sensitivity,real_2026_usd,independent_fresh_event_screening_bootstrap,proportional_reference_module_accounting_sensitivity_no_portfolio_diversification,slack_backed,4,0,0.95,1,5,39.6505452781,986.328125,200,0.05,1,0.005,0.5,12500,50,0,0,2.47234723087,14.9504393037,15.9552404268,15.9552404268,-15737.1023741
nature_economic_cost_robustness_v1,post_hoc_development_parameterized_sensitivity,real_2026_usd,independent_fresh_event_screening_bootstrap,proportional_reference_module_accounting_sensitivity_no_portfolio_diversification,slack_backed,4,0,0.95,1,5,39.6505452781,986.328125,200,0.05,1,0.005,1,25000,50,0,0,2.47234723087,27.6237066305,28.6285077536,28.6285077536,-28237.1023741
nature_economic_cost_robustness_v1,post_hoc_development_parameterized_sensitivity,real_2026_usd,independent_fresh_event_screening_bootstrap,proportional_reference_module_accounting_sensitivity_no_portfolio_diversification,slack_backed,4,0,0.95,1,5,39.6505452781,986.328125,200,0.05,1,0.005,2,50000,50,0,0,2.47234723087,52.9702412839,53.975042407,53.975042407,-53237.1023741
nature_economic_cost_robustness_v1,post_hoc_development_parameterized_sensitivity,real_2026_usd,independent_fresh_event_screening_bootstrap,proportional_reference_module_accounting_sensitivity_no_portfolio_diversification,slack_backed,4,0,0.95,1,5,39.6505452781,986.328125,200,0.05,2,0.01,0,0,50,0,0,4.94469446173,4.74951920785,6.75590868859,6.75590868859,-6663.54274949
nature_economic_cost_robustness_v1,post_hoc_development_parameterized_sensitivity,real_2026_usd,independent_fresh_event_screening_bootstrap,proportional_reference_module_accounting_sensitivity_no_portfolio_diversification,slack_backed,4,0,0.95,1,5,39.6505452781,986.328125,200,0.05,2,0.01,0.5,12500,50,0,0,4.94469446173,17.4227865346,19.4291760153,19.4291760153,-19163.5427495
nature_economic_cost_robustness_v1,post_hoc_development_parameterized_sensitivity,real_2026_usd,independent_fresh_event_screening_bootstrap,proportional_reference_module_accounting_sensitivity_no_portfolio_diversification,slack_backed,4,0,0.95,1,5,39.6505452781,986.328125,200,0.05,2,0.01,1,25000,50,0,0,4.94469446173,30.0960538613,32.1024433421,32.1024433421,-31663.5427495
nature_economic_cost_robustness_v1,post_hoc_development_parameterized_sensitivity,real_2026_usd,independent_fresh_event_screening_bootstrap,proportional_reference_module_accounting_sensitivity_no_portfolio_diversification,slack_backed,4,0,0.95,1,5,39.6505452781,986.328125,200,0.05,2,0.01,2,50000,50,0,0,4.94469446173,55.4425885148,57.4489779955,57.4489779955,-56663.5427495
nature_economic_cost_robustness_v1,post_hoc_development_parameterized_sensitivity,real_2026_usd,independent_fresh_event_screening_bootstrap,proportional_reference_module_accounting_sensitivity_no_portfolio_diversification,reserved_headroom,4,0,0.95,1,5,39.6505452781,986.328125,200,0.05,0,0,0,0,50,0.15,0,0,115.953096249,115.96468246,115.96468246,-114379.227817
nature_economic_cost_robustness_v1,post_hoc_development_parameterized_sensitivity,real_2026_usd,independent_fresh_event_screening_bootstrap,proportional_reference_module_accounting_sensitivity_no_portfolio_diversification,reserved_headroom,4,0,0.95,1,5,39.6505452781,986.328125,200,0.05,0,0,0.5,12500,50,0.15,0,0,128.626363576,128.637949787,128.637949787,-126879.227817
nature_economic_cost_robustness_v1,post_hoc_development_parameterized_sensitivity,real_2026_usd,independent_fresh_event_screening_bootstrap,proportional_reference_module_accounting_sensitivity_no_portfolio_diversification,reserved_headroom,4,0,0.95,1,5,39.6505452781,986.328125,200,0.05,0,0,1,25000,50,0.15,0,0,141.299630903,141.311217114,141.311217114,-139379.227817
nature_economic_cost_robustness_v1,post_hoc_development_parameterized_sensitivity,real_2026_usd,independent_fresh_event_screening_bootstrap,proportional_reference_module_accounting_sensitivity_no_portfolio_diversification,reserved_headroom,4,0,0.95,1,5,39.6505452781,986.328125,200,0.05,0,0,2,50000,50,0.15,0,0,166.646165556,166.657751767,166.657751767,-164379.227817
nature_economic_cost_robustness_v1,post_hoc_development_parameterized_sensitivity,real_2026_usd,independent_fresh_event_screening_bootstrap,proportional_reference_module_accounting_sensitivity_no_portfolio_diversification,reserved_headroom,4,0,0.95,1,5,39.6505452781,986.328125,200,0.05,0.5,0.0025,0,0,50,0.15,0,1.23617361543,117.189269865,117.693276809,117.693276809,-116084.18904
nature_economic_cost_robustness_v1,post_hoc_development_parameterized_sensitivity,real_2026_usd,independent_fresh_event_screening_bootstrap,proportional_reference_module_accounting_sensitivity_no_portfolio_diversification,reserved_headroom,4,0,0.95,1,5,39.6505452781,986.328125,200,0.05,0.5,0.0025,0.5,12500,50,0.15,0,1.23617361543,129.862537192,130.366544136,130.366544136,-128584.18904
nature_economic_cost_robustness_v1,post_hoc_development_parameterized_sensitivity,real_2026_usd,independent_fresh_event_screening_bootstrap,proportional_reference_module_accounting_sensitivity_no_portfolio_diversification,reserved_headroom,4,0,0.95,1,5,39.6505452781,986.328125,200,0.05,0.5,0.0025,1,25000,50,0.15,0,1.23617361543,142.535804518,143.039811463,143.039811463,-141084.18904
nature_economic_cost_robustness_v1,post_hoc_development_parameterized_sensitivity,real_2026_usd,independent_fresh_event_screening_bootstrap,proportional_reference_module_accounting_sensitivity_no_portfolio_diversification,reserved_headroom,4,0,0.95,1,5,39.6505452781,986.328125,200,0.05,0.5,0.0025,2,50000,50,0.15,0,1.23617361543,167.882339172,168.386346116,168.386346116,-166084.18904
nature_economic_cost_robustness_v1,post_hoc_development_parameterized_sensitivity,real_2026_usd,independent_fresh_event_screening_bootstrap,proportional_reference_module_accounting_sensitivity_no_portfolio_diversification,reserved_headroom,4,0,0.95,1,5,39.6505452781,986.328125,200,0.05,1,0.005,0,0,50,0.15,0,2.47234723087,118.42544348,119.430244603,119.430244603,-117797.409228
nature_economic_cost_robustness_v1,post_hoc_development_parameterized_sensitivity,real_2026_usd,independent_fresh_event_screening_bootstrap,proportional_reference_module_accounting_sensitivity_no_portfolio_diversification,reserved_headroom,4,0,0.95,1,5,39.6505452781,986.328125,200,0.05,1,0.005,0.5,12500,50,0.15,0,2.47234723087,131.098710807,132.10351193,132.10351193,-130297.409228
nature_economic_cost_robustness_v1,post_hoc_development_parameterized_sensitivity,real_2026_usd,independent_fresh_event_screening_bootstrap,proportional_reference_module_accounting_sensitivity_no_portfolio_diversification,reserved_headroom,4,0,0.95,1,5,39.6505452781,986.328125,200,0.05,1,0.005,1,25000,50,0.15,0,2.47234723087,143.771978134,144.776779257,144.776779257,-142797.409228
nature_economic_cost_robustness_v1,post_hoc_development_parameterized_sensitivity,real_2026_usd,independent_fresh_event_screening_bootstrap,proportional_reference_module_accounting_sensitivity_no_portfolio_diversification,reserved_headroom,4,0,0.95,1,5,39.6505452781,986.328125,200,0.05,1,0.005,2,50000,50,0.15,0,2.47234723087,169.118512787,170.12331391,170.12331391,-167797.409228
nature_economic_cost_robustness_v1,post_hoc_development_parameterized_sensitivity,real_2026_usd,independent_fresh_event_screening_bootstrap,proportional_reference_module_accounting_sensitivity_no_portfolio_diversification,reserved_headroom,4,0,0.95,1,5,39.6505452781,986.328125,200,0.05,2,0.01,0,0,50,0.15,0,4.94469446173,120.897790711,122.904180192,122.904180192,-121223.849603
nature_economic_cost_robustness_v1,post_hoc_development_parameterized_sensitivity,real_2026_usd,independent_fresh_event_screening_bootstrap,proportional_reference_module_accounting_sensitivity_no_portfolio_diversification,reserved_headroom,4,0,0.95,1,5,39.6505452781,986.328125,200,0.05,2,0.01,0.5,12500,50,0.15,0,4.94469446173,133.571058038,135.577447519,135.577447519,-133723.849603
nature_economic_cost_robustness_v1,post_hoc_development_parameterized_sensitivity,real_2026_usd,independent_fresh_event_screening_bootstrap,proportional_reference_module_accounting_sensitivity_no_portfolio_diversification,reserved_headroom,4,0,0.95,1,5,39.6505452781,986.328125,200,0.05,2,0.01,1,25000,50,0.15,0,4.94469446173,146.244325365,148.250714845,148.250714845,-146223.849603
nature_economic_cost_robustness_v1,post_hoc_development_parameterized_sensitivity,real_2026_usd,independent_fresh_event_screening_bootstrap,proportional_reference_module_accounting_sensitivity_no_portfolio_diversification,reserved_headroom,4,0,0.95,1,5,39.6505452781,986.328125,200,0.05,2,0.01,2,50000,50,0.15,0,4.94469446173,171.590860018,173.597249499,173.597249499,-171223.849603
nature_economic_cost_robustness_v1,post_hoc_development_parameterized_sensitivity,real_2026_usd,independent_fresh_event_screening_bootstrap,proportional_reference_module_accounting_sensitivity_no_portfolio_diversification,throughput_displacing,4,0,0.95,1,5,39.6505452781,986.328125,200,0.05,0,0,0,0,50,0,0.25,0,3.18279876577,3.47384274636,3.47384274636,-3426.34880257
nature_economic_cost_robustness_v1,post_hoc_development_parameterized_sensitivity,real_2026_usd,independent_fresh_event_screening_bootstrap,proportional_reference_module_accounting_sensitivity_no_portfolio_diversification,throughput_displacing,4,0,0.95,1,5,39.6505452781,986.328125,200,0.05,0,0,0.5,12500,50,0,0.25,0,15.8560660925,16.1471100731,16.1471100731,-15926.3488026
nature_economic_cost_robustness_v1,post_hoc_development_parameterized_sensitivity,real_2026_usd,independent_fresh_event_screening_bootstrap,proportional_reference_module_accounting_sensitivity_no_portfolio_diversification,throughput_displacing,4,0,0.95,1,5,39.6505452781,986.328125,200,0.05,0,0,1,25000,50,0,0.25,0,28.5293334192,28.8203773998,28.8203773998,-28426.3488026
nature_economic_cost_robustness_v1,post_hoc_development_parameterized_sensitivity,real_2026_usd,independent_fresh_event_screening_bootstrap,proportional_reference_module_accounting_sensitivity_no_portfolio_diversification,throughput_displacing,4,0,0.95,1,5,39.6505452781,986.328125,200,0.05,0,0,2,50000,50,0,0.25,0,53.8758680727,54.1669120533,54.1669120533,-53426.3488026
nature_economic_cost_robustness_v1,post_hoc_development_parameterized_sensitivity,real_2026_usd,independent_fresh_event_screening_bootstrap,proportional_reference_module_accounting_sensitivity_no_portfolio_diversification,throughput_displacing,4,0,0.95,1,5,39.6505452781,986.328125,200,0.05,0.5,0.0025,0,0,50,0,0.25,1.23617361543,4.4189723812,4.81251219228,4.81251219228,-4746.71612715
nature_economic_cost_robustness_v1,post_hoc_development_parameterized_sensitivity,real_2026_usd,independent_fresh_event_screening_bootstrap,proportional_reference_module_accounting_sensitivity_no_portfolio_diversification,throughput_displacing,4,0,0.95,1,5,39.6505452781,986.328125,200,0.05,0.5,0.0025,0.5,12500,50,0,0.25,1.23617361543,17.0922397079,17.485779519,17.485779519,-17246.7161272
nature_economic_cost_robustness_v1,post_hoc_development_parameterized_sensitivity,real_2026_usd,independent_fresh_event_screening_bootstrap,proportional_reference_module_accounting_sensitivity_no_portfolio_diversification,throughput_displacing,4,0,0.95,1,5,39.6505452781,986.328125,200,0.05,0.5,0.0025,1,25000,50,0,0.25,1.23617361543,29.7655070347,30.1590468457,30.1590468457,-29746.7161272
nature_economic_cost_robustness_v1,post_hoc_development_parameterized_sensitivity,real_2026_usd,independent_fresh_event_screening_bootstrap,proportional_reference_module_accounting_sensitivity_no_portfolio_diversification,throughput_displacing,4,0,0.95,1,5,39.6505452781,986.328125,200,0.05,0.5,0.0025,2,50000,50,0,0.25,1.23617361543,55.1120416881,55.5055814992,55.5055814992,-54746.7161272
nature_economic_cost_robustness_v1,post_hoc_development_parameterized_sensitivity,real_2026_usd,independent_fresh_event_screening_bootstrap,proportional_reference_module_accounting_sensitivity_no_portfolio_diversification,throughput_displacing,4,0,0.95,1,5,39.6505452781,986.328125,200,0.05,1,0.005,0,0,50,0,0.25,2.47234723087,5.65514599663,6.49175338787,6.49175338787,-6402.99894702
nature_economic_cost_robustness_v1,post_hoc_development_parameterized_sensitivity,real_2026_usd,independent_fresh_event_screening_bootstrap,proportional_reference_module_accounting_sensitivity_no_portfolio_diversification,throughput_displacing,4,0,0.95,1,5,39.6505452781,986.328125,200,0.05,1,0.005,0.5,12500,50,0,0.25,2.47234723087,18.3284133234,19.1650207146,19.1650207146,-18902.998947
nature_economic_cost_robustness_v1,post_hoc_development_parameterized_sensitivity,real_2026_usd,independent_fresh_event_screening_bootstrap,proportional_reference_module_accounting_sensitivity_no_portfolio_diversification,throughput_displacing,4,0,0.95,1,5,39.6505452781,986.328125,200,0.05,1,0.005,1,25000,50,0,0.25,2.47234723087,31.0016806501,31.8382880413,31.8382880413,-31402.998947
nature_economic_cost_robustness_v1,post_hoc_development_parameterized_sensitivity,real_2026_usd,independent_fresh_event_screening_bootstrap,proportional_reference_module_accounting_sensitivity_no_portfolio_diversification,throughput_displacing,4,0,0.95,1,5,39.6505452781,986.328125,200,0.05,1,0.005,2,50000,50,0,0.25,2.47234723087,56.3482153036,57.1848226948,57.1848226948,-56402.998947
nature_economic_cost_robustness_v1,post_hoc_development_parameterized_sensitivity,real_2026_usd,independent_fresh_event_screening_bootstrap,proportional_reference_module_accounting_sensitivity_no_portfolio_diversification,throughput_displacing,4,0,0.95,1,5,39.6505452781,986.328125,200,0.05,2,0.01,0,0,50,0,0.25,4.94469446173,8.1274932275,9.96575275953,9.96575275953,-9829.50223352
nature_economic_cost_robustness_v1,post_hoc_development_parameterized_sensitivity,real_2026_usd,independent_fresh_event_screening_bootstrap,proportional_reference_module_accounting_sensitivity_no_portfolio_diversification,throughput_displacing,4,0,0.95,1,5,39.6505452781,986.328125,200,0.05,2,0.01,0.5,12500,50,0,0.25,4.94469446173,20.8007605542,22.6390200863,22.6390200863,-22329.5022335
nature_economic_cost_robustness_v1,post_hoc_development_parameterized_sensitivity,real_2026_usd,independent_fresh_event_screening_bootstrap,proportional_reference_module_accounting_sensitivity_no_portfolio_diversification,throughput_displacing,4,0,0.95,1,5,39.6505452781,986.328125,200,0.05,2,0.01,1,25000,50,0,0.25,4.94469446173,33.474027881,35.312287413,35.312287413,-34829.5022335
nature_economic_cost_robustness_v1,post_hoc_development_parameterized_sensitivity,real_2026_usd,independent_fresh_event_screening_bootstrap,proportional_reference_module_accounting_sensitivity_no_portfolio_diversification,throughput_displacing,4,0,0.95,1,5,39.6505452781,986.328125,200,0.05,2,0.01,2,50000,50,0,0.25,4.94469446173,58.8205625344,60.6588220665,60.6588220665,-59829.5022335
nature_economic_cost_robustness_v1,post_hoc_development_parameterized_sensitivity,real_2026_usd,independent_fresh_event_screening_bootstrap,proportional_reference_module_accounting_sensitivity_no_portfolio_diversification,slack_backed,4,0,0.95,1,20,39.6505452781,3945.3125,200,0.05,0,0,0,0,50,0,0,0,0,0,-0.183589042753,724.316145235
nature_economic_cost_robustness_v1,post_hoc_development_parameterized_sensitivity,real_2026_usd,independent_fresh_event_screening_bootstrap,proportional_reference_module_accounting_sensitivity_no_portfolio_diversification,slack_backed,4,0,0.95,1,20,39.6505452781,3945.3125,200,0.05,0,0,0.5,12500,50,0,0,0,2.97314157781,2.98472778893,2.98472778893,-11775.6838548
nature_economic_cost_robustness_v1,post_hoc_development_parameterized_sensitivity,real_2026_usd,independent_fresh_event_screening_bootstrap,proportional_reference_module_accounting_sensitivity_no_portfolio_diversification,slack_backed,4,0,0.95,1,20,39.6505452781,3945.3125,200,0.05,0,0,1,25000,50,0,0,0,6.14145840949,6.15304462061,6.15304462061,-24275.6838548
nature_economic_cost_robustness_v1,post_hoc_development_parameterized_sensitivity,real_2026_usd,independent_fresh_event_screening_bootstrap,proportional_reference_module_accounting_sensitivity_no_portfolio_diversification,slack_backed,4,0,0.95,1,20,39.6505452781,3945.3125,200,0.05,0,0,2,50000,50,0,0,0,12.4780920729,12.489678284,12.489678284,-49275.6838548
nature_economic_cost_robustness_v1,post_hoc_development_parameterized_sensitivity,real_2026_usd,independent_fresh_event_screening_bootstrap,proportional_reference_module_accounting_sensitivity_no_portfolio_diversification,slack_backed,4,0,0.95,1,20,39.6505452781,3945.3125,200,0.05,0.5,0.0025,0,0,50,0,0,1.23617361543,1.04099836156,1.54500530588,1.54500530588,-6095.52874584
nature_economic_cost_robustness_v1,post_hoc_development_parameterized_sensitivity,real_2026_usd,independent_fresh_event_screening_bootstrap,proportional_reference_module_accounting_sensitivity_no_portfolio_diversification,slack_backed,4,0,0.95,1,20,39.6505452781,3945.3125,200,0.05,0.5,0.0025,0.5,12500,50,0,0,1.23617361543,4.20931519324,4.71332213756,4.71332213756,-18595.5287458
nature_economic_cost_robustness_v1,post_hoc_development_parameterized_sensitivity,real_2026_usd,independent_fresh_event_screening_bootstrap,proportional_reference_module_accounting_sensitivity_no_portfolio_diversification,slack_backed,4,0,0.95,1,20,39.6505452781,3945.3125,200,0.05,0.5,0.0025,1,25000,50,0,0,1.23617361543,7.37763202492,7.88163896924,7.88163896924,-31095.5287458
nature_economic_cost_robustness_v1,post_hoc_development_parameterized_sensitivity,real_2026_usd,independent_fresh_event_screening_bootstrap,proportional_reference_module_accounting_sensitivity_no_portfolio_diversification,slack_backed,4,0,0.95,1,20,39.6505452781,3945.3125,200,0.05,0.5,0.0025,2,50000,50,0,0,1.23617361543,13.7142656883,14.2182726326,14.2182726326,-56095.5287458
nature_economic_cost_robustness_v1,post_hoc_development_parameterized_sensitivity,real_2026_usd,independent_fresh_event_screening_bootstrap,proportional_reference_module_accounting_sensitivity_no_portfolio_diversification,slack_backed,4,0,0.95,1,20,39.6505452781,3945.3125,200,0.05,1,0.005,0,0,50,0,0,2.47234723087,2.27717197699,3.28197310011,3.28197310011,-12948.4094965
nature_economic_cost_robustness_v1,post_hoc_development_parameterized_sensitivity,real_2026_usd,independent_fresh_event_screening_bootstrap,proportional_reference_module_accounting_sensitivity_no_portfolio_diversification,slack_backed,4,0,0.95,1,20,39.6505452781,3945.3125,200,0.05,1,0.005,0.5,12500,50,0,0,2.47234723087,5.44548880867,6.4502899318,6.4502899318,-25448.4094965
nature_economic_cost_robustness_v1,post_hoc_development_parameterized_sensitivity,real_2026_usd,independent_fresh_event_screening_bootstrap,proportional_reference_module_accounting_sensitivity_no_portfolio_diversification,slack_backed,4,0,0.95,1,20,39.6505452781,3945.3125,200,0.05,1,0.005,1,25000,50,0,0,2.47234723087,8.61380564035,9.61860676348,9.61860676348,-37948.4094965
nature_economic_cost_robustness_v1,post_hoc_development_parameterized_sensitivity,real_2026_usd,independent_fresh_event_screening_bootstrap,proportional_reference_module_accounting_sensitivity_no_portfolio_diversification,slack_backed,4,0,0.95,1,20,39.6505452781,3945.3125,200,0.05,1,0.005,2,50000,50,0,0,2.47234723087,14.9504393037,15.9552404268,15.9552404268,-62948.4094965
nature_economic_cost_robustness_v1,post_hoc_development_parameterized_sensitivity,real_2026_usd,independent_fresh_event_screening_bootstrap,proportional_reference_module_accounting_sensitivity_no_portfolio_diversification,slack_backed,4,0,0.95,1,20,39.6505452781,3945.3125,200,0.05,2,0.01,0,0,50,0,0,4.94469446173,4.74951920785,6.75590868859,6.75590868859,-26654.1709979
nature_economic_cost_robustness_v1,post_hoc_development_parameterized_sensitivity,real_2026_usd,independent_fresh_event_screening_bootstrap,proportional_reference_module_accounting_sensitivity_no_portfolio_diversification,slack_backed,4,0,0.95,1,20,39.6505452781,3945.3125,200,0.05,2,0.01,0.5,12500,50,0,0,4.94469446173,7.91783603954,9.92422552027,9.92422552027,-39154.1709979
nature_economic_cost_robustness_v1,post_hoc_development_parameterized_sensitivity,real_2026_usd,independent_fresh_event_screening_bootstrap,proportional_reference_module_accounting_sensitivity_no_portfolio_diversification,slack_backed,4,0,0.95,1,20,39.6505452781,3945.3125,200,0.05,2,0.01,1,25000,50,0,0,4.94469446173,11.0861528712,13.092542352,13.092542352,-51654.1709979
nature_economic_cost_robustness_v1,post_hoc_development_parameterized_sensitivity,real_2026_usd,independent_fresh_event_screening_bootstrap,proportional_reference_module_accounting_sensitivity_no_portfolio_diversification,slack_backed,4,0,0.95,1,20,39.6505452781,3945.3125,200,0.05,2,0.01,2,50000,50,0,0,4.94469446173,17.4227865346,19.4291760153,19.4291760153,-76654.1709979
nature_economic_cost_robustness_v1,post_hoc_development_parameterized_sensitivity,real_2026_usd,independent_fresh_event_screening_bootstrap,proportional_reference_module_accounting_sensitivity_no_portfolio_diversification,reserved_headroom,4,0,0.95,1,20,39.6505452781,3945.3125,200,0.05,0,0,0,0,50,0.15,0,0,115.953096249,115.96468246,115.96468246,-457516.91127
nature_economic_cost_robustness_v1,post_hoc_development_parameterized_sensitivity,real_2026_usd,independent_fresh_event_screening_bootstrap,proportional_reference_module_accounting_sensitivity_no_portfolio_diversification,reserved_headroom,4,0,0.95,1,20,39.6505452781,3945.3125,200,0.05,0,0,0.5,12500,50,0.15,0,0,119.121413081,119.132999292,119.132999292,-470016.91127
nature_economic_cost_robustness_v1,post_hoc_development_parameterized_sensitivity,real_2026_usd,independent_fresh_event_screening_bootstrap,proportional_reference_module_accounting_sensitivity_no_portfolio_diversification,reserved_headroom,4,0,0.95,1,20,39.6505452781,3945.3125,200,0.05,0,0,1,25000,50,0.15,0,0,122.289729913,122.301316124,122.301316124,-482516.91127
nature_economic_cost_robustness_v1,post_hoc_development_parameterized_sensitivity,real_2026_usd,independent_fresh_event_screening_bootstrap,proportional_reference_module_accounting_sensitivity_no_portfolio_diversification,reserved_headroom,4,0,0.95,1,20,39.6505452781,3945.3125,200,0.05,0,0,2,50000,50,0.15,0,0,128.626363576,128.637949787,128.637949787,-507516.91127
nature_economic_cost_robustness_v1,post_hoc_development_parameterized_sensitivity,real_2026_usd,independent_fresh_event_screening_bootstrap,proportional_reference_module_accounting_sensitivity_no_portfolio_diversification,reserved_headroom,4,0,0.95,1,20,39.6505452781,3945.3125,200,0.05,0.5,0.0025,0,0,50,0.15,0,1.23617361543,117.189269865,117.693276809,117.693276809,-464336.756161
nature_economic_cost_robustness_v1,post_hoc_development_parameterized_sensitivity,real_2026_usd,independent_fresh_event_screening_bootstrap,proportional_reference_module_accounting_sensitivity_no_portfolio_diversification,reserved_headroom,4,0,0.95,1,20,39.6505452781,3945.3125,200,0.05,0.5,0.0025,0.5,12500,50,0.15,0,1.23617361543,120.357586696,120.861593641,120.861593641,-476836.756161
nature_economic_cost_robustness_v1,post_hoc_development_parameterized_sensitivity,real_2026_usd,independent_fresh_event_screening_bootstrap,proportional_reference_module_accounting_sensitivity_no_portfolio_diversification,reserved_headroom,4,0,0.95,1,20,39.6505452781,3945.3125,200,0.05,0.5,0.0025,1,25000,50,0.15,0,1.23617361543,123.525903528,124.029910472,124.029910472,-489336.756161
nature_economic_cost_robustness_v1,post_hoc_development_parameterized_sensitivity,real_2026_usd,independent_fresh_event_screening_bootstrap,proportional_reference_module_accounting_sensitivity_no_portfolio_diversification,reserved_headroom,4,0,0.95,1,20,39.6505452781,3945.3125,200,0.05,0.5,0.0025,2,50000,50,0.15,0,1.23617361543,129.862537192,130.366544136,130.366544136,-514336.756161
nature_economic_cost_robustness_v1,post_hoc_development_parameterized_sensitivity,real_2026_usd,independent_fresh_event_screening_bootstrap,proportional_reference_module_accounting_sensitivity_no_portfolio_diversification,reserved_headroom,4,0,0.95,1,20,39.6505452781,3945.3125,200,0.05,1,0.005,0,0,50,0.15,0,2.47234723087,118.42544348,119.430244603,119.430244603,-471189.636912
nature_economic_cost_robustness_v1,post_hoc_development_parameterized_sensitivity,real_2026_usd,independent_fresh_event_screening_bootstrap,proportional_reference_module_accounting_sensitivity_no_portfolio_diversification,reserved_headroom,4,0,0.95,1,20,39.6505452781,3945.3125,200,0.05,1,0.005,0.5,12500,50,0.15,0,2.47234723087,121.593760312,122.598561435,122.598561435,-483689.636912
nature_economic_cost_robustness_v1,post_hoc_development_parameterized_sensitivity,real_2026_usd,independent_fresh_event_screening_bootstrap,proportional_reference_module_accounting_sensitivity_no_portfolio_diversification,reserved_headroom,4,0,0.95,1,20,39.6505452781,3945.3125,200,0.05,1,0.005,1,25000,50,0.15,0,2.47234723087,124.762077144,125.766878267,125.766878267,-496189.636912
nature_economic_cost_robustness_v1,post_hoc_development_parameterized_sensitivity,real_2026_usd,independent_fresh_event_screening_bootstrap,proportional_reference_module_accounting_sensitivity_no_portfolio_diversification,reserved_headroom,4,0,0.95,1,20,39.6505452781,3945.3125,200,0.05,1,0.005,2,50000,50,0.15,0,2.47234723087,131.098710807,132.10351193,132.10351193,-521189.636912
nature_economic_cost_robustness_v1,post_hoc_development_parameterized_sensitivity,real_2026_usd,independent_fresh_event_screening_bootstrap,proportional_reference_module_accounting_sensitivity_no_portfolio_diversification,reserved_headroom,4,0,0.95,1,20,39.6505452781,3945.3125,200,0.05,2,0.01,0,0,50,0.15,0,4.94469446173,120.897790711,122.904180192,122.904180192,-484895.398413
nature_economic_cost_robustness_v1,post_hoc_development_parameterized_sensitivity,real_2026_usd,independent_fresh_event_screening_bootstrap,proportional_reference_module_accounting_sensitivity_no_portfolio_diversification,reserved_headroom,4,0,0.95,1,20,39.6505452781,3945.3125,200,0.05,2,0.01,0.5,12500,50,0.15,0,4.94469446173,124.066107543,126.072497024,126.072497024,-497395.398413
nature_economic_cost_robustness_v1,post_hoc_development_parameterized_sensitivity,real_2026_usd,independent_fresh_event_screening_bootstrap,proportional_reference_module_accounting_sensitivity_no_portfolio_diversification,reserved_headroom,4,0,0.95,1,20,39.6505452781,3945.3125,200,0.05,2,0.01,1,25000,50,0.15,0,4.94469446173,127.234424374,129.240813855,129.240813855,-509895.398413
nature_economic_cost_robustness_v1,post_hoc_development_parameterized_sensitivity,real_2026_usd,independent_fresh_event_screening_bootstrap,proportional_reference_module_accounting_sensitivity_no_portfolio_diversification,reserved_headroom,4,0,0.95,1,20,39.6505452781,3945.3125,200,0.05,2,0.01,2,50000,50,0.15,0,4.94469446173,133.571058038,135.577447519,135.577447519,-534895.398413
nature_economic_cost_robustness_v1,post_hoc_development_parameterized_sensitivity,real_2026_usd,independent_fresh_event_screening_bootstrap,proportional_reference_module_accounting_sensitivity_no_portfolio_diversification,throughput_displacing,4,0,0.95,1,20,39.6505452781,3945.3125,200,0.05,0,0,0,0,50,0,0.25,0,3.18279876577,3.47384274636,3.47384274636,-13705.3952103
nature_economic_cost_robustness_v1,post_hoc_development_parameterized_sensitivity,real_2026_usd,independent_fresh_event_screening_bootstrap,proportional_reference_module_accounting_sensitivity_no_portfolio_diversification,throughput_displacing,4,0,0.95,1,20,39.6505452781,3945.3125,200,0.05,0,0,0.5,12500,50,0,0.25,0,6.35111559745,6.64215957805,6.64215957805,-26205.3952103
nature_economic_cost_robustness_v1,post_hoc_development_parameterized_sensitivity,real_2026_usd,independent_fresh_event_screening_bootstrap,proportional_reference_module_accounting_sensitivity_no_portfolio_diversification,throughput_displacing,4,0,0.95,1,20,39.6505452781,3945.3125,200,0.05,0,0,1,25000,50,0,0.25,0,9.51943242914,9.81047640973,9.81047640973,-38705.3952103
nature_economic_cost_robustness_v1,post_hoc_development_parameterized_sensitivity,real_2026_usd,independent_fresh_event_screening_bootstrap,proportional_reference_module_accounting_sensitivity_no_portfolio_diversification,throughput_displacing,4,0,0.95,1,20,39.6505452781,3945.3125,200,0.05,0,0,2,50000,50,0,0.25,0,15.8560660925,16.1471100731,16.1471100731,-63705.3952103
nature_economic_cost_robustness_v1,post_hoc_development_parameterized_sensitivity,real_2026_usd,independent_fresh_event_screening_bootstrap,proportional_reference_module_accounting_sensitivity_no_portfolio_diversification,throughput_displacing,4,0,0.95,1,20,39.6505452781,3945.3125,200,0.05,0.5,0.0025,0,0,50,0,0.25,1.23617361543,4.4189723812,4.81251219228,4.81251219228,-18986.8645086
nature_economic_cost_robustness_v1,post_hoc_development_parameterized_sensitivity,real_2026_usd,independent_fresh_event_screening_bootstrap,proportional_reference_module_accounting_sensitivity_no_portfolio_diversification,throughput_displacing,4,0,0.95,1,20,39.6505452781,3945.3125,200,0.05,0.5,0.0025,0.5,12500,50,0,0.25,1.23617361543,7.58728921289,7.98082902396,7.98082902396,-31486.8645086
nature_economic_cost_robustness_v1,post_hoc_development_parameterized_sensitivity,real_2026_usd,independent_fresh_event_screening_bootstrap,proportional_reference_module_accounting_sensitivity_no_portfolio_diversification,throughput_displacing,4,0,0.95,1,20,39.6505452781,3945.3125,200,0.05,0.5,0.0025,1,25000,50,0,0.25,1.23617361543,10.7556060446,11.1491458556,11.1491458556,-43986.8645086
nature_economic_cost_robustness_v1,post_hoc_development_parameterized_sensitivity,real_2026_usd,independent_fresh_event_screening_bootstrap,proportional_reference_module_accounting_sensitivity_no_portfolio_diversification,throughput_displacing,4,0,0.95,1,20,39.6505452781,3945.3125,200,0.05,0.5,0.0025,2,50000,50,0,0.25,1.23617361543,17.0922397079,17.485779519,17.485779519,-68986.8645086
nature_economic_cost_robustness_v1,post_hoc_development_parameterized_sensitivity,real_2026_usd,independent_fresh_event_screening_bootstrap,proportional_reference_module_accounting_sensitivity_no_portfolio_diversification,throughput_displacing,4,0,0.95,1,20,39.6505452781,3945.3125,200,0.05,1,0.005,0,0,50,0,0.25,2.47234723087,5.65514599663,6.49175338787,6.49175338787,-25611.9957881
nature_economic_cost_robustness_v1,post_hoc_development_parameterized_sensitivity,real_2026_usd,independent_fresh_event_screening_bootstrap,proportional_reference_module_accounting_sensitivity_no_portfolio_diversification,throughput_displacing,4,0,0.95,1,20,39.6505452781,3945.3125,200,0.05,1,0.005,0.5,12500,50,0,0.25,2.47234723087,8.82346282832,9.66007021955,9.66007021955,-38111.9957881
nature_economic_cost_robustness_v1,post_hoc_development_parameterized_sensitivity,real_2026_usd,independent_fresh_event_screening_bootstrap,proportional_reference_module_accounting_sensitivity_no_portfolio_diversification,throughput_displacing,4,0,0.95,1,20,39.6505452781,3945.3125,200,0.05,1,0.005,1,25000,50,0,0.25,2.47234723087,11.99177966,12.8283870512,12.8283870512,-50611.9957881
nature_economic_cost_robustness_v1,post_hoc_development_parameterized_sensitivity,real_2026_usd,independent_fresh_event_screening_bootstrap,proportional_reference_module_accounting_sensitivity_no_portfolio_diversification,throughput_displacing,4,0,0.95,1,20,39.6505452781,3945.3125,200,0.05,1,0.005,2,50000,50,0,0.25,2.47234723087,18.3284133234,19.1650207146,19.1650207146,-75611.9957881
nature_economic_cost_robustness_v1,post_hoc_development_parameterized_sensitivity,real_2026_usd,independent_fresh_event_screening_bootstrap,proportional_reference_module_accounting_sensitivity_no_portfolio_diversification,throughput_displacing,4,0,0.95,1,20,39.6505452781,3945.3125,200,0.05,2,0.01,0,0,50,0,0.25,4.94469446173,8.1274932275,9.96575275953,9.96575275953,-39318.0089341
nature_economic_cost_robustness_v1,post_hoc_development_parameterized_sensitivity,real_2026_usd,independent_fresh_event_screening_bootstrap,proportional_reference_module_accounting_sensitivity_no_portfolio_diversification,throughput_displacing,4,0,0.95,1,20,39.6505452781,3945.3125,200,0.05,2,0.01,0.5,12500,50,0,0.25,4.94469446173,11.2958100592,13.1340695912,13.1340695912,-51818.0089341
nature_economic_cost_robustness_v1,post_hoc_development_parameterized_sensitivity,real_2026_usd,independent_fresh_event_screening_bootstrap,proportional_reference_module_accounting_sensitivity_no_portfolio_diversification,throughput_displacing,4,0,0.95,1,20,39.6505452781,3945.3125,200,0.05,2,0.01,1,25000,50,0,0.25,4.94469446173,14.4641268909,16.3023864229,16.3023864229,-64318.0089341
nature_economic_cost_robustness_v1,post_hoc_development_parameterized_sensitivity,real_2026_usd,independent_fresh_event_screening_bootstrap,proportional_reference_module_accounting_sensitivity_no_portfolio_diversification,throughput_displacing,4,0,0.95,1,20,39.6505452781,3945.3125,200,0.05,2,0.01,2,50000,50,0,0.25,4.94469446173,20.8007605542,22.6390200863,22.6390200863,-89318.0089341
nature_economic_cost_robustness_v1,post_hoc_development_parameterized_sensitivity,real_2026_usd,independent_fresh_event_screening_bootstrap,proportional_reference_module_accounting_sensitivity_no_portfolio_diversification,slack_backed,4,0,0.95,12,0.2,39.6505452781,39.453125,200,0.05,0,0,0,0,50,0,0,0,0,0,-2.30847392807,91.0765104432
nature_economic_cost_robustness_v1,post_hoc_development_parameterized_sensitivity,real_2026_usd,independent_fresh_event_screening_bootstrap,proportional_reference_module_accounting_sensitivity_no_portfolio_diversification,slack_backed,4,0,0.95,12,0.2,39.6505452781,39.453125,200,0.05,0,0,0.5,12500,50,0,0,0,314.489580122,314.52320924,314.52320924,-12408.9234896
nature_economic_cost_robustness_v1,post_hoc_development_parameterized_sensitivity,real_2026_usd,independent_fresh_event_screening_bootstrap,proportional_reference_module_accounting_sensitivity_no_portfolio_diversification,slack_backed,4,0,0.95,12,0.2,39.6505452781,39.453125,200,0.05,0,0,1,25000,50,0,0,0,631.32126329,631.354892409,631.354892409,-24908.9234896
nature_economic_cost_robustness_v1,post_hoc_development_parameterized_sensitivity,real_2026_usd,independent_fresh_event_screening_bootstrap,proportional_reference_module_accounting_sensitivity_no_portfolio_diversification,slack_backed,4,0,0.95,12,0.2,39.6505452781,39.453125,200,0.05,0,0,2,50000,50,0,0,0,1264.98462963,1265.01825875,1265.01825875,-49908.9234896
nature_economic_cost_robustness_v1,post_hoc_development_parameterized_sensitivity,real_2026_usd,independent_fresh_event_screening_bootstrap,proportional_reference_module_accounting_sensitivity_no_portfolio_diversification,slack_backed,4,0,0.95,12,0.2,39.6505452781,39.453125,200,0.05,0.5,0.0025,0,0,50,0,0,14.8340833852,12.4919803387,13.9807667935,13.9807667935,-551.584939899
nature_economic_cost_robustness_v1,post_hoc_development_parameterized_sensitivity,real_2026_usd,independent_fresh_event_screening_bootstrap,proportional_reference_module_accounting_sensitivity_no_portfolio_diversification,slack_backed,4,0,0.95,12,0.2,39.6505452781,39.453125,200,0.05,0.5,0.0025,0.5,12500,50,0,0,14.8340833852,329.323663507,330.812449962,330.812449962,-13051.5849399
nature_economic_cost_robustness_v1,post_hoc_development_parameterized_sensitivity,real_2026_usd,independent_fresh_event_screening_bootstrap,proportional_reference_module_accounting_sensitivity_no_portfolio_diversification,slack_backed,4,0,0.95,12,0.2,39.6505452781,39.453125,200,0.05,0.5,0.0025,1,25000,50,0,0,14.8340833852,646.155346675,647.64413313,647.64413313,-25551.5849399
nature_economic_cost_robustness_v1,post_hoc_development_parameterized_sensitivity,real_2026_usd,independent_fresh_event_screening_bootstrap,proportional_reference_module_accounting_sensitivity_no_portfolio_diversification,slack_backed,4,0,0.95,12,0.2,39.6505452781,39.453125,200,0.05,0.5,0.0025,2,50000,50,0,0,14.8340833852,1279.81871301,1281.30749947,1281.30749947,-50551.5849399
nature_economic_cost_robustness_v1,post_hoc_development_parameterized_sensitivity,real_2026_usd,independent_fresh_event_screening_bootstrap,proportional_reference_module_accounting_sensitivity_no_portfolio_diversification,slack_backed,4,0,0.95,12,0.2,39.6505452781,39.453125,200,0.05,1,0.005,0,0,50,0,0,29.6681667704,27.3260637239,30.3002135994,30.3002135994,-1195.43811466
nature_economic_cost_robustness_v1,post_hoc_development_parameterized_sensitivity,real_2026_usd,independent_fresh_event_screening_bootstrap,proportional_reference_module_accounting_sensitivity_no_portfolio_diversification,slack_backed,4,0,0.95,12,0.2,39.6505452781,39.453125,200,0.05,1,0.005,0.5,12500,50,0,0,29.6681667704,344.157746892,347.131896768,347.131896768,-13695.4381147
nature_economic_cost_robustness_v1,post_hoc_development_parameterized_sensitivity,real_2026_usd,independent_fresh_event_screening_bootstrap,proportional_reference_module_accounting_sensitivity_no_portfolio_diversification,slack_backed,4,0,0.95,12,0.2,39.6505452781,39.453125,200,0.05,1,0.005,1,25000,50,0,0,29.6681667704,660.98943006,663.963579936,663.963579936,-26195.4381147
nature_economic_cost_robustness_v1,post_hoc_development_parameterized_sensitivity,real_2026_usd,independent_fresh_event_screening_bootstrap,proportional_reference_module_accounting_sensitivity_no_portfolio_diversification,slack_backed,4,0,0.95,12,0.2,39.6505452781,39.453125,200,0.05,1,0.005,2,50000,50,0,0,29.6681667704,1294.6527964,1297.62694627,1297.62694627,-51195.4381147
nature_economic_cost_robustness_v1,post_hoc_development_parameterized_sensitivity,real_2026_usd,independent_fresh_event_screening_bootstrap,proportional_reference_module_accounting_sensitivity_no_portfolio_diversification,slack_backed,4,0,0.95,12,0.2,39.6505452781,39.453125,200,0.05,2,0.01,0,0,50,0,0,59.3363335408,56.9942304942,62.9391072111,62.9391072111,-2483.14446419
nature_economic_cost_robustness_v1,post_hoc_development_parameterized_sensitivity,real_2026_usd,independent_fresh_event_screening_bootstrap,proportional_reference_module_accounting_sensitivity_no_portfolio_diversification,slack_backed,4,0,0.95,12,0.2,39.6505452781,39.453125,200,0.05,2,0.01,0.5,12500,50,0,0,59.3363335408,373.825913663,379.770790379,379.770790379,-14983.1444642
nature_economic_cost_robustness_v1,post_hoc_development_parameterized_sensitivity,real_2026_usd,independent_fresh_event_screening_bootstrap,proportional_reference_module_accounting_sensitivity_no_portfolio_diversification,slack_backed,4,0,0.95,12,0.2,39.6505452781,39.453125,200,0.05,2,0.01,1,25000,50,0,0,59.3363335408,690.657596831,696.602473548,696.602473548,-27483.1444642
nature_economic_cost_robustness_v1,post_hoc_development_parameterized_sensitivity,real_2026_usd,independent_fresh_event_screening_bootstrap,proportional_reference_module_accounting_sensitivity_no_portfolio_diversification,slack_backed,4,0,0.95,12,0.2,39.6505452781,39.453125,200,0.05,2,0.01,2,50000,50,0,0,59.3363335408,1324.32096317,1330.26583988,1330.26583988,-52483.1444642
nature_economic_cost_robustness_v1,post_hoc_development_parameterized_sensitivity,real_2026_usd,independent_fresh_event_screening_bootstrap,proportional_reference_module_accounting_sensitivity_no_portfolio_diversification,reserved_headroom,4,0,0.95,12,0.2,39.6505452781,39.453125,200,0.05,0,0,0,0,50,0.15,0,0,113.806168457,113.839797575,113.839797575,-4491.33576371
nature_economic_cost_robustness_v1,post_hoc_development_parameterized_sensitivity,real_2026_usd,independent_fresh_event_screening_bootstrap,proportional_reference_module_accounting_sensitivity_no_portfolio_diversification,reserved_headroom,4,0,0.95,12,0.2,39.6505452781,39.453125,200,0.05,0,0,0.5,12500,50,0.15,0,0,430.637851625,430.671480743,430.671480743,-16991.3357637
nature_economic_cost_robustness_v1,post_hoc_development_parameterized_sensitivity,real_2026_usd,independent_fresh_event_screening_bootstrap,proportional_reference_module_accounting_sensitivity_no_portfolio_diversification,reserved_headroom,4,0,0.95,12,0.2,39.6505452781,39.453125,200,0.05,0,0,1,25000,50,0.15,0,0,747.469534793,747.503163912,747.503163912,-29491.3357637
nature_economic_cost_robustness_v1,post_hoc_development_parameterized_sensitivity,real_2026_usd,independent_fresh_event_screening_bootstrap,proportional_reference_module_accounting_sensitivity_no_portfolio_diversification,reserved_headroom,4,0,0.95,12,0.2,39.6505452781,39.453125,200,0.05,0,0,2,50000,50,0.15,0,0,1381.13290113,1381.16653025,1381.16653025,-54491.3357637
nature_economic_cost_robustness_v1,post_hoc_development_parameterized_sensitivity,real_2026_usd,independent_fresh_event_screening_bootstrap,proportional_reference_module_accounting_sensitivity_no_portfolio_diversification,reserved_headroom,4,0,0.95,12,0.2,39.6505452781,39.453125,200,0.05,0.5,0.0025,0,0,50,0.15,0,14.8340833852,128.640251842,130.129038297,130.129038297,-5133.99721405
nature_economic_cost_robustness_v1,post_hoc_development_parameterized_sensitivity,real_2026_usd,independent_fresh_event_screening_bootstrap,proportional_reference_module_accounting_sensitivity_no_portfolio_diversification,reserved_headroom,4,0,0.95,12,0.2,39.6505452781,39.453125,200,0.05,0.5,0.0025,0.5,12500,50,0.15,0,14.8340833852,445.47193501,446.960721465,446.960721465,-17633.9972141
nature_economic_cost_robustness_v1,post_hoc_development_parameterized_sensitivity,real_2026_usd,independent_fresh_event_screening_bootstrap,proportional_reference_module_accounting_sensitivity_no_portfolio_diversification,reserved_headroom,4,0,0.95,12,0.2,39.6505452781,39.453125,200,0.05,0.5,0.0025,1,25000,50,0.15,0,14.8340833852,762.303618179,763.792404633,763.792404633,-30133.9972141
nature_economic_cost_robustness_v1,post_hoc_development_parameterized_sensitivity,real_2026_usd,independent_fresh_event_screening_bootstrap,proportional_reference_module_accounting_sensitivity_no_portfolio_diversification,reserved_headroom,4,0,0.95,12,0.2,39.6505452781,39.453125,200,0.05,0.5,0.0025,2,50000,50,0.15,0,14.8340833852,1395.96698452,1397.45577097,1397.45577097,-55133.9972141
nature_economic_cost_robustness_v1,post_hoc_development_parameterized_sensitivity,real_2026_usd,independent_fresh_event_screening_bootstrap,proportional_reference_module_accounting_sensitivity_no_portfolio_diversification,reserved_headroom,4,0,0.95,12,0.2,39.6505452781,39.453125,200,0.05,1,0.005,0,0,50,0.15,0,29.6681667704,143.474335227,146.448485103,146.448485103,-5777.85038881
nature_economic_cost_robustness_v1,post_hoc_development_parameterized_sensitivity,real_2026_usd,independent_fresh_event_screening_bootstrap,proportional_reference_module_accounting_sensitivity_no_portfolio_diversification,reserved_headroom,4,0,0.95,12,0.2,39.6505452781,39.453125,200,0.05,1,0.005,0.5,12500,50,0.15,0,29.6681667704,460.306018395,463.280168271,463.280168271,-18277.8503888
nature_economic_cost_robustness_v1,post_hoc_development_parameterized_sensitivity,real_2026_usd,independent_fresh_event_screening_bootstrap,proportional_reference_module_accounting_sensitivity_no_portfolio_diversification,reserved_headroom,4,0,0.95,12,0.2,39.6505452781,39.453125,200,0.05,1,0.005,1,25000,50,0.15,0,29.6681667704,777.137701564,780.111851439,780.111851439,-30777.8503888
nature_economic_cost_robustness_v1,post_hoc_development_parameterized_sensitivity,real_2026_usd,independent_fresh_event_screening_bootstrap,proportional_reference_module_accounting_sensitivity_no_portfolio_diversification,reserved_headroom,4,0,0.95,12,0.2,39.6505452781,39.453125,200,0.05,1,0.005,2,50000,50,0.15,0,29.6681667704,1410.8010679,1413.77521778,1413.77521778,-55777.8503888
nature_economic_cost_robustness_v1,post_hoc_development_parameterized_sensitivity,real_2026_usd,independent_fresh_event_screening_bootstrap,proportional_reference_module_accounting_sensitivity_no_portfolio_diversification,reserved_headroom,4,0,0.95,12,0.2,39.6505452781,39.453125,200,0.05,2,0.01,0,0,50,0.15,0,59.3363335408,173.142501997,179.087378714,179.087378714,-7065.55673834
nature_economic_cost_robustness_v1,post_hoc_development_parameterized_sensitivity,real_2026_usd,independent_fresh_event_screening_bootstrap,proportional_reference_module_accounting_sensitivity_no_portfolio_diversification,reserved_headroom,4,0,0.95,12,0.2,39.6505452781,39.453125,200,0.05,2,0.01,0.5,12500,50,0.15,0,59.3363335408,489.974185166,495.919061883,495.919061883,-19565.5567383
nature_economic_cost_robustness_v1,post_hoc_development_parameterized_sensitivity,real_2026_usd,independent_fresh_event_screening_bootstrap,proportional_reference_module_accounting_sensitivity_no_portfolio_diversification,reserved_headroom,4,0,0.95,12,0.2,39.6505452781,39.453125,200,0.05,2,0.01,1,25000,50,0.15,0,59.3363335408,806.805868334,812.750745051,812.750745051,-32065.5567383
nature_economic_cost_robustness_v1,post_hoc_development_parameterized_sensitivity,real_2026_usd,independent_fresh_event_screening_bootstrap,proportional_reference_module_accounting_sensitivity_no_portfolio_diversification,reserved_headroom,4,0,0.95,12,0.2,39.6505452781,39.453125,200,0.05,2,0.01,2,50000,50,0.15,0,59.3363335408,1440.46923467,1446.41411139,1446.41411139,-57065.5567383
nature_economic_cost_robustness_v1,post_hoc_development_parameterized_sensitivity,real_2026_usd,independent_fresh_event_screening_bootstrap,proportional_reference_module_accounting_sensitivity_no_portfolio_diversification,throughput_displacing,4,0,0.95,12,0.2,39.6505452781,39.453125,200,0.05,0,0,0,0,50,0,0.25,0,38.1935851892,39.0608620676,39.0608620676,-1541.07307376
nature_economic_cost_robustness_v1,post_hoc_development_parameterized_sensitivity,real_2026_usd,independent_fresh_event_screening_bootstrap,proportional_reference_module_accounting_sensitivity_no_portfolio_diversification,throughput_displacing,4,0,0.95,12,0.2,39.6505452781,39.453125,200,0.05,0,0,0.5,12500,50,0,0.25,0,355.025268358,355.892545236,355.892545236,-14041.0730738
nature_economic_cost_robustness_v1,post_hoc_development_parameterized_sensitivity,real_2026_usd,independent_fresh_event_screening_bootstrap,proportional_reference_module_accounting_sensitivity_no_portfolio_diversification,throughput_displacing,4,0,0.95,12,0.2,39.6505452781,39.453125,200,0.05,0,0,1,25000,50,0,0.25,0,671.856951526,672.724228404,672.724228404,-26541.0730738
nature_economic_cost_robustness_v1,post_hoc_development_parameterized_sensitivity,real_2026_usd,independent_fresh_event_screening_bootstrap,proportional_reference_module_accounting_sensitivity_no_portfolio_diversification,throughput_displacing,4,0,0.95,12,0.2,39.6505452781,39.453125,200,0.05,0,0,2,50000,50,0,0.25,0,1305.52031786,1306.38759474,1306.38759474,-51541.0730738
nature_economic_cost_robustness_v1,post_hoc_development_parameterized_sensitivity,real_2026_usd,independent_fresh_event_screening_bootstrap,proportional_reference_module_accounting_sensitivity_no_portfolio_diversification,throughput_displacing,4,0,0.95,12,0.2,39.6505452781,39.453125,200,0.05,0.5,0.0025,0,0,50,0,0.25,14.8340833852,53.0276685744,54.3726747153,54.3726747153,-2145.17193213
nature_economic_cost_robustness_v1,post_hoc_development_parameterized_sensitivity,real_2026_usd,independent_fresh_event_screening_bootstrap,proportional_reference_module_accounting_sensitivity_no_portfolio_diversification,throughput_displacing,4,0,0.95,12,0.2,39.6505452781,39.453125,200,0.05,0.5,0.0025,0.5,12500,50,0,0.25,14.8340833852,369.859351743,371.204357884,371.204357884,-14645.1719321
nature_economic_cost_robustness_v1,post_hoc_development_parameterized_sensitivity,real_2026_usd,independent_fresh_event_screening_bootstrap,proportional_reference_module_accounting_sensitivity_no_portfolio_diversification,throughput_displacing,4,0,0.95,12,0.2,39.6505452781,39.453125,200,0.05,0.5,0.0025,1,25000,50,0,0.25,14.8340833852,686.691034911,688.036041052,688.036041052,-27145.1719321
nature_economic_cost_robustness_v1,post_hoc_development_parameterized_sensitivity,real_2026_usd,independent_fresh_event_screening_bootstrap,proportional_reference_module_accounting_sensitivity_no_portfolio_diversification,throughput_displacing,4,0,0.95,12,0.2,39.6505452781,39.453125,200,0.05,0.5,0.0025,2,50000,50,0,0.25,14.8340833852,1320.35440125,1321.69940739,1321.69940739,-52145.1719321
nature_economic_cost_robustness_v1,post_hoc_development_parameterized_sensitivity,real_2026_usd,independent_fresh_event_screening_bootstrap,proportional_reference_module_accounting_sensitivity_no_portfolio_diversification,throughput_displacing,4,0,0.95,12,0.2,39.6505452781,39.453125,200,0.05,1,0.005,0,0,50,0,0.25,29.6681667704,67.8617519596,70.4662061992,70.4662061992,-2780.11204145
nature_economic_cost_robustness_v1,post_hoc_development_parameterized_sensitivity,real_2026_usd,independent_fresh_event_screening_bootstrap,proportional_reference_module_accounting_sensitivity_no_portfolio_diversification,throughput_displacing,4,0,0.95,12,0.2,39.6505452781,39.453125,200,0.05,1,0.005,0.5,12500,50,0,0.25,29.6681667704,384.693435128,387.297889368,387.297889368,-15280.1120415
nature_economic_cost_robustness_v1,post_hoc_development_parameterized_sensitivity,real_2026_usd,independent_fresh_event_screening_bootstrap,proportional_reference_module_accounting_sensitivity_no_portfolio_diversification,throughput_displacing,4,0,0.95,12,0.2,39.6505452781,39.453125,200,0.05,1,0.005,1,25000,50,0,0.25,29.6681667704,701.525118296,704.129572536,704.129572536,-27780.1120415
nature_economic_cost_robustness_v1,post_hoc_development_parameterized_sensitivity,real_2026_usd,independent_fresh_event_screening_bootstrap,proportional_reference_module_accounting_sensitivity_no_portfolio_diversification,throughput_displacing,4,0,0.95,12,0.2,39.6505452781,39.453125,200,0.05,1,0.005,2,50000,50,0,0.25,29.6681667704,1335.18848463,1337.79293887,1337.79293887,-52780.1120415
nature_economic_cost_robustness_v1,post_hoc_development_parameterized_sensitivity,real_2026_usd,independent_fresh_event_screening_bootstrap,proportional_reference_module_accounting_sensitivity_no_portfolio_diversification,throughput_displacing,4,0,0.95,12,0.2,39.6505452781,39.453125,200,0.05,2,0.01,0,0,50,0,0.25,59.3363335408,97.52991873,103.081646996,103.081646996,-4066.89310415
nature_economic_cost_robustness_v1,post_hoc_development_parameterized_sensitivity,real_2026_usd,independent_fresh_event_screening_bootstrap,proportional_reference_module_accounting_sensitivity_no_portfolio_diversification,throughput_displacing,4,0,0.95,12,0.2,39.6505452781,39.453125,200,0.05,2,0.01,0.5,12500,50,0,0.25,59.3363335408,414.361601898,419.913330165,419.913330165,-16566.8931041
nature_economic_cost_robustness_v1,post_hoc_development_parameterized_sensitivity,real_2026_usd,independent_fresh_event_screening_bootstrap,proportional_reference_module_accounting_sensitivity_no_portfolio_diversification,throughput_displacing,4,0,0.95,12,0.2,39.6505452781,39.453125,200,0.05,2,0.01,1,25000,50,0,0.25,59.3363335408,731.193285067,736.745013333,736.745013333,-29066.8931041
nature_economic_cost_robustness_v1,post_hoc_development_parameterized_sensitivity,real_2026_usd,independent_fresh_event_screening_bootstrap,proportional_reference_module_accounting_sensitivity_no_portfolio_diversification,throughput_displacing,4,0,0.95,12,0.2,39.6505452781,39.453125,200,0.05,2,0.01,2,50000,50,0,0.25,59.3363335408,1364.8566514,1370.40837967,1370.40837967,-54066.8931041
nature_economic_cost_robustness_v1,post_hoc_development_parameterized_sensitivity,real_2026_usd,independent_fresh_event_screening_bootstrap,proportional_reference_module_accounting_sensitivity_no_portfolio_diversification,slack_backed,4,0,0.95,12,1,39.6505452781,197.265625,200,0.05,0,0,0,0,50,0,0,0,0,0,-2.30847392807,455.382552216
nature_economic_cost_robustness_v1,post_hoc_development_parameterized_sensitivity,real_2026_usd,independent_fresh_event_screening_bootstrap,proportional_reference_module_accounting_sensitivity_no_portfolio_diversification,slack_backed,4,0,0.95,12,1,39.6505452781,197.265625,200,0.05,0,0,0.5,12500,50,0,0,0,61.0242335871,61.0578627056,61.0578627056,-12044.6174478
nature_economic_cost_robustness_v1,post_hoc_development_parameterized_sensitivity,real_2026_usd,independent_fresh_event_screening_bootstrap,proportional_reference_module_accounting_sensitivity_no_portfolio_diversification,slack_backed,4,0,0.95,12,1,39.6505452781,197.265625,200,0.05,0,0,1,25000,50,0,0,0,124.390570221,124.424199339,124.424199339,-24544.6174478
nature_economic_cost_robustness_v1,post_hoc_development_parameterized_sensitivity,real_2026_usd,independent_fresh_event_screening_bootstrap,proportional_reference_module_accounting_sensitivity_no_portfolio_diversification,slack_backed,4,0,0.95,12,1,39.6505452781,197.265625,200,0.05,0,0,2,50000,50,0,0,0,251.123243488,251.156872607,251.156872607,-49544.6174478
nature_economic_cost_robustness_v1,post_hoc_development_parameterized_sensitivity,real_2026_usd,independent_fresh_event_screening_bootstrap,proportional_reference_module_accounting_sensitivity_no_portfolio_diversification,slack_backed,4,0,0.95,12,1,39.6505452781,197.265625,200,0.05,0.5,0.0025,0,0,50,0,0,14.8340833852,12.4919803387,13.9807667935,13.9807667935,-2757.9246995
nature_economic_cost_robustness_v1,post_hoc_development_parameterized_sensitivity,real_2026_usd,independent_fresh_event_screening_bootstrap,proportional_reference_module_accounting_sensitivity_no_portfolio_diversification,slack_backed,4,0,0.95,12,1,39.6505452781,197.265625,200,0.05,0.5,0.0025,0.5,12500,50,0,0,14.8340833852,75.8583169723,77.3471034271,77.3471034271,-15257.9246995
nature_economic_cost_robustness_v1,post_hoc_development_parameterized_sensitivity,real_2026_usd,independent_fresh_event_screening_bootstrap,proportional_reference_module_accounting_sensitivity_no_portfolio_diversification,slack_backed,4,0,0.95,12,1,39.6505452781,197.265625,200,0.05,0.5,0.0025,1,25000,50,0,0,14.8340833852,139.224653606,140.713440061,140.713440061,-27757.9246995
nature_economic_cost_robustness_v1,post_hoc_development_parameterized_sensitivity,real_2026_usd,independent_fresh_event_screening_bootstrap,proportional_reference_module_accounting_sensitivity_no_portfolio_diversification,slack_backed,4,0,0.95,12,1,39.6505452781,197.265625,200,0.05,0.5,0.0025,2,50000,50,0,0,14.8340833852,265.957326873,267.446113328,267.446113328,-52757.9246995
nature_economic_cost_robustness_v1,post_hoc_development_parameterized_sensitivity,real_2026_usd,independent_fresh_event_screening_bootstrap,proportional_reference_module_accounting_sensitivity_no_portfolio_diversification,slack_backed,4,0,0.95,12,1,39.6505452781,197.265625,200,0.05,1,0.005,0,0,50,0,0,29.6681667704,27.3260637239,30.3002135994,30.3002135994,-5977.19057331
nature_economic_cost_robustness_v1,post_hoc_development_parameterized_sensitivity,real_2026_usd,independent_fresh_event_screening_bootstrap,proportional_reference_module_accounting_sensitivity_no_portfolio_diversification,slack_backed,4,0,0.95,12,1,39.6505452781,197.265625,200,0.05,1,0.005,0.5,12500,50,0,0,29.6681667704,90.6924003575,93.666550233,93.666550233,-18477.1905733
nature_economic_cost_robustness_v1,post_hoc_development_parameterized_sensitivity,real_2026_usd,independent_fresh_event_screening_bootstrap,proportional_reference_module_accounting_sensitivity_no_portfolio_diversification,slack_backed,4,0,0.95,12,1,39.6505452781,197.265625,200,0.05,1,0.005,1,25000,50,0,0,29.6681667704,154.058736991,157.032886867,157.032886867,-30977.1905733
nature_economic_cost_robustness_v1,post_hoc_development_parameterized_sensitivity,real_2026_usd,independent_fresh_event_screening_bootstrap,proportional_reference_module_accounting_sensitivity_no_portfolio_diversification,slack_backed,4,0,0.95,12,1,39.6505452781,197.265625,200,0.05,1,0.005,2,50000,50,0,0,29.6681667704,280.791410259,283.765560134,283.765560134,-55977.1905733
nature_economic_cost_robustness_v1,post_hoc_development_parameterized_sensitivity,real_2026_usd,independent_fresh_event_screening_bootstrap,proportional_reference_module_accounting_sensitivity_no_portfolio_diversification,slack_backed,4,0,0.95,12,1,39.6505452781,197.265625,200,0.05,2,0.01,0,0,50,0,0,59.3363335408,56.9942304942,62.9391072111,62.9391072111,-12415.7223209
nature_economic_cost_robustness_v1,post_hoc_development_parameterized_sensitivity,real_2026_usd,independent_fresh_event_screening_bootstrap,proportional_reference_module_accounting_sensitivity_no_portfolio_diversification,slack_backed,4,0,0.95,12,1,39.6505452781,197.265625,200,0.05,2,0.01,0.5,12500,50,0,0,59.3363335408,120.360567128,126.305443845,126.305443845,-24915.7223209
nature_economic_cost_robustness_v1,post_hoc_development_parameterized_sensitivity,real_2026_usd,independent_fresh_event_screening_bootstrap,proportional_reference_module_accounting_sensitivity_no_portfolio_diversification,slack_backed,4,0,0.95,12,1,39.6505452781,197.265625,200,0.05,2,0.01,1,25000,50,0,0,59.3363335408,183.726903762,189.671780478,189.671780478,-37415.7223209
nature_economic_cost_robustness_v1,post_hoc_development_parameterized_sensitivity,real_2026_usd,independent_fresh_event_screening_bootstrap,proportional_reference_module_accounting_sensitivity_no_portfolio_diversification,slack_backed,4,0,0.95,12,1,39.6505452781,197.265625,200,0.05,2,0.01,2,50000,50,0,0,59.3363335408,310.459577029,316.404453746,316.404453746,-62415.7223209
nature_economic_cost_robustness_v1,post_hoc_development_parameterized_sensitivity,real_2026_usd,independent_fresh_event_screening_bootstrap,proportional_reference_module_accounting_sensitivity_no_portfolio_diversification,reserved_headroom,4,0,0.95,12,1,39.6505452781,197.265625,200,0.05,0,0,0,0,50,0.15,0,0,113.806168457,113.839797575,113.839797575,-22456.6788185
nature_economic_cost_robustness_v1,post_hoc_development_parameterized_sensitivity,real_2026_usd,independent_fresh_event_screening_bootstrap,proportional_reference_module_accounting_sensitivity_no_portfolio_diversification,reserved_headroom,4,0,0.95,12,1,39.6505452781,197.265625,200,0.05,0,0,0.5,12500,50,0.15,0,0,177.17250509,177.206134209,177.206134209,-34956.6788185
nature_economic_cost_robustness_v1,post_hoc_development_parameterized_sensitivity,real_2026_usd,independent_fresh_event_screening_bootstrap,proportional_reference_module_accounting_sensitivity_no_portfolio_diversification,reserved_headroom,4,0,0.95,12,1,39.6505452781,197.265625,200,0.05,0,0,1,25000,50,0.15,0,0,240.538841724,240.572470842,240.572470842,-47456.6788185
nature_economic_cost_robustness_v1,post_hoc_development_parameterized_sensitivity,real_2026_usd,independent_fresh_event_screening_bootstrap,proportional_reference_module_accounting_sensitivity_no_portfolio_diversification,reserved_headroom,4,0,0.95,12,1,39.6505452781,197.265625,200,0.05,0,0,2,50000,50,0.15,0,0,367.271514991,367.30514411,367.30514411,-72456.6788185
nature_economic_cost_robustness_v1,post_hoc_development_parameterized_sensitivity,real_2026_usd,independent_fresh_event_screening_bootstrap,proportional_reference_module_accounting_sensitivity_no_portfolio_diversification,reserved_headroom,4,0,0.95,12,1,39.6505452781,197.265625,200,0.05,0.5,0.0025,0,0,50,0.15,0,14.8340833852,128.640251842,130.129038297,130.129038297,-25669.9860703
nature_economic_cost_robustness_v1,post_hoc_development_parameterized_sensitivity,real_2026_usd,independent_fresh_event_screening_bootstrap,proportional_reference_module_accounting_sensitivity_no_portfolio_diversification,reserved_headroom,4,0,0.95,12,1,39.6505452781,197.265625,200,0.05,0.5,0.0025,0.5,12500,50,0.15,0,14.8340833852,192.006588476,193.49537493,193.49537493,-38169.9860703
nature_economic_cost_robustness_v1,post_hoc_development_parameterized_sensitivity,real_2026_usd,independent_fresh_event_screening_bootstrap,proportional_reference_module_accounting_sensitivity_no_portfolio_diversification,reserved_headroom,4,0,0.95,12,1,39.6505452781,197.265625,200,0.05,0.5,0.0025,1,25000,50,0.15,0,14.8340833852,255.372925109,256.861711564,256.861711564,-50669.9860703
nature_economic_cost_robustness_v1,post_hoc_development_parameterized_sensitivity,real_2026_usd,independent_fresh_event_screening_bootstrap,proportional_reference_module_accounting_sensitivity_no_portfolio_diversification,reserved_headroom,4,0,0.95,12,1,39.6505452781,197.265625,200,0.05,0.5,0.0025,2,50000,50,0.15,0,14.8340833852,382.105598377,383.594384831,383.594384831,-75669.9860703
nature_economic_cost_robustness_v1,post_hoc_development_parameterized_sensitivity,real_2026_usd,independent_fresh_event_screening_bootstrap,proportional_reference_module_accounting_sensitivity_no_portfolio_diversification,reserved_headroom,4,0,0.95,12,1,39.6505452781,197.265625,200,0.05,1,0.005,0,0,50,0.15,0,29.6681667704,143.474335227,146.448485103,146.448485103,-28889.2519441
nature_economic_cost_robustness_v1,post_hoc_development_parameterized_sensitivity,real_2026_usd,independent_fresh_event_screening_bootstrap,proportional_reference_module_accounting_sensitivity_no_portfolio_diversification,reserved_headroom,4,0,0.95,12,1,39.6505452781,197.265625,200,0.05,1,0.005,0.5,12500,50,0.15,0,29.6681667704,206.840671861,209.814821736,209.814821736,-41389.2519441
nature_economic_cost_robustness_v1,post_hoc_development_parameterized_sensitivity,real_2026_usd,independent_fresh_event_screening_bootstrap,proportional_reference_module_accounting_sensitivity_no_portfolio_diversification,reserved_headroom,4,0,0.95,12,1,39.6505452781,197.265625,200,0.05,1,0.005,1,25000,50,0.15,0,29.6681667704,270.207008494,273.18115837,273.18115837,-53889.2519441
nature_economic_cost_robustness_v1,post_hoc_development_parameterized_sensitivity,real_2026_usd,independent_fresh_event_screening_bootstrap,proportional_reference_module_accounting_sensitivity_no_portfolio_diversification,reserved_headroom,4,0,0.95,12,1,39.6505452781,197.265625,200,0.05,1,0.005,2,50000,50,0.15,0,29.6681667704,396.939681762,399.913831637,399.913831637,-78889.2519441
nature_economic_cost_robustness_v1,post_hoc_development_parameterized_sensitivity,real_2026_usd,independent_fresh_event_screening_bootstrap,proportional_reference_module_accounting_sensitivity_no_portfolio_diversification,reserved_headroom,4,0,0.95,12,1,39.6505452781,197.265625,200,0.05,2,0.01,0,0,50,0.15,0,59.3363335408,173.142501997,179.087378714,179.087378714,-35327.7836917
nature_economic_cost_robustness_v1,post_hoc_development_parameterized_sensitivity,real_2026_usd,independent_fresh_event_screening_bootstrap,proportional_reference_module_accounting_sensitivity_no_portfolio_diversification,reserved_headroom,4,0,0.95,12,1,39.6505452781,197.265625,200,0.05,2,0.01,0.5,12500,50,0.15,0,59.3363335408,236.508838631,242.453715348,242.453715348,-47827.7836917
nature_economic_cost_robustness_v1,post_hoc_development_parameterized_sensitivity,real_2026_usd,independent_fresh_event_screening_bootstrap,proportional_reference_module_accounting_sensitivity_no_portfolio_diversification,reserved_headroom,4,0,0.95,12,1,39.6505452781,197.265625,200,0.05,2,0.01,1,25000,50,0.15,0,59.3363335408,299.875175265,305.820051982,305.820051982,-60327.7836917
nature_economic_cost_robustness_v1,post_hoc_development_parameterized_sensitivity,real_2026_usd,independent_fresh_event_screening_bootstrap,proportional_reference_module_accounting_sensitivity_no_portfolio_diversification,reserved_headroom,4,0,0.95,12,1,39.6505452781,197.265625,200,0.05,2,0.01,2,50000,50,0.15,0,59.3363335408,426.607848532,432.552725249,432.552725249,-85327.7836917
nature_economic_cost_robustness_v1,post_hoc_development_parameterized_sensitivity,real_2026_usd,independent_fresh_event_screening_bootstrap,proportional_reference_module_accounting_sensitivity_no_portfolio_diversification,throughput_displacing,4,0,0.95,12,1,39.6505452781,197.265625,200,0.05,0,0,0,0,50,0,0.25,0,38.1935851892,39.0608620676,39.0608620676,-7705.3653688
nature_economic_cost_robustness_v1,post_hoc_development_parameterized_sensitivity,real_2026_usd,independent_fresh_event_screening_bootstrap,proportional_reference_module_accounting_sensitivity_no_portfolio_diversification,throughput_displacing,4,0,0.95,12,1,39.6505452781,197.265625,200,0.05,0,0,0.5,12500,50,0,0.25,0,101.559921823,102.427198701,102.427198701,-20205.3653688
nature_economic_cost_robustness_v1,post_hoc_development_parameterized_sensitivity,real_2026_usd,independent_fresh_event_screening_bootstrap,proportional_reference_module_accounting_sensitivity_no_portfolio_diversification,throughput_displacing,4,0,0.95,12,1,39.6505452781,197.265625,200,0.05,0,0,1,25000,50,0,0.25,0,164.926258457,165.793535335,165.793535335,-32705.3653688
nature_economic_cost_robustness_v1,post_hoc_development_parameterized_sensitivity,real_2026_usd,independent_fresh_event_screening_bootstrap,proportional_reference_module_accounting_sensitivity_no_portfolio_diversification,throughput_displacing,4,0,0.95,12,1,39.6505452781,197.265625,200,0.05,0,0,2,50000,50,0,0.25,0,291.658931724,292.526208602,292.526208602,-57705.3653688
nature_economic_cost_robustness_v1,post_hoc_development_parameterized_sensitivity,real_2026_usd,independent_fresh_event_screening_bootstrap,proportional_reference_module_accounting_sensitivity_no_portfolio_diversification,throughput_displacing,4,0,0.95,12,1,39.6505452781,197.265625,200,0.05,0.5,0.0025,0,0,50,0,0.25,14.8340833852,53.0276685744,54.3726747153,54.3726747153,-10725.8596606
nature_economic_cost_robustness_v1,post_hoc_development_parameterized_sensitivity,real_2026_usd,independent_fresh_event_screening_bootstrap,proportional_reference_module_accounting_sensitivity_no_portfolio_diversification,throughput_displacing,4,0,0.95,12,1,39.6505452781,197.265625,200,0.05,0.5,0.0025,0.5,12500,50,0,0.25,14.8340833852,116.394005208,117.739011349,117.739011349,-23225.8596606
nature_economic_cost_robustness_v1,post_hoc_development_parameterized_sensitivity,real_2026_usd,independent_fresh_event_screening_bootstrap,proportional_reference_module_accounting_sensitivity_no_portfolio_diversification,throughput_displacing,4,0,0.95,12,1,39.6505452781,197.265625,200,0.05,0.5,0.0025,1,25000,50,0,0.25,14.8340833852,179.760341842,181.105347983,181.105347983,-35725.8596606
nature_economic_cost_robustness_v1,post_hoc_development_parameterized_sensitivity,real_2026_usd,independent_fresh_event_screening_bootstrap,proportional_reference_module_accounting_sensitivity_no_portfolio_diversification,throughput_displacing,4,0,0.95,12,1,39.6505452781,197.265625,200,0.05,0.5,0.0025,2,50000,50,0,0.25,14.8340833852,306.493015109,307.83802125,307.83802125,-60725.8596606
nature_economic_cost_robustness_v1,post_hoc_development_parameterized_sensitivity,real_2026_usd,independent_fresh_event_screening_bootstrap,proportional_reference_module_accounting_sensitivity_no_portfolio_diversification,throughput_displacing,4,0,0.95,12,1,39.6505452781,197.265625,200,0.05,1,0.005,0,0,50,0,0.25,29.6681667704,67.8617519596,70.4662061992,70.4662061992,-13900.5602073
nature_economic_cost_robustness_v1,post_hoc_development_parameterized_sensitivity,real_2026_usd,independent_fresh_event_screening_bootstrap,proportional_reference_module_accounting_sensitivity_no_portfolio_diversification,throughput_displacing,4,0,0.95,12,1,39.6505452781,197.265625,200,0.05,1,0.005,0.5,12500,50,0,0.25,29.6681667704,131.228088593,133.832542833,133.832542833,-26400.5602073
nature_economic_cost_robustness_v1,post_hoc_development_parameterized_sensitivity,real_2026_usd,independent_fresh_event_screening_bootstrap,proportional_reference_module_accounting_sensitivity_no_portfolio_diversification,throughput_displacing,4,0,0.95,12,1,39.6505452781,197.265625,200,0.05,1,0.005,1,25000,50,0,0.25,29.6681667704,194.594425227,197.198879467,197.198879467,-38900.5602073
nature_economic_cost_robustness_v1,post_hoc_development_parameterized_sensitivity,real_2026_usd,independent_fresh_event_screening_bootstrap,proportional_reference_module_accounting_sensitivity_no_portfolio_diversification,throughput_displacing,4,0,0.95,12,1,39.6505452781,197.265625,200,0.05,1,0.005,2,50000,50,0,0.25,29.6681667704,321.327098494,323.931552734,323.931552734,-63900.5602073
nature_economic_cost_robustness_v1,post_hoc_development_parameterized_sensitivity,real_2026_usd,independent_fresh_event_screening_bootstrap,proportional_reference_module_accounting_sensitivity_no_portfolio_diversification,throughput_displacing,4,0,0.95,12,1,39.6505452781,197.265625,200,0.05,2,0.01,0,0,50,0,0.25,59.3363335408,97.52991873,103.081646996,103.081646996,-20334.4655207
nature_economic_cost_robustness_v1,post_hoc_development_parameterized_sensitivity,real_2026_usd,independent_fresh_event_screening_bootstrap,proportional_reference_module_accounting_sensitivity_no_portfolio_diversification,throughput_displacing,4,0,0.95,12,1,39.6505452781,197.265625,200,0.05,2,0.01,0.5,12500,50,0,0.25,59.3363335408,160.896255364,166.44798363,166.44798363,-32834.4655207
nature_economic_cost_robustness_v1,post_hoc_development_parameterized_sensitivity,real_2026_usd,independent_fresh_event_screening_bootstrap,proportional_reference_module_accounting_sensitivity_no_portfolio_diversification,throughput_displacing,4,0,0.95,12,1,39.6505452781,197.265625,200,0.05,2,0.01,1,25000,50,0,0.25,59.3363335408,224.262591997,229.814320264,229.814320264,-45334.4655207
nature_economic_cost_robustness_v1,post_hoc_development_parameterized_sensitivity,real_2026_usd,independent_fresh_event_screening_bootstrap,proportional_reference_module_accounting_sensitivity_no_portfolio_diversification,throughput_displacing,4,0,0.95,12,1,39.6505452781,197.265625,200,0.05,2,0.01,2,50000,50,0,0.25,59.3363335408,350.995265265,356.546993531,356.546993531,-70334.4655207
nature_economic_cost_robustness_v1,post_hoc_development_parameterized_sensitivity,real_2026_usd,independent_fresh_event_screening_bootstrap,proportional_reference_module_accounting_sensitivity_no_portfolio_diversification,slack_backed,4,0,0.95,12,5,39.6505452781,986.328125,200,0.05,0,0,0,0,50,0,0,0,0,0,-2.30847392807,2276.91276108
nature_economic_cost_robustness_v1,post_hoc_development_parameterized_sensitivity,real_2026_usd,independent_fresh_event_screening_bootstrap,proportional_reference_module_accounting_sensitivity_no_portfolio_diversification,slack_backed,4,0,0.95,12,5,39.6505452781,986.328125,200,0.05,0,0,0.5,12500,50,0,0,0,10.3311642802,10.3647933987,10.3647933987,-10223.0872389
nature_economic_cost_robustness_v1,post_hoc_development_parameterized_sensitivity,real_2026_usd,independent_fresh_event_screening_bootstrap,proportional_reference_module_accounting_sensitivity_no_portfolio_diversification,slack_backed,4,0,0.95,12,5,39.6505452781,986.328125,200,0.05,0,0,1,25000,50,0,0,0,23.0044316069,23.0380607254,23.0380607254,-22723.0872389
nature_economic_cost_robustness_v1,post_hoc_development_parameterized_sensitivity,real_2026_usd,independent_fresh_event_screening_bootstrap,proportional_reference_module_accounting_sensitivity_no_portfolio_diversification,slack_backed,4,0,0.95,12,5,39.6505452781,986.328125,200,0.05,0,0,2,50000,50,0,0,0,48.3509662604,48.3845953789,48.3845953789,-47723.0872389
nature_economic_cost_robustness_v1,post_hoc_development_parameterized_sensitivity,real_2026_usd,independent_fresh_event_screening_bootstrap,proportional_reference_module_accounting_sensitivity_no_portfolio_diversification,slack_backed,4,0,0.95,12,5,39.6505452781,986.328125,200,0.05,0.5,0.0025,0,0,50,0,0,14.8340833852,12.4919803387,13.9807667935,13.9807667935,-13789.6234975
nature_economic_cost_robustness_v1,post_hoc_development_parameterized_sensitivity,real_2026_usd,independent_fresh_event_screening_bootstrap,proportional_reference_module_accounting_sensitivity_no_portfolio_diversification,slack_backed,4,0,0.95,12,5,39.6505452781,986.328125,200,0.05,0.5,0.0025,0.5,12500,50,0,0,14.8340833852,25.1652476654,26.6540341202,26.6540341202,-26289.6234975
nature_economic_cost_robustness_v1,post_hoc_development_parameterized_sensitivity,real_2026_usd,independent_fresh_event_screening_bootstrap,proportional_reference_module_accounting_sensitivity_no_portfolio_diversification,slack_backed,4,0,0.95,12,5,39.6505452781,986.328125,200,0.05,0.5,0.0025,1,25000,50,0,0,14.8340833852,37.8385149921,39.3273014469,39.3273014469,-38789.6234975
nature_economic_cost_robustness_v1,post_hoc_development_parameterized_sensitivity,real_2026_usd,independent_fresh_event_screening_bootstrap,proportional_reference_module_accounting_sensitivity_no_portfolio_diversification,slack_backed,4,0,0.95,12,5,39.6505452781,986.328125,200,0.05,0.5,0.0025,2,50000,50,0,0,14.8340833852,63.1850496456,64.6738361004,64.6738361004,-63789.6234975
nature_economic_cost_robustness_v1,post_hoc_development_parameterized_sensitivity,real_2026_usd,independent_fresh_event_screening_bootstrap,proportional_reference_module_accounting_sensitivity_no_portfolio_diversification,slack_backed,4,0,0.95,12,5,39.6505452781,986.328125,200,0.05,1,0.005,0,0,50,0,0,29.6681667704,27.3260637239,30.3002135994,30.3002135994,-29885.9528666
nature_economic_cost_robustness_v1,post_hoc_development_parameterized_sensitivity,real_2026_usd,independent_fresh_event_screening_bootstrap,proportional_reference_module_accounting_sensitivity_no_portfolio_diversification,slack_backed,4,0,0.95,12,5,39.6505452781,986.328125,200,0.05,1,0.005,0.5,12500,50,0,0,29.6681667704,39.9993310506,42.9734809261,42.9734809261,-42385.9528666
nature_economic_cost_robustness_v1,post_hoc_development_parameterized_sensitivity,real_2026_usd,independent_fresh_event_screening_bootstrap,proportional_reference_module_accounting_sensitivity_no_portfolio_diversification,slack_backed,4,0,0.95,12,5,39.6505452781,986.328125,200,0.05,1,0.005,1,25000,50,0,0,29.6681667704,52.6725983773,55.6467482528,55.6467482528,-54885.9528666
nature_economic_cost_robustness_v1,post_hoc_development_parameterized_sensitivity,real_2026_usd,independent_fresh_event_screening_bootstrap,proportional_reference_module_accounting_sensitivity_no_portfolio_diversification,slack_backed,4,0,0.95,12,5,39.6505452781,986.328125,200,0.05,1,0.005,2,50000,50,0,0,29.6681667704,78.0191330308,80.9932829063,80.9932829063,-79885.9528666
nature_economic_cost_robustness_v1,post_hoc_development_parameterized_sensitivity,real_2026_usd,independent_fresh_event_screening_bootstrap,proportional_reference_module_accounting_sensitivity_no_portfolio_diversification,slack_backed,4,0,0.95,12,5,39.6505452781,986.328125,200,0.05,2,0.01,0,0,50,0,0,59.3363335408,56.9942304942,62.9391072111,62.9391072111,-62078.6116047
nature_economic_cost_robustness_v1,post_hoc_development_parameterized_sensitivity,real_2026_usd,independent_fresh_event_screening_bootstrap,proportional_reference_module_accounting_sensitivity_no_portfolio_diversification,slack_backed,4,0,0.95,12,5,39.6505452781,986.328125,200,0.05,2,0.01,0.5,12500,50,0,0,59.3363335408,69.667497821,75.6123745379,75.6123745379,-74578.6116047
nature_economic_cost_robustness_v1,post_hoc_development_parameterized_sensitivity,real_2026_usd,independent_fresh_event_screening_bootstrap,proportional_reference_module_accounting_sensitivity_no_portfolio_diversification,slack_backed,4,0,0.95,12,5,39.6505452781,986.328125,200,0.05,2,0.01,1,25000,50,0,0,59.3363335408,82.3407651477,88.2856418646,88.2856418646,-87078.6116047
nature_economic_cost_robustness_v1,post_hoc_development_parameterized_sensitivity,real_2026_usd,independent_fresh_event_screening_bootstrap,proportional_reference_module_accounting_sensitivity_no_portfolio_diversification,slack_backed,4,0,0.95,12,5,39.6505452781,986.328125,200,0.05,2,0.01,2,50000,50,0,0,59.3363335408,107.687299801,113.632176518,113.632176518,-112078.611605
nature_economic_cost_robustness_v1,post_hoc_development_parameterized_sensitivity,real_2026_usd,independent_fresh_event_screening_bootstrap,proportional_reference_module_accounting_sensitivity_no_portfolio_diversification,reserved_headroom,4,0,0.95,12,5,39.6505452781,986.328125,200,0.05,0,0,0,0,50,0.15,0,0,113.806168457,113.839797575,113.839797575,-112283.394093
nature_economic_cost_robustness_v1,post_hoc_development_parameterized_sensitivity,real_2026_usd,independent_fresh_event_screening_bootstrap,proportional_reference_module_accounting_sensitivity_no_portfolio_diversification,reserved_headroom,4,0,0.95,12,5,39.6505452781,986.328125,200,0.05,0,0,0.5,12500,50,0.15,0,0,126.479435783,126.513064902,126.513064902,-124783.394093
nature_economic_cost_robustness_v1,post_hoc_development_parameterized_sensitivity,real_2026_usd,independent_fresh_event_screening_bootstrap,proportional_reference_module_accounting_sensitivity_no_portfolio_diversification,reserved_headroom,4,0,0.95,12,5,39.6505452781,986.328125,200,0.05,0,0,1,25000,50,0.15,0,0,139.15270311,139.186332229,139.186332229,-137283.394093
nature_economic_cost_robustness_v1,post_hoc_development_parameterized_sensitivity,real_2026_usd,independent_fresh_event_screening_bootstrap,proportional_reference_module_accounting_sensitivity_no_portfolio_diversification,reserved_headroom,4,0,0.95,12,5,39.6505452781,986.328125,200,0.05,0,0,2,50000,50,0.15,0,0,164.499237764,164.532866882,164.532866882,-162283.394093
nature_economic_cost_robustness_v1,post_hoc_development_parameterized_sensitivity,real_2026_usd,independent_fresh_event_screening_bootstrap,proportional_reference_module_accounting_sensitivity_no_portfolio_diversification,reserved_headroom,4,0,0.95,12,5,39.6505452781,986.328125,200,0.05,0.5,0.0025,0,0,50,0.15,0,14.8340833852,128.640251842,130.129038297,130.129038297,-128349.930351
nature_economic_cost_robustness_v1,post_hoc_development_parameterized_sensitivity,real_2026_usd,independent_fresh_event_screening_bootstrap,proportional_reference_module_accounting_sensitivity_no_portfolio_diversification,reserved_headroom,4,0,0.95,12,5,39.6505452781,986.328125,200,0.05,0.5,0.0025,0.5,12500,50,0.15,0,14.8340833852,141.313519169,142.802305623,142.802305623,-140849.930351
nature_economic_cost_robustness_v1,post_hoc_development_parameterized_sensitivity,real_2026_usd,independent_fresh_event_screening_bootstrap,proportional_reference_module_accounting_sensitivity_no_portfolio_diversification,reserved_headroom,4,0,0.95,12,5,39.6505452781,986.328125,200,0.05,0.5,0.0025,1,25000,50,0.15,0,14.8340833852,153.986786495,155.47557295,155.47557295,-153349.930351
nature_economic_cost_robustness_v1,post_hoc_development_parameterized_sensitivity,real_2026_usd,independent_fresh_event_screening_bootstrap,proportional_reference_module_accounting_sensitivity_no_portfolio_diversification,reserved_headroom,4,0,0.95,12,5,39.6505452781,986.328125,200,0.05,0.5,0.0025,2,50000,50,0.15,0,14.8340833852,179.333321149,180.822107604,180.822107604,-178349.930351
nature_economic_cost_robustness_v1,post_hoc_development_parameterized_sensitivity,real_2026_usd,independent_fresh_event_screening_bootstrap,proportional_reference_module_accounting_sensitivity_no_portfolio_diversification,reserved_headroom,4,0,0.95,12,5,39.6505452781,986.328125,200,0.05,1,0.005,0,0,50,0.15,0,29.6681667704,143.474335227,146.448485103,146.448485103,-144446.25972
nature_economic_cost_robustness_v1,post_hoc_development_parameterized_sensitivity,real_2026_usd,independent_fresh_event_screening_bootstrap,proportional_reference_module_accounting_sensitivity_no_portfolio_diversification,reserved_headroom,4,0,0.95,12,5,39.6505452781,986.328125,200,0.05,1,0.005,0.5,12500,50,0.15,0,29.6681667704,156.147602554,159.121752429,159.121752429,-156946.25972
nature_economic_cost_robustness_v1,post_hoc_development_parameterized_sensitivity,real_2026_usd,independent_fresh_event_screening_bootstrap,proportional_reference_module_accounting_sensitivity_no_portfolio_diversification,reserved_headroom,4,0,0.95,12,5,39.6505452781,986.328125,200,0.05,1,0.005,1,25000,50,0.15,0,29.6681667704,168.820869881,171.795019756,171.795019756,-169446.25972
nature_economic_cost_robustness_v1,post_hoc_development_parameterized_sensitivity,real_2026_usd,independent_fresh_event_screening_bootstrap,proportional_reference_module_accounting_sensitivity_no_portfolio_diversification,reserved_headroom,4,0,0.95,12,5,39.6505452781,986.328125,200,0.05,1,0.005,2,50000,50,0.15,0,29.6681667704,194.167404534,197.14155441,197.14155441,-194446.25972
nature_economic_cost_robustness_v1,post_hoc_development_parameterized_sensitivity,real_2026_usd,independent_fresh_event_screening_bootstrap,proportional_reference_module_accounting_sensitivity_no_portfolio_diversification,reserved_headroom,4,0,0.95,12,5,39.6505452781,986.328125,200,0.05,2,0.01,0,0,50,0.15,0,59.3363335408,173.142501997,179.087378714,179.087378714,-176638.918459
nature_economic_cost_robustness_v1,post_hoc_development_parameterized_sensitivity,real_2026_usd,independent_fresh_event_screening_bootstrap,proportional_reference_module_accounting_sensitivity_no_portfolio_diversification,reserved_headroom,4,0,0.95,12,5,39.6505452781,986.328125,200,0.05,2,0.01,0.5,12500,50,0.15,0,59.3363335408,185.815769324,191.760646041,191.760646041,-189138.918459
nature_economic_cost_robustness_v1,post_hoc_development_parameterized_sensitivity,real_2026_usd,independent_fresh_event_screening_bootstrap,proportional_reference_module_accounting_sensitivity_no_portfolio_diversification,reserved_headroom,4,0,0.95,12,5,39.6505452781,986.328125,200,0.05,2,0.01,1,25000,50,0.15,0,59.3363335408,198.489036651,204.433913368,204.433913368,-201638.918459
nature_economic_cost_robustness_v1,post_hoc_development_parameterized_sensitivity,real_2026_usd,independent_fresh_event_screening_bootstrap,proportional_reference_module_accounting_sensitivity_no_portfolio_diversification,reserved_headroom,4,0,0.95,12,5,39.6505452781,986.328125,200,0.05,2,0.01,2,50000,50,0.15,0,59.3363335408,223.835571304,229.780448021,229.780448021,-226638.918459
nature_economic_cost_robustness_v1,post_hoc_development_parameterized_sensitivity,real_2026_usd,independent_fresh_event_screening_bootstrap,proportional_reference_module_accounting_sensitivity_no_portfolio_diversification,throughput_displacing,4,0,0.95,12,5,39.6505452781,986.328125,200,0.05,0,0,0,0,50,0,0.25,0,38.1935851892,39.0608620676,39.0608620676,-38526.826844
nature_economic_cost_robustness_v1,post_hoc_development_parameterized_sensitivity,real_2026_usd,independent_fresh_event_screening_bootstrap,proportional_reference_module_accounting_sensitivity_no_portfolio_diversification,throughput_displacing,4,0,0.95,12,5,39.6505452781,986.328125,200,0.05,0,0,0.5,12500,50,0,0.25,0,50.866852516,51.7341293943,51.7341293943,-51026.826844
nature_economic_cost_robustness_v1,post_hoc_development_parameterized_sensitivity,real_2026_usd,independent_fresh_event_screening_bootstrap,proportional_reference_module_accounting_sensitivity_no_portfolio_diversification,throughput_displacing,4,0,0.95,12,5,39.6505452781,986.328125,200,0.05,0,0,1,25000,50,0,0.25,0,63.5401198427,64.4073967211,64.4073967211,-63526.826844
nature_economic_cost_robustness_v1,post_hoc_development_parameterized_sensitivity,real_2026_usd,independent_fresh_event_screening_bootstrap,proportional_reference_module_accounting_sensitivity_no_portfolio_diversification,throughput_displacing,4,0,0.95,12,5,39.6505452781,986.328125,200,0.05,0,0,2,50000,50,0,0.25,0,88.8866544962,89.7539313745,89.7539313745,-88526.826844
nature_economic_cost_robustness_v1,post_hoc_development_parameterized_sensitivity,real_2026_usd,independent_fresh_event_screening_bootstrap,proportional_reference_module_accounting_sensitivity_no_portfolio_diversification,throughput_displacing,4,0,0.95,12,5,39.6505452781,986.328125,200,0.05,0.5,0.0025,0,0,50,0,0.25,14.8340833852,53.0276685744,54.3726747153,54.3726747153,-53629.2983032
nature_economic_cost_robustness_v1,post_hoc_development_parameterized_sensitivity,real_2026_usd,independent_fresh_event_screening_bootstrap,proportional_reference_module_accounting_sensitivity_no_portfolio_diversification,throughput_displacing,4,0,0.95,12,5,39.6505452781,986.328125,200,0.05,0.5,0.0025,0.5,12500,50,0,0.25,14.8340833852,65.7009359012,67.0459420421,67.0459420421,-66129.2983032
nature_economic_cost_robustness_v1,post_hoc_development_parameterized_sensitivity,real_2026_usd,independent_fresh_event_screening_bootstrap,proportional_reference_module_accounting_sensitivity_no_portfolio_diversification,throughput_displacing,4,0,0.95,12,5,39.6505452781,986.328125,200,0.05,0.5,0.0025,1,25000,50,0,0.25,14.8340833852,78.3742032279,79.7192093688,79.7192093688,-78629.2983032
nature_economic_cost_robustness_v1,post_hoc_development_parameterized_sensitivity,real_2026_usd,independent_fresh_event_screening_bootstrap,proportional_reference_module_accounting_sensitivity_no_portfolio_diversification,throughput_displacing,4,0,0.95,12,5,39.6505452781,986.328125,200,0.05,0.5,0.0025,2,50000,50,0,0.25,14.8340833852,103.720737881,105.065744022,105.065744022,-103629.298303
nature_economic_cost_robustness_v1,post_hoc_development_parameterized_sensitivity,real_2026_usd,independent_fresh_event_screening_bootstrap,proportional_reference_module_accounting_sensitivity_no_portfolio_diversification,throughput_displacing,4,0,0.95,12,5,39.6505452781,986.328125,200,0.05,1,0.005,0,0,50,0,0.25,29.6681667704,67.8617519596,70.4662061992,70.4662061992,-69502.8010363
nature_economic_cost_robustness_v1,post_hoc_development_parameterized_sensitivity,real_2026_usd,independent_fresh_event_screening_bootstrap,proportional_reference_module_accounting_sensitivity_no_portfolio_diversification,throughput_displacing,4,0,0.95,12,5,39.6505452781,986.328125,200,0.05,1,0.005,0.5,12500,50,0,0.25,29.6681667704,80.5350192864,83.1394735259,83.1394735259,-82002.8010363
nature_economic_cost_robustness_v1,post_hoc_development_parameterized_sensitivity,real_2026_usd,independent_fresh_event_screening_bootstrap,proportional_reference_module_accounting_sensitivity_no_portfolio_diversification,throughput_displacing,4,0,0.95,12,5,39.6505452781,986.328125,200,0.05,1,0.005,1,25000,50,0,0.25,29.6681667704,93.2082866131,95.8127408527,95.8127408527,-94502.8010363
nature_economic_cost_robustness_v1,post_hoc_development_parameterized_sensitivity,real_2026_usd,independent_fresh_event_screening_bootstrap,proportional_reference_module_accounting_sensitivity_no_portfolio_diversification,throughput_displacing,4,0,0.95,12,5,39.6505452781,986.328125,200,0.05,1,0.005,2,50000,50,0,0.25,29.6681667704,118.554821267,121.159275506,121.159275506,-119502.801036
nature_economic_cost_robustness_v1,post_hoc_development_parameterized_sensitivity,real_2026_usd,independent_fresh_event_screening_bootstrap,proportional_reference_module_accounting_sensitivity_no_portfolio_diversification,throughput_displacing,4,0,0.95,12,5,39.6505452781,986.328125,200,0.05,2,0.01,0,0,50,0,0.25,59.3363335408,97.52991873,103.081646996,103.081646996,-101672.327604
nature_economic_cost_robustness_v1,post_hoc_development_parameterized_sensitivity,real_2026_usd,independent_fresh_event_screening_bootstrap,proportional_reference_module_accounting_sensitivity_no_portfolio_diversification,throughput_displacing,4,0,0.95,12,5,39.6505452781,986.328125,200,0.05,2,0.01,0.5,12500,50,0,0.25,59.3363335408,110.203186057,115.754914323,115.754914323,-114172.327604
nature_economic_cost_robustness_v1,post_hoc_development_parameterized_sensitivity,real_2026_usd,independent_fresh_event_screening_bootstrap,proportional_reference_module_accounting_sensitivity_no_portfolio_diversification,throughput_displacing,4,0,0.95,12,5,39.6505452781,986.328125,200,0.05,2,0.01,1,25000,50,0,0.25,59.3363335408,122.876453383,128.42818165,128.42818165,-126672.327604
nature_economic_cost_robustness_v1,post_hoc_development_parameterized_sensitivity,real_2026_usd,independent_fresh_event_screening_bootstrap,proportional_reference_module_accounting_sensitivity_no_portfolio_diversification,throughput_displacing,4,0,0.95,12,5,39.6505452781,986.328125,200,0.05,2,0.01,2,50000,50,0,0.25,59.3363335408,148.222988037,153.774716303,153.774716303,-151672.327604
nature_economic_cost_robustness_v1,post_hoc_development_parameterized_sensitivity,real_2026_usd,independent_fresh_event_screening_bootstrap,proportional_reference_module_accounting_sensitivity_no_portfolio_diversification,slack_backed,4,0,0.95,12,20,39.6505452781,3945.3125,200,0.05,0,0,0,0,50,0,0,0,0,0,-2.30847392807,9107.65104432
nature_economic_cost_robustness_v1,post_hoc_development_parameterized_sensitivity,real_2026_usd,independent_fresh_event_screening_bootstrap,proportional_reference_module_accounting_sensitivity_no_portfolio_diversification,slack_backed,4,0,0.95,12,20,39.6505452781,3945.3125,200,0.05,0,0,0.5,12500,50,0,0,0,0.826213785157,0.859842903617,0.859842903617,-3392.34895568
nature_economic_cost_robustness_v1,post_hoc_development_parameterized_sensitivity,real_2026_usd,independent_fresh_event_screening_bootstrap,proportional_reference_module_accounting_sensitivity_no_portfolio_diversification,slack_backed,4,0,0.95,12,20,39.6505452781,3945.3125,200,0.05,0,0,1,25000,50,0,0,0,3.99453061684,4.0281597353,4.0281597353,-15892.3489557
nature_economic_cost_robustness_v1,post_hoc_development_parameterized_sensitivity,real_2026_usd,independent_fresh_event_screening_bootstrap,proportional_reference_module_accounting_sensitivity_no_portfolio_diversification,slack_backed,4,0,0.95,12,20,39.6505452781,3945.3125,200,0.05,0,0,2,50000,50,0,0,0,10.3311642802,10.3647933987,10.3647933987,-40892.3489557
nature_economic_cost_robustness_v1,post_hoc_development_parameterized_sensitivity,real_2026_usd,independent_fresh_event_screening_bootstrap,proportional_reference_module_accounting_sensitivity_no_portfolio_diversification,slack_backed,4,0,0.95,12,20,39.6505452781,3945.3125,200,0.05,0.5,0.0025,0,0,50,0,0,14.8340833852,12.4919803387,13.9807667935,13.9807667935,-55158.4939899
nature_economic_cost_robustness_v1,post_hoc_development_parameterized_sensitivity,real_2026_usd,independent_fresh_event_screening_bootstrap,proportional_reference_module_accounting_sensitivity_no_portfolio_diversification,slack_backed,4,0,0.95,12,20,39.6505452781,3945.3125,200,0.05,0.5,0.0025,0.5,12500,50,0,0,14.8340833852,15.6602971703,17.1490836252,17.1490836252,-67658.4939899
nature_economic_cost_robustness_v1,post_hoc_development_parameterized_sensitivity,real_2026_usd,independent_fresh_event_screening_bootstrap,proportional_reference_module_accounting_sensitivity_no_portfolio_diversification,slack_backed,4,0,0.95,12,20,39.6505452781,3945.3125,200,0.05,0.5,0.0025,1,25000,50,0,0,14.8340833852,18.828614002,20.3174004568,20.3174004568,-80158.4939899
nature_economic_cost_robustness_v1,post_hoc_development_parameterized_sensitivity,real_2026_usd,independent_fresh_event_screening_bootstrap,proportional_reference_module_accounting_sensitivity_no_portfolio_diversification,slack_backed,4,0,0.95,12,20,39.6505452781,3945.3125,200,0.05,0.5,0.0025,2,50000,50,0,0,14.8340833852,25.1652476654,26.6540341202,26.6540341202,-105158.49399
nature_economic_cost_robustness_v1,post_hoc_development_parameterized_sensitivity,real_2026_usd,independent_fresh_event_screening_bootstrap,proportional_reference_module_accounting_sensitivity_no_portfolio_diversification,slack_backed,4,0,0.95,12,20,39.6505452781,3945.3125,200,0.05,1,0.005,0,0,50,0,0,29.6681667704,27.3260637239,30.3002135994,30.3002135994,-119543.811466
nature_economic_cost_robustness_v1,post_hoc_development_parameterized_sensitivity,real_2026_usd,independent_fresh_event_screening_bootstrap,proportional_reference_module_accounting_sensitivity_no_portfolio_diversification,slack_backed,4,0,0.95,12,20,39.6505452781,3945.3125,200,0.05,1,0.005,0.5,12500,50,0,0,29.6681667704,30.4943805555,33.4685304311,33.4685304311,-132043.811466
nature_economic_cost_robustness_v1,post_hoc_development_parameterized_sensitivity,real_2026_usd,independent_fresh_event_screening_bootstrap,proportional_reference_module_accounting_sensitivity_no_portfolio_diversification,slack_backed,4,0,0.95,12,20,39.6505452781,3945.3125,200,0.05,1,0.005,1,25000,50,0,0,29.6681667704,33.6626973872,36.6368472627,36.6368472627,-144543.811466
nature_economic_cost_robustness_v1,post_hoc_development_parameterized_sensitivity,real_2026_usd,independent_fresh_event_screening_bootstrap,proportional_reference_module_accounting_sensitivity_no_portfolio_diversification,slack_backed,4,0,0.95,12,20,39.6505452781,3945.3125,200,0.05,1,0.005,2,50000,50,0,0,29.6681667704,39.9993310506,42.9734809261,42.9734809261,-169543.811466
nature_economic_cost_robustness_v1,post_hoc_development_parameterized_sensitivity,real_2026_usd,independent_fresh_event_screening_bootstrap,proportional_reference_module_accounting_sensitivity_no_portfolio_diversification,slack_backed,4,0,0.95,12,20,39.6505452781,3945.3125,200,0.05,2,0.01,0,0,50,0,0,59.3363335408,56.9942304942,62.9391072111,62.9391072111,-248314.446419
nature_economic_cost_robustness_v1,post_hoc_development_parameterized_sensitivity,real_2026_usd,independent_fresh_event_screening_bootstrap,proportional_reference_module_accounting_sensitivity_no_portfolio_diversification,slack_backed,4,0,0.95,12,20,39.6505452781,3945.3125,200,0.05,2,0.01,0.5,12500,50,0,0,59.3363335408,60.1625473259,66.1074240428,66.1074240428,-260814.446419
nature_economic_cost_robustness_v1,post_hoc_development_parameterized_sensitivity,real_2026_usd,independent_fresh_event_screening_bootstrap,proportional_reference_module_accounting_sensitivity_no_portfolio_diversification,slack_backed,4,0,0.95,12,20,39.6505452781,3945.3125,200,0.05,2,0.01,1,25000,50,0,0,59.3363335408,63.3308641576,69.2757408745,69.2757408745,-273314.446419
nature_economic_cost_robustness_v1,post_hoc_development_parameterized_sensitivity,real_2026_usd,independent_fresh_event_screening_bootstrap,proportional_reference_module_accounting_sensitivity_no_portfolio_diversification,slack_backed,4,0,0.95,12,20,39.6505452781,3945.3125,200,0.05,2,0.01,2,50000,50,0,0,59.3363335408,69.667497821,75.6123745379,75.6123745379,-298314.446419
nature_economic_cost_robustness_v1,post_hoc_development_parameterized_sensitivity,real_2026_usd,independent_fresh_event_screening_bootstrap,proportional_reference_module_accounting_sensitivity_no_portfolio_diversification,reserved_headroom,4,0,0.95,12,20,39.6505452781,3945.3125,200,0.05,0,0,0,0,50,0.15,0,0,113.806168457,113.839797575,113.839797575,-449133.576371
nature_economic_cost_robustness_v1,post_hoc_development_parameterized_sensitivity,real_2026_usd,independent_fresh_event_screening_bootstrap,proportional_reference_module_accounting_sensitivity_no_portfolio_diversification,reserved_headroom,4,0,0.95,12,20,39.6505452781,3945.3125,200,0.05,0,0,0.5,12500,50,0.15,0,0,116.974485288,117.008114407,117.008114407,-461633.576371
nature_economic_cost_robustness_v1,post_hoc_development_parameterized_sensitivity,real_2026_usd,independent_fresh_event_screening_bootstrap,proportional_reference_module_accounting_sensitivity_no_portfolio_diversification,reserved_headroom,4,0,0.95,12,20,39.6505452781,3945.3125,200,0.05,0,0,1,25000,50,0.15,0,0,120.14280212,120.176431239,120.176431239,-474133.576371
nature_economic_cost_robustness_v1,post_hoc_development_parameterized_sensitivity,real_2026_usd,independent_fresh_event_screening_bootstrap,proportional_reference_module_accounting_sensitivity_no_portfolio_diversification,reserved_headroom,4,0,0.95,12,20,39.6505452781,3945.3125,200,0.05,0,0,2,50000,50,0.15,0,0,126.479435783,126.513064902,126.513064902,-499133.576371
nature_economic_cost_robustness_v1,post_hoc_development_parameterized_sensitivity,real_2026_usd,independent_fresh_event_screening_bootstrap,proportional_reference_module_accounting_sensitivity_no_portfolio_diversification,reserved_headroom,4,0,0.95,12,20,39.6505452781,3945.3125,200,0.05,0.5,0.0025,0,0,50,0.15,0,14.8340833852,128.640251842,130.129038297,130.129038297,-513399.721405
nature_economic_cost_robustness_v1,post_hoc_development_parameterized_sensitivity,real_2026_usd,independent_fresh_event_screening_bootstrap,proportional_reference_module_accounting_sensitivity_no_portfolio_diversification,reserved_headroom,4,0,0.95,12,20,39.6505452781,3945.3125,200,0.05,0.5,0.0025,0.5,12500,50,0.15,0,14.8340833852,131.808568674,133.297355128,133.297355128,-525899.721405
nature_economic_cost_robustness_v1,post_hoc_development_parameterized_sensitivity,real_2026_usd,independent_fresh_event_screening_bootstrap,proportional_reference_module_accounting_sensitivity_no_portfolio_diversification,reserved_headroom,4,0,0.95,12,20,39.6505452781,3945.3125,200,0.05,0.5,0.0025,1,25000,50,0.15,0,14.8340833852,134.976885505,136.46567196,136.46567196,-538399.721405
nature_economic_cost_robustness_v1,post_hoc_development_parameterized_sensitivity,real_2026_usd,independent_fresh_event_screening_bootstrap,proportional_reference_module_accounting_sensitivity_no_portfolio_diversification,reserved_headroom,4,0,0.95,12,20,39.6505452781,3945.3125,200,0.05,0.5,0.0025,2,50000,50,0.15,0,14.8340833852,141.313519169,142.802305623,142.802305623,-563399.721405
nature_economic_cost_robustness_v1,post_hoc_development_parameterized_sensitivity,real_2026_usd,independent_fresh_event_screening_bootstrap,proportional_reference_module_accounting_sensitivity_no_portfolio_diversification,reserved_headroom,4,0,0.95,12,20,39.6505452781,3945.3125,200,0.05,1,0.005,0,0,50,0.15,0,29.6681667704,143.474335227,146.448485103,146.448485103,-577785.038881
nature_economic_cost_robustness_v1,post_hoc_development_parameterized_sensitivity,real_2026_usd,independent_fresh_event_screening_bootstrap,proportional_reference_module_accounting_sensitivity_no_portfolio_diversification,reserved_headroom,4,0,0.95,12,20,39.6505452781,3945.3125,200,0.05,1,0.005,0.5,12500,50,0.15,0,29.6681667704,146.642652059,149.616801934,149.616801934,-590285.038881
nature_economic_cost_robustness_v1,post_hoc_development_parameterized_sensitivity,real_2026_usd,independent_fresh_event_screening_bootstrap,proportional_reference_module_accounting_sensitivity_no_portfolio_diversification,reserved_headroom,4,0,0.95,12,20,39.6505452781,3945.3125,200,0.05,1,0.005,1,25000,50,0.15,0,29.6681667704,149.81096889,152.785118766,152.785118766,-602785.038881
nature_economic_cost_robustness_v1,post_hoc_development_parameterized_sensitivity,real_2026_usd,independent_fresh_event_screening_bootstrap,proportional_reference_module_accounting_sensitivity_no_portfolio_diversification,reserved_headroom,4,0,0.95,12,20,39.6505452781,3945.3125,200,0.05,1,0.005,2,50000,50,0.15,0,29.6681667704,156.147602554,159.121752429,159.121752429,-627785.038881
nature_economic_cost_robustness_v1,post_hoc_development_parameterized_sensitivity,real_2026_usd,independent_fresh_event_screening_bootstrap,proportional_reference_module_accounting_sensitivity_no_portfolio_diversification,reserved_headroom,4,0,0.95,12,20,39.6505452781,3945.3125,200,0.05,2,0.01,0,0,50,0.15,0,59.3363335408,173.142501997,179.087378714,179.087378714,-706555.673834
nature_economic_cost_robustness_v1,post_hoc_development_parameterized_sensitivity,real_2026_usd,independent_fresh_event_screening_bootstrap,proportional_reference_module_accounting_sensitivity_no_portfolio_diversification,reserved_headroom,4,0,0.95,12,20,39.6505452781,3945.3125,200,0.05,2,0.01,0.5,12500,50,0.15,0,59.3363335408,176.310818829,182.255695546,182.255695546,-719055.673834
nature_economic_cost_robustness_v1,post_hoc_development_parameterized_sensitivity,real_2026_usd,independent_fresh_event_screening_bootstrap,proportional_reference_module_accounting_sensitivity_no_portfolio_diversification,reserved_headroom,4,0,0.95,12,20,39.6505452781,3945.3125,200,0.05,2,0.01,1,25000,50,0.15,0,59.3363335408,179.479135661,185.424012378,185.424012378,-731555.673834
nature_economic_cost_robustness_v1,post_hoc_development_parameterized_sensitivity,real_2026_usd,independent_fresh_event_screening_bootstrap,proportional_reference_module_accounting_sensitivity_no_portfolio_diversification,reserved_headroom,4,0,0.95,12,20,39.6505452781,3945.3125,200,0.05,2,0.01,2,50000,50,0.15,0,59.3363335408,185.815769324,191.760646041,191.760646041,-756555.673834
nature_economic_cost_robustness_v1,post_hoc_development_parameterized_sensitivity,real_2026_usd,independent_fresh_event_screening_bootstrap,proportional_reference_module_accounting_sensitivity_no_portfolio_diversification,throughput_displacing,4,0,0.95,12,20,39.6505452781,3945.3125,200,0.05,0,0,0,0,50,0,0.25,0,38.1935851892,39.0608620676,39.0608620676,-154107.307376
nature_economic_cost_robustness_v1,post_hoc_development_parameterized_sensitivity,real_2026_usd,independent_fresh_event_screening_bootstrap,proportional_reference_module_accounting_sensitivity_no_portfolio_diversification,throughput_displacing,4,0,0.95,12,20,39.6505452781,3945.3125,200,0.05,0,0,0.5,12500,50,0,0.25,0,41.3619020209,42.2291788993,42.2291788993,-166607.307376
nature_economic_cost_robustness_v1,post_hoc_development_parameterized_sensitivity,real_2026_usd,independent_fresh_event_screening_bootstrap,proportional_reference_module_accounting_sensitivity_no_portfolio_diversification,throughput_displacing,4,0,0.95,12,20,39.6505452781,3945.3125,200,0.05,0,0,1,25000,50,0,0.25,0,44.5302188526,45.397495731,45.397495731,-179107.307376
nature_economic_cost_robustness_v1,post_hoc_development_parameterized_sensitivity,real_2026_usd,independent_fresh_event_screening_bootstrap,proportional_reference_module_accounting_sensitivity_no_portfolio_diversification,throughput_displacing,4,0,0.95,12,20,39.6505452781,3945.3125,200,0.05,0,0,2,50000,50,0,0.25,0,50.866852516,51.7341293943,51.7341293943,-204107.307376
nature_economic_cost_robustness_v1,post_hoc_development_parameterized_sensitivity,real_2026_usd,independent_fresh_event_screening_bootstrap,proportional_reference_module_accounting_sensitivity_no_portfolio_diversification,throughput_displacing,4,0,0.95,12,20,39.6505452781,3945.3125,200,0.05,0.5,0.0025,0,0,50,0,0.25,14.8340833852,53.0276685744,54.3726747153,54.3726747153,-214517.193213
nature_economic_cost_robustness_v1,post_hoc_development_parameterized_sensitivity,real_2026_usd,independent_fresh_event_screening_bootstrap,proportional_reference_module_accounting_sensitivity_no_portfolio_diversification,throughput_displacing,4,0,0.95,12,20,39.6505452781,3945.3125,200,0.05,0.5,0.0025,0.5,12500,50,0,0.25,14.8340833852,56.1959854061,57.540991547,57.540991547,-227017.193213
nature_economic_cost_robustness_v1,post_hoc_development_parameterized_sensitivity,real_2026_usd,independent_fresh_event_screening_bootstrap,proportional_reference_module_accounting_sensitivity_no_portfolio_diversification,throughput_displacing,4,0,0.95,12,20,39.6505452781,3945.3125,200,0.05,0.5,0.0025,1,25000,50,0,0.25,14.8340833852,59.3643022378,60.7093083787,60.7093083787,-239517.193213
nature_economic_cost_robustness_v1,post_hoc_development_parameterized_sensitivity,real_2026_usd,independent_fresh_event_screening_bootstrap,proportional_reference_module_accounting_sensitivity_no_portfolio_diversification,throughput_displacing,4,0,0.95,12,20,39.6505452781,3945.3125,200,0.05,0.5,0.0025,2,50000,50,0,0.25,14.8340833852,65.7009359012,67.0459420421,67.0459420421,-264517.193213
nature_economic_cost_robustness_v1,post_hoc_development_parameterized_sensitivity,real_2026_usd,independent_fresh_event_screening_bootstrap,proportional_reference_module_accounting_sensitivity_no_portfolio_diversification,throughput_displacing,4,0,0.95,12,20,39.6505452781,3945.3125,200,0.05,1,0.005,0,0,50,0,0.25,29.6681667704,67.8617519596,70.4662061992,70.4662061992,-278011.204145
nature_economic_cost_robustness_v1,post_hoc_development_parameterized_sensitivity,real_2026_usd,independent_fresh_event_screening_bootstrap,proportional_reference_module_accounting_sensitivity_no_portfolio_diversification,throughput_displacing,4,0,0.95,12,20,39.6505452781,3945.3125,200,0.05,1,0.005,0.5,12500,50,0,0.25,29.6681667704,71.0300687913,73.6345230309,73.6345230309,-290511.204145
nature_economic_cost_robustness_v1,post_hoc_development_parameterized_sensitivity,real_2026_usd,independent_fresh_event_screening_bootstrap,proportional_reference_module_accounting_sensitivity_no_portfolio_diversification,throughput_displacing,4,0,0.95,12,20,39.6505452781,3945.3125,200,0.05,1,0.005,1,25000,50,0,0.25,29.6681667704,74.198385623,76.8028398626,76.8028398626,-303011.204145
nature_economic_cost_robustness_v1,post_hoc_development_parameterized_sensitivity,real_2026_usd,independent_fresh_event_screening_bootstrap,proportional_reference_module_accounting_sensitivity_no_portfolio_diversification,throughput_displacing,4,0,0.95,12,20,39.6505452781,3945.3125,200,0.05,1,0.005,2,50000,50,0,0.25,29.6681667704,80.5350192864,83.1394735259,83.1394735259,-328011.204145
nature_economic_cost_robustness_v1,post_hoc_development_parameterized_sensitivity,real_2026_usd,independent_fresh_event_screening_bootstrap,proportional_reference_module_accounting_sensitivity_no_portfolio_diversification,throughput_displacing,4,0,0.95,12,20,39.6505452781,3945.3125,200,0.05,2,0.01,0,0,50,0,0.25,59.3363335408,97.52991873,103.081646996,103.081646996,-406689.310415
nature_economic_cost_robustness_v1,post_hoc_development_parameterized_sensitivity,real_2026_usd,independent_fresh_event_screening_bootstrap,proportional_reference_module_accounting_sensitivity_no_portfolio_diversification,throughput_displacing,4,0,0.95,12,20,39.6505452781,3945.3125,200,0.05,2,0.01,0.5,12500,50,0,0.25,59.3363335408,100.698235562,106.249963828,106.249963828,-419189.310415
nature_economic_cost_robustness_v1,post_hoc_development_parameterized_sensitivity,real_2026_usd,independent_fresh_event_screening_bootstrap,proportional_reference_module_accounting_sensitivity_no_portfolio_diversification,throughput_displacing,4,0,0.95,12,20,39.6505452781,3945.3125,200,0.05,2,0.01,1,25000,50,0,0.25,59.3363335408,103.866552393,109.41828066,109.41828066,-431689.310415
nature_economic_cost_robustness_v1,post_hoc_development_parameterized_sensitivity,real_2026_usd,independent_fresh_event_screening_bootstrap,proportional_reference_module_accounting_sensitivity_no_portfolio_diversification,throughput_displacing,4,0,0.95,12,20,39.6505452781,3945.3125,200,0.05,2,0.01,2,50000,50,0,0.25,59.3363335408,110.203186057,115.754914323,115.754914323,-456689.310415
nature_economic_cost_robustness_v1,post_hoc_development_parameterized_sensitivity,real_2026_usd,independent_fresh_event_screening_bootstrap,proportional_reference_module_accounting_sensitivity_no_portfolio_diversification,slack_backed,4,0,0.95,50,0.2,39.6505452781,39.453125,200,0.05,0,0,0,0,50,0,0,0,0,0,-9.68789649371,382.217791353
nature_economic_cost_robustness_v1,post_hoc_development_parameterized_sensitivity,real_2026_usd,independent_fresh_event_screening_bootstrap,proportional_reference_module_accounting_sensitivity_no_portfolio_diversification,slack_backed,4,0,0.95,50,0.2,39.6505452781,39.453125,200,0.05,0,0,0.5,12500,50,0,0,0,307.072920474,307.143786675,307.143786675,-12117.7822086
nature_economic_cost_robustness_v1,post_hoc_development_parameterized_sensitivity,real_2026_usd,independent_fresh_event_screening_bootstrap,proportional_reference_module_accounting_sensitivity_no_portfolio_diversification,slack_backed,4,0,0.95,50,0.2,39.6505452781,39.453125,200,0.05,0,0,1,25000,50,0,0,0,623.904603643,623.975469843,623.975469843,-24617.7822086
nature_economic_cost_robustness_v1,post_hoc_development_parameterized_sensitivity,real_2026_usd,independent_fresh_event_screening_bootstrap,proportional_reference_module_accounting_sensitivity_no_portfolio_diversification,slack_backed,4,0,0.95,50,0.2,39.6505452781,39.453125,200,0.05,0,0,2,50000,50,0,0,0,1257.56796998,1257.63883618,1257.63883618,-49617.7822086
nature_economic_cost_robustness_v1,post_hoc_development_parameterized_sensitivity,real_2026_usd,independent_fresh_event_screening_bootstrap,proportional_reference_module_accounting_sensitivity_no_portfolio_diversification,slack_backed,4,0,0.95,50,0.2,39.6505452781,39.453125,200,0.05,0.5,0.0025,0,0,50,0,0,61.8086807716,52.0499180778,55.0717045889,55.0717045889,-2172.75084511
nature_economic_cost_robustness_v1,post_hoc_development_parameterized_sensitivity,real_2026_usd,independent_fresh_event_screening_bootstrap,proportional_reference_module_accounting_sensitivity_no_portfolio_diversification,slack_backed,4,0,0.95,50,0.2,39.6505452781,39.453125,200,0.05,0.5,0.0025,0.5,12500,50,0,0,61.8086807716,368.881601246,371.903387757,371.903387757,-14672.7508451
nature_economic_cost_robustness_v1,post_hoc_development_parameterized_sensitivity,real_2026_usd,independent_fresh_event_screening_bootstrap,proportional_reference_module_accounting_sensitivity_no_portfolio_diversification,slack_backed,4,0,0.95,50,0.2,39.6505452781,39.453125,200,0.05,0.5,0.0025,1,25000,50,0,0,61.8086807716,685.713284414,688.735070925,688.735070925,-27172.7508451
nature_economic_cost_robustness_v1,post_hoc_development_parameterized_sensitivity,real_2026_usd,independent_fresh_event_screening_bootstrap,proportional_reference_module_accounting_sensitivity_no_portfolio_diversification,slack_backed,4,0,0.95,50,0.2,39.6505452781,39.453125,200,0.05,0.5,0.0025,2,50000,50,0,0,61.8086807716,1319.37665075,1322.39843726,1322.39843726,-52172.7508451
nature_economic_cost_robustness_v1,post_hoc_development_parameterized_sensitivity,real_2026_usd,independent_fresh_event_screening_bootstrap,proportional_reference_module_accounting_sensitivity_no_portfolio_diversification,slack_backed,4,0,0.95,50,0.2,39.6505452781,39.453125,200,0.05,1,0.005,0,0,50,0,0,123.617361543,113.858598849,119.867062452,119.867062452,-4729.13019831
nature_economic_cost_robustness_v1,post_hoc_development_parameterized_sensitivity,real_2026_usd,independent_fresh_event_screening_bootstrap,proportional_reference_module_accounting_sensitivity_no_portfolio_diversification,slack_backed,4,0,0.95,50,0.2,39.6505452781,39.453125,200,0.05,1,0.005,0.5,12500,50,0,0,123.617361543,430.690282018,436.698745621,436.698745621,-17229.1301983
nature_economic_cost_robustness_v1,post_hoc_development_parameterized_sensitivity,real_2026_usd,independent_fresh_event_screening_bootstrap,proportional_reference_module_accounting_sensitivity_no_portfolio_diversification,slack_backed,4,0,0.95,50,0.2,39.6505452781,39.453125,200,0.05,1,0.005,1,25000,50,0,0,123.617361543,747.521965186,753.530428789,753.530428789,-29729.1301983
nature_economic_cost_robustness_v1,post_hoc_development_parameterized_sensitivity,real_2026_usd,independent_fresh_event_screening_bootstrap,proportional_reference_module_accounting_sensitivity_no_portfolio_diversification,slack_backed,4,0,0.95,50,0.2,39.6505452781,39.453125,200,0.05,1,0.005,2,50000,50,0,0,123.617361543,1381.18533152,1387.19379513,1387.19379513,-54729.1301983
nature_economic_cost_robustness_v1,post_hoc_development_parameterized_sensitivity,real_2026_usd,independent_fresh_event_screening_bootstrap,proportional_reference_module_accounting_sensitivity_no_portfolio_diversification,slack_backed,4,0,0.95,50,0.2,39.6505452781,39.453125,200,0.05,2,0.01,0,0,50,0,0,247.234723087,237.475960393,249.457778179,249.457778179,-9841.88890473
nature_economic_cost_robustness_v1,post_hoc_development_parameterized_sensitivity,real_2026_usd,independent_fresh_event_screening_bootstrap,proportional_reference_module_accounting_sensitivity_no_portfolio_diversification,slack_backed,4,0,0.95,50,0.2,39.6505452781,39.453125,200,0.05,2,0.01,0.5,12500,50,0,0,247.234723087,554.307643561,566.289461348,566.289461348,-22341.8889047
nature_economic_cost_robustness_v1,post_hoc_development_parameterized_sensitivity,real_2026_usd,independent_fresh_event_screening_bootstrap,proportional_reference_module_accounting_sensitivity_no_portfolio_diversification,slack_backed,4,0,0.95,50,0.2,39.6505452781,39.453125,200,0.05,2,0.01,1,25000,50,0,0,247.234723087,871.139326729,883.121144516,883.121144516,-34841.8889047
nature_economic_cost_robustness_v1,post_hoc_development_parameterized_sensitivity,real_2026_usd,independent_fresh_event_screening_bootstrap,proportional_reference_module_accounting_sensitivity_no_portfolio_diversification,slack_backed,4,0,0.95,50,0.2,39.6505452781,39.453125,200,0.05,2,0.01,2,50000,50,0,0,247.234723087,1504.80269307,1516.78451085,1516.78451085,-59841.8889047
nature_economic_cost_robustness_v1,post_hoc_development_parameterized_sensitivity,real_2026_usd,independent_fresh_event_screening_bootstrap,proportional_reference_module_accounting_sensitivity_no_portfolio_diversification,reserved_headroom,4,0,0.95,50,0.2,39.6505452781,39.453125,200,0.05,0,0,0,0,50,0.15,0,0,106.389508809,106.46037501,106.46037501,-4200.1944828
nature_economic_cost_robustness_v1,post_hoc_development_parameterized_sensitivity,real_2026_usd,independent_fresh_event_screening_bootstrap,proportional_reference_module_accounting_sensitivity_no_portfolio_diversification,reserved_headroom,4,0,0.95,50,0.2,39.6505452781,39.453125,200,0.05,0,0,0.5,12500,50,0.15,0,0,423.221191978,423.292058178,423.292058178,-16700.1944828
nature_economic_cost_robustness_v1,post_hoc_development_parameterized_sensitivity,real_2026_usd,independent_fresh_event_screening_bootstrap,proportional_reference_module_accounting_sensitivity_no_portfolio_diversification,reserved_headroom,4,0,0.95,50,0.2,39.6505452781,39.453125,200,0.05,0,0,1,25000,50,0.15,0,0,740.052875146,740.123741346,740.123741346,-29200.1944828
nature_economic_cost_robustness_v1,post_hoc_development_parameterized_sensitivity,real_2026_usd,independent_fresh_event_screening_bootstrap,proportional_reference_module_accounting_sensitivity_no_portfolio_diversification,reserved_headroom,4,0,0.95,50,0.2,39.6505452781,39.453125,200,0.05,0,0,2,50000,50,0.15,0,0,1373.71624148,1373.78710768,1373.78710768,-54200.1944828
nature_economic_cost_robustness_v1,post_hoc_development_parameterized_sensitivity,real_2026_usd,independent_fresh_event_screening_bootstrap,proportional_reference_module_accounting_sensitivity_no_portfolio_diversification,reserved_headroom,4,0,0.95,50,0.2,39.6505452781,39.453125,200,0.05,0.5,0.0025,0,0,50,0.15,0,61.8086807716,168.198189581,171.219976092,171.219976092,-6755.16311926
nature_economic_cost_robustness_v1,post_hoc_development_parameterized_sensitivity,real_2026_usd,independent_fresh_event_screening_bootstrap,proportional_reference_module_accounting_sensitivity_no_portfolio_diversification,reserved_headroom,4,0,0.95,50,0.2,39.6505452781,39.453125,200,0.05,0.5,0.0025,0.5,12500,50,0.15,0,61.8086807716,485.029872749,488.05165926,488.05165926,-19255.1631193
nature_economic_cost_robustness_v1,post_hoc_development_parameterized_sensitivity,real_2026_usd,independent_fresh_event_screening_bootstrap,proportional_reference_module_accounting_sensitivity_no_portfolio_diversification,reserved_headroom,4,0,0.95,50,0.2,39.6505452781,39.453125,200,0.05,0.5,0.0025,1,25000,50,0.15,0,61.8086807716,801.861555918,804.883342429,804.883342429,-31755.1631193
nature_economic_cost_robustness_v1,post_hoc_development_parameterized_sensitivity,real_2026_usd,independent_fresh_event_screening_bootstrap,proportional_reference_module_accounting_sensitivity_no_portfolio_diversification,reserved_headroom,4,0,0.95,50,0.2,39.6505452781,39.453125,200,0.05,0.5,0.0025,2,50000,50,0.15,0,61.8086807716,1435.52492225,1438.54670877,1438.54670877,-56755.1631193
nature_economic_cost_robustness_v1,post_hoc_development_parameterized_sensitivity,real_2026_usd,independent_fresh_event_screening_bootstrap,proportional_reference_module_accounting_sensitivity_no_portfolio_diversification,reserved_headroom,4,0,0.95,50,0.2,39.6505452781,39.453125,200,0.05,1,0.005,0,0,50,0.15,0,123.617361543,230.006870353,236.015333956,236.015333956,-9311.54247247
nature_economic_cost_robustness_v1,post_hoc_development_parameterized_sensitivity,real_2026_usd,independent_fresh_event_screening_bootstrap,proportional_reference_module_accounting_sensitivity_no_portfolio_diversification,reserved_headroom,4,0,0.95,50,0.2,39.6505452781,39.453125,200,0.05,1,0.005,0.5,12500,50,0.15,0,123.617361543,546.838553521,552.847017124,552.847017124,-21811.5424725
nature_economic_cost_robustness_v1,post_hoc_development_parameterized_sensitivity,real_2026_usd,independent_fresh_event_screening_bootstrap,proportional_reference_module_accounting_sensitivity_no_portfolio_diversification,reserved_headroom,4,0,0.95,50,0.2,39.6505452781,39.453125,200,0.05,1,0.005,1,25000,50,0.15,0,123.617361543,863.670236689,869.678700292,869.678700292,-34311.5424725
nature_economic_cost_robustness_v1,post_hoc_development_parameterized_sensitivity,real_2026_usd,independent_fresh_event_screening_bootstrap,proportional_reference_module_accounting_sensitivity_no_portfolio_diversification,reserved_headroom,4,0,0.95,50,0.2,39.6505452781,39.453125,200,0.05,1,0.005,2,50000,50,0.15,0,123.617361543,1497.33360303,1503.34206663,1503.34206663,-59311.5424725
nature_economic_cost_robustness_v1,post_hoc_development_parameterized_sensitivity,real_2026_usd,independent_fresh_event_screening_bootstrap,proportional_reference_module_accounting_sensitivity_no_portfolio_diversification,reserved_headroom,4,0,0.95,50,0.2,39.6505452781,39.453125,200,0.05,2,0.01,0,0,50,0.15,0,247.234723087,353.624231896,365.606049683,365.606049683,-14424.3011789
nature_economic_cost_robustness_v1,post_hoc_development_parameterized_sensitivity,real_2026_usd,independent_fresh_event_screening_bootstrap,proportional_reference_module_accounting_sensitivity_no_portfolio_diversification,reserved_headroom,4,0,0.95,50,0.2,39.6505452781,39.453125,200,0.05,2,0.01,0.5,12500,50,0.15,0,247.234723087,670.455915064,682.437732851,682.437732851,-26924.3011789
nature_economic_cost_robustness_v1,post_hoc_development_parameterized_sensitivity,real_2026_usd,independent_fresh_event_screening_bootstrap,proportional_reference_module_accounting_sensitivity_no_portfolio_diversification,reserved_headroom,4,0,0.95,50,0.2,39.6505452781,39.453125,200,0.05,2,0.01,1,25000,50,0.15,0,247.234723087,987.287598233,999.269416019,999.269416019,-39424.3011789
nature_economic_cost_robustness_v1,post_hoc_development_parameterized_sensitivity,real_2026_usd,independent_fresh_event_screening_bootstrap,proportional_reference_module_accounting_sensitivity_no_portfolio_diversification,reserved_headroom,4,0,0.95,50,0.2,39.6505452781,39.453125,200,0.05,2,0.01,2,50000,50,0.15,0,247.234723087,1620.95096457,1632.93278236,1632.93278236,-64424.3011789
nature_economic_cost_robustness_v1,post_hoc_development_parameterized_sensitivity,real_2026_usd,independent_fresh_event_screening_bootstrap,proportional_reference_module_accounting_sensitivity_no_portfolio_diversification,throughput_displacing,4,0,0.95,50,0.2,39.6505452781,39.453125,200,0.05,0,0,0,0,50,0,0.25,0,159.139938288,160.765644098,160.765644098,-6342.70705231
nature_economic_cost_robustness_v1,post_hoc_development_parameterized_sensitivity,real_2026_usd,independent_fresh_event_screening_bootstrap,proportional_reference_module_accounting_sensitivity_no_portfolio_diversification,throughput_displacing,4,0,0.95,50,0.2,39.6505452781,39.453125,200,0.05,0,0,0.5,12500,50,0,0.25,0,475.971621457,477.597327266,477.597327266,-18842.7070523
nature_economic_cost_robustness_v1,post_hoc_development_parameterized_sensitivity,real_2026_usd,independent_fresh_event_screening_bootstrap,proportional_reference_module_accounting_sensitivity_no_portfolio_diversification,throughput_displacing,4,0,0.95,50,0.2,39.6505452781,39.453125,200,0.05,0,0,1,25000,50,0,0.25,0,792.803304625,794.429010435,794.429010435,-31342.7070523
nature_economic_cost_robustness_v1,post_hoc_development_parameterized_sensitivity,real_2026_usd,independent_fresh_event_screening_bootstrap,proportional_reference_module_accounting_sensitivity_no_portfolio_diversification,throughput_displacing,4,0,0.95,50,0.2,39.6505452781,39.453125,200,0.05,0,0,2,50000,50,0,0.25,0,1426.46667096,1428.09237677,1428.09237677,-56342.7070523
nature_economic_cost_robustness_v1,post_hoc_development_parameterized_sensitivity,real_2026_usd,independent_fresh_event_screening_bootstrap,proportional_reference_module_accounting_sensitivity_no_portfolio_diversification,throughput_displacing,4,0,0.95,50,0.2,39.6505452781,39.453125,200,0.05,0.5,0.0025,0,0,50,0,0.25,61.8086807716,220.94861906,223.538320298,223.538320298,-8819.28529299
nature_economic_cost_robustness_v1,post_hoc_development_parameterized_sensitivity,real_2026_usd,independent_fresh_event_screening_bootstrap,proportional_reference_module_accounting_sensitivity_no_portfolio_diversification,throughput_displacing,4,0,0.95,50,0.2,39.6505452781,39.453125,200,0.05,0.5,0.0025,0.5,12500,50,0,0.25,61.8086807716,537.780302228,540.370003466,540.370003466,-21319.285293
nature_economic_cost_robustness_v1,post_hoc_development_parameterized_sensitivity,real_2026_usd,independent_fresh_event_screening_bootstrap,proportional_reference_module_accounting_sensitivity_no_portfolio_diversification,throughput_displacing,4,0,0.95,50,0.2,39.6505452781,39.453125,200,0.05,0.5,0.0025,1,25000,50,0,0.25,61.8086807716,854.611985397,857.201686634,857.201686634,-33819.285293
nature_economic_cost_robustness_v1,post_hoc_development_parameterized_sensitivity,real_2026_usd,independent_fresh_event_screening_bootstrap,proportional_reference_module_accounting_sensitivity_no_portfolio_diversification,throughput_displacing,4,0,0.95,50,0.2,39.6505452781,39.453125,200,0.05,0.5,0.0025,2,50000,50,0,0.25,61.8086807716,1488.27535173,1490.86505297,1490.86505297,-58819.285293
nature_economic_cost_robustness_v1,post_hoc_development_parameterized_sensitivity,real_2026_usd,independent_fresh_event_screening_bootstrap,proportional_reference_module_accounting_sensitivity_no_portfolio_diversification,throughput_displacing,4,0,0.95,50,0.2,39.6505452781,39.453125,200,0.05,1,0.005,0,0,50,0,0.25,123.617361543,282.757299832,288.261280435,288.261280435,-11372.8083297
nature_economic_cost_robustness_v1,post_hoc_development_parameterized_sensitivity,real_2026_usd,independent_fresh_event_screening_bootstrap,proportional_reference_module_accounting_sensitivity_no_portfolio_diversification,throughput_displacing,4,0,0.95,50,0.2,39.6505452781,39.453125,200,0.05,1,0.005,0.5,12500,50,0,0.25,123.617361543,599.588983,605.092963603,605.092963603,-23872.8083297
nature_economic_cost_robustness_v1,post_hoc_development_parameterized_sensitivity,real_2026_usd,independent_fresh_event_screening_bootstrap,proportional_reference_module_accounting_sensitivity_no_portfolio_diversification,throughput_displacing,4,0,0.95,50,0.2,39.6505452781,39.453125,200,0.05,1,0.005,1,25000,50,0,0.25,123.617361543,916.420666168,921.924646771,921.924646771,-36372.8083297
nature_economic_cost_robustness_v1,post_hoc_development_parameterized_sensitivity,real_2026_usd,independent_fresh_event_screening_bootstrap,proportional_reference_module_accounting_sensitivity_no_portfolio_diversification,throughput_displacing,4,0,0.95,50,0.2,39.6505452781,39.453125,200,0.05,1,0.005,2,50000,50,0,0.25,123.617361543,1550.08403251,1555.58801311,1555.58801311,-61372.8083297
nature_economic_cost_robustness_v1,post_hoc_development_parameterized_sensitivity,real_2026_usd,independent_fresh_event_screening_bootstrap,proportional_reference_module_accounting_sensitivity_no_portfolio_diversification,throughput_displacing,4,0,0.95,50,0.2,39.6505452781,39.453125,200,0.05,2,0.01,0,0,50,0,0.25,247.234723087,406.374661375,417.821205006,417.821205006,-16484.3522288
nature_economic_cost_robustness_v1,post_hoc_development_parameterized_sensitivity,real_2026_usd,independent_fresh_event_screening_bootstrap,proportional_reference_module_accounting_sensitivity_no_portfolio_diversification,throughput_displacing,4,0,0.95,50,0.2,39.6505452781,39.453125,200,0.05,2,0.01,0.5,12500,50,0,0.25,247.234723087,723.206344543,734.652888174,734.652888174,-28984.3522288
nature_economic_cost_robustness_v1,post_hoc_development_parameterized_sensitivity,real_2026_usd,independent_fresh_event_screening_bootstrap,proportional_reference_module_accounting_sensitivity_no_portfolio_diversification,throughput_displacing,4,0,0.95,50,0.2,39.6505452781,39.453125,200,0.05,2,0.01,1,25000,50,0,0.25,247.234723087,1040.03802771,1051.48457134,1051.48457134,-41484.3522288
nature_economic_cost_robustness_v1,post_hoc_development_parameterized_sensitivity,real_2026_usd,independent_fresh_event_screening_bootstrap,proportional_reference_module_accounting_sensitivity_no_portfolio_diversification,throughput_displacing,4,0,0.95,50,0.2,39.6505452781,39.453125,200,0.05,2,0.01,2,50000,50,0,0.25,247.234723087,1673.70139405,1685.14793768,1685.14793768,-66484.3522288
nature_economic_cost_robustness_v1,post_hoc_development_parameterized_sensitivity,real_2026_usd,independent_fresh_event_screening_bootstrap,proportional_reference_module_accounting_sensitivity_no_portfolio_diversification,slack_backed,4,0,0.95,50,1,39.6505452781,197.265625,200,0.05,0,0,0,0,50,0,0,0,0,0,-9.68789649371,1911.08895677
nature_economic_cost_robustness_v1,post_hoc_development_parameterized_sensitivity,real_2026_usd,independent_fresh_event_screening_bootstrap,proportional_reference_module_accounting_sensitivity_no_portfolio_diversification,slack_backed,4,0,0.95,50,1,39.6505452781,197.265625,200,0.05,0,0,0.5,12500,50,0,0,0,53.6075739398,53.67844014,53.67844014,-10588.9110432
nature_economic_cost_robustness_v1,post_hoc_development_parameterized_sensitivity,real_2026_usd,independent_fresh_event_screening_bootstrap,proportional_reference_module_accounting_sensitivity_no_portfolio_diversification,slack_backed,4,0,0.95,50,1,39.6505452781,197.265625,200,0.05,0,0,1,25000,50,0,0,0,116.973910573,117.044776774,117.044776774,-23088.9110432
nature_economic_cost_robustness_v1,post_hoc_development_parameterized_sensitivity,real_2026_usd,independent_fresh_event_screening_bootstrap,proportional_reference_module_accounting_sensitivity_no_portfolio_diversification,slack_backed,4,0,0.95,50,1,39.6505452781,197.265625,200,0.05,0,0,2,50000,50,0,0,0,243.706583841,243.777450041,243.777450041,-48088.9110432
nature_economic_cost_robustness_v1,post_hoc_development_parameterized_sensitivity,real_2026_usd,independent_fresh_event_screening_bootstrap,proportional_reference_module_accounting_sensitivity_no_portfolio_diversification,slack_backed,4,0,0.95,50,1,39.6505452781,197.265625,200,0.05,0.5,0.0025,0,0,50,0,0,61.8086807716,52.0499180778,55.0717045889,55.0717045889,-10863.7542255
nature_economic_cost_robustness_v1,post_hoc_development_parameterized_sensitivity,real_2026_usd,independent_fresh_event_screening_bootstrap,proportional_reference_module_accounting_sensitivity_no_portfolio_diversification,slack_backed,4,0,0.95,50,1,39.6505452781,197.265625,200,0.05,0.5,0.0025,0.5,12500,50,0,0,61.8086807716,115.416254711,118.438041223,118.438041223,-23363.7542255
nature_economic_cost_robustness_v1,post_hoc_development_parameterized_sensitivity,real_2026_usd,independent_fresh_event_screening_bootstrap,proportional_reference_module_accounting_sensitivity_no_portfolio_diversification,slack_backed,4,0,0.95,50,1,39.6505452781,197.265625,200,0.05,0.5,0.0025,1,25000,50,0,0,61.8086807716,178.782591345,181.804377856,181.804377856,-35863.7542255
nature_economic_cost_robustness_v1,post_hoc_development_parameterized_sensitivity,real_2026_usd,independent_fresh_event_screening_bootstrap,proportional_reference_module_accounting_sensitivity_no_portfolio_diversification,slack_backed,4,0,0.95,50,1,39.6505452781,197.265625,200,0.05,0.5,0.0025,2,50000,50,0,0,61.8086807716,305.515264612,308.537051124,308.537051124,-60863.7542255
nature_economic_cost_robustness_v1,post_hoc_development_parameterized_sensitivity,real_2026_usd,independent_fresh_event_screening_bootstrap,proportional_reference_module_accounting_sensitivity_no_portfolio_diversification,slack_backed,4,0,0.95,50,1,39.6505452781,197.265625,200,0.05,1,0.005,0,0,50,0,0,123.617361543,113.858598849,119.867062452,119.867062452,-23645.6509916
nature_economic_cost_robustness_v1,post_hoc_development_parameterized_sensitivity,real_2026_usd,independent_fresh_event_screening_bootstrap,proportional_reference_module_accounting_sensitivity_no_portfolio_diversification,slack_backed,4,0,0.95,50,1,39.6505452781,197.265625,200,0.05,1,0.005,0.5,12500,50,0,0,123.617361543,177.224935483,183.233399086,183.233399086,-36145.6509916
nature_economic_cost_robustness_v1,post_hoc_development_parameterized_sensitivity,real_2026_usd,independent_fresh_event_screening_bootstrap,proportional_reference_module_accounting_sensitivity_no_portfolio_diversification,slack_backed,4,0,0.95,50,1,39.6505452781,197.265625,200,0.05,1,0.005,1,25000,50,0,0,123.617361543,240.591272117,246.59973572,246.59973572,-48645.6509916
nature_economic_cost_robustness_v1,post_hoc_development_parameterized_sensitivity,real_2026_usd,independent_fresh_event_screening_bootstrap,proportional_reference_module_accounting_sensitivity_no_portfolio_diversification,slack_backed,4,0,0.95,50,1,39.6505452781,197.265625,200,0.05,1,0.005,2,50000,50,0,0,123.617361543,367.323945384,373.332408987,373.332408987,-73645.6509916
nature_economic_cost_robustness_v1,post_hoc_development_parameterized_sensitivity,real_2026_usd,independent_fresh_event_screening_bootstrap,proportional_reference_module_accounting_sensitivity_no_portfolio_diversification,slack_backed,4,0,0.95,50,1,39.6505452781,197.265625,200,0.05,2,0.01,0,0,50,0,0,247.234723087,237.475960393,249.457778179,249.457778179,-49209.4445237
nature_economic_cost_robustness_v1,post_hoc_development_parameterized_sensitivity,real_2026_usd,independent_fresh_event_screening_bootstrap,proportional_reference_module_accounting_sensitivity_no_portfolio_diversification,slack_backed,4,0,0.95,50,1,39.6505452781,197.265625,200,0.05,2,0.01,0.5,12500,50,0,0,247.234723087,300.842297026,312.824114813,312.824114813,-61709.4445237
nature_economic_cost_robustness_v1,post_hoc_development_parameterized_sensitivity,real_2026_usd,independent_fresh_event_screening_bootstrap,proportional_reference_module_accounting_sensitivity_no_portfolio_diversification,slack_backed,4,0,0.95,50,1,39.6505452781,197.265625,200,0.05,2,0.01,1,25000,50,0,0,247.234723087,364.20863366,376.190451447,376.190451447,-74209.4445237
nature_economic_cost_robustness_v1,post_hoc_development_parameterized_sensitivity,real_2026_usd,independent_fresh_event_screening_bootstrap,proportional_reference_module_accounting_sensitivity_no_portfolio_diversification,slack_backed,4,0,0.95,50,1,39.6505452781,197.265625,200,0.05,2,0.01,2,50000,50,0,0,247.234723087,490.941306927,502.923124714,502.923124714,-99209.4445237
nature_economic_cost_robustness_v1,post_hoc_development_parameterized_sensitivity,real_2026_usd,independent_fresh_event_screening_bootstrap,proportional_reference_module_accounting_sensitivity_no_portfolio_diversification,reserved_headroom,4,0,0.95,50,1,39.6505452781,197.265625,200,0.05,0,0,0,0,50,0.15,0,0,106.389508809,106.46037501,106.46037501,-21000.972414
nature_economic_cost_robustness_v1,post_hoc_development_parameterized_sensitivity,real_2026_usd,independent_fresh_event_screening_bootstrap,proportional_reference_module_accounting_sensitivity_no_portfolio_diversification,reserved_headroom,4,0,0.95,50,1,39.6505452781,197.265625,200,0.05,0,0,0.5,12500,50,0.15,0,0,169.755845443,169.826711643,169.826711643,-33500.972414
nature_economic_cost_robustness_v1,post_hoc_development_parameterized_sensitivity,real_2026_usd,independent_fresh_event_screening_bootstrap,proportional_reference_module_accounting_sensitivity_no_portfolio_diversification,reserved_headroom,4,0,0.95,50,1,39.6505452781,197.265625,200,0.05,0,0,1,25000,50,0.15,0,0,233.122182077,233.193048277,233.193048277,-46000.972414
nature_economic_cost_robustness_v1,post_hoc_development_parameterized_sensitivity,real_2026_usd,independent_fresh_event_screening_bootstrap,proportional_reference_module_accounting_sensitivity_no_portfolio_diversification,reserved_headroom,4,0,0.95,50,1,39.6505452781,197.265625,200,0.05,0,0,2,50000,50,0.15,0,0,359.854855344,359.925721544,359.925721544,-71000.972414
nature_economic_cost_robustness_v1,post_hoc_development_parameterized_sensitivity,real_2026_usd,independent_fresh_event_screening_bootstrap,proportional_reference_module_accounting_sensitivity_no_portfolio_diversification,reserved_headroom,4,0,0.95,50,1,39.6505452781,197.265625,200,0.05,0.5,0.0025,0,0,50,0.15,0,61.8086807716,168.198189581,171.219976092,171.219976092,-33775.8155963
nature_economic_cost_robustness_v1,post_hoc_development_parameterized_sensitivity,real_2026_usd,independent_fresh_event_screening_bootstrap,proportional_reference_module_accounting_sensitivity_no_portfolio_diversification,reserved_headroom,4,0,0.95,50,1,39.6505452781,197.265625,200,0.05,0.5,0.0025,0.5,12500,50,0.15,0,61.8086807716,231.564526215,234.586312726,234.586312726,-46275.8155963
nature_economic_cost_robustness_v1,post_hoc_development_parameterized_sensitivity,real_2026_usd,independent_fresh_event_screening_bootstrap,proportional_reference_module_accounting_sensitivity_no_portfolio_diversification,reserved_headroom,4,0,0.95,50,1,39.6505452781,197.265625,200,0.05,0.5,0.0025,1,25000,50,0.15,0,61.8086807716,294.930862848,297.952649359,297.952649359,-58775.8155963
nature_economic_cost_robustness_v1,post_hoc_development_parameterized_sensitivity,real_2026_usd,independent_fresh_event_screening_bootstrap,proportional_reference_module_accounting_sensitivity_no_portfolio_diversification,reserved_headroom,4,0,0.95,50,1,39.6505452781,197.265625,200,0.05,0.5,0.0025,2,50000,50,0.15,0,61.8086807716,421.663536116,424.685322627,424.685322627,-83775.8155963
nature_economic_cost_robustness_v1,post_hoc_development_parameterized_sensitivity,real_2026_usd,independent_fresh_event_screening_bootstrap,proportional_reference_module_accounting_sensitivity_no_portfolio_diversification,reserved_headroom,4,0,0.95,50,1,39.6505452781,197.265625,200,0.05,1,0.005,0,0,50,0.15,0,123.617361543,230.006870353,236.015333956,236.015333956,-46557.7123623
nature_economic_cost_robustness_v1,post_hoc_development_parameterized_sensitivity,real_2026_usd,independent_fresh_event_screening_bootstrap,proportional_reference_module_accounting_sensitivity_no_portfolio_diversification,reserved_headroom,4,0,0.95,50,1,39.6505452781,197.265625,200,0.05,1,0.005,0.5,12500,50,0.15,0,123.617361543,293.373206986,299.381670589,299.381670589,-59057.7123623
nature_economic_cost_robustness_v1,post_hoc_development_parameterized_sensitivity,real_2026_usd,independent_fresh_event_screening_bootstrap,proportional_reference_module_accounting_sensitivity_no_portfolio_diversification,reserved_headroom,4,0,0.95,50,1,39.6505452781,197.265625,200,0.05,1,0.005,1,25000,50,0.15,0,123.617361543,356.73954362,362.748007223,362.748007223,-71557.7123623
nature_economic_cost_robustness_v1,post_hoc_development_parameterized_sensitivity,real_2026_usd,independent_fresh_event_screening_bootstrap,proportional_reference_module_accounting_sensitivity_no_portfolio_diversification,reserved_headroom,4,0,0.95,50,1,39.6505452781,197.265625,200,0.05,1,0.005,2,50000,50,0.15,0,123.617361543,483.472216887,489.48068049,489.48068049,-96557.7123623
nature_economic_cost_robustness_v1,post_hoc_development_parameterized_sensitivity,real_2026_usd,independent_fresh_event_screening_bootstrap,proportional_reference_module_accounting_sensitivity_no_portfolio_diversification,reserved_headroom,4,0,0.95,50,1,39.6505452781,197.265625,200,0.05,2,0.01,0,0,50,0.15,0,247.234723087,353.624231896,365.606049683,365.606049683,-72121.5058944
nature_economic_cost_robustness_v1,post_hoc_development_parameterized_sensitivity,real_2026_usd,independent_fresh_event_screening_bootstrap,proportional_reference_module_accounting_sensitivity_no_portfolio_diversification,reserved_headroom,4,0,0.95,50,1,39.6505452781,197.265625,200,0.05,2,0.01,0.5,12500,50,0.15,0,247.234723087,416.99056853,428.972386316,428.972386316,-84621.5058944
nature_economic_cost_robustness_v1,post_hoc_development_parameterized_sensitivity,real_2026_usd,independent_fresh_event_screening_bootstrap,proportional_reference_module_accounting_sensitivity_no_portfolio_diversification,reserved_headroom,4,0,0.95,50,1,39.6505452781,197.265625,200,0.05,2,0.01,1,25000,50,0.15,0,247.234723087,480.356905163,492.33872295,492.33872295,-97121.5058944
nature_economic_cost_robustness_v1,post_hoc_development_parameterized_sensitivity,real_2026_usd,independent_fresh_event_screening_bootstrap,proportional_reference_module_accounting_sensitivity_no_portfolio_diversification,reserved_headroom,4,0,0.95,50,1,39.6505452781,197.265625,200,0.05,2,0.01,2,50000,50,0.15,0,247.234723087,607.089578431,619.071396217,619.071396217,-122121.505894
nature_economic_cost_robustness_v1,post_hoc_development_parameterized_sensitivity,real_2026_usd,independent_fresh_event_screening_bootstrap,proportional_reference_module_accounting_sensitivity_no_portfolio_diversification,throughput_displacing,4,0,0.95,50,1,39.6505452781,197.265625,200,0.05,0,0,0,0,50,0,0.25,0,159.139938288,160.765644098,160.765644098,-31713.5352616
nature_economic_cost_robustness_v1,post_hoc_development_parameterized_sensitivity,real_2026_usd,independent_fresh_event_screening_bootstrap,proportional_reference_module_accounting_sensitivity_no_portfolio_diversification,throughput_displacing,4,0,0.95,50,1,39.6505452781,197.265625,200,0.05,0,0,0.5,12500,50,0,0.25,0,222.506274922,224.131980732,224.131980732,-44213.5352616
nature_economic_cost_robustness_v1,post_hoc_development_parameterized_sensitivity,real_2026_usd,independent_fresh_event_screening_bootstrap,proportional_reference_module_accounting_sensitivity_no_portfolio_diversification,throughput_displacing,4,0,0.95,50,1,39.6505452781,197.265625,200,0.05,0,0,1,25000,50,0,0.25,0,285.872611556,287.498317366,287.498317366,-56713.5352616
nature_economic_cost_robustness_v1,post_hoc_development_parameterized_sensitivity,real_2026_usd,independent_fresh_event_screening_bootstrap,proportional_reference_module_accounting_sensitivity_no_portfolio_diversification,throughput_displacing,4,0,0.95,50,1,39.6505452781,197.265625,200,0.05,0,0,2,50000,50,0,0.25,0,412.605284823,414.230990633,414.230990633,-81713.5352616
nature_economic_cost_robustness_v1,post_hoc_development_parameterized_sensitivity,real_2026_usd,independent_fresh_event_screening_bootstrap,proportional_reference_module_accounting_sensitivity_no_portfolio_diversification,throughput_displacing,4,0,0.95,50,1,39.6505452781,197.265625,200,0.05,0.5,0.0025,0,0,50,0,0.25,61.8086807716,220.94861906,223.538320298,223.538320298,-44096.426465
nature_economic_cost_robustness_v1,post_hoc_development_parameterized_sensitivity,real_2026_usd,independent_fresh_event_screening_bootstrap,proportional_reference_module_accounting_sensitivity_no_portfolio_diversification,throughput_displacing,4,0,0.95,50,1,39.6505452781,197.265625,200,0.05,0.5,0.0025,0.5,12500,50,0,0.25,61.8086807716,284.314955694,286.904656931,286.904656931,-56596.426465
nature_economic_cost_robustness_v1,post_hoc_development_parameterized_sensitivity,real_2026_usd,independent_fresh_event_screening_bootstrap,proportional_reference_module_accounting_sensitivity_no_portfolio_diversification,throughput_displacing,4,0,0.95,50,1,39.6505452781,197.265625,200,0.05,0.5,0.0025,1,25000,50,0,0.25,61.8086807716,347.681292327,350.270993565,350.270993565,-69096.426465
nature_economic_cost_robustness_v1,post_hoc_development_parameterized_sensitivity,real_2026_usd,independent_fresh_event_screening_bootstrap,proportional_reference_module_accounting_sensitivity_no_portfolio_diversification,throughput_displacing,4,0,0.95,50,1,39.6505452781,197.265625,200,0.05,0.5,0.0025,2,50000,50,0,0.25,61.8086807716,474.413965595,477.003666832,477.003666832,-94096.426465
nature_economic_cost_robustness_v1,post_hoc_development_parameterized_sensitivity,real_2026_usd,independent_fresh_event_screening_bootstrap,proportional_reference_module_accounting_sensitivity_no_portfolio_diversification,throughput_displacing,4,0,0.95,50,1,39.6505452781,197.265625,200,0.05,1,0.005,0,0,50,0,0.25,123.617361543,282.757299832,288.261280435,288.261280435,-56864.0416483
nature_economic_cost_robustness_v1,post_hoc_development_parameterized_sensitivity,real_2026_usd,independent_fresh_event_screening_bootstrap,proportional_reference_module_accounting_sensitivity_no_portfolio_diversification,throughput_displacing,4,0,0.95,50,1,39.6505452781,197.265625,200,0.05,1,0.005,0.5,12500,50,0,0.25,123.617361543,346.123636465,351.627617068,351.627617068,-69364.0416483
nature_economic_cost_robustness_v1,post_hoc_development_parameterized_sensitivity,real_2026_usd,independent_fresh_event_screening_bootstrap,proportional_reference_module_accounting_sensitivity_no_portfolio_diversification,throughput_displacing,4,0,0.95,50,1,39.6505452781,197.265625,200,0.05,1,0.005,1,25000,50,0,0.25,123.617361543,409.489973099,414.993953702,414.993953702,-81864.0416483
nature_economic_cost_robustness_v1,post_hoc_development_parameterized_sensitivity,real_2026_usd,independent_fresh_event_screening_bootstrap,proportional_reference_module_accounting_sensitivity_no_portfolio_diversification,throughput_displacing,4,0,0.95,50,1,39.6505452781,197.265625,200,0.05,1,0.005,2,50000,50,0,0.25,123.617361543,536.222646366,541.726626969,541.726626969,-106864.041648
nature_economic_cost_robustness_v1,post_hoc_development_parameterized_sensitivity,real_2026_usd,independent_fresh_event_screening_bootstrap,proportional_reference_module_accounting_sensitivity_no_portfolio_diversification,throughput_displacing,4,0,0.95,50,1,39.6505452781,197.265625,200,0.05,2,0.01,0,0,50,0,0.25,247.234723087,406.374661375,417.821205006,417.821205006,-82421.7611438
nature_economic_cost_robustness_v1,post_hoc_development_parameterized_sensitivity,real_2026_usd,independent_fresh_event_screening_bootstrap,proportional_reference_module_accounting_sensitivity_no_portfolio_diversification,throughput_displacing,4,0,0.95,50,1,39.6505452781,197.265625,200,0.05,2,0.01,0.5,12500,50,0,0.25,247.234723087,469.740998009,481.18754164,481.18754164,-94921.7611438
nature_economic_cost_robustness_v1,post_hoc_development_parameterized_sensitivity,real_2026_usd,independent_fresh_event_screening_bootstrap,proportional_reference_module_accounting_sensitivity_no_portfolio_diversification,throughput_displacing,4,0,0.95,50,1,39.6505452781,197.265625,200,0.05,2,0.01,1,25000,50,0,0.25,247.234723087,533.107334642,544.553878273,544.553878273,-107421.761144
nature_economic_cost_robustness_v1,post_hoc_development_parameterized_sensitivity,real_2026_usd,independent_fresh_event_screening_bootstrap,proportional_reference_module_accounting_sensitivity_no_portfolio_diversification,throughput_displacing,4,0,0.95,50,1,39.6505452781,197.265625,200,0.05,2,0.01,2,50000,50,0,0.25,247.234723087,659.84000791,671.286551541,671.286551541,-132421.761144
nature_economic_cost_robustness_v1,post_hoc_development_parameterized_sensitivity,real_2026_usd,independent_fresh_event_screening_bootstrap,proportional_reference_module_accounting_sensitivity_no_portfolio_diversification,slack_backed,4,0,0.95,50,5,39.6505452781,986.328125,200,0.05,0,0,0,0,50,0,0,0,0,0,-9.68789649371,9555.44478383
nature_economic_cost_robustness_v1,post_hoc_development_parameterized_sensitivity,real_2026_usd,independent_fresh_event_screening_bootstrap,proportional_reference_module_accounting_sensitivity_no_portfolio_diversification,slack_backed,4,0,0.95,50,5,39.6505452781,986.328125,200,0.05,0,0,0.5,12500,50,0,0,0,2.91450463287,2.98537083302,2.98537083302,-2944.55521617
nature_economic_cost_robustness_v1,post_hoc_development_parameterized_sensitivity,real_2026_usd,independent_fresh_event_screening_bootstrap,proportional_reference_module_accounting_sensitivity_no_portfolio_diversification,slack_backed,4,0,0.95,50,5,39.6505452781,986.328125,200,0.05,0,0,1,25000,50,0,0,0,15.5877719596,15.6586381598,15.6586381598,-15444.5552162
nature_economic_cost_robustness_v1,post_hoc_development_parameterized_sensitivity,real_2026_usd,independent_fresh_event_screening_bootstrap,proportional_reference_module_accounting_sensitivity_no_portfolio_diversification,slack_backed,4,0,0.95,50,5,39.6505452781,986.328125,200,0.05,0,0,2,50000,50,0,0,0,40.9343066131,41.0051728132,41.0051728132,-40444.5552162
nature_economic_cost_robustness_v1,post_hoc_development_parameterized_sensitivity,real_2026_usd,independent_fresh_event_screening_bootstrap,proportional_reference_module_accounting_sensitivity_no_portfolio_diversification,slack_backed,4,0,0.95,50,5,39.6505452781,986.328125,200,0.05,0.5,0.0025,0,0,50,0,0,61.8086807716,52.0499180778,55.0717045889,55.0717045889,-54318.7711277
nature_economic_cost_robustness_v1,post_hoc_development_parameterized_sensitivity,real_2026_usd,independent_fresh_event_screening_bootstrap,proportional_reference_module_accounting_sensitivity_no_portfolio_diversification,slack_backed,4,0,0.95,50,5,39.6505452781,986.328125,200,0.05,0.5,0.0025,0.5,12500,50,0,0,61.8086807716,64.7231854045,67.7449719156,67.7449719156,-66818.7711277
nature_economic_cost_robustness_v1,post_hoc_development_parameterized_sensitivity,real_2026_usd,independent_fresh_event_screening_bootstrap,proportional_reference_module_accounting_sensitivity_no_portfolio_diversification,slack_backed,4,0,0.95,50,5,39.6505452781,986.328125,200,0.05,0.5,0.0025,1,25000,50,0,0,61.8086807716,77.3964527312,80.4182392423,80.4182392423,-79318.7711277
nature_economic_cost_robustness_v1,post_hoc_development_parameterized_sensitivity,real_2026_usd,independent_fresh_event_screening_bootstrap,proportional_reference_module_accounting_sensitivity_no_portfolio_diversification,slack_backed,4,0,0.95,50,5,39.6505452781,986.328125,200,0.05,0.5,0.0025,2,50000,50,0,0,61.8086807716,102.742987385,105.764773896,105.764773896,-104318.771128
nature_economic_cost_robustness_v1,post_hoc_development_parameterized_sensitivity,real_2026_usd,independent_fresh_event_screening_bootstrap,proportional_reference_module_accounting_sensitivity_no_portfolio_diversification,slack_backed,4,0,0.95,50,5,39.6505452781,986.328125,200,0.05,1,0.005,0,0,50,0,0,123.617361543,113.858598849,119.867062452,119.867062452,-118228.254958
nature_economic_cost_robustness_v1,post_hoc_development_parameterized_sensitivity,real_2026_usd,independent_fresh_event_screening_bootstrap,proportional_reference_module_accounting_sensitivity_no_portfolio_diversification,slack_backed,4,0,0.95,50,5,39.6505452781,986.328125,200,0.05,1,0.005,0.5,12500,50,0,0,123.617361543,126.531866176,132.540329779,132.540329779,-130728.254958
nature_economic_cost_robustness_v1,post_hoc_development_parameterized_sensitivity,real_2026_usd,independent_fresh_event_screening_bootstrap,proportional_reference_module_accounting_sensitivity_no_portfolio_diversification,slack_backed,4,0,0.95,50,5,39.6505452781,986.328125,200,0.05,1,0.005,1,25000,50,0,0,123.617361543,139.205133503,145.213597106,145.213597106,-143228.254958
nature_economic_cost_robustness_v1,post_hoc_development_parameterized_sensitivity,real_2026_usd,independent_fresh_event_screening_bootstrap,proportional_reference_module_accounting_sensitivity_no_portfolio_diversification,slack_backed,4,0,0.95,50,5,39.6505452781,986.328125,200,0.05,1,0.005,2,50000,50,0,0,123.617361543,164.551668156,170.560131759,170.560131759,-168228.254958
nature_economic_cost_robustness_v1,post_hoc_development_parameterized_sensitivity,real_2026_usd,independent_fresh_event_screening_bootstrap,proportional_reference_module_accounting_sensitivity_no_portfolio_diversification,slack_backed,4,0,0.95,50,5,39.6505452781,986.328125,200,0.05,2,0.01,0,0,50,0,0,247.234723087,237.475960393,249.457778179,249.457778179,-246047.222618
nature_economic_cost_robustness_v1,post_hoc_development_parameterized_sensitivity,real_2026_usd,independent_fresh_event_screening_bootstrap,proportional_reference_module_accounting_sensitivity_no_portfolio_diversification,slack_backed,4,0,0.95,50,5,39.6505452781,986.328125,200,0.05,2,0.01,0.5,12500,50,0,0,247.234723087,250.149227719,262.131045506,262.131045506,-258547.222618
nature_economic_cost_robustness_v1,post_hoc_development_parameterized_sensitivity,real_2026_usd,independent_fresh_event_screening_bootstrap,proportional_reference_module_accounting_sensitivity_no_portfolio_diversification,slack_backed,4,0,0.95,50,5,39.6505452781,986.328125,200,0.05,2,0.01,1,25000,50,0,0,247.234723087,262.822495046,274.804312833,274.804312833,-271047.222618
nature_economic_cost_robustness_v1,post_hoc_development_parameterized_sensitivity,real_2026_usd,independent_fresh_event_screening_bootstrap,proportional_reference_module_accounting_sensitivity_no_portfolio_diversification,slack_backed,4,0,0.95,50,5,39.6505452781,986.328125,200,0.05,2,0.01,2,50000,50,0,0,247.234723087,288.1690297,300.150847486,300.150847486,-296047.222618
nature_economic_cost_robustness_v1,post_hoc_development_parameterized_sensitivity,real_2026_usd,independent_fresh_event_screening_bootstrap,proportional_reference_module_accounting_sensitivity_no_portfolio_diversification,reserved_headroom,4,0,0.95,50,5,39.6505452781,986.328125,200,0.05,0,0,0,0,50,0.15,0,0,106.389508809,106.46037501,106.46037501,-105004.86207
nature_economic_cost_robustness_v1,post_hoc_development_parameterized_sensitivity,real_2026_usd,independent_fresh_event_screening_bootstrap,proportional_reference_module_accounting_sensitivity_no_portfolio_diversification,reserved_headroom,4,0,0.95,50,5,39.6505452781,986.328125,200,0.05,0,0,0.5,12500,50,0.15,0,0,119.062776136,119.133642336,119.133642336,-117504.86207
nature_economic_cost_robustness_v1,post_hoc_development_parameterized_sensitivity,real_2026_usd,independent_fresh_event_screening_bootstrap,proportional_reference_module_accounting_sensitivity_no_portfolio_diversification,reserved_headroom,4,0,0.95,50,5,39.6505452781,986.328125,200,0.05,0,0,1,25000,50,0.15,0,0,131.736043463,131.806909663,131.806909663,-130004.86207
nature_economic_cost_robustness_v1,post_hoc_development_parameterized_sensitivity,real_2026_usd,independent_fresh_event_screening_bootstrap,proportional_reference_module_accounting_sensitivity_no_portfolio_diversification,reserved_headroom,4,0,0.95,50,5,39.6505452781,986.328125,200,0.05,0,0,2,50000,50,0.15,0,0,157.082578116,157.153444316,157.153444316,-155004.86207
nature_economic_cost_robustness_v1,post_hoc_development_parameterized_sensitivity,real_2026_usd,independent_fresh_event_screening_bootstrap,proportional_reference_module_accounting_sensitivity_no_portfolio_diversification,reserved_headroom,4,0,0.95,50,5,39.6505452781,986.328125,200,0.05,0.5,0.0025,0,0,50,0.15,0,61.8086807716,168.198189581,171.219976092,171.219976092,-168879.077981
nature_economic_cost_robustness_v1,post_hoc_development_parameterized_sensitivity,real_2026_usd,independent_fresh_event_screening_bootstrap,proportional_reference_module_accounting_sensitivity_no_portfolio_diversification,reserved_headroom,4,0,0.95,50,5,39.6505452781,986.328125,200,0.05,0.5,0.0025,0.5,12500,50,0.15,0,61.8086807716,180.871456908,183.893243419,183.893243419,-181379.077981
nature_economic_cost_robustness_v1,post_hoc_development_parameterized_sensitivity,real_2026_usd,independent_fresh_event_screening_bootstrap,proportional_reference_module_accounting_sensitivity_no_portfolio_diversification,reserved_headroom,4,0,0.95,50,5,39.6505452781,986.328125,200,0.05,0.5,0.0025,1,25000,50,0.15,0,61.8086807716,193.544724234,196.566510746,196.566510746,-193879.077981
nature_economic_cost_robustness_v1,post_hoc_development_parameterized_sensitivity,real_2026_usd,independent_fresh_event_screening_bootstrap,proportional_reference_module_accounting_sensitivity_no_portfolio_diversification,reserved_headroom,4,0,0.95,50,5,39.6505452781,986.328125,200,0.05,0.5,0.0025,2,50000,50,0.15,0,61.8086807716,218.891258888,221.913045399,221.913045399,-218879.077981
nature_economic_cost_robustness_v1,post_hoc_development_parameterized_sensitivity,real_2026_usd,independent_fresh_event_screening_bootstrap,proportional_reference_module_accounting_sensitivity_no_portfolio_diversification,reserved_headroom,4,0,0.95,50,5,39.6505452781,986.328125,200,0.05,1,0.005,0,0,50,0.15,0,123.617361543,230.006870353,236.015333956,236.015333956,-232788.561812
nature_economic_cost_robustness_v1,post_hoc_development_parameterized_sensitivity,real_2026_usd,independent_fresh_event_screening_bootstrap,proportional_reference_module_accounting_sensitivity_no_portfolio_diversification,reserved_headroom,4,0,0.95,50,5,39.6505452781,986.328125,200,0.05,1,0.005,0.5,12500,50,0.15,0,123.617361543,242.680137679,248.688601282,248.688601282,-245288.561812
nature_economic_cost_robustness_v1,post_hoc_development_parameterized_sensitivity,real_2026_usd,independent_fresh_event_screening_bootstrap,proportional_reference_module_accounting_sensitivity_no_portfolio_diversification,reserved_headroom,4,0,0.95,50,5,39.6505452781,986.328125,200,0.05,1,0.005,1,25000,50,0.15,0,123.617361543,255.353405006,261.361868609,261.361868609,-257788.561812
nature_economic_cost_robustness_v1,post_hoc_development_parameterized_sensitivity,real_2026_usd,independent_fresh_event_screening_bootstrap,proportional_reference_module_accounting_sensitivity_no_portfolio_diversification,reserved_headroom,4,0,0.95,50,5,39.6505452781,986.328125,200,0.05,1,0.005,2,50000,50,0.15,0,123.617361543,280.69993966,286.708403263,286.708403263,-282788.561812
nature_economic_cost_robustness_v1,post_hoc_development_parameterized_sensitivity,real_2026_usd,independent_fresh_event_screening_bootstrap,proportional_reference_module_accounting_sensitivity_no_portfolio_diversification,reserved_headroom,4,0,0.95,50,5,39.6505452781,986.328125,200,0.05,2,0.01,0,0,50,0.15,0,247.234723087,353.624231896,365.606049683,365.606049683,-360607.529472
nature_economic_cost_robustness_v1,post_hoc_development_parameterized_sensitivity,real_2026_usd,independent_fresh_event_screening_bootstrap,proportional_reference_module_accounting_sensitivity_no_portfolio_diversification,reserved_headroom,4,0,0.95,50,5,39.6505452781,986.328125,200,0.05,2,0.01,0.5,12500,50,0.15,0,247.234723087,366.297499223,378.279317009,378.279317009,-373107.529472
nature_economic_cost_robustness_v1,post_hoc_development_parameterized_sensitivity,real_2026_usd,independent_fresh_event_screening_bootstrap,proportional_reference_module_accounting_sensitivity_no_portfolio_diversification,reserved_headroom,4,0,0.95,50,5,39.6505452781,986.328125,200,0.05,2,0.01,1,25000,50,0.15,0,247.234723087,378.970766549,390.952584336,390.952584336,-385607.529472
nature_economic_cost_robustness_v1,post_hoc_development_parameterized_sensitivity,real_2026_usd,independent_fresh_event_screening_bootstrap,proportional_reference_module_accounting_sensitivity_no_portfolio_diversification,reserved_headroom,4,0,0.95,50,5,39.6505452781,986.328125,200,0.05,2,0.01,2,50000,50,0.15,0,247.234723087,404.317301203,416.299118989,416.299118989,-410607.529472
nature_economic_cost_robustness_v1,post_hoc_development_parameterized_sensitivity,real_2026_usd,independent_fresh_event_screening_bootstrap,proportional_reference_module_accounting_sensitivity_no_portfolio_diversification,throughput_displacing,4,0,0.95,50,5,39.6505452781,986.328125,200,0.05,0,0,0,0,50,0,0.25,0,159.139938288,160.765644098,160.765644098,-158567.676308
nature_economic_cost_robustness_v1,post_hoc_development_parameterized_sensitivity,real_2026_usd,independent_fresh_event_screening_bootstrap,proportional_reference_module_accounting_sensitivity_no_portfolio_diversification,throughput_displacing,4,0,0.95,50,5,39.6505452781,986.328125,200,0.05,0,0,0.5,12500,50,0,0.25,0,171.813205615,173.438911425,173.438911425,-171067.676308
nature_economic_cost_robustness_v1,post_hoc_development_parameterized_sensitivity,real_2026_usd,independent_fresh_event_screening_bootstrap,proportional_reference_module_accounting_sensitivity_no_portfolio_diversification,throughput_displacing,4,0,0.95,50,5,39.6505452781,986.328125,200,0.05,0,0,1,25000,50,0,0.25,0,184.486472942,186.112178752,186.112178752,-183567.676308
nature_economic_cost_robustness_v1,post_hoc_development_parameterized_sensitivity,real_2026_usd,independent_fresh_event_screening_bootstrap,proportional_reference_module_accounting_sensitivity_no_portfolio_diversification,throughput_displacing,4,0,0.95,50,5,39.6505452781,986.328125,200,0.05,0,0,2,50000,50,0,0.25,0,209.833007595,211.458713405,211.458713405,-208567.676308
nature_economic_cost_robustness_v1,post_hoc_development_parameterized_sensitivity,real_2026_usd,independent_fresh_event_screening_bootstrap,proportional_reference_module_accounting_sensitivity_no_portfolio_diversification,throughput_displacing,4,0,0.95,50,5,39.6505452781,986.328125,200,0.05,0.5,0.0025,0,0,50,0,0.25,61.8086807716,220.94861906,223.538320298,223.538320298,-220482.132325
nature_economic_cost_robustness_v1,post_hoc_development_parameterized_sensitivity,real_2026_usd,independent_fresh_event_screening_bootstrap,proportional_reference_module_accounting_sensitivity_no_portfolio_diversification,throughput_displacing,4,0,0.95,50,5,39.6505452781,986.328125,200,0.05,0.5,0.0025,0.5,12500,50,0,0.25,61.8086807716,233.621886387,236.211587624,236.211587624,-232982.132325
nature_economic_cost_robustness_v1,post_hoc_development_parameterized_sensitivity,real_2026_usd,independent_fresh_event_screening_bootstrap,proportional_reference_module_accounting_sensitivity_no_portfolio_diversification,throughput_displacing,4,0,0.95,50,5,39.6505452781,986.328125,200,0.05,0.5,0.0025,1,25000,50,0,0.25,61.8086807716,246.295153714,248.884854951,248.884854951,-245482.132325
nature_economic_cost_robustness_v1,post_hoc_development_parameterized_sensitivity,real_2026_usd,independent_fresh_event_screening_bootstrap,proportional_reference_module_accounting_sensitivity_no_portfolio_diversification,throughput_displacing,4,0,0.95,50,5,39.6505452781,986.328125,200,0.05,0.5,0.0025,2,50000,50,0,0.25,61.8086807716,271.641688367,274.231389605,274.231389605,-270482.132325
nature_economic_cost_robustness_v1,post_hoc_development_parameterized_sensitivity,real_2026_usd,independent_fresh_event_screening_bootstrap,proportional_reference_module_accounting_sensitivity_no_portfolio_diversification,throughput_displacing,4,0,0.95,50,5,39.6505452781,986.328125,200,0.05,1,0.005,0,0,50,0,0.25,123.617361543,282.757299832,288.261280435,288.261280435,-284320.208241
nature_economic_cost_robustness_v1,post_hoc_development_parameterized_sensitivity,real_2026_usd,independent_fresh_event_screening_bootstrap,proportional_reference_module_accounting_sensitivity_no_portfolio_diversification,throughput_displacing,4,0,0.95,50,5,39.6505452781,986.328125,200,0.05,1,0.005,0.5,12500,50,0,0.25,123.617361543,295.430567158,300.934547761,300.934547761,-296820.208241
nature_economic_cost_robustness_v1,post_hoc_development_parameterized_sensitivity,real_2026_usd,independent_fresh_event_screening_bootstrap,proportional_reference_module_accounting_sensitivity_no_portfolio_diversification,throughput_displacing,4,0,0.95,50,5,39.6505452781,986.328125,200,0.05,1,0.005,1,25000,50,0,0.25,123.617361543,308.103834485,313.607815088,313.607815088,-309320.208241
nature_economic_cost_robustness_v1,post_hoc_development_parameterized_sensitivity,real_2026_usd,independent_fresh_event_screening_bootstrap,proportional_reference_module_accounting_sensitivity_no_portfolio_diversification,throughput_displacing,4,0,0.95,50,5,39.6505452781,986.328125,200,0.05,1,0.005,2,50000,50,0,0.25,123.617361543,333.450369139,338.954349742,338.954349742,-334320.208241
nature_economic_cost_robustness_v1,post_hoc_development_parameterized_sensitivity,real_2026_usd,independent_fresh_event_screening_bootstrap,proportional_reference_module_accounting_sensitivity_no_portfolio_diversification,throughput_displacing,4,0,0.95,50,5,39.6505452781,986.328125,200,0.05,2,0.01,0,0,50,0,0.25,247.234723087,406.374661375,417.821205006,417.821205006,-412108.805719
nature_economic_cost_robustness_v1,post_hoc_development_parameterized_sensitivity,real_2026_usd,independent_fresh_event_screening_bootstrap,proportional_reference_module_accounting_sensitivity_no_portfolio_diversification,throughput_displacing,4,0,0.95,50,5,39.6505452781,986.328125,200,0.05,2,0.01,0.5,12500,50,0,0.25,247.234723087,419.047928702,430.494472333,430.494472333,-424608.805719
nature_economic_cost_robustness_v1,post_hoc_development_parameterized_sensitivity,real_2026_usd,independent_fresh_event_screening_bootstrap,proportional_reference_module_accounting_sensitivity_no_portfolio_diversification,throughput_displacing,4,0,0.95,50,5,39.6505452781,986.328125,200,0.05,2,0.01,1,25000,50,0,0.25,247.234723087,431.721196028,443.16773966,443.16773966,-437108.805719
nature_economic_cost_robustness_v1,post_hoc_development_parameterized_sensitivity,real_2026_usd,independent_fresh_event_screening_bootstrap,proportional_reference_module_accounting_sensitivity_no_portfolio_diversification,throughput_displacing,4,0,0.95,50,5,39.6505452781,986.328125,200,0.05,2,0.01,2,50000,50,0,0.25,247.234723087,457.067730682,468.514274313,468.514274313,-462108.805719
nature_economic_cost_robustness_v1,post_hoc_development_parameterized_sensitivity,real_2026_usd,independent_fresh_event_screening_bootstrap,proportional_reference_module_accounting_sensitivity_no_portfolio_diversification,slack_backed,4,0,0.95,50,20,39.6505452781,3945.3125,200,0.05,0,0,0,0,50,0,0,0,0,0,-9.68789649371,38221.7791353
nature_economic_cost_robustness_v1,post_hoc_development_parameterized_sensitivity,real_2026_usd,independent_fresh_event_screening_bootstrap,proportional_reference_module_accounting_sensitivity_no_portfolio_diversification,slack_backed,4,0,0.95,50,20,39.6505452781,3945.3125,200,0.05,0,0,0.5,12500,50,0,0,0,0,0,-6.51957966202,25721.7791353
nature_economic_cost_robustness_v1,post_hoc_development_parameterized_sensitivity,real_2026_usd,independent_fresh_event_screening_bootstrap,proportional_reference_module_accounting_sensitivity_no_portfolio_diversification,slack_backed,4,0,0.95,50,20,39.6505452781,3945.3125,200,0.05,0,0,1,25000,50,0,0,0,0,0,-3.35126283034,13221.7791353
nature_economic_cost_robustness_v1,post_hoc_development_parameterized_sensitivity,real_2026_usd,independent_fresh_event_screening_bootstrap,proportional_reference_module_accounting_sensitivity_no_portfolio_diversification,slack_backed,4,0,0.95,50,20,39.6505452781,3945.3125,200,0.05,0,0,2,50000,50,0,0,0,2.91450463287,2.98537083302,2.98537083302,-11778.2208647
nature_economic_cost_robustness_v1,post_hoc_development_parameterized_sensitivity,real_2026_usd,independent_fresh_event_screening_bootstrap,proportional_reference_module_accounting_sensitivity_no_portfolio_diversification,slack_backed,4,0,0.95,50,20,39.6505452781,3945.3125,200,0.05,0.5,0.0025,0,0,50,0,0,61.8086807716,52.0499180778,55.0717045889,55.0717045889,-217275.084511
nature_economic_cost_robustness_v1,post_hoc_development_parameterized_sensitivity,real_2026_usd,independent_fresh_event_screening_bootstrap,proportional_reference_module_accounting_sensitivity_no_portfolio_diversification,slack_backed,4,0,0.95,50,20,39.6505452781,3945.3125,200,0.05,0.5,0.0025,0.5,12500,50,0,0,61.8086807716,55.2182349095,58.2400214205,58.2400214205,-229775.084511
nature_economic_cost_robustness_v1,post_hoc_development_parameterized_sensitivity,real_2026_usd,independent_fresh_event_screening_bootstrap,proportional_reference_module_accounting_sensitivity_no_portfolio_diversification,slack_backed,4,0,0.95,50,20,39.6505452781,3945.3125,200,0.05,0.5,0.0025,1,25000,50,0,0,61.8086807716,58.3865517411,61.4083382522,61.4083382522,-242275.084511
nature_economic_cost_robustness_v1,post_hoc_development_parameterized_sensitivity,real_2026_usd,independent_fresh_event_screening_bootstrap,proportional_reference_module_accounting_sensitivity_no_portfolio_diversification,slack_backed,4,0,0.95,50,20,39.6505452781,3945.3125,200,0.05,0.5,0.0025,2,50000,50,0,0,61.8086807716,64.7231854045,67.7449719156,67.7449719156,-267275.084511
nature_economic_cost_robustness_v1,post_hoc_development_parameterized_sensitivity,real_2026_usd,independent_fresh_event_screening_bootstrap,proportional_reference_module_accounting_sensitivity_no_portfolio_diversification,slack_backed,4,0,0.95,50,20,39.6505452781,3945.3125,200,0.05,1,0.005,0,0,50,0,0,123.617361543,113.858598849,119.867062452,119.867062452,-472913.019831
nature_economic_cost_robustness_v1,post_hoc_development_parameterized_sensitivity,real_2026_usd,independent_fresh_event_screening_bootstrap,proportional_reference_module_accounting_sensitivity_no_portfolio_diversification,slack_backed,4,0,0.95,50,20,39.6505452781,3945.3125,200,0.05,1,0.005,0.5,12500,50,0,0,123.617361543,117.026915681,123.035379284,123.035379284,-485413.019831
nature_economic_cost_robustness_v1,post_hoc_development_parameterized_sensitivity,real_2026_usd,independent_fresh_event_screening_bootstrap,proportional_reference_module_accounting_sensitivity_no_portfolio_diversification,slack_backed,4,0,0.95,50,20,39.6505452781,3945.3125,200,0.05,1,0.005,1,25000,50,0,0,123.617361543,120.195232513,126.203696116,126.203696116,-497913.019831
nature_economic_cost_robustness_v1,post_hoc_development_parameterized_sensitivity,real_2026_usd,independent_fresh_event_screening_bootstrap,proportional_reference_module_accounting_sensitivity_no_portfolio_diversification,slack_backed,4,0,0.95,50,20,39.6505452781,3945.3125,200,0.05,1,0.005,2,50000,50,0,0,123.617361543,126.531866176,132.540329779,132.540329779,-522913.019831
nature_economic_cost_robustness_v1,post_hoc_development_parameterized_sensitivity,real_2026_usd,independent_fresh_event_screening_bootstrap,proportional_reference_module_accounting_sensitivity_no_portfolio_diversification,slack_backed,4,0,0.95,50,20,39.6505452781,3945.3125,200,0.05,2,0.01,0,0,50,0,0,247.234723087,237.475960393,249.457778179,249.457778179,-984188.890473
nature_economic_cost_robustness_v1,post_hoc_development_parameterized_sensitivity,real_2026_usd,independent_fresh_event_screening_bootstrap,proportional_reference_module_accounting_sensitivity_no_portfolio_diversification,slack_backed,4,0,0.95,50,20,39.6505452781,3945.3125,200,0.05,2,0.01,0.5,12500,50,0,0,247.234723087,240.644277224,252.626095011,252.626095011,-996688.890473
nature_economic_cost_robustness_v1,post_hoc_development_parameterized_sensitivity,real_2026_usd,independent_fresh_event_screening_bootstrap,proportional_reference_module_accounting_sensitivity_no_portfolio_diversification,slack_backed,4,0,0.95,50,20,39.6505452781,3945.3125,200,0.05,2,0.01,1,25000,50,0,0,247.234723087,243.812594056,255.794411843,255.794411843,-1009188.89047
nature_economic_cost_robustness_v1,post_hoc_development_parameterized_sensitivity,real_2026_usd,independent_fresh_event_screening_bootstrap,proportional_reference_module_accounting_sensitivity_no_portfolio_diversification,slack_backed,4,0,0.95,50,20,39.6505452781,3945.3125,200,0.05,2,0.01,2,50000,50,0,0,247.234723087,250.149227719,262.131045506,262.131045506,-1034188.89047
nature_economic_cost_robustness_v1,post_hoc_development_parameterized_sensitivity,real_2026_usd,independent_fresh_event_screening_bootstrap,proportional_reference_module_accounting_sensitivity_no_portfolio_diversification,reserved_headroom,4,0,0.95,50,20,39.6505452781,3945.3125,200,0.05,0,0,0,0,50,0.15,0,0,106.389508809,106.46037501,106.46037501,-420019.44828
nature_economic_cost_robustness_v1,post_hoc_development_parameterized_sensitivity,real_2026_usd,independent_fresh_event_screening_bootstrap,proportional_reference_module_accounting_sensitivity_no_portfolio_diversification,reserved_headroom,4,0,0.95,50,20,39.6505452781,3945.3125,200,0.05,0,0,0.5,12500,50,0.15,0,0,109.557825641,109.628691841,109.628691841,-432519.44828
nature_economic_cost_robustness_v1,post_hoc_development_parameterized_sensitivity,real_2026_usd,independent_fresh_event_screening_bootstrap,proportional_reference_module_accounting_sensitivity_no_portfolio_diversification,reserved_headroom,4,0,0.95,50,20,39.6505452781,3945.3125,200,0.05,0,0,1,25000,50,0.15,0,0,112.726142473,112.797008673,112.797008673,-445019.44828
nature_economic_cost_robustness_v1,post_hoc_development_parameterized_sensitivity,real_2026_usd,independent_fresh_event_screening_bootstrap,proportional_reference_module_accounting_sensitivity_no_portfolio_diversification,reserved_headroom,4,0,0.95,50,20,39.6505452781,3945.3125,200,0.05,0,0,2,50000,50,0.15,0,0,119.062776136,119.133642336,119.133642336,-470019.44828
nature_economic_cost_robustness_v1,post_hoc_development_parameterized_sensitivity,real_2026_usd,independent_fresh_event_screening_bootstrap,proportional_reference_module_accounting_sensitivity_no_portfolio_diversification,reserved_headroom,4,0,0.95,50,20,39.6505452781,3945.3125,200,0.05,0.5,0.0025,0,0,50,0.15,0,61.8086807716,168.198189581,171.219976092,171.219976092,-675516.311926
nature_economic_cost_robustness_v1,post_hoc_development_parameterized_sensitivity,real_2026_usd,independent_fresh_event_screening_bootstrap,proportional_reference_module_accounting_sensitivity_no_portfolio_diversification,reserved_headroom,4,0,0.95,50,20,39.6505452781,3945.3125,200,0.05,0.5,0.0025,0.5,12500,50,0.15,0,61.8086807716,171.366506413,174.388292924,174.388292924,-688016.311926
nature_economic_cost_robustness_v1,post_hoc_development_parameterized_sensitivity,real_2026_usd,independent_fresh_event_screening_bootstrap,proportional_reference_module_accounting_sensitivity_no_portfolio_diversification,reserved_headroom,4,0,0.95,50,20,39.6505452781,3945.3125,200,0.05,0.5,0.0025,1,25000,50,0.15,0,61.8086807716,174.534823244,177.556609755,177.556609755,-700516.311926
nature_economic_cost_robustness_v1,post_hoc_development_parameterized_sensitivity,real_2026_usd,independent_fresh_event_screening_bootstrap,proportional_reference_module_accounting_sensitivity_no_portfolio_diversification,reserved_headroom,4,0,0.95,50,20,39.6505452781,3945.3125,200,0.05,0.5,0.0025,2,50000,50,0.15,0,61.8086807716,180.871456908,183.893243419,183.893243419,-725516.311926
nature_economic_cost_robustness_v1,post_hoc_development_parameterized_sensitivity,real_2026_usd,independent_fresh_event_screening_bootstrap,proportional_reference_module_accounting_sensitivity_no_portfolio_diversification,reserved_headroom,4,0,0.95,50,20,39.6505452781,3945.3125,200,0.05,1,0.005,0,0,50,0.15,0,123.617361543,230.006870353,236.015333956,236.015333956,-931154.247247
nature_economic_cost_robustness_v1,post_hoc_development_parameterized_sensitivity,real_2026_usd,independent_fresh_event_screening_bootstrap,proportional_reference_module_accounting_sensitivity_no_portfolio_diversification,reserved_headroom,4,0,0.95,50,20,39.6505452781,3945.3125,200,0.05,1,0.005,0.5,12500,50,0.15,0,123.617361543,233.175187184,239.183650787,239.183650787,-943654.247247
nature_economic_cost_robustness_v1,post_hoc_development_parameterized_sensitivity,real_2026_usd,independent_fresh_event_screening_bootstrap,proportional_reference_module_accounting_sensitivity_no_portfolio_diversification,reserved_headroom,4,0,0.95,50,20,39.6505452781,3945.3125,200,0.05,1,0.005,1,25000,50,0.15,0,123.617361543,236.343504016,242.351967619,242.351967619,-956154.247247
nature_economic_cost_robustness_v1,post_hoc_development_parameterized_sensitivity,real_2026_usd,independent_fresh_event_screening_bootstrap,proportional_reference_module_accounting_sensitivity_no_portfolio_diversification,reserved_headroom,4,0,0.95,50,20,39.6505452781,3945.3125,200,0.05,1,0.005,2,50000,50,0.15,0,123.617361543,242.680137679,248.688601282,248.688601282,-981154.247247
nature_economic_cost_robustness_v1,post_hoc_development_parameterized_sensitivity,real_2026_usd,independent_fresh_event_screening_bootstrap,proportional_reference_module_accounting_sensitivity_no_portfolio_diversification,reserved_headroom,4,0,0.95,50,20,39.6505452781,3945.3125,200,0.05,2,0.01,0,0,50,0.15,0,247.234723087,353.624231896,365.606049683,365.606049683,-1442430.11789
nature_economic_cost_robustness_v1,post_hoc_development_parameterized_sensitivity,real_2026_usd,independent_fresh_event_screening_bootstrap,proportional_reference_module_accounting_sensitivity_no_portfolio_diversification,reserved_headroom,4,0,0.95,50,20,39.6505452781,3945.3125,200,0.05,2,0.01,0.5,12500,50,0.15,0,247.234723087,356.792548728,368.774366514,368.774366514,-1454930.11789
nature_economic_cost_robustness_v1,post_hoc_development_parameterized_sensitivity,real_2026_usd,independent_fresh_event_screening_bootstrap,proportional_reference_module_accounting_sensitivity_no_portfolio_diversification,reserved_headroom,4,0,0.95,50,20,39.6505452781,3945.3125,200,0.05,2,0.01,1,25000,50,0.15,0,247.234723087,359.960865559,371.942683346,371.942683346,-1467430.11789
nature_economic_cost_robustness_v1,post_hoc_development_parameterized_sensitivity,real_2026_usd,independent_fresh_event_screening_bootstrap,proportional_reference_module_accounting_sensitivity_no_portfolio_diversification,reserved_headroom,4,0,0.95,50,20,39.6505452781,3945.3125,200,0.05,2,0.01,2,50000,50,0.15,0,247.234723087,366.297499223,378.279317009,378.279317009,-1492430.11789
nature_economic_cost_robustness_v1,post_hoc_development_parameterized_sensitivity,real_2026_usd,independent_fresh_event_screening_bootstrap,proportional_reference_module_accounting_sensitivity_no_portfolio_diversification,throughput_displacing,4,0,0.95,50,20,39.6505452781,3945.3125,200,0.05,0,0,0,0,50,0,0.25,0,159.139938288,160.765644098,160.765644098,-634270.705231
nature_economic_cost_robustness_v1,post_hoc_development_parameterized_sensitivity,real_2026_usd,independent_fresh_event_screening_bootstrap,proportional_reference_module_accounting_sensitivity_no_portfolio_diversification,throughput_displacing,4,0,0.95,50,20,39.6505452781,3945.3125,200,0.05,0,0,0.5,12500,50,0,0.25,0,162.30825512,163.93396093,163.93396093,-646770.705231
nature_economic_cost_robustness_v1,post_hoc_development_parameterized_sensitivity,real_2026_usd,independent_fresh_event_screening_bootstrap,proportional_reference_module_accounting_sensitivity_no_portfolio_diversification,throughput_displacing,4,0,0.95,50,20,39.6505452781,3945.3125,200,0.05,0,0,1,25000,50,0,0.25,0,165.476571952,167.102277762,167.102277762,-659270.705231
nature_economic_cost_robustness_v1,post_hoc_development_parameterized_sensitivity,real_2026_usd,independent_fresh_event_screening_bootstrap,proportional_reference_module_accounting_sensitivity_no_portfolio_diversification,throughput_displacing,4,0,0.95,50,20,39.6505452781,3945.3125,200,0.05,0,0,2,50000,50,0,0.25,0,171.813205615,173.438911425,173.438911425,-684270.705231
nature_economic_cost_robustness_v1,post_hoc_development_parameterized_sensitivity,real_2026_usd,independent_fresh_event_screening_bootstrap,proportional_reference_module_accounting_sensitivity_no_portfolio_diversification,throughput_displacing,4,0,0.95,50,20,39.6505452781,3945.3125,200,0.05,0.5,0.0025,0,0,50,0,0.25,61.8086807716,220.94861906,223.538320298,223.538320298,-881928.529299
nature_economic_cost_robustness_v1,post_hoc_development_parameterized_sensitivity,real_2026_usd,independent_fresh_event_screening_bootstrap,proportional_reference_module_accounting_sensitivity_no_portfolio_diversification,throughput_displacing,4,0,0.95,50,20,39.6505452781,3945.3125,200,0.05,0.5,0.0025,0.5,12500,50,0,0.25,61.8086807716,224.116935892,226.706637129,226.706637129,-894428.529299
nature_economic_cost_robustness_v1,post_hoc_development_parameterized_sensitivity,real_2026_usd,independent_fresh_event_screening_bootstrap,proportional_reference_module_accounting_sensitivity_no_portfolio_diversification,throughput_displacing,4,0,0.95,50,20,39.6505452781,3945.3125,200,0.05,0.5,0.0025,1,25000,50,0,0.25,61.8086807716,227.285252723,229.874953961,229.874953961,-906928.529299
nature_economic_cost_robustness_v1,post_hoc_development_parameterized_sensitivity,real_2026_usd,independent_fresh_event_screening_bootstrap,proportional_reference_module_accounting_sensitivity_no_portfolio_diversification,throughput_displacing,4,0,0.95,50,20,39.6505452781,3945.3125,200,0.05,0.5,0.0025,2,50000,50,0,0.25,61.8086807716,233.621886387,236.211587624,236.211587624,-931928.529299
nature_economic_cost_robustness_v1,post_hoc_development_parameterized_sensitivity,real_2026_usd,independent_fresh_event_screening_bootstrap,proportional_reference_module_accounting_sensitivity_no_portfolio_diversification,throughput_displacing,4,0,0.95,50,20,39.6505452781,3945.3125,200,0.05,1,0.005,0,0,50,0,0.25,123.617361543,282.757299832,288.261280435,288.261280435,-1137280.83297
nature_economic_cost_robustness_v1,post_hoc_development_parameterized_sensitivity,real_2026_usd,independent_fresh_event_screening_bootstrap,proportional_reference_module_accounting_sensitivity_no_portfolio_diversification,throughput_displacing,4,0,0.95,50,20,39.6505452781,3945.3125,200,0.05,1,0.005,0.5,12500,50,0,0.25,123.617361543,285.925616663,291.429597266,291.429597266,-1149780.83297
nature_economic_cost_robustness_v1,post_hoc_development_parameterized_sensitivity,real_2026_usd,independent_fresh_event_screening_bootstrap,proportional_reference_module_accounting_sensitivity_no_portfolio_diversification,throughput_displacing,4,0,0.95,50,20,39.6505452781,3945.3125,200,0.05,1,0.005,1,25000,50,0,0.25,123.617361543,289.093933495,294.597914098,294.597914098,-1162280.83297
nature_economic_cost_robustness_v1,post_hoc_development_parameterized_sensitivity,real_2026_usd,independent_fresh_event_screening_bootstrap,proportional_reference_module_accounting_sensitivity_no_portfolio_diversification,throughput_displacing,4,0,0.95,50,20,39.6505452781,3945.3125,200,0.05,1,0.005,2,50000,50,0,0.25,123.617361543,295.430567158,300.934547761,300.934547761,-1187280.83297
nature_economic_cost_robustness_v1,post_hoc_development_parameterized_sensitivity,real_2026_usd,independent_fresh_event_screening_bootstrap,proportional_reference_module_accounting_sensitivity_no_portfolio_diversification,throughput_displacing,4,0,0.95,50,20,39.6505452781,3945.3125,200,0.05,2,0.01,0,0,50,0,0.25,247.234723087,406.374661375,417.821205006,417.821205006,-1648435.22288
nature_economic_cost_robustness_v1,post_hoc_development_parameterized_sensitivity,real_2026_usd,independent_fresh_event_screening_bootstrap,proportional_reference_module_accounting_sensitivity_no_portfolio_diversification,throughput_displacing,4,0,0.95,50,20,39.6505452781,3945.3125,200,0.05,2,0.01,0.5,12500,50,0,0.25,247.234723087,409.542978207,420.989521838,420.989521838,-1660935.22288
nature_economic_cost_robustness_v1,post_hoc_development_parameterized_sensitivity,real_2026_usd,independent_fresh_event_screening_bootstrap,proportional_reference_module_accounting_sensitivity_no_portfolio_diversification,throughput_displacing,4,0,0.95,50,20,39.6505452781,3945.3125,200,0.05,2,0.01,1,25000,50,0,0.25,247.234723087,412.711295038,424.157838669,424.157838669,-1673435.22288
nature_economic_cost_robustness_v1,post_hoc_development_parameterized_sensitivity,real_2026_usd,independent_fresh_event_screening_bootstrap,proportional_reference_module_accounting_sensitivity_no_portfolio_diversification,throughput_displacing,4,0,0.95,50,20,39.6505452781,3945.3125,200,0.05,2,0.01,2,50000,50,0,0.25,247.234723087,419.047928702,430.494472333,430.494472333,-1698435.22288
nature_economic_cost_robustness_v1,post_hoc_development_parameterized_sensitivity,real_2026_usd,independent_fresh_event_screening_bootstrap,proportional_reference_module_accounting_sensitivity_no_portfolio_diversification,slack_backed,8,0,0.95,1,0.2,36.7061978565,36.5234375,200,0.05,0,0,0,0,50,0,0,0,0,0,-0.383190445065,13.9954322709
nature_economic_cost_robustness_v1,post_hoc_development_parameterized_sensitivity,real_2026_usd,independent_fresh_event_screening_bootstrap,proportional_reference_module_accounting_sensitivity_no_portfolio_diversification,slack_backed,8,0,0.95,1,0.2,36.7061978565,36.5234375,200,0.05,0,0,0.5,12500,50,0,0,0,341.852432158,341.86279886,341.86279886,-12486.0045677
nature_economic_cost_robustness_v1,post_hoc_development_parameterized_sensitivity,real_2026_usd,independent_fresh_event_screening_bootstrap,proportional_reference_module_accounting_sensitivity_no_portfolio_diversification,slack_backed,8,0,0.95,1,0.2,36.7061978565,36.5234375,200,0.05,0,0,1,25000,50,0,0,0,684.098421463,684.108788165,684.108788165,-24986.0045677
nature_economic_cost_robustness_v1,post_hoc_development_parameterized_sensitivity,real_2026_usd,independent_fresh_event_screening_bootstrap,proportional_reference_module_accounting_sensitivity_no_portfolio_diversification,slack_backed,8,0,0.95,1,0.2,36.7061978565,36.5234375,200,0.05,0,0,2,50000,50,0,0,0,1368.59040007,1368.60076677,1368.60076677,-49986.0045677
nature_economic_cost_robustness_v1,post_hoc_development_parameterized_sensitivity,real_2026_usd,independent_fresh_event_screening_bootstrap,proportional_reference_module_accounting_sensitivity_no_portfolio_diversification,slack_backed,8,0,0.95,1,0.2,36.7061978565,36.5234375,200,0.05,0.5,0.0025,0,0,50,0,0,3.0865932973,2.69303615062,3.61199442144,3.61199442144,-131.922452502
nature_economic_cost_robustness_v1,post_hoc_development_parameterized_sensitivity,real_2026_usd,independent_fresh_event_screening_bootstrap,proportional_reference_module_accounting_sensitivity_no_portfolio_diversification,slack_backed,8,0,0.95,1,0.2,36.7061978565,36.5234375,200,0.05,0.5,0.0025,0.5,12500,50,0,0,3.0865932973,344.939025455,345.857983726,345.857983726,-12631.9224525
nature_economic_cost_robustness_v1,post_hoc_development_parameterized_sensitivity,real_2026_usd,independent_fresh_event_screening_bootstrap,proportional_reference_module_accounting_sensitivity_no_portfolio_diversification,slack_backed,8,0,0.95,1,0.2,36.7061978565,36.5234375,200,0.05,0.5,0.0025,1,25000,50,0,0,3.0865932973,687.18501476,688.103973031,688.103973031,-25131.9224525
nature_economic_cost_robustness_v1,post_hoc_development_parameterized_sensitivity,real_2026_usd,independent_fresh_event_screening_bootstrap,proportional_reference_module_accounting_sensitivity_no_portfolio_diversification,slack_backed,8,0,0.95,1,0.2,36.7061978565,36.5234375,200,0.05,0.5,0.0025,2,50000,50,0,0,3.0865932973,1371.67699337,1372.59595164,1372.59595164,-50131.9224525
nature_economic_cost_robustness_v1,post_hoc_development_parameterized_sensitivity,real_2026_usd,independent_fresh_event_screening_bootstrap,proportional_reference_module_accounting_sensitivity_no_portfolio_diversification,slack_backed,8,0,0.95,1,0.2,36.7061978565,36.5234375,200,0.05,1,0.005,0,0,50,0,0,6.1731865946,5.77962944792,7.61525673615,7.61525673615,-278.135353449
nature_economic_cost_robustness_v1,post_hoc_development_parameterized_sensitivity,real_2026_usd,independent_fresh_event_screening_bootstrap,proportional_reference_module_accounting_sensitivity_no_portfolio_diversification,slack_backed,8,0,0.95,1,0.2,36.7061978565,36.5234375,200,0.05,1,0.005,0.5,12500,50,0,0,6.1731865946,348.025618753,349.861246041,349.861246041,-12778.1353534
nature_economic_cost_robustness_v1,post_hoc_development_parameterized_sensitivity,real_2026_usd,independent_fresh_event_screening_bootstrap,proportional_reference_module_accounting_sensitivity_no_portfolio_diversification,slack_backed,8,0,0.95,1,0.2,36.7061978565,36.5234375,200,0.05,1,0.005,1,25000,50,0,0,6.1731865946,690.271608058,692.107235346,692.107235346,-25278.1353534
nature_economic_cost_robustness_v1,post_hoc_development_parameterized_sensitivity,real_2026_usd,independent_fresh_event_screening_bootstrap,proportional_reference_module_accounting_sensitivity_no_portfolio_diversification,slack_backed,8,0,0.95,1,0.2,36.7061978565,36.5234375,200,0.05,1,0.005,2,50000,50,0,0,6.1731865946,1374.76358667,1376.59921396,1376.59921396,-50278.1353534
nature_economic_cost_robustness_v1,post_hoc_development_parameterized_sensitivity,real_2026_usd,independent_fresh_event_screening_bootstrap,proportional_reference_module_accounting_sensitivity_no_portfolio_diversification,slack_backed,8,0,0.95,1,0.2,36.7061978565,36.5234375,200,0.05,2,0.01,0,0,50,0,0,12.3463731892,11.9528160425,15.6217813656,15.6217813656,-570.561155344
nature_economic_cost_robustness_v1,post_hoc_development_parameterized_sensitivity,real_2026_usd,independent_fresh_event_screening_bootstrap,proportional_reference_module_accounting_sensitivity_no_portfolio_diversification,slack_backed,8,0,0.95,1,0.2,36.7061978565,36.5234375,200,0.05,2,0.01,0.5,12500,50,0,0,12.3463731892,354.198805347,357.86777067,357.86777067,-13070.5611553
nature_economic_cost_robustness_v1,post_hoc_development_parameterized_sensitivity,real_2026_usd,independent_fresh_event_screening_bootstrap,proportional_reference_module_accounting_sensitivity_no_portfolio_diversification,slack_backed,8,0,0.95,1,0.2,36.7061978565,36.5234375,200,0.05,2,0.01,1,25000,50,0,0,12.3463731892,696.444794652,700.113759975,700.113759975,-25570.5611553
nature_economic_cost_robustness_v1,post_hoc_development_parameterized_sensitivity,real_2026_usd,independent_fresh_event_screening_bootstrap,proportional_reference_module_accounting_sensitivity_no_portfolio_diversification,slack_backed,8,0,0.95,1,0.2,36.7061978565,36.5234375,200,0.05,2,0.01,2,50000,50,0,0,12.3463731892,1380.93677326,1384.60573858,1384.60573858,-50570.5611553
nature_economic_cost_robustness_v1,post_hoc_development_parameterized_sensitivity,real_2026_usd,independent_fresh_event_screening_bootstrap,proportional_reference_module_accounting_sensitivity_no_portfolio_diversification,reserved_headroom,8,0,0.95,1,0.2,36.7061978565,36.5234375,200,0.05,0,0,0,0,50,0.15,0,0,115.754714357,115.765081058,115.765081058,-4228.13870271
nature_economic_cost_robustness_v1,post_hoc_development_parameterized_sensitivity,real_2026_usd,independent_fresh_event_screening_bootstrap,proportional_reference_module_accounting_sensitivity_no_portfolio_diversification,reserved_headroom,8,0,0.95,1,0.2,36.7061978565,36.5234375,200,0.05,0,0,0.5,12500,50,0.15,0,0,458.000703661,458.011070363,458.011070363,-16728.1387027
nature_economic_cost_robustness_v1,post_hoc_development_parameterized_sensitivity,real_2026_usd,independent_fresh_event_screening_bootstrap,proportional_reference_module_accounting_sensitivity_no_portfolio_diversification,reserved_headroom,8,0,0.95,1,0.2,36.7061978565,36.5234375,200,0.05,0,0,1,25000,50,0.15,0,0,800.246692966,800.257059668,800.257059668,-29228.1387027
nature_economic_cost_robustness_v1,post_hoc_development_parameterized_sensitivity,real_2026_usd,independent_fresh_event_screening_bootstrap,proportional_reference_module_accounting_sensitivity_no_portfolio_diversification,reserved_headroom,8,0,0.95,1,0.2,36.7061978565,36.5234375,200,0.05,0,0,2,50000,50,0.15,0,0,1484.73867158,1484.74903828,1484.74903828,-54228.1387027
nature_economic_cost_robustness_v1,post_hoc_development_parameterized_sensitivity,real_2026_usd,independent_fresh_event_screening_bootstrap,proportional_reference_module_accounting_sensitivity_no_portfolio_diversification,reserved_headroom,8,0,0.95,1,0.2,36.7061978565,36.5234375,200,0.05,0.5,0.0025,0,0,50,0.15,0,3.0865932973,118.841307654,119.760265925,119.760265925,-4374.05658748
nature_economic_cost_robustness_v1,post_hoc_development_parameterized_sensitivity,real_2026_usd,independent_fresh_event_screening_bootstrap,proportional_reference_module_accounting_sensitivity_no_portfolio_diversification,reserved_headroom,8,0,0.95,1,0.2,36.7061978565,36.5234375,200,0.05,0.5,0.0025,0.5,12500,50,0.15,0,3.0865932973,461.087296959,462.006255229,462.006255229,-16874.0565875
nature_economic_cost_robustness_v1,post_hoc_development_parameterized_sensitivity,real_2026_usd,independent_fresh_event_screening_bootstrap,proportional_reference_module_accounting_sensitivity_no_portfolio_diversification,reserved_headroom,8,0,0.95,1,0.2,36.7061978565,36.5234375,200,0.05,0.5,0.0025,1,25000,50,0.15,0,3.0865932973,803.333286263,804.252244534,804.252244534,-29374.0565875
nature_economic_cost_robustness_v1,post_hoc_development_parameterized_sensitivity,real_2026_usd,independent_fresh_event_screening_bootstrap,proportional_reference_module_accounting_sensitivity_no_portfolio_diversification,reserved_headroom,8,0,0.95,1,0.2,36.7061978565,36.5234375,200,0.05,0.5,0.0025,2,50000,50,0.15,0,3.0865932973,1487.82526487,1488.74422314,1488.74422314,-54374.0565875
nature_economic_cost_robustness_v1,post_hoc_development_parameterized_sensitivity,real_2026_usd,independent_fresh_event_screening_bootstrap,proportional_reference_module_accounting_sensitivity_no_portfolio_diversification,reserved_headroom,8,0,0.95,1,0.2,36.7061978565,36.5234375,200,0.05,1,0.005,0,0,50,0.15,0,6.1731865946,121.927900951,123.763528239,123.763528239,-4520.26948843
nature_economic_cost_robustness_v1,post_hoc_development_parameterized_sensitivity,real_2026_usd,independent_fresh_event_screening_bootstrap,proportional_reference_module_accounting_sensitivity_no_portfolio_diversification,reserved_headroom,8,0,0.95,1,0.2,36.7061978565,36.5234375,200,0.05,1,0.005,0.5,12500,50,0.15,0,6.1731865946,464.173890256,466.009517544,466.009517544,-17020.2694884
nature_economic_cost_robustness_v1,post_hoc_development_parameterized_sensitivity,real_2026_usd,independent_fresh_event_screening_bootstrap,proportional_reference_module_accounting_sensitivity_no_portfolio_diversification,reserved_headroom,8,0,0.95,1,0.2,36.7061978565,36.5234375,200,0.05,1,0.005,1,25000,50,0.15,0,6.1731865946,806.419879561,808.255506849,808.255506849,-29520.2694884
nature_economic_cost_robustness_v1,post_hoc_development_parameterized_sensitivity,real_2026_usd,independent_fresh_event_screening_bootstrap,proportional_reference_module_accounting_sensitivity_no_portfolio_diversification,reserved_headroom,8,0,0.95,1,0.2,36.7061978565,36.5234375,200,0.05,1,0.005,2,50000,50,0.15,0,6.1731865946,1490.91185817,1492.74748546,1492.74748546,-54520.2694884
nature_economic_cost_robustness_v1,post_hoc_development_parameterized_sensitivity,real_2026_usd,independent_fresh_event_screening_bootstrap,proportional_reference_module_accounting_sensitivity_no_portfolio_diversification,reserved_headroom,8,0,0.95,1,0.2,36.7061978565,36.5234375,200,0.05,2,0.01,0,0,50,0.15,0,12.3463731892,128.101087546,131.770052869,131.770052869,-4812.69529033
nature_economic_cost_robustness_v1,post_hoc_development_parameterized_sensitivity,real_2026_usd,independent_fresh_event_screening_bootstrap,proportional_reference_module_accounting_sensitivity_no_portfolio_diversification,reserved_headroom,8,0,0.95,1,0.2,36.7061978565,36.5234375,200,0.05,2,0.01,0.5,12500,50,0.15,0,12.3463731892,470.347076851,474.016042174,474.016042174,-17312.6952903
nature_economic_cost_robustness_v1,post_hoc_development_parameterized_sensitivity,real_2026_usd,independent_fresh_event_screening_bootstrap,proportional_reference_module_accounting_sensitivity_no_portfolio_diversification,reserved_headroom,8,0,0.95,1,0.2,36.7061978565,36.5234375,200,0.05,2,0.01,1,25000,50,0.15,0,12.3463731892,812.593066155,816.262031478,816.262031478,-29812.6952903
nature_economic_cost_robustness_v1,post_hoc_development_parameterized_sensitivity,real_2026_usd,independent_fresh_event_screening_bootstrap,proportional_reference_module_accounting_sensitivity_no_portfolio_diversification,reserved_headroom,8,0,0.95,1,0.2,36.7061978565,36.5234375,200,0.05,2,0.01,2,50000,50,0.15,0,12.3463731892,1497.08504477,1500.75401009,1500.75401009,-54812.6952903
nature_economic_cost_robustness_v1,post_hoc_development_parameterized_sensitivity,real_2026_usd,independent_fresh_event_screening_bootstrap,proportional_reference_module_accounting_sensitivity_no_portfolio_diversification,throughput_displacing,8,0,0.95,1,0.2,36.7061978565,36.5234375,200,0.05,0,0,0,0,50,0,0.25,0,6.3580064676,6.62017228813,6.62017228813,-241.791448805
nature_economic_cost_robustness_v1,post_hoc_development_parameterized_sensitivity,real_2026_usd,independent_fresh_event_screening_bootstrap,proportional_reference_module_accounting_sensitivity_no_portfolio_diversification,throughput_displacing,8,0,0.95,1,0.2,36.7061978565,36.5234375,200,0.05,0,0,0.5,12500,50,0,0.25,0,348.603995772,348.866161593,348.866161593,-12741.7914488
nature_economic_cost_robustness_v1,post_hoc_development_parameterized_sensitivity,real_2026_usd,independent_fresh_event_screening_bootstrap,proportional_reference_module_accounting_sensitivity_no_portfolio_diversification,throughput_displacing,8,0,0.95,1,0.2,36.7061978565,36.5234375,200,0.05,0,0,1,25000,50,0,0.25,0,690.849985077,691.112150898,691.112150898,-25241.7914488
nature_economic_cost_robustness_v1,post_hoc_development_parameterized_sensitivity,real_2026_usd,independent_fresh_event_screening_bootstrap,proportional_reference_module_accounting_sensitivity_no_portfolio_diversification,throughput_displacing,8,0,0.95,1,0.2,36.7061978565,36.5234375,200,0.05,0,0,2,50000,50,0,0.25,0,1375.34196369,1375.60412951,1375.60412951,-50241.7914488
nature_economic_cost_robustness_v1,post_hoc_development_parameterized_sensitivity,real_2026_usd,independent_fresh_event_screening_bootstrap,proportional_reference_module_accounting_sensitivity_no_portfolio_diversification,throughput_displacing,8,0,0.95,1,0.2,36.7061978565,36.5234375,200,0.05,0.5,0.0025,0,0,50,0,0.25,3.0865932973,9.4445997649,10.3296212742,10.3296212742,-377.273277006
nature_economic_cost_robustness_v1,post_hoc_development_parameterized_sensitivity,real_2026_usd,independent_fresh_event_screening_bootstrap,proportional_reference_module_accounting_sensitivity_no_portfolio_diversification,throughput_displacing,8,0,0.95,1,0.2,36.7061978565,36.5234375,200,0.05,0.5,0.0025,0.5,12500,50,0,0.25,3.0865932973,351.69058907,352.575610579,352.575610579,-12877.273277
nature_economic_cost_robustness_v1,post_hoc_development_parameterized_sensitivity,real_2026_usd,independent_fresh_event_screening_bootstrap,proportional_reference_module_accounting_sensitivity_no_portfolio_diversification,throughput_displacing,8,0,0.95,1,0.2,36.7061978565,36.5234375,200,0.05,0.5,0.0025,1,25000,50,0,0.25,3.0865932973,693.936578375,694.821599884,694.821599884,-25377.273277
nature_economic_cost_robustness_v1,post_hoc_development_parameterized_sensitivity,real_2026_usd,independent_fresh_event_screening_bootstrap,proportional_reference_module_accounting_sensitivity_no_portfolio_diversification,throughput_displacing,8,0,0.95,1,0.2,36.7061978565,36.5234375,200,0.05,0.5,0.0025,2,50000,50,0,0.25,3.0865932973,1378.42855698,1379.31357849,1379.31357849,-50377.273277
nature_economic_cost_robustness_v1,post_hoc_development_parameterized_sensitivity,real_2026_usd,independent_fresh_event_screening_bootstrap,proportional_reference_module_accounting_sensitivity_no_portfolio_diversification,throughput_displacing,8,0,0.95,1,0.2,36.7061978565,36.5234375,200,0.05,1,0.005,0,0,50,0,0.25,6.1731865946,12.5311930622,14.3215210105,14.3215210105,-523.071177531
nature_economic_cost_robustness_v1,post_hoc_development_parameterized_sensitivity,real_2026_usd,independent_fresh_event_screening_bootstrap,proportional_reference_module_accounting_sensitivity_no_portfolio_diversification,throughput_displacing,8,0,0.95,1,0.2,36.7061978565,36.5234375,200,0.05,1,0.005,0.5,12500,50,0,0.25,6.1731865946,354.777182367,356.567510315,356.567510315,-13023.0711775
nature_economic_cost_robustness_v1,post_hoc_development_parameterized_sensitivity,real_2026_usd,independent_fresh_event_screening_bootstrap,proportional_reference_module_accounting_sensitivity_no_portfolio_diversification,throughput_displacing,8,0,0.95,1,0.2,36.7061978565,36.5234375,200,0.05,1,0.005,1,25000,50,0,0.25,6.1731865946,697.023171672,698.81349962,698.81349962,-25523.0711775
nature_economic_cost_robustness_v1,post_hoc_development_parameterized_sensitivity,real_2026_usd,independent_fresh_event_screening_bootstrap,proportional_reference_module_accounting_sensitivity_no_portfolio_diversification,throughput_displacing,8,0,0.95,1,0.2,36.7061978565,36.5234375,200,0.05,1,0.005,2,50000,50,0,0.25,6.1731865946,1381.51515028,1383.30547823,1383.30547823,-50523.0711775
nature_economic_cost_robustness_v1,post_hoc_development_parameterized_sensitivity,real_2026_usd,independent_fresh_event_screening_bootstrap,proportional_reference_module_accounting_sensitivity_no_portfolio_diversification,throughput_displacing,8,0,0.95,1,0.2,36.7061978565,36.5234375,200,0.05,2,0.01,0,0,50,0,0.25,12.3463731892,18.7043796568,22.308282937,22.308282937,-814.775177583
nature_economic_cost_robustness_v1,post_hoc_development_parameterized_sensitivity,real_2026_usd,independent_fresh_event_screening_bootstrap,proportional_reference_module_accounting_sensitivity_no_portfolio_diversification,throughput_displacing,8,0,0.95,1,0.2,36.7061978565,36.5234375,200,0.05,2,0.01,0.5,12500,50,0,0.25,12.3463731892,360.950368962,364.554272242,364.554272242,-13314.7751776
nature_economic_cost_robustness_v1,post_hoc_development_parameterized_sensitivity,real_2026_usd,independent_fresh_event_screening_bootstrap,proportional_reference_module_accounting_sensitivity_no_portfolio_diversification,throughput_displacing,8,0,0.95,1,0.2,36.7061978565,36.5234375,200,0.05,2,0.01,1,25000,50,0,0.25,12.3463731892,703.196358266,706.800261547,706.800261547,-25814.7751776
nature_economic_cost_robustness_v1,post_hoc_development_parameterized_sensitivity,real_2026_usd,independent_fresh_event_screening_bootstrap,proportional_reference_module_accounting_sensitivity_no_portfolio_diversification,throughput_displacing,8,0,0.95,1,0.2,36.7061978565,36.5234375,200,0.05,2,0.01,2,50000,50,0,0.25,12.3463731892,1387.68833688,1391.29224016,1391.29224016,-50814.7751776
nature_economic_cost_robustness_v1,post_hoc_development_parameterized_sensitivity,real_2026_usd,independent_fresh_event_screening_bootstrap,proportional_reference_module_accounting_sensitivity_no_portfolio_diversification,slack_backed,8,0,0.95,1,1,36.7061978565,182.6171875,200,0.05,0,0,0,0,50,0,0,0,0,0,-0.383190445065,69.9771613547
nature_economic_cost_robustness_v1,post_hoc_development_parameterized_sensitivity,real_2026_usd,independent_fresh_event_screening_bootstrap,proportional_reference_module_accounting_sensitivity_no_portfolio_diversification,slack_backed,8,0,0.95,1,1,36.7061978565,182.6171875,200,0.05,0,0,0.5,12500,50,0,0,0,68.0556407143,68.0660074159,68.0660074159,-12430.0228386
nature_economic_cost_robustness_v1,post_hoc_development_parameterized_sensitivity,real_2026_usd,independent_fresh_event_screening_bootstrap,proportional_reference_module_accounting_sensitivity_no_portfolio_diversification,slack_backed,8,0,0.95,1,1,36.7061978565,182.6171875,200,0.05,0,0,1,25000,50,0,0,0,136.504838575,136.515205277,136.515205277,-24930.0228386
nature_economic_cost_robustness_v1,post_hoc_development_parameterized_sensitivity,real_2026_usd,independent_fresh_event_screening_bootstrap,proportional_reference_module_accounting_sensitivity_no_portfolio_diversification,slack_backed,8,0,0.95,1,1,36.7061978565,182.6171875,200,0.05,0,0,2,50000,50,0,0,0,273.403234297,273.413600999,273.413600999,-49930.0228386
nature_economic_cost_robustness_v1,post_hoc_development_parameterized_sensitivity,real_2026_usd,independent_fresh_event_screening_bootstrap,proportional_reference_module_accounting_sensitivity_no_portfolio_diversification,slack_backed,8,0,0.95,1,1,36.7061978565,182.6171875,200,0.05,0.5,0.0025,0,0,50,0,0,3.0865932973,2.69303615062,3.61199442144,3.61199442144,-659.612262508
nature_economic_cost_robustness_v1,post_hoc_development_parameterized_sensitivity,real_2026_usd,independent_fresh_event_screening_bootstrap,proportional_reference_module_accounting_sensitivity_no_portfolio_diversification,slack_backed,8,0,0.95,1,1,36.7061978565,182.6171875,200,0.05,0.5,0.0025,0.5,12500,50,0,0,3.0865932973,71.1422340116,72.0611922824,72.0611922824,-13159.6122625
nature_economic_cost_robustness_v1,post_hoc_development_parameterized_sensitivity,real_2026_usd,independent_fresh_event_screening_bootstrap,proportional_reference_module_accounting_sensitivity_no_portfolio_diversification,slack_backed,8,0,0.95,1,1,36.7061978565,182.6171875,200,0.05,0.5,0.0025,1,25000,50,0,0,3.0865932973,139.591431873,140.510390143,140.510390143,-25659.6122625
nature_economic_cost_robustness_v1,post_hoc_development_parameterized_sensitivity,real_2026_usd,independent_fresh_event_screening_bootstrap,proportional_reference_module_accounting_sensitivity_no_portfolio_diversification,slack_backed,8,0,0.95,1,1,36.7061978565,182.6171875,200,0.05,0.5,0.0025,2,50000,50,0,0,3.0865932973,276.489827594,277.408785865,277.408785865,-50659.6122625
nature_economic_cost_robustness_v1,post_hoc_development_parameterized_sensitivity,real_2026_usd,independent_fresh_event_screening_bootstrap,proportional_reference_module_accounting_sensitivity_no_portfolio_diversification,slack_backed,8,0,0.95,1,1,36.7061978565,182.6171875,200,0.05,1,0.005,0,0,50,0,0,6.1731865946,5.77962944792,7.61525673615,7.61525673615,-1390.67676725
nature_economic_cost_robustness_v1,post_hoc_development_parameterized_sensitivity,real_2026_usd,independent_fresh_event_screening_bootstrap,proportional_reference_module_accounting_sensitivity_no_portfolio_diversification,slack_backed,8,0,0.95,1,1,36.7061978565,182.6171875,200,0.05,1,0.005,0.5,12500,50,0,0,6.1731865946,74.2288273089,76.0644545971,76.0644545971,-13890.6767672
nature_economic_cost_robustness_v1,post_hoc_development_parameterized_sensitivity,real_2026_usd,independent_fresh_event_screening_bootstrap,proportional_reference_module_accounting_sensitivity_no_portfolio_diversification,slack_backed,8,0,0.95,1,1,36.7061978565,182.6171875,200,0.05,1,0.005,1,25000,50,0,0,6.1731865946,142.67802517,144.513652458,144.513652458,-26390.6767672
nature_economic_cost_robustness_v1,post_hoc_development_parameterized_sensitivity,real_2026_usd,independent_fresh_event_screening_bootstrap,proportional_reference_module_accounting_sensitivity_no_portfolio_diversification,slack_backed,8,0,0.95,1,1,36.7061978565,182.6171875,200,0.05,1,0.005,2,50000,50,0,0,6.1731865946,279.576420892,281.41204818,281.41204818,-51390.6767672
nature_economic_cost_robustness_v1,post_hoc_development_parameterized_sensitivity,real_2026_usd,independent_fresh_event_screening_bootstrap,proportional_reference_module_accounting_sensitivity_no_portfolio_diversification,slack_backed,8,0,0.95,1,1,36.7061978565,182.6171875,200,0.05,2,0.01,0,0,50,0,0,12.3463731892,11.9528160425,15.6217813656,15.6217813656,-2852.80577672
nature_economic_cost_robustness_v1,post_hoc_development_parameterized_sensitivity,real_2026_usd,independent_fresh_event_screening_bootstrap,proportional_reference_module_accounting_sensitivity_no_portfolio_diversification,slack_backed,8,0,0.95,1,1,36.7061978565,182.6171875,200,0.05,2,0.01,0.5,12500,50,0,0,12.3463731892,80.4020139035,84.0709792265,84.0709792265,-15352.8057767
nature_economic_cost_robustness_v1,post_hoc_development_parameterized_sensitivity,real_2026_usd,independent_fresh_event_screening_bootstrap,proportional_reference_module_accounting_sensitivity_no_portfolio_diversification,slack_backed,8,0,0.95,1,1,36.7061978565,182.6171875,200,0.05,2,0.01,1,25000,50,0,0,12.3463731892,148.851211764,152.520177087,152.520177087,-27852.8057767
nature_economic_cost_robustness_v1,post_hoc_development_parameterized_sensitivity,real_2026_usd,independent_fresh_event_screening_bootstrap,proportional_reference_module_accounting_sensitivity_no_portfolio_diversification,slack_backed,8,0,0.95,1,1,36.7061978565,182.6171875,200,0.05,2,0.01,2,50000,50,0,0,12.3463731892,285.749607486,289.418572809,289.418572809,-52852.8057767
nature_economic_cost_robustness_v1,post_hoc_development_parameterized_sensitivity,real_2026_usd,independent_fresh_event_screening_bootstrap,proportional_reference_module_accounting_sensitivity_no_portfolio_diversification,reserved_headroom,8,0,0.95,1,1,36.7061978565,182.6171875,200,0.05,0,0,0,0,50,0.15,0,0,115.754714357,115.765081058,115.765081058,-21140.6935136
nature_economic_cost_robustness_v1,post_hoc_development_parameterized_sensitivity,real_2026_usd,independent_fresh_event_screening_bootstrap,proportional_reference_module_accounting_sensitivity_no_portfolio_diversification,reserved_headroom,8,0,0.95,1,1,36.7061978565,182.6171875,200,0.05,0,0,0.5,12500,50,0.15,0,0,184.203912218,184.214278919,184.214278919,-33640.6935136
nature_economic_cost_robustness_v1,post_hoc_development_parameterized_sensitivity,real_2026_usd,independent_fresh_event_screening_bootstrap,proportional_reference_module_accounting_sensitivity_no_portfolio_diversification,reserved_headroom,8,0,0.95,1,1,36.7061978565,182.6171875,200,0.05,0,0,1,25000,50,0.15,0,0,252.653110078,252.66347678,252.66347678,-46140.6935136
nature_economic_cost_robustness_v1,post_hoc_development_parameterized_sensitivity,real_2026_usd,independent_fresh_event_screening_bootstrap,proportional_reference_module_accounting_sensitivity_no_portfolio_diversification,reserved_headroom,8,0,0.95,1,1,36.7061978565,182.6171875,200,0.05,0,0,2,50000,50,0.15,0,0,389.5515058,389.561872502,389.561872502,-71140.6935136
nature_economic_cost_robustness_v1,post_hoc_development_parameterized_sensitivity,real_2026_usd,independent_fresh_event_screening_bootstrap,proportional_reference_module_accounting_sensitivity_no_portfolio_diversification,reserved_headroom,8,0,0.95,1,1,36.7061978565,182.6171875,200,0.05,0.5,0.0025,0,0,50,0.15,0,3.0865932973,118.841307654,119.760265925,119.760265925,-21870.2829374
nature_economic_cost_robustness_v1,post_hoc_development_parameterized_sensitivity,real_2026_usd,independent_fresh_event_screening_bootstrap,proportional_reference_module_accounting_sensitivity_no_portfolio_diversification,reserved_headroom,8,0,0.95,1,1,36.7061978565,182.6171875,200,0.05,0.5,0.0025,0.5,12500,50,0.15,0,3.0865932973,187.290505515,188.209463786,188.209463786,-34370.2829374
nature_economic_cost_robustness_v1,post_hoc_development_parameterized_sensitivity,real_2026_usd,independent_fresh_event_screening_bootstrap,proportional_reference_module_accounting_sensitivity_no_portfolio_diversification,reserved_headroom,8,0,0.95,1,1,36.7061978565,182.6171875,200,0.05,0.5,0.0025,1,25000,50,0.15,0,3.0865932973,255.739703376,256.658661647,256.658661647,-46870.2829374
nature_economic_cost_robustness_v1,post_hoc_development_parameterized_sensitivity,real_2026_usd,independent_fresh_event_screening_bootstrap,proportional_reference_module_accounting_sensitivity_no_portfolio_diversification,reserved_headroom,8,0,0.95,1,1,36.7061978565,182.6171875,200,0.05,0.5,0.0025,2,50000,50,0.15,0,3.0865932973,392.638099098,393.557057369,393.557057369,-71870.2829374
nature_economic_cost_robustness_v1,post_hoc_development_parameterized_sensitivity,real_2026_usd,independent_fresh_event_screening_bootstrap,proportional_reference_module_accounting_sensitivity_no_portfolio_diversification,reserved_headroom,8,0,0.95,1,1,36.7061978565,182.6171875,200,0.05,1,0.005,0,0,50,0.15,0,6.1731865946,121.927900951,123.763528239,123.763528239,-22601.3474422
nature_economic_cost_robustness_v1,post_hoc_development_parameterized_sensitivity,real_2026_usd,independent_fresh_event_screening_bootstrap,proportional_reference_module_accounting_sensitivity_no_portfolio_diversification,reserved_headroom,8,0,0.95,1,1,36.7061978565,182.6171875,200,0.05,1,0.005,0.5,12500,50,0.15,0,6.1731865946,190.377098812,192.2127261,192.2127261,-35101.3474422
nature_economic_cost_robustness_v1,post_hoc_development_parameterized_sensitivity,real_2026_usd,independent_fresh_event_screening_bootstrap,proportional_reference_module_accounting_sensitivity_no_portfolio_diversification,reserved_headroom,8,0,0.95,1,1,36.7061978565,182.6171875,200,0.05,1,0.005,1,25000,50,0.15,0,6.1731865946,258.826296673,260.661923961,260.661923961,-47601.3474422
nature_economic_cost_robustness_v1,post_hoc_development_parameterized_sensitivity,real_2026_usd,independent_fresh_event_screening_bootstrap,proportional_reference_module_accounting_sensitivity_no_portfolio_diversification,reserved_headroom,8,0,0.95,1,1,36.7061978565,182.6171875,200,0.05,1,0.005,2,50000,50,0.15,0,6.1731865946,395.724692395,397.560319683,397.560319683,-72601.3474422
nature_economic_cost_robustness_v1,post_hoc_development_parameterized_sensitivity,real_2026_usd,independent_fresh_event_screening_bootstrap,proportional_reference_module_accounting_sensitivity_no_portfolio_diversification,reserved_headroom,8,0,0.95,1,1,36.7061978565,182.6171875,200,0.05,2,0.01,0,0,50,0.15,0,12.3463731892,128.101087546,131.770052869,131.770052869,-24063.4764516
nature_economic_cost_robustness_v1,post_hoc_development_parameterized_sensitivity,real_2026_usd,independent_fresh_event_screening_bootstrap,proportional_reference_module_accounting_sensitivity_no_portfolio_diversification,reserved_headroom,8,0,0.95,1,1,36.7061978565,182.6171875,200,0.05,2,0.01,0.5,12500,50,0.15,0,12.3463731892,196.550285407,200.21925073,200.21925073,-36563.4764516
nature_economic_cost_robustness_v1,post_hoc_development_parameterized_sensitivity,real_2026_usd,independent_fresh_event_screening_bootstrap,proportional_reference_module_accounting_sensitivity_no_portfolio_diversification,reserved_headroom,8,0,0.95,1,1,36.7061978565,182.6171875,200,0.05,2,0.01,1,25000,50,0.15,0,12.3463731892,264.999483268,268.668448591,268.668448591,-49063.4764516
nature_economic_cost_robustness_v1,post_hoc_development_parameterized_sensitivity,real_2026_usd,independent_fresh_event_screening_bootstrap,proportional_reference_module_accounting_sensitivity_no_portfolio_diversification,reserved_headroom,8,0,0.95,1,1,36.7061978565,182.6171875,200,0.05,2,0.01,2,50000,50,0.15,0,12.3463731892,401.89787899,405.566844313,405.566844313,-74063.4764516
nature_economic_cost_robustness_v1,post_hoc_development_parameterized_sensitivity,real_2026_usd,independent_fresh_event_screening_bootstrap,proportional_reference_module_accounting_sensitivity_no_portfolio_diversification,throughput_displacing,8,0,0.95,1,1,36.7061978565,182.6171875,200,0.05,0,0,0,0,50,0,0.25,0,6.3580064676,6.62017228813,6.62017228813,-1208.95724402
nature_economic_cost_robustness_v1,post_hoc_development_parameterized_sensitivity,real_2026_usd,independent_fresh_event_screening_bootstrap,proportional_reference_module_accounting_sensitivity_no_portfolio_diversification,throughput_displacing,8,0,0.95,1,1,36.7061978565,182.6171875,200,0.05,0,0,0.5,12500,50,0,0.25,0,74.8072043286,75.0693701491,75.0693701491,-13708.957244
nature_economic_cost_robustness_v1,post_hoc_development_parameterized_sensitivity,real_2026_usd,independent_fresh_event_screening_bootstrap,proportional_reference_module_accounting_sensitivity_no_portfolio_diversification,throughput_displacing,8,0,0.95,1,1,36.7061978565,182.6171875,200,0.05,0,0,1,25000,50,0,0.25,0,143.25640219,143.51856801,143.51856801,-26208.957244
nature_economic_cost_robustness_v1,post_hoc_development_parameterized_sensitivity,real_2026_usd,independent_fresh_event_screening_bootstrap,proportional_reference_module_accounting_sensitivity_no_portfolio_diversification,throughput_displacing,8,0,0.95,1,1,36.7061978565,182.6171875,200,0.05,0,0,2,50000,50,0,0.25,0,280.154797911,280.416963732,280.416963732,-51208.957244
nature_economic_cost_robustness_v1,post_hoc_development_parameterized_sensitivity,real_2026_usd,independent_fresh_event_screening_bootstrap,proportional_reference_module_accounting_sensitivity_no_portfolio_diversification,throughput_displacing,8,0,0.95,1,1,36.7061978565,182.6171875,200,0.05,0.5,0.0025,0,0,50,0,0.25,3.0865932973,9.4445997649,10.3296212742,10.3296212742,-1886.36638503
nature_economic_cost_robustness_v1,post_hoc_development_parameterized_sensitivity,real_2026_usd,independent_fresh_event_screening_bootstrap,proportional_reference_module_accounting_sensitivity_no_portfolio_diversification,throughput_displacing,8,0,0.95,1,1,36.7061978565,182.6171875,200,0.05,0.5,0.0025,0.5,12500,50,0,0.25,3.0865932973,77.8937976259,78.7788191351,78.7788191351,-14386.366385
nature_economic_cost_robustness_v1,post_hoc_development_parameterized_sensitivity,real_2026_usd,independent_fresh_event_screening_bootstrap,proportional_reference_module_accounting_sensitivity_no_portfolio_diversification,throughput_displacing,8,0,0.95,1,1,36.7061978565,182.6171875,200,0.05,0.5,0.0025,1,25000,50,0,0.25,3.0865932973,146.342995487,147.228016996,147.228016996,-26886.366385
nature_economic_cost_robustness_v1,post_hoc_development_parameterized_sensitivity,real_2026_usd,independent_fresh_event_screening_bootstrap,proportional_reference_module_accounting_sensitivity_no_portfolio_diversification,throughput_displacing,8,0,0.95,1,1,36.7061978565,182.6171875,200,0.05,0.5,0.0025,2,50000,50,0,0.25,3.0865932973,283.241391209,284.126412718,284.126412718,-51886.366385
nature_economic_cost_robustness_v1,post_hoc_development_parameterized_sensitivity,real_2026_usd,independent_fresh_event_screening_bootstrap,proportional_reference_module_accounting_sensitivity_no_portfolio_diversification,throughput_displacing,8,0,0.95,1,1,36.7061978565,182.6171875,200,0.05,1,0.005,0,0,50,0,0.25,6.1731865946,12.5311930622,14.3215210105,14.3215210105,-2615.35588765
nature_economic_cost_robustness_v1,post_hoc_development_parameterized_sensitivity,real_2026_usd,independent_fresh_event_screening_bootstrap,proportional_reference_module_accounting_sensitivity_no_portfolio_diversification,throughput_displacing,8,0,0.95,1,1,36.7061978565,182.6171875,200,0.05,1,0.005,0.5,12500,50,0,0.25,6.1731865946,80.9803909232,82.7707188714,82.7707188714,-15115.3558877
nature_economic_cost_robustness_v1,post_hoc_development_parameterized_sensitivity,real_2026_usd,independent_fresh_event_screening_bootstrap,proportional_reference_module_accounting_sensitivity_no_portfolio_diversification,throughput_displacing,8,0,0.95,1,1,36.7061978565,182.6171875,200,0.05,1,0.005,1,25000,50,0,0.25,6.1731865946,149.429588784,151.219916732,151.219916732,-27615.3558877
nature_economic_cost_robustness_v1,post_hoc_development_parameterized_sensitivity,real_2026_usd,independent_fresh_event_screening_bootstrap,proportional_reference_module_accounting_sensitivity_no_portfolio_diversification,throughput_displacing,8,0,0.95,1,1,36.7061978565,182.6171875,200,0.05,1,0.005,2,50000,50,0,0.25,6.1731865946,286.327984506,288.118312454,288.118312454,-52615.3558877
nature_economic_cost_robustness_v1,post_hoc_development_parameterized_sensitivity,real_2026_usd,independent_fresh_event_screening_bootstrap,proportional_reference_module_accounting_sensitivity_no_portfolio_diversification,throughput_displacing,8,0,0.95,1,1,36.7061978565,182.6171875,200,0.05,2,0.01,0,0,50,0,0.25,12.3463731892,18.7043796568,22.308282937,22.308282937,-4073.87588791
nature_economic_cost_robustness_v1,post_hoc_development_parameterized_sensitivity,real_2026_usd,independent_fresh_event_screening_bootstrap,proportional_reference_module_accounting_sensitivity_no_portfolio_diversification,throughput_displacing,8,0,0.95,1,1,36.7061978565,182.6171875,200,0.05,2,0.01,0.5,12500,50,0,0.25,12.3463731892,87.1535775178,90.757480798,90.757480798,-16573.8758879
nature_economic_cost_robustness_v1,post_hoc_development_parameterized_sensitivity,real_2026_usd,independent_fresh_event_screening_bootstrap,proportional_reference_module_accounting_sensitivity_no_portfolio_diversification,throughput_displacing,8,0,0.95,1,1,36.7061978565,182.6171875,200,0.05,2,0.01,1,25000,50,0,0.25,12.3463731892,155.602775379,159.206678659,159.206678659,-29073.8758879
nature_economic_cost_robustness_v1,post_hoc_development_parameterized_sensitivity,real_2026_usd,independent_fresh_event_screening_bootstrap,proportional_reference_module_accounting_sensitivity_no_portfolio_diversification,throughput_displacing,8,0,0.95,1,1,36.7061978565,182.6171875,200,0.05,2,0.01,2,50000,50,0,0.25,12.3463731892,292.501171101,296.105074381,296.105074381,-54073.8758879
nature_economic_cost_robustness_v1,post_hoc_development_parameterized_sensitivity,real_2026_usd,independent_fresh_event_screening_bootstrap,proportional_reference_module_accounting_sensitivity_no_portfolio_diversification,slack_backed,8,0,0.95,1,5,36.7061978565,913.0859375,200,0.05,0,0,0,0,50,0,0,0,0,0,-0.383190445065,349.885806773
nature_economic_cost_robustness_v1,post_hoc_development_parameterized_sensitivity,real_2026_usd,independent_fresh_event_screening_bootstrap,proportional_reference_module_accounting_sensitivity_no_portfolio_diversification,slack_backed,8,0,0.95,1,5,36.7061978565,913.0859375,200,0.05,0,0,0.5,12500,50,0,0,0,13.2962824255,13.3066491271,13.3066491271,-12150.1141932
nature_economic_cost_robustness_v1,post_hoc_development_parameterized_sensitivity,real_2026_usd,independent_fresh_event_screening_bootstrap,proportional_reference_module_accounting_sensitivity_no_portfolio_diversification,slack_backed,8,0,0.95,1,5,36.7061978565,913.0859375,200,0.05,0,0,1,25000,50,0,0,0,26.9861219977,26.9964886993,26.9964886993,-24650.1141932
nature_economic_cost_robustness_v1,post_hoc_development_parameterized_sensitivity,real_2026_usd,independent_fresh_event_screening_bootstrap,proportional_reference_module_accounting_sensitivity_no_portfolio_diversification,slack_backed,8,0,0.95,1,5,36.7061978565,913.0859375,200,0.05,0,0,2,50000,50,0,0,0,54.3658011421,54.3761678437,54.3761678437,-49650.1141932
nature_economic_cost_robustness_v1,post_hoc_development_parameterized_sensitivity,real_2026_usd,independent_fresh_event_screening_bootstrap,proportional_reference_module_accounting_sensitivity_no_portfolio_diversification,slack_backed,8,0,0.95,1,5,36.7061978565,913.0859375,200,0.05,0.5,0.0025,0,0,50,0,0,3.0865932973,2.69303615062,3.61199442144,3.61199442144,-3298.06131254
nature_economic_cost_robustness_v1,post_hoc_development_parameterized_sensitivity,real_2026_usd,independent_fresh_event_screening_bootstrap,proportional_reference_module_accounting_sensitivity_no_portfolio_diversification,slack_backed,8,0,0.95,1,5,36.7061978565,913.0859375,200,0.05,0.5,0.0025,0.5,12500,50,0,0,3.0865932973,16.3828757228,17.3018339936,17.3018339936,-15798.0613125
nature_economic_cost_robustness_v1,post_hoc_development_parameterized_sensitivity,real_2026_usd,independent_fresh_event_screening_bootstrap,proportional_reference_module_accounting_sensitivity_no_portfolio_diversification,slack_backed,8,0,0.95,1,5,36.7061978565,913.0859375,200,0.05,0.5,0.0025,1,25000,50,0,0,3.0865932973,30.072715295,30.9916735658,30.9916735658,-28298.0613125
nature_economic_cost_robustness_v1,post_hoc_development_parameterized_sensitivity,real_2026_usd,independent_fresh_event_screening_bootstrap,proportional_reference_module_accounting_sensitivity_no_portfolio_diversification,slack_backed,8,0,0.95,1,5,36.7061978565,913.0859375,200,0.05,0.5,0.0025,2,50000,50,0,0,3.0865932973,57.4523944394,58.3713527102,58.3713527102,-53298.0613125
nature_economic_cost_robustness_v1,post_hoc_development_parameterized_sensitivity,real_2026_usd,independent_fresh_event_screening_bootstrap,proportional_reference_module_accounting_sensitivity_no_portfolio_diversification,slack_backed,8,0,0.95,1,5,36.7061978565,913.0859375,200,0.05,1,0.005,0,0,50,0,0,6.1731865946,5.77962944792,7.61525673615,7.61525673615,-6953.38383623
nature_economic_cost_robustness_v1,post_hoc_development_parameterized_sensitivity,real_2026_usd,independent_fresh_event_screening_bootstrap,proportional_reference_module_accounting_sensitivity_no_portfolio_diversification,slack_backed,8,0,0.95,1,5,36.7061978565,913.0859375,200,0.05,1,0.005,0.5,12500,50,0,0,6.1731865946,19.4694690201,21.3050963083,21.3050963083,-19453.3838362
nature_economic_cost_robustness_v1,post_hoc_development_parameterized_sensitivity,real_2026_usd,independent_fresh_event_screening_bootstrap,proportional_reference_module_accounting_sensitivity_no_portfolio_diversification,slack_backed,8,0,0.95,1,5,36.7061978565,913.0859375,200,0.05,1,0.005,1,25000,50,0,0,6.1731865946,33.1593085923,34.9949358805,34.9949358805,-31953.3838362
nature_economic_cost_robustness_v1,post_hoc_development_parameterized_sensitivity,real_2026_usd,independent_fresh_event_screening_bootstrap,proportional_reference_module_accounting_sensitivity_no_portfolio_diversification,slack_backed,8,0,0.95,1,5,36.7061978565,913.0859375,200,0.05,1,0.005,2,50000,50,0,0,6.1731865946,60.5389877367,62.3746150249,62.3746150249,-56953.3838362
nature_economic_cost_robustness_v1,post_hoc_development_parameterized_sensitivity,real_2026_usd,independent_fresh_event_screening_bootstrap,proportional_reference_module_accounting_sensitivity_no_portfolio_diversification,slack_backed,8,0,0.95,1,5,36.7061978565,913.0859375,200,0.05,2,0.01,0,0,50,0,0,12.3463731892,11.9528160425,15.6217813656,15.6217813656,-14264.0288836
nature_economic_cost_robustness_v1,post_hoc_development_parameterized_sensitivity,real_2026_usd,independent_fresh_event_screening_bootstrap,proportional_reference_module_accounting_sensitivity_no_portfolio_diversification,slack_backed,8,0,0.95,1,5,36.7061978565,913.0859375,200,0.05,2,0.01,0.5,12500,50,0,0,12.3463731892,25.6426556147,29.3116209378,29.3116209378,-26764.0288836
nature_economic_cost_robustness_v1,post_hoc_development_parameterized_sensitivity,real_2026_usd,independent_fresh_event_screening_bootstrap,proportional_reference_module_accounting_sensitivity_no_portfolio_diversification,slack_backed,8,0,0.95,1,5,36.7061978565,913.0859375,200,0.05,2,0.01,1,25000,50,0,0,12.3463731892,39.3324951869,43.00146051,43.00146051,-39264.0288836
nature_economic_cost_robustness_v1,post_hoc_development_parameterized_sensitivity,real_2026_usd,independent_fresh_event_screening_bootstrap,proportional_reference_module_accounting_sensitivity_no_portfolio_diversification,slack_backed,8,0,0.95,1,5,36.7061978565,913.0859375,200,0.05,2,0.01,2,50000,50,0,0,12.3463731892,66.7121743313,70.3811396543,70.3811396543,-64264.0288836
nature_economic_cost_robustness_v1,post_hoc_development_parameterized_sensitivity,real_2026_usd,independent_fresh_event_screening_bootstrap,proportional_reference_module_accounting_sensitivity_no_portfolio_diversification,reserved_headroom,8,0,0.95,1,5,36.7061978565,913.0859375,200,0.05,0,0,0,0,50,0.15,0,0,115.754714357,115.765081058,115.765081058,-105703.467568
nature_economic_cost_robustness_v1,post_hoc_development_parameterized_sensitivity,real_2026_usd,independent_fresh_event_screening_bootstrap,proportional_reference_module_accounting_sensitivity_no_portfolio_diversification,reserved_headroom,8,0,0.95,1,5,36.7061978565,913.0859375,200,0.05,0,0,0.5,12500,50,0.15,0,0,129.444553929,129.45492063,129.45492063,-118203.467568
nature_economic_cost_robustness_v1,post_hoc_development_parameterized_sensitivity,real_2026_usd,independent_fresh_event_screening_bootstrap,proportional_reference_module_accounting_sensitivity_no_portfolio_diversification,reserved_headroom,8,0,0.95,1,5,36.7061978565,913.0859375,200,0.05,0,0,1,25000,50,0.15,0,0,143.134393501,143.144760203,143.144760203,-130703.467568
nature_economic_cost_robustness_v1,post_hoc_development_parameterized_sensitivity,real_2026_usd,independent_fresh_event_screening_bootstrap,proportional_reference_module_accounting_sensitivity_no_portfolio_diversification,reserved_headroom,8,0,0.95,1,5,36.7061978565,913.0859375,200,0.05,0,0,2,50000,50,0.15,0,0,170.514072645,170.524439347,170.524439347,-155703.467568
nature_economic_cost_robustness_v1,post_hoc_development_parameterized_sensitivity,real_2026_usd,independent_fresh_event_screening_bootstrap,proportional_reference_module_accounting_sensitivity_no_portfolio_diversification,reserved_headroom,8,0,0.95,1,5,36.7061978565,913.0859375,200,0.05,0.5,0.0025,0,0,50,0.15,0,3.0865932973,118.841307654,119.760265925,119.760265925,-109351.414687
nature_economic_cost_robustness_v1,post_hoc_development_parameterized_sensitivity,real_2026_usd,independent_fresh_event_screening_bootstrap,proportional_reference_module_accounting_sensitivity_no_portfolio_diversification,reserved_headroom,8,0,0.95,1,5,36.7061978565,913.0859375,200,0.05,0.5,0.0025,0.5,12500,50,0.15,0,3.0865932973,132.531147226,133.450105497,133.450105497,-121851.414687
nature_economic_cost_robustness_v1,post_hoc_development_parameterized_sensitivity,real_2026_usd,independent_fresh_event_screening_bootstrap,proportional_reference_module_accounting_sensitivity_no_portfolio_diversification,reserved_headroom,8,0,0.95,1,5,36.7061978565,913.0859375,200,0.05,0.5,0.0025,1,25000,50,0.15,0,3.0865932973,146.220986798,147.139945069,147.139945069,-134351.414687
nature_economic_cost_robustness_v1,post_hoc_development_parameterized_sensitivity,real_2026_usd,independent_fresh_event_screening_bootstrap,proportional_reference_module_accounting_sensitivity_no_portfolio_diversification,reserved_headroom,8,0,0.95,1,5,36.7061978565,913.0859375,200,0.05,0.5,0.0025,2,50000,50,0.15,0,3.0865932973,173.600665943,174.519624213,174.519624213,-159351.414687
nature_economic_cost_robustness_v1,post_hoc_development_parameterized_sensitivity,real_2026_usd,independent_fresh_event_screening_bootstrap,proportional_reference_module_accounting_sensitivity_no_portfolio_diversification,reserved_headroom,8,0,0.95,1,5,36.7061978565,913.0859375,200,0.05,1,0.005,0,0,50,0.15,0,6.1731865946,121.927900951,123.763528239,123.763528239,-113006.737211
nature_economic_cost_robustness_v1,post_hoc_development_parameterized_sensitivity,real_2026_usd,independent_fresh_event_screening_bootstrap,proportional_reference_module_accounting_sensitivity_no_portfolio_diversification,reserved_headroom,8,0,0.95,1,5,36.7061978565,913.0859375,200,0.05,1,0.005,0.5,12500,50,0.15,0,6.1731865946,135.617740523,137.453367812,137.453367812,-125506.737211
nature_economic_cost_robustness_v1,post_hoc_development_parameterized_sensitivity,real_2026_usd,independent_fresh_event_screening_bootstrap,proportional_reference_module_accounting_sensitivity_no_portfolio_diversification,reserved_headroom,8,0,0.95,1,5,36.7061978565,913.0859375,200,0.05,1,0.005,1,25000,50,0.15,0,6.1731865946,149.307580096,151.143207384,151.143207384,-138006.737211
nature_economic_cost_robustness_v1,post_hoc_development_parameterized_sensitivity,real_2026_usd,independent_fresh_event_screening_bootstrap,proportional_reference_module_accounting_sensitivity_no_portfolio_diversification,reserved_headroom,8,0,0.95,1,5,36.7061978565,913.0859375,200,0.05,1,0.005,2,50000,50,0.15,0,6.1731865946,176.68725924,178.522886528,178.522886528,-163006.737211
nature_economic_cost_robustness_v1,post_hoc_development_parameterized_sensitivity,real_2026_usd,independent_fresh_event_screening_bootstrap,proportional_reference_module_accounting_sensitivity_no_portfolio_diversification,reserved_headroom,8,0,0.95,1,5,36.7061978565,913.0859375,200,0.05,2,0.01,0,0,50,0.15,0,12.3463731892,128.101087546,131.770052869,131.770052869,-120317.382258
nature_economic_cost_robustness_v1,post_hoc_development_parameterized_sensitivity,real_2026_usd,independent_fresh_event_screening_bootstrap,proportional_reference_module_accounting_sensitivity_no_portfolio_diversification,reserved_headroom,8,0,0.95,1,5,36.7061978565,913.0859375,200,0.05,2,0.01,0.5,12500,50,0.15,0,12.3463731892,141.790927118,145.459892441,145.459892441,-132817.382258
nature_economic_cost_robustness_v1,post_hoc_development_parameterized_sensitivity,real_2026_usd,independent_fresh_event_screening_bootstrap,proportional_reference_module_accounting_sensitivity_no_portfolio_diversification,reserved_headroom,8,0,0.95,1,5,36.7061978565,913.0859375,200,0.05,2,0.01,1,25000,50,0.15,0,12.3463731892,155.48076669,159.149732013,159.149732013,-145317.382258
nature_economic_cost_robustness_v1,post_hoc_development_parameterized_sensitivity,real_2026_usd,independent_fresh_event_screening_bootstrap,proportional_reference_module_accounting_sensitivity_no_portfolio_diversification,reserved_headroom,8,0,0.95,1,5,36.7061978565,913.0859375,200,0.05,2,0.01,2,50000,50,0.15,0,12.3463731892,182.860445835,186.529411158,186.529411158,-170317.382258
nature_economic_cost_robustness_v1,post_hoc_development_parameterized_sensitivity,real_2026_usd,independent_fresh_event_screening_bootstrap,proportional_reference_module_accounting_sensitivity_no_portfolio_diversification,throughput_displacing,8,0,0.95,1,5,36.7061978565,913.0859375,200,0.05,0,0,0,0,50,0,0.25,0,6.3580064676,6.62017228813,6.62017228813,-6044.78622012
nature_economic_cost_robustness_v1,post_hoc_development_parameterized_sensitivity,real_2026_usd,independent_fresh_event_screening_bootstrap,proportional_reference_module_accounting_sensitivity_no_portfolio_diversification,throughput_displacing,8,0,0.95,1,5,36.7061978565,913.0859375,200,0.05,0,0,0.5,12500,50,0,0.25,0,20.0478460398,20.3100118603,20.3100118603,-18544.7862201
nature_economic_cost_robustness_v1,post_hoc_development_parameterized_sensitivity,real_2026_usd,independent_fresh_event_screening_bootstrap,proportional_reference_module_accounting_sensitivity_no_portfolio_diversification,throughput_displacing,8,0,0.95,1,5,36.7061978565,913.0859375,200,0.05,0,0,1,25000,50,0,0.25,0,33.737685612,33.9998514325,33.9998514325,-31044.7862201
nature_economic_cost_robustness_v1,post_hoc_development_parameterized_sensitivity,real_2026_usd,independent_fresh_event_screening_bootstrap,proportional_reference_module_accounting_sensitivity_no_portfolio_diversification,throughput_displacing,8,0,0.95,1,5,36.7061978565,913.0859375,200,0.05,0,0,2,50000,50,0,0.25,0,61.1173647564,61.3795305769,61.3795305769,-56044.7862201
nature_economic_cost_robustness_v1,post_hoc_development_parameterized_sensitivity,real_2026_usd,independent_fresh_event_screening_bootstrap,proportional_reference_module_accounting_sensitivity_no_portfolio_diversification,throughput_displacing,8,0,0.95,1,5,36.7061978565,913.0859375,200,0.05,0.5,0.0025,0,0,50,0,0.25,3.0865932973,9.4445997649,10.3296212742,10.3296212742,-9431.83192515
nature_economic_cost_robustness_v1,post_hoc_development_parameterized_sensitivity,real_2026_usd,independent_fresh_event_screening_bootstrap,proportional_reference_module_accounting_sensitivity_no_portfolio_diversification,throughput_displacing,8,0,0.95,1,5,36.7061978565,913.0859375,200,0.05,0.5,0.0025,0.5,12500,50,0,0.25,3.0865932973,23.1344393371,24.0194608464,24.0194608464,-21931.8319252
nature_economic_cost_robustness_v1,post_hoc_development_parameterized_sensitivity,real_2026_usd,independent_fresh_event_screening_bootstrap,proportional_reference_module_accounting_sensitivity_no_portfolio_diversification,throughput_displacing,8,0,0.95,1,5,36.7061978565,913.0859375,200,0.05,0.5,0.0025,1,25000,50,0,0.25,3.0865932973,36.8242789093,37.7093004186,37.7093004186,-34431.8319252
nature_economic_cost_robustness_v1,post_hoc_development_parameterized_sensitivity,real_2026_usd,independent_fresh_event_screening_bootstrap,proportional_reference_module_accounting_sensitivity_no_portfolio_diversification,throughput_displacing,8,0,0.95,1,5,36.7061978565,913.0859375,200,0.05,0.5,0.0025,2,50000,50,0,0.25,3.0865932973,64.2039580537,65.0889795629,65.0889795629,-59431.8319252
nature_economic_cost_robustness_v1,post_hoc_development_parameterized_sensitivity,real_2026_usd,independent_fresh_event_screening_bootstrap,proportional_reference_module_accounting_sensitivity_no_portfolio_diversification,throughput_displacing,8,0,0.95,1,5,36.7061978565,913.0859375,200,0.05,1,0.005,0,0,50,0,0.25,6.1731865946,12.5311930622,14.3215210105,14.3215210105,-13076.7794383
nature_economic_cost_robustness_v1,post_hoc_development_parameterized_sensitivity,real_2026_usd,independent_fresh_event_screening_bootstrap,proportional_reference_module_accounting_sensitivity_no_portfolio_diversification,throughput_displacing,8,0,0.95,1,5,36.7061978565,913.0859375,200,0.05,1,0.005,0.5,12500,50,0,0.25,6.1731865946,26.2210326344,28.0113605827,28.0113605827,-25576.7794383
nature_economic_cost_robustness_v1,post_hoc_development_parameterized_sensitivity,real_2026_usd,independent_fresh_event_screening_bootstrap,proportional_reference_module_accounting_sensitivity_no_portfolio_diversification,throughput_displacing,8,0,0.95,1,5,36.7061978565,913.0859375,200,0.05,1,0.005,1,25000,50,0,0.25,6.1731865946,39.9108722066,41.7012001549,41.7012001549,-38076.7794383
nature_economic_cost_robustness_v1,post_hoc_development_parameterized_sensitivity,real_2026_usd,independent_fresh_event_screening_bootstrap,proportional_reference_module_accounting_sensitivity_no_portfolio_diversification,throughput_displacing,8,0,0.95,1,5,36.7061978565,913.0859375,200,0.05,1,0.005,2,50000,50,0,0.25,6.1731865946,67.290551351,69.0808792992,69.0808792992,-63076.7794383
nature_economic_cost_robustness_v1,post_hoc_development_parameterized_sensitivity,real_2026_usd,independent_fresh_event_screening_bootstrap,proportional_reference_module_accounting_sensitivity_no_portfolio_diversification,throughput_displacing,8,0,0.95,1,5,36.7061978565,913.0859375,200,0.05,2,0.01,0,0,50,0,0.25,12.3463731892,18.7043796568,22.308282937,22.308282937,-20369.3794396
nature_economic_cost_robustness_v1,post_hoc_development_parameterized_sensitivity,real_2026_usd,independent_fresh_event_screening_bootstrap,proportional_reference_module_accounting_sensitivity_no_portfolio_diversification,throughput_displacing,8,0,0.95,1,5,36.7061978565,913.0859375,200,0.05,2,0.01,0.5,12500,50,0,0.25,12.3463731892,32.394219229,35.9981225092,35.9981225092,-32869.3794396
nature_economic_cost_robustness_v1,post_hoc_development_parameterized_sensitivity,real_2026_usd,independent_fresh_event_screening_bootstrap,proportional_reference_module_accounting_sensitivity_no_portfolio_diversification,throughput_displacing,8,0,0.95,1,5,36.7061978565,913.0859375,200,0.05,2,0.01,1,25000,50,0,0.25,12.3463731892,46.0840588012,49.6879620814,49.6879620814,-45369.3794396
nature_economic_cost_robustness_v1,post_hoc_development_parameterized_sensitivity,real_2026_usd,independent_fresh_event_screening_bootstrap,proportional_reference_module_accounting_sensitivity_no_portfolio_diversification,throughput_displacing,8,0,0.95,1,5,36.7061978565,913.0859375,200,0.05,2,0.01,2,50000,50,0,0.25,12.3463731892,73.4637379456,77.0676412258,77.0676412258,-70369.3794396
nature_economic_cost_robustness_v1,post_hoc_development_parameterized_sensitivity,real_2026_usd,independent_fresh_event_screening_bootstrap,proportional_reference_module_accounting_sensitivity_no_portfolio_diversification,slack_backed,8,0,0.95,1,20,36.7061978565,3652.34375,200,0.05,0,0,0,0,50,0,0,0,0,0,-0.383190445065,1399.54322709
nature_economic_cost_robustness_v1,post_hoc_development_parameterized_sensitivity,real_2026_usd,independent_fresh_event_screening_bootstrap,proportional_reference_module_accounting_sensitivity_no_portfolio_diversification,slack_backed,8,0,0.95,1,20,36.7061978565,3652.34375,200,0.05,0,0,0.5,12500,50,0,0,0,3.02890274637,3.03926944798,3.03926944798,-11100.4567729
nature_economic_cost_robustness_v1,post_hoc_development_parameterized_sensitivity,real_2026_usd,independent_fresh_event_screening_bootstrap,proportional_reference_module_accounting_sensitivity_no_portfolio_diversification,slack_backed,8,0,0.95,1,20,36.7061978565,3652.34375,200,0.05,0,0,1,25000,50,0,0,0,6.45136263942,6.46172934103,6.46172934103,-23600.4567729
nature_economic_cost_robustness_v1,post_hoc_development_parameterized_sensitivity,real_2026_usd,independent_fresh_event_screening_bootstrap,proportional_reference_module_accounting_sensitivity_no_portfolio_diversification,slack_backed,8,0,0.95,1,20,36.7061978565,3652.34375,200,0.05,0,0,2,50000,50,0,0,0,13.2962824255,13.3066491271,13.3066491271,-48600.4567729
nature_economic_cost_robustness_v1,post_hoc_development_parameterized_sensitivity,real_2026_usd,independent_fresh_event_screening_bootstrap,proportional_reference_module_accounting_sensitivity_no_portfolio_diversification,slack_backed,8,0,0.95,1,20,36.7061978565,3652.34375,200,0.05,0.5,0.0025,0,0,50,0,0,3.0865932973,2.69303615062,3.61199442144,3.61199442144,-13192.2452502
nature_economic_cost_robustness_v1,post_hoc_development_parameterized_sensitivity,real_2026_usd,independent_fresh_event_screening_bootstrap,proportional_reference_module_accounting_sensitivity_no_portfolio_diversification,slack_backed,8,0,0.95,1,20,36.7061978565,3652.34375,200,0.05,0.5,0.0025,0.5,12500,50,0,0,3.0865932973,6.11549604367,7.03445431448,7.03445431448,-25692.2452502
nature_economic_cost_robustness_v1,post_hoc_development_parameterized_sensitivity,real_2026_usd,independent_fresh_event_screening_bootstrap,proportional_reference_module_accounting_sensitivity_no_portfolio_diversification,slack_backed,8,0,0.95,1,20,36.7061978565,3652.34375,200,0.05,0.5,0.0025,1,25000,50,0,0,3.0865932973,9.53795593671,10.4569142075,10.4569142075,-38192.2452502
nature_economic_cost_robustness_v1,post_hoc_development_parameterized_sensitivity,real_2026_usd,independent_fresh_event_screening_bootstrap,proportional_reference_module_accounting_sensitivity_no_portfolio_diversification,slack_backed,8,0,0.95,1,20,36.7061978565,3652.34375,200,0.05,0.5,0.0025,2,50000,50,0,0,3.0865932973,16.3828757228,17.3018339936,17.3018339936,-63192.2452502
nature_economic_cost_robustness_v1,post_hoc_development_parameterized_sensitivity,real_2026_usd,independent_fresh_event_screening_bootstrap,proportional_reference_module_accounting_sensitivity_no_portfolio_diversification,slack_backed,8,0,0.95,1,20,36.7061978565,3652.34375,200,0.05,1,0.005,0,0,50,0,0,6.1731865946,5.77962944792,7.61525673615,7.61525673615,-27813.5353449
nature_economic_cost_robustness_v1,post_hoc_development_parameterized_sensitivity,real_2026_usd,independent_fresh_event_screening_bootstrap,proportional_reference_module_accounting_sensitivity_no_portfolio_diversification,slack_backed,8,0,0.95,1,20,36.7061978565,3652.34375,200,0.05,1,0.005,0.5,12500,50,0,0,6.1731865946,9.20208934097,11.0377166292,11.0377166292,-40313.5353449
nature_economic_cost_robustness_v1,post_hoc_development_parameterized_sensitivity,real_2026_usd,independent_fresh_event_screening_bootstrap,proportional_reference_module_accounting_sensitivity_no_portfolio_diversification,slack_backed,8,0,0.95,1,20,36.7061978565,3652.34375,200,0.05,1,0.005,1,25000,50,0,0,6.1731865946,12.624549234,14.4601765222,14.4601765222,-52813.5353449
nature_economic_cost_robustness_v1,post_hoc_development_parameterized_sensitivity,real_2026_usd,independent_fresh_event_screening_bootstrap,proportional_reference_module_accounting_sensitivity_no_portfolio_diversification,slack_backed,8,0,0.95,1,20,36.7061978565,3652.34375,200,0.05,1,0.005,2,50000,50,0,0,6.1731865946,19.4694690201,21.3050963083,21.3050963083,-77813.5353449
nature_economic_cost_robustness_v1,post_hoc_development_parameterized_sensitivity,real_2026_usd,independent_fresh_event_screening_bootstrap,proportional_reference_module_accounting_sensitivity_no_portfolio_diversification,slack_backed,8,0,0.95,1,20,36.7061978565,3652.34375,200,0.05,2,0.01,0,0,50,0,0,12.3463731892,11.9528160425,15.6217813656,15.6217813656,-57056.1155344
nature_economic_cost_robustness_v1,post_hoc_development_parameterized_sensitivity,real_2026_usd,independent_fresh_event_screening_bootstrap,proportional_reference_module_accounting_sensitivity_no_portfolio_diversification,slack_backed,8,0,0.95,1,20,36.7061978565,3652.34375,200,0.05,2,0.01,0.5,12500,50,0,0,12.3463731892,15.3752759356,19.0442412586,19.0442412586,-69556.1155344
nature_economic_cost_robustness_v1,post_hoc_development_parameterized_sensitivity,real_2026_usd,independent_fresh_event_screening_bootstrap,proportional_reference_module_accounting_sensitivity_no_portfolio_diversification,slack_backed,8,0,0.95,1,20,36.7061978565,3652.34375,200,0.05,2,0.01,1,25000,50,0,0,12.3463731892,18.7977358286,22.4667011517,22.4667011517,-82056.1155344
nature_economic_cost_robustness_v1,post_hoc_development_parameterized_sensitivity,real_2026_usd,independent_fresh_event_screening_bootstrap,proportional_reference_module_accounting_sensitivity_no_portfolio_diversification,slack_backed,8,0,0.95,1,20,36.7061978565,3652.34375,200,0.05,2,0.01,2,50000,50,0,0,12.3463731892,25.6426556147,29.3116209378,29.3116209378,-107056.115534
nature_economic_cost_robustness_v1,post_hoc_development_parameterized_sensitivity,real_2026_usd,independent_fresh_event_screening_bootstrap,proportional_reference_module_accounting_sensitivity_no_portfolio_diversification,reserved_headroom,8,0,0.95,1,20,36.7061978565,3652.34375,200,0.05,0,0,0,0,50,0.15,0,0,115.754714357,115.765081058,115.765081058,-422813.870271
nature_economic_cost_robustness_v1,post_hoc_development_parameterized_sensitivity,real_2026_usd,independent_fresh_event_screening_bootstrap,proportional_reference_module_accounting_sensitivity_no_portfolio_diversification,reserved_headroom,8,0,0.95,1,20,36.7061978565,3652.34375,200,0.05,0,0,0.5,12500,50,0.15,0,0,119.17717425,119.187540951,119.187540951,-435313.870271
nature_economic_cost_robustness_v1,post_hoc_development_parameterized_sensitivity,real_2026_usd,independent_fresh_event_screening_bootstrap,proportional_reference_module_accounting_sensitivity_no_portfolio_diversification,reserved_headroom,8,0,0.95,1,20,36.7061978565,3652.34375,200,0.05,0,0,1,25000,50,0.15,0,0,122.599634143,122.610000844,122.610000844,-447813.870271
nature_economic_cost_robustness_v1,post_hoc_development_parameterized_sensitivity,real_2026_usd,independent_fresh_event_screening_bootstrap,proportional_reference_module_accounting_sensitivity_no_portfolio_diversification,reserved_headroom,8,0,0.95,1,20,36.7061978565,3652.34375,200,0.05,0,0,2,50000,50,0.15,0,0,129.444553929,129.45492063,129.45492063,-472813.870271
nature_economic_cost_robustness_v1,post_hoc_development_parameterized_sensitivity,real_2026_usd,independent_fresh_event_screening_bootstrap,proportional_reference_module_accounting_sensitivity_no_portfolio_diversification,reserved_headroom,8,0,0.95,1,20,36.7061978565,3652.34375,200,0.05,0.5,0.0025,0,0,50,0.15,0,3.0865932973,118.841307654,119.760265925,119.760265925,-437405.658748
nature_economic_cost_robustness_v1,post_hoc_development_parameterized_sensitivity,real_2026_usd,independent_fresh_event_screening_bootstrap,proportional_reference_module_accounting_sensitivity_no_portfolio_diversification,reserved_headroom,8,0,0.95,1,20,36.7061978565,3652.34375,200,0.05,0.5,0.0025,0.5,12500,50,0.15,0,3.0865932973,122.263767547,123.182725818,123.182725818,-449905.658748
nature_economic_cost_robustness_v1,post_hoc_development_parameterized_sensitivity,real_2026_usd,independent_fresh_event_screening_bootstrap,proportional_reference_module_accounting_sensitivity_no_portfolio_diversification,reserved_headroom,8,0,0.95,1,20,36.7061978565,3652.34375,200,0.05,0.5,0.0025,1,25000,50,0.15,0,3.0865932973,125.68622744,126.605185711,126.605185711,-462405.658748
nature_economic_cost_robustness_v1,post_hoc_development_parameterized_sensitivity,real_2026_usd,independent_fresh_event_screening_bootstrap,proportional_reference_module_accounting_sensitivity_no_portfolio_diversification,reserved_headroom,8,0,0.95,1,20,36.7061978565,3652.34375,200,0.05,0.5,0.0025,2,50000,50,0.15,0,3.0865932973,132.531147226,133.450105497,133.450105497,-487405.658748
nature_economic_cost_robustness_v1,post_hoc_development_parameterized_sensitivity,real_2026_usd,independent_fresh_event_screening_bootstrap,proportional_reference_module_accounting_sensitivity_no_portfolio_diversification,reserved_headroom,8,0,0.95,1,20,36.7061978565,3652.34375,200,0.05,1,0.005,0,0,50,0.15,0,6.1731865946,121.927900951,123.763528239,123.763528239,-452026.948843
nature_economic_cost_robustness_v1,post_hoc_development_parameterized_sensitivity,real_2026_usd,independent_fresh_event_screening_bootstrap,proportional_reference_module_accounting_sensitivity_no_portfolio_diversification,reserved_headroom,8,0,0.95,1,20,36.7061978565,3652.34375,200,0.05,1,0.005,0.5,12500,50,0.15,0,6.1731865946,125.350360844,127.185988132,127.185988132,-464526.948843
nature_economic_cost_robustness_v1,post_hoc_development_parameterized_sensitivity,real_2026_usd,independent_fresh_event_screening_bootstrap,proportional_reference_module_accounting_sensitivity_no_portfolio_diversification,reserved_headroom,8,0,0.95,1,20,36.7061978565,3652.34375,200,0.05,1,0.005,1,25000,50,0.15,0,6.1731865946,128.772820737,130.608448025,130.608448025,-477026.948843
nature_economic_cost_robustness_v1,post_hoc_development_parameterized_sensitivity,real_2026_usd,independent_fresh_event_screening_bootstrap,proportional_reference_module_accounting_sensitivity_no_portfolio_diversification,reserved_headroom,8,0,0.95,1,20,36.7061978565,3652.34375,200,0.05,1,0.005,2,50000,50,0.15,0,6.1731865946,135.617740523,137.453367812,137.453367812,-502026.948843
nature_economic_cost_robustness_v1,post_hoc_development_parameterized_sensitivity,real_2026_usd,independent_fresh_event_screening_bootstrap,proportional_reference_module_accounting_sensitivity_no_portfolio_diversification,reserved_headroom,8,0,0.95,1,20,36.7061978565,3652.34375,200,0.05,2,0.01,0,0,50,0.15,0,12.3463731892,128.101087546,131.770052869,131.770052869,-481269.529033
nature_economic_cost_robustness_v1,post_hoc_development_parameterized_sensitivity,real_2026_usd,independent_fresh_event_screening_bootstrap,proportional_reference_module_accounting_sensitivity_no_portfolio_diversification,reserved_headroom,8,0,0.95,1,20,36.7061978565,3652.34375,200,0.05,2,0.01,0.5,12500,50,0.15,0,12.3463731892,131.523547439,135.192512762,135.192512762,-493769.529033
nature_economic_cost_robustness_v1,post_hoc_development_parameterized_sensitivity,real_2026_usd,independent_fresh_event_screening_bootstrap,proportional_reference_module_accounting_sensitivity_no_portfolio_diversification,reserved_headroom,8,0,0.95,1,20,36.7061978565,3652.34375,200,0.05,2,0.01,1,25000,50,0.15,0,12.3463731892,134.946007332,138.614972655,138.614972655,-506269.529033
nature_economic_cost_robustness_v1,post_hoc_development_parameterized_sensitivity,real_2026_usd,independent_fresh_event_screening_bootstrap,proportional_reference_module_accounting_sensitivity_no_portfolio_diversification,reserved_headroom,8,0,0.95,1,20,36.7061978565,3652.34375,200,0.05,2,0.01,2,50000,50,0.15,0,12.3463731892,141.790927118,145.459892441,145.459892441,-531269.529033
nature_economic_cost_robustness_v1,post_hoc_development_parameterized_sensitivity,real_2026_usd,independent_fresh_event_screening_bootstrap,proportional_reference_module_accounting_sensitivity_no_portfolio_diversification,throughput_displacing,8,0,0.95,1,20,36.7061978565,3652.34375,200,0.05,0,0,0,0,50,0,0.25,0,6.3580064676,6.62017228813,6.62017228813,-24179.1448805
nature_economic_cost_robustness_v1,post_hoc_development_parameterized_sensitivity,real_2026_usd,independent_fresh_event_screening_bootstrap,proportional_reference_module_accounting_sensitivity_no_portfolio_diversification,throughput_displacing,8,0,0.95,1,20,36.7061978565,3652.34375,200,0.05,0,0,0.5,12500,50,0,0.25,0,9.78046636065,10.0426321812,10.0426321812,-36679.1448805
nature_economic_cost_robustness_v1,post_hoc_development_parameterized_sensitivity,real_2026_usd,independent_fresh_event_screening_bootstrap,proportional_reference_module_accounting_sensitivity_no_portfolio_diversification,throughput_displacing,8,0,0.95,1,20,36.7061978565,3652.34375,200,0.05,0,0,1,25000,50,0,0.25,0,13.2029262537,13.4650920742,13.4650920742,-49179.1448805
nature_economic_cost_robustness_v1,post_hoc_development_parameterized_sensitivity,real_2026_usd,independent_fresh_event_screening_bootstrap,proportional_reference_module_accounting_sensitivity_no_portfolio_diversification,throughput_displacing,8,0,0.95,1,20,36.7061978565,3652.34375,200,0.05,0,0,2,50000,50,0,0.25,0,20.0478460398,20.3100118603,20.3100118603,-74179.1448805
nature_economic_cost_robustness_v1,post_hoc_development_parameterized_sensitivity,real_2026_usd,independent_fresh_event_screening_bootstrap,proportional_reference_module_accounting_sensitivity_no_portfolio_diversification,throughput_displacing,8,0,0.95,1,20,36.7061978565,3652.34375,200,0.05,0.5,0.0025,0,0,50,0,0.25,3.0865932973,9.4445997649,10.3296212742,10.3296212742,-37727.3277006
nature_economic_cost_robustness_v1,post_hoc_development_parameterized_sensitivity,real_2026_usd,independent_fresh_event_screening_bootstrap,proportional_reference_module_accounting_sensitivity_no_portfolio_diversification,throughput_displacing,8,0,0.95,1,20,36.7061978565,3652.34375,200,0.05,0.5,0.0025,0.5,12500,50,0,0.25,3.0865932973,12.867059658,13.7520811672,13.7520811672,-50227.3277006
nature_economic_cost_robustness_v1,post_hoc_development_parameterized_sensitivity,real_2026_usd,independent_fresh_event_screening_bootstrap,proportional_reference_module_accounting_sensitivity_no_portfolio_diversification,throughput_displacing,8,0,0.95,1,20,36.7061978565,3652.34375,200,0.05,0.5,0.0025,1,25000,50,0,0.25,3.0865932973,16.289519551,17.1745410603,17.1745410603,-62727.3277006
nature_economic_cost_robustness_v1,post_hoc_development_parameterized_sensitivity,real_2026_usd,independent_fresh_event_screening_bootstrap,proportional_reference_module_accounting_sensitivity_no_portfolio_diversification,throughput_displacing,8,0,0.95,1,20,36.7061978565,3652.34375,200,0.05,0.5,0.0025,2,50000,50,0,0.25,3.0865932973,23.1344393371,24.0194608464,24.0194608464,-87727.3277006
nature_economic_cost_robustness_v1,post_hoc_development_parameterized_sensitivity,real_2026_usd,independent_fresh_event_screening_bootstrap,proportional_reference_module_accounting_sensitivity_no_portfolio_diversification,throughput_displacing,8,0,0.95,1,20,36.7061978565,3652.34375,200,0.05,1,0.005,0,0,50,0,0.25,6.1731865946,12.5311930622,14.3215210105,14.3215210105,-52307.1177531
nature_economic_cost_robustness_v1,post_hoc_development_parameterized_sensitivity,real_2026_usd,independent_fresh_event_screening_bootstrap,proportional_reference_module_accounting_sensitivity_no_portfolio_diversification,throughput_displacing,8,0,0.95,1,20,36.7061978565,3652.34375,200,0.05,1,0.005,0.5,12500,50,0,0.25,6.1731865946,15.9536529553,17.7439809035,17.7439809035,-64807.1177531
nature_economic_cost_robustness_v1,post_hoc_development_parameterized_sensitivity,real_2026_usd,independent_fresh_event_screening_bootstrap,proportional_reference_module_accounting_sensitivity_no_portfolio_diversification,throughput_displacing,8,0,0.95,1,20,36.7061978565,3652.34375,200,0.05,1,0.005,1,25000,50,0,0.25,6.1731865946,19.3761128483,21.1664407966,21.1664407966,-77307.1177531
nature_economic_cost_robustness_v1,post_hoc_development_parameterized_sensitivity,real_2026_usd,independent_fresh_event_screening_bootstrap,proportional_reference_module_accounting_sensitivity_no_portfolio_diversification,throughput_displacing,8,0,0.95,1,20,36.7061978565,3652.34375,200,0.05,1,0.005,2,50000,50,0,0.25,6.1731865946,26.2210326344,28.0113605827,28.0113605827,-102307.117753
nature_economic_cost_robustness_v1,post_hoc_development_parameterized_sensitivity,real_2026_usd,independent_fresh_event_screening_bootstrap,proportional_reference_module_accounting_sensitivity_no_portfolio_diversification,throughput_displacing,8,0,0.95,1,20,36.7061978565,3652.34375,200,0.05,2,0.01,0,0,50,0,0.25,12.3463731892,18.7043796568,22.308282937,22.308282937,-81477.5177583
nature_economic_cost_robustness_v1,post_hoc_development_parameterized_sensitivity,real_2026_usd,independent_fresh_event_screening_bootstrap,proportional_reference_module_accounting_sensitivity_no_portfolio_diversification,throughput_displacing,8,0,0.95,1,20,36.7061978565,3652.34375,200,0.05,2,0.01,0.5,12500,50,0,0.25,12.3463731892,22.1268395498,25.7307428301,25.7307428301,-93977.5177583
nature_economic_cost_robustness_v1,post_hoc_development_parameterized_sensitivity,real_2026_usd,independent_fresh_event_screening_bootstrap,proportional_reference_module_accounting_sensitivity_no_portfolio_diversification,throughput_displacing,8,0,0.95,1,20,36.7061978565,3652.34375,200,0.05,2,0.01,1,25000,50,0,0.25,12.3463731892,25.5492994429,29.1532027231,29.1532027231,-106477.517758
nature_economic_cost_robustness_v1,post_hoc_development_parameterized_sensitivity,real_2026_usd,independent_fresh_event_screening_bootstrap,proportional_reference_module_accounting_sensitivity_no_portfolio_diversification,throughput_displacing,8,0,0.95,1,20,36.7061978565,3652.34375,200,0.05,2,0.01,2,50000,50,0,0.25,12.3463731892,32.394219229,35.9981225092,35.9981225092,-131477.517758
nature_economic_cost_robustness_v1,post_hoc_development_parameterized_sensitivity,real_2026_usd,independent_fresh_event_screening_bootstrap,proportional_reference_module_accounting_sensitivity_no_portfolio_diversification,slack_backed,8,0,0.95,12,0.2,36.7061978565,36.5234375,200,0.05,0,0,0,0,50,0,0,0,0,0,-4.68716091153,171.191228605
nature_economic_cost_robustness_v1,post_hoc_development_parameterized_sensitivity,real_2026_usd,independent_fresh_event_screening_bootstrap,proportional_reference_module_accounting_sensitivity_no_portfolio_diversification,slack_backed,8,0,0.95,12,0.2,36.7061978565,36.5234375,200,0.05,0,0,0.5,12500,50,0,0,0,337.523303545,337.558828393,337.558828393,-12328.8087714
nature_economic_cost_robustness_v1,post_hoc_development_parameterized_sensitivity,real_2026_usd,independent_fresh_event_screening_bootstrap,proportional_reference_module_accounting_sensitivity_no_portfolio_diversification,slack_backed,8,0,0.95,12,0.2,36.7061978565,36.5234375,200,0.05,0,0,1,25000,50,0,0,0,679.769292849,679.804817698,679.804817698,-24828.8087714
nature_economic_cost_robustness_v1,post_hoc_development_parameterized_sensitivity,real_2026_usd,independent_fresh_event_screening_bootstrap,proportional_reference_module_accounting_sensitivity_no_portfolio_diversification,slack_backed,8,0,0.95,12,0.2,36.7061978565,36.5234375,200,0.05,0,0,2,50000,50,0,0,0,1364.26127146,1364.29679631,1364.29679631,-49828.8087714
nature_economic_cost_robustness_v1,post_hoc_development_parameterized_sensitivity,real_2026_usd,independent_fresh_event_screening_bootstrap,proportional_reference_module_accounting_sensitivity_no_portfolio_diversification,slack_backed,8,0,0.95,12,0.2,36.7061978565,36.5234375,200,0.05,0.5,0.0025,0,0,50,0,0,37.0391195676,32.3164338074,35.4108779591,35.4108779591,-1293.32698796
nature_economic_cost_robustness_v1,post_hoc_development_parameterized_sensitivity,real_2026_usd,independent_fresh_event_screening_bootstrap,proportional_reference_module_accounting_sensitivity_no_portfolio_diversification,slack_backed,8,0,0.95,12,0.2,36.7061978565,36.5234375,200,0.05,0.5,0.0025,0.5,12500,50,0,0,37.0391195676,374.562423112,377.656867264,377.656867264,-13793.326988
nature_economic_cost_robustness_v1,post_hoc_development_parameterized_sensitivity,real_2026_usd,independent_fresh_event_screening_bootstrap,proportional_reference_module_accounting_sensitivity_no_portfolio_diversification,slack_backed,8,0,0.95,12,0.2,36.7061978565,36.5234375,200,0.05,0.5,0.0025,1,25000,50,0,0,37.0391195676,716.808412417,719.902856569,719.902856569,-26293.326988
nature_economic_cost_robustness_v1,post_hoc_development_parameterized_sensitivity,real_2026_usd,independent_fresh_event_screening_bootstrap,proportional_reference_module_accounting_sensitivity_no_portfolio_diversification,slack_backed,8,0,0.95,12,0.2,36.7061978565,36.5234375,200,0.05,0.5,0.0025,2,50000,50,0,0,37.0391195676,1401.30039103,1404.39483518,1404.39483518,-51293.326988
nature_economic_cost_robustness_v1,post_hoc_development_parameterized_sensitivity,real_2026_usd,independent_fresh_event_screening_bootstrap,proportional_reference_module_accounting_sensitivity_no_portfolio_diversification,slack_backed,8,0,0.95,12,0.2,36.7061978565,36.5234375,200,0.05,1,0.005,0,0,50,0,0,74.0782391352,69.355553375,75.5475149619,75.5475149619,-2759.25494099
nature_economic_cost_robustness_v1,post_hoc_development_parameterized_sensitivity,real_2026_usd,independent_fresh_event_screening_bootstrap,proportional_reference_module_accounting_sensitivity_no_portfolio_diversification,slack_backed,8,0,0.95,12,0.2,36.7061978565,36.5234375,200,0.05,1,0.005,0.5,12500,50,0,0,74.0782391352,411.60154268,417.793504267,417.793504267,-15259.254941
nature_economic_cost_robustness_v1,post_hoc_development_parameterized_sensitivity,real_2026_usd,independent_fresh_event_screening_bootstrap,proportional_reference_module_accounting_sensitivity_no_portfolio_diversification,slack_backed,8,0,0.95,12,0.2,36.7061978565,36.5234375,200,0.05,1,0.005,1,25000,50,0,0,74.0782391352,753.847531985,760.039493572,760.039493572,-27759.254941
nature_economic_cost_robustness_v1,post_hoc_development_parameterized_sensitivity,real_2026_usd,independent_fresh_event_screening_bootstrap,proportional_reference_module_accounting_sensitivity_no_portfolio_diversification,slack_backed,8,0,0.95,12,0.2,36.7061978565,36.5234375,200,0.05,1,0.005,2,50000,50,0,0,74.0782391352,1438.33951059,1444.53147218,1444.53147218,-52759.254941
nature_economic_cost_robustness_v1,post_hoc_development_parameterized_sensitivity,real_2026_usd,independent_fresh_event_screening_bootstrap,proportional_reference_module_accounting_sensitivity_no_portfolio_diversification,slack_backed,8,0,0.95,12,0.2,36.7061978565,36.5234375,200,0.05,2,0.01,0,0,50,0,0,148.15647827,143.43379251,155.820788967,155.820788967,-5691.11084705
nature_economic_cost_robustness_v1,post_hoc_development_parameterized_sensitivity,real_2026_usd,independent_fresh_event_screening_bootstrap,proportional_reference_module_accounting_sensitivity_no_portfolio_diversification,slack_backed,8,0,0.95,12,0.2,36.7061978565,36.5234375,200,0.05,2,0.01,0.5,12500,50,0,0,148.15647827,485.679781815,498.066778272,498.066778272,-18191.1108471
nature_economic_cost_robustness_v1,post_hoc_development_parameterized_sensitivity,real_2026_usd,independent_fresh_event_screening_bootstrap,proportional_reference_module_accounting_sensitivity_no_portfolio_diversification,slack_backed,8,0,0.95,12,0.2,36.7061978565,36.5234375,200,0.05,2,0.01,1,25000,50,0,0,148.15647827,827.92577112,840.312767577,840.312767577,-30691.1108471
nature_economic_cost_robustness_v1,post_hoc_development_parameterized_sensitivity,real_2026_usd,independent_fresh_event_screening_bootstrap,proportional_reference_module_accounting_sensitivity_no_portfolio_diversification,slack_backed,8,0,0.95,12,0.2,36.7061978565,36.5234375,200,0.05,2,0.01,2,50000,50,0,0,148.15647827,1512.41774973,1524.80474619,1524.80474619,-55691.1108471
nature_economic_cost_robustness_v1,post_hoc_development_parameterized_sensitivity,real_2026_usd,independent_fresh_event_screening_bootstrap,proportional_reference_module_accounting_sensitivity_no_portfolio_diversification,reserved_headroom,8,0,0.95,12,0.2,36.7061978565,36.5234375,200,0.05,0,0,0,0,50,0.15,0,0,111.425585743,111.461110592,111.461110592,-4070.94290638
nature_economic_cost_robustness_v1,post_hoc_development_parameterized_sensitivity,real_2026_usd,independent_fresh_event_screening_bootstrap,proportional_reference_module_accounting_sensitivity_no_portfolio_diversification,reserved_headroom,8,0,0.95,12,0.2,36.7061978565,36.5234375,200,0.05,0,0,0.5,12500,50,0.15,0,0,453.671575048,453.707099897,453.707099897,-16570.9429064
nature_economic_cost_robustness_v1,post_hoc_development_parameterized_sensitivity,real_2026_usd,independent_fresh_event_screening_bootstrap,proportional_reference_module_accounting_sensitivity_no_portfolio_diversification,reserved_headroom,8,0,0.95,12,0.2,36.7061978565,36.5234375,200,0.05,0,0,1,25000,50,0.15,0,0,795.917564353,795.953089201,795.953089201,-29070.9429064
nature_economic_cost_robustness_v1,post_hoc_development_parameterized_sensitivity,real_2026_usd,independent_fresh_event_screening_bootstrap,proportional_reference_module_accounting_sensitivity_no_portfolio_diversification,reserved_headroom,8,0,0.95,12,0.2,36.7061978565,36.5234375,200,0.05,0,0,2,50000,50,0.15,0,0,1480.40954296,1480.44506781,1480.44506781,-54070.9429064
nature_economic_cost_robustness_v1,post_hoc_development_parameterized_sensitivity,real_2026_usd,independent_fresh_event_screening_bootstrap,proportional_reference_module_accounting_sensitivity_no_portfolio_diversification,reserved_headroom,8,0,0.95,12,0.2,36.7061978565,36.5234375,200,0.05,0.5,0.0025,0,0,50,0.15,0,37.0391195676,148.464705311,151.559149462,151.559149462,-5535.46112294
nature_economic_cost_robustness_v1,post_hoc_development_parameterized_sensitivity,real_2026_usd,independent_fresh_event_screening_bootstrap,proportional_reference_module_accounting_sensitivity_no_portfolio_diversification,reserved_headroom,8,0,0.95,12,0.2,36.7061978565,36.5234375,200,0.05,0.5,0.0025,0.5,12500,50,0.15,0,37.0391195676,490.710694615,493.805138767,493.805138767,-18035.4611229
nature_economic_cost_robustness_v1,post_hoc_development_parameterized_sensitivity,real_2026_usd,independent_fresh_event_screening_bootstrap,proportional_reference_module_accounting_sensitivity_no_portfolio_diversification,reserved_headroom,8,0,0.95,12,0.2,36.7061978565,36.5234375,200,0.05,0.5,0.0025,1,25000,50,0.15,0,37.0391195676,832.95668392,836.051128072,836.051128072,-30535.4611229
nature_economic_cost_robustness_v1,post_hoc_development_parameterized_sensitivity,real_2026_usd,independent_fresh_event_screening_bootstrap,proportional_reference_module_accounting_sensitivity_no_portfolio_diversification,reserved_headroom,8,0,0.95,12,0.2,36.7061978565,36.5234375,200,0.05,0.5,0.0025,2,50000,50,0.15,0,37.0391195676,1517.44866253,1520.54310668,1520.54310668,-55535.4611229
nature_economic_cost_robustness_v1,post_hoc_development_parameterized_sensitivity,real_2026_usd,independent_fresh_event_screening_bootstrap,proportional_reference_module_accounting_sensitivity_no_portfolio_diversification,reserved_headroom,8,0,0.95,12,0.2,36.7061978565,36.5234375,200,0.05,1,0.005,0,0,50,0.15,0,74.0782391352,185.503824878,191.695786465,191.695786465,-7001.38907597
nature_economic_cost_robustness_v1,post_hoc_development_parameterized_sensitivity,real_2026_usd,independent_fresh_event_screening_bootstrap,proportional_reference_module_accounting_sensitivity_no_portfolio_diversification,reserved_headroom,8,0,0.95,12,0.2,36.7061978565,36.5234375,200,0.05,1,0.005,0.5,12500,50,0.15,0,74.0782391352,527.749814183,533.94177577,533.94177577,-19501.389076
nature_economic_cost_robustness_v1,post_hoc_development_parameterized_sensitivity,real_2026_usd,independent_fresh_event_screening_bootstrap,proportional_reference_module_accounting_sensitivity_no_portfolio_diversification,reserved_headroom,8,0,0.95,12,0.2,36.7061978565,36.5234375,200,0.05,1,0.005,1,25000,50,0.15,0,74.0782391352,869.995803488,876.187765075,876.187765075,-32001.389076
nature_economic_cost_robustness_v1,post_hoc_development_parameterized_sensitivity,real_2026_usd,independent_fresh_event_screening_bootstrap,proportional_reference_module_accounting_sensitivity_no_portfolio_diversification,reserved_headroom,8,0,0.95,12,0.2,36.7061978565,36.5234375,200,0.05,1,0.005,2,50000,50,0.15,0,74.0782391352,1554.4877821,1560.67974368,1560.67974368,-57001.389076
nature_economic_cost_robustness_v1,post_hoc_development_parameterized_sensitivity,real_2026_usd,independent_fresh_event_screening_bootstrap,proportional_reference_module_accounting_sensitivity_no_portfolio_diversification,reserved_headroom,8,0,0.95,12,0.2,36.7061978565,36.5234375,200,0.05,2,0.01,0,0,50,0.15,0,148.15647827,259.582064013,271.969060471,271.969060471,-9933.24498203
nature_economic_cost_robustness_v1,post_hoc_development_parameterized_sensitivity,real_2026_usd,independent_fresh_event_screening_bootstrap,proportional_reference_module_accounting_sensitivity_no_portfolio_diversification,reserved_headroom,8,0,0.95,12,0.2,36.7061978565,36.5234375,200,0.05,2,0.01,0.5,12500,50,0.15,0,148.15647827,601.828053318,614.215049775,614.215049775,-22433.244982
nature_economic_cost_robustness_v1,post_hoc_development_parameterized_sensitivity,real_2026_usd,independent_fresh_event_screening_bootstrap,proportional_reference_module_accounting_sensitivity_no_portfolio_diversification,reserved_headroom,8,0,0.95,12,0.2,36.7061978565,36.5234375,200,0.05,2,0.01,1,25000,50,0.15,0,148.15647827,944.074042623,956.46103908,956.46103908,-34933.244982
nature_economic_cost_robustness_v1,post_hoc_development_parameterized_sensitivity,real_2026_usd,independent_fresh_event_screening_bootstrap,proportional_reference_module_accounting_sensitivity_no_portfolio_diversification,reserved_headroom,8,0,0.95,12,0.2,36.7061978565,36.5234375,200,0.05,2,0.01,2,50000,50,0.15,0,148.15647827,1628.56602123,1640.95301769,1640.95301769,-59933.244982
nature_economic_cost_robustness_v1,post_hoc_development_parameterized_sensitivity,real_2026_usd,independent_fresh_event_screening_bootstrap,proportional_reference_module_accounting_sensitivity_no_portfolio_diversification,throughput_displacing,8,0,0.95,12,0.2,36.7061978565,36.5234375,200,0.05,0,0,0,0,50,0,0.25,0,76.2960776112,77.1568302309,77.1568302309,-2818.03266664
nature_economic_cost_robustness_v1,post_hoc_development_parameterized_sensitivity,real_2026_usd,independent_fresh_event_screening_bootstrap,proportional_reference_module_accounting_sensitivity_no_portfolio_diversification,throughput_displacing,8,0,0.95,12,0.2,36.7061978565,36.5234375,200,0.05,0,0,0.5,12500,50,0,0.25,0,418.542066916,419.402819536,419.402819536,-15318.0326666
nature_economic_cost_robustness_v1,post_hoc_development_parameterized_sensitivity,real_2026_usd,independent_fresh_event_screening_bootstrap,proportional_reference_module_accounting_sensitivity_no_portfolio_diversification,throughput_displacing,8,0,0.95,12,0.2,36.7061978565,36.5234375,200,0.05,0,0,1,25000,50,0,0.25,0,760.788056221,761.648808841,761.648808841,-27818.0326666
nature_economic_cost_robustness_v1,post_hoc_development_parameterized_sensitivity,real_2026_usd,independent_fresh_event_screening_bootstrap,proportional_reference_module_accounting_sensitivity_no_portfolio_diversification,throughput_displacing,8,0,0.95,12,0.2,36.7061978565,36.5234375,200,0.05,0,0,2,50000,50,0,0.25,0,1445.28003483,1446.14078745,1446.14078745,-52818.0326666
nature_economic_cost_robustness_v1,post_hoc_development_parameterized_sensitivity,real_2026_usd,independent_fresh_event_screening_bootstrap,proportional_reference_module_accounting_sensitivity_no_portfolio_diversification,throughput_displacing,8,0,0.95,12,0.2,36.7061978565,36.5234375,200,0.05,0.5,0.0025,0,0,50,0,0.25,37.0391195676,113.335197179,116.158369022,116.158369022,-4242.50293109
nature_economic_cost_robustness_v1,post_hoc_development_parameterized_sensitivity,real_2026_usd,independent_fresh_event_screening_bootstrap,proportional_reference_module_accounting_sensitivity_no_portfolio_diversification,throughput_displacing,8,0,0.95,12,0.2,36.7061978565,36.5234375,200,0.05,0.5,0.0025,0.5,12500,50,0,0.25,37.0391195676,455.581186484,458.404358327,458.404358327,-16742.5029311
nature_economic_cost_robustness_v1,post_hoc_development_parameterized_sensitivity,real_2026_usd,independent_fresh_event_screening_bootstrap,proportional_reference_module_accounting_sensitivity_no_portfolio_diversification,throughput_displacing,8,0,0.95,12,0.2,36.7061978565,36.5234375,200,0.05,0.5,0.0025,1,25000,50,0,0.25,37.0391195676,797.827175788,800.650347632,800.650347632,-29242.5029311
nature_economic_cost_robustness_v1,post_hoc_development_parameterized_sensitivity,real_2026_usd,independent_fresh_event_screening_bootstrap,proportional_reference_module_accounting_sensitivity_no_portfolio_diversification,throughput_displacing,8,0,0.95,12,0.2,36.7061978565,36.5234375,200,0.05,0.5,0.0025,2,50000,50,0,0.25,37.0391195676,1482.3191544,1485.14232624,1485.14232624,-54242.5029311
nature_economic_cost_robustness_v1,post_hoc_development_parameterized_sensitivity,real_2026_usd,independent_fresh_event_screening_bootstrap,proportional_reference_module_accounting_sensitivity_no_portfolio_diversification,throughput_displacing,8,0,0.95,12,0.2,36.7061978565,36.5234375,200,0.05,1,0.005,0,0,50,0,0.25,74.0782391352,150.374316746,156.263251038,156.263251038,-5707.27108284
nature_economic_cost_robustness_v1,post_hoc_development_parameterized_sensitivity,real_2026_usd,independent_fresh_event_screening_bootstrap,proportional_reference_module_accounting_sensitivity_no_portfolio_diversification,throughput_displacing,8,0,0.95,12,0.2,36.7061978565,36.5234375,200,0.05,1,0.005,0.5,12500,50,0,0.25,74.0782391352,492.620306051,498.509240343,498.509240343,-18207.2710828
nature_economic_cost_robustness_v1,post_hoc_development_parameterized_sensitivity,real_2026_usd,independent_fresh_event_screening_bootstrap,proportional_reference_module_accounting_sensitivity_no_portfolio_diversification,throughput_displacing,8,0,0.95,12,0.2,36.7061978565,36.5234375,200,0.05,1,0.005,1,25000,50,0,0.25,74.0782391352,834.866295356,840.755229648,840.755229648,-30707.2710828
nature_economic_cost_robustness_v1,post_hoc_development_parameterized_sensitivity,real_2026_usd,independent_fresh_event_screening_bootstrap,proportional_reference_module_accounting_sensitivity_no_portfolio_diversification,throughput_displacing,8,0,0.95,12,0.2,36.7061978565,36.5234375,200,0.05,1,0.005,2,50000,50,0,0.25,74.0782391352,1519.35827397,1525.24720826,1525.24720826,-55707.2710828
nature_economic_cost_robustness_v1,post_hoc_development_parameterized_sensitivity,real_2026_usd,independent_fresh_event_screening_bootstrap,proportional_reference_module_accounting_sensitivity_no_portfolio_diversification,throughput_displacing,8,0,0.95,12,0.2,36.7061978565,36.5234375,200,0.05,2,0.01,0,0,50,0,0.25,148.15647827,224.452555882,236.98054337,236.98054337,-8655.3440645
nature_economic_cost_robustness_v1,post_hoc_development_parameterized_sensitivity,real_2026_usd,independent_fresh_event_screening_bootstrap,proportional_reference_module_accounting_sensitivity_no_portfolio_diversification,throughput_displacing,8,0,0.95,12,0.2,36.7061978565,36.5234375,200,0.05,2,0.01,0.5,12500,50,0,0.25,148.15647827,566.698545186,579.226532675,579.226532675,-21155.3440645
nature_economic_cost_robustness_v1,post_hoc_development_parameterized_sensitivity,real_2026_usd,independent_fresh_event_screening_bootstrap,proportional_reference_module_accounting_sensitivity_no_portfolio_diversification,throughput_displacing,8,0,0.95,12,0.2,36.7061978565,36.5234375,200,0.05,2,0.01,1,25000,50,0,0.25,148.15647827,908.944534491,921.47252198,921.47252198,-33655.3440645
nature_economic_cost_robustness_v1,post_hoc_development_parameterized_sensitivity,real_2026_usd,independent_fresh_event_screening_bootstrap,proportional_reference_module_accounting_sensitivity_no_portfolio_diversification,throughput_displacing,8,0,0.95,12,0.2,36.7061978565,36.5234375,200,0.05,2,0.01,2,50000,50,0,0.25,148.15647827,1593.4365131,1605.96450059,1605.96450059,-58655.3440645
nature_economic_cost_robustness_v1,post_hoc_development_parameterized_sensitivity,real_2026_usd,independent_fresh_event_screening_bootstrap,proportional_reference_module_accounting_sensitivity_no_portfolio_diversification,slack_backed,8,0,0.95,12,1,36.7061978565,182.6171875,200,0.05,0,0,0,0,50,0,0,0,0,0,-4.68716091153,855.956143023
nature_economic_cost_robustness_v1,post_hoc_development_parameterized_sensitivity,real_2026_usd,independent_fresh_event_screening_bootstrap,proportional_reference_module_accounting_sensitivity_no_portfolio_diversification,slack_backed,8,0,0.95,12,1,36.7061978565,182.6171875,200,0.05,0,0,0.5,12500,50,0,0,0,63.7265121008,63.7620369494,63.7620369494,-11644.043857
nature_economic_cost_robustness_v1,post_hoc_development_parameterized_sensitivity,real_2026_usd,independent_fresh_event_screening_bootstrap,proportional_reference_module_accounting_sensitivity_no_portfolio_diversification,slack_backed,8,0,0.95,12,1,36.7061978565,182.6171875,200,0.05,0,0,1,25000,50,0,0,0,132.175709962,132.21123481,132.21123481,-24144.043857
nature_economic_cost_robustness_v1,post_hoc_development_parameterized_sensitivity,real_2026_usd,independent_fresh_event_screening_bootstrap,proportional_reference_module_accounting_sensitivity_no_portfolio_diversification,slack_backed,8,0,0.95,12,1,36.7061978565,182.6171875,200,0.05,0,0,2,50000,50,0,0,0,269.074105684,269.109630532,269.109630532,-49144.043857
nature_economic_cost_robustness_v1,post_hoc_development_parameterized_sensitivity,real_2026_usd,independent_fresh_event_screening_bootstrap,proportional_reference_module_accounting_sensitivity_no_portfolio_diversification,slack_backed,8,0,0.95,12,1,36.7061978565,182.6171875,200,0.05,0.5,0.0025,0,0,50,0,0,37.0391195676,32.3164338074,35.4108779591,35.4108779591,-6466.63493981
nature_economic_cost_robustness_v1,post_hoc_development_parameterized_sensitivity,real_2026_usd,independent_fresh_event_screening_bootstrap,proportional_reference_module_accounting_sensitivity_no_portfolio_diversification,slack_backed,8,0,0.95,12,1,36.7061978565,182.6171875,200,0.05,0.5,0.0025,0.5,12500,50,0,0,37.0391195676,100.765631668,103.86007582,103.86007582,-18966.6349398
nature_economic_cost_robustness_v1,post_hoc_development_parameterized_sensitivity,real_2026_usd,independent_fresh_event_screening_bootstrap,proportional_reference_module_accounting_sensitivity_no_portfolio_diversification,slack_backed,8,0,0.95,12,1,36.7061978565,182.6171875,200,0.05,0.5,0.0025,1,25000,50,0,0,37.0391195676,169.214829529,172.309273681,172.309273681,-31466.6349398
nature_economic_cost_robustness_v1,post_hoc_development_parameterized_sensitivity,real_2026_usd,independent_fresh_event_screening_bootstrap,proportional_reference_module_accounting_sensitivity_no_portfolio_diversification,slack_backed,8,0,0.95,12,1,36.7061978565,182.6171875,200,0.05,0.5,0.0025,2,50000,50,0,0,37.0391195676,306.113225251,309.207669403,309.207669403,-56466.6349398
nature_economic_cost_robustness_v1,post_hoc_development_parameterized_sensitivity,real_2026_usd,independent_fresh_event_screening_bootstrap,proportional_reference_module_accounting_sensitivity_no_portfolio_diversification,slack_backed,8,0,0.95,12,1,36.7061978565,182.6171875,200,0.05,1,0.005,0,0,50,0,0,74.0782391352,69.355553375,75.5475149619,75.5475149619,-13796.274705
nature_economic_cost_robustness_v1,post_hoc_development_parameterized_sensitivity,real_2026_usd,independent_fresh_event_screening_bootstrap,proportional_reference_module_accounting_sensitivity_no_portfolio_diversification,slack_backed,8,0,0.95,12,1,36.7061978565,182.6171875,200,0.05,1,0.005,0.5,12500,50,0,0,74.0782391352,137.804751236,143.996712823,143.996712823,-26296.274705
nature_economic_cost_robustness_v1,post_hoc_development_parameterized_sensitivity,real_2026_usd,independent_fresh_event_screening_bootstrap,proportional_reference_module_accounting_sensitivity_no_portfolio_diversification,slack_backed,8,0,0.95,12,1,36.7061978565,182.6171875,200,0.05,1,0.005,1,25000,50,0,0,74.0782391352,206.253949097,212.445910684,212.445910684,-38796.274705
nature_economic_cost_robustness_v1,post_hoc_development_parameterized_sensitivity,real_2026_usd,independent_fresh_event_screening_bootstrap,proportional_reference_module_accounting_sensitivity_no_portfolio_diversification,slack_backed,8,0,0.95,12,1,36.7061978565,182.6171875,200,0.05,1,0.005,2,50000,50,0,0,74.0782391352,343.152344819,349.344306406,349.344306406,-63796.274705
nature_economic_cost_robustness_v1,post_hoc_development_parameterized_sensitivity,real_2026_usd,independent_fresh_event_screening_bootstrap,proportional_reference_module_accounting_sensitivity_no_portfolio_diversification,slack_backed,8,0,0.95,12,1,36.7061978565,182.6171875,200,0.05,2,0.01,0,0,50,0,0,148.15647827,143.43379251,155.820788967,155.820788967,-28455.5542353
nature_economic_cost_robustness_v1,post_hoc_development_parameterized_sensitivity,real_2026_usd,independent_fresh_event_screening_bootstrap,proportional_reference_module_accounting_sensitivity_no_portfolio_diversification,slack_backed,8,0,0.95,12,1,36.7061978565,182.6171875,200,0.05,2,0.01,0.5,12500,50,0,0,148.15647827,211.882990371,224.269986828,224.269986828,-40955.5542353
nature_economic_cost_robustness_v1,post_hoc_development_parameterized_sensitivity,real_2026_usd,independent_fresh_event_screening_bootstrap,proportional_reference_module_accounting_sensitivity_no_portfolio_diversification,slack_backed,8,0,0.95,12,1,36.7061978565,182.6171875,200,0.05,2,0.01,1,25000,50,0,0,148.15647827,280.332188232,292.719184689,292.719184689,-53455.5542353
nature_economic_cost_robustness_v1,post_hoc_development_parameterized_sensitivity,real_2026_usd,independent_fresh_event_screening_bootstrap,proportional_reference_module_accounting_sensitivity_no_portfolio_diversification,slack_backed,8,0,0.95,12,1,36.7061978565,182.6171875,200,0.05,2,0.01,2,50000,50,0,0,148.15647827,417.230583954,429.617580411,429.617580411,-78455.5542353
nature_economic_cost_robustness_v1,post_hoc_development_parameterized_sensitivity,real_2026_usd,independent_fresh_event_screening_bootstrap,proportional_reference_module_accounting_sensitivity_no_portfolio_diversification,reserved_headroom,8,0,0.95,12,1,36.7061978565,182.6171875,200,0.05,0,0,0,0,50,0.15,0,0,111.425585743,111.461110592,111.461110592,-20354.7145319
nature_economic_cost_robustness_v1,post_hoc_development_parameterized_sensitivity,real_2026_usd,independent_fresh_event_screening_bootstrap,proportional_reference_module_accounting_sensitivity_no_portfolio_diversification,reserved_headroom,8,0,0.95,12,1,36.7061978565,182.6171875,200,0.05,0,0,0.5,12500,50,0.15,0,0,179.874783604,179.910308453,179.910308453,-32854.7145319
nature_economic_cost_robustness_v1,post_hoc_development_parameterized_sensitivity,real_2026_usd,independent_fresh_event_screening_bootstrap,proportional_reference_module_accounting_sensitivity_no_portfolio_diversification,reserved_headroom,8,0,0.95,12,1,36.7061978565,182.6171875,200,0.05,0,0,1,25000,50,0.15,0,0,248.323981465,248.359506314,248.359506314,-45354.7145319
nature_economic_cost_robustness_v1,post_hoc_development_parameterized_sensitivity,real_2026_usd,independent_fresh_event_screening_bootstrap,proportional_reference_module_accounting_sensitivity_no_portfolio_diversification,reserved_headroom,8,0,0.95,12,1,36.7061978565,182.6171875,200,0.05,0,0,2,50000,50,0.15,0,0,385.222377187,385.257902036,385.257902036,-70354.7145319
nature_economic_cost_robustness_v1,post_hoc_development_parameterized_sensitivity,real_2026_usd,independent_fresh_event_screening_bootstrap,proportional_reference_module_accounting_sensitivity_no_portfolio_diversification,reserved_headroom,8,0,0.95,12,1,36.7061978565,182.6171875,200,0.05,0.5,0.0025,0,0,50,0.15,0,37.0391195676,148.464705311,151.559149462,151.559149462,-27677.3056147
nature_economic_cost_robustness_v1,post_hoc_development_parameterized_sensitivity,real_2026_usd,independent_fresh_event_screening_bootstrap,proportional_reference_module_accounting_sensitivity_no_portfolio_diversification,reserved_headroom,8,0,0.95,12,1,36.7061978565,182.6171875,200,0.05,0.5,0.0025,0.5,12500,50,0.15,0,37.0391195676,216.913903172,220.008347323,220.008347323,-40177.3056147
nature_economic_cost_robustness_v1,post_hoc_development_parameterized_sensitivity,real_2026_usd,independent_fresh_event_screening_bootstrap,proportional_reference_module_accounting_sensitivity_no_portfolio_diversification,reserved_headroom,8,0,0.95,12,1,36.7061978565,182.6171875,200,0.05,0.5,0.0025,1,25000,50,0.15,0,37.0391195676,285.363101033,288.457545184,288.457545184,-52677.3056147
nature_economic_cost_robustness_v1,post_hoc_development_parameterized_sensitivity,real_2026_usd,independent_fresh_event_screening_bootstrap,proportional_reference_module_accounting_sensitivity_no_portfolio_diversification,reserved_headroom,8,0,0.95,12,1,36.7061978565,182.6171875,200,0.05,0.5,0.0025,2,50000,50,0.15,0,37.0391195676,422.261496755,425.355940906,425.355940906,-77677.3056147
nature_economic_cost_robustness_v1,post_hoc_development_parameterized_sensitivity,real_2026_usd,independent_fresh_event_screening_bootstrap,proportional_reference_module_accounting_sensitivity_no_portfolio_diversification,reserved_headroom,8,0,0.95,12,1,36.7061978565,182.6171875,200,0.05,1,0.005,0,0,50,0.15,0,74.0782391352,185.503824878,191.695786465,191.695786465,-35006.9453799
nature_economic_cost_robustness_v1,post_hoc_development_parameterized_sensitivity,real_2026_usd,independent_fresh_event_screening_bootstrap,proportional_reference_module_accounting_sensitivity_no_portfolio_diversification,reserved_headroom,8,0,0.95,12,1,36.7061978565,182.6171875,200,0.05,1,0.005,0.5,12500,50,0.15,0,74.0782391352,253.953022739,260.144984326,260.144984326,-47506.9453799
nature_economic_cost_robustness_v1,post_hoc_development_parameterized_sensitivity,real_2026_usd,independent_fresh_event_screening_bootstrap,proportional_reference_module_accounting_sensitivity_no_portfolio_diversification,reserved_headroom,8,0,0.95,12,1,36.7061978565,182.6171875,200,0.05,1,0.005,1,25000,50,0.15,0,74.0782391352,322.4022206,328.594182187,328.594182187,-60006.9453799
nature_economic_cost_robustness_v1,post_hoc_development_parameterized_sensitivity,real_2026_usd,independent_fresh_event_screening_bootstrap,proportional_reference_module_accounting_sensitivity_no_portfolio_diversification,reserved_headroom,8,0,0.95,12,1,36.7061978565,182.6171875,200,0.05,1,0.005,2,50000,50,0.15,0,74.0782391352,459.300616322,465.492577909,465.492577909,-85006.9453799
nature_economic_cost_robustness_v1,post_hoc_development_parameterized_sensitivity,real_2026_usd,independent_fresh_event_screening_bootstrap,proportional_reference_module_accounting_sensitivity_no_portfolio_diversification,reserved_headroom,8,0,0.95,12,1,36.7061978565,182.6171875,200,0.05,2,0.01,0,0,50,0.15,0,148.15647827,259.582064013,271.969060471,271.969060471,-49666.2249102
nature_economic_cost_robustness_v1,post_hoc_development_parameterized_sensitivity,real_2026_usd,independent_fresh_event_screening_bootstrap,proportional_reference_module_accounting_sensitivity_no_portfolio_diversification,reserved_headroom,8,0,0.95,12,1,36.7061978565,182.6171875,200,0.05,2,0.01,0.5,12500,50,0.15,0,148.15647827,328.031261874,340.418258332,340.418258332,-62166.2249102
nature_economic_cost_robustness_v1,post_hoc_development_parameterized_sensitivity,real_2026_usd,independent_fresh_event_screening_bootstrap,proportional_reference_module_accounting_sensitivity_no_portfolio_diversification,reserved_headroom,8,0,0.95,12,1,36.7061978565,182.6171875,200,0.05,2,0.01,1,25000,50,0.15,0,148.15647827,396.480459735,408.867456193,408.867456193,-74666.2249102
nature_economic_cost_robustness_v1,post_hoc_development_parameterized_sensitivity,real_2026_usd,independent_fresh_event_screening_bootstrap,proportional_reference_module_accounting_sensitivity_no_portfolio_diversification,reserved_headroom,8,0,0.95,12,1,36.7061978565,182.6171875,200,0.05,2,0.01,2,50000,50,0.15,0,148.15647827,533.378855457,545.765851914,545.765851914,-99666.2249102
nature_economic_cost_robustness_v1,post_hoc_development_parameterized_sensitivity,real_2026_usd,independent_fresh_event_screening_bootstrap,proportional_reference_module_accounting_sensitivity_no_portfolio_diversification,throughput_displacing,8,0,0.95,12,1,36.7061978565,182.6171875,200,0.05,0,0,0,0,50,0,0.25,0,76.2960776112,77.1568302309,77.1568302309,-14090.1633332
nature_economic_cost_robustness_v1,post_hoc_development_parameterized_sensitivity,real_2026_usd,independent_fresh_event_screening_bootstrap,proportional_reference_module_accounting_sensitivity_no_portfolio_diversification,throughput_displacing,8,0,0.95,12,1,36.7061978565,182.6171875,200,0.05,0,0,0.5,12500,50,0,0.25,0,144.745275472,145.606028092,145.606028092,-26590.1633332
nature_economic_cost_robustness_v1,post_hoc_development_parameterized_sensitivity,real_2026_usd,independent_fresh_event_screening_bootstrap,proportional_reference_module_accounting_sensitivity_no_portfolio_diversification,throughput_displacing,8,0,0.95,12,1,36.7061978565,182.6171875,200,0.05,0,0,1,25000,50,0,0.25,0,213.194473333,214.055225953,214.055225953,-39090.1633332
nature_economic_cost_robustness_v1,post_hoc_development_parameterized_sensitivity,real_2026_usd,independent_fresh_event_screening_bootstrap,proportional_reference_module_accounting_sensitivity_no_portfolio_diversification,throughput_displacing,8,0,0.95,12,1,36.7061978565,182.6171875,200,0.05,0,0,2,50000,50,0,0.25,0,350.092869055,350.953621675,350.953621675,-64090.1633332
nature_economic_cost_robustness_v1,post_hoc_development_parameterized_sensitivity,real_2026_usd,independent_fresh_event_screening_bootstrap,proportional_reference_module_accounting_sensitivity_no_portfolio_diversification,throughput_displacing,8,0,0.95,12,1,36.7061978565,182.6171875,200,0.05,0.5,0.0025,0,0,50,0,0.25,37.0391195676,113.335197179,116.158369022,116.158369022,-21212.5146555
nature_economic_cost_robustness_v1,post_hoc_development_parameterized_sensitivity,real_2026_usd,independent_fresh_event_screening_bootstrap,proportional_reference_module_accounting_sensitivity_no_portfolio_diversification,throughput_displacing,8,0,0.95,12,1,36.7061978565,182.6171875,200,0.05,0.5,0.0025,0.5,12500,50,0,0.25,37.0391195676,181.78439504,184.607566883,184.607566883,-33712.5146555
nature_economic_cost_robustness_v1,post_hoc_development_parameterized_sensitivity,real_2026_usd,independent_fresh_event_screening_bootstrap,proportional_reference_module_accounting_sensitivity_no_portfolio_diversification,throughput_displacing,8,0,0.95,12,1,36.7061978565,182.6171875,200,0.05,0.5,0.0025,1,25000,50,0,0.25,37.0391195676,250.233592901,253.056764744,253.056764744,-46212.5146555
nature_economic_cost_robustness_v1,post_hoc_development_parameterized_sensitivity,real_2026_usd,independent_fresh_event_screening_bootstrap,proportional_reference_module_accounting_sensitivity_no_portfolio_diversification,throughput_displacing,8,0,0.95,12,1,36.7061978565,182.6171875,200,0.05,0.5,0.0025,2,50000,50,0,0.25,37.0391195676,387.131988623,389.955160466,389.955160466,-71212.5146555
nature_economic_cost_robustness_v1,post_hoc_development_parameterized_sensitivity,real_2026_usd,independent_fresh_event_screening_bootstrap,proportional_reference_module_accounting_sensitivity_no_portfolio_diversification,throughput_displacing,8,0,0.95,12,1,36.7061978565,182.6171875,200,0.05,1,0.005,0,0,50,0,0.25,74.0782391352,150.374316746,156.263251038,156.263251038,-28536.3554142
nature_economic_cost_robustness_v1,post_hoc_development_parameterized_sensitivity,real_2026_usd,independent_fresh_event_screening_bootstrap,proportional_reference_module_accounting_sensitivity_no_portfolio_diversification,throughput_displacing,8,0,0.95,12,1,36.7061978565,182.6171875,200,0.05,1,0.005,0.5,12500,50,0,0.25,74.0782391352,218.823514607,224.712448899,224.712448899,-41036.3554142
nature_economic_cost_robustness_v1,post_hoc_development_parameterized_sensitivity,real_2026_usd,independent_fresh_event_screening_bootstrap,proportional_reference_module_accounting_sensitivity_no_portfolio_diversification,throughput_displacing,8,0,0.95,12,1,36.7061978565,182.6171875,200,0.05,1,0.005,1,25000,50,0,0.25,74.0782391352,287.272712468,293.16164676,293.16164676,-53536.3554142
nature_economic_cost_robustness_v1,post_hoc_development_parameterized_sensitivity,real_2026_usd,independent_fresh_event_screening_bootstrap,proportional_reference_module_accounting_sensitivity_no_portfolio_diversification,throughput_displacing,8,0,0.95,12,1,36.7061978565,182.6171875,200,0.05,1,0.005,2,50000,50,0,0.25,74.0782391352,424.17110819,430.060042482,430.060042482,-78536.3554142
nature_economic_cost_robustness_v1,post_hoc_development_parameterized_sensitivity,real_2026_usd,independent_fresh_event_screening_bootstrap,proportional_reference_module_accounting_sensitivity_no_portfolio_diversification,throughput_displacing,8,0,0.95,12,1,36.7061978565,182.6171875,200,0.05,2,0.01,0,0,50,0,0.25,148.15647827,224.452555882,236.98054337,236.98054337,-43276.7203225
nature_economic_cost_robustness_v1,post_hoc_development_parameterized_sensitivity,real_2026_usd,independent_fresh_event_screening_bootstrap,proportional_reference_module_accounting_sensitivity_no_portfolio_diversification,throughput_displacing,8,0,0.95,12,1,36.7061978565,182.6171875,200,0.05,2,0.01,0.5,12500,50,0,0.25,148.15647827,292.901753743,305.429741231,305.429741231,-55776.7203225
nature_economic_cost_robustness_v1,post_hoc_development_parameterized_sensitivity,real_2026_usd,independent_fresh_event_screening_bootstrap,proportional_reference_module_accounting_sensitivity_no_portfolio_diversification,throughput_displacing,8,0,0.95,12,1,36.7061978565,182.6171875,200,0.05,2,0.01,1,25000,50,0,0.25,148.15647827,361.350951604,373.878939092,373.878939092,-68276.7203225
nature_economic_cost_robustness_v1,post_hoc_development_parameterized_sensitivity,real_2026_usd,independent_fresh_event_screening_bootstrap,proportional_reference_module_accounting_sensitivity_no_portfolio_diversification,throughput_displacing,8,0,0.95,12,1,36.7061978565,182.6171875,200,0.05,2,0.01,2,50000,50,0,0.25,148.15647827,498.249347325,510.777334814,510.777334814,-93276.7203225
nature_economic_cost_robustness_v1,post_hoc_development_parameterized_sensitivity,real_2026_usd,independent_fresh_event_screening_bootstrap,proportional_reference_module_accounting_sensitivity_no_portfolio_diversification,slack_backed,8,0,0.95,12,5,36.7061978565,913.0859375,200,0.05,0,0,0,0,50,0,0,0,0,0,-4.68716091153,4279.78071511
nature_economic_cost_robustness_v1,post_hoc_development_parameterized_sensitivity,real_2026_usd,independent_fresh_event_screening_bootstrap,proportional_reference_module_accounting_sensitivity_no_portfolio_diversification,slack_backed,8,0,0.95,12,5,36.7061978565,913.0859375,200,0.05,0,0,0.5,12500,50,0,0,0,8.96715381202,9.00267866067,9.00267866067,-8220.21928489
nature_economic_cost_robustness_v1,post_hoc_development_parameterized_sensitivity,real_2026_usd,independent_fresh_event_screening_bootstrap,proportional_reference_module_accounting_sensitivity_no_portfolio_diversification,slack_backed,8,0,0.95,12,5,36.7061978565,913.0859375,200,0.05,0,0,1,25000,50,0,0,0,22.6569933842,22.6925182329,22.6925182329,-20720.2192849
nature_economic_cost_robustness_v1,post_hoc_development_parameterized_sensitivity,real_2026_usd,independent_fresh_event_screening_bootstrap,proportional_reference_module_accounting_sensitivity_no_portfolio_diversification,slack_backed,8,0,0.95,12,5,36.7061978565,913.0859375,200,0.05,0,0,2,50000,50,0,0,0,50.0366725286,50.0721973772,50.0721973772,-45720.2192849
nature_economic_cost_robustness_v1,post_hoc_development_parameterized_sensitivity,real_2026_usd,independent_fresh_event_screening_bootstrap,proportional_reference_module_accounting_sensitivity_no_portfolio_diversification,slack_backed,8,0,0.95,12,5,36.7061978565,913.0859375,200,0.05,0.5,0.0025,0,0,50,0,0,37.0391195676,32.3164338074,35.4108779591,35.4108779591,-32333.174699
nature_economic_cost_robustness_v1,post_hoc_development_parameterized_sensitivity,real_2026_usd,independent_fresh_event_screening_bootstrap,proportional_reference_module_accounting_sensitivity_no_portfolio_diversification,slack_backed,8,0,0.95,12,5,36.7061978565,913.0859375,200,0.05,0.5,0.0025,0.5,12500,50,0,0,37.0391195676,46.0062733796,49.1007175313,49.1007175313,-44833.174699
nature_economic_cost_robustness_v1,post_hoc_development_parameterized_sensitivity,real_2026_usd,independent_fresh_event_screening_bootstrap,proportional_reference_module_accounting_sensitivity_no_portfolio_diversification,slack_backed,8,0,0.95,12,5,36.7061978565,913.0859375,200,0.05,0.5,0.0025,1,25000,50,0,0,37.0391195676,59.6961129518,62.7905571035,62.7905571035,-57333.174699
nature_economic_cost_robustness_v1,post_hoc_development_parameterized_sensitivity,real_2026_usd,independent_fresh_event_screening_bootstrap,proportional_reference_module_accounting_sensitivity_no_portfolio_diversification,slack_backed,8,0,0.95,12,5,36.7061978565,913.0859375,200,0.05,0.5,0.0025,2,50000,50,0,0,37.0391195676,87.0757920962,90.1702362479,90.1702362479,-82333.174699
nature_economic_cost_robustness_v1,post_hoc_development_parameterized_sensitivity,real_2026_usd,independent_fresh_event_screening_bootstrap,proportional_reference_module_accounting_sensitivity_no_portfolio_diversification,slack_backed,8,0,0.95,12,5,36.7061978565,913.0859375,200,0.05,1,0.005,0,0,50,0,0,74.0782391352,69.355553375,75.5475149619,75.5475149619,-68981.3735248
nature_economic_cost_robustness_v1,post_hoc_development_parameterized_sensitivity,real_2026_usd,independent_fresh_event_screening_bootstrap,proportional_reference_module_accounting_sensitivity_no_portfolio_diversification,slack_backed,8,0,0.95,12,5,36.7061978565,913.0859375,200,0.05,1,0.005,0.5,12500,50,0,0,74.0782391352,83.0453929472,89.2373545341,89.2373545341,-81481.3735248
nature_economic_cost_robustness_v1,post_hoc_development_parameterized_sensitivity,real_2026_usd,independent_fresh_event_screening_bootstrap,proportional_reference_module_accounting_sensitivity_no_portfolio_diversification,slack_backed,8,0,0.95,12,5,36.7061978565,913.0859375,200,0.05,1,0.005,1,25000,50,0,0,74.0782391352,96.7352325194,102.927194106,102.927194106,-93981.3735248
nature_economic_cost_robustness_v1,post_hoc_development_parameterized_sensitivity,real_2026_usd,independent_fresh_event_screening_bootstrap,proportional_reference_module_accounting_sensitivity_no_portfolio_diversification,slack_backed,8,0,0.95,12,5,36.7061978565,913.0859375,200,0.05,1,0.005,2,50000,50,0,0,74.0782391352,124.114911664,130.306873251,130.306873251,-118981.373525
nature_economic_cost_robustness_v1,post_hoc_development_parameterized_sensitivity,real_2026_usd,independent_fresh_event_screening_bootstrap,proportional_reference_module_accounting_sensitivity_no_portfolio_diversification,slack_backed,8,0,0.95,12,5,36.7061978565,913.0859375,200,0.05,2,0.01,0,0,50,0,0,148.15647827,143.43379251,155.820788967,155.820788967,-142277.771176
nature_economic_cost_robustness_v1,post_hoc_development_parameterized_sensitivity,real_2026_usd,independent_fresh_event_screening_bootstrap,proportional_reference_module_accounting_sensitivity_no_portfolio_diversification,slack_backed,8,0,0.95,12,5,36.7061978565,913.0859375,200,0.05,2,0.01,0.5,12500,50,0,0,148.15647827,157.123632082,169.51062854,169.51062854,-154777.771176
nature_economic_cost_robustness_v1,post_hoc_development_parameterized_sensitivity,real_2026_usd,independent_fresh_event_screening_bootstrap,proportional_reference_module_accounting_sensitivity_no_portfolio_diversification,slack_backed,8,0,0.95,12,5,36.7061978565,913.0859375,200,0.05,2,0.01,1,25000,50,0,0,148.15647827,170.813471655,183.200468112,183.200468112,-167277.771176
nature_economic_cost_robustness_v1,post_hoc_development_parameterized_sensitivity,real_2026_usd,independent_fresh_event_screening_bootstrap,proportional_reference_module_accounting_sensitivity_no_portfolio_diversification,slack_backed,8,0,0.95,12,5,36.7061978565,913.0859375,200,0.05,2,0.01,2,50000,50,0,0,148.15647827,198.193150799,210.580147256,210.580147256,-192277.771176
nature_economic_cost_robustness_v1,post_hoc_development_parameterized_sensitivity,real_2026_usd,independent_fresh_event_screening_bootstrap,proportional_reference_module_accounting_sensitivity_no_portfolio_diversification,reserved_headroom,8,0,0.95,12,5,36.7061978565,913.0859375,200,0.05,0,0,0,0,50,0.15,0,0,111.425585743,111.461110592,111.461110592,-101773.572659
nature_economic_cost_robustness_v1,post_hoc_development_parameterized_sensitivity,real_2026_usd,independent_fresh_event_screening_bootstrap,proportional_reference_module_accounting_sensitivity_no_portfolio_diversification,reserved_headroom,8,0,0.95,12,5,36.7061978565,913.0859375,200,0.05,0,0,0.5,12500,50,0.15,0,0,125.115425315,125.150950164,125.150950164,-114273.572659
nature_economic_cost_robustness_v1,post_hoc_development_parameterized_sensitivity,real_2026_usd,independent_fresh_event_screening_bootstrap,proportional_reference_module_accounting_sensitivity_no_portfolio_diversification,reserved_headroom,8,0,0.95,12,5,36.7061978565,913.0859375,200,0.05,0,0,1,25000,50,0.15,0,0,138.805264887,138.840789736,138.840789736,-126773.572659
nature_economic_cost_robustness_v1,post_hoc_development_parameterized_sensitivity,real_2026_usd,independent_fresh_event_screening_bootstrap,proportional_reference_module_accounting_sensitivity_no_portfolio_diversification,reserved_headroom,8,0,0.95,12,5,36.7061978565,913.0859375,200,0.05,0,0,2,50000,50,0.15,0,0,166.184944032,166.22046888,166.22046888,-151773.572659
nature_economic_cost_robustness_v1,post_hoc_development_parameterized_sensitivity,real_2026_usd,independent_fresh_event_screening_bootstrap,proportional_reference_module_accounting_sensitivity_no_portfolio_diversification,reserved_headroom,8,0,0.95,12,5,36.7061978565,913.0859375,200,0.05,0.5,0.0025,0,0,50,0.15,0,37.0391195676,148.464705311,151.559149462,151.559149462,-138386.528074
nature_economic_cost_robustness_v1,post_hoc_development_parameterized_sensitivity,real_2026_usd,independent_fresh_event_screening_bootstrap,proportional_reference_module_accounting_sensitivity_no_portfolio_diversification,reserved_headroom,8,0,0.95,12,5,36.7061978565,913.0859375,200,0.05,0.5,0.0025,0.5,12500,50,0.15,0,37.0391195676,162.154544883,165.248989035,165.248989035,-150886.528074
nature_economic_cost_robustness_v1,post_hoc_development_parameterized_sensitivity,real_2026_usd,independent_fresh_event_screening_bootstrap,proportional_reference_module_accounting_sensitivity_no_portfolio_diversification,reserved_headroom,8,0,0.95,12,5,36.7061978565,913.0859375,200,0.05,0.5,0.0025,1,25000,50,0.15,0,37.0391195676,175.844384455,178.938828607,178.938828607,-163386.528074
nature_economic_cost_robustness_v1,post_hoc_development_parameterized_sensitivity,real_2026_usd,independent_fresh_event_screening_bootstrap,proportional_reference_module_accounting_sensitivity_no_portfolio_diversification,reserved_headroom,8,0,0.95,12,5,36.7061978565,913.0859375,200,0.05,0.5,0.0025,2,50000,50,0.15,0,37.0391195676,203.224063599,206.318507751,206.318507751,-188386.528074
nature_economic_cost_robustness_v1,post_hoc_development_parameterized_sensitivity,real_2026_usd,independent_fresh_event_screening_bootstrap,proportional_reference_module_accounting_sensitivity_no_portfolio_diversification,reserved_headroom,8,0,0.95,12,5,36.7061978565,913.0859375,200,0.05,1,0.005,0,0,50,0.15,0,74.0782391352,185.503824878,191.695786465,191.695786465,-175034.726899
nature_economic_cost_robustness_v1,post_hoc_development_parameterized_sensitivity,real_2026_usd,independent_fresh_event_screening_bootstrap,proportional_reference_module_accounting_sensitivity_no_portfolio_diversification,reserved_headroom,8,0,0.95,12,5,36.7061978565,913.0859375,200,0.05,1,0.005,0.5,12500,50,0.15,0,74.0782391352,199.19366445,205.385626037,205.385626037,-187534.726899
nature_economic_cost_robustness_v1,post_hoc_development_parameterized_sensitivity,real_2026_usd,independent_fresh_event_screening_bootstrap,proportional_reference_module_accounting_sensitivity_no_portfolio_diversification,reserved_headroom,8,0,0.95,12,5,36.7061978565,913.0859375,200,0.05,1,0.005,1,25000,50,0.15,0,74.0782391352,212.883504023,219.07546561,219.07546561,-200034.726899
nature_economic_cost_robustness_v1,post_hoc_development_parameterized_sensitivity,real_2026_usd,independent_fresh_event_screening_bootstrap,proportional_reference_module_accounting_sensitivity_no_portfolio_diversification,reserved_headroom,8,0,0.95,12,5,36.7061978565,913.0859375,200,0.05,1,0.005,2,50000,50,0.15,0,74.0782391352,240.263183167,246.455144754,246.455144754,-225034.726899
nature_economic_cost_robustness_v1,post_hoc_development_parameterized_sensitivity,real_2026_usd,independent_fresh_event_screening_bootstrap,proportional_reference_module_accounting_sensitivity_no_portfolio_diversification,reserved_headroom,8,0,0.95,12,5,36.7061978565,913.0859375,200,0.05,2,0.01,0,0,50,0.15,0,148.15647827,259.582064013,271.969060471,271.969060471,-248331.124551
nature_economic_cost_robustness_v1,post_hoc_development_parameterized_sensitivity,real_2026_usd,independent_fresh_event_screening_bootstrap,proportional_reference_module_accounting_sensitivity_no_portfolio_diversification,reserved_headroom,8,0,0.95,12,5,36.7061978565,913.0859375,200,0.05,2,0.01,0.5,12500,50,0.15,0,148.15647827,273.271903586,285.658900043,285.658900043,-260831.124551
nature_economic_cost_robustness_v1,post_hoc_development_parameterized_sensitivity,real_2026_usd,independent_fresh_event_screening_bootstrap,proportional_reference_module_accounting_sensitivity_no_portfolio_diversification,reserved_headroom,8,0,0.95,12,5,36.7061978565,913.0859375,200,0.05,2,0.01,1,25000,50,0.15,0,148.15647827,286.961743158,299.348739615,299.348739615,-273331.124551
nature_economic_cost_robustness_v1,post_hoc_development_parameterized_sensitivity,real_2026_usd,independent_fresh_event_screening_bootstrap,proportional_reference_module_accounting_sensitivity_no_portfolio_diversification,reserved_headroom,8,0,0.95,12,5,36.7061978565,913.0859375,200,0.05,2,0.01,2,50000,50,0.15,0,148.15647827,314.341422302,326.728418759,326.728418759,-298331.124551
nature_economic_cost_robustness_v1,post_hoc_development_parameterized_sensitivity,real_2026_usd,independent_fresh_event_screening_bootstrap,proportional_reference_module_accounting_sensitivity_no_portfolio_diversification,throughput_displacing,8,0,0.95,12,5,36.7061978565,913.0859375,200,0.05,0,0,0,0,50,0,0.25,0,76.2960776112,77.1568302309,77.1568302309,-70450.8166659
nature_economic_cost_robustness_v1,post_hoc_development_parameterized_sensitivity,real_2026_usd,independent_fresh_event_screening_bootstrap,proportional_reference_module_accounting_sensitivity_no_portfolio_diversification,throughput_displacing,8,0,0.95,12,5,36.7061978565,913.0859375,200,0.05,0,0,0.5,12500,50,0,0.25,0,89.9859171834,90.8466698031,90.8466698031,-82950.8166659
nature_economic_cost_robustness_v1,post_hoc_development_parameterized_sensitivity,real_2026_usd,independent_fresh_event_screening_bootstrap,proportional_reference_module_accounting_sensitivity_no_portfolio_diversification,throughput_displacing,8,0,0.95,12,5,36.7061978565,913.0859375,200,0.05,0,0,1,25000,50,0,0.25,0,103.675756756,104.536509375,104.536509375,-95450.8166659
nature_economic_cost_robustness_v1,post_hoc_development_parameterized_sensitivity,real_2026_usd,independent_fresh_event_screening_bootstrap,proportional_reference_module_accounting_sensitivity_no_portfolio_diversification,throughput_displacing,8,0,0.95,12,5,36.7061978565,913.0859375,200,0.05,0,0,2,50000,50,0,0.25,0,131.0554359,131.91618852,131.91618852,-120450.816666
nature_economic_cost_robustness_v1,post_hoc_development_parameterized_sensitivity,real_2026_usd,independent_fresh_event_screening_bootstrap,proportional_reference_module_accounting_sensitivity_no_portfolio_diversification,throughput_displacing,8,0,0.95,12,5,36.7061978565,913.0859375,200,0.05,0.5,0.0025,0,0,50,0,0.25,37.0391195676,113.335197179,116.158369022,116.158369022,-106062.573277
nature_economic_cost_robustness_v1,post_hoc_development_parameterized_sensitivity,real_2026_usd,independent_fresh_event_screening_bootstrap,proportional_reference_module_accounting_sensitivity_no_portfolio_diversification,throughput_displacing,8,0,0.95,12,5,36.7061978565,913.0859375,200,0.05,0.5,0.0025,0.5,12500,50,0,0.25,37.0391195676,127.025036751,129.848208595,129.848208595,-118562.573277
nature_economic_cost_robustness_v1,post_hoc_development_parameterized_sensitivity,real_2026_usd,independent_fresh_event_screening_bootstrap,proportional_reference_module_accounting_sensitivity_no_portfolio_diversification,throughput_displacing,8,0,0.95,12,5,36.7061978565,913.0859375,200,0.05,0.5,0.0025,1,25000,50,0,0.25,37.0391195676,140.714876323,143.538048167,143.538048167,-131062.573277
nature_economic_cost_robustness_v1,post_hoc_development_parameterized_sensitivity,real_2026_usd,independent_fresh_event_screening_bootstrap,proportional_reference_module_accounting_sensitivity_no_portfolio_diversification,throughput_displacing,8,0,0.95,12,5,36.7061978565,913.0859375,200,0.05,0.5,0.0025,2,50000,50,0,0.25,37.0391195676,168.094555468,170.917727311,170.917727311,-156062.573277
nature_economic_cost_robustness_v1,post_hoc_development_parameterized_sensitivity,real_2026_usd,independent_fresh_event_screening_bootstrap,proportional_reference_module_accounting_sensitivity_no_portfolio_diversification,throughput_displacing,8,0,0.95,12,5,36.7061978565,913.0859375,200,0.05,1,0.005,0,0,50,0,0.25,74.0782391352,150.374316746,156.263251038,156.263251038,-142681.777071
nature_economic_cost_robustness_v1,post_hoc_development_parameterized_sensitivity,real_2026_usd,independent_fresh_event_screening_bootstrap,proportional_reference_module_accounting_sensitivity_no_portfolio_diversification,throughput_displacing,8,0,0.95,12,5,36.7061978565,913.0859375,200,0.05,1,0.005,0.5,12500,50,0,0.25,74.0782391352,164.064156319,169.95309061,169.95309061,-155181.777071
nature_economic_cost_robustness_v1,post_hoc_development_parameterized_sensitivity,real_2026_usd,independent_fresh_event_screening_bootstrap,proportional_reference_module_accounting_sensitivity_no_portfolio_diversification,throughput_displacing,8,0,0.95,12,5,36.7061978565,913.0859375,200,0.05,1,0.005,1,25000,50,0,0.25,74.0782391352,177.753995891,183.642930183,183.642930183,-167681.777071
nature_economic_cost_robustness_v1,post_hoc_development_parameterized_sensitivity,real_2026_usd,independent_fresh_event_screening_bootstrap,proportional_reference_module_accounting_sensitivity_no_portfolio_diversification,throughput_displacing,8,0,0.95,12,5,36.7061978565,913.0859375,200,0.05,1,0.005,2,50000,50,0,0.25,74.0782391352,205.133675035,211.022609327,211.022609327,-192681.777071
nature_economic_cost_robustness_v1,post_hoc_development_parameterized_sensitivity,real_2026_usd,independent_fresh_event_screening_bootstrap,proportional_reference_module_accounting_sensitivity_no_portfolio_diversification,throughput_displacing,8,0,0.95,12,5,36.7061978565,913.0859375,200,0.05,2,0.01,0,0,50,0,0.25,148.15647827,224.452555882,236.98054337,236.98054337,-216383.601613
nature_economic_cost_robustness_v1,post_hoc_development_parameterized_sensitivity,real_2026_usd,independent_fresh_event_screening_bootstrap,proportional_reference_module_accounting_sensitivity_no_portfolio_diversification,throughput_displacing,8,0,0.95,12,5,36.7061978565,913.0859375,200,0.05,2,0.01,0.5,12500,50,0,0.25,148.15647827,238.142395454,250.670382943,250.670382943,-228883.601613
nature_economic_cost_robustness_v1,post_hoc_development_parameterized_sensitivity,real_2026_usd,independent_fresh_event_screening_bootstrap,proportional_reference_module_accounting_sensitivity_no_portfolio_diversification,throughput_displacing,8,0,0.95,12,5,36.7061978565,913.0859375,200,0.05,2,0.01,1,25000,50,0,0.25,148.15647827,251.832235026,264.360222515,264.360222515,-241383.601613
nature_economic_cost_robustness_v1,post_hoc_development_parameterized_sensitivity,real_2026_usd,independent_fresh_event_screening_bootstrap,proportional_reference_module_accounting_sensitivity_no_portfolio_diversification,throughput_displacing,8,0,0.95,12,5,36.7061978565,913.0859375,200,0.05,2,0.01,2,50000,50,0,0.25,148.15647827,279.21191417,291.739901659,291.739901659,-266383.601613
nature_economic_cost_robustness_v1,post_hoc_development_parameterized_sensitivity,real_2026_usd,independent_fresh_event_screening_bootstrap,proportional_reference_module_accounting_sensitivity_no_portfolio_diversification,slack_backed,8,0,0.95,12,20,36.7061978565,3652.34375,200,0.05,0,0,0,0,50,0,0,0,0,0,-4.68716091153,17119.1228605
nature_economic_cost_robustness_v1,post_hoc_development_parameterized_sensitivity,real_2026_usd,independent_fresh_event_screening_bootstrap,proportional_reference_module_accounting_sensitivity_no_portfolio_diversification,slack_backed,8,0,0.95,12,20,36.7061978565,3652.34375,200,0.05,0,0,0.5,12500,50,0,0,0,0,0,-1.26470101848,4619.12286046
nature_economic_cost_robustness_v1,post_hoc_development_parameterized_sensitivity,real_2026_usd,independent_fresh_event_screening_bootstrap,proportional_reference_module_accounting_sensitivity_no_portfolio_diversification,slack_backed,8,0,0.95,12,20,36.7061978565,3652.34375,200,0.05,0,0,1,25000,50,0,0,0,2.12223402592,2.15775887457,2.15775887457,-7880.87713954
nature_economic_cost_robustness_v1,post_hoc_development_parameterized_sensitivity,real_2026_usd,independent_fresh_event_screening_bootstrap,proportional_reference_module_accounting_sensitivity_no_portfolio_diversification,slack_backed,8,0,0.95,12,20,36.7061978565,3652.34375,200,0.05,0,0,2,50000,50,0,0,0,8.96715381202,9.00267866067,9.00267866067,-32880.8771395
nature_economic_cost_robustness_v1,post_hoc_development_parameterized_sensitivity,real_2026_usd,independent_fresh_event_screening_bootstrap,proportional_reference_module_accounting_sensitivity_no_portfolio_diversification,slack_backed,8,0,0.95,12,20,36.7061978565,3652.34375,200,0.05,0.5,0.0025,0,0,50,0,0,37.0391195676,32.3164338074,35.4108779591,35.4108779591,-129332.698796
nature_economic_cost_robustness_v1,post_hoc_development_parameterized_sensitivity,real_2026_usd,independent_fresh_event_screening_bootstrap,proportional_reference_module_accounting_sensitivity_no_portfolio_diversification,slack_backed,8,0,0.95,12,20,36.7061978565,3652.34375,200,0.05,0.5,0.0025,0.5,12500,50,0,0,37.0391195676,35.7388937005,38.8333378522,38.8333378522,-141832.698796
nature_economic_cost_robustness_v1,post_hoc_development_parameterized_sensitivity,real_2026_usd,independent_fresh_event_screening_bootstrap,proportional_reference_module_accounting_sensitivity_no_portfolio_diversification,slack_backed,8,0,0.95,12,20,36.7061978565,3652.34375,200,0.05,0.5,0.0025,1,25000,50,0,0,37.0391195676,39.1613535935,42.2557977452,42.2557977452,-154332.698796
nature_economic_cost_robustness_v1,post_hoc_development_parameterized_sensitivity,real_2026_usd,independent_fresh_event_screening_bootstrap,proportional_reference_module_accounting_sensitivity_no_portfolio_diversification,slack_backed,8,0,0.95,12,20,36.7061978565,3652.34375,200,0.05,0.5,0.0025,2,50000,50,0,0,37.0391195676,46.0062733796,49.1007175313,49.1007175313,-179332.698796
nature_economic_cost_robustness_v1,post_hoc_development_parameterized_sensitivity,real_2026_usd,independent_fresh_event_screening_bootstrap,proportional_reference_module_accounting_sensitivity_no_portfolio_diversification,slack_backed,8,0,0.95,12,20,36.7061978565,3652.34375,200,0.05,1,0.005,0,0,50,0,0,74.0782391352,69.355553375,75.5475149619,75.5475149619,-275925.494099
nature_economic_cost_robustness_v1,post_hoc_development_parameterized_sensitivity,real_2026_usd,independent_fresh_event_screening_bootstrap,proportional_reference_module_accounting_sensitivity_no_portfolio_diversification,slack_backed,8,0,0.95,12,20,36.7061978565,3652.34375,200,0.05,1,0.005,0.5,12500,50,0,0,74.0782391352,72.7780132681,78.969974855,78.969974855,-288425.494099
nature_economic_cost_robustness_v1,post_hoc_development_parameterized_sensitivity,real_2026_usd,independent_fresh_event_screening_bootstrap,proportional_reference_module_accounting_sensitivity_no_portfolio_diversification,slack_backed,8,0,0.95,12,20,36.7061978565,3652.34375,200,0.05,1,0.005,1,25000,50,0,0,74.0782391352,76.2004731611,82.392434748,82.392434748,-300925.494099
nature_economic_cost_robustness_v1,post_hoc_development_parameterized_sensitivity,real_2026_usd,independent_fresh_event_screening_bootstrap,proportional_reference_module_accounting_sensitivity_no_portfolio_diversification,slack_backed,8,0,0.95,12,20,36.7061978565,3652.34375,200,0.05,1,0.005,2,50000,50,0,0,74.0782391352,83.0453929472,89.2373545341,89.2373545341,-325925.494099
nature_economic_cost_robustness_v1,post_hoc_development_parameterized_sensitivity,real_2026_usd,independent_fresh_event_screening_bootstrap,proportional_reference_module_accounting_sensitivity_no_portfolio_diversification,slack_backed,8,0,0.95,12,20,36.7061978565,3652.34375,200,0.05,2,0.01,0,0,50,0,0,148.15647827,143.43379251,155.820788967,155.820788967,-569111.084705
nature_economic_cost_robustness_v1,post_hoc_development_parameterized_sensitivity,real_2026_usd,independent_fresh_event_screening_bootstrap,proportional_reference_module_accounting_sensitivity_no_portfolio_diversification,slack_backed,8,0,0.95,12,20,36.7061978565,3652.34375,200,0.05,2,0.01,0.5,12500,50,0,0,148.15647827,146.856252403,159.24324886,159.24324886,-581611.084705
nature_economic_cost_robustness_v1,post_hoc_development_parameterized_sensitivity,real_2026_usd,independent_fresh_event_screening_bootstrap,proportional_reference_module_accounting_sensitivity_no_portfolio_diversification,slack_backed,8,0,0.95,12,20,36.7061978565,3652.34375,200,0.05,2,0.01,1,25000,50,0,0,148.15647827,150.278712296,162.665708754,162.665708754,-594111.084705
nature_economic_cost_robustness_v1,post_hoc_development_parameterized_sensitivity,real_2026_usd,independent_fresh_event_screening_bootstrap,proportional_reference_module_accounting_sensitivity_no_portfolio_diversification,slack_backed,8,0,0.95,12,20,36.7061978565,3652.34375,200,0.05,2,0.01,2,50000,50,0,0,148.15647827,157.123632082,169.51062854,169.51062854,-619111.084705
nature_economic_cost_robustness_v1,post_hoc_development_parameterized_sensitivity,real_2026_usd,independent_fresh_event_screening_bootstrap,proportional_reference_module_accounting_sensitivity_no_portfolio_diversification,reserved_headroom,8,0,0.95,12,20,36.7061978565,3652.34375,200,0.05,0,0,0,0,50,0.15,0,0,111.425585743,111.461110592,111.461110592,-407094.290638
nature_economic_cost_robustness_v1,post_hoc_development_parameterized_sensitivity,real_2026_usd,independent_fresh_event_screening_bootstrap,proportional_reference_module_accounting_sensitivity_no_portfolio_diversification,reserved_headroom,8,0,0.95,12,20,36.7061978565,3652.34375,200,0.05,0,0,0.5,12500,50,0.15,0,0,114.848045636,114.883570485,114.883570485,-419594.290638
nature_economic_cost_robustness_v1,post_hoc_development_parameterized_sensitivity,real_2026_usd,independent_fresh_event_screening_bootstrap,proportional_reference_module_accounting_sensitivity_no_portfolio_diversification,reserved_headroom,8,0,0.95,12,20,36.7061978565,3652.34375,200,0.05,0,0,1,25000,50,0.15,0,0,118.270505529,118.306030378,118.306030378,-432094.290638
nature_economic_cost_robustness_v1,post_hoc_development_parameterized_sensitivity,real_2026_usd,independent_fresh_event_screening_bootstrap,proportional_reference_module_accounting_sensitivity_no_portfolio_diversification,reserved_headroom,8,0,0.95,12,20,36.7061978565,3652.34375,200,0.05,0,0,2,50000,50,0.15,0,0,125.115425315,125.150950164,125.150950164,-457094.290638
nature_economic_cost_robustness_v1,post_hoc_development_parameterized_sensitivity,real_2026_usd,independent_fresh_event_screening_bootstrap,proportional_reference_module_accounting_sensitivity_no_portfolio_diversification,reserved_headroom,8,0,0.95,12,20,36.7061978565,3652.34375,200,0.05,0.5,0.0025,0,0,50,0.15,0,37.0391195676,148.464705311,151.559149462,151.559149462,-553546.112294
nature_economic_cost_robustness_v1,post_hoc_development_parameterized_sensitivity,real_2026_usd,independent_fresh_event_screening_bootstrap,proportional_reference_module_accounting_sensitivity_no_portfolio_diversification,reserved_headroom,8,0,0.95,12,20,36.7061978565,3652.34375,200,0.05,0.5,0.0025,0.5,12500,50,0.15,0,37.0391195676,151.887165204,154.981609355,154.981609355,-566046.112294
nature_economic_cost_robustness_v1,post_hoc_development_parameterized_sensitivity,real_2026_usd,independent_fresh_event_screening_bootstrap,proportional_reference_module_accounting_sensitivity_no_portfolio_diversification,reserved_headroom,8,0,0.95,12,20,36.7061978565,3652.34375,200,0.05,0.5,0.0025,1,25000,50,0.15,0,37.0391195676,155.309625097,158.404069248,158.404069248,-578546.112294
nature_economic_cost_robustness_v1,post_hoc_development_parameterized_sensitivity,real_2026_usd,independent_fresh_event_screening_bootstrap,proportional_reference_module_accounting_sensitivity_no_portfolio_diversification,reserved_headroom,8,0,0.95,12,20,36.7061978565,3652.34375,200,0.05,0.5,0.0025,2,50000,50,0.15,0,37.0391195676,162.154544883,165.248989035,165.248989035,-603546.112294
nature_economic_cost_robustness_v1,post_hoc_development_parameterized_sensitivity,real_2026_usd,independent_fresh_event_screening_bootstrap,proportional_reference_module_accounting_sensitivity_no_portfolio_diversification,reserved_headroom,8,0,0.95,12,20,36.7061978565,3652.34375,200,0.05,1,0.005,0,0,50,0.15,0,74.0782391352,185.503824878,191.695786465,191.695786465,-700138.907597
nature_economic_cost_robustness_v1,post_hoc_development_parameterized_sensitivity,real_2026_usd,independent_fresh_event_screening_bootstrap,proportional_reference_module_accounting_sensitivity_no_portfolio_diversification,reserved_headroom,8,0,0.95,12,20,36.7061978565,3652.34375,200,0.05,1,0.005,0.5,12500,50,0.15,0,74.0782391352,188.926284771,195.118246358,195.118246358,-712638.907597
nature_economic_cost_robustness_v1,post_hoc_development_parameterized_sensitivity,real_2026_usd,independent_fresh_event_screening_bootstrap,proportional_reference_module_accounting_sensitivity_no_portfolio_diversification,reserved_headroom,8,0,0.95,12,20,36.7061978565,3652.34375,200,0.05,1,0.005,1,25000,50,0.15,0,74.0782391352,192.348744664,198.540706251,198.540706251,-725138.907597
nature_economic_cost_robustness_v1,post_hoc_development_parameterized_sensitivity,real_2026_usd,independent_fresh_event_screening_bootstrap,proportional_reference_module_accounting_sensitivity_no_portfolio_diversification,reserved_headroom,8,0,0.95,12,20,36.7061978565,3652.34375,200,0.05,1,0.005,2,50000,50,0.15,0,74.0782391352,199.19366445,205.385626037,205.385626037,-750138.907597
nature_economic_cost_robustness_v1,post_hoc_development_parameterized_sensitivity,real_2026_usd,independent_fresh_event_screening_bootstrap,proportional_reference_module_accounting_sensitivity_no_portfolio_diversification,reserved_headroom,8,0,0.95,12,20,36.7061978565,3652.34375,200,0.05,2,0.01,0,0,50,0.15,0,148.15647827,259.582064013,271.969060471,271.969060471,-993324.498203
nature_economic_cost_robustness_v1,post_hoc_development_parameterized_sensitivity,real_2026_usd,independent_fresh_event_screening_bootstrap,proportional_reference_module_accounting_sensitivity_no_portfolio_diversification,reserved_headroom,8,0,0.95,12,20,36.7061978565,3652.34375,200,0.05,2,0.01,0.5,12500,50,0.15,0,148.15647827,263.004523906,275.391520364,275.391520364,-1005824.4982
nature_economic_cost_robustness_v1,post_hoc_development_parameterized_sensitivity,real_2026_usd,independent_fresh_event_screening_bootstrap,proportional_reference_module_accounting_sensitivity_no_portfolio_diversification,reserved_headroom,8,0,0.95,12,20,36.7061978565,3652.34375,200,0.05,2,0.01,1,25000,50,0.15,0,148.15647827,266.4269838,278.813980257,278.813980257,-1018324.4982
nature_economic_cost_robustness_v1,post_hoc_development_parameterized_sensitivity,real_2026_usd,independent_fresh_event_screening_bootstrap,proportional_reference_module_accounting_sensitivity_no_portfolio_diversification,reserved_headroom,8,0,0.95,12,20,36.7061978565,3652.34375,200,0.05,2,0.01,2,50000,50,0.15,0,148.15647827,273.271903586,285.658900043,285.658900043,-1043324.4982
nature_economic_cost_robustness_v1,post_hoc_development_parameterized_sensitivity,real_2026_usd,independent_fresh_event_screening_bootstrap,proportional_reference_module_accounting_sensitivity_no_portfolio_diversification,throughput_displacing,8,0,0.95,12,20,36.7061978565,3652.34375,200,0.05,0,0,0,0,50,0,0.25,0,76.2960776112,77.1568302309,77.1568302309,-281803.266664
nature_economic_cost_robustness_v1,post_hoc_development_parameterized_sensitivity,real_2026_usd,independent_fresh_event_screening_bootstrap,proportional_reference_module_accounting_sensitivity_no_portfolio_diversification,throughput_displacing,8,0,0.95,12,20,36.7061978565,3652.34375,200,0.05,0,0,0.5,12500,50,0,0.25,0,79.7185375043,80.5792901239,80.5792901239,-294303.266664
nature_economic_cost_robustness_v1,post_hoc_development_parameterized_sensitivity,real_2026_usd,independent_fresh_event_screening_bootstrap,proportional_reference_module_accounting_sensitivity_no_portfolio_diversification,throughput_displacing,8,0,0.95,12,20,36.7061978565,3652.34375,200,0.05,0,0,1,25000,50,0,0.25,0,83.1409973973,84.001750017,84.001750017,-306803.266664
nature_economic_cost_robustness_v1,post_hoc_development_parameterized_sensitivity,real_2026_usd,independent_fresh_event_screening_bootstrap,proportional_reference_module_accounting_sensitivity_no_portfolio_diversification,throughput_displacing,8,0,0.95,12,20,36.7061978565,3652.34375,200,0.05,0,0,2,50000,50,0,0.25,0,89.9859171834,90.8466698031,90.8466698031,-331803.266664
nature_economic_cost_robustness_v1,post_hoc_development_parameterized_sensitivity,real_2026_usd,independent_fresh_event_screening_bootstrap,proportional_reference_module_accounting_sensitivity_no_portfolio_diversification,throughput_displacing,8,0,0.95,12,20,36.7061978565,3652.34375,200,0.05,0.5,0.0025,0,0,50,0,0.25,37.0391195676,113.335197179,116.158369022,116.158369022,-424250.293109
nature_economic_cost_robustness_v1,post_hoc_development_parameterized_sensitivity,real_2026_usd,independent_fresh_event_screening_bootstrap,proportional_reference_module_accounting_sensitivity_no_portfolio_diversification,throughput_displacing,8,0,0.95,12,20,36.7061978565,3652.34375,200,0.05,0.5,0.0025,0.5,12500,50,0,0.25,37.0391195676,116.757657072,119.580828915,119.580828915,-436750.293109
nature_economic_cost_robustness_v1,post_hoc_development_parameterized_sensitivity,real_2026_usd,independent_fresh_event_screening_bootstrap,proportional_reference_module_accounting_sensitivity_no_portfolio_diversification,throughput_displacing,8,0,0.95,12,20,36.7061978565,3652.34375,200,0.05,0.5,0.0025,1,25000,50,0,0.25,37.0391195676,120.180116965,123.003288809,123.003288809,-449250.293109
nature_economic_cost_robustness_v1,post_hoc_development_parameterized_sensitivity,real_2026_usd,independent_fresh_event_screening_bootstrap,proportional_reference_module_accounting_sensitivity_no_portfolio_diversification,throughput_displacing,8,0,0.95,12,20,36.7061978565,3652.34375,200,0.05,0.5,0.0025,2,50000,50,0,0.25,37.0391195676,127.025036751,129.848208595,129.848208595,-474250.293109
nature_economic_cost_robustness_v1,post_hoc_development_parameterized_sensitivity,real_2026_usd,independent_fresh_event_screening_bootstrap,proportional_reference_module_accounting_sensitivity_no_portfolio_diversification,throughput_displacing,8,0,0.95,12,20,36.7061978565,3652.34375,200,0.05,1,0.005,0,0,50,0,0.25,74.0782391352,150.374316746,156.263251038,156.263251038,-570727.108284
nature_economic_cost_robustness_v1,post_hoc_development_parameterized_sensitivity,real_2026_usd,independent_fresh_event_screening_bootstrap,proportional_reference_module_accounting_sensitivity_no_portfolio_diversification,throughput_displacing,8,0,0.95,12,20,36.7061978565,3652.34375,200,0.05,1,0.005,0.5,12500,50,0,0.25,74.0782391352,153.796776639,159.685710931,159.685710931,-583227.108284
nature_economic_cost_robustness_v1,post_hoc_development_parameterized_sensitivity,real_2026_usd,independent_fresh_event_screening_bootstrap,proportional_reference_module_accounting_sensitivity_no_portfolio_diversification,throughput_displacing,8,0,0.95,12,20,36.7061978565,3652.34375,200,0.05,1,0.005,1,25000,50,0,0.25,74.0782391352,157.219236533,163.108170824,163.108170824,-595727.108284
nature_economic_cost_robustness_v1,post_hoc_development_parameterized_sensitivity,real_2026_usd,independent_fresh_event_screening_bootstrap,proportional_reference_module_accounting_sensitivity_no_portfolio_diversification,throughput_displacing,8,0,0.95,12,20,36.7061978565,3652.34375,200,0.05,1,0.005,2,50000,50,0,0.25,74.0782391352,164.064156319,169.95309061,169.95309061,-620727.108284
nature_economic_cost_robustness_v1,post_hoc_development_parameterized_sensitivity,real_2026_usd,independent_fresh_event_screening_bootstrap,proportional_reference_module_accounting_sensitivity_no_portfolio_diversification,throughput_displacing,8,0,0.95,12,20,36.7061978565,3652.34375,200,0.05,2,0.01,0,0,50,0,0.25,148.15647827,224.452555882,236.98054337,236.98054337,-865534.40645
nature_economic_cost_robustness_v1,post_hoc_development_parameterized_sensitivity,real_2026_usd,independent_fresh_event_screening_bootstrap,proportional_reference_module_accounting_sensitivity_no_portfolio_diversification,throughput_displacing,8,0,0.95,12,20,36.7061978565,3652.34375,200,0.05,2,0.01,0.5,12500,50,0,0.25,148.15647827,227.875015775,240.403003263,240.403003263,-878034.40645
nature_economic_cost_robustness_v1,post_hoc_development_parameterized_sensitivity,real_2026_usd,independent_fresh_event_screening_bootstrap,proportional_reference_module_accounting_sensitivity_no_portfolio_diversification,throughput_displacing,8,0,0.95,12,20,36.7061978565,3652.34375,200,0.05,2,0.01,1,25000,50,0,0.25,148.15647827,231.297475668,243.825463156,243.825463156,-890534.40645
nature_economic_cost_robustness_v1,post_hoc_development_parameterized_sensitivity,real_2026_usd,independent_fresh_event_screening_bootstrap,proportional_reference_module_accounting_sensitivity_no_portfolio_diversification,throughput_displacing,8,0,0.95,12,20,36.7061978565,3652.34375,200,0.05,2,0.01,2,50000,50,0,0.25,148.15647827,238.142395454,250.670382943,250.670382943,-915534.40645
nature_economic_cost_robustness_v1,post_hoc_development_parameterized_sensitivity,real_2026_usd,independent_fresh_event_screening_bootstrap,proportional_reference_module_accounting_sensitivity_no_portfolio_diversification,slack_backed,8,0,0.95,50,0.2,36.7061978565,36.5234375,200,0.05,0,0,0,0,50,0,0,0,0,0,-19.6156224897,716.429962024
nature_economic_cost_robustness_v1,post_hoc_development_parameterized_sensitivity,real_2026_usd,independent_fresh_event_screening_bootstrap,proportional_reference_module_accounting_sensitivity_no_portfolio_diversification,slack_backed,8,0,0.95,50,0.2,36.7061978565,36.5234375,200,0.05,0,0,0.5,12500,50,0,0,0,322.568131971,322.630366815,322.630366815,-11783.570038
nature_economic_cost_robustness_v1,post_hoc_development_parameterized_sensitivity,real_2026_usd,independent_fresh_event_screening_bootstrap,proportional_reference_module_accounting_sensitivity_no_portfolio_diversification,slack_backed,8,0,0.95,50,0.2,36.7061978565,36.5234375,200,0.05,0,0,1,25000,50,0,0,0,664.814121276,664.87635612,664.87635612,-24283.570038
nature_economic_cost_robustness_v1,post_hoc_development_parameterized_sensitivity,real_2026_usd,independent_fresh_event_screening_bootstrap,proportional_reference_module_accounting_sensitivity_no_portfolio_diversification,slack_backed,8,0,0.95,50,0.2,36.7061978565,36.5234375,200,0.05,0,0,2,50000,50,0,0,0,1349.30609989,1349.36833473,1349.36833473,-49283.570038
nature_economic_cost_robustness_v1,post_hoc_development_parameterized_sensitivity,real_2026_usd,independent_fresh_event_screening_bootstrap,proportional_reference_module_accounting_sensitivity_no_portfolio_diversification,slack_backed,8,0,0.95,50,0.2,36.7061978565,36.5234375,200,0.05,0.5,0.0025,0,0,50,0,0,154.329664865,134.651807531,140.327419774,140.327419774,-5125.23974565
nature_economic_cost_robustness_v1,post_hoc_development_parameterized_sensitivity,real_2026_usd,independent_fresh_event_screening_bootstrap,proportional_reference_module_accounting_sensitivity_no_portfolio_diversification,slack_backed,8,0,0.95,50,0.2,36.7061978565,36.5234375,200,0.05,0.5,0.0025,0.5,12500,50,0,0,154.329664865,476.897796836,482.573409079,482.573409079,-17625.2397457
nature_economic_cost_robustness_v1,post_hoc_development_parameterized_sensitivity,real_2026_usd,independent_fresh_event_screening_bootstrap,proportional_reference_module_accounting_sensitivity_no_portfolio_diversification,slack_backed,8,0,0.95,50,0.2,36.7061978565,36.5234375,200,0.05,0.5,0.0025,1,25000,50,0,0,154.329664865,819.143786141,824.819398384,824.819398384,-30125.2397457
nature_economic_cost_robustness_v1,post_hoc_development_parameterized_sensitivity,real_2026_usd,independent_fresh_event_screening_bootstrap,proportional_reference_module_accounting_sensitivity_no_portfolio_diversification,slack_backed,8,0,0.95,50,0.2,36.7061978565,36.5234375,200,0.05,0.5,0.0025,2,50000,50,0,0,154.329664865,1503.63576475,1509.31137699,1509.31137699,-55125.2397457
nature_economic_cost_robustness_v1,post_hoc_development_parameterized_sensitivity,real_2026_usd,independent_fresh_event_screening_bootstrap,proportional_reference_module_accounting_sensitivity_no_portfolio_diversification,slack_backed,8,0,0.95,50,0.2,36.7061978565,36.5234375,200,0.05,1,0.005,0,0,50,0,0,308.65932973,288.981472396,300.308606132,300.308606132,-10968.3026068
nature_economic_cost_robustness_v1,post_hoc_development_parameterized_sensitivity,real_2026_usd,independent_fresh_event_screening_bootstrap,proportional_reference_module_accounting_sensitivity_no_portfolio_diversification,slack_backed,8,0,0.95,50,0.2,36.7061978565,36.5234375,200,0.05,1,0.005,0.5,12500,50,0,0,308.65932973,631.227461701,642.554595437,642.554595437,-23468.3026068
nature_economic_cost_robustness_v1,post_hoc_development_parameterized_sensitivity,real_2026_usd,independent_fresh_event_screening_bootstrap,proportional_reference_module_accounting_sensitivity_no_portfolio_diversification,slack_backed,8,0,0.95,50,0.2,36.7061978565,36.5234375,200,0.05,1,0.005,1,25000,50,0,0,308.65932973,973.473451006,984.800584742,984.800584742,-35968.3026068
nature_economic_cost_robustness_v1,post_hoc_development_parameterized_sensitivity,real_2026_usd,independent_fresh_event_screening_bootstrap,proportional_reference_module_accounting_sensitivity_no_portfolio_diversification,slack_backed,8,0,0.95,50,0.2,36.7061978565,36.5234375,200,0.05,1,0.005,2,50000,50,0,0,308.65932973,1657.96542962,1669.29256335,1669.29256335,-60968.3026068
nature_economic_cost_robustness_v1,post_hoc_development_parameterized_sensitivity,real_2026_usd,independent_fresh_event_screening_bootstrap,proportional_reference_module_accounting_sensitivity_no_portfolio_diversification,slack_backed,8,0,0.95,50,0.2,36.7061978565,36.5234375,200,0.05,2,0.01,0,0,50,0,0,617.31865946,597.640802126,620.30720752,620.30720752,-22655.7515246
nature_economic_cost_robustness_v1,post_hoc_development_parameterized_sensitivity,real_2026_usd,independent_fresh_event_screening_bootstrap,proportional_reference_module_accounting_sensitivity_no_portfolio_diversification,slack_backed,8,0,0.95,50,0.2,36.7061978565,36.5234375,200,0.05,2,0.01,0.5,12500,50,0,0,617.31865946,939.886791431,962.553196824,962.553196824,-35155.7515246
nature_economic_cost_robustness_v1,post_hoc_development_parameterized_sensitivity,real_2026_usd,independent_fresh_event_screening_bootstrap,proportional_reference_module_accounting_sensitivity_no_portfolio_diversification,slack_backed,8,0,0.95,50,0.2,36.7061978565,36.5234375,200,0.05,2,0.01,1,25000,50,0,0,617.31865946,1282.13278074,1304.79918613,1304.79918613,-47655.7515246
nature_economic_cost_robustness_v1,post_hoc_development_parameterized_sensitivity,real_2026_usd,independent_fresh_event_screening_bootstrap,proportional_reference_module_accounting_sensitivity_no_portfolio_diversification,slack_backed,8,0,0.95,50,0.2,36.7061978565,36.5234375,200,0.05,2,0.01,2,50000,50,0,0,617.31865946,1966.62475935,1989.29116474,1989.29116474,-72655.7515246
nature_economic_cost_robustness_v1,post_hoc_development_parameterized_sensitivity,real_2026_usd,independent_fresh_event_screening_bootstrap,proportional_reference_module_accounting_sensitivity_no_portfolio_diversification,reserved_headroom,8,0,0.95,50,0.2,36.7061978565,36.5234375,200,0.05,0,0,0,0,50,0.15,0,0,96.4704141692,96.5326490136,96.5326490136,-3525.70417296
nature_economic_cost_robustness_v1,post_hoc_development_parameterized_sensitivity,real_2026_usd,independent_fresh_event_screening_bootstrap,proportional_reference_module_accounting_sensitivity_no_portfolio_diversification,reserved_headroom,8,0,0.95,50,0.2,36.7061978565,36.5234375,200,0.05,0,0,0.5,12500,50,0.15,0,0,438.716403474,438.778638318,438.778638318,-16025.704173
nature_economic_cost_robustness_v1,post_hoc_development_parameterized_sensitivity,real_2026_usd,independent_fresh_event_screening_bootstrap,proportional_reference_module_accounting_sensitivity_no_portfolio_diversification,reserved_headroom,8,0,0.95,50,0.2,36.7061978565,36.5234375,200,0.05,0,0,1,25000,50,0.15,0,0,780.962392779,781.024627623,781.024627623,-28525.704173
nature_economic_cost_robustness_v1,post_hoc_development_parameterized_sensitivity,real_2026_usd,independent_fresh_event_screening_bootstrap,proportional_reference_module_accounting_sensitivity_no_portfolio_diversification,reserved_headroom,8,0,0.95,50,0.2,36.7061978565,36.5234375,200,0.05,0,0,2,50000,50,0.15,0,0,1465.45437139,1465.51660623,1465.51660623,-53525.704173
nature_economic_cost_robustness_v1,post_hoc_development_parameterized_sensitivity,real_2026_usd,independent_fresh_event_screening_bootstrap,proportional_reference_module_accounting_sensitivity_no_portfolio_diversification,reserved_headroom,8,0,0.95,50,0.2,36.7061978565,36.5234375,200,0.05,0.5,0.0025,0,0,50,0.15,0,154.329664865,250.800079034,256.475691277,256.475691277,-9367.37388064
nature_economic_cost_robustness_v1,post_hoc_development_parameterized_sensitivity,real_2026_usd,independent_fresh_event_screening_bootstrap,proportional_reference_module_accounting_sensitivity_no_portfolio_diversification,reserved_headroom,8,0,0.95,50,0.2,36.7061978565,36.5234375,200,0.05,0.5,0.0025,0.5,12500,50,0.15,0,154.329664865,593.046068339,598.721680582,598.721680582,-21867.3738806
nature_economic_cost_robustness_v1,post_hoc_development_parameterized_sensitivity,real_2026_usd,independent_fresh_event_screening_bootstrap,proportional_reference_module_accounting_sensitivity_no_portfolio_diversification,reserved_headroom,8,0,0.95,50,0.2,36.7061978565,36.5234375,200,0.05,0.5,0.0025,1,25000,50,0.15,0,154.329664865,935.292057644,940.967669887,940.967669887,-34367.3738806
nature_economic_cost_robustness_v1,post_hoc_development_parameterized_sensitivity,real_2026_usd,independent_fresh_event_screening_bootstrap,proportional_reference_module_accounting_sensitivity_no_portfolio_diversification,reserved_headroom,8,0,0.95,50,0.2,36.7061978565,36.5234375,200,0.05,0.5,0.0025,2,50000,50,0.15,0,154.329664865,1619.78403625,1625.4596485,1625.4596485,-59367.3738806
nature_economic_cost_robustness_v1,post_hoc_development_parameterized_sensitivity,real_2026_usd,independent_fresh_event_screening_bootstrap,proportional_reference_module_accounting_sensitivity_no_portfolio_diversification,reserved_headroom,8,0,0.95,50,0.2,36.7061978565,36.5234375,200,0.05,1,0.005,0,0,50,0.15,0,308.65932973,405.129743899,416.456877636,416.456877636,-15210.4367418
nature_economic_cost_robustness_v1,post_hoc_development_parameterized_sensitivity,real_2026_usd,independent_fresh_event_screening_bootstrap,proportional_reference_module_accounting_sensitivity_no_portfolio_diversification,reserved_headroom,8,0,0.95,50,0.2,36.7061978565,36.5234375,200,0.05,1,0.005,0.5,12500,50,0.15,0,308.65932973,747.375733204,758.70286694,758.70286694,-27710.4367418
nature_economic_cost_robustness_v1,post_hoc_development_parameterized_sensitivity,real_2026_usd,independent_fresh_event_screening_bootstrap,proportional_reference_module_accounting_sensitivity_no_portfolio_diversification,reserved_headroom,8,0,0.95,50,0.2,36.7061978565,36.5234375,200,0.05,1,0.005,1,25000,50,0.15,0,308.65932973,1089.62172251,1100.94885625,1100.94885625,-40210.4367418
nature_economic_cost_robustness_v1,post_hoc_development_parameterized_sensitivity,real_2026_usd,independent_fresh_event_screening_bootstrap,proportional_reference_module_accounting_sensitivity_no_portfolio_diversification,reserved_headroom,8,0,0.95,50,0.2,36.7061978565,36.5234375,200,0.05,1,0.005,2,50000,50,0.15,0,308.65932973,1774.11370112,1785.44083485,1785.44083485,-65210.4367418
nature_economic_cost_robustness_v1,post_hoc_development_parameterized_sensitivity,real_2026_usd,independent_fresh_event_screening_bootstrap,proportional_reference_module_accounting_sensitivity_no_portfolio_diversification,reserved_headroom,8,0,0.95,50,0.2,36.7061978565,36.5234375,200,0.05,2,0.01,0,0,50,0.15,0,617.31865946,713.789073629,736.455479023,736.455479023,-26897.8856596
nature_economic_cost_robustness_v1,post_hoc_development_parameterized_sensitivity,real_2026_usd,independent_fresh_event_screening_bootstrap,proportional_reference_module_accounting_sensitivity_no_portfolio_diversification,reserved_headroom,8,0,0.95,50,0.2,36.7061978565,36.5234375,200,0.05,2,0.01,0.5,12500,50,0.15,0,617.31865946,1056.03506293,1078.70146833,1078.70146833,-39397.8856596
nature_economic_cost_robustness_v1,post_hoc_development_parameterized_sensitivity,real_2026_usd,independent_fresh_event_screening_bootstrap,proportional_reference_module_accounting_sensitivity_no_portfolio_diversification,reserved_headroom,8,0,0.95,50,0.2,36.7061978565,36.5234375,200,0.05,2,0.01,1,25000,50,0.15,0,617.31865946,1398.28105224,1420.94745763,1420.94745763,-51897.8856596
nature_economic_cost_robustness_v1,post_hoc_development_parameterized_sensitivity,real_2026_usd,independent_fresh_event_screening_bootstrap,proportional_reference_module_accounting_sensitivity_no_portfolio_diversification,reserved_headroom,8,0,0.95,50,0.2,36.7061978565,36.5234375,200,0.05,2,0.01,2,50000,50,0.15,0,617.31865946,2082.77303085,2105.43943624,2105.43943624,-76897.8856596
nature_economic_cost_robustness_v1,post_hoc_development_parameterized_sensitivity,real_2026_usd,independent_fresh_event_screening_bootstrap,proportional_reference_module_accounting_sensitivity_no_portfolio_diversification,throughput_displacing,8,0,0.95,50,0.2,36.7061978565,36.5234375,200,0.05,0,0,0,0,50,0,0.25,0,317.90032338,320.109244485,320.109244485,-11691.4899841
nature_economic_cost_robustness_v1,post_hoc_development_parameterized_sensitivity,real_2026_usd,independent_fresh_event_screening_bootstrap,proportional_reference_module_accounting_sensitivity_no_portfolio_diversification,throughput_displacing,8,0,0.95,50,0.2,36.7061978565,36.5234375,200,0.05,0,0,0.5,12500,50,0,0.25,0,660.146312685,662.35523379,662.35523379,-24191.4899841
nature_economic_cost_robustness_v1,post_hoc_development_parameterized_sensitivity,real_2026_usd,independent_fresh_event_screening_bootstrap,proportional_reference_module_accounting_sensitivity_no_portfolio_diversification,throughput_displacing,8,0,0.95,50,0.2,36.7061978565,36.5234375,200,0.05,0,0,1,25000,50,0,0.25,0,1002.39230199,1004.6012231,1004.6012231,-36691.4899841
nature_economic_cost_robustness_v1,post_hoc_development_parameterized_sensitivity,real_2026_usd,independent_fresh_event_screening_bootstrap,proportional_reference_module_accounting_sensitivity_no_portfolio_diversification,throughput_displacing,8,0,0.95,50,0.2,36.7061978565,36.5234375,200,0.05,0,0,2,50000,50,0,0.25,0,1686.8842806,1689.0932017,1689.0932017,-61691.4899841
nature_economic_cost_robustness_v1,post_hoc_development_parameterized_sensitivity,real_2026_usd,independent_fresh_event_screening_bootstrap,proportional_reference_module_accounting_sensitivity_no_portfolio_diversification,throughput_displacing,8,0,0.95,50,0.2,36.7061978565,36.5234375,200,0.05,0.5,0.0025,0,0,50,0,0.25,154.329664865,472.229988245,477.525389911,477.525389911,-17440.8687331
nature_economic_cost_robustness_v1,post_hoc_development_parameterized_sensitivity,real_2026_usd,independent_fresh_event_screening_bootstrap,proportional_reference_module_accounting_sensitivity_no_portfolio_diversification,throughput_displacing,8,0,0.95,50,0.2,36.7061978565,36.5234375,200,0.05,0.5,0.0025,0.5,12500,50,0,0.25,154.329664865,814.47597755,819.771379216,819.771379216,-29940.8687331
nature_economic_cost_robustness_v1,post_hoc_development_parameterized_sensitivity,real_2026_usd,independent_fresh_event_screening_bootstrap,proportional_reference_module_accounting_sensitivity_no_portfolio_diversification,throughput_displacing,8,0,0.95,50,0.2,36.7061978565,36.5234375,200,0.05,0.5,0.0025,1,25000,50,0,0.25,154.329664865,1156.72196685,1162.01736852,1162.01736852,-42440.8687331
nature_economic_cost_robustness_v1,post_hoc_development_parameterized_sensitivity,real_2026_usd,independent_fresh_event_screening_bootstrap,proportional_reference_module_accounting_sensitivity_no_portfolio_diversification,throughput_displacing,8,0,0.95,50,0.2,36.7061978565,36.5234375,200,0.05,0.5,0.0025,2,50000,50,0,0.25,154.329664865,1841.21394546,1846.50934713,1846.50934713,-67440.8687331
nature_economic_cost_robustness_v1,post_hoc_development_parameterized_sensitivity,real_2026_usd,independent_fresh_event_screening_bootstrap,proportional_reference_module_accounting_sensitivity_no_portfolio_diversification,throughput_displacing,8,0,0.95,50,0.2,36.7061978565,36.5234375,200,0.05,1,0.005,0,0,50,0,0.25,308.65932973,626.55965311,637.472423968,637.472423968,-23282.6842348
nature_economic_cost_robustness_v1,post_hoc_development_parameterized_sensitivity,real_2026_usd,independent_fresh_event_screening_bootstrap,proportional_reference_module_accounting_sensitivity_no_portfolio_diversification,throughput_displacing,8,0,0.95,50,0.2,36.7061978565,36.5234375,200,0.05,1,0.005,0.5,12500,50,0,0.25,308.65932973,968.805642415,979.718413273,979.718413273,-35782.6842348
nature_economic_cost_robustness_v1,post_hoc_development_parameterized_sensitivity,real_2026_usd,independent_fresh_event_screening_bootstrap,proportional_reference_module_accounting_sensitivity_no_portfolio_diversification,throughput_displacing,8,0,0.95,50,0.2,36.7061978565,36.5234375,200,0.05,1,0.005,1,25000,50,0,0.25,308.65932973,1311.05163172,1321.96440258,1321.96440258,-48282.6842348
nature_economic_cost_robustness_v1,post_hoc_development_parameterized_sensitivity,real_2026_usd,independent_fresh_event_screening_bootstrap,proportional_reference_module_accounting_sensitivity_no_portfolio_diversification,throughput_displacing,8,0,0.95,50,0.2,36.7061978565,36.5234375,200,0.05,1,0.005,2,50000,50,0,0.25,308.65932973,1995.54361033,2006.45638119,2006.45638119,-73282.6842348
nature_economic_cost_robustness_v1,post_hoc_development_parameterized_sensitivity,real_2026_usd,independent_fresh_event_screening_bootstrap,proportional_reference_module_accounting_sensitivity_no_portfolio_diversification,throughput_displacing,8,0,0.95,50,0.2,36.7061978565,36.5234375,200,0.05,2,0.01,0,0,50,0,0.25,617.31865946,935.21898284,957.226921801,957.226921801,-34961.2176517
nature_economic_cost_robustness_v1,post_hoc_development_parameterized_sensitivity,real_2026_usd,independent_fresh_event_screening_bootstrap,proportional_reference_module_accounting_sensitivity_no_portfolio_diversification,throughput_displacing,8,0,0.95,50,0.2,36.7061978565,36.5234375,200,0.05,2,0.01,0.5,12500,50,0,0.25,617.31865946,1277.46497214,1299.47291111,1299.47291111,-47461.2176517
nature_economic_cost_robustness_v1,post_hoc_development_parameterized_sensitivity,real_2026_usd,independent_fresh_event_screening_bootstrap,proportional_reference_module_accounting_sensitivity_no_portfolio_diversification,throughput_displacing,8,0,0.95,50,0.2,36.7061978565,36.5234375,200,0.05,2,0.01,1,25000,50,0,0.25,617.31865946,1619.71096145,1641.71890041,1641.71890041,-59961.2176517
nature_economic_cost_robustness_v1,post_hoc_development_parameterized_sensitivity,real_2026_usd,independent_fresh_event_screening_bootstrap,proportional_reference_module_accounting_sensitivity_no_portfolio_diversification,throughput_displacing,8,0,0.95,50,0.2,36.7061978565,36.5234375,200,0.05,2,0.01,2,50000,50,0,0.25,617.31865946,2304.20294006,2326.21087902,2326.21087902,-84961.2176517
nature_economic_cost_robustness_v1,post_hoc_development_parameterized_sensitivity,real_2026_usd,independent_fresh_event_screening_bootstrap,proportional_reference_module_accounting_sensitivity_no_portfolio_diversification,slack_backed,8,0,0.95,50,1,36.7061978565,182.6171875,200,0.05,0,0,0,0,50,0,0,0,0,0,-19.6156224897,3582.14981012
nature_economic_cost_robustness_v1,post_hoc_development_parameterized_sensitivity,real_2026_usd,independent_fresh_event_screening_bootstrap,proportional_reference_module_accounting_sensitivity_no_portfolio_diversification,slack_backed,8,0,0.95,50,1,36.7061978565,182.6171875,200,0.05,0,0,0.5,12500,50,0,0,0,48.7713405269,48.8335753713,48.8335753713,-8917.85018988
nature_economic_cost_robustness_v1,post_hoc_development_parameterized_sensitivity,real_2026_usd,independent_fresh_event_screening_bootstrap,proportional_reference_module_accounting_sensitivity_no_portfolio_diversification,slack_backed,8,0,0.95,50,1,36.7061978565,182.6171875,200,0.05,0,0,1,25000,50,0,0,0,117.220538388,117.282773232,117.282773232,-21417.8501899
nature_economic_cost_robustness_v1,post_hoc_development_parameterized_sensitivity,real_2026_usd,independent_fresh_event_screening_bootstrap,proportional_reference_module_accounting_sensitivity_no_portfolio_diversification,slack_backed,8,0,0.95,50,1,36.7061978565,182.6171875,200,0.05,0,0,2,50000,50,0,0,0,254.11893411,254.181168954,254.181168954,-46417.8501899
nature_economic_cost_robustness_v1,post_hoc_development_parameterized_sensitivity,real_2026_usd,independent_fresh_event_screening_bootstrap,proportional_reference_module_accounting_sensitivity_no_portfolio_diversification,slack_backed,8,0,0.95,50,1,36.7061978565,182.6171875,200,0.05,0.5,0.0025,0,0,50,0,0,154.329664865,134.651807531,140.327419774,140.327419774,-25626.1987283
nature_economic_cost_robustness_v1,post_hoc_development_parameterized_sensitivity,real_2026_usd,independent_fresh_event_screening_bootstrap,proportional_reference_module_accounting_sensitivity_no_portfolio_diversification,slack_backed,8,0,0.95,50,1,36.7061978565,182.6171875,200,0.05,0.5,0.0025,0.5,12500,50,0,0,154.329664865,203.101005392,208.776617635,208.776617635,-38126.1987283
nature_economic_cost_robustness_v1,post_hoc_development_parameterized_sensitivity,real_2026_usd,independent_fresh_event_screening_bootstrap,proportional_reference_module_accounting_sensitivity_no_portfolio_diversification,slack_backed,8,0,0.95,50,1,36.7061978565,182.6171875,200,0.05,0.5,0.0025,1,25000,50,0,0,154.329664865,271.550203253,277.225815496,277.225815496,-50626.1987283
nature_economic_cost_robustness_v1,post_hoc_development_parameterized_sensitivity,real_2026_usd,independent_fresh_event_screening_bootstrap,proportional_reference_module_accounting_sensitivity_no_portfolio_diversification,slack_backed,8,0,0.95,50,1,36.7061978565,182.6171875,200,0.05,0.5,0.0025,2,50000,50,0,0,154.329664865,408.448598975,414.124211218,414.124211218,-75626.1987283
nature_economic_cost_robustness_v1,post_hoc_development_parameterized_sensitivity,real_2026_usd,independent_fresh_event_screening_bootstrap,proportional_reference_module_accounting_sensitivity_no_portfolio_diversification,slack_backed,8,0,0.95,50,1,36.7061978565,182.6171875,200,0.05,1,0.005,0,0,50,0,0,308.65932973,288.981472396,300.308606132,300.308606132,-54841.513034
nature_economic_cost_robustness_v1,post_hoc_development_parameterized_sensitivity,real_2026_usd,independent_fresh_event_screening_bootstrap,proportional_reference_module_accounting_sensitivity_no_portfolio_diversification,slack_backed,8,0,0.95,50,1,36.7061978565,182.6171875,200,0.05,1,0.005,0.5,12500,50,0,0,308.65932973,357.430670257,368.757803993,368.757803993,-67341.513034
nature_economic_cost_robustness_v1,post_hoc_development_parameterized_sensitivity,real_2026_usd,independent_fresh_event_screening_bootstrap,proportional_reference_module_accounting_sensitivity_no_portfolio_diversification,slack_backed,8,0,0.95,50,1,36.7061978565,182.6171875,200,0.05,1,0.005,1,25000,50,0,0,308.65932973,425.879868118,437.207001854,437.207001854,-79841.513034
nature_economic_cost_robustness_v1,post_hoc_development_parameterized_sensitivity,real_2026_usd,independent_fresh_event_screening_bootstrap,proportional_reference_module_accounting_sensitivity_no_portfolio_diversification,slack_backed,8,0,0.95,50,1,36.7061978565,182.6171875,200,0.05,1,0.005,2,50000,50,0,0,308.65932973,562.77826384,574.105397576,574.105397576,-104841.513034
nature_economic_cost_robustness_v1,post_hoc_development_parameterized_sensitivity,real_2026_usd,independent_fresh_event_screening_bootstrap,proportional_reference_module_accounting_sensitivity_no_portfolio_diversification,slack_backed,8,0,0.95,50,1,36.7061978565,182.6171875,200,0.05,2,0.01,0,0,50,0,0,617.31865946,597.640802126,620.30720752,620.30720752,-113278.757623
nature_economic_cost_robustness_v1,post_hoc_development_parameterized_sensitivity,real_2026_usd,independent_fresh_event_screening_bootstrap,proportional_reference_module_accounting_sensitivity_no_portfolio_diversification,slack_backed,8,0,0.95,50,1,36.7061978565,182.6171875,200,0.05,2,0.01,0.5,12500,50,0,0,617.31865946,666.089999987,688.756405381,688.756405381,-125778.757623
nature_economic_cost_robustness_v1,post_hoc_development_parameterized_sensitivity,real_2026_usd,independent_fresh_event_screening_bootstrap,proportional_reference_module_accounting_sensitivity_no_portfolio_diversification,slack_backed,8,0,0.95,50,1,36.7061978565,182.6171875,200,0.05,2,0.01,1,25000,50,0,0,617.31865946,734.539197848,757.205603242,757.205603242,-138278.757623
nature_economic_cost_robustness_v1,post_hoc_development_parameterized_sensitivity,real_2026_usd,independent_fresh_event_screening_bootstrap,proportional_reference_module_accounting_sensitivity_no_portfolio_diversification,slack_backed,8,0,0.95,50,1,36.7061978565,182.6171875,200,0.05,2,0.01,2,50000,50,0,0,617.31865946,871.43759357,894.103998963,894.103998963,-163278.757623
nature_economic_cost_robustness_v1,post_hoc_development_parameterized_sensitivity,real_2026_usd,independent_fresh_event_screening_bootstrap,proportional_reference_module_accounting_sensitivity_no_portfolio_diversification,reserved_headroom,8,0,0.95,50,1,36.7061978565,182.6171875,200,0.05,0,0,0,0,50,0.15,0,0,96.4704141692,96.5326490136,96.5326490136,-17628.5208648
nature_economic_cost_robustness_v1,post_hoc_development_parameterized_sensitivity,real_2026_usd,independent_fresh_event_screening_bootstrap,proportional_reference_module_accounting_sensitivity_no_portfolio_diversification,reserved_headroom,8,0,0.95,50,1,36.7061978565,182.6171875,200,0.05,0,0,0.5,12500,50,0.15,0,0,164.91961203,164.981846875,164.981846875,-30128.5208648
nature_economic_cost_robustness_v1,post_hoc_development_parameterized_sensitivity,real_2026_usd,independent_fresh_event_screening_bootstrap,proportional_reference_module_accounting_sensitivity_no_portfolio_diversification,reserved_headroom,8,0,0.95,50,1,36.7061978565,182.6171875,200,0.05,0,0,1,25000,50,0.15,0,0,233.368809891,233.431044736,233.431044736,-42628.5208648
nature_economic_cost_robustness_v1,post_hoc_development_parameterized_sensitivity,real_2026_usd,independent_fresh_event_screening_bootstrap,proportional_reference_module_accounting_sensitivity_no_portfolio_diversification,reserved_headroom,8,0,0.95,50,1,36.7061978565,182.6171875,200,0.05,0,0,2,50000,50,0.15,0,0,370.267205613,370.329440457,370.329440457,-67628.5208648
nature_economic_cost_robustness_v1,post_hoc_development_parameterized_sensitivity,real_2026_usd,independent_fresh_event_screening_bootstrap,proportional_reference_module_accounting_sensitivity_no_portfolio_diversification,reserved_headroom,8,0,0.95,50,1,36.7061978565,182.6171875,200,0.05,0.5,0.0025,0,0,50,0.15,0,154.329664865,250.800079034,256.475691277,256.475691277,-46836.8694032
nature_economic_cost_robustness_v1,post_hoc_development_parameterized_sensitivity,real_2026_usd,independent_fresh_event_screening_bootstrap,proportional_reference_module_accounting_sensitivity_no_portfolio_diversification,reserved_headroom,8,0,0.95,50,1,36.7061978565,182.6171875,200,0.05,0.5,0.0025,0.5,12500,50,0.15,0,154.329664865,319.249276895,324.924889138,324.924889138,-59336.8694032
nature_economic_cost_robustness_v1,post_hoc_development_parameterized_sensitivity,real_2026_usd,independent_fresh_event_screening_bootstrap,proportional_reference_module_accounting_sensitivity_no_portfolio_diversification,reserved_headroom,8,0,0.95,50,1,36.7061978565,182.6171875,200,0.05,0.5,0.0025,1,25000,50,0.15,0,154.329664865,387.698474756,393.374086999,393.374086999,-71836.8694032
nature_economic_cost_robustness_v1,post_hoc_development_parameterized_sensitivity,real_2026_usd,independent_fresh_event_screening_bootstrap,proportional_reference_module_accounting_sensitivity_no_portfolio_diversification,reserved_headroom,8,0,0.95,50,1,36.7061978565,182.6171875,200,0.05,0.5,0.0025,2,50000,50,0.15,0,154.329664865,524.596870478,530.272482721,530.272482721,-96836.8694032
nature_economic_cost_robustness_v1,post_hoc_development_parameterized_sensitivity,real_2026_usd,independent_fresh_event_screening_bootstrap,proportional_reference_module_accounting_sensitivity_no_portfolio_diversification,reserved_headroom,8,0,0.95,50,1,36.7061978565,182.6171875,200,0.05,1,0.005,0,0,50,0.15,0,308.65932973,405.129743899,416.456877636,416.456877636,-76052.1837089
nature_economic_cost_robustness_v1,post_hoc_development_parameterized_sensitivity,real_2026_usd,independent_fresh_event_screening_bootstrap,proportional_reference_module_accounting_sensitivity_no_portfolio_diversification,reserved_headroom,8,0,0.95,50,1,36.7061978565,182.6171875,200,0.05,1,0.005,0.5,12500,50,0.15,0,308.65932973,473.57894176,484.906075497,484.906075497,-88552.1837089
nature_economic_cost_robustness_v1,post_hoc_development_parameterized_sensitivity,real_2026_usd,independent_fresh_event_screening_bootstrap,proportional_reference_module_accounting_sensitivity_no_portfolio_diversification,reserved_headroom,8,0,0.95,50,1,36.7061978565,182.6171875,200,0.05,1,0.005,1,25000,50,0.15,0,308.65932973,542.028139621,553.355273358,553.355273358,-101052.183709
nature_economic_cost_robustness_v1,post_hoc_development_parameterized_sensitivity,real_2026_usd,independent_fresh_event_screening_bootstrap,proportional_reference_module_accounting_sensitivity_no_portfolio_diversification,reserved_headroom,8,0,0.95,50,1,36.7061978565,182.6171875,200,0.05,1,0.005,2,50000,50,0.15,0,308.65932973,678.926535343,690.25366908,690.25366908,-126052.183709
nature_economic_cost_robustness_v1,post_hoc_development_parameterized_sensitivity,real_2026_usd,independent_fresh_event_screening_bootstrap,proportional_reference_module_accounting_sensitivity_no_portfolio_diversification,reserved_headroom,8,0,0.95,50,1,36.7061978565,182.6171875,200,0.05,2,0.01,0,0,50,0.15,0,617.31865946,713.789073629,736.455479023,736.455479023,-134489.428298
nature_economic_cost_robustness_v1,post_hoc_development_parameterized_sensitivity,real_2026_usd,independent_fresh_event_screening_bootstrap,proportional_reference_module_accounting_sensitivity_no_portfolio_diversification,reserved_headroom,8,0,0.95,50,1,36.7061978565,182.6171875,200,0.05,2,0.01,0.5,12500,50,0.15,0,617.31865946,782.23827149,804.904676884,804.904676884,-146989.428298
nature_economic_cost_robustness_v1,post_hoc_development_parameterized_sensitivity,real_2026_usd,independent_fresh_event_screening_bootstrap,proportional_reference_module_accounting_sensitivity_no_portfolio_diversification,reserved_headroom,8,0,0.95,50,1,36.7061978565,182.6171875,200,0.05,2,0.01,1,25000,50,0.15,0,617.31865946,850.687469351,873.353874745,873.353874745,-159489.428298
nature_economic_cost_robustness_v1,post_hoc_development_parameterized_sensitivity,real_2026_usd,independent_fresh_event_screening_bootstrap,proportional_reference_module_accounting_sensitivity_no_portfolio_diversification,reserved_headroom,8,0,0.95,50,1,36.7061978565,182.6171875,200,0.05,2,0.01,2,50000,50,0.15,0,617.31865946,987.585865073,1010.25227047,1010.25227047,-184489.428298
nature_economic_cost_robustness_v1,post_hoc_development_parameterized_sensitivity,real_2026_usd,independent_fresh_event_screening_bootstrap,proportional_reference_module_accounting_sensitivity_no_portfolio_diversification,throughput_displacing,8,0,0.95,50,1,36.7061978565,182.6171875,200,0.05,0,0,0,0,50,0,0.25,0,317.90032338,320.109244485,320.109244485,-58457.4499207
nature_economic_cost_robustness_v1,post_hoc_development_parameterized_sensitivity,real_2026_usd,independent_fresh_event_screening_bootstrap,proportional_reference_module_accounting_sensitivity_no_portfolio_diversification,throughput_displacing,8,0,0.95,50,1,36.7061978565,182.6171875,200,0.05,0,0,0.5,12500,50,0,0.25,0,386.349521241,388.558442346,388.558442346,-70957.4499207
nature_economic_cost_robustness_v1,post_hoc_development_parameterized_sensitivity,real_2026_usd,independent_fresh_event_screening_bootstrap,proportional_reference_module_accounting_sensitivity_no_portfolio_diversification,throughput_displacing,8,0,0.95,50,1,36.7061978565,182.6171875,200,0.05,0,0,1,25000,50,0,0.25,0,454.798719102,457.007640207,457.007640207,-83457.4499207
nature_economic_cost_robustness_v1,post_hoc_development_parameterized_sensitivity,real_2026_usd,independent_fresh_event_screening_bootstrap,proportional_reference_module_accounting_sensitivity_no_portfolio_diversification,throughput_displacing,8,0,0.95,50,1,36.7061978565,182.6171875,200,0.05,0,0,2,50000,50,0,0.25,0,591.697114824,593.906035929,593.906035929,-108457.449921
nature_economic_cost_robustness_v1,post_hoc_development_parameterized_sensitivity,real_2026_usd,independent_fresh_event_screening_bootstrap,proportional_reference_module_accounting_sensitivity_no_portfolio_diversification,throughput_displacing,8,0,0.95,50,1,36.7061978565,182.6171875,200,0.05,0.5,0.0025,0,0,50,0,0.25,154.329664865,472.229988245,477.525389911,477.525389911,-87204.3436654
nature_economic_cost_robustness_v1,post_hoc_development_parameterized_sensitivity,real_2026_usd,independent_fresh_event_screening_bootstrap,proportional_reference_module_accounting_sensitivity_no_portfolio_diversification,throughput_displacing,8,0,0.95,50,1,36.7061978565,182.6171875,200,0.05,0.5,0.0025,0.5,12500,50,0,0.25,154.329664865,540.679186106,545.974587772,545.974587772,-99704.3436654
nature_economic_cost_robustness_v1,post_hoc_development_parameterized_sensitivity,real_2026_usd,independent_fresh_event_screening_bootstrap,proportional_reference_module_accounting_sensitivity_no_portfolio_diversification,throughput_displacing,8,0,0.95,50,1,36.7061978565,182.6171875,200,0.05,0.5,0.0025,1,25000,50,0,0.25,154.329664865,609.128383967,614.423785633,614.423785633,-112204.343665
nature_economic_cost_robustness_v1,post_hoc_development_parameterized_sensitivity,real_2026_usd,independent_fresh_event_screening_bootstrap,proportional_reference_module_accounting_sensitivity_no_portfolio_diversification,throughput_displacing,8,0,0.95,50,1,36.7061978565,182.6171875,200,0.05,0.5,0.0025,2,50000,50,0,0.25,154.329664865,746.026779689,751.322181355,751.322181355,-137204.343665
nature_economic_cost_robustness_v1,post_hoc_development_parameterized_sensitivity,real_2026_usd,independent_fresh_event_screening_bootstrap,proportional_reference_module_accounting_sensitivity_no_portfolio_diversification,throughput_displacing,8,0,0.95,50,1,36.7061978565,182.6171875,200,0.05,1,0.005,0,0,50,0,0.25,308.65932973,626.55965311,637.472423968,637.472423968,-116413.421174
nature_economic_cost_robustness_v1,post_hoc_development_parameterized_sensitivity,real_2026_usd,independent_fresh_event_screening_bootstrap,proportional_reference_module_accounting_sensitivity_no_portfolio_diversification,throughput_displacing,8,0,0.95,50,1,36.7061978565,182.6171875,200,0.05,1,0.005,0.5,12500,50,0,0.25,308.65932973,695.008850971,705.921621829,705.921621829,-128913.421174
nature_economic_cost_robustness_v1,post_hoc_development_parameterized_sensitivity,real_2026_usd,independent_fresh_event_screening_bootstrap,proportional_reference_module_accounting_sensitivity_no_portfolio_diversification,throughput_displacing,8,0,0.95,50,1,36.7061978565,182.6171875,200,0.05,1,0.005,1,25000,50,0,0.25,308.65932973,763.458048832,774.37081969,774.37081969,-141413.421174
nature_economic_cost_robustness_v1,post_hoc_development_parameterized_sensitivity,real_2026_usd,independent_fresh_event_screening_bootstrap,proportional_reference_module_accounting_sensitivity_no_portfolio_diversification,throughput_displacing,8,0,0.95,50,1,36.7061978565,182.6171875,200,0.05,1,0.005,2,50000,50,0,0.25,308.65932973,900.356444554,911.269215412,911.269215412,-166413.421174
nature_economic_cost_robustness_v1,post_hoc_development_parameterized_sensitivity,real_2026_usd,independent_fresh_event_screening_bootstrap,proportional_reference_module_accounting_sensitivity_no_portfolio_diversification,throughput_displacing,8,0,0.95,50,1,36.7061978565,182.6171875,200,0.05,2,0.01,0,0,50,0,0.25,617.31865946,935.21898284,957.226921801,957.226921801,-174806.088259
nature_economic_cost_robustness_v1,post_hoc_development_parameterized_sensitivity,real_2026_usd,independent_fresh_event_screening_bootstrap,proportional_reference_module_accounting_sensitivity_no_portfolio_diversification,throughput_displacing,8,0,0.95,50,1,36.7061978565,182.6171875,200,0.05,2,0.01,0.5,12500,50,0,0.25,617.31865946,1003.6681807,1025.67611966,1025.67611966,-187306.088259
nature_economic_cost_robustness_v1,post_hoc_development_parameterized_sensitivity,real_2026_usd,independent_fresh_event_screening_bootstrap,proportional_reference_module_accounting_sensitivity_no_portfolio_diversification,throughput_displacing,8,0,0.95,50,1,36.7061978565,182.6171875,200,0.05,2,0.01,1,25000,50,0,0.25,617.31865946,1072.11737856,1094.12531752,1094.12531752,-199806.088259
nature_economic_cost_robustness_v1,post_hoc_development_parameterized_sensitivity,real_2026_usd,independent_fresh_event_screening_bootstrap,proportional_reference_module_accounting_sensitivity_no_portfolio_diversification,throughput_displacing,8,0,0.95,50,1,36.7061978565,182.6171875,200,0.05,2,0.01,2,50000,50,0,0.25,617.31865946,1209.01577428,1231.02371325,1231.02371325,-224806.088259
nature_economic_cost_robustness_v1,post_hoc_development_parameterized_sensitivity,real_2026_usd,independent_fresh_event_screening_bootstrap,proportional_reference_module_accounting_sensitivity_no_portfolio_diversification,slack_backed,8,0,0.95,50,5,36.7061978565,913.0859375,200,0.05,0,0,0,0,50,0,0,0,0,0,-19.6156224897,17910.7490506
nature_economic_cost_robustness_v1,post_hoc_development_parameterized_sensitivity,real_2026_usd,independent_fresh_event_screening_bootstrap,proportional_reference_module_accounting_sensitivity_no_portfolio_diversification,slack_backed,8,0,0.95,50,5,36.7061978565,913.0859375,200,0.05,0,0,0.5,12500,50,0,0,0,0,0,-5.92578291746,5410.74905061
nature_economic_cost_robustness_v1,post_hoc_development_parameterized_sensitivity,real_2026_usd,independent_fresh_event_screening_bootstrap,proportional_reference_module_accounting_sensitivity_no_portfolio_diversification,slack_backed,8,0,0.95,50,5,36.7061978565,913.0859375,200,0.05,0,0,1,25000,50,0,0,0,7.70182181033,7.76405665473,7.76405665473,-7089.25094939
nature_economic_cost_robustness_v1,post_hoc_development_parameterized_sensitivity,real_2026_usd,independent_fresh_event_screening_bootstrap,proportional_reference_module_accounting_sensitivity_no_portfolio_diversification,slack_backed,8,0,0.95,50,5,36.7061978565,913.0859375,200,0.05,0,0,2,50000,50,0,0,0,35.0815009547,35.1437357991,35.1437357991,-32089.2509494
nature_economic_cost_robustness_v1,post_hoc_development_parameterized_sensitivity,real_2026_usd,independent_fresh_event_screening_bootstrap,proportional_reference_module_accounting_sensitivity_no_portfolio_diversification,slack_backed,8,0,0.95,50,5,36.7061978565,913.0859375,200,0.05,0.5,0.0025,0,0,50,0,0,154.329664865,134.651807531,140.327419774,140.327419774,-128130.993641
nature_economic_cost_robustness_v1,post_hoc_development_parameterized_sensitivity,real_2026_usd,independent_fresh_event_screening_bootstrap,proportional_reference_module_accounting_sensitivity_no_portfolio_diversification,slack_backed,8,0,0.95,50,5,36.7061978565,913.0859375,200,0.05,0.5,0.0025,0.5,12500,50,0,0,154.329664865,148.341647103,154.017259346,154.017259346,-140630.993641
nature_economic_cost_robustness_v1,post_hoc_development_parameterized_sensitivity,real_2026_usd,independent_fresh_event_screening_bootstrap,proportional_reference_module_accounting_sensitivity_no_portfolio_diversification,slack_backed,8,0,0.95,50,5,36.7061978565,913.0859375,200,0.05,0.5,0.0025,1,25000,50,0,0,154.329664865,162.031486675,167.707098918,167.707098918,-153130.993641
nature_economic_cost_robustness_v1,post_hoc_development_parameterized_sensitivity,real_2026_usd,independent_fresh_event_screening_bootstrap,proportional_reference_module_accounting_sensitivity_no_portfolio_diversification,slack_backed,8,0,0.95,50,5,36.7061978565,913.0859375,200,0.05,0.5,0.0025,2,50000,50,0,0,154.329664865,189.41116582,195.086778063,195.086778063,-178130.993641
nature_economic_cost_robustness_v1,post_hoc_development_parameterized_sensitivity,real_2026_usd,independent_fresh_event_screening_bootstrap,proportional_reference_module_accounting_sensitivity_no_portfolio_diversification,slack_backed,8,0,0.95,50,5,36.7061978565,913.0859375,200,0.05,1,0.005,0,0,50,0,0,308.65932973,288.981472396,300.308606132,300.308606132,-274207.56517
nature_economic_cost_robustness_v1,post_hoc_development_parameterized_sensitivity,real_2026_usd,independent_fresh_event_screening_bootstrap,proportional_reference_module_accounting_sensitivity_no_portfolio_diversification,slack_backed,8,0,0.95,50,5,36.7061978565,913.0859375,200,0.05,1,0.005,0.5,12500,50,0,0,308.65932973,302.671311968,313.998445705,313.998445705,-286707.56517
nature_economic_cost_robustness_v1,post_hoc_development_parameterized_sensitivity,real_2026_usd,independent_fresh_event_screening_bootstrap,proportional_reference_module_accounting_sensitivity_no_portfolio_diversification,slack_backed,8,0,0.95,50,5,36.7061978565,913.0859375,200,0.05,1,0.005,1,25000,50,0,0,308.65932973,316.36115154,327.688285277,327.688285277,-299207.56517
nature_economic_cost_robustness_v1,post_hoc_development_parameterized_sensitivity,real_2026_usd,independent_fresh_event_screening_bootstrap,proportional_reference_module_accounting_sensitivity_no_portfolio_diversification,slack_backed,8,0,0.95,50,5,36.7061978565,913.0859375,200,0.05,1,0.005,2,50000,50,0,0,308.65932973,343.740830685,355.067964421,355.067964421,-324207.56517
nature_economic_cost_robustness_v1,post_hoc_development_parameterized_sensitivity,real_2026_usd,independent_fresh_event_screening_bootstrap,proportional_reference_module_accounting_sensitivity_no_portfolio_diversification,slack_backed,8,0,0.95,50,5,36.7061978565,913.0859375,200,0.05,2,0.01,0,0,50,0,0,617.31865946,597.640802126,620.30720752,620.30720752,-566393.788116
nature_economic_cost_robustness_v1,post_hoc_development_parameterized_sensitivity,real_2026_usd,independent_fresh_event_screening_bootstrap,proportional_reference_module_accounting_sensitivity_no_portfolio_diversification,slack_backed,8,0,0.95,50,5,36.7061978565,913.0859375,200,0.05,2,0.01,0.5,12500,50,0,0,617.31865946,611.330641698,633.997047092,633.997047092,-578893.788116
nature_economic_cost_robustness_v1,post_hoc_development_parameterized_sensitivity,real_2026_usd,independent_fresh_event_screening_bootstrap,proportional_reference_module_accounting_sensitivity_no_portfolio_diversification,slack_backed,8,0,0.95,50,5,36.7061978565,913.0859375,200,0.05,2,0.01,1,25000,50,0,0,617.31865946,625.02048127,647.686886664,647.686886664,-591393.788116
nature_economic_cost_robustness_v1,post_hoc_development_parameterized_sensitivity,real_2026_usd,independent_fresh_event_screening_bootstrap,proportional_reference_module_accounting_sensitivity_no_portfolio_diversification,slack_backed,8,0,0.95,50,5,36.7061978565,913.0859375,200,0.05,2,0.01,2,50000,50,0,0,617.31865946,652.400160415,675.066565808,675.066565808,-616393.788116
nature_economic_cost_robustness_v1,post_hoc_development_parameterized_sensitivity,real_2026_usd,independent_fresh_event_screening_bootstrap,proportional_reference_module_accounting_sensitivity_no_portfolio_diversification,reserved_headroom,8,0,0.95,50,5,36.7061978565,913.0859375,200,0.05,0,0,0,0,50,0.15,0,0,96.4704141692,96.5326490136,96.5326490136,-88142.6043239
nature_economic_cost_robustness_v1,post_hoc_development_parameterized_sensitivity,real_2026_usd,independent_fresh_event_screening_bootstrap,proportional_reference_module_accounting_sensitivity_no_portfolio_diversification,reserved_headroom,8,0,0.95,50,5,36.7061978565,913.0859375,200,0.05,0,0,0.5,12500,50,0.15,0,0,110.160253741,110.222488586,110.222488586,-100642.604324
nature_economic_cost_robustness_v1,post_hoc_development_parameterized_sensitivity,real_2026_usd,independent_fresh_event_screening_bootstrap,proportional_reference_module_accounting_sensitivity_no_portfolio_diversification,reserved_headroom,8,0,0.95,50,5,36.7061978565,913.0859375,200,0.05,0,0,1,25000,50,0.15,0,0,123.850093314,123.912328158,123.912328158,-113142.604324
nature_economic_cost_robustness_v1,post_hoc_development_parameterized_sensitivity,real_2026_usd,independent_fresh_event_screening_bootstrap,proportional_reference_module_accounting_sensitivity_no_portfolio_diversification,reserved_headroom,8,0,0.95,50,5,36.7061978565,913.0859375,200,0.05,0,0,2,50000,50,0.15,0,0,151.229772458,151.292007302,151.292007302,-138142.604324
nature_economic_cost_robustness_v1,post_hoc_development_parameterized_sensitivity,real_2026_usd,independent_fresh_event_screening_bootstrap,proportional_reference_module_accounting_sensitivity_no_portfolio_diversification,reserved_headroom,8,0,0.95,50,5,36.7061978565,913.0859375,200,0.05,0.5,0.0025,0,0,50,0.15,0,154.329664865,250.800079034,256.475691277,256.475691277,-234184.347016
nature_economic_cost_robustness_v1,post_hoc_development_parameterized_sensitivity,real_2026_usd,independent_fresh_event_screening_bootstrap,proportional_reference_module_accounting_sensitivity_no_portfolio_diversification,reserved_headroom,8,0,0.95,50,5,36.7061978565,913.0859375,200,0.05,0.5,0.0025,0.5,12500,50,0.15,0,154.329664865,264.489918606,270.165530849,270.165530849,-246684.347016
nature_economic_cost_robustness_v1,post_hoc_development_parameterized_sensitivity,real_2026_usd,independent_fresh_event_screening_bootstrap,proportional_reference_module_accounting_sensitivity_no_portfolio_diversification,reserved_headroom,8,0,0.95,50,5,36.7061978565,913.0859375,200,0.05,0.5,0.0025,1,25000,50,0.15,0,154.329664865,278.179758179,283.855370422,283.855370422,-259184.347016
nature_economic_cost_robustness_v1,post_hoc_development_parameterized_sensitivity,real_2026_usd,independent_fresh_event_screening_bootstrap,proportional_reference_module_accounting_sensitivity_no_portfolio_diversification,reserved_headroom,8,0,0.95,50,5,36.7061978565,913.0859375,200,0.05,0.5,0.0025,2,50000,50,0.15,0,154.329664865,305.559437323,311.235049566,311.235049566,-284184.347016
nature_economic_cost_robustness_v1,post_hoc_development_parameterized_sensitivity,real_2026_usd,independent_fresh_event_screening_bootstrap,proportional_reference_module_accounting_sensitivity_no_portfolio_diversification,reserved_headroom,8,0,0.95,50,5,36.7061978565,913.0859375,200,0.05,1,0.005,0,0,50,0.15,0,308.65932973,405.129743899,416.456877636,416.456877636,-380260.918544
nature_economic_cost_robustness_v1,post_hoc_development_parameterized_sensitivity,real_2026_usd,independent_fresh_event_screening_bootstrap,proportional_reference_module_accounting_sensitivity_no_portfolio_diversification,reserved_headroom,8,0,0.95,50,5,36.7061978565,913.0859375,200,0.05,1,0.005,0.5,12500,50,0.15,0,308.65932973,418.819583471,430.146717208,430.146717208,-392760.918544
nature_economic_cost_robustness_v1,post_hoc_development_parameterized_sensitivity,real_2026_usd,independent_fresh_event_screening_bootstrap,proportional_reference_module_accounting_sensitivity_no_portfolio_diversification,reserved_headroom,8,0,0.95,50,5,36.7061978565,913.0859375,200,0.05,1,0.005,1,25000,50,0.15,0,308.65932973,432.509423044,443.83655678,443.83655678,-405260.918544
nature_economic_cost_robustness_v1,post_hoc_development_parameterized_sensitivity,real_2026_usd,independent_fresh_event_screening_bootstrap,proportional_reference_module_accounting_sensitivity_no_portfolio_diversification,reserved_headroom,8,0,0.95,50,5,36.7061978565,913.0859375,200,0.05,1,0.005,2,50000,50,0.15,0,308.65932973,459.889102188,471.216235924,471.216235924,-430260.918544
nature_economic_cost_robustness_v1,post_hoc_development_parameterized_sensitivity,real_2026_usd,independent_fresh_event_screening_bootstrap,proportional_reference_module_accounting_sensitivity_no_portfolio_diversification,reserved_headroom,8,0,0.95,50,5,36.7061978565,913.0859375,200,0.05,2,0.01,0,0,50,0.15,0,617.31865946,713.789073629,736.455479023,736.455479023,-672447.141491
nature_economic_cost_robustness_v1,post_hoc_development_parameterized_sensitivity,real_2026_usd,independent_fresh_event_screening_bootstrap,proportional_reference_module_accounting_sensitivity_no_portfolio_diversification,reserved_headroom,8,0,0.95,50,5,36.7061978565,913.0859375,200,0.05,2,0.01,0.5,12500,50,0.15,0,617.31865946,727.478913201,750.145318595,750.145318595,-684947.141491
nature_economic_cost_robustness_v1,post_hoc_development_parameterized_sensitivity,real_2026_usd,independent_fresh_event_screening_bootstrap,proportional_reference_module_accounting_sensitivity_no_portfolio_diversification,reserved_headroom,8,0,0.95,50,5,36.7061978565,913.0859375,200,0.05,2,0.01,1,25000,50,0.15,0,617.31865946,741.168752773,763.835158167,763.835158167,-697447.141491
nature_economic_cost_robustness_v1,post_hoc_development_parameterized_sensitivity,real_2026_usd,independent_fresh_event_screening_bootstrap,proportional_reference_module_accounting_sensitivity_no_portfolio_diversification,reserved_headroom,8,0,0.95,50,5,36.7061978565,913.0859375,200,0.05,2,0.01,2,50000,50,0.15,0,617.31865946,768.548431918,791.214837312,791.214837312,-722447.141491
nature_economic_cost_robustness_v1,post_hoc_development_parameterized_sensitivity,real_2026_usd,independent_fresh_event_screening_bootstrap,proportional_reference_module_accounting_sensitivity_no_portfolio_diversification,throughput_displacing,8,0,0.95,50,5,36.7061978565,913.0859375,200,0.05,0,0,0,0,50,0,0.25,0,317.90032338,320.109244485,320.109244485,-292287.249603
nature_economic_cost_robustness_v1,post_hoc_development_parameterized_sensitivity,real_2026_usd,independent_fresh_event_screening_bootstrap,proportional_reference_module_accounting_sensitivity_no_portfolio_diversification,throughput_displacing,8,0,0.95,50,5,36.7061978565,913.0859375,200,0.05,0,0,0.5,12500,50,0,0.25,0,331.590162952,333.799084058,333.799084058,-304787.249603
nature_economic_cost_robustness_v1,post_hoc_development_parameterized_sensitivity,real_2026_usd,independent_fresh_event_screening_bootstrap,proportional_reference_module_accounting_sensitivity_no_portfolio_diversification,throughput_displacing,8,0,0.95,50,5,36.7061978565,913.0859375,200,0.05,0,0,1,25000,50,0,0.25,0,345.280002525,347.48892363,347.48892363,-317287.249603
nature_economic_cost_robustness_v1,post_hoc_development_parameterized_sensitivity,real_2026_usd,independent_fresh_event_screening_bootstrap,proportional_reference_module_accounting_sensitivity_no_portfolio_diversification,throughput_displacing,8,0,0.95,50,5,36.7061978565,913.0859375,200,0.05,0,0,2,50000,50,0,0.25,0,372.659681669,374.868602774,374.868602774,-342287.249603
nature_economic_cost_robustness_v1,post_hoc_development_parameterized_sensitivity,real_2026_usd,independent_fresh_event_screening_bootstrap,proportional_reference_module_accounting_sensitivity_no_portfolio_diversification,throughput_displacing,8,0,0.95,50,5,36.7061978565,913.0859375,200,0.05,0.5,0.0025,0,0,50,0,0.25,154.329664865,472.229988245,477.525389911,477.525389911,-436021.718327
nature_economic_cost_robustness_v1,post_hoc_development_parameterized_sensitivity,real_2026_usd,independent_fresh_event_screening_bootstrap,proportional_reference_module_accounting_sensitivity_no_portfolio_diversification,throughput_displacing,8,0,0.95,50,5,36.7061978565,913.0859375,200,0.05,0.5,0.0025,0.5,12500,50,0,0.25,154.329664865,485.919827817,491.215229483,491.215229483,-448521.718327
nature_economic_cost_robustness_v1,post_hoc_development_parameterized_sensitivity,real_2026_usd,independent_fresh_event_screening_bootstrap,proportional_reference_module_accounting_sensitivity_no_portfolio_diversification,throughput_displacing,8,0,0.95,50,5,36.7061978565,913.0859375,200,0.05,0.5,0.0025,1,25000,50,0,0.25,154.329664865,499.60966739,504.905069055,504.905069055,-461021.718327
nature_economic_cost_robustness_v1,post_hoc_development_parameterized_sensitivity,real_2026_usd,independent_fresh_event_screening_bootstrap,proportional_reference_module_accounting_sensitivity_no_portfolio_diversification,throughput_displacing,8,0,0.95,50,5,36.7061978565,913.0859375,200,0.05,0.5,0.0025,2,50000,50,0,0.25,154.329664865,526.989346534,532.2847482,532.2847482,-486021.718327
nature_economic_cost_robustness_v1,post_hoc_development_parameterized_sensitivity,real_2026_usd,independent_fresh_event_screening_bootstrap,proportional_reference_module_accounting_sensitivity_no_portfolio_diversification,throughput_displacing,8,0,0.95,50,5,36.7061978565,913.0859375,200,0.05,1,0.005,0,0,50,0,0.25,308.65932973,626.55965311,637.472423968,637.472423968,-582067.105869
nature_economic_cost_robustness_v1,post_hoc_development_parameterized_sensitivity,real_2026_usd,independent_fresh_event_screening_bootstrap,proportional_reference_module_accounting_sensitivity_no_portfolio_diversification,throughput_displacing,8,0,0.95,50,5,36.7061978565,913.0859375,200,0.05,1,0.005,0.5,12500,50,0,0.25,308.65932973,640.249492682,651.16226354,651.16226354,-594567.105869
nature_economic_cost_robustness_v1,post_hoc_development_parameterized_sensitivity,real_2026_usd,independent_fresh_event_screening_bootstrap,proportional_reference_module_accounting_sensitivity_no_portfolio_diversification,throughput_displacing,8,0,0.95,50,5,36.7061978565,913.0859375,200,0.05,1,0.005,1,25000,50,0,0.25,308.65932973,653.939332255,664.852103112,664.852103112,-607067.105869
nature_economic_cost_robustness_v1,post_hoc_development_parameterized_sensitivity,real_2026_usd,independent_fresh_event_screening_bootstrap,proportional_reference_module_accounting_sensitivity_no_portfolio_diversification,throughput_displacing,8,0,0.95,50,5,36.7061978565,913.0859375,200,0.05,1,0.005,2,50000,50,0,0.25,308.65932973,681.319011399,692.231782257,692.231782257,-632067.105869
nature_economic_cost_robustness_v1,post_hoc_development_parameterized_sensitivity,real_2026_usd,independent_fresh_event_screening_bootstrap,proportional_reference_module_accounting_sensitivity_no_portfolio_diversification,throughput_displacing,8,0,0.95,50,5,36.7061978565,913.0859375,200,0.05,2,0.01,0,0,50,0,0.25,617.31865946,935.21898284,957.226921801,957.226921801,-874030.441293
nature_economic_cost_robustness_v1,post_hoc_development_parameterized_sensitivity,real_2026_usd,independent_fresh_event_screening_bootstrap,proportional_reference_module_accounting_sensitivity_no_portfolio_diversification,throughput_displacing,8,0,0.95,50,5,36.7061978565,913.0859375,200,0.05,2,0.01,0.5,12500,50,0,0.25,617.31865946,948.908822412,970.916761373,970.916761373,-886530.441293
nature_economic_cost_robustness_v1,post_hoc_development_parameterized_sensitivity,real_2026_usd,independent_fresh_event_screening_bootstrap,proportional_reference_module_accounting_sensitivity_no_portfolio_diversification,throughput_displacing,8,0,0.95,50,5,36.7061978565,913.0859375,200,0.05,2,0.01,1,25000,50,0,0.25,617.31865946,962.598661984,984.606600946,984.606600946,-899030.441293
nature_economic_cost_robustness_v1,post_hoc_development_parameterized_sensitivity,real_2026_usd,independent_fresh_event_screening_bootstrap,proportional_reference_module_accounting_sensitivity_no_portfolio_diversification,throughput_displacing,8,0,0.95,50,5,36.7061978565,913.0859375,200,0.05,2,0.01,2,50000,50,0,0.25,617.31865946,989.978341129,1011.98628009,1011.98628009,-924030.441293
nature_economic_cost_robustness_v1,post_hoc_development_parameterized_sensitivity,real_2026_usd,independent_fresh_event_screening_bootstrap,proportional_reference_module_accounting_sensitivity_no_portfolio_diversification,slack_backed,8,0,0.95,50,20,36.7061978565,3652.34375,200,0.05,0,0,0,0,50,0,0,0,0,0,-19.6156224897,71642.9962024
nature_economic_cost_robustness_v1,post_hoc_development_parameterized_sensitivity,real_2026_usd,independent_fresh_event_screening_bootstrap,proportional_reference_module_accounting_sensitivity_no_portfolio_diversification,slack_backed,8,0,0.95,50,20,36.7061978565,3652.34375,200,0.05,0,0,0.5,12500,50,0,0,0,0,0,-16.1931625966,59142.9962024
nature_economic_cost_robustness_v1,post_hoc_development_parameterized_sensitivity,real_2026_usd,independent_fresh_event_screening_bootstrap,proportional_reference_module_accounting_sensitivity_no_portfolio_diversification,slack_backed,8,0,0.95,50,20,36.7061978565,3652.34375,200,0.05,0,0,1,25000,50,0,0,0,0,0,-12.7707027036,46642.9962024
nature_economic_cost_robustness_v1,post_hoc_development_parameterized_sensitivity,real_2026_usd,independent_fresh_event_screening_bootstrap,proportional_reference_module_accounting_sensitivity_no_portfolio_diversification,slack_backed,8,0,0.95,50,20,36.7061978565,3652.34375,200,0.05,0,0,2,50000,50,0,0,0,0,0,-5.92578291746,21642.9962024
nature_economic_cost_robustness_v1,post_hoc_development_parameterized_sensitivity,real_2026_usd,independent_fresh_event_screening_bootstrap,proportional_reference_module_accounting_sensitivity_no_portfolio_diversification,slack_backed,8,0,0.95,50,20,36.7061978565,3652.34375,200,0.05,0.5,0.0025,0,0,50,0,0,154.329664865,134.651807531,140.327419774,140.327419774,-512523.974565
nature_economic_cost_robustness_v1,post_hoc_development_parameterized_sensitivity,real_2026_usd,independent_fresh_event_screening_bootstrap,proportional_reference_module_accounting_sensitivity_no_portfolio_diversification,slack_backed,8,0,0.95,50,20,36.7061978565,3652.34375,200,0.05,0.5,0.0025,0.5,12500,50,0,0,154.329664865,138.074267424,143.749879667,143.749879667,-525023.974565
nature_economic_cost_robustness_v1,post_hoc_development_parameterized_sensitivity,real_2026_usd,independent_fresh_event_screening_bootstrap,proportional_reference_module_accounting_sensitivity_no_portfolio_diversification,slack_backed,8,0,0.95,50,20,36.7061978565,3652.34375,200,0.05,0.5,0.0025,1,25000,50,0,0,154.329664865,141.496727317,147.17233956,147.17233956,-537523.974565
nature_economic_cost_robustness_v1,post_hoc_development_parameterized_sensitivity,real_2026_usd,independent_fresh_event_screening_bootstrap,proportional_reference_module_accounting_sensitivity_no_portfolio_diversification,slack_backed,8,0,0.95,50,20,36.7061978565,3652.34375,200,0.05,0.5,0.0025,2,50000,50,0,0,154.329664865,148.341647103,154.017259346,154.017259346,-562523.974565
nature_economic_cost_robustness_v1,post_hoc_development_parameterized_sensitivity,real_2026_usd,independent_fresh_event_screening_bootstrap,proportional_reference_module_accounting_sensitivity_no_portfolio_diversification,slack_backed,8,0,0.95,50,20,36.7061978565,3652.34375,200,0.05,1,0.005,0,0,50,0,0,308.65932973,288.981472396,300.308606132,300.308606132,-1096830.26068
nature_economic_cost_robustness_v1,post_hoc_development_parameterized_sensitivity,real_2026_usd,independent_fresh_event_screening_bootstrap,proportional_reference_module_accounting_sensitivity_no_portfolio_diversification,slack_backed,8,0,0.95,50,20,36.7061978565,3652.34375,200,0.05,1,0.005,0.5,12500,50,0,0,308.65932973,292.403932289,303.731066025,303.731066025,-1109330.26068
nature_economic_cost_robustness_v1,post_hoc_development_parameterized_sensitivity,real_2026_usd,independent_fresh_event_screening_bootstrap,proportional_reference_module_accounting_sensitivity_no_portfolio_diversification,slack_backed,8,0,0.95,50,20,36.7061978565,3652.34375,200,0.05,1,0.005,1,25000,50,0,0,308.65932973,295.826392182,307.153525919,307.153525919,-1121830.26068
nature_economic_cost_robustness_v1,post_hoc_development_parameterized_sensitivity,real_2026_usd,independent_fresh_event_screening_bootstrap,proportional_reference_module_accounting_sensitivity_no_portfolio_diversification,slack_backed,8,0,0.95,50,20,36.7061978565,3652.34375,200,0.05,1,0.005,2,50000,50,0,0,308.65932973,302.671311968,313.998445705,313.998445705,-1146830.26068
nature_economic_cost_robustness_v1,post_hoc_development_parameterized_sensitivity,real_2026_usd,independent_fresh_event_screening_bootstrap,proportional_reference_module_accounting_sensitivity_no_portfolio_diversification,slack_backed,8,0,0.95,50,20,36.7061978565,3652.34375,200,0.05,2,0.01,0,0,50,0,0,617.31865946,597.640802126,620.30720752,620.30720752,-2265575.15246
nature_economic_cost_robustness_v1,post_hoc_development_parameterized_sensitivity,real_2026_usd,independent_fresh_event_screening_bootstrap,proportional_reference_module_accounting_sensitivity_no_portfolio_diversification,slack_backed,8,0,0.95,50,20,36.7061978565,3652.34375,200,0.05,2,0.01,0.5,12500,50,0,0,617.31865946,601.063262019,623.729667413,623.729667413,-2278075.15246
nature_economic_cost_robustness_v1,post_hoc_development_parameterized_sensitivity,real_2026_usd,independent_fresh_event_screening_bootstrap,proportional_reference_module_accounting_sensitivity_no_portfolio_diversification,slack_backed,8,0,0.95,50,20,36.7061978565,3652.34375,200,0.05,2,0.01,1,25000,50,0,0,617.31865946,604.485721912,627.152127306,627.152127306,-2290575.15246
nature_economic_cost_robustness_v1,post_hoc_development_parameterized_sensitivity,real_2026_usd,independent_fresh_event_screening_bootstrap,proportional_reference_module_accounting_sensitivity_no_portfolio_diversification,slack_backed,8,0,0.95,50,20,36.7061978565,3652.34375,200,0.05,2,0.01,2,50000,50,0,0,617.31865946,611.330641698,633.997047092,633.997047092,-2315575.15246
nature_economic_cost_robustness_v1,post_hoc_development_parameterized_sensitivity,real_2026_usd,independent_fresh_event_screening_bootstrap,proportional_reference_module_accounting_sensitivity_no_portfolio_diversification,reserved_headroom,8,0,0.95,50,20,36.7061978565,3652.34375,200,0.05,0,0,0,0,50,0.15,0,0,96.4704141692,96.5326490136,96.5326490136,-352570.417296
nature_economic_cost_robustness_v1,post_hoc_development_parameterized_sensitivity,real_2026_usd,independent_fresh_event_screening_bootstrap,proportional_reference_module_accounting_sensitivity_no_portfolio_diversification,reserved_headroom,8,0,0.95,50,20,36.7061978565,3652.34375,200,0.05,0,0,0.5,12500,50,0.15,0,0,99.8928740622,99.9551089066,99.9551089066,-365070.417296
nature_economic_cost_robustness_v1,post_hoc_development_parameterized_sensitivity,real_2026_usd,independent_fresh_event_screening_bootstrap,proportional_reference_module_accounting_sensitivity_no_portfolio_diversification,reserved_headroom,8,0,0.95,50,20,36.7061978565,3652.34375,200,0.05,0,0,1,25000,50,0.15,0,0,103.315333955,103.3775688,103.3775688,-377570.417296
nature_economic_cost_robustness_v1,post_hoc_development_parameterized_sensitivity,real_2026_usd,independent_fresh_event_screening_bootstrap,proportional_reference_module_accounting_sensitivity_no_portfolio_diversification,reserved_headroom,8,0,0.95,50,20,36.7061978565,3652.34375,200,0.05,0,0,2,50000,50,0.15,0,0,110.160253741,110.222488586,110.222488586,-402570.417296
nature_economic_cost_robustness_v1,post_hoc_development_parameterized_sensitivity,real_2026_usd,independent_fresh_event_screening_bootstrap,proportional_reference_module_accounting_sensitivity_no_portfolio_diversification,reserved_headroom,8,0,0.95,50,20,36.7061978565,3652.34375,200,0.05,0.5,0.0025,0,0,50,0.15,0,154.329664865,250.800079034,256.475691277,256.475691277,-936737.388064
nature_economic_cost_robustness_v1,post_hoc_development_parameterized_sensitivity,real_2026_usd,independent_fresh_event_screening_bootstrap,proportional_reference_module_accounting_sensitivity_no_portfolio_diversification,reserved_headroom,8,0,0.95,50,20,36.7061978565,3652.34375,200,0.05,0.5,0.0025,0.5,12500,50,0.15,0,154.329664865,254.222538927,259.89815117,259.89815117,-949237.388064
nature_economic_cost_robustness_v1,post_hoc_development_parameterized_sensitivity,real_2026_usd,independent_fresh_event_screening_bootstrap,proportional_reference_module_accounting_sensitivity_no_portfolio_diversification,reserved_headroom,8,0,0.95,50,20,36.7061978565,3652.34375,200,0.05,0.5,0.0025,1,25000,50,0.15,0,154.329664865,257.64499882,263.320611063,263.320611063,-961737.388064
nature_economic_cost_robustness_v1,post_hoc_development_parameterized_sensitivity,real_2026_usd,independent_fresh_event_screening_bootstrap,proportional_reference_module_accounting_sensitivity_no_portfolio_diversification,reserved_headroom,8,0,0.95,50,20,36.7061978565,3652.34375,200,0.05,0.5,0.0025,2,50000,50,0.15,0,154.329664865,264.489918606,270.165530849,270.165530849,-986737.388064
nature_economic_cost_robustness_v1,post_hoc_development_parameterized_sensitivity,real_2026_usd,independent_fresh_event_screening_bootstrap,proportional_reference_module_accounting_sensitivity_no_portfolio_diversification,reserved_headroom,8,0,0.95,50,20,36.7061978565,3652.34375,200,0.05,1,0.005,0,0,50,0.15,0,308.65932973,405.129743899,416.456877636,416.456877636,-1521043.67418
nature_economic_cost_robustness_v1,post_hoc_development_parameterized_sensitivity,real_2026_usd,independent_fresh_event_screening_bootstrap,proportional_reference_module_accounting_sensitivity_no_portfolio_diversification,reserved_headroom,8,0,0.95,50,20,36.7061978565,3652.34375,200,0.05,1,0.005,0.5,12500,50,0.15,0,308.65932973,408.552203792,419.879337529,419.879337529,-1533543.67418
nature_economic_cost_robustness_v1,post_hoc_development_parameterized_sensitivity,real_2026_usd,independent_fresh_event_screening_bootstrap,proportional_reference_module_accounting_sensitivity_no_portfolio_diversification,reserved_headroom,8,0,0.95,50,20,36.7061978565,3652.34375,200,0.05,1,0.005,1,25000,50,0.15,0,308.65932973,411.974663685,423.301797422,423.301797422,-1546043.67418
nature_economic_cost_robustness_v1,post_hoc_development_parameterized_sensitivity,real_2026_usd,independent_fresh_event_screening_bootstrap,proportional_reference_module_accounting_sensitivity_no_portfolio_diversification,reserved_headroom,8,0,0.95,50,20,36.7061978565,3652.34375,200,0.05,1,0.005,2,50000,50,0.15,0,308.65932973,418.819583471,430.146717208,430.146717208,-1571043.67418
nature_economic_cost_robustness_v1,post_hoc_development_parameterized_sensitivity,real_2026_usd,independent_fresh_event_screening_bootstrap,proportional_reference_module_accounting_sensitivity_no_portfolio_diversification,reserved_headroom,8,0,0.95,50,20,36.7061978565,3652.34375,200,0.05,2,0.01,0,0,50,0.15,0,617.31865946,713.789073629,736.455479023,736.455479023,-2689788.56596
nature_economic_cost_robustness_v1,post_hoc_development_parameterized_sensitivity,real_2026_usd,independent_fresh_event_screening_bootstrap,proportional_reference_module_accounting_sensitivity_no_portfolio_diversification,reserved_headroom,8,0,0.95,50,20,36.7061978565,3652.34375,200,0.05,2,0.01,0.5,12500,50,0.15,0,617.31865946,717.211533522,739.877938916,739.877938916,-2702288.56596
nature_economic_cost_robustness_v1,post_hoc_development_parameterized_sensitivity,real_2026_usd,independent_fresh_event_screening_bootstrap,proportional_reference_module_accounting_sensitivity_no_portfolio_diversification,reserved_headroom,8,0,0.95,50,20,36.7061978565,3652.34375,200,0.05,2,0.01,1,25000,50,0.15,0,617.31865946,720.633993415,743.300398809,743.300398809,-2714788.56596
nature_economic_cost_robustness_v1,post_hoc_development_parameterized_sensitivity,real_2026_usd,independent_fresh_event_screening_bootstrap,proportional_reference_module_accounting_sensitivity_no_portfolio_diversification,reserved_headroom,8,0,0.95,50,20,36.7061978565,3652.34375,200,0.05,2,0.01,2,50000,50,0.15,0,617.31865946,727.478913201,750.145318595,750.145318595,-2739788.56596
nature_economic_cost_robustness_v1,post_hoc_development_parameterized_sensitivity,real_2026_usd,independent_fresh_event_screening_bootstrap,proportional_reference_module_accounting_sensitivity_no_portfolio_diversification,throughput_displacing,8,0,0.95,50,20,36.7061978565,3652.34375,200,0.05,0,0,0,0,50,0,0.25,0,317.90032338,320.109244485,320.109244485,-1169148.99841
nature_economic_cost_robustness_v1,post_hoc_development_parameterized_sensitivity,real_2026_usd,independent_fresh_event_screening_bootstrap,proportional_reference_module_accounting_sensitivity_no_portfolio_diversification,throughput_displacing,8,0,0.95,50,20,36.7061978565,3652.34375,200,0.05,0,0,0.5,12500,50,0,0.25,0,321.322783273,323.531704378,323.531704378,-1181648.99841
nature_economic_cost_robustness_v1,post_hoc_development_parameterized_sensitivity,real_2026_usd,independent_fresh_event_screening_bootstrap,proportional_reference_module_accounting_sensitivity_no_portfolio_diversification,throughput_displacing,8,0,0.95,50,20,36.7061978565,3652.34375,200,0.05,0,0,1,25000,50,0,0.25,0,324.745243166,326.954164271,326.954164271,-1194148.99841
nature_economic_cost_robustness_v1,post_hoc_development_parameterized_sensitivity,real_2026_usd,independent_fresh_event_screening_bootstrap,proportional_reference_module_accounting_sensitivity_no_portfolio_diversification,throughput_displacing,8,0,0.95,50,20,36.7061978565,3652.34375,200,0.05,0,0,2,50000,50,0,0.25,0,331.590162952,333.799084058,333.799084058,-1219148.99841
nature_economic_cost_robustness_v1,post_hoc_development_parameterized_sensitivity,real_2026_usd,independent_fresh_event_screening_bootstrap,proportional_reference_module_accounting_sensitivity_no_portfolio_diversification,throughput_displacing,8,0,0.95,50,20,36.7061978565,3652.34375,200,0.05,0.5,0.0025,0,0,50,0,0.25,154.329664865,472.229988245,477.525389911,477.525389911,-1744086.87331
nature_economic_cost_robustness_v1,post_hoc_development_parameterized_sensitivity,real_2026_usd,independent_fresh_event_screening_bootstrap,proportional_reference_module_accounting_sensitivity_no_portfolio_diversification,throughput_displacing,8,0,0.95,50,20,36.7061978565,3652.34375,200,0.05,0.5,0.0025,0.5,12500,50,0,0.25,154.329664865,475.652448138,480.947849804,480.947849804,-1756586.87331
nature_economic_cost_robustness_v1,post_hoc_development_parameterized_sensitivity,real_2026_usd,independent_fresh_event_screening_bootstrap,proportional_reference_module_accounting_sensitivity_no_portfolio_diversification,throughput_displacing,8,0,0.95,50,20,36.7061978565,3652.34375,200,0.05,0.5,0.0025,1,25000,50,0,0.25,154.329664865,479.074908031,484.370309697,484.370309697,-1769086.87331
nature_economic_cost_robustness_v1,post_hoc_development_parameterized_sensitivity,real_2026_usd,independent_fresh_event_screening_bootstrap,proportional_reference_module_accounting_sensitivity_no_portfolio_diversification,throughput_displacing,8,0,0.95,50,20,36.7061978565,3652.34375,200,0.05,0.5,0.0025,2,50000,50,0,0.25,154.329664865,485.919827817,491.215229483,491.215229483,-1794086.87331
nature_economic_cost_robustness_v1,post_hoc_development_parameterized_sensitivity,real_2026_usd,independent_fresh_event_screening_bootstrap,proportional_reference_module_accounting_sensitivity_no_portfolio_diversification,throughput_displacing,8,0,0.95,50,20,36.7061978565,3652.34375,200,0.05,1,0.005,0,0,50,0,0.25,308.65932973,626.55965311,637.472423968,637.472423968,-2328268.42348
nature_economic_cost_robustness_v1,post_hoc_development_parameterized_sensitivity,real_2026_usd,independent_fresh_event_screening_bootstrap,proportional_reference_module_accounting_sensitivity_no_portfolio_diversification,throughput_displacing,8,0,0.95,50,20,36.7061978565,3652.34375,200,0.05,1,0.005,0.5,12500,50,0,0.25,308.65932973,629.982113003,640.894883861,640.894883861,-2340768.42348
nature_economic_cost_robustness_v1,post_hoc_development_parameterized_sensitivity,real_2026_usd,independent_fresh_event_screening_bootstrap,proportional_reference_module_accounting_sensitivity_no_portfolio_diversification,throughput_displacing,8,0,0.95,50,20,36.7061978565,3652.34375,200,0.05,1,0.005,1,25000,50,0,0.25,308.65932973,633.404572896,644.317343754,644.317343754,-2353268.42348
nature_economic_cost_robustness_v1,post_hoc_development_parameterized_sensitivity,real_2026_usd,independent_fresh_event_screening_bootstrap,proportional_reference_module_accounting_sensitivity_no_portfolio_diversification,throughput_displacing,8,0,0.95,50,20,36.7061978565,3652.34375,200,0.05,1,0.005,2,50000,50,0,0.25,308.65932973,640.249492682,651.16226354,651.16226354,-2378268.42348
nature_economic_cost_robustness_v1,post_hoc_development_parameterized_sensitivity,real_2026_usd,independent_fresh_event_screening_bootstrap,proportional_reference_module_accounting_sensitivity_no_portfolio_diversification,throughput_displacing,8,0,0.95,50,20,36.7061978565,3652.34375,200,0.05,2,0.01,0,0,50,0,0.25,617.31865946,935.21898284,957.226921801,957.226921801,-3496121.76517
nature_economic_cost_robustness_v1,post_hoc_development_parameterized_sensitivity,real_2026_usd,independent_fresh_event_screening_bootstrap,proportional_reference_module_accounting_sensitivity_no_portfolio_diversification,throughput_displacing,8,0,0.95,50,20,36.7061978565,3652.34375,200,0.05,2,0.01,0.5,12500,50,0,0.25,617.31865946,938.641442733,960.649381694,960.649381694,-3508621.76517
nature_economic_cost_robustness_v1,post_hoc_development_parameterized_sensitivity,real_2026_usd,independent_fresh_event_screening_bootstrap,proportional_reference_module_accounting_sensitivity_no_portfolio_diversification,throughput_displacing,8,0,0.95,50,20,36.7061978565,3652.34375,200,0.05,2,0.01,1,25000,50,0,0.25,617.31865946,942.063902626,964.071841587,964.071841587,-3521121.76517
nature_economic_cost_robustness_v1,post_hoc_development_parameterized_sensitivity,real_2026_usd,independent_fresh_event_screening_bootstrap,proportional_reference_module_accounting_sensitivity_no_portfolio_diversification,throughput_displacing,8,0,0.95,50,20,36.7061978565,3652.34375,200,0.05,2,0.01,2,50000,50,0,0.25,617.31865946,948.908822412,970.916761373,970.916761373,-3546121.76517
