evaluation_split,scenario_id,scenario_hash,episode_seed,dc_operation,pv_enabled,bess_enabled,pcc_capacity_kw,reference_mix_operating_peak_kw,hosting_dc_peak_kw,hosting_scale_of_reference_mix,minimum_background_gross_headroom_kw,maximum_pcc_power_kw,total_pv_available_kwh,total_pv_used_kwh,total_pv_curtailed_kwh,total_bess_charge_kwh,total_bess_discharge_kwh,terminal_soc_deviation_kwh,hosting_status
development,hourly_seed_10000,05eec2799b5c8704ac10cd42bc73f13795a8f3466eb06988c2dd775201ed71a9,10000,flexible,False,False,1000,201.000783984,819.545294617,4.07732387094,453.618953611,1000,0,0,0,0,0,0,optimal
development,hourly_seed_10000,05eec2799b5c8704ac10cd42bc73f13795a8f3466eb06988c2dd775201ed71a9,10000,rigid,False,False,1000,201.000783984,479.68110252,2.38646383866,453.618953611,1000,0,0,0,0,0,0,optimal
development,hourly_seed_10000,05eec2799b5c8704ac10cd42bc73f13795a8f3466eb06988c2dd775201ed71a9,10000,flexible,False,True,1000,201.000783984,821.270029287,4.08590460698,453.618953611,1000,0,0,0,315.789473684,285,0,optimal
development,hourly_seed_10000,05eec2799b5c8704ac10cd42bc73f13795a8f3466eb06988c2dd775201ed71a9,10000,rigid,False,True,1000,201.000783984,535.250467128,2.66292726087,453.618953611,1000,0,0,0,433.218853993,390.980015728,0,optimal
development,hourly_seed_10000,05eec2799b5c8704ac10cd42bc73f13795a8f3466eb06988c2dd775201ed71a9,10000,flexible,True,False,1000,201.000783984,1014.61282119,5.04780529249,453.618953611,1000,34286.210153,31304.4813174,2981.72883562,0,0,0,optimal
development,hourly_seed_10000,05eec2799b5c8704ac10cd42bc73f13795a8f3466eb06988c2dd775201ed71a9,10000,rigid,True,False,1000,201.000783984,564.780618509,2.80984286387,453.618953611,1000,34286.210153,7597.56190174,26688.6482512,0,0,0,optimal
development,hourly_seed_10000,05eec2799b5c8704ac10cd42bc73f13795a8f3466eb06988c2dd775201ed71a9,10000,flexible,True,True,1000,201.000783984,1017.84726733,5.06389700156,453.618953611,1000,34286.210153,29783.3571352,4502.85301774,525.209140276,474.001249099,0,optimal
development,hourly_seed_10000,05eec2799b5c8704ac10cd42bc73f13795a8f3466eb06988c2dd775201ed71a9,10000,rigid,True,True,1000,201.000783984,665.305305976,3.30996373641,453.618953611,1000,34286.210153,7452.91151878,26833.2986342,444.770851815,401.405693763,0,optimal
development,hourly_seed_10001,70c10359a1fe5f3010629aae4114fa2dbd53a2349d238ca70c14d2eec0e0484d,10001,flexible,False,False,1000,201.000783984,950.267921679,4.72768266294,691.797940777,1000,0,0,0,0,0,0,optimal
development,hourly_seed_10001,70c10359a1fe5f3010629aae4114fa2dbd53a2349d238ca70c14d2eec0e0484d,10001,rigid,False,False,1000,201.000783984,729.85556069,3.63110802965,691.797940777,1000,0,0,0,0,0,0,optimal
development,hourly_seed_10001,70c10359a1fe5f3010629aae4114fa2dbd53a2349d238ca70c14d2eec0e0484d,10001,flexible,False,True,1000,201.000783984,951.67169449,4.73466658003,691.797940777,1000,0,0,0,274.13337305,247.405369178,0,optimal
development,hourly_seed_10001,70c10359a1fe5f3010629aae4114fa2dbd53a2349d238ca70c14d2eec0e0484d,10001,rigid,False,True,1000,201.000783984,776.791546707,3.8646194871,691.797940777,1000,0,0,0,882.043921883,796.044639499,0,optimal
development,hourly_seed_10001,70c10359a1fe5f3010629aae4114fa2dbd53a2349d238ca70c14d2eec0e0484d,10001,flexible,True,False,1000,201.000783984,1083.37487282,5.38990371753,691.797940777,1000,26279.904638,20432.2262417,5847.67839632,0,0,0,optimal
development,hourly_seed_10001,70c10359a1fe5f3010629aae4114fa2dbd53a2349d238ca70c14d2eec0e0484d,10001,rigid,True,False,1000,201.000783984,762.123765833,3.79164573753,691.797940777,1000,26279.904638,1327.08418963,24952.8204484,0,0,0,optimal
development,hourly_seed_10001,70c10359a1fe5f3010629aae4114fa2dbd53a2349d238ca70c14d2eec0e0484d,10001,flexible,True,True,1000,201.000783984,1086.91436863,5.40751308073,691.797940777,1000,26279.904638,20363.6913185,5916.21331955,593.004397738,535.186468959,0,optimal
development,hourly_seed_10001,70c10359a1fe5f3010629aae4114fa2dbd53a2349d238ca70c14d2eec0e0484d,10001,rigid,True,True,1000,201.000783984,862.114664433,4.28911095442,691.797940777,1000,26279.904638,6194.5669101,20085.3377279,725.458282627,654.726100071,0,optimal
development,hourly_seed_10002,9bc1ab12e9fa58fdf6d0bc383d42538f537ecc3e8817a0f948a96ab8f5e30868,10002,flexible,False,False,1000,201.000783984,888.073379638,4.41825828753,555.253822628,1000,0,0,0,0,0,0,optimal
development,hourly_seed_10002,9bc1ab12e9fa58fdf6d0bc383d42538f537ecc3e8817a0f948a96ab8f5e30868,10002,rigid,False,False,1000,201.000783984,573.74307385,2.85443202,555.253822628,1000,0,0,0,0,0,0,optimal
development,hourly_seed_10002,9bc1ab12e9fa58fdf6d0bc383d42538f537ecc3e8817a0f948a96ab8f5e30868,10002,flexible,False,True,1000,201.000783984,889.471347135,4.42521332258,555.253822628,1000,0,0,0,210.526315789,190,0,optimal
development,hourly_seed_10002,9bc1ab12e9fa58fdf6d0bc383d42538f537ecc3e8817a0f948a96ab8f5e30868,10002,rigid,False,True,1000,201.000783984,656.427185091,3.26579415304,555.253822628,1000,0,0,0,727.249781496,656.3429278,0,optimal
development,hourly_seed_10002,9bc1ab12e9fa58fdf6d0bc383d42538f537ecc3e8817a0f948a96ab8f5e30868,10002,flexible,True,False,1000,201.000783984,987.883443316,4.9148238317,555.253822628,1000,21771.2315913,16086.5997893,5684.63180206,0,0,0,optimal
development,hourly_seed_10002,9bc1ab12e9fa58fdf6d0bc383d42538f537ecc3e8817a0f948a96ab8f5e30868,10002,rigid,True,False,1000,201.000783984,593.84201237,2.95442634899,555.253822628,1000,21771.2315913,739.278139295,21031.953452,0,0,0,optimal
development,hourly_seed_10002,9bc1ab12e9fa58fdf6d0bc383d42538f537ecc3e8817a0f948a96ab8f5e30868,10002,flexible,True,True,1000,201.000783984,995.525752132,4.9528451203,555.253822628,1000,21771.2315913,16174.3836719,5596.84791944,958.566065411,865.105874034,0,optimal
development,hourly_seed_10002,9bc1ab12e9fa58fdf6d0bc383d42538f537ecc3e8817a0f948a96ab8f5e30868,10002,rigid,True,True,1000,201.000783984,693.455066053,3.45001174776,555.253822628,1000,21771.2315913,1948.34032721,19822.8912641,769.676932586,694.633431659,0,optimal
development,hourly_seed_10003,bdcaf45cd1f97729315e829d2a0eb63df4a5680da7b44454e950e795e3b4dbaa,10003,flexible,False,False,1000,201.000783984,711.302596915,3.5388050873,394.091836323,1000,0,0,0,0,0,0,optimal
development,hourly_seed_10003,bdcaf45cd1f97729315e829d2a0eb63df4a5680da7b44454e950e795e3b4dbaa,10003,rigid,False,False,1000,201.000783984,397.333328267,1.97677501745,394.091836323,1000,0,0,0,0,0,0,optimal
development,hourly_seed_10003,bdcaf45cd1f97729315e829d2a0eb63df4a5680da7b44454e950e795e3b4dbaa,10003,flexible,False,True,1000,201.000783984,722.724158012,3.59562855272,394.091836323,1000,0,0,0,1144.05237655,1032.50726983,0,optimal
development,hourly_seed_10003,bdcaf45cd1f97729315e829d2a0eb63df4a5680da7b44454e950e795e3b4dbaa,10003,rigid,False,True,1000,201.000783984,448.284250073,2.23026120191,394.091836323,1000,0,0,0,455.214724049,410.831288454,0,optimal
development,hourly_seed_10003,bdcaf45cd1f97729315e829d2a0eb63df4a5680da7b44454e950e795e3b4dbaa,10003,flexible,True,False,1000,201.000783984,900.921821101,4.48218063255,394.091836323,1000,32470.6702756,32075.1044187,395.565856902,0,0,0,optimal
development,hourly_seed_10003,bdcaf45cd1f97729315e829d2a0eb63df4a5680da7b44454e950e795e3b4dbaa,10003,rigid,True,False,1000,201.000783984,536.191320346,2.6676081044,394.091836323,1000,32470.6702756,16690.0283212,15780.6419544,0,0,0,optimal
development,hourly_seed_10003,bdcaf45cd1f97729315e829d2a0eb63df4a5680da7b44454e950e795e3b4dbaa,10003,flexible,True,True,1000,201.000783984,904.149358398,4.49823796941,394.091836323,1000,32470.6702756,30048.2987644,2422.37151119,516.144238394,465.82017515,0,optimal
development,hourly_seed_10003,bdcaf45cd1f97729315e829d2a0eb63df4a5680da7b44454e950e795e3b4dbaa,10003,rigid,True,True,1000,201.000783984,639.912614413,3.18363243033,394.091836323,1000,32470.6702756,15767.3856979,16703.2845778,784.793951618,708.276541335,0,optimal
development,hourly_seed_10004,6d9ebbe6b76d2ea5a0d57d2e416ac1f08c2b97ddd1941dda6fe588ef2516a139,10004,flexible,False,False,1000,201.000783984,790.146820709,3.9310633772,369.054188402,1000,0,0,0,0,0,0,optimal
development,hourly_seed_10004,6d9ebbe6b76d2ea5a0d57d2e416ac1f08c2b97ddd1941dda6fe588ef2516a139,10004,rigid,False,False,1000,201.000783984,451.699418097,2.24725202133,369.054188402,1000,0,0,0,0,0,0,optimal
development,hourly_seed_10004,6d9ebbe6b76d2ea5a0d57d2e416ac1f08c2b97ddd1941dda6fe588ef2516a139,10004,flexible,False,True,1000,201.000783984,793.386299806,3.94718012577,369.054188402,1000,0,0,0,385.360763958,347.788089472,0,optimal
development,hourly_seed_10004,6d9ebbe6b76d2ea5a0d57d2e416ac1f08c2b97ddd1941dda6fe588ef2516a139,10004,rigid,False,True,1000,201.000783984,515.79293477,2.56612399487,369.054188402,1000,0,0,0,553.358497745,499.406044215,0,optimal
development,hourly_seed_10004,6d9ebbe6b76d2ea5a0d57d2e416ac1f08c2b97ddd1941dda6fe588ef2516a139,10004,flexible,True,False,1000,201.000783984,812.936113451,4.04444250086,369.054188402,1000,20882.7999263,13795.096959,7087.70296738,0,0,0,optimal
development,hourly_seed_10004,6d9ebbe6b76d2ea5a0d57d2e416ac1f08c2b97ddd1941dda6fe588ef2516a139,10004,rigid,True,False,1000,201.000783984,461.036989639,2.29370741994,369.054188402,1000,20882.7999263,429.117119003,20453.6828073,0,0,0,optimal
development,hourly_seed_10004,6d9ebbe6b76d2ea5a0d57d2e416ac1f08c2b97ddd1941dda6fe588ef2516a139,10004,flexible,True,True,1000,201.000783984,886.055989187,4.40822155827,369.054188402,1000,20882.7999263,15995.2018284,4887.59809795,1057.84624637,954.70623735,0,optimal
development,hourly_seed_10004,6d9ebbe6b76d2ea5a0d57d2e416ac1f08c2b97ddd1941dda6fe588ef2516a139,10004,rigid,True,True,1000,201.000783984,554.605874633,2.75922244501,369.054188402,1000,20882.7999263,4139.27608766,16743.5238387,467.990080833,422.361047952,0,optimal
development,hourly_seed_10005,539c6c400a4278e5f8ecefe595ed403ac5b861aa9b11c6fcb2a2bbb3780dd3c3,10005,flexible,False,False,1000,201.000783984,657.846603809,3.27285591016,351.608988325,1000,0,0,0,0,0,0,optimal
development,hourly_seed_10005,539c6c400a4278e5f8ecefe595ed403ac5b861aa9b11c6fcb2a2bbb3780dd3c3,10005,rigid,False,False,1000,201.000783984,355.441599361,1.76835926864,351.608988325,1000,0,0,0,0,0,0,optimal
development,hourly_seed_10005,539c6c400a4278e5f8ecefe595ed403ac5b861aa9b11c6fcb2a2bbb3780dd3c3,10005,flexible,False,True,1000,201.000783984,674.889045115,3.35764384465,351.608988325,1000,0,0,0,1553.48943253,1402.02421286,0,optimal
development,hourly_seed_10005,539c6c400a4278e5f8ecefe595ed403ac5b861aa9b11c6fcb2a2bbb3780dd3c3,10005,rigid,False,True,1000,201.000783984,415.720524299,2.06825324787,351.608988325,1000,0,0,0,728.332330241,657.319928042,0,optimal
development,hourly_seed_10005,539c6c400a4278e5f8ecefe595ed403ac5b861aa9b11c6fcb2a2bbb3780dd3c3,10005,flexible,True,False,1000,201.000783984,858.071401321,4.26899529601,351.608988325,1000,33023.1297973,32544.0431091,479.086688167,0,0,0,optimal
development,hourly_seed_10005,539c6c400a4278e5f8ecefe595ed403ac5b861aa9b11c6fcb2a2bbb3780dd3c3,10005,rigid,True,False,1000,201.000783984,481.70728155,2.39654429203,351.608988325,1000,33023.1297973,14838.4776617,18184.6521356,0,0,0,optimal
development,hourly_seed_10005,539c6c400a4278e5f8ecefe595ed403ac5b861aa9b11c6fcb2a2bbb3780dd3c3,10005,flexible,True,True,1000,201.000783984,864.74760044,4.30221008744,351.608988325,1000,33023.1297973,29013.0104387,4010.11935863,852.390510534,769.282435757,0,optimal
development,hourly_seed_10005,539c6c400a4278e5f8ecefe595ed403ac5b861aa9b11c6fcb2a2bbb3780dd3c3,10005,rigid,True,True,1000,201.000783984,585.150060034,2.9111829737,351.608988325,1000,33023.1297973,17343.4676273,15679.66217,915.022287645,825.8076146,0,optimal
development,hourly_seed_10006,a4463c463611fe9960882bf8bcb5797408ef7f2860ef21a16167a64e9cd5b99f,10006,flexible,False,False,1000,201.000783984,870.336812652,4.33001700492,605.730889682,1000,0,0,0,0,0,0,optimal
development,hourly_seed_10006,a4463c463611fe9960882bf8bcb5797408ef7f2860ef21a16167a64e9cd5b99f,10006,rigid,False,False,1000,201.000783984,602.416601158,2.99708582831,605.730889682,1000,0,0,0,0,0,0,optimal
development,hourly_seed_10006,a4463c463611fe9960882bf8bcb5797408ef7f2860ef21a16167a64e9cd5b99f,10006,flexible,False,True,1000,201.000783984,871.997576713,4.33827948046,605.730889682,1000,0,0,0,210.526315789,190,0,optimal
development,hourly_seed_10006,a4463c463611fe9960882bf8bcb5797408ef7f2860ef21a16167a64e9cd5b99f,10006,rigid,False,True,1000,201.000783984,660.358506456,3.28535288951,605.730889682,1000,0,0,0,468.11999731,422.478297573,0,optimal
development,hourly_seed_10006,a4463c463611fe9960882bf8bcb5797408ef7f2860ef21a16167a64e9cd5b99f,10006,flexible,True,False,1000,201.000783984,957.197632636,4.76215870239,605.730889682,1000,19894.6683151,13349.7016296,6544.9666855,0,0,0,optimal
development,hourly_seed_10006,a4463c463611fe9960882bf8bcb5797408ef7f2860ef21a16167a64e9cd5b99f,10006,rigid,True,False,1000,201.000783984,636.907272801,3.16868054033,605.730889682,1000,19894.6683151,1051.91685181,18842.7514633,0,0,0,optimal
development,hourly_seed_10006,a4463c463611fe9960882bf8bcb5797408ef7f2860ef21a16167a64e9cd5b99f,10006,flexible,True,True,1000,201.000783984,961.85315145,4.78532039719,605.730889682,1000,19894.6683151,13029.430629,6865.23768604,622.51177876,561.816880331,0,optimal
development,hourly_seed_10006,a4463c463611fe9960882bf8bcb5797408ef7f2860ef21a16167a64e9cd5b99f,10006,rigid,True,True,1000,201.000783984,735.520878159,3.65929357877,605.730889682,1000,19894.6683151,4250.64678223,15644.0215329,640.208221405,577.787919818,0,optimal
development,hourly_seed_10007,dc759842234b7ec650c2e056eda7b11cfe55424c936dd85e02f751e572bc94d6,10007,flexible,False,False,1000,201.000783984,689.939499418,3.43252143471,414.086182216,1000,0,0,0,0,0,0,optimal
development,hourly_seed_10007,dc759842234b7ec650c2e056eda7b11cfe55424c936dd85e02f751e572bc94d6,10007,rigid,False,False,1000,201.000783984,431.779979588,2.14815072374,414.086182216,1000,0,0,0,0,0,0,optimal
development,hourly_seed_10007,dc759842234b7ec650c2e056eda7b11cfe55424c936dd85e02f751e572bc94d6,10007,flexible,False,True,1000,201.000783984,704.399920366,3.50446354688,414.086182216,1000,0,0,0,1398.0963561,1261.78196138,0,optimal
development,hourly_seed_10007,dc759842234b7ec650c2e056eda7b11cfe55424c936dd85e02f751e572bc94d6,10007,rigid,False,True,1000,201.000783984,494.675815976,2.46106411214,414.086182216,1000,0,0,0,1343.02145867,1212.07686645,0,optimal
development,hourly_seed_10007,dc759842234b7ec650c2e056eda7b11cfe55424c936dd85e02f751e572bc94d6,10007,flexible,True,False,1000,201.000783984,886.832455457,4.41208455947,414.086182216,1000,33493.23299,31365.2406453,2127.99234465,0,0,0,optimal
development,hourly_seed_10007,dc759842234b7ec650c2e056eda7b11cfe55424c936dd85e02f751e572bc94d6,10007,rigid,True,False,1000,201.000783984,521.069657472,2.59237624423,414.086182216,1000,33493.23299,18605.5373406,14887.6956494,0,0,0,optimal
development,hourly_seed_10007,dc759842234b7ec650c2e056eda7b11cfe55424c936dd85e02f751e572bc94d6,10007,flexible,True,True,1000,201.000783984,890.495008111,4.43030614339,414.086182216,1000,33493.23299,29281.4162832,4211.81670679,588.1793556,530.831868429,0,optimal
development,hourly_seed_10007,dc759842234b7ec650c2e056eda7b11cfe55424c936dd85e02f751e572bc94d6,10007,rigid,True,True,1000,201.000783984,623.069543907,3.09983638649,414.086182216,1000,33493.23299,17044.9711955,16448.2617944,599.9962801,541.49664279,0,optimal
development,hourly_seed_10008,e54df16bf7e985a63f2e344010b9299a824bcd5ebb7568e6ca71890106742604,10008,flexible,False,False,1000,201.000783984,644.781176102,3.2078540358,351.608988325,1000,0,0,0,0,0,0,optimal
development,hourly_seed_10008,e54df16bf7e985a63f2e344010b9299a824bcd5ebb7568e6ca71890106742604,10008,rigid,False,False,1000,201.000783984,361.691022214,1.79945080335,351.608988325,1000,0,0,0,0,0,0,optimal
development,hourly_seed_10008,e54df16bf7e985a63f2e344010b9299a824bcd5ebb7568e6ca71890106742604,10008,flexible,False,True,1000,201.000783984,662.532756599,3.29617001221,351.608988325,1000,0,0,0,1578.94736842,1425,0,optimal
development,hourly_seed_10008,e54df16bf7e985a63f2e344010b9299a824bcd5ebb7568e6ca71890106742604,10008,rigid,False,True,1000,201.000783984,420.352314118,2.09129688843,351.608988325,1000,0,0,0,639.149140027,576.832098874,0,optimal
development,hourly_seed_10008,e54df16bf7e985a63f2e344010b9299a824bcd5ebb7568e6ca71890106742604,10008,flexible,True,False,1000,201.000783984,846.152703045,4.20969852094,351.608988325,1000,32820.8522888,30718.8741281,2101.97816075,0,0,0,optimal
development,hourly_seed_10008,e54df16bf7e985a63f2e344010b9299a824bcd5ebb7568e6ca71890106742604,10008,rigid,True,False,1000,201.000783984,457.189975817,2.27456812235,351.608988325,1000,32820.8522888,17715.5832724,15105.2690164,0,0,0,optimal
development,hourly_seed_10008,e54df16bf7e985a63f2e344010b9299a824bcd5ebb7568e6ca71890106742604,10008,flexible,True,True,1000,201.000783984,851.123688415,4.23442969497,351.608988325,1000,32820.8522888,28243.2793934,4577.57289541,729.130145822,658.039956604,0,optimal
development,hourly_seed_10008,e54df16bf7e985a63f2e344010b9299a824bcd5ebb7568e6ca71890106742604,10008,rigid,True,True,1000,201.000783984,543.353221031,2.70323931211,351.608988325,1000,32820.8522888,17984.9422693,14835.9100195,451.107827221,407.124814067,0,optimal
development,hourly_seed_10009,b1fee7a4fa250added538ad1f79e2220709b363589cc98b60ec3624e99e77b09,10009,flexible,False,False,1000,201.000783984,811.231474752,4.03596174439,513.995748507,1000,0,0,0,0,0,0,optimal
development,hourly_seed_10009,b1fee7a4fa250added538ad1f79e2220709b363589cc98b60ec3624e99e77b09,10009,rigid,False,False,1000,201.000783984,522.957581436,2.60176886413,513.995748507,1000,0,0,0,0,0,0,optimal
development,hourly_seed_10009,b1fee7a4fa250added538ad1f79e2220709b363589cc98b60ec3624e99e77b09,10009,flexible,False,True,1000,201.000783984,812.648727746,4.04301272681,513.995748507,1000,0,0,0,315.789473684,285,0,optimal
development,hourly_seed_10009,b1fee7a4fa250added538ad1f79e2220709b363589cc98b60ec3624e99e77b09,10009,rigid,False,True,1000,201.000783984,575.013640205,2.860753221,513.995748507,1000,0,0,0,931.631342517,840.797286622,0,optimal
development,hourly_seed_10009,b1fee7a4fa250added538ad1f79e2220709b363589cc98b60ec3624e99e77b09,10009,flexible,True,False,1000,201.000783984,979.69186136,4.87406985158,513.995748507,1000,29937.8772353,29838.9285018,98.9487335074,0,0,0,optimal
development,hourly_seed_10009,b1fee7a4fa250added538ad1f79e2220709b363589cc98b60ec3624e99e77b09,10009,rigid,True,False,1000,201.000783984,600.647009228,2.9882819227,513.995748507,1000,29937.8772353,10849.9433911,19087.9338442,0,0,0,optimal
development,hourly_seed_10009,b1fee7a4fa250added538ad1f79e2220709b363589cc98b60ec3624e99e77b09,10009,flexible,True,True,1000,201.000783984,981.630656393,4.88371556039,513.995748507,1000,29937.8772353,26834.6497938,3103.22744149,286.120190001,258.223471476,0,optimal
development,hourly_seed_10009,b1fee7a4fa250added538ad1f79e2220709b363589cc98b60ec3624e99e77b09,10009,rigid,True,True,1000,201.000783984,701.357506657,3.4893272193,513.995748507,1000,29937.8772353,10425.6518797,19512.2253556,628.373769515,567.107326988,0,optimal
development,hourly_seed_10010,ba5c5c81155b64740d29a137a3fac4955f3323040a92f06b3bb3d3b0bba9ca81,10010,flexible,False,False,1000,201.000783984,935.740271623,4.6554060789,677.942326391,1000,0,0,0,0,0,0,optimal
development,hourly_seed_10010,ba5c5c81155b64740d29a137a3fac4955f3323040a92f06b3bb3d3b0bba9ca81,10010,rigid,False,False,1000,201.000783984,696.837011311,3.46683728043,677.942326391,1000,0,0,0,0,0,0,optimal
development,hourly_seed_10010,ba5c5c81155b64740d29a137a3fac4955f3323040a92f06b3bb3d3b0bba9ca81,10010,flexible,False,True,1000,201.000783984,937.159154165,4.66246516849,677.942326391,1000,0,0,0,289.273001965,261.068884274,0,optimal
development,hourly_seed_10010,ba5c5c81155b64740d29a137a3fac4955f3323040a92f06b3bb3d3b0bba9ca81,10010,rigid,False,True,1000,201.000783984,734.688254377,3.65515118805,677.942326391,1000,0,0,0,630.957470707,569.439117313,0,optimal
development,hourly_seed_10010,ba5c5c81155b64740d29a137a3fac4955f3323040a92f06b3bb3d3b0bba9ca81,10010,flexible,True,False,1000,201.000783984,1069.79422431,5.32233856559,677.942326391,1000,24553.5910743,20852.3157279,3701.27534637,0,0,0,optimal
development,hourly_seed_10010,ba5c5c81155b64740d29a137a3fac4955f3323040a92f06b3bb3d3b0bba9ca81,10010,rigid,True,False,1000,201.000783984,763.374815905,3.79786984296,677.942326391,1000,24553.5910743,4394.51093213,20159.0801422,0,0,0,optimal
development,hourly_seed_10010,ba5c5c81155b64740d29a137a3fac4955f3323040a92f06b3bb3d3b0bba9ca81,10010,flexible,True,True,1000,201.000783984,1074.89093228,5.34769522276,677.942326391,1000,24553.5910743,21114.0483167,3439.54275761,729.900999087,658.735651676,0,optimal
development,hourly_seed_10010,ba5c5c81155b64740d29a137a3fac4955f3323040a92f06b3bb3d3b0bba9ca81,10010,rigid,True,True,1000,201.000783984,838.021987045,4.16924735533,677.942326391,1000,24553.5910743,5743.75399,18809.8370843,855.206187121,771.823583877,0,optimal
development,hourly_seed_10011,096688d5a65e9e3113beb5d244923e91f3996e27a512ebb48104567e2343599b,10011,flexible,False,False,1000,201.000783984,928.601172134,4.61988830953,662.656694983,1000,0,0,0,0,0,0,optimal
development,hourly_seed_10011,096688d5a65e9e3113beb5d244923e91f3996e27a512ebb48104567e2343599b,10011,rigid,False,False,1000,201.000783984,677.010939772,3.36820049332,662.656694983,1000,0,0,0,0,0,0,optimal
development,hourly_seed_10011,096688d5a65e9e3113beb5d244923e91f3996e27a512ebb48104567e2343599b,10011,flexible,False,True,1000,201.000783984,930.011354963,4.62690411713,662.656694983,1000,0,0,0,210.526315789,190,0,optimal
development,hourly_seed_10011,096688d5a65e9e3113beb5d244923e91f3996e27a512ebb48104567e2343599b,10011,rigid,False,True,1000,201.000783984,739.728513212,3.68022700484,662.656694983,1000,0,0,0,669.169617987,603.925580233,0,optimal
development,hourly_seed_10011,096688d5a65e9e3113beb5d244923e91f3996e27a512ebb48104567e2343599b,10011,flexible,True,False,1000,201.000783984,1066.60691967,5.30648139042,662.656694983,1000,28703.2079162,21544.7613289,7158.44658732,0,0,0,optimal
development,hourly_seed_10011,096688d5a65e9e3113beb5d244923e91f3996e27a512ebb48104567e2343599b,10011,rigid,True,False,1000,201.000783984,737.39044271,3.66859485866,662.656694983,1000,28703.2079162,1282.63757745,27420.5703388,0,0,0,optimal
development,hourly_seed_10011,096688d5a65e9e3113beb5d244923e91f3996e27a512ebb48104567e2343599b,10011,flexible,True,True,1000,201.000783984,1073.23218165,5.33944276424,662.656694983,1000,28703.2079162,21848.0862141,6855.12170215,903.506591982,815.414699263,0,optimal
development,hourly_seed_10011,096688d5a65e9e3113beb5d244923e91f3996e27a512ebb48104567e2343599b,10011,rigid,True,True,1000,201.000783984,818.588088237,4.07256166872,662.656694983,1000,28703.2079162,5124.88042303,23578.3274932,479.101794209,432.389369274,0,optimal
development,hourly_seed_10012,28b4e9bd21e74c4f84ea97924472991709830d75f1551cc46463aaaf3db088ce,10012,flexible,False,False,1000,201.000783984,789.570282855,3.92819504086,369.054188402,1000,0,0,0,0,0,0,optimal
development,hourly_seed_10012,28b4e9bd21e74c4f84ea97924472991709830d75f1551cc46463aaaf3db088ce,10012,rigid,False,False,1000,201.000783984,450.994091957,2.24374294974,369.054188402,1000,0,0,0,0,0,0,optimal
development,hourly_seed_10012,28b4e9bd21e74c4f84ea97924472991709830d75f1551cc46463aaaf3db088ce,10012,flexible,False,True,1000,201.000783984,791.321888116,3.9369094609,369.054188402,1000,0,0,0,268.371923184,242.205660674,0,optimal
development,hourly_seed_10012,28b4e9bd21e74c4f84ea97924472991709830d75f1551cc46463aaaf3db088ce,10012,rigid,False,True,1000,201.000783984,515.859560556,2.56645546515,369.054188402,1000,0,0,0,431.441119482,389.375610332,0,optimal
development,hourly_seed_10012,28b4e9bd21e74c4f84ea97924472991709830d75f1551cc46463aaaf3db088ce,10012,flexible,True,False,1000,201.000783984,812.936113451,4.04444250086,369.054188402,1000,20882.7999263,13795.096959,7087.70296738,0,0,0,optimal
development,hourly_seed_10012,28b4e9bd21e74c4f84ea97924472991709830d75f1551cc46463aaaf3db088ce,10012,rigid,True,False,1000,201.000783984,463.177971249,2.3043590282,369.054188402,1000,20882.7999263,864.831954725,20017.9679716,0,0,0,optimal
development,hourly_seed_10012,28b4e9bd21e74c4f84ea97924472991709830d75f1551cc46463aaaf3db088ce,10012,flexible,True,True,1000,201.000783984,883.982719618,4.39790682452,369.054188402,1000,20882.7999263,16048.9950463,4833.80488004,1119.77836268,1010.59997231,0,optimal
development,hourly_seed_10012,28b4e9bd21e74c4f84ea97924472991709830d75f1551cc46463aaaf3db088ce,10012,rigid,True,True,1000,201.000783984,547.377428756,2.72326016798,369.054188402,1000,20882.7999263,4704.19122921,16178.6086971,421.823366806,380.695588542,0,optimal
development,hourly_seed_10013,af9e738d724fd20277d5be9525a722cd26fc8ec1edca28ef8c1c265cb6149b9a,10013,flexible,False,False,1000,201.000783984,522.403814639,2.59901381619,243.137114256,1000,0,0,0,0,0,0,optimal
development,hourly_seed_10013,af9e738d724fd20277d5be9525a722cd26fc8ec1edca28ef8c1c265cb6149b9a,10013,rigid,False,False,1000,201.000783984,257.634493398,1.28175864935,243.137114256,1000,0,0,0,0,0,0,optimal
development,hourly_seed_10013,af9e738d724fd20277d5be9525a722cd26fc8ec1edca28ef8c1c265cb6149b9a,10013,flexible,False,True,1000,201.000783984,600.067652416,2.98539956175,243.137114256,1000,0,0,0,315.789473684,285,0,optimal
development,hourly_seed_10013,af9e738d724fd20277d5be9525a722cd26fc8ec1edca28ef8c1c265cb6149b9a,10013,rigid,False,True,1000,201.000783984,334.22100568,1.66278458748,243.137114256,1000,0,0,0,536.387130602,484.089385369,0,optimal
development,hourly_seed_10013,af9e738d724fd20277d5be9525a722cd26fc8ec1edca28ef8c1c265cb6149b9a,10013,flexible,True,False,1000,201.000783984,542.928525335,2.70112640644,243.137114256,1000,23861.9816178,11793.2953805,12068.6862373,0,0,0,optimal
development,hourly_seed_10013,af9e738d724fd20277d5be9525a722cd26fc8ec1edca28ef8c1c265cb6149b9a,10013,rigid,True,False,1000,201.000783984,272.894412382,1.35767834818,243.137114256,1000,23861.9816178,976.58925644,22885.3923614,0,0,0,optimal
development,hourly_seed_10013,af9e738d724fd20277d5be9525a722cd26fc8ec1edca28ef8c1c265cb6149b9a,10013,flexible,True,True,1000,201.000783984,700.80294639,3.48656822376,243.137114256,1000,23861.9816178,9748.5194409,14113.4621769,1434.18691071,1294.35368691,0,optimal
development,hourly_seed_10013,af9e738d724fd20277d5be9525a722cd26fc8ec1edca28ef8c1c265cb6149b9a,10013,rigid,True,True,1000,201.000783984,372.401190819,1.85273501644,243.137114256,1000,23861.9816178,4261.19577932,19600.7858385,680.44769603,614.104045667,0,optimal
development,hourly_seed_10014,80121a177e637af56c56d47dc085c3902aa2581f4618c16013bd4993dd883674,10014,flexible,False,False,1000,201.000783984,851.273472444,4.23517488624,549.31770859,1000,0,0,0,0,0,0,optimal
development,hourly_seed_10014,80121a177e637af56c56d47dc085c3902aa2581f4618c16013bd4993dd883674,10014,rigid,False,False,1000,201.000783984,546.724352796,2.72001104652,549.31770859,1000,0,0,0,0,0,0,optimal
development,hourly_seed_10014,80121a177e637af56c56d47dc085c3902aa2581f4618c16013bd4993dd883674,10014,flexible,False,True,1000,201.000783984,853.07630268,4.24414415591,549.31770859,1000,0,0,0,459.43921387,414.643890518,0,optimal
development,hourly_seed_10014,80121a177e637af56c56d47dc085c3902aa2581f4618c16013bd4993dd883674,10014,rigid,False,True,1000,201.000783984,624.581038553,3.10735623102,549.31770859,1000,0,0,0,620.678323239,560.162186723,0,optimal
development,hourly_seed_10014,80121a177e637af56c56d47dc085c3902aa2581f4618c16013bd4993dd883674,10014,flexible,True,False,1000,201.000783984,955.737701,4.75489538924,549.31770859,1000,21603.5547017,16623.0326845,4980.52201722,0,0,0,optimal
development,hourly_seed_10014,80121a177e637af56c56d47dc085c3902aa2581f4618c16013bd4993dd883674,10014,rigid,True,False,1000,201.000783984,558.567686571,2.77893287528,549.31770859,1000,21603.5547017,2223.38056184,19380.1741399,0,0,0,optimal
development,hourly_seed_10014,80121a177e637af56c56d47dc085c3902aa2581f4618c16013bd4993dd883674,10014,flexible,True,True,1000,201.000783984,970.473850177,4.8282092783,549.31770859,1000,21603.5547017,17312.5976211,4290.95708061,1598.0307438,1442.22274628,0,optimal
development,hourly_seed_10014,80121a177e637af56c56d47dc085c3902aa2581f4618c16013bd4993dd883674,10014,rigid,True,True,1000,201.000783984,658.095581675,3.27409460118,549.31770859,1000,21603.5547017,2344.86491419,19258.6897875,738.931431219,666.885616676,0,optimal
development,hourly_seed_10015,ec0a69c27da9469f85ae230d8107d6c1759a04378dafb105b46aff41425d73ab,10015,flexible,False,False,1000,201.000783984,785.036713213,3.90564005599,453.618953611,1000,0,0,0,0,0,0,optimal
development,hourly_seed_10015,ec0a69c27da9469f85ae230d8107d6c1759a04378dafb105b46aff41425d73ab,10015,rigid,False,False,1000,201.000783984,458.027494929,2.27873486785,453.618953611,1000,0,0,0,0,0,0,optimal
development,hourly_seed_10015,ec0a69c27da9469f85ae230d8107d6c1759a04378dafb105b46aff41425d73ab,10015,flexible,False,True,1000,201.000783984,788.15428323,3.92115029408,453.618953611,1000,0,0,0,458.790882745,414.058771677,0,optimal
development,hourly_seed_10015,ec0a69c27da9469f85ae230d8107d6c1759a04378dafb105b46aff41425d73ab,10015,rigid,False,True,1000,201.000783984,509.392594312,2.53428162923,453.618953611,1000,0,0,0,444.957366775,401.574023514,0,optimal
development,hourly_seed_10015,ec0a69c27da9469f85ae230d8107d6c1759a04378dafb105b46aff41425d73ab,10015,flexible,True,False,1000,201.000783984,948.235539011,4.71757134582,453.618953611,1000,28360.934899,27059.3701758,1301.56472316,0,0,0,optimal
development,hourly_seed_10015,ec0a69c27da9469f85ae230d8107d6c1759a04378dafb105b46aff41425d73ab,10015,rigid,True,False,1000,201.000783984,582.612285419,2.89855727859,453.618953611,1000,28360.934899,9573.05553355,18787.8793654,0,0,0,optimal
development,hourly_seed_10015,ec0a69c27da9469f85ae230d8107d6c1759a04378dafb105b46aff41425d73ab,10015,flexible,True,True,1000,201.000783984,951.17611135,4.73220100189,453.618953611,1000,28360.934899,24110.1599126,4250.77498636,526.315789474,475,0,optimal
development,hourly_seed_10015,ec0a69c27da9469f85ae230d8107d6c1759a04378dafb105b46aff41425d73ab,10015,rigid,True,True,1000,201.000783984,687.41719538,3.41997270735,453.618953611,1000,28360.934899,11048.6482596,17312.2866394,621.888745135,561.254592485,0,optimal
development,hourly_seed_10016,2dfbd393efbf03e8cee62bf9d55a8b94e00c0a384266471bf4f3ab556585924c,10016,flexible,False,False,1000,201.000783984,948.319996256,4.71799152948,666.977988534,1000,0,0,0,0,0,0,optimal
development,hourly_seed_10016,2dfbd393efbf03e8cee62bf9d55a8b94e00c0a384266471bf4f3ab556585924c,10016,rigid,False,False,1000,201.000783984,667.266534392,3.31972105365,666.977988534,1000,0,0,0,0,0,0,optimal
development,hourly_seed_10016,2dfbd393efbf03e8cee62bf9d55a8b94e00c0a384266471bf4f3ab556585924c,10016,flexible,False,True,1000,201.000783984,949.736368901,4.72503813207,666.977988534,1000,0,0,0,210.526315789,190,0,optimal
development,hourly_seed_10016,2dfbd393efbf03e8cee62bf9d55a8b94e00c0a384266471bf4f3ab556585924c,10016,rigid,False,True,1000,201.000783984,729.801275039,3.63083795284,666.977988534,1000,0,0,0,428.94186131,387.120029832,0,optimal
development,hourly_seed_10016,2dfbd393efbf03e8cee62bf9d55a8b94e00c0a384266471bf4f3ab556585924c,10016,flexible,True,False,1000,201.000783984,1091.89536091,5.4322940402,666.977988534,1000,26605.9557754,22109.6871541,4496.2686213,0,0,0,optimal
development,hourly_seed_10016,2dfbd393efbf03e8cee62bf9d55a8b94e00c0a384266471bf4f3ab556585924c,10016,rigid,True,False,1000,201.000783984,786.990710405,3.91536139714,666.977988534,1000,26605.9557754,4616.50829137,21989.4474841,0,0,0,optimal
development,hourly_seed_10016,2dfbd393efbf03e8cee62bf9d55a8b94e00c0a384266471bf4f3ab556585924c,10016,flexible,True,True,1000,201.000783984,1097.1308594,5.45834119475,666.977988534,1000,26605.9557754,22059.0087273,4546.94704812,744.726190629,672.115387043,0,optimal
development,hourly_seed_10016,2dfbd393efbf03e8cee62bf9d55a8b94e00c0a384266471bf4f3ab556585924c,10016,rigid,True,True,1000,201.000783984,880.150817823,4.37884271085,666.977988534,1000,26605.9557754,7894.32242265,18711.6333528,1027.68589701,927.48652205,0,optimal
development,hourly_seed_10017,f46eb43927d308278013100eefeaa4c5258cd44e0c2978ad0ea95a1ac5a5b4bc,10017,flexible,False,False,1000,201.000783984,758.043527877,3.77134612538,413.602977422,1000,0,0,0,0,0,0,optimal
development,hourly_seed_10017,f46eb43927d308278013100eefeaa4c5258cd44e0c2978ad0ea95a1ac5a5b4bc,10017,rigid,False,False,1000,201.000783984,442.932192372,2.20363415303,413.602977422,1000,0,0,0,0,0,0,optimal
development,hourly_seed_10017,f46eb43927d308278013100eefeaa4c5258cd44e0c2978ad0ea95a1ac5a5b4bc,10017,flexible,False,True,1000,201.000783984,761.507286796,3.78857868961,413.602977422,1000,0,0,0,542.880576325,489.949720133,0,optimal
development,hourly_seed_10017,f46eb43927d308278013100eefeaa4c5258cd44e0c2978ad0ea95a1ac5a5b4bc,10017,rigid,False,True,1000,201.000783984,497.580066371,2.47551306273,413.602977422,1000,0,0,0,691.85909695,624.402834998,0,optimal
development,hourly_seed_10017,f46eb43927d308278013100eefeaa4c5258cd44e0c2978ad0ea95a1ac5a5b4bc,10017,flexible,True,False,1000,201.000783984,930.09507514,4.6273206338,413.602977422,1000,31493.8114064,28224.0344811,3269.77692522,0,0,0,optimal
development,hourly_seed_10017,f46eb43927d308278013100eefeaa4c5258cd44e0c2978ad0ea95a1ac5a5b4bc,10017,rigid,True,False,1000,201.000783984,554.709362249,2.75973730676,413.602977422,1000,31493.8114064,15739.0210866,15754.7903197,0,0,0,optimal
development,hourly_seed_10017,f46eb43927d308278013100eefeaa4c5258cd44e0c2978ad0ea95a1ac5a5b4bc,10017,flexible,True,True,1000,201.000783984,933.949708858,4.64649784118,413.602977422,1000,31493.8114064,27206.5428807,4287.26852564,583.019748875,526.17532336,0,optimal
development,hourly_seed_10017,f46eb43927d308278013100eefeaa4c5258cd44e0c2978ad0ea95a1ac5a5b4bc,10017,rigid,True,True,1000,201.000783984,647.700016627,3.22237557381,413.602977422,1000,31493.8114064,13043.4583322,18450.3530742,763.185559349,688.774967312,0,optimal
development,hourly_seed_10018,0a65df8c17b8ba704ffcc678a2173a3df3f15e58c1db61255b5bfb899ae6dd6b,10018,flexible,False,False,1000,201.000783984,903.479051262,4.49490312104,617.553341171,1000,0,0,0,0,0,0,optimal
development,hourly_seed_10018,0a65df8c17b8ba704ffcc678a2173a3df3f15e58c1db61255b5bfb899ae6dd6b,10018,rigid,False,False,1000,201.000783984,626.33854528,3.11610001148,617.553341171,1000,0,0,0,0,0,0,optimal
development,hourly_seed_10018,0a65df8c17b8ba704ffcc678a2173a3df3f15e58c1db61255b5bfb899ae6dd6b,10018,flexible,False,True,1000,201.000783984,904.875632424,4.50185125893,617.553341171,1000,0,0,0,210.526315789,190,0,optimal
development,hourly_seed_10018,0a65df8c17b8ba704ffcc678a2173a3df3f15e58c1db61255b5bfb899ae6dd6b,10018,rigid,False,True,1000,201.000783984,701.190998062,3.48849882157,617.553341171,1000,0,0,0,686.759388251,619.800347896,0,optimal
development,hourly_seed_10018,0a65df8c17b8ba704ffcc678a2173a3df3f15e58c1db61255b5bfb899ae6dd6b,10018,flexible,True,False,1000,201.000783984,1019.64469646,5.07283940018,617.553341171,1000,25588.7458705,17588.9386399,7999.80723059,0,0,0,optimal
development,hourly_seed_10018,0a65df8c17b8ba704ffcc678a2173a3df3f15e58c1db61255b5bfb899ae6dd6b,10018,rigid,True,False,1000,201.000783984,663.912887888,3.30303631025,617.553341171,1000,25588.7458705,1268.83808224,24319.9077882,0,0,0,optimal
development,hourly_seed_10018,0a65df8c17b8ba704ffcc678a2173a3df3f15e58c1db61255b5bfb899ae6dd6b,10018,flexible,True,True,1000,201.000783984,1026.93348268,5.10910187674,617.553341171,1000,25588.7458705,18164.1958064,7424.55006407,907.643513042,819.148270521,0,optimal
development,hourly_seed_10018,0a65df8c17b8ba704ffcc678a2173a3df3f15e58c1db61255b5bfb899ae6dd6b,10018,rigid,True,True,1000,201.000783984,738.426858291,3.67375113497,617.553341171,1000,25588.7458705,2486.41166283,23102.3342076,533.717058475,481.679645274,0,optimal
development,hourly_seed_10019,a96c83e6c6a1ac914acd21ed919881323b14b7fe0dedbd7a04a9fd985964757e,10019,flexible,False,False,1000,201.000783984,522.403814639,2.59901381619,243.137114256,1000,0,0,0,0,0,0,optimal
development,hourly_seed_10019,a96c83e6c6a1ac914acd21ed919881323b14b7fe0dedbd7a04a9fd985964757e,10019,rigid,False,False,1000,201.000783984,367.793713629,1.82981233376,243.137114256,1000,0,0,0,0,0,0,optimal
development,hourly_seed_10019,a96c83e6c6a1ac914acd21ed919881323b14b7fe0dedbd7a04a9fd985964757e,10019,flexible,False,True,1000,201.000783984,690.290439167,3.4342673968,243.137114256,1000,0,0,0,503.506718822,454.414813737,0,optimal
development,hourly_seed_10019,a96c83e6c6a1ac914acd21ed919881323b14b7fe0dedbd7a04a9fd985964757e,10019,rigid,False,True,1000,201.000783984,453.047707882,2.25395990454,243.137114256,1000,0,0,0,436.762611464,394.178256846,0,optimal
development,hourly_seed_10019,a96c83e6c6a1ac914acd21ed919881323b14b7fe0dedbd7a04a9fd985964757e,10019,flexible,True,False,1000,201.000783984,542.928525335,2.70112640644,243.137114256,1000,20642.4709651,13522.8369087,7119.63405635,0,0,0,optimal
development,hourly_seed_10019,a96c83e6c6a1ac914acd21ed919881323b14b7fe0dedbd7a04a9fd985964757e,10019,rigid,True,False,1000,201.000783984,411.768248524,2.048590261,243.137114256,1000,20642.4709651,1215.12309321,19427.3478718,0,0,0,optimal
development,hourly_seed_10019,a96c83e6c6a1ac914acd21ed919881323b14b7fe0dedbd7a04a9fd985964757e,10019,flexible,True,True,1000,201.000783984,754.702857199,3.75472593808,243.137114256,1000,20642.4709651,11300.3795829,9342.09138212,502.338226172,453.360249121,0,optimal
development,hourly_seed_10019,a96c83e6c6a1ac914acd21ed919881323b14b7fe0dedbd7a04a9fd985964757e,10019,rigid,True,True,1000,201.000783984,499.745180242,2.48628473151,243.137114256,1000,20642.4709651,5911.96291243,14730.5080526,522.347398008,471.418526703,0,optimal
development,hourly_seed_10020,d3ab99b8c8c03c1ea3dbc5bae12b9942f60e4c4e9fee9d8a902c61e32711e75b,10020,flexible,False,False,1000,201.000783984,923.287509694,4.5934522811,662.656694983,1000,0,0,0,0,0,0,optimal
development,hourly_seed_10020,d3ab99b8c8c03c1ea3dbc5bae12b9942f60e4c4e9fee9d8a902c61e32711e75b,10020,rigid,False,False,1000,201.000783984,667.326352734,3.32001865618,662.656694983,1000,0,0,0,0,0,0,optimal
development,hourly_seed_10020,d3ab99b8c8c03c1ea3dbc5bae12b9942f60e4c4e9fee9d8a902c61e32711e75b,10020,flexible,False,True,1000,201.000783984,924.677588678,4.60036806996,662.656694983,1000,0,0,0,210.526315789,190,0,optimal
development,hourly_seed_10020,d3ab99b8c8c03c1ea3dbc5bae12b9942f60e4c4e9fee9d8a902c61e32711e75b,10020,rigid,False,True,1000,201.000783984,719.372521009,3.5789538068,662.656694983,1000,0,0,0,816.717134757,737.087214118,0,optimal
development,hourly_seed_10020,d3ab99b8c8c03c1ea3dbc5bae12b9942f60e4c4e9fee9d8a902c61e32711e75b,10020,flexible,True,False,1000,201.000783984,1079.95759576,5.37290240545,662.656694983,1000,31456.6243308,23552.3478265,7904.27650432,0,0,0,optimal
development,hourly_seed_10020,d3ab99b8c8c03c1ea3dbc5bae12b9942f60e4c4e9fee9d8a902c61e32711e75b,10020,rigid,True,False,1000,201.000783984,719.296234218,3.57857427201,662.656694983,1000,31456.6243308,2561.12716588,28895.4971649,0,0,0,optimal
development,hourly_seed_10020,d3ab99b8c8c03c1ea3dbc5bae12b9942f60e4c4e9fee9d8a902c61e32711e75b,10020,flexible,True,True,1000,201.000783984,1088.02837161,5.41305536249,662.656694983,1000,31456.6243308,24400.7484173,7055.8759135,1052.21869677,949.627373831,0,optimal
development,hourly_seed_10020,d3ab99b8c8c03c1ea3dbc5bae12b9942f60e4c4e9fee9d8a902c61e32711e75b,10020,rigid,True,True,1000,201.000783984,822.576362733,4.092403753,662.656694983,1000,31456.6243308,5629.98364621,25826.6406846,673.79841019,608.103065197,0,optimal
development,hourly_seed_10021,5507725c8c838ec360d102a11e070c64846936a0f3f22a82933afb0c73e6a3e3,10021,flexible,False,False,1000,201.000783984,826.292887423,4.11089385347,544.240131801,1000,0,0,0,0,0,0,optimal
development,hourly_seed_10021,5507725c8c838ec360d102a11e070c64846936a0f3f22a82933afb0c73e6a3e3,10021,rigid,False,False,1000,201.000783984,536.946825842,2.67136682355,544.240131801,1000,0,0,0,0,0,0,optimal
development,hourly_seed_10021,5507725c8c838ec360d102a11e070c64846936a0f3f22a82933afb0c73e6a3e3,10021,flexible,False,True,1000,201.000783984,827.586876,4.11733158248,544.240131801,1000,0,0,0,210.526315789,190,0,optimal
development,hourly_seed_10021,5507725c8c838ec360d102a11e070c64846936a0f3f22a82933afb0c73e6a3e3,10021,rigid,False,True,1000,201.000783984,607.16649125,3.02071703013,544.240131801,1000,0,0,0,561.862318679,507.080742608,0,optimal
development,hourly_seed_10021,5507725c8c838ec360d102a11e070c64846936a0f3f22a82933afb0c73e6a3e3,10021,flexible,True,False,1000,201.000783984,917.759124294,4.5659479834,544.240131801,1000,21995.9011177,14749.9458223,7245.95529548,0,0,0,optimal
development,hourly_seed_10021,5507725c8c838ec360d102a11e070c64846936a0f3f22a82933afb0c73e6a3e3,10021,rigid,True,False,1000,201.000783984,559.514944099,2.78364558092,544.240131801,1000,21995.9011177,962.819381341,21033.0817364,0,0,0,optimal
development,hourly_seed_10021,5507725c8c838ec360d102a11e070c64846936a0f3f22a82933afb0c73e6a3e3,10021,flexible,True,True,1000,201.000783984,926.532625574,4.60959707325,544.240131801,1000,21995.9011177,15522.0552424,6473.84587531,1186.15936793,1070.50882956,0,optimal
development,hourly_seed_10021,5507725c8c838ec360d102a11e070c64846936a0f3f22a82933afb0c73e6a3e3,10021,rigid,True,True,1000,201.000783984,659.192620254,3.27955248327,544.240131801,1000,21995.9011177,3873.58902534,18122.3120924,626.878247759,565.757618602,0,optimal
development,hourly_seed_10022,13998b01b766de3bb01b32e2a0084361fe5b7a4c1b2ed41a942d8213e785788f,10022,flexible,False,False,1000,201.000783984,689.941873092,3.43253324398,414.086182216,1000,0,0,0,0,0,0,optimal
development,hourly_seed_10022,13998b01b766de3bb01b32e2a0084361fe5b7a4c1b2ed41a942d8213e785788f,10022,rigid,False,False,1000,201.000783984,417.455999657,2.07688741995,414.086182216,1000,0,0,0,0,0,0,optimal
development,hourly_seed_10022,13998b01b766de3bb01b32e2a0084361fe5b7a4c1b2ed41a942d8213e785788f,10022,flexible,False,True,1000,201.000783984,705.12557985,3.50807377899,414.086182216,1000,0,0,0,1443.34874495,1302.62224232,0,optimal
development,hourly_seed_10022,13998b01b766de3bb01b32e2a0084361fe5b7a4c1b2ed41a942d8213e785788f,10022,rigid,False,True,1000,201.000783984,473.914547745,2.35777462332,414.086182216,1000,0,0,0,1078.31484982,973.179151964,0,optimal
development,hourly_seed_10022,13998b01b766de3bb01b32e2a0084361fe5b7a4c1b2ed41a942d8213e785788f,10022,flexible,True,False,1000,201.000783984,886.76699224,4.41175887309,414.086182216,1000,33493.23299,31392.6338528,2100.59913712,0,0,0,optimal
development,hourly_seed_10022,13998b01b766de3bb01b32e2a0084361fe5b7a4c1b2ed41a942d8213e785788f,10022,rigid,True,False,1000,201.000783984,516.694258114,2.57060817313,414.086182216,1000,33493.23299,21217.7134193,12275.5195707,0,0,0,optimal
development,hourly_seed_10022,13998b01b766de3bb01b32e2a0084361fe5b7a4c1b2ed41a942d8213e785788f,10022,flexible,True,True,1000,201.000783984,890.360235347,4.42963563474,414.086182216,1000,33493.23299,29100.3260198,4392.90697022,580.009726623,523.458778277,0,optimal
development,hourly_seed_10022,13998b01b766de3bb01b32e2a0084361fe5b7a4c1b2ed41a942d8213e785788f,10022,rigid,True,True,1000,201.000783984,617.17842035,3.07052742839,414.086182216,1000,33493.23299,17327.1340619,16166.0989281,622.225555274,561.558563635,0,optimal
development,hourly_seed_10023,198cd086a76f6e2458dceff7607fab92fc65355684aa921273ba55c02bc513dd,10023,flexible,False,False,1000,201.000783984,522.403814639,2.59901381619,243.137114256,1000,0,0,0,0,0,0,optimal
development,hourly_seed_10023,198cd086a76f6e2458dceff7607fab92fc65355684aa921273ba55c02bc513dd,10023,rigid,False,False,1000,201.000783984,246.193003969,1.22483603839,243.137114256,1000,0,0,0,0,0,0,optimal
development,hourly_seed_10023,198cd086a76f6e2458dceff7607fab92fc65355684aa921273ba55c02bc513dd,10023,flexible,False,True,1000,201.000783984,609.708107393,3.03336183724,243.137114256,1000,0,0,0,358.343069843,323.404620533,0,optimal
development,hourly_seed_10023,198cd086a76f6e2458dceff7607fab92fc65355684aa921273ba55c02bc513dd,10023,rigid,False,True,1000,201.000783984,340.771592109,1.6953744426,243.137114256,1000,0,0,0,730.164415817,658.973385275,0,optimal
development,hourly_seed_10023,198cd086a76f6e2458dceff7607fab92fc65355684aa921273ba55c02bc513dd,10023,flexible,True,False,1000,201.000783984,542.928525335,2.70112640644,243.137114256,1000,23861.9816178,11793.2953805,12068.6862373,0,0,0,optimal
development,hourly_seed_10023,198cd086a76f6e2458dceff7607fab92fc65355684aa921273ba55c02bc513dd,10023,rigid,True,False,1000,201.000783984,255.86567488,1.27295859154,243.137114256,1000,23861.9816178,532.281147721,23329.7004701,0,0,0,optimal
development,hourly_seed_10023,198cd086a76f6e2458dceff7607fab92fc65355684aa921273ba55c02bc513dd,10023,flexible,True,True,1000,201.000783984,692.797558864,3.44674058047,243.137114256,1000,23861.9816178,9124.48203276,14737.4995851,1125.5302188,1015.79102247,0,optimal
development,hourly_seed_10023,198cd086a76f6e2458dceff7607fab92fc65355684aa921273ba55c02bc513dd,10023,rigid,True,True,1000,201.000783984,357.122533472,1.77672209229,243.137114256,1000,23861.9816178,4152.71715345,19709.2644644,547.705633746,494.304334455,0,optimal
development,hourly_seed_10024,cabb4bc3e2daa4f7c97e7589244763753299302eb9cbe6b902b39fbb259c66eb,10024,flexible,False,False,1000,201.000783984,846.175627923,4.20981257461,564.495408943,1000,0,0,0,0,0,0,optimal
development,hourly_seed_10024,cabb4bc3e2daa4f7c97e7589244763753299302eb9cbe6b902b39fbb259c66eb,10024,rigid,False,False,1000,201.000783984,564.783620177,2.80985779748,564.495408943,1000,0,0,0,0,0,0,optimal
development,hourly_seed_10024,cabb4bc3e2daa4f7c97e7589244763753299302eb9cbe6b902b39fbb259c66eb,10024,flexible,False,True,1000,201.000783984,847.562520327,4.21671250991,564.495408943,1000,0,0,0,210.526315789,190,0,optimal
development,hourly_seed_10024,cabb4bc3e2daa4f7c97e7589244763753299302eb9cbe6b902b39fbb259c66eb,10024,rigid,False,True,1000,201.000783984,639.857792775,3.18335968693,564.495408943,1000,0,0,0,522.35116166,471.421923398,0,optimal
development,hourly_seed_10024,cabb4bc3e2daa4f7c97e7589244763753299302eb9cbe6b902b39fbb259c66eb,10024,flexible,True,False,1000,201.000783984,924.058164299,4.59728636865,564.495408943,1000,16674.3203566,12570.1469595,4104.17339704,0,0,0,optimal
development,hourly_seed_10024,cabb4bc3e2daa4f7c97e7589244763753299302eb9cbe6b902b39fbb259c66eb,10024,rigid,True,False,1000,201.000783984,575.675046597,2.86404378722,564.495408943,1000,16674.3203566,573.292012106,16101.0283445,0,0,0,optimal
development,hourly_seed_10024,cabb4bc3e2daa4f7c97e7589244763753299302eb9cbe6b902b39fbb259c66eb,10024,flexible,True,True,1000,201.000783984,928.244217431,4.61811242241,564.495408943,1000,16674.3203566,12057.534691,4616.78566554,571.088175294,515.407078203,0,optimal
development,hourly_seed_10024,cabb4bc3e2daa4f7c97e7589244763753299302eb9cbe6b902b39fbb259c66eb,10024,rigid,True,True,1000,201.000783984,675.070947382,3.35854882753,564.495408943,1000,16674.3203566,4368.81368994,12305.5066666,796.198755458,718.569376801,0,optimal
development,hourly_seed_10025,b5a6fbd3c126d43ecc6f4bc5aba3766988c3824428c05b45e45ae3540c565315,10025,flexible,False,False,1000,201.000783984,653.215509996,3.2498157323,350.417845578,1000,0,0,0,0,0,0,optimal
development,hourly_seed_10025,b5a6fbd3c126d43ecc6f4bc5aba3766988c3824428c05b45e45ae3540c565315,10025,rigid,False,False,1000,201.000783984,351.849743141,1.75048940689,350.417845578,1000,0,0,0,0,0,0,optimal
development,hourly_seed_10025,b5a6fbd3c126d43ecc6f4bc5aba3766988c3824428c05b45e45ae3540c565315,10025,flexible,False,True,1000,201.000783984,670.589398285,3.33625265033,350.417845578,1000,0,0,0,1578.94736842,1425,0,optimal
development,hourly_seed_10025,b5a6fbd3c126d43ecc6f4bc5aba3766988c3824428c05b45e45ae3540c565315,10025,rigid,False,True,1000,201.000783984,400.73149649,1.99368126107,350.417845578,1000,0,0,0,451.772208489,407.724418161,0,optimal
development,hourly_seed_10025,b5a6fbd3c126d43ecc6f4bc5aba3766988c3824428c05b45e45ae3540c565315,10025,flexible,True,False,1000,201.000783984,872.306483071,4.33981632201,350.417845578,1000,34719.2385804,34361.3336017,357.904978653,0,0,0,optimal
development,hourly_seed_10025,b5a6fbd3c126d43ecc6f4bc5aba3766988c3824428c05b45e45ae3540c565315,10025,rigid,True,False,1000,201.000783984,477.485662996,2.37554129657,350.417845578,1000,34719.2385804,21775.2884726,12943.9501077,0,0,0,optimal
development,hourly_seed_10025,b5a6fbd3c126d43ecc6f4bc5aba3766988c3824428c05b45e45ae3540c565315,10025,flexible,True,True,1000,201.000783984,877.484583004,4.36557791274,350.417845578,1000,34719.2385804,33589.9225097,1129.31607068,651.651076095,588.115096176,0,optimal
development,hourly_seed_10025,b5a6fbd3c126d43ecc6f4bc5aba3766988c3824428c05b45e45ae3540c565315,10025,rigid,True,True,1000,201.000783984,578.061326211,2.8759157788,350.417845578,1000,34719.2385804,16820.8917458,17898.3468346,497.814673771,449.277743078,0,optimal
development,hourly_seed_10026,d3c38aa24105f586f1ad86048704f32dc07875a5682e29cb020d9dbf425b5a62,10026,flexible,False,False,1000,201.000783984,522.403814639,2.59901381619,243.137114256,1000,0,0,0,0,0,0,optimal
development,hourly_seed_10026,d3c38aa24105f586f1ad86048704f32dc07875a5682e29cb020d9dbf425b5a62,10026,rigid,False,False,1000,201.000783984,367.974109956,1.83070982442,243.137114256,1000,0,0,0,0,0,0,optimal
development,hourly_seed_10026,d3c38aa24105f586f1ad86048704f32dc07875a5682e29cb020d9dbf425b5a62,10026,flexible,False,True,1000,201.000783984,687.573437464,3.42075002811,243.137114256,1000,0,0,0,478.113997685,431.497882911,0,optimal
development,hourly_seed_10026,d3c38aa24105f586f1ad86048704f32dc07875a5682e29cb020d9dbf425b5a62,10026,rigid,False,True,1000,201.000783984,442.511124465,2.20153929599,243.137114256,1000,0,0,0,421.052631579,380,0,optimal
development,hourly_seed_10026,d3c38aa24105f586f1ad86048704f32dc07875a5682e29cb020d9dbf425b5a62,10026,flexible,True,False,1000,201.000783984,542.928525335,2.70112640644,243.137114256,1000,20642.4709651,13522.8369087,7119.63405635,0,0,0,optimal
development,hourly_seed_10026,d3c38aa24105f586f1ad86048704f32dc07875a5682e29cb020d9dbf425b5a62,10026,rigid,True,False,1000,201.000783984,376.787950359,1.87455960564,243.137114256,1000,20642.4709651,2955.94441883,17686.5265462,0,0,0,optimal
development,hourly_seed_10026,d3c38aa24105f586f1ad86048704f32dc07875a5682e29cb020d9dbf425b5a62,10026,flexible,True,True,1000,201.000783984,754.702857199,3.75472593808,243.137114256,1000,20642.4709651,11549.2009255,9093.27003953,502.338226172,453.360249121,0,optimal
development,hourly_seed_10026,d3c38aa24105f586f1ad86048704f32dc07875a5682e29cb020d9dbf425b5a62,10026,rigid,True,True,1000,201.000783984,476.495289151,2.37061408273,243.137114256,1000,20642.4709651,5502.50258024,15139.9683848,375.398464986,338.79711465,0,optimal
development,hourly_seed_10027,bb53d630b3b1a575b4dc1900c77b7410ee0241c68512095bbed41f360b776992,10027,flexible,False,False,1000,201.000783984,835.945078125,4.15891451544,544.240131801,1000,0,0,0,0,0,0,optimal
development,hourly_seed_10027,bb53d630b3b1a575b4dc1900c77b7410ee0241c68512095bbed41f360b776992,10027,rigid,False,False,1000,201.000783984,543.041381854,2.70168787947,544.240131801,1000,0,0,0,0,0,0,optimal
development,hourly_seed_10027,bb53d630b3b1a575b4dc1900c77b7410ee0241c68512095bbed41f360b776992,10027,flexible,False,True,1000,201.000783984,837.692962774,4.16761042504,544.240131801,1000,0,0,0,210.526315789,190,0,optimal
development,hourly_seed_10027,bb53d630b3b1a575b4dc1900c77b7410ee0241c68512095bbed41f360b776992,10027,rigid,False,True,1000,201.000783984,610.710352536,3.03834811204,544.240131801,1000,0,0,0,536.66806517,484.342928816,0,optimal
development,hourly_seed_10027,bb53d630b3b1a575b4dc1900c77b7410ee0241c68512095bbed41f360b776992,10027,flexible,True,False,1000,201.000783984,921.201710609,4.5830752117,544.240131801,1000,17789.4216122,14875.6857926,2913.73581957,0,0,0,optimal
development,hourly_seed_10027,bb53d630b3b1a575b4dc1900c77b7410ee0241c68512095bbed41f360b776992,10027,rigid,True,False,1000,201.000783984,556.609202704,2.76918921246,544.240131801,1000,17789.4216122,222.701378576,17566.7202336,0,0,0,optimal
development,hourly_seed_10027,bb53d630b3b1a575b4dc1900c77b7410ee0241c68512095bbed41f360b776992,10027,flexible,True,True,1000,201.000783984,929.037703756,4.62206010017,544.240131801,1000,17789.4216122,14515.5047016,3273.91691053,1039.45932682,938.112042454,0,optimal
development,hourly_seed_10027,bb53d630b3b1a575b4dc1900c77b7410ee0241c68512095bbed41f360b776992,10027,rigid,True,True,1000,201.000783984,655.849403569,3.26291962932,544.240131801,1000,17789.4216122,4304.5514478,13484.8701644,680.283526278,613.955882466,0,optimal
development,hourly_seed_10028,b0f67d25860a63072bbdd7d71bc245224732c1289f7c52ab58fe6ba81905399c,10028,flexible,False,False,1000,201.000783984,842.417186568,4.19111393433,544.240131801,1000,0,0,0,0,0,0,optimal
development,hourly_seed_10028,b0f67d25860a63072bbdd7d71bc245224732c1289f7c52ab58fe6ba81905399c,10028,rigid,False,False,1000,201.000783984,543.412673481,2.70353509429,544.240131801,1000,0,0,0,0,0,0,optimal
development,hourly_seed_10028,b0f67d25860a63072bbdd7d71bc245224732c1289f7c52ab58fe6ba81905399c,10028,flexible,False,True,1000,201.000783984,844.162769285,4.19979839159,544.240131801,1000,0,0,0,443.664574361,400.407278361,0,optimal
development,hourly_seed_10028,b0f67d25860a63072bbdd7d71bc245224732c1289f7c52ab58fe6ba81905399c,10028,rigid,False,True,1000,201.000783984,619.985000623,3.08449045986,544.240131801,1000,0,0,0,636.660282597,574.585905044,0,optimal
development,hourly_seed_10028,b0f67d25860a63072bbdd7d71bc245224732c1289f7c52ab58fe6ba81905399c,10028,flexible,True,False,1000,201.000783984,947.994555245,4.71637242629,544.240131801,1000,22564.3214346,16953.7240483,5610.59738624,0,0,0,optimal
development,hourly_seed_10028,b0f67d25860a63072bbdd7d71bc245224732c1289f7c52ab58fe6ba81905399c,10028,rigid,True,False,1000,201.000783984,555.184268502,2.76210001522,544.240131801,1000,22564.3214346,711.330042301,21852.9913923,0,0,0,optimal
development,hourly_seed_10028,b0f67d25860a63072bbdd7d71bc245224732c1289f7c52ab58fe6ba81905399c,10028,flexible,True,True,1000,201.000783984,962.264567229,4.78736723388,544.240131801,1000,22564.3214346,17394.9052849,5169.41614964,1553.11047109,1401.68220016,0,optimal
development,hourly_seed_10028,b0f67d25860a63072bbdd7d71bc245224732c1289f7c52ab58fe6ba81905399c,10028,rigid,True,True,1000,201.000783984,654.109292215,3.25426239266,544.240131801,1000,22564.3214346,2178.52377072,20385.7976638,893.21520094,806.126718848,0,optimal
development,hourly_seed_10029,041a883c4210141bc7ecb0ab860d3639a02ec169688d2600715182e706b7eb3b,10029,flexible,False,False,1000,201.000783984,923.409169031,4.59405754907,662.656694983,1000,0,0,0,0,0,0,optimal
development,hourly_seed_10029,041a883c4210141bc7ecb0ab860d3639a02ec169688d2600715182e706b7eb3b,10029,rigid,False,False,1000,201.000783984,663.019684221,3.29859252825,662.656694983,1000,0,0,0,0,0,0,optimal
development,hourly_seed_10029,041a883c4210141bc7ecb0ab860d3639a02ec169688d2600715182e706b7eb3b,10029,flexible,False,True,1000,201.000783984,924.813251574,4.60104300711,662.656694983,1000,0,0,0,210.526315789,190,0,optimal
development,hourly_seed_10029,041a883c4210141bc7ecb0ab860d3639a02ec169688d2600715182e706b7eb3b,10029,rigid,False,True,1000,201.000783984,745.428625731,3.70858566298,662.656694983,1000,0,0,0,798.837348237,720.950706784,0,optimal
development,hourly_seed_10029,041a883c4210141bc7ecb0ab860d3639a02ec169688d2600715182e706b7eb3b,10029,flexible,True,False,1000,201.000783984,1077.19470907,5.35915675413,662.656694983,1000,30938.9399903,23186.5551055,7752.38488482,0,0,0,optimal
development,hourly_seed_10029,041a883c4210141bc7ecb0ab860d3639a02ec169688d2600715182e706b7eb3b,10029,rigid,True,False,1000,201.000783984,748.476205282,3.72374769116,662.656694983,1000,30938.9399903,2469.22330229,28469.716688,0,0,0,optimal
development,hourly_seed_10029,041a883c4210141bc7ecb0ab860d3639a02ec169688d2600715182e706b7eb3b,10029,flexible,True,True,1000,201.000783984,1085.76845915,5.40181206076,662.656694983,1000,30938.9399903,24013.8575028,6925.08248753,1148.42951421,1036.45763657,0,optimal
development,hourly_seed_10029,041a883c4210141bc7ecb0ab860d3639a02ec169688d2600715182e706b7eb3b,10029,rigid,True,True,1000,201.000783984,848.106829866,4.219420507,662.656694983,1000,30938.9399903,7052.76311148,23886.1768789,731.112779709,659.829283688,0,optimal
development,hourly_seed_10030,5c4fa0e0108d6e7ac124a363c349ec683e82ba359716ebda788e6256d64b9c6f,10030,flexible,False,False,1000,201.000783984,930.564246031,4.62965480824,714.308408559,1000,0,0,0,0,0,0,optimal
development,hourly_seed_10030,5c4fa0e0108d6e7ac124a363c349ec683e82ba359716ebda788e6256d64b9c6f,10030,rigid,False,False,1000,201.000783984,713.333929006,3.54891117769,714.308408559,1000,0,0,0,0,0,0,optimal
development,hourly_seed_10030,5c4fa0e0108d6e7ac124a363c349ec683e82ba359716ebda788e6256d64b9c6f,10030,flexible,False,True,1000,201.000783984,931.977037581,4.6366835945,714.308408559,1000,0,0,0,210.526315789,190,0,optimal
development,hourly_seed_10030,5c4fa0e0108d6e7ac124a363c349ec683e82ba359716ebda788e6256d64b9c6f,10030,rigid,False,True,1000,201.000783984,753.453671139,3.7485111063,714.308408559,1000,0,0,0,495.382965052,447.08312596,0,optimal
development,hourly_seed_10030,5c4fa0e0108d6e7ac124a363c349ec683e82ba359716ebda788e6256d64b9c6f,10030,flexible,True,False,1000,201.000783984,1020.56929707,5.07743938526,714.308408559,1000,19452.2592842,13649.534006,5802.72527825,0,0,0,optimal
development,hourly_seed_10030,5c4fa0e0108d6e7ac124a363c349ec683e82ba359716ebda788e6256d64b9c6f,10030,rigid,True,False,1000,201.000783984,759.137768326,3.77679008648,714.308408559,1000,19452.2592842,4413.63526088,15038.6240233,0,0,0,optimal
development,hourly_seed_10030,5c4fa0e0108d6e7ac124a363c349ec683e82ba359716ebda788e6256d64b9c6f,10030,flexible,True,True,1000,201.000783984,1022.03668929,5.08473981558,714.308408559,1000,19452.2592842,13297.7565188,6154.50276541,255.753594821,230.817619326,0,optimal
development,hourly_seed_10030,5c4fa0e0108d6e7ac124a363c349ec683e82ba359716ebda788e6256d64b9c6f,10030,rigid,True,True,1000,201.000783984,832.929548254,4.14391193778,714.308408559,1000,19452.2592842,5215.40684686,14236.8524373,1214.42732227,1096.02065835,0,optimal
development,hourly_seed_10031,fbabcd019fde555f218e256f996b05807a03f1cb0bbb7b95978df79e5e40e823,10031,flexible,False,False,1000,201.000783984,921.109404346,4.58261597835,577.222693212,1000,0,0,0,0,0,0,optimal
development,hourly_seed_10031,fbabcd019fde555f218e256f996b05807a03f1cb0bbb7b95978df79e5e40e823,10031,rigid,False,False,1000,201.000783984,643.605330277,3.20200407939,577.222693212,1000,0,0,0,0,0,0,optimal
development,hourly_seed_10031,fbabcd019fde555f218e256f996b05807a03f1cb0bbb7b95978df79e5e40e823,10031,flexible,False,True,1000,201.000783984,922.499387971,4.5895312928,577.222693212,1000,0,0,0,315.789473684,285,0,optimal
development,hourly_seed_10031,fbabcd019fde555f218e256f996b05807a03f1cb0bbb7b95978df79e5e40e823,10031,rigid,False,True,1000,201.000783984,705.211641731,3.50850194588,577.222693212,1000,0,0,0,649.105785414,585.817971336,0,optimal
development,hourly_seed_10031,fbabcd019fde555f218e256f996b05807a03f1cb0bbb7b95978df79e5e40e823,10031,flexible,True,False,1000,201.000783984,1072.86269709,5.33760453976,577.222693212,1000,28040.2899677,26977.3645414,1062.92542628,0,0,0,optimal
development,hourly_seed_10031,fbabcd019fde555f218e256f996b05807a03f1cb0bbb7b95978df79e5e40e823,10031,rigid,True,False,1000,201.000783984,726.512189042,3.61447440473,577.222693212,1000,28040.2899677,3297.40867458,24742.8812931,0,0,0,optimal
development,hourly_seed_10031,fbabcd019fde555f218e256f996b05807a03f1cb0bbb7b95978df79e5e40e823,10031,flexible,True,True,1000,201.000783984,1078.03324122,5.36332853957,577.222693212,1000,28040.2899677,24388.5625715,3651.72739616,696.713502425,628.783935938,0,optimal
development,hourly_seed_10031,fbabcd019fde555f218e256f996b05807a03f1cb0bbb7b95978df79e5e40e823,10031,rigid,True,True,1000,201.000783984,819.855897532,4.07886915305,577.222693212,1000,28040.2899677,6546.53490478,21493.7550629,811.293714797,732.192577604,0,optimal
development,hourly_seed_10032,0a19772a145354693291af703ccaa8298eaa97788f57d357273d7b5bd1c34cff,10032,flexible,False,False,1000,201.000783984,788.62063597,3.92347044792,453.618953611,1000,0,0,0,0,0,0,optimal
development,hourly_seed_10032,0a19772a145354693291af703ccaa8298eaa97788f57d357273d7b5bd1c34cff,10032,rigid,False,False,1000,201.000783984,454.024231322,2.25881821117,453.618953611,1000,0,0,0,0,0,0,optimal
development,hourly_seed_10032,0a19772a145354693291af703ccaa8298eaa97788f57d357273d7b5bd1c34cff,10032,flexible,False,True,1000,201.000783984,792.239366668,3.94147401301,453.618953611,1000,0,0,0,530.174876414,478.482825964,0,optimal
development,hourly_seed_10032,0a19772a145354693291af703ccaa8298eaa97788f57d357273d7b5bd1c34cff,10032,rigid,False,True,1000,201.000783984,515.571625183,2.56502295645,453.618953611,1000,0,0,0,653.457016398,589.744957299,0,optimal
development,hourly_seed_10032,0a19772a145354693291af703ccaa8298eaa97788f57d357273d7b5bd1c34cff,10032,flexible,True,False,1000,201.000783984,963.274080782,4.79238966978,453.618953611,1000,30172.4877057,29117.8693316,1054.61837416,0,0,0,optimal
development,hourly_seed_10032,0a19772a145354693291af703ccaa8298eaa97788f57d357273d7b5bd1c34cff,10032,rigid,True,False,1000,201.000783984,566.476452955,2.81827981825,453.618953611,1000,30172.4877057,7661.88505073,22510.602655,0,0,0,optimal
development,hourly_seed_10032,0a19772a145354693291af703ccaa8298eaa97788f57d357273d7b5bd1c34cff,10032,flexible,True,True,1000,201.000783984,969.650921729,4.82411512288,453.618953611,1000,30172.4877057,27148.5662612,3023.92144449,862.454237287,778.364949152,0,optimal
development,hourly_seed_10032,0a19772a145354693291af703ccaa8298eaa97788f57d357273d7b5bd1c34cff,10032,rigid,True,True,1000,201.000783984,665.748442681,3.31216838803,453.618953611,1000,30172.4877057,10578.3153943,19594.1723114,664.837150426,600.015528259,0,optimal
development,hourly_seed_10033,b09306e61be53cd16a838be1f445ff470ce2a098caab6f38d44e7d7ccf591365,10033,flexible,False,False,1000,201.000783984,742.652089039,3.69477210148,413.602977422,1000,0,0,0,0,0,0,optimal
development,hourly_seed_10033,b09306e61be53cd16a838be1f445ff470ce2a098caab6f38d44e7d7ccf591365,10033,rigid,False,False,1000,201.000783984,419.64026617,2.08775437514,413.602977422,1000,0,0,0,0,0,0,optimal
development,hourly_seed_10033,b09306e61be53cd16a838be1f445ff470ce2a098caab6f38d44e7d7ccf591365,10033,flexible,False,True,1000,201.000783984,748.668888864,3.72470631221,413.602977422,1000,0,0,0,673.276694295,607.632216601,0,optimal
development,hourly_seed_10033,b09306e61be53cd16a838be1f445ff470ce2a098caab6f38d44e7d7ccf591365,10033,rigid,False,True,1000,201.000783984,488.638439155,2.4310275287,413.602977422,1000,0,0,0,759.410895418,685.368333115,0,optimal
development,hourly_seed_10033,b09306e61be53cd16a838be1f445ff470ce2a098caab6f38d44e7d7ccf591365,10033,flexible,True,False,1000,201.000783984,928.105187257,4.6174207327,413.602977422,1000,33096.0478293,31451.8552955,1644.19253381,0,0,0,optimal
development,hourly_seed_10033,b09306e61be53cd16a838be1f445ff470ce2a098caab6f38d44e7d7ccf591365,10033,rigid,True,False,1000,201.000783984,550.73618609,2.73997033829,413.602977422,1000,33096.0478293,14850.7029699,18245.3448594,0,0,0,optimal
development,hourly_seed_10033,b09306e61be53cd16a838be1f445ff470ce2a098caab6f38d44e7d7ccf591365,10033,flexible,True,True,1000,201.000783984,932.452245314,4.63904780286,413.602977422,1000,33096.0478293,28655.325858,4440.72197134,613.321346292,553.522515029,0,optimal
development,hourly_seed_10033,b09306e61be53cd16a838be1f445ff470ce2a098caab6f38d44e7d7ccf591365,10033,rigid,True,True,1000,201.000783984,651.233976504,3.23995739517,413.602977422,1000,33096.0478293,12876.6446345,20219.4031948,508.137171368,458.59379716,0,optimal
development,hourly_seed_10034,9be85b48d7ccc0be61671fb8ee5c40a11b14f9f5442d916ddcca850aa1722c2d,10034,flexible,False,False,1000,201.000783984,866.791202702,4.31237722322,549.31770859,1000,0,0,0,0,0,0,optimal
development,hourly_seed_10034,9be85b48d7ccc0be61671fb8ee5c40a11b14f9f5442d916ddcca850aa1722c2d,10034,rigid,False,False,1000,201.000783984,565.753730387,2.81468419761,549.31770859,1000,0,0,0,0,0,0,optimal
development,hourly_seed_10034,9be85b48d7ccc0be61671fb8ee5c40a11b14f9f5442d916ddcca850aa1722c2d,10034,flexible,False,True,1000,201.000783984,868.167098178,4.31922244765,549.31770859,1000,0,0,0,210.526315789,190,0,optimal
development,hourly_seed_10034,9be85b48d7ccc0be61671fb8ee5c40a11b14f9f5442d916ddcca850aa1722c2d,10034,rigid,False,True,1000,201.000783984,645.88039026,3.21332274162,549.31770859,1000,0,0,0,834.336088728,752.988320077,0,optimal
development,hourly_seed_10034,9be85b48d7ccc0be61671fb8ee5c40a11b14f9f5442d916ddcca850aa1722c2d,10034,flexible,True,False,1000,201.000783984,963.386743429,4.79295017827,549.31770859,1000,22413.0147651,15539.8520855,6873.1626796,0,0,0,optimal
development,hourly_seed_10034,9be85b48d7ccc0be61671fb8ee5c40a11b14f9f5442d916ddcca850aa1722c2d,10034,rigid,True,False,1000,201.000783984,575.677130392,2.86405415433,549.31770859,1000,22413.0147651,90.7654514622,22322.2493136,0,0,0,optimal
development,hourly_seed_10034,9be85b48d7ccc0be61671fb8ee5c40a11b14f9f5442d916ddcca850aa1722c2d,10034,flexible,True,True,1000,201.000783984,970.75218843,4.82959404033,549.31770859,1000,22413.0147651,15737.9821232,6675.0326419,1074.8363961,970.039847477,0,optimal
development,hourly_seed_10034,9be85b48d7ccc0be61671fb8ee5c40a11b14f9f5442d916ddcca850aa1722c2d,10034,rigid,True,True,1000,201.000783984,674.420186646,3.35531122455,549.31770859,1000,22413.0147651,2140.24998738,20272.7647777,799.10076426,721.188439744,0,optimal
development,hourly_seed_10035,02f8644bcef1d015eda4a39e2b7a4e74ea46630645e281fe26ff9b0cb5a767a7,10035,flexible,False,False,1000,201.000783984,743.516188177,3.6990710854,419.248821028,1000,0,0,0,0,0,0,optimal
development,hourly_seed_10035,02f8644bcef1d015eda4a39e2b7a4e74ea46630645e281fe26ff9b0cb5a767a7,10035,rigid,False,False,1000,201.000783984,452.389123334,2.25068337729,419.248821028,1000,0,0,0,0,0,0,optimal
development,hourly_seed_10035,02f8644bcef1d015eda4a39e2b7a4e74ea46630645e281fe26ff9b0cb5a767a7,10035,flexible,False,True,1000,201.000783984,752.781647729,3.74516771929,419.248821028,1000,0,0,0,971.896603434,877.1366846,0,optimal
development,hourly_seed_10035,02f8644bcef1d015eda4a39e2b7a4e74ea46630645e281fe26ff9b0cb5a767a7,10035,rigid,False,True,1000,201.000783984,502.669990596,2.50083597005,419.248821028,1000,0,0,0,754.965435769,681.356305782,0,optimal
development,hourly_seed_10035,02f8644bcef1d015eda4a39e2b7a4e74ea46630645e281fe26ff9b0cb5a767a7,10035,flexible,True,False,1000,201.000783984,935.824676079,4.65582599993,419.248821028,1000,33087.0096197,31225.1447644,1861.86485531,0,0,0,optimal
development,hourly_seed_10035,02f8644bcef1d015eda4a39e2b7a4e74ea46630645e281fe26ff9b0cb5a767a7,10035,rigid,True,False,1000,201.000783984,568.035310816,2.82603529975,419.248821028,1000,33087.0096197,17020.3840814,16066.6255383,0,0,0,optimal
development,hourly_seed_10035,02f8644bcef1d015eda4a39e2b7a4e74ea46630645e281fe26ff9b0cb5a767a7,10035,flexible,True,True,1000,201.000783984,939.0730884,4.67198719222,419.248821028,1000,33087.0096197,30930.2172216,2156.79239812,488.353769929,440.739277361,0,optimal
development,hourly_seed_10035,02f8644bcef1d015eda4a39e2b7a4e74ea46630645e281fe26ff9b0cb5a767a7,10035,rigid,True,True,1000,201.000783984,660.750957039,3.28730537236,419.248821028,1000,33087.0096197,13358.7034614,19728.3061583,537.882373632,485.438842203,0,optimal
development,hourly_seed_10036,2925f15dd7f4909c2b170d845b87a0a27358307380415dd28970134e5cd8f622,10036,flexible,False,False,1000,201.000783984,742.22129567,3.69262885925,413.602977422,1000,0,0,0,0,0,0,optimal
development,hourly_seed_10036,2925f15dd7f4909c2b170d845b87a0a27358307380415dd28970134e5cd8f622,10036,rigid,False,False,1000,201.000783984,429.915470359,2.1388745946,413.602977422,1000,0,0,0,0,0,0,optimal
development,hourly_seed_10036,2925f15dd7f4909c2b170d845b87a0a27358307380415dd28970134e5cd8f622,10036,flexible,False,True,1000,201.000783984,747.901337872,3.72088766545,413.602977422,1000,0,0,0,738.027681853,666.069982872,0,optimal
development,hourly_seed_10036,2925f15dd7f4909c2b170d845b87a0a27358307380415dd28970134e5cd8f622,10036,rigid,False,True,1000,201.000783984,488.321192149,2.42944919154,413.602977422,1000,0,0,0,815.824868764,736.281944059,0,optimal
development,hourly_seed_10036,2925f15dd7f4909c2b170d845b87a0a27358307380415dd28970134e5cd8f622,10036,flexible,True,False,1000,201.000783984,928.156340266,4.61767522429,413.602977422,1000,33096.0478293,31506.6052835,1589.44254576,0,0,0,optimal
development,hourly_seed_10036,2925f15dd7f4909c2b170d845b87a0a27358307380415dd28970134e5cd8f622,10036,rigid,True,False,1000,201.000783984,554.049534488,2.75645459439,413.602977422,1000,33096.0478293,13521.9754953,19574.072334,0,0,0,optimal
development,hourly_seed_10036,2925f15dd7f4909c2b170d845b87a0a27358307380415dd28970134e5cd8f622,10036,flexible,True,True,1000,201.000783984,932.971112457,4.64162922136,413.602977422,1000,33096.0478293,29210.1606817,3885.88714755,659.95554671,595.609880905,0,optimal
development,hourly_seed_10036,2925f15dd7f4909c2b170d845b87a0a27358307380415dd28970134e5cd8f622,10036,rigid,True,True,1000,201.000783984,654.148932421,3.25445960685,413.602977422,1000,33096.0478293,13070.0523472,20025.9954821,817.498478956,737.792377258,0,optimal
development,hourly_seed_10037,6f8f8c57284282be7862cc49936410a3b5a3e4e7d59e1998a8627243af86b96a,10037,flexible,False,False,1000,201.000783984,429.719515457,2.1378996984,200,1000,0,0,0,0,0,0,optimal
development,hourly_seed_10037,6f8f8c57284282be7862cc49936410a3b5a3e4e7d59e1998a8627243af86b96a,10037,rigid,False,False,1000,201.000783984,202.1463919,1.00569951964,200,1000,0,0,0,0,0,0,optimal
development,hourly_seed_10037,6f8f8c57284282be7862cc49936410a3b5a3e4e7d59e1998a8627243af86b96a,10037,flexible,False,True,1000,201.000783984,592.934717061,2.94991245959,200,1000,0,0,0,243.459344502,219.722058413,0,optimal
development,hourly_seed_10037,6f8f8c57284282be7862cc49936410a3b5a3e4e7d59e1998a8627243af86b96a,10037,rigid,False,True,1000,201.000783984,278.597336524,1.38605099444,200,1000,0,0,0,645.886919125,582.912944511,0,optimal
development,hourly_seed_10037,6f8f8c57284282be7862cc49936410a3b5a3e4e7d59e1998a8627243af86b96a,10037,flexible,True,False,1000,201.000783984,451.602985629,2.24677225968,200,1000,21361.4121153,14551.6368653,6809.77525003,0,0,0,optimal
development,hourly_seed_10037,6f8f8c57284282be7862cc49936410a3b5a3e4e7d59e1998a8627243af86b96a,10037,rigid,True,False,1000,201.000783984,212.440698718,1.05691477668,200,1000,21361.4121153,10.185001791,21351.2271135,0,0,0,optimal
development,hourly_seed_10037,6f8f8c57284282be7862cc49936410a3b5a3e4e7d59e1998a8627243af86b96a,10037,flexible,True,True,1000,201.000783984,658.164892724,3.27443943093,200,1000,21361.4121153,10137.187582,11224.2245334,623.287873253,562.517305611,0,optimal
development,hourly_seed_10037,6f8f8c57284282be7862cc49936410a3b5a3e4e7d59e1998a8627243af86b96a,10037,rigid,True,True,1000,201.000783984,313.513894668,1.5597645365,200,1000,21361.4121153,1731.22675587,19630.1853595,433.587593578,391.312803204,0,optimal
development,hourly_seed_10038,aabcc3a3f982150a88fb1a68157065766f15ed0a29bdb77614cef74850fe48fb,10038,flexible,False,False,1000,201.000783984,888.195219195,4.41886445212,632.899998625,1000,0,0,0,0,0,0,optimal
development,hourly_seed_10038,aabcc3a3f982150a88fb1a68157065766f15ed0a29bdb77614cef74850fe48fb,10038,rigid,False,False,1000,201.000783984,632.728888805,3.14789264133,632.899998625,1000,0,0,0,0,0,0,optimal
development,hourly_seed_10038,aabcc3a3f982150a88fb1a68157065766f15ed0a29bdb77614cef74850fe48fb,10038,flexible,False,True,1000,201.000783984,889.810586944,4.42690107624,632.899998625,1000,0,0,0,210.526315789,190,0,optimal
development,hourly_seed_10038,aabcc3a3f982150a88fb1a68157065766f15ed0a29bdb77614cef74850fe48fb,10038,rigid,False,True,1000,201.000783984,668.855296956,3.32762531419,632.899998625,1000,0,0,0,642.274240333,579.652501901,0,optimal
development,hourly_seed_10038,aabcc3a3f982150a88fb1a68157065766f15ed0a29bdb77614cef74850fe48fb,10038,flexible,True,False,1000,201.000783984,988.072514228,4.91576447934,632.899998625,1000,22382.4047357,15250.1443708,7132.26036482,0,0,0,optimal
development,hourly_seed_10038,aabcc3a3f982150a88fb1a68157065766f15ed0a29bdb77614cef74850fe48fb,10038,rigid,True,False,1000,201.000783984,694.96508546,3.45752425282,632.899998625,1000,22382.4047357,7389.71012818,14992.6946075,0,0,0,optimal
development,hourly_seed_10038,aabcc3a3f982150a88fb1a68157065766f15ed0a29bdb77614cef74850fe48fb,10038,flexible,True,True,1000,201.000783984,991.075305955,4.93070368339,632.899998625,1000,22382.4047357,14667.2663512,7715.1383845,421.052631579,380,0,optimal
development,hourly_seed_10038,aabcc3a3f982150a88fb1a68157065766f15ed0a29bdb77614cef74850fe48fb,10038,rigid,True,True,1000,201.000783984,778.567260691,3.87345385057,632.899998625,1000,22382.4047357,5970.32319301,16412.0815426,527.65466968,476.208339386,0,optimal
development,hourly_seed_10039,b5edc911235aff3b21cca7834147c06df42c6a2387d860294f3765262bd42679,10039,flexible,False,False,1000,201.000783984,737.078061916,3.66704073142,413.602977422,1000,0,0,0,0,0,0,optimal
development,hourly_seed_10039,b5edc911235aff3b21cca7834147c06df42c6a2387d860294f3765262bd42679,10039,rigid,False,False,1000,201.000783984,420.62322621,2.09264470453,413.602977422,1000,0,0,0,0,0,0,optimal
development,hourly_seed_10039,b5edc911235aff3b21cca7834147c06df42c6a2387d860294f3765262bd42679,10039,flexible,False,True,1000,201.000783984,747.614598384,3.7194611064,413.602977422,1000,0,0,0,1069.6218892,965.333754999,0,optimal
development,hourly_seed_10039,b5edc911235aff3b21cca7834147c06df42c6a2387d860294f3765262bd42679,10039,rigid,False,True,1000,201.000783984,474.410388187,2.36024148157,413.602977422,1000,0,0,0,560.158512291,505.543057342,0,optimal
development,hourly_seed_10039,b5edc911235aff3b21cca7834147c06df42c6a2387d860294f3765262bd42679,10039,flexible,True,False,1000,201.000783984,935.201673908,4.65272649873,413.602977422,1000,33647.7842839,33193.8977723,453.886511635,0,0,0,optimal
development,hourly_seed_10039,b5edc911235aff3b21cca7834147c06df42c6a2387d860294f3765262bd42679,10039,rigid,True,False,1000,201.000783984,518.214207778,2.57817008226,413.602977422,1000,33647.7842839,15171.7840541,18476.0002298,0,0,0,optimal
development,hourly_seed_10039,b5edc911235aff3b21cca7834147c06df42c6a2387d860294f3765262bd42679,10039,flexible,True,True,1000,201.000783984,939.52895678,4.67425518527,413.602977422,1000,33647.7842839,30060.3533723,3587.43091155,591.936547519,534.222734136,0,optimal
development,hourly_seed_10039,b5edc911235aff3b21cca7834147c06df42c6a2387d860294f3765262bd42679,10039,rigid,True,True,1000,201.000783984,619.166849768,3.08042007347,413.602977422,1000,33647.7842839,12136.5614885,21511.2227954,421.052631579,380,0,optimal
development,hourly_seed_10040,0f6ef1660d44625c574977a5881047fbdf874ef8e8246a6d094353bb72490f92,10040,flexible,False,False,1000,201.000783984,720.006207827,3.58210646524,394.091836323,1000,0,0,0,0,0,0,optimal
development,hourly_seed_10040,0f6ef1660d44625c574977a5881047fbdf874ef8e8246a6d094353bb72490f92,10040,rigid,False,False,1000,201.000783984,395.679302322,1.96854606474,394.091836323,1000,0,0,0,0,0,0,optimal
development,hourly_seed_10040,0f6ef1660d44625c574977a5881047fbdf874ef8e8246a6d094353bb72490f92,10040,flexible,False,True,1000,201.000783984,729.202438772,3.62785867955,394.091836323,1000,0,0,0,975.012523481,879.948802442,0,optimal
development,hourly_seed_10040,0f6ef1660d44625c574977a5881047fbdf874ef8e8246a6d094353bb72490f92,10040,rigid,False,True,1000,201.000783984,457.239247083,2.27481325207,394.091836323,1000,0,0,0,580.988732598,524.34233117,0,optimal
development,hourly_seed_10040,0f6ef1660d44625c574977a5881047fbdf874ef8e8246a6d094353bb72490f92,10040,flexible,True,False,1000,201.000783984,903.888898527,4.49694215421,394.091836323,1000,32651.8528106,32273.0782165,378.774594076,0,0,0,optimal
development,hourly_seed_10040,0f6ef1660d44625c574977a5881047fbdf874ef8e8246a6d094353bb72490f92,10040,rigid,True,False,1000,201.000783984,496.156080054,2.46842858132,394.091836323,1000,32651.8528106,18701.7150952,13950.1377154,0,0,0,optimal
development,hourly_seed_10040,0f6ef1660d44625c574977a5881047fbdf874ef8e8246a6d094353bb72490f92,10040,flexible,True,True,1000,201.000783984,908.399513446,4.51938293692,394.091836323,1000,32651.8528106,27801.840874,4850.01193655,656.827348419,592.786681948,0,optimal
development,hourly_seed_10040,0f6ef1660d44625c574977a5881047fbdf874ef8e8246a6d094353bb72490f92,10040,rigid,True,True,1000,201.000783984,596.772790441,2.96900727755,394.091836323,1000,32651.8528106,14290.4182008,18361.4346098,457.069648071,412.505357384,0,optimal
development,hourly_seed_10041,a5c6e358063109784239e64b74830e23fc8b62689c68a21c523b44322f7fc23e,10041,flexible,False,False,1000,201.000783984,936.014261274,4.65676920618,689.818388567,1000,0,0,0,0,0,0,optimal
development,hourly_seed_10041,a5c6e358063109784239e64b74830e23fc8b62689c68a21c523b44322f7fc23e,10041,rigid,False,False,1000,201.000783984,690.039984649,3.43302135928,689.818388567,1000,0,0,0,0,0,0,optimal
development,hourly_seed_10041,a5c6e358063109784239e64b74830e23fc8b62689c68a21c523b44322f7fc23e,10041,flexible,False,True,1000,201.000783984,937.422682431,4.66377624928,689.818388567,1000,0,0,0,255.893082838,230.943507262,0,optimal
development,hourly_seed_10041,a5c6e358063109784239e64b74830e23fc8b62689c68a21c523b44322f7fc23e,10041,rigid,False,True,1000,201.000783984,732.931862095,3.64641295206,689.818388567,1000,0,0,0,537.684822419,485.260552233,0,optimal
development,hourly_seed_10041,a5c6e358063109784239e64b74830e23fc8b62689c68a21c523b44322f7fc23e,10041,flexible,True,False,1000,201.000783984,1073.75030051,5.34202045994,689.818388567,1000,24469.7885023,21713.6145729,2756.17392937,0,0,0,optimal
development,hourly_seed_10041,a5c6e358063109784239e64b74830e23fc8b62689c68a21c523b44322f7fc23e,10041,rigid,True,False,1000,201.000783984,752.463962592,3.74358720238,689.818388567,1000,24469.7885023,4158.3582393,20311.430263,0,0,0,optimal
development,hourly_seed_10041,a5c6e358063109784239e64b74830e23fc8b62689c68a21c523b44322f7fc23e,10041,flexible,True,True,1000,201.000783984,1078.68176701,5.36655502348,689.818388567,1000,24469.7885023,22047.8317517,2421.9567506,693.450059173,625.838678403,0,optimal
development,hourly_seed_10041,a5c6e358063109784239e64b74830e23fc8b62689c68a21c523b44322f7fc23e,10041,rigid,True,True,1000,201.000783984,852.411185018,4.24083512573,689.818388567,1000,24469.7885023,7121.81652323,17347.9719791,806.646024577,727.998037181,0,optimal
development,hourly_seed_10042,4bb0304a7c50eb956a820c3c8a548fd3983cde641fd2cce7c515908686c08901,10042,flexible,False,False,1000,201.000783984,950.592956566,4.72929974563,666.977988534,1000,0,0,0,0,0,0,optimal
development,hourly_seed_10042,4bb0304a7c50eb956a820c3c8a548fd3983cde641fd2cce7c515908686c08901,10042,rigid,False,False,1000,201.000783984,671.970974283,3.34312613595,666.977988534,1000,0,0,0,0,0,0,optimal
development,hourly_seed_10042,4bb0304a7c50eb956a820c3c8a548fd3983cde641fd2cce7c515908686c08901,10042,flexible,False,True,1000,201.000783984,951.98518269,4.73622621674,666.977988534,1000,0,0,0,210.526315789,190,0,optimal
development,hourly_seed_10042,4bb0304a7c50eb956a820c3c8a548fd3983cde641fd2cce7c515908686c08901,10042,rigid,False,True,1000,201.000783984,725.733291536,3.61059930788,666.977988534,1000,0,0,0,531.811465482,479.959847598,0,optimal
development,hourly_seed_10042,4bb0304a7c50eb956a820c3c8a548fd3983cde641fd2cce7c515908686c08901,10042,flexible,True,False,1000,201.000783984,1094.59802872,5.44574009625,666.977988534,1000,26605.9557754,22472.5229344,4133.43284101,0,0,0,optimal
development,hourly_seed_10042,4bb0304a7c50eb956a820c3c8a548fd3983cde641fd2cce7c515908686c08901,10042,rigid,True,False,1000,201.000783984,795.05850933,3.95549954369,666.977988534,1000,26605.9557754,4803.20276966,21802.7530058,0,0,0,optimal
development,hourly_seed_10042,4bb0304a7c50eb956a820c3c8a548fd3983cde641fd2cce7c515908686c08901,10042,flexible,True,True,1000,201.000783984,1099.89966476,5.47211629207,666.977988534,1000,26605.9557754,22625.3037944,3980.65198101,736.900591721,665.052784028,0,optimal
development,hourly_seed_10042,4bb0304a7c50eb956a820c3c8a548fd3983cde641fd2cce7c515908686c08901,10042,rigid,True,True,1000,201.000783984,887.74441541,4.41662165596,666.977988534,1000,26605.9557754,8283.43970335,18322.5160721,1249.41195272,1127.59428733,0,optimal
development,hourly_seed_10043,2b27fae71d0a80dfc8bae32ccac4e5861f97177a59edea2c3b6b3ff51fa071b6,10043,flexible,False,False,1000,201.000783984,922.734054699,4.5906987844,662.656694983,1000,0,0,0,0,0,0,optimal
development,hourly_seed_10043,2b27fae71d0a80dfc8bae32ccac4e5861f97177a59edea2c3b6b3ff51fa071b6,10043,rigid,False,False,1000,201.000783984,664.923492315,3.30806417336,662.656694983,1000,0,0,0,0,0,0,optimal
development,hourly_seed_10043,2b27fae71d0a80dfc8bae32ccac4e5861f97177a59edea2c3b6b3ff51fa071b6,10043,flexible,False,True,1000,201.000783984,924.110296635,4.5975457325,662.656694983,1000,0,0,0,210.526315789,190,0,optimal
development,hourly_seed_10043,2b27fae71d0a80dfc8bae32ccac4e5861f97177a59edea2c3b6b3ff51fa071b6,10043,rigid,False,True,1000,201.000783984,719.226350444,3.57822659289,662.656694983,1000,0,0,0,711.983188628,642.564827737,0,optimal
development,hourly_seed_10043,2b27fae71d0a80dfc8bae32ccac4e5861f97177a59edea2c3b6b3ff51fa071b6,10043,flexible,True,False,1000,201.000783984,1074.60928075,5.34629397682,662.656694983,1000,30938.9399903,23495.9930971,7442.94689327,0,0,0,optimal
development,hourly_seed_10043,2b27fae71d0a80dfc8bae32ccac4e5861f97177a59edea2c3b6b3ff51fa071b6,10043,rigid,True,False,1000,201.000783984,703.731230422,3.50113674421,662.656694983,1000,30938.9399903,1585.61092586,29353.3290645,0,0,0,optimal
development,hourly_seed_10043,2b27fae71d0a80dfc8bae32ccac4e5861f97177a59edea2c3b6b3ff51fa071b6,10043,flexible,True,True,1000,201.000783984,1083.22607553,5.38916343538,662.656694983,1000,30938.9399903,24310.3257594,6628.61423089,1122.85682587,1013.37828535,0,optimal
development,hourly_seed_10043,2b27fae71d0a80dfc8bae32ccac4e5861f97177a59edea2c3b6b3ff51fa071b6,10043,rigid,True,True,1000,201.000783984,804.776458326,4.00384736007,662.656694983,1000,30938.9399903,4826.16207608,26112.7779143,585.409761123,528.332309413,0,optimal
development,hourly_seed_10044,47d3256b73bc5696615512757f83244ae600052a1e2c054a31ed856e6bc03a1b,10044,flexible,False,False,1000,201.000783984,732.998338597,3.64674367964,419.248821028,1000,0,0,0,0,0,0,optimal
development,hourly_seed_10044,47d3256b73bc5696615512757f83244ae600052a1e2c054a31ed856e6bc03a1b,10044,rigid,False,False,1000,201.000783984,422.605631546,2.10250737917,419.248821028,1000,0,0,0,0,0,0,optimal
development,hourly_seed_10044,47d3256b73bc5696615512757f83244ae600052a1e2c054a31ed856e6bc03a1b,10044,flexible,False,True,1000,201.000783984,745.498942107,3.70893549433,419.248821028,1000,0,0,0,1267.54480659,1143.95918794,0,optimal
development,hourly_seed_10044,47d3256b73bc5696615512757f83244ae600052a1e2c054a31ed856e6bc03a1b,10044,rigid,False,True,1000,201.000783984,496.440751959,2.46984485393,419.248821028,1000,0,0,0,866.865401182,782.346024566,0,optimal
development,hourly_seed_10044,47d3256b73bc5696615512757f83244ae600052a1e2c054a31ed856e6bc03a1b,10044,flexible,True,False,1000,201.000783984,932.12425344,4.63741600885,419.248821028,1000,31492.5101371,30956.1199165,536.390220584,0,0,0,optimal
development,hourly_seed_10044,47d3256b73bc5696615512757f83244ae600052a1e2c054a31ed856e6bc03a1b,10044,rigid,True,False,1000,201.000783984,545.217326345,2.71251343173,419.248821028,1000,31492.5101371,15502.9098257,15989.6003113,0,0,0,optimal
development,hourly_seed_10044,47d3256b73bc5696615512757f83244ae600052a1e2c054a31ed856e6bc03a1b,10044,flexible,True,True,1000,201.000783984,936.652018344,4.65994211454,419.248821028,1000,31492.5101371,31435.299215,57.2109220458,630.376206497,568.914526364,0,optimal
development,hourly_seed_10044,47d3256b73bc5696615512757f83244ae600052a1e2c054a31ed856e6bc03a1b,10044,rigid,True,True,1000,201.000783984,643.718603812,3.20256762712,419.248821028,1000,31492.5101371,12849.8861346,18642.6240025,594.189110689,536.255672397,0,optimal
development,hourly_seed_10045,382a067faa74876a80fc0356b03a720cdc37ad13a126a91b847722719739ae0f,10045,flexible,False,False,1000,201.000783984,930.207643646,4.62788067394,689.818388567,1000,0,0,0,0,0,0,optimal
development,hourly_seed_10045,382a067faa74876a80fc0356b03a720cdc37ad13a126a91b847722719739ae0f,10045,rigid,False,False,1000,201.000783984,694.06617561,3.45305208195,689.818388567,1000,0,0,0,0,0,0,optimal
development,hourly_seed_10045,382a067faa74876a80fc0356b03a720cdc37ad13a126a91b847722719739ae0f,10045,flexible,False,True,1000,201.000783984,931.606748655,4.63484136823,689.818388567,1000,0,0,0,210.526315789,190,0,optimal
development,hourly_seed_10045,382a067faa74876a80fc0356b03a720cdc37ad13a126a91b847722719739ae0f,10045,rigid,False,True,1000,201.000783984,738.702698675,3.67512346984,689.818388567,1000,0,0,0,555.944521564,501.739930711,0,optimal
development,hourly_seed_10045,382a067faa74876a80fc0356b03a720cdc37ad13a126a91b847722719739ae0f,10045,flexible,True,False,1000,201.000783984,1070.34359079,5.32507172148,689.818388567,1000,24469.7885023,21484.0560052,2985.73249712,0,0,0,optimal
development,hourly_seed_10045,382a067faa74876a80fc0356b03a720cdc37ad13a126a91b847722719739ae0f,10045,rigid,True,False,1000,201.000783984,748.687207482,3.72479744926,689.818388567,1000,24469.7885023,3665.66211812,20804.1263842,0,0,0,optimal
development,hourly_seed_10045,382a067faa74876a80fc0356b03a720cdc37ad13a126a91b847722719739ae0f,10045,flexible,True,True,1000,201.000783984,1075.99494297,5.35318779181,689.818388567,1000,24469.7885023,21861.8100415,2607.9784608,754.128045958,680.600561477,0,optimal
development,hourly_seed_10045,382a067faa74876a80fc0356b03a720cdc37ad13a126a91b847722719739ae0f,10045,rigid,True,True,1000,201.000783984,833.685124655,4.14767100969,689.818388567,1000,24469.7885023,6194.61541273,18275.1730896,611.572901294,551.944543417,0,optimal
development,hourly_seed_10046,9ce790100159ca5dcbc65f0f2ba7aa75652117b8349bae31ac6ba3e9ebb58a80,10046,flexible,False,False,1000,201.000783984,902.334692451,4.48920981583,577.222693212,1000,0,0,0,0,0,0,optimal
development,hourly_seed_10046,9ce790100159ca5dcbc65f0f2ba7aa75652117b8349bae31ac6ba3e9ebb58a80,10046,rigid,False,False,1000,201.000783984,576.947504852,2.87037440062,577.222693212,1000,0,0,0,0,0,0,optimal
development,hourly_seed_10046,9ce790100159ca5dcbc65f0f2ba7aa75652117b8349bae31ac6ba3e9ebb58a80,10046,flexible,False,True,1000,201.000783984,903.760500647,4.49630336128,577.222693212,1000,0,0,0,315.789473684,285,0,optimal
development,hourly_seed_10046,9ce790100159ca5dcbc65f0f2ba7aa75652117b8349bae31ac6ba3e9ebb58a80,10046,rigid,False,True,1000,201.000783984,635.206181435,3.16021743222,577.222693212,1000,0,0,0,445.675311521,402.221968648,0,optimal
development,hourly_seed_10046,9ce790100159ca5dcbc65f0f2ba7aa75652117b8349bae31ac6ba3e9ebb58a80,10046,flexible,True,False,1000,201.000783984,1056.06481363,5.25403330622,577.222693212,1000,28675.5349718,24797.4635338,3878.07143808,0,0,0,optimal
development,hourly_seed_10046,9ce790100159ca5dcbc65f0f2ba7aa75652117b8349bae31ac6ba3e9ebb58a80,10046,rigid,True,False,1000,201.000783984,683.59139441,3.40093894591,577.222693212,1000,28675.5349718,7474.09641114,21201.4385607,0,0,0,optimal
development,hourly_seed_10046,9ce790100159ca5dcbc65f0f2ba7aa75652117b8349bae31ac6ba3e9ebb58a80,10046,flexible,True,True,1000,201.000783984,1062.40744731,5.28558857457,577.222693212,1000,28675.5349718,24233.1316028,4442.40336908,927.190609327,836.789524918,0,optimal
development,hourly_seed_10046,9ce790100159ca5dcbc65f0f2ba7aa75652117b8349bae31ac6ba3e9ebb58a80,10046,rigid,True,True,1000,201.000783984,776.03362145,3.86084872938,577.222693212,1000,28675.5349718,6535.18741122,22140.3475606,558.833889814,504.347585557,0,optimal
development,hourly_seed_10047,acf3e70f7cceb487f0aba2d9344668792163abaf2776d6dc689fd4a8c2398608,10047,flexible,False,False,1000,201.000783984,784.487839587,3.90290935208,453.618953611,1000,0,0,0,0,0,0,optimal
development,hourly_seed_10047,acf3e70f7cceb487f0aba2d9344668792163abaf2776d6dc689fd4a8c2398608,10047,rigid,False,False,1000,201.000783984,455.998689528,2.26864134801,453.618953611,1000,0,0,0,0,0,0,optimal
development,hourly_seed_10047,acf3e70f7cceb487f0aba2d9344668792163abaf2776d6dc689fd4a8c2398608,10047,flexible,False,True,1000,201.000783984,788.772059917,3.92422379795,453.618953611,1000,0,0,0,583.056902241,526.208854272,0,optimal
development,hourly_seed_10047,acf3e70f7cceb487f0aba2d9344668792163abaf2776d6dc689fd4a8c2398608,10047,rigid,False,True,1000,201.000783984,509.901381936,2.53681290107,453.618953611,1000,0,0,0,633.910922678,572.104607717,0,optimal
development,hourly_seed_10047,acf3e70f7cceb487f0aba2d9344668792163abaf2776d6dc689fd4a8c2398608,10047,flexible,True,False,1000,201.000783984,956.080672284,4.75660170738,453.618953611,1000,29252.7785134,28381.1204849,871.658028529,0,0,0,optimal
development,hourly_seed_10047,acf3e70f7cceb487f0aba2d9344668792163abaf2776d6dc689fd4a8c2398608,10047,rigid,True,False,1000,201.000783984,586.797697744,2.91938014426,453.618953611,1000,29252.7785134,9815.38646016,19437.3920533,0,0,0,optimal
development,hourly_seed_10047,acf3e70f7cceb487f0aba2d9344668792163abaf2776d6dc689fd4a8c2398608,10047,flexible,True,True,1000,201.000783984,961.336078407,4.78274790452,453.618953611,1000,29252.7785134,25866.0137172,3386.76479626,761.342716636,687.111801764,0,optimal
development,hourly_seed_10047,acf3e70f7cceb487f0aba2d9344668792163abaf2776d6dc689fd4a8c2398608,10047,rigid,True,True,1000,201.000783984,675.525237835,3.36080897022,453.618953611,1000,29252.7785134,11109.795108,18142.9834055,503.425316312,454.341347972,0,optimal
development,hourly_seed_10048,9af68623631c13509714f4a5db7b618a224021917f406610ea2c7a94d58ee963,10048,flexible,False,False,1000,201.000783984,742.006749513,3.69156146959,419.248821028,1000,0,0,0,0,0,0,optimal
development,hourly_seed_10048,9af68623631c13509714f4a5db7b618a224021917f406610ea2c7a94d58ee963,10048,rigid,False,False,1000,201.000783984,421.512648331,2.09706967294,419.248821028,1000,0,0,0,0,0,0,optimal
development,hourly_seed_10048,9af68623631c13509714f4a5db7b618a224021917f406610ea2c7a94d58ee963,10048,flexible,False,True,1000,201.000783984,751.092015226,3.73676162022,419.248821028,1000,0,0,0,1000.33598715,902.803228406,0,optimal
development,hourly_seed_10048,9af68623631c13509714f4a5db7b618a224021917f406610ea2c7a94d58ee963,10048,rigid,False,True,1000,201.000783984,479.478451423,2.38545562818,419.248821028,1000,0,0,0,566.432127906,511.204995435,0,optimal
development,hourly_seed_10048,9af68623631c13509714f4a5db7b618a224021917f406610ea2c7a94d58ee963,10048,flexible,True,False,1000,201.000783984,937.035769468,4.66185131667,419.248821028,1000,31492.5101371,30993.5709099,498.939227152,0,0,0,optimal
development,hourly_seed_10048,9af68623631c13509714f4a5db7b618a224021917f406610ea2c7a94d58ee963,10048,rigid,True,False,1000,201.000783984,565.605237211,2.81394542847,419.248821028,1000,31492.5101371,18228.6137824,13263.8963547,0,0,0,optimal
development,hourly_seed_10048,9af68623631c13509714f4a5db7b618a224021917f406610ea2c7a94d58ee963,10048,flexible,True,True,1000,201.000783984,941.435777385,4.68374181794,419.248821028,1000,31492.5101371,31420.967315,71.5428220314,614.368082201,554.467194186,0,optimal
development,hourly_seed_10048,9af68623631c13509714f4a5db7b618a224021917f406610ea2c7a94d58ee963,10048,rigid,True,True,1000,201.000783984,667.550362783,3.32113312969,419.248821028,1000,31492.5101371,13540.0925274,17952.4176096,743.973116178,671.435737351,0,optimal
development,hourly_seed_10049,5c368ee494b7123a02ff219a29f0681226f1d56c632fa63b299e669434fabc5b,10049,flexible,False,False,1000,201.000783984,784.096442199,3.90096210899,444.379400281,1000,0,0,0,0,0,0,optimal
development,hourly_seed_10049,5c368ee494b7123a02ff219a29f0681226f1d56c632fa63b299e669434fabc5b,10049,rigid,False,False,1000,201.000783984,495.281852341,2.46407920668,444.379400281,1000,0,0,0,0,0,0,optimal
development,hourly_seed_10049,5c368ee494b7123a02ff219a29f0681226f1d56c632fa63b299e669434fabc5b,10049,flexible,False,True,1000,201.000783984,785.922756644,3.91004821507,444.379400281,1000,0,0,0,356.404334611,321.654911986,0,optimal
development,hourly_seed_10049,5c368ee494b7123a02ff219a29f0681226f1d56c632fa63b299e669434fabc5b,10049,rigid,False,True,1000,201.000783984,567.81680479,2.82494820933,444.379400281,1000,0,0,0,1198.80185067,1081.91867023,0,optimal
development,hourly_seed_10049,5c368ee494b7123a02ff219a29f0681226f1d56c632fa63b299e669434fabc5b,10049,flexible,True,False,1000,201.000783984,953.905559502,4.74578029297,444.379400281,1000,31193.6285647,30034.1399262,1159.48863851,0,0,0,optimal
development,hourly_seed_10049,5c368ee494b7123a02ff219a29f0681226f1d56c632fa63b299e669434fabc5b,10049,rigid,True,False,1000,201.000783984,642.428831446,3.1961508742,444.379400281,1000,31193.6285647,16042.1219001,15151.5066646,0,0,0,optimal
development,hourly_seed_10049,5c368ee494b7123a02ff219a29f0681226f1d56c632fa63b299e669434fabc5b,10049,flexible,True,True,1000,201.000783984,958.453364407,4.76840609976,444.379400281,1000,31193.6285647,27424.2075469,3769.42101778,672.988292371,607.371933865,0,optimal
development,hourly_seed_10049,5c368ee494b7123a02ff219a29f0681226f1d56c632fa63b299e669434fabc5b,10049,rigid,True,True,1000,201.000783984,750.957867494,3.73609422117,444.379400281,1000,31193.6285647,15088.062964,16105.5656008,1116.49101784,1007.6331436,0,optimal
development,hourly_seed_10050,ff0cf7654734b4fd77f7830ed6ad0171dc76234c9d7bf090aba31a3aceea3c50,10050,flexible,False,False,1000,201.000783984,733.613722087,3.64980527711,396.924737649,1000,0,0,0,0,0,0,optimal
development,hourly_seed_10050,ff0cf7654734b4fd77f7830ed6ad0171dc76234c9d7bf090aba31a3aceea3c50,10050,rigid,False,False,1000,201.000783984,396.754782981,1.97389669392,396.924737649,1000,0,0,0,0,0,0,optimal
development,hourly_seed_10050,ff0cf7654734b4fd77f7830ed6ad0171dc76234c9d7bf090aba31a3aceea3c50,10050,flexible,False,True,1000,201.000783984,737.511466616,3.66919696529,396.924737649,1000,0,0,0,488.562540668,440.927692953,0,optimal
development,hourly_seed_10050,ff0cf7654734b4fd77f7830ed6ad0171dc76234c9d7bf090aba31a3aceea3c50,10050,rigid,False,True,1000,201.000783984,450.374020415,2.24065802873,396.924737649,1000,0,0,0,504.155236501,455.000100942,0,optimal
development,hourly_seed_10050,ff0cf7654734b4fd77f7830ed6ad0171dc76234c9d7bf090aba31a3aceea3c50,10050,flexible,True,False,1000,201.000783984,914.86980028,4.55157329313,396.924737649,1000,32074.6678003,31323.038923,751.628877374,0,0,0,optimal
development,hourly_seed_10050,ff0cf7654734b4fd77f7830ed6ad0171dc76234c9d7bf090aba31a3aceea3c50,10050,rigid,True,False,1000,201.000783984,542.279119626,2.69789554487,396.924737649,1000,32074.6678003,11325.2384048,20749.4293956,0,0,0,optimal
development,hourly_seed_10050,ff0cf7654734b4fd77f7830ed6ad0171dc76234c9d7bf090aba31a3aceea3c50,10050,flexible,True,True,1000,201.000783984,920.838262404,4.58126701872,396.924737649,1000,32074.6678003,27975.514332,4099.15346837,805.711259409,727.154411617,0,optimal
development,hourly_seed_10050,ff0cf7654734b4fd77f7830ed6ad0171dc76234c9d7bf090aba31a3aceea3c50,10050,rigid,True,True,1000,201.000783984,640.808608955,3.18809009723,396.924737649,1000,32074.6678003,13127.7837878,18946.8840126,569.418386286,513.900093623,0,optimal
development,hourly_seed_10051,97f526072e37af449e4ea64d0bbd451ce8a1776b29c15cfdfb81fc855e751f97,10051,flexible,False,False,1000,201.000783984,689.081817221,3.42825437574,396.924737649,1000,0,0,0,0,0,0,optimal
development,hourly_seed_10051,97f526072e37af449e4ea64d0bbd451ce8a1776b29c15cfdfb81fc855e751f97,10051,rigid,False,False,1000,201.000783984,403.396004496,2.0069374681,396.924737649,1000,0,0,0,0,0,0,optimal
development,hourly_seed_10051,97f526072e37af449e4ea64d0bbd451ce8a1776b29c15cfdfb81fc855e751f97,10051,flexible,False,True,1000,201.000783984,704.268536326,3.50380989749,396.924737649,1000,0,0,0,1451.70680055,1310.1653875,0,optimal
development,hourly_seed_10051,97f526072e37af449e4ea64d0bbd451ce8a1776b29c15cfdfb81fc855e751f97,10051,rigid,False,True,1000,201.000783984,466.445476659,2.32061521061,396.924737649,1000,0,0,0,894.677967596,807.446865755,0,optimal
development,hourly_seed_10051,97f526072e37af449e4ea64d0bbd451ce8a1776b29c15cfdfb81fc855e751f97,10051,flexible,True,False,1000,201.000783984,885.960665111,4.40774731098,396.924737649,1000,31886.0785635,30246.6769528,1639.40161073,0,0,0,optimal
development,hourly_seed_10051,97f526072e37af449e4ea64d0bbd451ce8a1776b29c15cfdfb81fc855e751f97,10051,rigid,True,False,1000,201.000783984,575.324186887,2.86229822334,396.924737649,1000,31886.0785635,20058.6166246,11827.4619389,0,0,0,optimal
development,hourly_seed_10051,97f526072e37af449e4ea64d0bbd451ce8a1776b29c15cfdfb81fc855e751f97,10051,flexible,True,True,1000,201.000783984,890.975279149,4.43269554222,396.924737649,1000,31886.0785635,28372.5696483,3513.50891521,671.375394991,605.91629398,0,optimal
development,hourly_seed_10051,97f526072e37af449e4ea64d0bbd451ce8a1776b29c15cfdfb81fc855e751f97,10051,rigid,True,True,1000,201.000783984,673.542516059,3.35094472125,396.924737649,1000,31886.0785635,17470.3970459,14415.6815176,1002.12405821,904.416962535,0,optimal
development,hourly_seed_10052,a333177b75cd41fd0a343a88867d104d0a8a44c3deaa67419b7f851b632cde6c,10052,flexible,False,False,1000,201.000783984,927.189100621,4.61286310552,702.08580654,1000,0,0,0,0,0,0,optimal
development,hourly_seed_10052,a333177b75cd41fd0a343a88867d104d0a8a44c3deaa67419b7f851b632cde6c,10052,rigid,False,False,1000,201.000783984,713.890156292,3.55167846683,702.08580654,1000,0,0,0,0,0,0,optimal
development,hourly_seed_10052,a333177b75cd41fd0a343a88867d104d0a8a44c3deaa67419b7f851b632cde6c,10052,flexible,False,True,1000,201.000783984,928.59801887,4.61987262171,702.08580654,1000,0,0,0,265.149152208,239.297109868,0,optimal
development,hourly_seed_10052,a333177b75cd41fd0a343a88867d104d0a8a44c3deaa67419b7f851b632cde6c,10052,rigid,False,True,1000,201.000783984,743.379511496,3.69839110456,702.08580654,1000,0,0,0,470.625828096,424.739809857,0,optimal
development,hourly_seed_10052,a333177b75cd41fd0a343a88867d104d0a8a44c3deaa67419b7f851b632cde6c,10052,flexible,True,False,1000,201.000783984,1038.83212553,5.16829887396,702.08580654,1000,21546.2347492,17985.0016847,3561.23306453,0,0,0,optimal
development,hourly_seed_10052,a333177b75cd41fd0a343a88867d104d0a8a44c3deaa67419b7f851b632cde6c,10052,rigid,True,False,1000,201.000783984,760.004143754,3.78110039518,702.08580654,1000,21546.2347492,3711.33357425,17834.9011749,0,0,0,optimal
development,hourly_seed_10052,a333177b75cd41fd0a343a88867d104d0a8a44c3deaa67419b7f851b632cde6c,10052,flexible,True,True,1000,201.000783984,1043.27977257,5.19042638486,702.08580654,1000,21546.2347492,16642.88752,4903.34722921,663.261985345,598.593941773,0,optimal
development,hourly_seed_10052,a333177b75cd41fd0a343a88867d104d0a8a44c3deaa67419b7f851b632cde6c,10052,rigid,True,True,1000,201.000783984,848.888394683,4.22330887401,702.08580654,1000,21546.2347492,6831.313886,14714.9208632,1275.88506961,1151.48627533,0,optimal
development,hourly_seed_10053,20fb60833ddd2710084f1b9cc9a48d37deb5f64b787b518f200fb70ee9517b84,10053,flexible,False,False,1000,201.000783984,775.4510423,3.85795033696,435.568138831,1000,0,0,0,0,0,0,optimal
development,hourly_seed_10053,20fb60833ddd2710084f1b9cc9a48d37deb5f64b787b518f200fb70ee9517b84,10053,rigid,False,False,1000,201.000783984,508.76468076,2.5311576934,435.568138831,1000,0,0,0,0,0,0,optimal
development,hourly_seed_10053,20fb60833ddd2710084f1b9cc9a48d37deb5f64b787b518f200fb70ee9517b84,10053,flexible,False,True,1000,201.000783984,778.149002355,3.87137297144,435.568138831,1000,0,0,0,444.818837305,401.449000668,0,optimal
development,hourly_seed_10053,20fb60833ddd2710084f1b9cc9a48d37deb5f64b787b518f200fb70ee9517b84,10053,rigid,False,True,1000,201.000783984,554.771391497,2.76004590878,435.568138831,1000,0,0,0,801.434199364,723.294364926,0,optimal
development,hourly_seed_10053,20fb60833ddd2710084f1b9cc9a48d37deb5f64b787b518f200fb70ee9517b84,10053,flexible,True,False,1000,201.000783984,937.364335786,4.6634859686,435.568138831,1000,29804.4531276,29502.6581329,301.794994673,0,0,0,optimal
development,hourly_seed_10053,20fb60833ddd2710084f1b9cc9a48d37deb5f64b787b518f200fb70ee9517b84,10053,rigid,True,False,1000,201.000783984,601.482417639,2.99243816724,435.568138831,1000,29804.4531276,14239.3718845,15565.081243,0,0,0,optimal
development,hourly_seed_10053,20fb60833ddd2710084f1b9cc9a48d37deb5f64b787b518f200fb70ee9517b84,10053,flexible,True,True,1000,201.000783984,940.658024915,4.67987241776,435.568138831,1000,29804.4531276,25996.0576299,3808.3954977,474.423595781,428.167295192,0,optimal
development,hourly_seed_10053,20fb60833ddd2710084f1b9cc9a48d37deb5f64b787b518f200fb70ee9517b84,10053,rigid,True,True,1000,201.000783984,695.41627806,3.45976898336,435.568138831,1000,29804.4531276,13602.5361642,16201.9169633,815.268513037,735.779833016,0,optimal
development,hourly_seed_10054,58dde3e57b46427de557fb8483145bdd1d53f15467c9cf6e047da8f91fc9ad51,10054,flexible,False,False,1000,201.000783984,922.880170113,4.59142572392,664.819391868,1000,0,0,0,0,0,0,optimal
development,hourly_seed_10054,58dde3e57b46427de557fb8483145bdd1d53f15467c9cf6e047da8f91fc9ad51,10054,rigid,False,False,1000,201.000783984,662.146730214,3.29424949042,664.819391868,1000,0,0,0,0,0,0,optimal
development,hourly_seed_10054,58dde3e57b46427de557fb8483145bdd1d53f15467c9cf6e047da8f91fc9ad51,10054,flexible,False,True,1000,201.000783984,924.267567555,4.59832817184,664.819391868,1000,0,0,0,250.176170233,225.783993635,0,optimal
development,hourly_seed_10054,58dde3e57b46427de557fb8483145bdd1d53f15467c9cf6e047da8f91fc9ad51,10054,rigid,False,True,1000,201.000783984,696.381585701,3.46457149021,664.819391868,1000,0,0,0,621.052631579,560.5,0,optimal
development,hourly_seed_10054,58dde3e57b46427de557fb8483145bdd1d53f15467c9cf6e047da8f91fc9ad51,10054,flexible,True,False,1000,201.000783984,1005.88632625,5.00439006411,664.819391868,1000,18726.1788194,12443.3297253,6282.84909401,0,0,0,optimal
development,hourly_seed_10054,58dde3e57b46427de557fb8483145bdd1d53f15467c9cf6e047da8f91fc9ad51,10054,rigid,True,False,1000,201.000783984,714.271765845,3.55357701441,664.819391868,1000,18726.1788194,1565.75531293,17160.4235064,0,0,0,optimal
development,hourly_seed_10054,58dde3e57b46427de557fb8483145bdd1d53f15467c9cf6e047da8f91fc9ad51,10054,flexible,True,True,1000,201.000783984,1006.85317675,5.00920024683,664.819391868,1000,18726.1788194,12175.3168949,6550.86192448,154.317089891,139.271173626,0,optimal
development,hourly_seed_10054,58dde3e57b46427de557fb8483145bdd1d53f15467c9cf6e047da8f91fc9ad51,10054,rigid,True,True,1000,201.000783984,812.572742052,4.04263469,664.819391868,1000,18726.1788194,5308.78644637,13417.392373,727.645721427,656.700263587,0,optimal
development,hourly_seed_10055,d299693da51b5983a6e4be4608693b7be763cf148a6b03c4d639bc2530b2fa8e,10055,flexible,False,False,1000,201.000783984,658.605947536,3.27663372491,368.263161223,1000,0,0,0,0,0,0,optimal
development,hourly_seed_10055,d299693da51b5983a6e4be4608693b7be763cf148a6b03c4d639bc2530b2fa8e,10055,rigid,False,False,1000,201.000783984,371.474388281,1.84812407653,368.263161223,1000,0,0,0,0,0,0,optimal
development,hourly_seed_10055,d299693da51b5983a6e4be4608693b7be763cf148a6b03c4d639bc2530b2fa8e,10055,flexible,False,True,1000,201.000783984,676.061648186,3.36347766802,368.263161223,1000,0,0,0,1578.94736842,1425,0,optimal
development,hourly_seed_10055,d299693da51b5983a6e4be4608693b7be763cf148a6b03c4d639bc2530b2fa8e,10055,rigid,False,True,1000,201.000783984,414.634198478,2.06284866287,368.263161223,1000,0,0,0,538.563516119,486.053573297,0,optimal
development,hourly_seed_10055,d299693da51b5983a6e4be4608693b7be763cf148a6b03c4d639bc2530b2fa8e,10055,flexible,True,False,1000,201.000783984,864.805107255,4.30249618988,368.263161223,1000,33053.8838488,32582.5168434,471.367005477,0,0,0,optimal
development,hourly_seed_10055,d299693da51b5983a6e4be4608693b7be763cf148a6b03c4d639bc2530b2fa8e,10055,rigid,True,False,1000,201.000783984,490.850984405,2.44203517357,368.263161223,1000,33053.8838488,15024.9418367,18028.9420121,0,0,0,optimal
development,hourly_seed_10055,d299693da51b5983a6e4be4608693b7be763cf148a6b03c4d639bc2530b2fa8e,10055,flexible,True,True,1000,201.000783984,870.84697397,4.33255511103,368.263161223,1000,33053.8838488,31484.4379488,1569.4459,772.707598052,697.368607242,0,optimal
development,hourly_seed_10055,d299693da51b5983a6e4be4608693b7be763cf148a6b03c4d639bc2530b2fa8e,10055,rigid,True,True,1000,201.000783984,591.790925579,2.94422197689,368.263161223,1000,33053.8838488,19618.7643395,13435.1195094,583.438289778,526.553056524,0,optimal
development,hourly_seed_10056,2b0ce80618fccabc2d2413d21d5edc77f7c563ebc89fe4e0aaa795f9075ec407,10056,flexible,False,False,1000,201.000783984,887.183760014,4.41383233652,555.253822628,1000,0,0,0,0,0,0,optimal
development,hourly_seed_10056,2b0ce80618fccabc2d2413d21d5edc77f7c563ebc89fe4e0aaa795f9075ec407,10056,rigid,False,False,1000,201.000783984,574.302157339,2.85721351905,555.253822628,1000,0,0,0,0,0,0,optimal
development,hourly_seed_10056,2b0ce80618fccabc2d2413d21d5edc77f7c563ebc89fe4e0aaa795f9075ec407,10056,flexible,False,True,1000,201.000783984,888.589751513,4.42082729182,555.253822628,1000,0,0,0,210.526315789,190,0,optimal
development,hourly_seed_10056,2b0ce80618fccabc2d2413d21d5edc77f7c563ebc89fe4e0aaa795f9075ec407,10056,rigid,False,True,1000,201.000783984,643.067416318,3.19932790097,555.253822628,1000,0,0,0,550.671347955,496.98089153,0,optimal
development,hourly_seed_10056,2b0ce80618fccabc2d2413d21d5edc77f7c563ebc89fe4e0aaa795f9075ec407,10056,flexible,True,False,1000,201.000783984,983.694342678,4.89398261629,555.253822628,1000,21771.2315913,15879.5862874,5891.64530389,0,0,0,optimal
development,hourly_seed_10056,2b0ce80618fccabc2d2413d21d5edc77f7c563ebc89fe4e0aaa795f9075ec407,10056,rigid,True,False,1000,201.000783984,586.658495174,2.91868759686,555.253822628,1000,21771.2315913,597.452730615,21173.7788607,0,0,0,optimal
development,hourly_seed_10056,2b0ce80618fccabc2d2413d21d5edc77f7c563ebc89fe4e0aaa795f9075ec407,10056,flexible,True,True,1000,201.000783984,991.379878803,4.93221896528,555.253822628,1000,21771.2315913,15935.2733674,5835.95822397,989.880004681,893.366704224,0,optimal
development,hourly_seed_10056,2b0ce80618fccabc2d2413d21d5edc77f7c563ebc89fe4e0aaa795f9075ec407,10056,rigid,True,True,1000,201.000783984,676.850264337,3.36740111616,555.253822628,1000,21771.2315913,1786.37071642,19984.8608749,688.369968938,621.253896967,0,optimal
development,hourly_seed_10057,d16c0464a1badd1711170e505d17ea365bfa76776ac0fe711fc2e50b73ebb949,10057,flexible,False,False,1000,201.000783984,860.014939392,4.27866460193,564.495408943,1000,0,0,0,0,0,0,optimal
development,hourly_seed_10057,d16c0464a1badd1711170e505d17ea365bfa76776ac0fe711fc2e50b73ebb949,10057,rigid,False,False,1000,201.000783984,559.946492775,2.78579258088,564.495408943,1000,0,0,0,0,0,0,optimal
development,hourly_seed_10057,d16c0464a1badd1711170e505d17ea365bfa76776ac0fe711fc2e50b73ebb949,10057,flexible,False,True,1000,201.000783984,861.473666087,4.28592192036,564.495408943,1000,0,0,0,210.526315789,190,0,optimal
development,hourly_seed_10057,d16c0464a1badd1711170e505d17ea365bfa76776ac0fe711fc2e50b73ebb949,10057,rigid,False,True,1000,201.000783984,659.14065519,3.27929395162,564.495408943,1000,0,0,0,543.75435579,490.7383061,0,optimal
development,hourly_seed_10057,d16c0464a1badd1711170e505d17ea365bfa76776ac0fe711fc2e50b73ebb949,10057,flexible,True,False,1000,201.000783984,935.142055474,4.65242989076,564.495408943,1000,17293.1189629,12205.9809663,5087.13799661,0,0,0,optimal
development,hourly_seed_10057,d16c0464a1badd1711170e505d17ea365bfa76776ac0fe711fc2e50b73ebb949,10057,rigid,True,False,1000,201.000783984,622.149088283,3.09525702314,564.495408943,1000,17293.1189629,413.964572373,16879.1543905,0,0,0,optimal
development,hourly_seed_10057,d16c0464a1badd1711170e505d17ea365bfa76776ac0fe711fc2e50b73ebb949,10057,flexible,True,True,1000,201.000783984,939.966653278,4.67643277129,564.495408943,1000,17293.1189629,11689.2734441,5603.84551881,640.50976122,578.060059501,0,optimal
development,hourly_seed_10057,d16c0464a1badd1711170e505d17ea365bfa76776ac0fe711fc2e50b73ebb949,10057,rigid,True,True,1000,201.000783984,699.680476756,3.48098381951,564.495408943,1000,17293.1189629,4403.41793571,12889.7010272,349.770205622,315.667610574,0,optimal
development,hourly_seed_10058,c3dd02ba87ed280d107dfe900b8c8c3c9888ea730d2e43ec0b998b5a880cbcbc,10058,flexible,False,False,1000,201.000783984,868.35805386,4.32017247221,527.821593131,1000,0,0,0,0,0,0,optimal
development,hourly_seed_10058,c3dd02ba87ed280d107dfe900b8c8c3c9888ea730d2e43ec0b998b5a880cbcbc,10058,rigid,False,False,1000,201.000783984,549.886360991,2.73574236922,527.821593131,1000,0,0,0,0,0,0,optimal
development,hourly_seed_10058,c3dd02ba87ed280d107dfe900b8c8c3c9888ea730d2e43ec0b998b5a880cbcbc,10058,flexible,False,True,1000,201.000783984,869.765933143,4.32717681943,527.821593131,1000,0,0,0,210.526315789,190,0,optimal
development,hourly_seed_10058,c3dd02ba87ed280d107dfe900b8c8c3c9888ea730d2e43ec0b998b5a880cbcbc,10058,rigid,False,True,1000,201.000783984,603.937776015,3.00465383291,527.821593131,1000,0,0,0,563.653687544,508.697453008,0,optimal
development,hourly_seed_10058,c3dd02ba87ed280d107dfe900b8c8c3c9888ea730d2e43ec0b998b5a880cbcbc,10058,flexible,True,False,1000,201.000783984,1035.01244422,5.1492955585,527.821593131,1000,31801.4880015,27206.2046461,4595.28335538,0,0,0,optimal
development,hourly_seed_10058,c3dd02ba87ed280d107dfe900b8c8c3c9888ea730d2e43ec0b998b5a880cbcbc,10058,rigid,True,False,1000,201.000783984,645.968164331,3.21375942684,527.821593131,1000,31801.4880015,6015.69309652,25785.7949049,0,0,0,optimal
development,hourly_seed_10058,c3dd02ba87ed280d107dfe900b8c8c3c9888ea730d2e43ec0b998b5a880cbcbc,10058,flexible,True,True,1000,201.000783984,1039.43494306,5.17129795445,527.821593131,1000,31801.4880015,26849.4288687,4952.05913278,612.521043096,552.800241394,0,optimal
development,hourly_seed_10058,c3dd02ba87ed280d107dfe900b8c8c3c9888ea730d2e43ec0b998b5a880cbcbc,10058,rigid,True,True,1000,201.000783984,745.617449527,3.70952508118,527.821593131,1000,31801.4880015,7622.86853217,24178.6194693,437.922533965,395.225086904,0,optimal
development,hourly_seed_10059,392b721cc11bcc01378baefd818d1cfe4a175533e3b5c92214d975946ef61a5b,10059,flexible,False,False,1000,201.000783984,936.457967724,4.65897669234,577.222693212,1000,0,0,0,0,0,0,optimal
development,hourly_seed_10059,392b721cc11bcc01378baefd818d1cfe4a175533e3b5c92214d975946ef61a5b,10059,rigid,False,False,1000,201.000783984,673.694012131,3.35169843011,577.222693212,1000,0,0,0,0,0,0,optimal
development,hourly_seed_10059,392b721cc11bcc01378baefd818d1cfe4a175533e3b5c92214d975946ef61a5b,10059,flexible,False,True,1000,201.000783984,937.877775145,4.6660403833,577.222693212,1000,0,0,0,315.789473684,285,0,optimal
development,hourly_seed_10059,392b721cc11bcc01378baefd818d1cfe4a175533e3b5c92214d975946ef61a5b,10059,rigid,False,True,1000,201.000783984,737.766866377,3.67046760592,577.222693212,1000,0,0,0,892.297620806,805.298602778,0,optimal
development,hourly_seed_10059,392b721cc11bcc01378baefd818d1cfe4a175533e3b5c92214d975946ef61a5b,10059,flexible,True,False,1000,201.000783984,1089.04871978,5.41813170176,577.222693212,1000,27980.3550298,25943.285571,2037.06945875,0,0,0,optimal
development,hourly_seed_10059,392b721cc11bcc01378baefd818d1cfe4a175533e3b5c92214d975946ef61a5b,10059,rigid,True,False,1000,201.000783984,770.84487763,3.8350341842,577.222693212,1000,27980.3550298,4316.4607127,23663.8943171,0,0,0,optimal
development,hourly_seed_10059,392b721cc11bcc01378baefd818d1cfe4a175533e3b5c92214d975946ef61a5b,10059,flexible,True,True,1000,201.000783984,1093.1128343,5.43835109811,577.222693212,1000,27980.3550298,24090.4711407,3889.8838891,575.313246856,519.220205287,0,optimal
development,hourly_seed_10059,392b721cc11bcc01378baefd818d1cfe4a175533e3b5c92214d975946ef61a5b,10059,rigid,True,True,1000,201.000783984,871.788079142,4.33723720805,577.222693212,1000,27980.3550298,9448.91986696,18531.4351628,765.392683814,690.766897142,0,optimal
development,hourly_seed_10060,a112408b8c19fc67cc67cb2fa5e0ec230dad6dc4c4db8f7b55760b7891c54d5d,10060,flexible,False,False,1000,201.000783984,735.534667778,3.65936218356,413.602977422,1000,0,0,0,0,0,0,optimal
development,hourly_seed_10060,a112408b8c19fc67cc67cb2fa5e0ec230dad6dc4c4db8f7b55760b7891c54d5d,10060,rigid,False,False,1000,201.000783984,414.159208311,2.06048553693,413.602977422,1000,0,0,0,0,0,0,optimal
development,hourly_seed_10060,a112408b8c19fc67cc67cb2fa5e0ec230dad6dc4c4db8f7b55760b7891c54d5d,10060,flexible,False,True,1000,201.000783984,746.817849683,3.71549719797,413.602977422,1000,0,0,0,1145.13967098,1033.48855306,0,optimal
development,hourly_seed_10060,a112408b8c19fc67cc67cb2fa5e0ec230dad6dc4c4db8f7b55760b7891c54d5d,10060,rigid,False,True,1000,201.000783984,476.488038905,2.37057801199,413.602977422,1000,0,0,0,467.911312023,422.289959101,0,optimal
development,hourly_seed_10060,a112408b8c19fc67cc67cb2fa5e0ec230dad6dc4c4db8f7b55760b7891c54d5d,10060,flexible,True,False,1000,201.000783984,930.356929768,4.62862338807,413.602977422,1000,33465.4020674,31566.7619594,1898.64010796,0,0,0,optimal
development,hourly_seed_10060,a112408b8c19fc67cc67cb2fa5e0ec230dad6dc4c4db8f7b55760b7891c54d5d,10060,rigid,True,False,1000,201.000783984,567.076246441,2.82126385381,413.602977422,1000,33465.4020674,14636.848131,18828.5539364,0,0,0,optimal
development,hourly_seed_10060,a112408b8c19fc67cc67cb2fa5e0ec230dad6dc4c4db8f7b55760b7891c54d5d,10060,flexible,True,True,1000,201.000783984,935.077349046,4.65210796949,413.602977422,1000,33465.4020674,29268.5079609,4196.89410651,660.893851252,596.456700755,0,optimal
development,hourly_seed_10060,a112408b8c19fc67cc67cb2fa5e0ec230dad6dc4c4db8f7b55760b7891c54d5d,10060,rigid,True,True,1000,201.000783984,651.429969121,3.24093247901,413.602977422,1000,33465.4020674,12667.8204443,20797.5816231,572.808669373,516.959824109,0,optimal
development,hourly_seed_10061,90cf3d5025db50bcaf94812a7a9b1d02710f832f692a00e93d5fab3477bf03b0,10061,flexible,False,False,1000,201.000783984,931.636664156,4.63499020098,666.977988534,1000,0,0,0,0,0,0,optimal
development,hourly_seed_10061,90cf3d5025db50bcaf94812a7a9b1d02710f832f692a00e93d5fab3477bf03b0,10061,rigid,False,False,1000,201.000783984,690.056414551,3.43310309976,666.977988534,1000,0,0,0,0,0,0,optimal
development,hourly_seed_10061,90cf3d5025db50bcaf94812a7a9b1d02710f832f692a00e93d5fab3477bf03b0,10061,flexible,False,True,1000,201.000783984,933.027005239,4.64190729382,666.977988534,1000,0,0,0,210.526315789,190,0,optimal
development,hourly_seed_10061,90cf3d5025db50bcaf94812a7a9b1d02710f832f692a00e93d5fab3477bf03b0,10061,rigid,False,True,1000,201.000783984,747.861301908,3.72068848233,666.977988534,1000,0,0,0,805.253350191,726.741148547,0,optimal
development,hourly_seed_10061,90cf3d5025db50bcaf94812a7a9b1d02710f832f692a00e93d5fab3477bf03b0,10061,flexible,True,False,1000,201.000783984,1094.75316605,5.44651192075,666.977988534,1000,30144.4447982,24748.9365253,5395.50827293,0,0,0,optimal
development,hourly_seed_10061,90cf3d5025db50bcaf94812a7a9b1d02710f832f692a00e93d5fab3477bf03b0,10061,rigid,True,False,1000,201.000783984,753.84724306,3.75046916792,666.977988534,1000,30144.4447982,2714.29285358,27430.1519446,0,0,0,optimal
development,hourly_seed_10061,90cf3d5025db50bcaf94812a7a9b1d02710f832f692a00e93d5fab3477bf03b0,10061,flexible,True,True,1000,201.000783984,1104.19419316,5.49348202169,666.977988534,1000,30144.4447982,25348.8580442,4795.58675397,1151.31364359,1039.06056334,0,optimal
development,hourly_seed_10061,90cf3d5025db50bcaf94812a7a9b1d02710f832f692a00e93d5fab3477bf03b0,10061,rigid,True,True,1000,201.000783984,853.186696007,4.24469337431,666.977988534,1000,30144.4447982,7663.11391969,22481.3308785,637.473513622,575.319846044,0,optimal
development,hourly_seed_10062,2eef5caa76dd427000fb7f0297e380aed06b6eb2e721e7139cf85eb979dc8b08,10062,flexible,False,False,1000,201.000783984,941.202564717,4.68258156044,649.140613287,1000,0,0,0,0,0,0,optimal
development,hourly_seed_10062,2eef5caa76dd427000fb7f0297e380aed06b6eb2e721e7139cf85eb979dc8b08,10062,rigid,False,False,1000,201.000783984,653.329174652,3.2503812259,649.140613287,1000,0,0,0,0,0,0,optimal
development,hourly_seed_10062,2eef5caa76dd427000fb7f0297e380aed06b6eb2e721e7139cf85eb979dc8b08,10062,flexible,False,True,1000,201.000783984,942.583507004,4.68945189328,649.140613287,1000,0,0,0,305.263157895,275.5,0,optimal
development,hourly_seed_10062,2eef5caa76dd427000fb7f0297e380aed06b6eb2e721e7139cf85eb979dc8b08,10062,rigid,False,True,1000,201.000783984,708.182008967,3.52327983469,649.140613287,1000,0,0,0,426.06526232,384.523899244,0,optimal
development,hourly_seed_10062,2eef5caa76dd427000fb7f0297e380aed06b6eb2e721e7139cf85eb979dc8b08,10062,flexible,True,False,1000,201.000783984,1075.33198604,5.34988951152,649.140613287,1000,26566.0122774,20421.9933031,6144.01897425,0,0,0,optimal
development,hourly_seed_10062,2eef5caa76dd427000fb7f0297e380aed06b6eb2e721e7139cf85eb979dc8b08,10062,rigid,True,False,1000,201.000783984,725.163089751,3.60776249414,649.140613287,1000,26566.0122774,3723.2211633,22842.7911141,0,0,0,optimal
development,hourly_seed_10062,2eef5caa76dd427000fb7f0297e380aed06b6eb2e721e7139cf85eb979dc8b08,10062,flexible,True,True,1000,201.000783984,1079.72818129,5.37176104437,649.140613287,1000,26566.0122774,20348.6996371,6217.3126403,597.149103694,538.927066084,0,optimal
development,hourly_seed_10062,2eef5caa76dd427000fb7f0297e380aed06b6eb2e721e7139cf85eb979dc8b08,10062,rigid,True,True,1000,201.000783984,825.053916869,4.10472984491,649.140613287,1000,26566.0122774,5241.94380536,21324.068472,455.085639677,410.714789808,0,optimal
development,hourly_seed_10063,c02668e86b4a178af9d104a0a982c94155c2f13736f242e84c467e28253ff602,10063,flexible,False,False,1000,201.000783984,522.403814639,2.59901381619,243.137114256,1000,0,0,0,0,0,0,optimal
development,hourly_seed_10063,c02668e86b4a178af9d104a0a982c94155c2f13736f242e84c467e28253ff602,10063,rigid,False,False,1000,201.000783984,260.121931659,1.29413391582,243.137114256,1000,0,0,0,0,0,0,optimal
development,hourly_seed_10063,c02668e86b4a178af9d104a0a982c94155c2f13736f242e84c467e28253ff602,10063,flexible,False,True,1000,201.000783984,631.969269706,3.14411345657,243.137114256,1000,0,0,0,526.315789474,475,0,optimal
development,hourly_seed_10063,c02668e86b4a178af9d104a0a982c94155c2f13736f242e84c467e28253ff602,10063,rigid,False,True,1000,201.000783984,334.106009102,1.66221246743,243.137114256,1000,0,0,0,421.052631579,380,0,optimal
development,hourly_seed_10063,c02668e86b4a178af9d104a0a982c94155c2f13736f242e84c467e28253ff602,10063,flexible,True,False,1000,201.000783984,542.928525335,2.70112640644,243.137114256,1000,21881.5940301,13286.3884102,8595.20561991,0,0,0,optimal
development,hourly_seed_10063,c02668e86b4a178af9d104a0a982c94155c2f13736f242e84c467e28253ff602,10063,rigid,True,False,1000,201.000783984,282.18758942,1.40391287948,243.137114256,1000,21881.5940301,2470.18072973,19411.4133004,0,0,0,optimal
development,hourly_seed_10063,c02668e86b4a178af9d104a0a982c94155c2f13736f242e84c467e28253ff602,10063,flexible,True,True,1000,201.000783984,719.970316376,3.5819279015,243.137114256,1000,21881.5940301,11395.9866224,10485.6074077,1130.31505072,1020.10933328,0,optimal
development,hourly_seed_10063,c02668e86b4a178af9d104a0a982c94155c2f13736f242e84c467e28253ff602,10063,rigid,True,True,1000,201.000783984,362.956967076,1.80574901193,243.137114256,1000,21881.5940301,5426.87731577,16454.7167143,421.052631579,380,0,optimal
development,hourly_seed_10064,e23dda2b16352e5ae6ca1cd860eac7c09f70a31e2a853b01a1d5a99e88dfa598,10064,flexible,False,False,1000,201.000783984,671.093206347,3.33875914832,351.608988325,1000,0,0,0,0,0,0,optimal
development,hourly_seed_10064,e23dda2b16352e5ae6ca1cd860eac7c09f70a31e2a853b01a1d5a99e88dfa598,10064,rigid,False,False,1000,201.000783984,352.840412902,1.75541809294,351.608988325,1000,0,0,0,0,0,0,optimal
development,hourly_seed_10064,e23dda2b16352e5ae6ca1cd860eac7c09f70a31e2a853b01a1d5a99e88dfa598,10064,flexible,False,True,1000,201.000783984,688.234350792,3.4240381413,351.608988325,1000,0,0,0,1578.94736842,1425,0,optimal
development,hourly_seed_10064,e23dda2b16352e5ae6ca1cd860eac7c09f70a31e2a853b01a1d5a99e88dfa598,10064,rigid,False,True,1000,201.000783984,424.4540638,2.11170352367,351.608988325,1000,0,0,0,703.892757907,635.263214011,0,optimal
development,hourly_seed_10064,e23dda2b16352e5ae6ca1cd860eac7c09f70a31e2a853b01a1d5a99e88dfa598,10064,flexible,True,False,1000,201.000783984,874.76294143,4.35203746021,351.608988325,1000,32509.2393069,32139.7700497,369.469257234,0,0,0,optimal
development,hourly_seed_10064,e23dda2b16352e5ae6ca1cd860eac7c09f70a31e2a853b01a1d5a99e88dfa598,10064,rigid,True,False,1000,201.000783984,494.267084163,2.45903062847,351.608988325,1000,32509.2393069,13360.3954738,19148.8438331,0,0,0,optimal
development,hourly_seed_10064,e23dda2b16352e5ae6ca1cd860eac7c09f70a31e2a853b01a1d5a99e88dfa598,10064,flexible,True,True,1000,201.000783984,880.719740642,4.38167316159,351.608988325,1000,32509.2393069,30366.5655902,2142.67371669,768.382553362,693.465254409,0,optimal
development,hourly_seed_10064,e23dda2b16352e5ae6ca1cd860eac7c09f70a31e2a853b01a1d5a99e88dfa598,10064,rigid,True,True,1000,201.000783984,601.049804058,2.99028586926,351.608988325,1000,32509.2393069,15495.6532848,17013.5860221,632.164534611,570.528492487,0,optimal
development,hourly_seed_10065,39cb485a8f8d9a03bf0249397659069c84ab50e36b68a62b577fd8b21b3a8362,10065,flexible,False,False,1000,201.000783984,820.98576276,4.08449035117,453.618953611,1000,0,0,0,0,0,0,optimal
development,hourly_seed_10065,39cb485a8f8d9a03bf0249397659069c84ab50e36b68a62b577fd8b21b3a8362,10065,rigid,False,False,1000,201.000783984,481.048465738,2.3932666142,453.618953611,1000,0,0,0,0,0,0,optimal
development,hourly_seed_10065,39cb485a8f8d9a03bf0249397659069c84ab50e36b68a62b577fd8b21b3a8362,10065,flexible,False,True,1000,201.000783984,822.681770304,4.09292816674,453.618953611,1000,0,0,0,392.261776375,354.016253178,0,optimal
development,hourly_seed_10065,39cb485a8f8d9a03bf0249397659069c84ab50e36b68a62b577fd8b21b3a8362,10065,rigid,False,True,1000,201.000783984,536.41588716,2.66872534787,453.618953611,1000,0,0,0,553.507530163,499.540545972,0,optimal
development,hourly_seed_10065,39cb485a8f8d9a03bf0249397659069c84ab50e36b68a62b577fd8b21b3a8362,10065,flexible,True,False,1000,201.000783984,1009.57983147,5.02276564032,453.618953611,1000,34286.210153,31304.6083354,2981.60181761,0,0,0,optimal
development,hourly_seed_10065,39cb485a8f8d9a03bf0249397659069c84ab50e36b68a62b577fd8b21b3a8362,10065,rigid,True,False,1000,201.000783984,585.933153405,2.91507894542,453.618953611,1000,34286.210153,6883.04527057,27403.1648824,0,0,0,optimal
development,hourly_seed_10065,39cb485a8f8d9a03bf0249397659069c84ab50e36b68a62b577fd8b21b3a8362,10065,flexible,True,True,1000,201.000783984,1014.25293708,5.04601483126,453.618953611,1000,34286.210153,29831.1720485,4455.0381045,631.011524111,569.487900511,0,optimal
development,hourly_seed_10065,39cb485a8f8d9a03bf0249397659069c84ab50e36b68a62b577fd8b21b3a8362,10065,rigid,True,True,1000,201.000783984,677.814834948,3.3721999562,453.618953611,1000,34286.210153,7787.08236739,26499.1277856,496.745550574,448.312859393,0,optimal
development,hourly_seed_10066,8b3b6631f1fdf653a4e89ac7f749b0dc38c451e752a40dcf301e84455790c3fa,10066,flexible,False,False,1000,201.000783984,805.501502228,4.00745452959,453.618953611,1000,0,0,0,0,0,0,optimal
development,hourly_seed_10066,8b3b6631f1fdf653a4e89ac7f749b0dc38c451e752a40dcf301e84455790c3fa,10066,rigid,False,False,1000,201.000783984,455.152821664,2.26443306659,453.618953611,1000,0,0,0,0,0,0,optimal
development,hourly_seed_10066,8b3b6631f1fdf653a4e89ac7f749b0dc38c451e752a40dcf301e84455790c3fa,10066,flexible,False,True,1000,201.000783984,806.945190343,4.01463702951,453.618953611,1000,0,0,0,315.789473684,285,0,optimal
development,hourly_seed_10066,8b3b6631f1fdf653a4e89ac7f749b0dc38c451e752a40dcf301e84455790c3fa,10066,rigid,False,True,1000,201.000783984,501.527710869,2.4951530085,453.618953611,1000,0,0,0,421.052631579,380,0,optimal
development,hourly_seed_10066,8b3b6631f1fdf653a4e89ac7f749b0dc38c451e752a40dcf301e84455790c3fa,10066,flexible,True,False,1000,201.000783984,968.838551984,4.82007349812,453.618953611,1000,29363.3967032,27360.1956334,2003.2010698,0,0,0,optimal
development,hourly_seed_10066,8b3b6631f1fdf653a4e89ac7f749b0dc38c451e752a40dcf301e84455790c3fa,10066,rigid,True,False,1000,201.000783984,618.993302436,3.07955665728,453.618953611,1000,29363.3967032,11549.1657557,17814.2309475,0,0,0,optimal
development,hourly_seed_10066,8b3b6631f1fdf653a4e89ac7f749b0dc38c451e752a40dcf301e84455790c3fa,10066,flexible,True,True,1000,201.000783984,970.158390481,4.8266398332,453.618953611,1000,29363.3967032,24829.1503182,4534.24638502,195.179704372,176.149683196,0,optimal
development,hourly_seed_10066,8b3b6631f1fdf653a4e89ac7f749b0dc38c451e752a40dcf301e84455790c3fa,10066,rigid,True,True,1000,201.000783984,705.592034302,3.51039443885,453.618953611,1000,29363.3967032,10873.178732,18490.2179711,770.69832261,695.555236156,0,optimal
development,hourly_seed_10067,b486c9d2ede8744b9a4da4f9e1908fabf9cec70c4dd1d6e4ec0759509a4968ff,10067,flexible,False,False,1000,201.000783984,945.685040748,4.70488234923,649.140613287,1000,0,0,0,0,0,0,optimal
development,hourly_seed_10067,b486c9d2ede8744b9a4da4f9e1908fabf9cec70c4dd1d6e4ec0759509a4968ff,10067,rigid,False,False,1000,201.000783984,684.142713404,3.40368181578,649.140613287,1000,0,0,0,0,0,0,optimal
development,hourly_seed_10067,b486c9d2ede8744b9a4da4f9e1908fabf9cec70c4dd1d6e4ec0759509a4968ff,10067,flexible,False,True,1000,201.000783984,947.081058032,4.71182768177,649.140613287,1000,0,0,0,234.767454307,211.877627512,0,optimal
development,hourly_seed_10067,b486c9d2ede8744b9a4da4f9e1908fabf9cec70c4dd1d6e4ec0759509a4968ff,10067,rigid,False,True,1000,201.000783984,762.236107522,3.79220464922,649.140613287,1000,0,0,0,889.834434144,803.075576815,0,optimal
development,hourly_seed_10067,b486c9d2ede8744b9a4da4f9e1908fabf9cec70c4dd1d6e4ec0759509a4968ff,10067,flexible,True,False,1000,201.000783984,1079.25655238,5.36941464101,649.140613287,1000,26566.0122774,20689.9750759,5876.03720153,0,0,0,optimal
development,hourly_seed_10067,b486c9d2ede8744b9a4da4f9e1908fabf9cec70c4dd1d6e4ec0759509a4968ff,10067,rigid,True,False,1000,201.000783984,771.931494248,3.84044021594,649.140613287,1000,26566.0122774,5302.23990908,21263.7723683,0,0,0,optimal
development,hourly_seed_10067,b486c9d2ede8744b9a4da4f9e1908fabf9cec70c4dd1d6e4ec0759509a4968ff,10067,flexible,True,True,1000,201.000783984,1082.12088986,5.38366502067,649.140613287,1000,26566.0122774,20453.0576659,6112.95461151,411.539591079,371.414480949,0,optimal
development,hourly_seed_10067,b486c9d2ede8744b9a4da4f9e1908fabf9cec70c4dd1d6e4ec0759509a4968ff,10067,rigid,True,True,1000,201.000783984,877.829730869,4.3672950596,649.140613287,1000,26566.0122774,8175.81539219,18390.1968852,628.38851123,567.120631385,0,optimal
development,hourly_seed_10068,15ffac060632ed79cdf8e806935d3e5efe7f58f2f98128812906f47f83d8719a,10068,flexible,False,False,1000,201.000783984,886.425809111,4.41006145121,546.007237343,1000,0,0,0,0,0,0,optimal
development,hourly_seed_10068,15ffac060632ed79cdf8e806935d3e5efe7f58f2f98128812906f47f83d8719a,10068,rigid,False,False,1000,201.000783984,597.38506996,2.97205343243,546.007237343,1000,0,0,0,0,0,0,optimal
development,hourly_seed_10068,15ffac060632ed79cdf8e806935d3e5efe7f58f2f98128812906f47f83d8719a,10068,flexible,False,True,1000,201.000783984,887.855159509,4.41717261948,546.007237343,1000,0,0,0,315.789473684,285,0,optimal
development,hourly_seed_10068,15ffac060632ed79cdf8e806935d3e5efe7f58f2f98128812906f47f83d8719a,10068,rigid,False,True,1000,201.000783984,649.451830535,3.2310910319,546.007237343,1000,0,0,0,524.126729182,473.024373087,0,optimal
development,hourly_seed_10068,15ffac060632ed79cdf8e806935d3e5efe7f58f2f98128812906f47f83d8719a,10068,flexible,True,False,1000,201.000783984,1033.11789619,5.13986998314,546.007237343,1000,28543.4317269,22571.7161203,5971.71560661,0,0,0,optimal
development,hourly_seed_10068,15ffac060632ed79cdf8e806935d3e5efe7f58f2f98128812906f47f83d8719a,10068,rigid,True,False,1000,201.000783984,677.626341574,3.37126218188,546.007237343,1000,28543.4317269,7802.62787883,20740.803848,0,0,0,optimal
development,hourly_seed_10068,15ffac060632ed79cdf8e806935d3e5efe7f58f2f98128812906f47f83d8719a,10068,flexible,True,True,1000,201.000783984,1037.8164301,5.16324568259,546.007237343,1000,28543.4317269,21901.574609,6641.85711784,691.45914508,624.041878435,0,optimal
development,hourly_seed_10068,15ffac060632ed79cdf8e806935d3e5efe7f58f2f98128812906f47f83d8719a,10068,rigid,True,True,1000,201.000783984,778.011741938,3.87069008646,546.007237343,1000,28543.4317269,7380.94350907,21162.4882178,806.394791265,727.771299117,0,optimal
development,hourly_seed_10069,484a60f05f9afd9684752c377f10b38418c78d5179bf2fc077e04afae0ba9d1b,10069,flexible,False,False,1000,201.000783984,664.779967756,3.30735012361,351.608988325,1000,0,0,0,0,0,0,optimal
development,hourly_seed_10069,484a60f05f9afd9684752c377f10b38418c78d5179bf2fc077e04afae0ba9d1b,10069,rigid,False,False,1000,201.000783984,361.474112297,1.79837165374,351.608988325,1000,0,0,0,0,0,0,optimal
development,hourly_seed_10069,484a60f05f9afd9684752c377f10b38418c78d5179bf2fc077e04afae0ba9d1b,10069,flexible,False,True,1000,201.000783984,681.077393497,3.38843152747,351.608988325,1000,0,0,0,1492.52783144,1347.00636788,0,optimal
development,hourly_seed_10069,484a60f05f9afd9684752c377f10b38418c78d5179bf2fc077e04afae0ba9d1b,10069,rigid,False,True,1000,201.000783984,424.944710662,2.11414454332,351.608988325,1000,0,0,0,570.485218386,514.862909594,0,optimal
development,hourly_seed_10069,484a60f05f9afd9684752c377f10b38418c78d5179bf2fc077e04afae0ba9d1b,10069,flexible,True,False,1000,201.000783984,861.617808301,4.28663904301,351.608988325,1000,33103.0750319,32651.0645403,452.010491568,0,0,0,optimal
development,hourly_seed_10069,484a60f05f9afd9684752c377f10b38418c78d5179bf2fc077e04afae0ba9d1b,10069,rigid,True,False,1000,201.000783984,527.623019245,2.62497990698,351.608988325,1000,33103.0750319,17007.8274084,16095.2476235,0,0,0,optimal
development,hourly_seed_10069,484a60f05f9afd9684752c377f10b38418c78d5179bf2fc077e04afae0ba9d1b,10069,flexible,True,True,1000,201.000783984,870.091572881,4.32879691131,351.608988325,1000,33103.0750319,29332.5594854,3770.51554649,1051.14198795,948.655644129,0,optimal
development,hourly_seed_10069,484a60f05f9afd9684752c377f10b38418c78d5179bf2fc077e04afae0ba9d1b,10069,rigid,True,True,1000,201.000783984,616.968593979,3.06948352017,351.608988325,1000,33103.0750319,17740.8581954,15362.2168364,888.87543062,802.210076134,0,optimal
development,hourly_seed_10070,92b18af3d83275c971aa08b508d106c656a436856647429fdf986347fa6beb60,10070,flexible,False,False,1000,201.000783984,913.748965713,4.5459970235,636.5163646,1000,0,0,0,0,0,0,optimal
development,hourly_seed_10070,92b18af3d83275c971aa08b508d106c656a436856647429fdf986347fa6beb60,10070,rigid,False,False,1000,201.000783984,632.950034629,3.14899286502,636.5163646,1000,0,0,0,0,0,0,optimal
development,hourly_seed_10070,92b18af3d83275c971aa08b508d106c656a436856647429fdf986347fa6beb60,10070,flexible,False,True,1000,201.000783984,915.144485968,4.55293988326,636.5163646,1000,0,0,0,210.526315789,190,0,optimal
development,hourly_seed_10070,92b18af3d83275c971aa08b508d106c656a436856647429fdf986347fa6beb60,10070,rigid,False,True,1000,201.000783984,710.781202969,3.53621109769,636.5163646,1000,0,0,0,775.58088334,699.961747214,0,optimal
development,hourly_seed_10070,92b18af3d83275c971aa08b508d106c656a436856647429fdf986347fa6beb60,10070,flexible,True,False,1000,201.000783984,1037.91699192,5.1637459882,636.5163646,1000,24621.4616163,19061.8873686,5559.57424769,0,0,0,optimal
development,hourly_seed_10070,92b18af3d83275c971aa08b508d106c656a436856647429fdf986347fa6beb60,10070,rigid,True,False,1000,201.000783984,657.972150799,3.27348051961,636.5163646,1000,24621.4616163,2055.64998944,22565.8116268,0,0,0,optimal
development,hourly_seed_10070,92b18af3d83275c971aa08b508d106c656a436856647429fdf986347fa6beb60,10070,flexible,True,True,1000,201.000783984,1046.84271269,5.20815238599,636.5163646,1000,24621.4616163,19784.430142,4837.03147429,1090.45737943,984.137784932,0,optimal
development,hourly_seed_10070,92b18af3d83275c971aa08b508d106c656a436856647429fdf986347fa6beb60,10070,rigid,True,True,1000,201.000783984,745.395982386,3.70842325891,636.5163646,1000,24621.4616163,2360.51904564,22260.9425706,622.205956573,561.540875807,0,optimal
development,hourly_seed_10071,d984eb768f1d8289d51c99c3b670adfc3392bf517f5b4406f50add5c44e6fcbd,10071,flexible,False,False,1000,201.000783984,656.830145407,3.26779892291,350.417845578,1000,0,0,0,0,0,0,optimal
development,hourly_seed_10071,d984eb768f1d8289d51c99c3b670adfc3392bf517f5b4406f50add5c44e6fcbd,10071,rigid,False,False,1000,201.000783984,368.70472502,1.83434471106,350.417845578,1000,0,0,0,0,0,0,optimal
development,hourly_seed_10071,d984eb768f1d8289d51c99c3b670adfc3392bf517f5b4406f50add5c44e6fcbd,10071,flexible,False,True,1000,201.000783984,674.665768296,3.35653301904,350.417845578,1000,0,0,0,1578.94736842,1425,0,optimal
development,hourly_seed_10071,d984eb768f1d8289d51c99c3b670adfc3392bf517f5b4406f50add5c44e6fcbd,10071,rigid,False,True,1000,201.000783984,444.131419037,2.20960043157,350.417845578,1000,0,0,0,963.933403982,869.949897094,0,optimal
development,hourly_seed_10071,d984eb768f1d8289d51c99c3b670adfc3392bf517f5b4406f50add5c44e6fcbd,10071,flexible,True,False,1000,201.000783984,874.218392737,4.3493282733,350.417845578,1000,34817.232351,34392.0988541,425.133496837,0,0,0,optimal
development,hourly_seed_10071,d984eb768f1d8289d51c99c3b670adfc3392bf517f5b4406f50add5c44e6fcbd,10071,rigid,True,False,1000,201.000783984,468.103199257,2.32886255456,350.417845578,1000,34817.232351,17093.972584,17723.259767,0,0,0,optimal
development,hourly_seed_10071,d984eb768f1d8289d51c99c3b670adfc3392bf517f5b4406f50add5c44e6fcbd,10071,flexible,True,True,1000,201.000783984,879.596506164,4.37608495216,350.417845578,1000,34817.232351,32260.840915,2556.39143595,695.74225979,627.90738946,0,optimal
development,hourly_seed_10071,d984eb768f1d8289d51c99c3b670adfc3392bf517f5b4406f50add5c44e6fcbd,10071,rigid,True,True,1000,201.000783984,570.77039167,2.83964261411,350.417845578,1000,34817.232351,16263.1610426,18554.0713083,613.730077178,553.891394653,0,optimal
development,hourly_seed_10072,3bf8f82a0ff28c53adf53ec823d4daa518825b3b2a6eb4121e7d045f5d2f2d8c,10072,flexible,False,False,1000,201.000783984,933.35626278,4.64354538465,690.368088756,1000,0,0,0,0,0,0,optimal
development,hourly_seed_10072,3bf8f82a0ff28c53adf53ec823d4daa518825b3b2a6eb4121e7d045f5d2f2d8c,10072,rigid,False,False,1000,201.000783984,732.217873291,3.64286078282,690.368088756,1000,0,0,0,0,0,0,optimal
development,hourly_seed_10072,3bf8f82a0ff28c53adf53ec823d4daa518825b3b2a6eb4121e7d045f5d2f2d8c,10072,flexible,False,True,1000,201.000783984,934.740241011,4.65043082163,690.368088756,1000,0,0,0,210.526315789,190,0,optimal
development,hourly_seed_10072,3bf8f82a0ff28c53adf53ec823d4daa518825b3b2a6eb4121e7d045f5d2f2d8c,10072,rigid,False,True,1000,201.000783984,773.605876169,3.84877044176,690.368088756,1000,0,0,0,1095.84361291,988.998860647,0,optimal
development,hourly_seed_10072,3bf8f82a0ff28c53adf53ec823d4daa518825b3b2a6eb4121e7d045f5d2f2d8c,10072,flexible,True,False,1000,201.000783984,1032.71947968,5.1378878192,690.368088756,1000,22019.924766,16098.0727554,5921.85201055,0,0,0,optimal
development,hourly_seed_10072,3bf8f82a0ff28c53adf53ec823d4daa518825b3b2a6eb4121e7d045f5d2f2d8c,10072,rigid,True,False,1000,201.000783984,765.3926335,3.80790869731,690.368088756,1000,22019.924766,2530.32484454,19489.5999214,0,0,0,optimal
development,hourly_seed_10072,3bf8f82a0ff28c53adf53ec823d4daa518825b3b2a6eb4121e7d045f5d2f2d8c,10072,flexible,True,True,1000,201.000783984,1040.09194325,5.17456659934,690.368088756,1000,22019.924766,16257.44728,5762.47748596,985.332329569,889.262427436,0,optimal
development,hourly_seed_10072,3bf8f82a0ff28c53adf53ec823d4daa518825b3b2a6eb4121e7d045f5d2f2d8c,10072,rigid,True,True,1000,201.000783984,839.266195749,4.17543742424,690.368088756,1000,22019.924766,5041.43532425,16978.4894417,1231.94912633,1111.83408651,0,optimal
development,hourly_seed_10073,397db35637b651bbb3a5b32d153b1c9bb11a02454e453a8b19b4301676eeaf28,10073,flexible,False,False,1000,201.000783984,937.19865335,4.66266168108,666.977988534,1000,0,0,0,0,0,0,optimal
development,hourly_seed_10073,397db35637b651bbb3a5b32d153b1c9bb11a02454e453a8b19b4301676eeaf28,10073,rigid,False,False,1000,201.000783984,673.429438226,3.35038214716,666.977988534,1000,0,0,0,0,0,0,optimal
development,hourly_seed_10073,397db35637b651bbb3a5b32d153b1c9bb11a02454e453a8b19b4301676eeaf28,10073,flexible,False,True,1000,201.000783984,938.59247262,4.66959607827,666.977988534,1000,0,0,0,210.526315789,190,0,optimal
development,hourly_seed_10073,397db35637b651bbb3a5b32d153b1c9bb11a02454e453a8b19b4301676eeaf28,10073,rigid,False,True,1000,201.000783984,751.65879635,3.73958141581,666.977988534,1000,0,0,0,934.656023876,843.527061548,0,optimal
development,hourly_seed_10073,397db35637b651bbb3a5b32d153b1c9bb11a02454e453a8b19b4301676eeaf28,10073,flexible,True,False,1000,201.000783984,1097.1469236,5.45842111584,666.977988534,1000,28628.9025299,25280.9667356,3347.93579425,0,0,0,optimal
development,hourly_seed_10073,397db35637b651bbb3a5b32d153b1c9bb11a02454e453a8b19b4301676eeaf28,10073,rigid,True,False,1000,201.000783984,729.893886923,3.63129870668,666.977988534,1000,28628.9025299,1441.93996487,27186.962565,0,0,0,optimal
development,hourly_seed_10073,397db35637b651bbb3a5b32d153b1c9bb11a02454e453a8b19b4301676eeaf28,10073,flexible,True,True,1000,201.000783984,1105.29526504,5.49895996988,666.977988534,1000,28628.9025299,24870.0653297,3758.83720018,1047.50512489,945.373375212,0,optimal
development,hourly_seed_10073,397db35637b651bbb3a5b32d153b1c9bb11a02454e453a8b19b4301676eeaf28,10073,rigid,True,True,1000,201.000783984,827.347116305,4.11613875282,666.977988534,1000,28628.9025299,5367.18939914,23261.7131307,668.312846552,603.152344013,0,optimal
development,hourly_seed_10074,e8d0dcebfb8ad57fae6b6abffe190d3a9e077c20d13eb60832eead058931c08c,10074,flexible,False,False,1000,201.000783984,726.725823608,3.61553725913,394.091836323,1000,0,0,0,0,0,0,optimal
development,hourly_seed_10074,e8d0dcebfb8ad57fae6b6abffe190d3a9e077c20d13eb60832eead058931c08c,10074,rigid,False,False,1000,201.000783984,424.993150764,2.11438553791,394.091836323,1000,0,0,0,0,0,0,optimal
development,hourly_seed_10074,e8d0dcebfb8ad57fae6b6abffe190d3a9e077c20d13eb60832eead058931c08c,10074,flexible,False,True,1000,201.000783984,735.782297839,3.66059416911,394.091836323,1000,0,0,0,999.177193142,901.757416811,0,optimal
development,hourly_seed_10074,e8d0dcebfb8ad57fae6b6abffe190d3a9e077c20d13eb60832eead058931c08c,10074,rigid,False,True,1000,201.000783984,486.382718115,2.41980507973,394.091836323,1000,0,0,0,633.809251355,572.012849348,0,optimal
development,hourly_seed_10074,e8d0dcebfb8ad57fae6b6abffe190d3a9e077c20d13eb60832eead058931c08c,10074,flexible,True,False,1000,201.000783984,910.529051403,4.52997761181,394.091836323,1000,32625.911708,32362.9830009,262.928707029,0,0,0,optimal
development,hourly_seed_10074,e8d0dcebfb8ad57fae6b6abffe190d3a9e077c20d13eb60832eead058931c08c,10074,rigid,True,False,1000,201.000783984,571.06268428,2.84109680052,394.091836323,1000,32625.911708,19144.4975558,13481.4141522,0,0,0,optimal
development,hourly_seed_10074,e8d0dcebfb8ad57fae6b6abffe190d3a9e077c20d13eb60832eead058931c08c,10074,flexible,True,True,1000,201.000783984,915.326173424,4.55384379743,394.091836323,1000,32625.911708,29145.8569928,3480.05471516,840.763450234,758.789013836,0,optimal
development,hourly_seed_10074,e8d0dcebfb8ad57fae6b6abffe190d3a9e077c20d13eb60832eead058931c08c,10074,rigid,True,True,1000,201.000783984,671.330292918,3.3399386789,394.091836323,1000,32625.911708,17089.5718164,15536.3398915,819.093257234,739.231664654,0,optimal
development,hourly_seed_10075,66a83f4048fe46f17af55807b10ee27f0606b254da434f515849211c90bba598,10075,flexible,False,False,1000,201.000783984,950.997148503,4.73131064294,649.140613287,1000,0,0,0,0,0,0,optimal
development,hourly_seed_10075,66a83f4048fe46f17af55807b10ee27f0606b254da434f515849211c90bba598,10075,rigid,False,False,1000,201.000783984,704.33679746,3.50414950379,649.140613287,1000,0,0,0,0,0,0,optimal
development,hourly_seed_10075,66a83f4048fe46f17af55807b10ee27f0606b254da434f515849211c90bba598,10075,flexible,False,True,1000,201.000783984,952.382728134,4.73820404705,649.140613287,1000,0,0,0,210.526315789,190,0,optimal
development,hourly_seed_10075,66a83f4048fe46f17af55807b10ee27f0606b254da434f515849211c90bba598,10075,rigid,False,True,1000,201.000783984,772.125261606,3.84140422889,649.140613287,1000,0,0,0,965.708696825,871.552098885,0,optimal
development,hourly_seed_10075,66a83f4048fe46f17af55807b10ee27f0606b254da434f515849211c90bba598,10075,flexible,True,False,1000,201.000783984,1079.06871485,5.36848012959,649.140613287,1000,25600.8567648,19486.8649306,6113.99183421,0,0,0,optimal
development,hourly_seed_10075,66a83f4048fe46f17af55807b10ee27f0606b254da434f515849211c90bba598,10075,rigid,True,False,1000,201.000783984,813.351285369,4.04650802474,649.140613287,1000,25600.8567648,6142.97943278,19457.877332,0,0,0,optimal
development,hourly_seed_10075,66a83f4048fe46f17af55807b10ee27f0606b254da434f515849211c90bba598,10075,flexible,True,True,1000,201.000783984,1081.71015659,5.38162157952,649.140613287,1000,25600.8567648,19223.3942028,6377.46256203,432.006191554,389.885587877,0,optimal
development,hourly_seed_10075,66a83f4048fe46f17af55807b10ee27f0606b254da434f515849211c90bba598,10075,rigid,True,True,1000,201.000783984,885.749764472,4.40669805817,649.140613287,1000,25600.8567648,8071.15663742,17529.7001274,984.474242454,888.488003815,0,optimal
development,hourly_seed_10076,ddda2859472c337963efc46741cb6f0c5500dbd0e5648a1be0fe8d741183afb8,10076,flexible,False,False,1000,201.000783984,688.803827676,3.42687134857,396.700518861,1000,0,0,0,0,0,0,optimal
development,hourly_seed_10076,ddda2859472c337963efc46741cb6f0c5500dbd0e5648a1be0fe8d741183afb8,10076,rigid,False,False,1000,201.000783984,428.442044848,2.13154414802,396.700518861,1000,0,0,0,0,0,0,optimal
development,hourly_seed_10076,ddda2859472c337963efc46741cb6f0c5500dbd0e5648a1be0fe8d741183afb8,10076,flexible,False,True,1000,201.000783984,704.442871762,3.50467723458,396.700518861,1000,0,0,0,1499.57220397,1353.36391408,0,optimal
development,hourly_seed_10076,ddda2859472c337963efc46741cb6f0c5500dbd0e5648a1be0fe8d741183afb8,10076,rigid,False,True,1000,201.000783984,479.775725924,2.38693460003,396.700518861,1000,0,0,0,1245.28279383,1123.86772143,0,optimal
development,hourly_seed_10076,ddda2859472c337963efc46741cb6f0c5500dbd0e5648a1be0fe8d741183afb8,10076,flexible,True,False,1000,201.000783984,888.294854717,4.4193601493,396.700518861,1000,33219.7742238,32502.5358322,717.238391537,0,0,0,optimal
development,hourly_seed_10076,ddda2859472c337963efc46741cb6f0c5500dbd0e5648a1be0fe8d741183afb8,10076,rigid,True,False,1000,201.000783984,550.779221769,2.74018444531,396.700518861,1000,33219.7742238,17526.0286857,15693.7455381,0,0,0,optimal
development,hourly_seed_10076,ddda2859472c337963efc46741cb6f0c5500dbd0e5648a1be0fe8d741183afb8,10076,flexible,True,True,1000,201.000783984,893.565378805,4.4455815599,396.700518861,1000,33219.7742238,30479.8648842,2739.90933955,750.182166155,677.039404955,0,optimal
development,hourly_seed_10076,ddda2859472c337963efc46741cb6f0c5500dbd0e5648a1be0fe8d741183afb8,10076,rigid,True,True,1000,201.000783984,645.204100079,3.20995812698,396.700518861,1000,33219.7742238,18390.9578443,14828.8163795,698.392835061,630.299533643,0,optimal
development,hourly_seed_10077,f22befb8ab2d8fedc4cbefa2b2fc4843046c575bc7d8347f4ef1075292b7d2d7,10077,flexible,False,False,1000,201.000783984,554.519802899,2.7587942291,258.084533261,1000,0,0,0,0,0,0,optimal
development,hourly_seed_10077,f22befb8ab2d8fedc4cbefa2b2fc4843046c575bc7d8347f4ef1075292b7d2d7,10077,rigid,False,False,1000,201.000783984,452.143762029,2.24946267903,258.084533261,1000,0,0,0,0,0,0,optimal
development,hourly_seed_10077,f22befb8ab2d8fedc4cbefa2b2fc4843046c575bc7d8347f4ef1075292b7d2d7,10077,flexible,False,True,1000,201.000783984,711.828407662,3.54142105097,258.084533261,1000,0,0,0,315.789473684,285,0,optimal
development,hourly_seed_10077,f22befb8ab2d8fedc4cbefa2b2fc4843046c575bc7d8347f4ef1075292b7d2d7,10077,rigid,False,True,1000,201.000783984,537.876551085,2.67599230423,258.084533261,1000,0,0,0,702.583973378,634.082035974,0,optimal
development,hourly_seed_10077,f22befb8ab2d8fedc4cbefa2b2fc4843046c575bc7d8347f4ef1075292b7d2d7,10077,flexible,True,False,1000,201.000783984,589.637210452,2.93350701806,258.084533261,1000,20649.8456628,13562.1426954,7087.70296738,0,0,0,optimal
development,hourly_seed_10077,f22befb8ab2d8fedc4cbefa2b2fc4843046c575bc7d8347f4ef1075292b7d2d7,10077,rigid,True,False,1000,201.000783984,461.490519089,2.29596377657,258.084533261,1000,20649.8456628,1009.96715644,19639.8785064,0,0,0,optimal
development,hourly_seed_10077,f22befb8ab2d8fedc4cbefa2b2fc4843046c575bc7d8347f4ef1075292b7d2d7,10077,flexible,True,True,1000,201.000783984,771.603212443,3.8388069795,258.084533261,1000,20649.8456628,8954.92405537,11694.9216074,315.789473684,285,0,optimal
development,hourly_seed_10077,f22befb8ab2d8fedc4cbefa2b2fc4843046c575bc7d8347f4ef1075292b7d2d7,10077,rigid,True,True,1000,201.000783984,561.178539055,2.79192214046,258.084533261,1000,20649.8456628,4889.6493877,15760.1962751,544.485112312,491.397813862,0,optimal
development,hourly_seed_10078,6c8b817d6cb549e22dd6900ca28a9cc65c89ef6c3f0ae0c93f265de7c1d6c7c3,10078,flexible,False,False,1000,201.000783984,653.986675509,3.25365236168,368.263161223,1000,0,0,0,0,0,0,optimal
development,hourly_seed_10078,6c8b817d6cb549e22dd6900ca28a9cc65c89ef6c3f0ae0c93f265de7c1d6c7c3,10078,rigid,False,False,1000,201.000783984,369.713974983,1.83936583557,368.263161223,1000,0,0,0,0,0,0,optimal
development,hourly_seed_10078,6c8b817d6cb549e22dd6900ca28a9cc65c89ef6c3f0ae0c93f265de7c1d6c7c3,10078,flexible,False,True,1000,201.000783984,671.479149845,3.34067925774,368.263161223,1000,0,0,0,1578.94736842,1425,0,optimal
development,hourly_seed_10078,6c8b817d6cb549e22dd6900ca28a9cc65c89ef6c3f0ae0c93f265de7c1d6c7c3,10078,rigid,False,True,1000,201.000783984,417.597146337,2.0775896395,368.263161223,1000,0,0,0,541.776959609,488.953706047,0,optimal
development,hourly_seed_10078,6c8b817d6cb549e22dd6900ca28a9cc65c89ef6c3f0ae0c93f265de7c1d6c7c3,10078,flexible,True,False,1000,201.000783984,861.351773051,4.28531548971,368.263161223,1000,33316.5778093,32768.377596,548.200213325,0,0,0,optimal
development,hourly_seed_10078,6c8b817d6cb549e22dd6900ca28a9cc65c89ef6c3f0ae0c93f265de7c1d6c7c3,10078,rigid,True,False,1000,201.000783984,496.820159175,2.47173244466,368.263161223,1000,33316.5778093,16666.4864892,16650.0913201,0,0,0,optimal
development,hourly_seed_10078,6c8b817d6cb549e22dd6900ca28a9cc65c89ef6c3f0ae0c93f265de7c1d6c7c3,10078,flexible,True,True,1000,201.000783984,866.48980599,4.31087774294,368.263161223,1000,33316.5778093,29609.6668804,3706.9109289,736.842105263,665,0,optimal
development,hourly_seed_10078,6c8b817d6cb549e22dd6900ca28a9cc65c89ef6c3f0ae0c93f265de7c1d6c7c3,10078,rigid,True,True,1000,201.000783984,563.358286196,2.8027666113,368.263161223,1000,33316.5778093,19188.7326248,14127.8451845,454.643335161,410.315609983,0,optimal
development,hourly_seed_10079,0332b100cdcefef45e02ec9f4897817189de23962dec1a28855d229e7ee69a94,10079,flexible,False,False,1000,201.000783984,897.268983398,4.46400738153,617.553341171,1000,0,0,0,0,0,0,optimal
development,hourly_seed_10079,0332b100cdcefef45e02ec9f4897817189de23962dec1a28855d229e7ee69a94,10079,rigid,False,False,1000,201.000783984,616.39750454,3.06664229026,617.553341171,1000,0,0,0,0,0,0,optimal
development,hourly_seed_10079,0332b100cdcefef45e02ec9f4897817189de23962dec1a28855d229e7ee69a94,10079,flexible,False,True,1000,201.000783984,898.574252745,4.47050123355,617.553341171,1000,0,0,0,210.526315789,190,0,optimal
development,hourly_seed_10079,0332b100cdcefef45e02ec9f4897817189de23962dec1a28855d229e7ee69a94,10079,rigid,False,True,1000,201.000783984,700.615659562,3.48563645213,617.553341171,1000,0,0,0,1121.59736553,1012.24162239,0,optimal
development,hourly_seed_10079,0332b100cdcefef45e02ec9f4897817189de23962dec1a28855d229e7ee69a94,10079,flexible,True,False,1000,201.000783984,1009.70016066,5.02336429068,617.553341171,1000,26118.8875702,17451.1168339,8667.77073635,0,0,0,optimal
development,hourly_seed_10079,0332b100cdcefef45e02ec9f4897817189de23962dec1a28855d229e7ee69a94,10079,rigid,True,False,1000,201.000783984,646.451134122,3.21616225225,617.553341171,1000,26118.8875702,447.413686774,25671.4738835,0,0,0,optimal
development,hourly_seed_10079,0332b100cdcefef45e02ec9f4897817189de23962dec1a28855d229e7ee69a94,10079,flexible,True,True,1000,201.000783984,1018.14780088,5.06539218754,617.553341171,1000,26118.8875702,18443.738755,7675.1488152,1171.4009687,1057.18937426,0,optimal
development,hourly_seed_10079,0332b100cdcefef45e02ec9f4897817189de23962dec1a28855d229e7ee69a94,10079,rigid,True,True,1000,201.000783984,735.540126289,3.65938934023,617.553341171,1000,26118.8875702,2109.34556575,24009.5420045,1025.07746414,925.132411385,0,optimal
development,hourly_seed_10080,c223b179057e314699b179bca7e53ef7e6bbd021530b9cd391e1d59f5304c198,10080,flexible,False,False,1000,201.000783984,870.724488982,4.33194573535,549.31770859,1000,0,0,0,0,0,0,optimal
development,hourly_seed_10080,c223b179057e314699b179bca7e53ef7e6bbd021530b9cd391e1d59f5304c198,10080,rigid,False,False,1000,201.000783984,542.710772709,2.70004306427,549.31770859,1000,0,0,0,0,0,0,optimal
development,hourly_seed_10080,c223b179057e314699b179bca7e53ef7e6bbd021530b9cd391e1d59f5304c198,10080,flexible,False,True,1000,201.000783984,872.009353379,4.33833807061,549.31770859,1000,0,0,0,210.526315789,190,0,optimal
development,hourly_seed_10080,c223b179057e314699b179bca7e53ef7e6bbd021530b9cd391e1d59f5304c198,10080,rigid,False,True,1000,201.000783984,625.647621788,3.11266259458,549.31770859,1000,0,0,0,719.883653825,649.694997577,0,optimal
development,hourly_seed_10080,c223b179057e314699b179bca7e53ef7e6bbd021530b9cd391e1d59f5304c198,10080,flexible,True,False,1000,201.000783984,968.521148884,4.81849438439,549.31770859,1000,21661.5457177,16037.5421501,5624.00356756,0,0,0,optimal
development,hourly_seed_10080,c223b179057e314699b179bca7e53ef7e6bbd021530b9cd391e1d59f5304c198,10080,rigid,True,False,1000,201.000783984,554.467162911,2.75853233963,549.31770859,1000,21661.5457177,175.203804291,21486.3419134,0,0,0,optimal
development,hourly_seed_10080,c223b179057e314699b179bca7e53ef7e6bbd021530b9cd391e1d59f5304c198,10080,flexible,True,True,1000,201.000783984,975.292823273,4.85218417531,549.31770859,1000,21661.5457177,16224.7263708,5436.81934687,917.631381275,828.1623216,0,optimal
development,hourly_seed_10080,c223b179057e314699b179bca7e53ef7e6bbd021530b9cd391e1d59f5304c198,10080,rigid,True,True,1000,201.000783984,653.264409791,3.25005901391,549.31770859,1000,21661.5457177,2077.84907908,19583.6966386,539.103132807,486.540577359,0,optimal
development,hourly_seed_10081,7195f87db48f5c760f4452d493af32b383aed78c9172b156d2f7582f759a372a,10081,flexible,False,False,1000,201.000783984,808.634359765,4.02304082471,453.618953611,1000,0,0,0,0,0,0,optimal
development,hourly_seed_10081,7195f87db48f5c760f4452d493af32b383aed78c9172b156d2f7582f759a372a,10081,rigid,False,False,1000,201.000783984,477.284946113,2.374542709,453.618953611,1000,0,0,0,0,0,0,optimal
development,hourly_seed_10081,7195f87db48f5c760f4452d493af32b383aed78c9172b156d2f7582f759a372a,10081,flexible,False,True,1000,201.000783984,810.339261942,4.031522892,453.618953611,1000,0,0,0,360.488896346,325.341228952,0,optimal
development,hourly_seed_10081,7195f87db48f5c760f4452d493af32b383aed78c9172b156d2f7582f759a372a,10081,rigid,False,True,1000,201.000783984,541.859530048,2.69580804267,453.618953611,1000,0,0,0,817.461680183,737.759166365,0,optimal
development,hourly_seed_10081,7195f87db48f5c760f4452d493af32b383aed78c9172b156d2f7582f759a372a,10081,flexible,True,False,1000,201.000783984,998.717918985,4.96872648548,453.618953611,1000,32940.3006586,32139.4021922,800.898466396,0,0,0,optimal
development,hourly_seed_10081,7195f87db48f5c760f4452d493af32b383aed78c9172b156d2f7582f759a372a,10081,rigid,True,False,1000,201.000783984,632.547720972,3.14699131234,453.618953611,1000,32940.3006586,8820.93570184,24119.3649567,0,0,0,optimal
development,hourly_seed_10081,7195f87db48f5c760f4452d493af32b383aed78c9172b156d2f7582f759a372a,10081,flexible,True,True,1000,201.000783984,1003.6178398,4.99310410592,453.618953611,1000,32940.3006586,31812.0383799,1128.26227871,798.284737487,720.451975582,0,optimal
development,hourly_seed_10081,7195f87db48f5c760f4452d493af32b383aed78c9172b156d2f7582f759a372a,10081,rigid,True,True,1000,201.000783984,721.259010299,3.58833928905,453.618953611,1000,32940.3006586,10525.4066885,22414.8939701,888.572984825,801.937118805,0,optimal
development,hourly_seed_10082,c770e2dfa37b5a34d75617412ab4c6dba492767cee02cb625832b486dd0d1e58,10082,flexible,False,False,1000,201.000783984,855.738012243,4.2573864404,477.450868828,1000,0,0,0,0,0,0,optimal
development,hourly_seed_10082,c770e2dfa37b5a34d75617412ab4c6dba492767cee02cb625832b486dd0d1e58,10082,rigid,False,False,1000,201.000783984,528.000834234,2.62685957621,477.450868828,1000,0,0,0,0,0,0,optimal
development,hourly_seed_10082,c770e2dfa37b5a34d75617412ab4c6dba492767cee02cb625832b486dd0d1e58,10082,flexible,False,True,1000,201.000783984,857.154905305,4.26443563212,477.450868828,1000,0,0,0,315.789473684,285,0,optimal
development,hourly_seed_10082,c770e2dfa37b5a34d75617412ab4c6dba492767cee02cb625832b486dd0d1e58,10082,rigid,False,True,1000,201.000783984,579.72984857,2.88421685269,477.450868828,1000,0,0,0,679.352083732,613.115255568,0,optimal
development,hourly_seed_10082,c770e2dfa37b5a34d75617412ab4c6dba492767cee02cb625832b486dd0d1e58,10082,flexible,True,False,1000,201.000783984,1037.52624125,5.16180196257,477.450868828,1000,33250.6564452,29756.5774292,3494.07901593,0,0,0,optimal
development,hourly_seed_10082,c770e2dfa37b5a34d75617412ab4c6dba492767cee02cb625832b486dd0d1e58,10082,rigid,True,False,1000,201.000783984,602.794064725,2.99896374918,477.450868828,1000,33250.6564452,8517.83370561,24732.8227396,0,0,0,optimal
development,hourly_seed_10082,c770e2dfa37b5a34d75617412ab4c6dba492767cee02cb625832b486dd0d1e58,10082,flexible,True,True,1000,201.000783984,1041.45489427,5.18134742379,477.450868828,1000,33250.6564452,29097.766891,4152.88955413,607.784835734,548.52581425,0,optimal
development,hourly_seed_10082,c770e2dfa37b5a34d75617412ab4c6dba492767cee02cb625832b486dd0d1e58,10082,rigid,True,True,1000,201.000783984,703.358045052,3.49928010782,477.450868828,1000,33250.6564452,7214.56431358,26036.0921316,600.02978576,541.526881648,0,optimal
development,hourly_seed_10083,e3c8f2f8a63e13394f5dfb7a165e0db299253fe556491015c639b5d2cbb8b394,10083,flexible,False,False,1000,201.000783984,880.158034027,4.37887861222,549.31770859,1000,0,0,0,0,0,0,optimal
development,hourly_seed_10083,e3c8f2f8a63e13394f5dfb7a165e0db299253fe556491015c639b5d2cbb8b394,10083,rigid,False,False,1000,201.000783984,581.813384395,2.89458266213,549.31770859,1000,0,0,0,0,0,0,optimal
development,hourly_seed_10083,e3c8f2f8a63e13394f5dfb7a165e0db299253fe556491015c639b5d2cbb8b394,10083,flexible,False,True,1000,201.000783984,881.478588392,4.38544850881,549.31770859,1000,0,0,0,210.526315789,190,0,optimal
development,hourly_seed_10083,e3c8f2f8a63e13394f5dfb7a165e0db299253fe556491015c639b5d2cbb8b394,10083,rigid,False,True,1000,201.000783984,653.367378386,3.25057129348,549.31770859,1000,0,0,0,653.288688583,589.593041446,0,optimal
development,hourly_seed_10083,e3c8f2f8a63e13394f5dfb7a165e0db299253fe556491015c639b5d2cbb8b394,10083,flexible,True,False,1000,201.000783984,976.535892283,4.85836857413,549.31770859,1000,22813.524842,15285.5749099,7527.94993205,0,0,0,optimal
development,hourly_seed_10083,e3c8f2f8a63e13394f5dfb7a165e0db299253fe556491015c639b5d2cbb8b394,10083,rigid,True,False,1000,201.000783984,591.12038777,2.94088598091,549.31770859,1000,22813.524842,279.907493539,22533.6173484,0,0,0,optimal
development,hourly_seed_10083,e3c8f2f8a63e13394f5dfb7a165e0db299253fe556491015c639b5d2cbb8b394,10083,flexible,True,True,1000,201.000783984,983.100923303,4.8910302926,549.31770859,1000,22813.524842,15890.7827043,6922.74213767,902.843995021,814.816705507,0,optimal
development,hourly_seed_10083,e3c8f2f8a63e13394f5dfb7a165e0db299253fe556491015c639b5d2cbb8b394,10083,rigid,True,True,1000,201.000783984,688.77321606,3.42671905257,549.31770859,1000,22813.524842,2154.5523897,20658.9724523,725.18554038,654.479950193,0,optimal
development,hourly_seed_10084,ee5700ab5d4b9d87d2c299e552559c89aa275f05e1087dd844a0095fc4f44b8f,10084,flexible,False,False,1000,201.000783984,761.781248716,3.78994167892,378.764603002,1000,0,0,0,0,0,0,optimal
development,hourly_seed_10084,ee5700ab5d4b9d87d2c299e552559c89aa275f05e1087dd844a0095fc4f44b8f,10084,rigid,False,False,1000,201.000783984,430.22298577,2.14040451606,378.764603002,1000,0,0,0,0,0,0,optimal
development,hourly_seed_10084,ee5700ab5d4b9d87d2c299e552559c89aa275f05e1087dd844a0095fc4f44b8f,10084,flexible,False,True,1000,201.000783984,763.62394381,3.79910928044,378.764603002,1000,0,0,0,345.525197648,311.836490878,0,optimal
development,hourly_seed_10084,ee5700ab5d4b9d87d2c299e552559c89aa275f05e1087dd844a0095fc4f44b8f,10084,rigid,False,True,1000,201.000783984,502.97476395,2.50235224948,378.764603002,1000,0,0,0,499.877338415,451.13929792,0,optimal
development,hourly_seed_10084,ee5700ab5d4b9d87d2c299e552559c89aa275f05e1087dd844a0095fc4f44b8f,10084,flexible,True,False,1000,201.000783984,924.749217385,4.6007244303,378.764603002,1000,30176.5745766,28686.607444,1489.96713266,0,0,0,optimal
development,hourly_seed_10084,ee5700ab5d4b9d87d2c299e552559c89aa275f05e1087dd844a0095fc4f44b8f,10084,rigid,True,False,1000,201.000783984,572.319901924,2.84735159028,378.764603002,1000,30176.5745766,15867.262268,14309.3123086,0,0,0,optimal
development,hourly_seed_10084,ee5700ab5d4b9d87d2c299e552559c89aa275f05e1087dd844a0095fc4f44b8f,10084,flexible,True,True,1000,201.000783984,928.136458753,4.61757631168,378.764603002,1000,30176.5745766,27738.0301981,2438.54437852,524.195107811,473.0860848,0,optimal
development,hourly_seed_10084,ee5700ab5d4b9d87d2c299e552559c89aa275f05e1087dd844a0095fc4f44b8f,10084,rigid,True,True,1000,201.000783984,677.434978636,3.37031013118,378.764603002,1000,30176.5745766,15317.4380765,14859.1365001,605.64846921,546.597743462,0,optimal
development,hourly_seed_10085,cfed7994431742bd700383b7b751ac631a114750d47e06f82aa08e2175552ddc,10085,flexible,False,False,1000,201.000783984,911.587196781,4.53524199614,636.5163646,1000,0,0,0,0,0,0,optimal
development,hourly_seed_10085,cfed7994431742bd700383b7b751ac631a114750d47e06f82aa08e2175552ddc,10085,rigid,False,False,1000,201.000783984,645.722828489,3.21253885527,636.5163646,1000,0,0,0,0,0,0,optimal
development,hourly_seed_10085,cfed7994431742bd700383b7b751ac631a114750d47e06f82aa08e2175552ddc,10085,flexible,False,True,1000,201.000783984,912.99758726,4.54225883682,636.5163646,1000,0,0,0,315.789473684,285,0,optimal
development,hourly_seed_10085,cfed7994431742bd700383b7b751ac631a114750d47e06f82aa08e2175552ddc,10085,rigid,False,True,1000,201.000783984,730.525648273,3.63444178571,636.5163646,1000,0,0,0,649.018851846,585.739513791,0,optimal
development,hourly_seed_10085,cfed7994431742bd700383b7b751ac631a114750d47e06f82aa08e2175552ddc,10085,flexible,True,False,1000,201.000783984,1036.42615378,5.15632891192,636.5163646,1000,24621.4616163,18960.7019397,5660.75967661,0,0,0,optimal
development,hourly_seed_10085,cfed7994431742bd700383b7b751ac631a114750d47e06f82aa08e2175552ddc,10085,rigid,True,False,1000,201.000783984,690.615301007,3.43588361855,636.5163646,1000,24621.4616163,1553.89393098,23067.5676853,0,0,0,optimal
development,hourly_seed_10085,cfed7994431742bd700383b7b751ac631a114750d47e06f82aa08e2175552ddc,10085,flexible,True,True,1000,201.000783984,1046.43867167,5.2061422395,636.5163646,1000,24621.4616163,19646.5255341,4974.93608221,1201.48869558,1084.34354776,0,optimal
development,hourly_seed_10085,cfed7994431742bd700383b7b751ac631a114750d47e06f82aa08e2175552ddc,10085,rigid,True,True,1000,201.000783984,790.584530172,3.93324102773,636.5163646,1000,24621.4616163,3411.89236874,21209.5692475,698.485580669,630.383236554,0,optimal
development,hourly_seed_10086,39eea3bc5d6a646e911b8a0fcf18ccd2438999fd1da7f12cf20886c9dcf2ccef,10086,flexible,False,False,1000,201.000783984,930.555190408,4.62960975556,730.074630251,1000,0,0,0,0,0,0,optimal
development,hourly_seed_10086,39eea3bc5d6a646e911b8a0fcf18ccd2438999fd1da7f12cf20886c9dcf2ccef,10086,rigid,False,False,1000,201.000783984,735.279974736,3.65809505895,730.074630251,1000,0,0,0,0,0,0,optimal
development,hourly_seed_10086,39eea3bc5d6a646e911b8a0fcf18ccd2438999fd1da7f12cf20886c9dcf2ccef,10086,flexible,False,True,1000,201.000783984,931.962857649,4.63661304786,730.074630251,1000,0,0,0,234.837146837,211.940525021,0,optimal
development,hourly_seed_10086,39eea3bc5d6a646e911b8a0fcf18ccd2438999fd1da7f12cf20886c9dcf2ccef,10086,rigid,False,True,1000,201.000783984,767.938668571,3.82057548906,730.074630251,1000,0,0,0,957.405858739,864.058787512,0,optimal
development,hourly_seed_10086,39eea3bc5d6a646e911b8a0fcf18ccd2438999fd1da7f12cf20886c9dcf2ccef,10086,flexible,True,False,1000,201.000783984,1023.7965935,5.0934955238,730.074630251,1000,20345.810671,14422.5740055,5923.23666546,0,0,0,optimal
development,hourly_seed_10086,39eea3bc5d6a646e911b8a0fcf18ccd2438999fd1da7f12cf20886c9dcf2ccef,10086,rigid,True,False,1000,201.000783984,742.193822041,3.69249217505,730.074630251,1000,20345.810671,1815.63680017,18530.1738708,0,0,0,optimal
development,hourly_seed_10086,39eea3bc5d6a646e911b8a0fcf18ccd2438999fd1da7f12cf20886c9dcf2ccef,10086,flexible,True,True,1000,201.000783984,1027.96427787,5.114230191,730.074630251,1000,20345.810671,14290.9229309,6054.88774012,627.950588295,566.725405936,0,optimal
development,hourly_seed_10086,39eea3bc5d6a646e911b8a0fcf18ccd2438999fd1da7f12cf20886c9dcf2ccef,10086,rigid,True,True,1000,201.000783984,822.805034682,4.09354141995,730.074630251,1000,20345.810671,4421.84399775,15923.9666733,913.993752467,824.879361602,0,optimal
development,hourly_seed_10087,40c2224fe4dbd824429400393fc39c14ed05fab2b200038049b40ddfa3b501ce,10087,flexible,False,False,1000,201.000783984,932.592447096,4.63974532144,666.977988534,1000,0,0,0,0,0,0,optimal
development,hourly_seed_10087,40c2224fe4dbd824429400393fc39c14ed05fab2b200038049b40ddfa3b501ce,10087,rigid,False,False,1000,201.000783984,696.461722238,3.4649701779,666.977988534,1000,0,0,0,0,0,0,optimal
development,hourly_seed_10087,40c2224fe4dbd824429400393fc39c14ed05fab2b200038049b40ddfa3b501ce,10087,flexible,False,True,1000,201.000783984,934.015755871,4.64682643201,666.977988534,1000,0,0,0,239.914696991,216.523014034,0,optimal
development,hourly_seed_10087,40c2224fe4dbd824429400393fc39c14ed05fab2b200038049b40ddfa3b501ce,10087,rigid,False,True,1000,201.000783984,759.93642016,3.78076346319,666.977988534,1000,0,0,0,1106.08080018,998.237922163,0,optimal
development,hourly_seed_10087,40c2224fe4dbd824429400393fc39c14ed05fab2b200038049b40ddfa3b501ce,10087,flexible,True,False,1000,201.000783984,1091.17515331,5.42871093177,666.977988534,1000,28628.9025299,24855.6076469,3773.29488296,0,0,0,optimal
development,hourly_seed_10087,40c2224fe4dbd824429400393fc39c14ed05fab2b200038049b40ddfa3b501ce,10087,rigid,True,False,1000,201.000783984,744.16828668,3.7023153439,666.977988534,1000,28628.9025299,1666.80698123,26962.0955486,0,0,0,optimal
development,hourly_seed_10087,40c2224fe4dbd824429400393fc39c14ed05fab2b200038049b40ddfa3b501ce,10087,flexible,True,True,1000,201.000783984,1100.09380641,5.47308216716,666.977988534,1000,28628.9025299,24573.2871687,4055.61536118,1119.51872676,1010.3656509,0,optimal
development,hourly_seed_10087,40c2224fe4dbd824429400393fc39c14ed05fab2b200038049b40ddfa3b501ce,10087,rigid,True,True,1000,201.000783984,839.835672536,4.17827063104,666.977988534,1000,28628.9025299,6038.1118921,22590.7906378,719.636558783,649.471994301,0,optimal
development,hourly_seed_10088,6d15aa63ab952bfbef26177b31bc2944e6069cd7994f11337447cdbaee49eb3c,10088,flexible,False,False,1000,201.000783984,766.205570432,3.81195314389,413.602977422,1000,0,0,0,0,0,0,optimal
development,hourly_seed_10088,6d15aa63ab952bfbef26177b31bc2944e6069cd7994f11337447cdbaee49eb3c,10088,rigid,False,False,1000,201.000783984,446.938662971,2.22356676482,413.602977422,1000,0,0,0,0,0,0,optimal
development,hourly_seed_10088,6d15aa63ab952bfbef26177b31bc2944e6069cd7994f11337447cdbaee49eb3c,10088,flexible,False,True,1000,201.000783984,770.155449782,3.83160420828,413.602977422,1000,0,0,0,634.934885766,573.028734404,0,optimal
development,hourly_seed_10088,6d15aa63ab952bfbef26177b31bc2944e6069cd7994f11337447cdbaee49eb3c,10088,rigid,False,True,1000,201.000783984,494.4613902,2.4599973214,413.602977422,1000,0,0,0,460.909769057,415.971066574,0,optimal
development,hourly_seed_10088,6d15aa63ab952bfbef26177b31bc2944e6069cd7994f11337447cdbaee49eb3c,10088,flexible,True,False,1000,201.000783984,930.34612323,4.62856962441,413.602977422,1000,30542.1277139,29170.5750102,1371.55270366,0,0,0,optimal
development,hourly_seed_10088,6d15aa63ab952bfbef26177b31bc2944e6069cd7994f11337447cdbaee49eb3c,10088,rigid,True,False,1000,201.000783984,544.199549201,2.7074498836,413.602977422,1000,30542.1277139,11511.5232183,19030.6044956,0,0,0,optimal
development,hourly_seed_10088,6d15aa63ab952bfbef26177b31bc2944e6069cd7994f11337447cdbaee49eb3c,10088,flexible,True,True,1000,201.000783984,934.333077601,4.64840514092,413.602977422,1000,30542.1277139,26390.6006197,4151.52709418,587.464251548,530.186487022,0,optimal
development,hourly_seed_10088,6d15aa63ab952bfbef26177b31bc2944e6069cd7994f11337447cdbaee49eb3c,10088,rigid,True,True,1000,201.000783984,644.701059248,3.20745544604,413.602977422,1000,30542.1277139,12501.9018906,18040.2258233,635.872287828,573.874739765,0,optimal
development,hourly_seed_10089,d160a522913ac3c6f87d66c26c7e116ce076622d6e6e1dc7272d4b9823d56177,10089,flexible,False,False,1000,201.000783984,889.960075501,4.4276447975,555.253822628,1000,0,0,0,0,0,0,optimal
development,hourly_seed_10089,d160a522913ac3c6f87d66c26c7e116ce076622d6e6e1dc7272d4b9823d56177,10089,rigid,False,False,1000,201.000783984,586.751156369,2.91914859604,555.253822628,1000,0,0,0,0,0,0,optimal
development,hourly_seed_10089,d160a522913ac3c6f87d66c26c7e116ce076622d6e6e1dc7272d4b9823d56177,10089,flexible,False,True,1000,201.000783984,891.315331701,4.43438733936,555.253822628,1000,0,0,0,210.526315789,190,0,optimal
development,hourly_seed_10089,d160a522913ac3c6f87d66c26c7e116ce076622d6e6e1dc7272d4b9823d56177,10089,rigid,False,True,1000,201.000783984,656.558974857,3.26644982096,555.253822628,1000,0,0,0,671.437116584,605.971997717,0,optimal
development,hourly_seed_10089,d160a522913ac3c6f87d66c26c7e116ce076622d6e6e1dc7272d4b9823d56177,10089,flexible,True,False,1000,201.000783984,986.177136544,4.9063347764,555.253822628,1000,21771.2315913,16067.517178,5703.71441334,0,0,0,optimal
development,hourly_seed_10089,d160a522913ac3c6f87d66c26c7e116ce076622d6e6e1dc7272d4b9823d56177,10089,rigid,True,False,1000,201.000783984,596.13714703,2.96584488485,555.253822628,1000,21771.2315913,433.582850049,21337.6487413,0,0,0,optimal
development,hourly_seed_10089,d160a522913ac3c6f87d66c26c7e116ce076622d6e6e1dc7272d4b9823d56177,10089,flexible,True,True,1000,201.000783984,993.333480022,4.94193833642,555.253822628,1000,21771.2315913,16201.4368206,5569.79477072,953.649964237,860.669092724,0,optimal
development,hourly_seed_10089,d160a522913ac3c6f87d66c26c7e116ce076622d6e6e1dc7272d4b9823d56177,10089,rigid,True,True,1000,201.000783984,691.930462705,3.44242668606,555.253822628,1000,21771.2315913,1926.92304625,19844.3085451,622.192385872,561.52862825,0,optimal
development,hourly_seed_10090,167c66c0e249dd07f3f72e157696ac4bc54109b84b11dd2826d34f7911bdd8de,10090,flexible,False,False,1000,201.000783984,798.134929912,3.97080505903,453.618953611,1000,0,0,0,0,0,0,optimal
development,hourly_seed_10090,167c66c0e249dd07f3f72e157696ac4bc54109b84b11dd2826d34f7911bdd8de,10090,rigid,False,False,1000,201.000783984,453.78962238,2.25765100705,453.618953611,1000,0,0,0,0,0,0,optimal
development,hourly_seed_10090,167c66c0e249dd07f3f72e157696ac4bc54109b84b11dd2826d34f7911bdd8de,10090,flexible,False,True,1000,201.000783984,799.787486806,3.97902670305,453.618953611,1000,0,0,0,291.674080301,263.235857472,0,optimal
development,hourly_seed_10090,167c66c0e249dd07f3f72e157696ac4bc54109b84b11dd2826d34f7911bdd8de,10090,rigid,False,True,1000,201.000783984,506.671742974,2.52074510821,453.618953611,1000,0,0,0,421.052631579,380,0,optimal
development,hourly_seed_10090,167c66c0e249dd07f3f72e157696ac4bc54109b84b11dd2826d34f7911bdd8de,10090,flexible,True,False,1000,201.000783984,963.739845351,4.7947068974,453.618953611,1000,29363.3967032,27145.5590148,2217.83768839,0,0,0,optimal
development,hourly_seed_10090,167c66c0e249dd07f3f72e157696ac4bc54109b84b11dd2826d34f7911bdd8de,10090,rigid,True,False,1000,201.000783984,611.233323476,3.04094994736,453.618953611,1000,29363.3967032,11603.0601464,17760.3365568,0,0,0,optimal
development,hourly_seed_10090,167c66c0e249dd07f3f72e157696ac4bc54109b84b11dd2826d34f7911bdd8de,10090,flexible,True,True,1000,201.000783984,965.59423157,4.8039326635,453.618953611,1000,29363.3967032,24494.7571619,4868.63954123,226.190664496,204.137074707,0,optimal
development,hourly_seed_10090,167c66c0e249dd07f3f72e157696ac4bc54109b84b11dd2826d34f7911bdd8de,10090,rigid,True,True,1000,201.000783984,714.887277168,3.55663924786,453.618953611,1000,29363.3967032,10796.6277305,18566.7689726,710.258672302,641.008451752,0,optimal
development,hourly_seed_10091,1ae36cd89013466fc10a91096f009e4250836a4301376410f841638be00d77e4,10091,flexible,False,False,1000,201.000783984,645.597115665,3.21191342078,350.417845578,1000,0,0,0,0,0,0,optimal
development,hourly_seed_10091,1ae36cd89013466fc10a91096f009e4250836a4301376410f841638be00d77e4,10091,rigid,False,False,1000,201.000783984,369.374840787,1.83767860734,350.417845578,1000,0,0,0,0,0,0,optimal
development,hourly_seed_10091,1ae36cd89013466fc10a91096f009e4250836a4301376410f841638be00d77e4,10091,flexible,False,True,1000,201.000783984,663.672841165,3.3018420526,350.417845578,1000,0,0,0,1578.94736842,1425,0,optimal
development,hourly_seed_10091,1ae36cd89013466fc10a91096f009e4250836a4301376410f841638be00d77e4,10091,rigid,False,True,1000,201.000783984,420.551433582,2.09228752867,350.417845578,1000,0,0,0,658.755473414,594.526814756,0,optimal
development,hourly_seed_10091,1ae36cd89013466fc10a91096f009e4250836a4301376410f841638be00d77e4,10091,flexible,True,False,1000,201.000783984,866.826512348,4.31255289241,350.417845578,1000,34302.4287601,33904.9316202,397.497139925,0,0,0,optimal
development,hourly_seed_10091,1ae36cd89013466fc10a91096f009e4250836a4301376410f841638be00d77e4,10091,rigid,True,False,1000,201.000783984,494.506139277,2.46021995276,350.417845578,1000,34302.4287601,18495.3768807,15807.0518794,0,0,0,optimal
development,hourly_seed_10091,1ae36cd89013466fc10a91096f009e4250836a4301376410f841638be00d77e4,10091,flexible,True,True,1000,201.000783984,872.472738686,4.34064346115,350.417845578,1000,34302.4287601,33141.6000483,1160.82871187,819.234701622,739.359318214,0,optimal
development,hourly_seed_10091,1ae36cd89013466fc10a91096f009e4250836a4301376410f841638be00d77e4,10091,rigid,True,True,1000,201.000783984,594.695105438,2.95867057655,350.417845578,1000,34302.4287601,18102.6611612,16199.7675989,531.686033398,479.846645142,0,optimal
development,hourly_seed_10092,5eb470158dab2e389dc527ba37e4fc616cfee17323b9e2222f306e6a9937cde9,10092,flexible,False,False,1000,201.000783984,760.931324068,3.78571321457,378.764603002,1000,0,0,0,0,0,0,optimal
development,hourly_seed_10092,5eb470158dab2e389dc527ba37e4fc616cfee17323b9e2222f306e6a9937cde9,10092,rigid,False,False,1000,201.000783984,431.347320386,2.14599819879,378.764603002,1000,0,0,0,0,0,0,optimal
development,hourly_seed_10092,5eb470158dab2e389dc527ba37e4fc616cfee17323b9e2222f306e6a9937cde9,10092,flexible,False,True,1000,201.000783984,762.846955655,3.79524368281,378.764603002,1000,0,0,0,369.561724139,333.529456035,0,optimal
development,hourly_seed_10092,5eb470158dab2e389dc527ba37e4fc616cfee17323b9e2222f306e6a9937cde9,10092,rigid,False,True,1000,201.000783984,488.327102896,2.42947859813,378.764603002,1000,0,0,0,515.989802785,465.680797014,0,optimal
development,hourly_seed_10092,5eb470158dab2e389dc527ba37e4fc616cfee17323b9e2222f306e6a9937cde9,10092,flexible,True,False,1000,201.000783984,923.141361531,4.59272517864,378.764603002,1000,30176.5745766,28568.1956606,1608.37891606,0,0,0,optimal
development,hourly_seed_10092,5eb470158dab2e389dc527ba37e4fc616cfee17323b9e2222f306e6a9937cde9,10092,rigid,True,False,1000,201.000783984,555.871213251,2.76551763746,378.764603002,1000,30176.5745766,12749.0721036,17427.502473,0,0,0,optimal
development,hourly_seed_10092,5eb470158dab2e389dc527ba37e4fc616cfee17323b9e2222f306e6a9937cde9,10092,flexible,True,True,1000,201.000783984,925.942246469,4.60665987523,378.764603002,1000,30176.5745766,27571.6970439,2604.87753275,428.203624059,386.453770713,0,optimal
development,hourly_seed_10092,5eb470158dab2e389dc527ba37e4fc616cfee17323b9e2222f306e6a9937cde9,10092,rigid,True,True,1000,201.000783984,657.965243227,3.27344615372,378.764603002,1000,30176.5745766,14404.9530694,15771.6215073,539.186375162,486.615703584,0,optimal
development,hourly_seed_10093,039519db0c95cb6398d6443b82a08eb9666d485e52afc79167937b195a5d8fbb,10093,flexible,False,False,1000,201.000783984,698.541187737,3.47531573704,388.03455147,1000,0,0,0,0,0,0,optimal
development,hourly_seed_10093,039519db0c95cb6398d6443b82a08eb9666d485e52afc79167937b195a5d8fbb,10093,rigid,False,False,1000,201.000783984,435.969903292,2.168996034,388.03455147,1000,0,0,0,0,0,0,optimal
development,hourly_seed_10093,039519db0c95cb6398d6443b82a08eb9666d485e52afc79167937b195a5d8fbb,10093,flexible,False,True,1000,201.000783984,711.151053695,3.53805114388,388.03455147,1000,0,0,0,1262.46300502,1139.37286203,0,optimal
development,hourly_seed_10093,039519db0c95cb6398d6443b82a08eb9666d485e52afc79167937b195a5d8fbb,10093,rigid,False,True,1000,201.000783984,486.038013835,2.41809013976,388.03455147,1000,0,0,0,989.619150766,893.131283566,0,optimal
development,hourly_seed_10093,039519db0c95cb6398d6443b82a08eb9666d485e52afc79167937b195a5d8fbb,10093,flexible,True,False,1000,201.000783984,893.12469729,4.44338912311,388.03455147,1000,33206.9897114,32663.5284075,543.461303952,0,0,0,optimal
development,hourly_seed_10093,039519db0c95cb6398d6443b82a08eb9666d485e52afc79167937b195a5d8fbb,10093,rigid,True,False,1000,201.000783984,527.489128738,2.62431378765,388.03455147,1000,33206.9897114,14889.0154299,18317.9742815,0,0,0,optimal
development,hourly_seed_10093,039519db0c95cb6398d6443b82a08eb9666d485e52afc79167937b195a5d8fbb,10093,flexible,True,True,1000,201.000783984,897.070106421,4.46301794769,388.03455147,1000,33206.9897114,30731.4514604,2475.53825101,563.781305179,508.812627924,0,optimal
development,hourly_seed_10093,039519db0c95cb6398d6443b82a08eb9666d485e52afc79167937b195a5d8fbb,10093,rigid,True,True,1000,201.000783984,627.331952203,3.1210423152,388.03455147,1000,33206.9897114,17692.4750208,15514.5146906,467.757725957,422.151347676,0,optimal
development,hourly_seed_10094,0664205b1eaf75e7d9f433a89021adb0b254cd3c30547111fbace359947d4238,10094,flexible,False,False,1000,201.000783984,914.713430981,4.55079533945,673.624827331,1000,0,0,0,0,0,0,optimal
development,hourly_seed_10094,0664205b1eaf75e7d9f433a89021adb0b254cd3c30547111fbace359947d4238,10094,rigid,False,False,1000,201.000783984,684.094052269,3.40343972152,673.624827331,1000,0,0,0,0,0,0,optimal
development,hourly_seed_10094,0664205b1eaf75e7d9f433a89021adb0b254cd3c30547111fbace359947d4238,10094,flexible,False,True,1000,201.000783984,916.119930069,4.55779282006,673.624827331,1000,0,0,0,210.526315789,190,0,optimal
development,hourly_seed_10094,0664205b1eaf75e7d9f433a89021adb0b254cd3c30547111fbace359947d4238,10094,rigid,False,True,1000,201.000783984,740.552305678,3.68432545883,673.624827331,1000,0,0,0,546.449213304,493.170415007,0,optimal
development,hourly_seed_10094,0664205b1eaf75e7d9f433a89021adb0b254cd3c30547111fbace359947d4238,10094,flexible,True,False,1000,201.000783984,1022.78608915,5.08846815856,673.624827331,1000,20752.0117312,16968.5539026,3783.45782854,0,0,0,optimal
development,hourly_seed_10094,0664205b1eaf75e7d9f433a89021adb0b254cd3c30547111fbace359947d4238,10094,rigid,True,False,1000,201.000783984,713.114695695,3.54782046896,673.624827331,1000,20752.0117312,430.192031637,20321.8196995,0,0,0,optimal
development,hourly_seed_10094,0664205b1eaf75e7d9f433a89021adb0b254cd3c30547111fbace359947d4238,10094,flexible,True,True,1000,201.000783984,1026.20274813,5.10546639567,673.624827331,1000,20752.0117312,16576.2000193,4175.81171188,486.195344876,438.79129875,0,optimal
development,hourly_seed_10094,0664205b1eaf75e7d9f433a89021adb0b254cd3c30547111fbace359947d4238,10094,rigid,True,True,1000,201.000783984,812.473302677,4.04213996868,673.624827331,1000,20752.0117312,5388.9225015,15363.0892297,1188.92760084,1073.00715976,0,optimal
development,hourly_seed_10095,fbe10712c64069b39039148231de561babd900efad4f4e2f62c7bdd42b902e17,10095,flexible,False,False,1000,201.000783984,932.653131003,4.64004723025,662.656694983,1000,0,0,0,0,0,0,optimal
development,hourly_seed_10095,fbe10712c64069b39039148231de561babd900efad4f4e2f62c7bdd42b902e17,10095,rigid,False,False,1000,201.000783984,664.898616735,3.30794041474,662.656694983,1000,0,0,0,0,0,0,optimal
development,hourly_seed_10095,fbe10712c64069b39039148231de561babd900efad4f4e2f62c7bdd42b902e17,10095,flexible,False,True,1000,201.000783984,934.060799936,4.64705053096,662.656694983,1000,0,0,0,221.286685338,199.711233517,0,optimal
development,hourly_seed_10095,fbe10712c64069b39039148231de561babd900efad4f4e2f62c7bdd42b902e17,10095,rigid,False,True,1000,201.000783984,714.549110992,3.55495683564,662.656694983,1000,0,0,0,507.136761704,457.690927438,0,optimal
development,hourly_seed_10095,fbe10712c64069b39039148231de561babd900efad4f4e2f62c7bdd42b902e17,10095,flexible,True,False,1000,201.000783984,1075.74731388,5.3519558111,662.656694983,1000,28703.2079162,22218.0066281,6485.2012881,0,0,0,optimal
development,hourly_seed_10095,fbe10712c64069b39039148231de561babd900efad4f4e2f62c7bdd42b902e17,10095,rigid,True,False,1000,201.000783984,695.329894648,3.45933921682,662.656694983,1000,28703.2079162,1565.02176891,27138.1861473,0,0,0,optimal
development,hourly_seed_10095,fbe10712c64069b39039148231de561babd900efad4f4e2f62c7bdd42b902e17,10095,flexible,True,True,1000,201.000783984,1082.18187305,5.38396841844,662.656694983,1000,28703.2079162,22447.8009432,6255.40697307,877.235054594,791.704636771,0,optimal
development,hourly_seed_10095,fbe10712c64069b39039148231de561babd900efad4f4e2f62c7bdd42b902e17,10095,rigid,True,True,1000,201.000783984,795.168817004,3.95604833595,662.656694983,1000,28703.2079162,3876.25004813,24826.9578681,382.134546055,344.876427815,0,optimal
development,hourly_seed_10096,9181949d2c3bfa7f6d0eab4f865560a135235469cc592f43a9756664cbb58cb4,10096,flexible,False,False,1000,201.000783984,824.532475394,4.10213561883,544.240131801,1000,0,0,0,0,0,0,optimal
development,hourly_seed_10096,9181949d2c3bfa7f6d0eab4f865560a135235469cc592f43a9756664cbb58cb4,10096,rigid,False,False,1000,201.000783984,544.502599439,2.70895759034,544.240131801,1000,0,0,0,0,0,0,optimal
development,hourly_seed_10096,9181949d2c3bfa7f6d0eab4f865560a135235469cc592f43a9756664cbb58cb4,10096,flexible,False,True,1000,201.000783984,825.980227845,4.10933833925,544.240131801,1000,0,0,0,210.526315789,190,0,optimal
development,hourly_seed_10096,9181949d2c3bfa7f6d0eab4f865560a135235469cc592f43a9756664cbb58cb4,10096,rigid,False,True,1000,201.000783984,613.606865188,3.05275856654,544.240131801,1000,0,0,0,607.437246392,548.212114869,0,optimal
development,hourly_seed_10096,9181949d2c3bfa7f6d0eab4f865560a135235469cc592f43a9756664cbb58cb4,10096,flexible,True,False,1000,201.000783984,917.473495244,4.5645269489,544.240131801,1000,18444.3728327,15118.4017656,3325.97106711,0,0,0,optimal
development,hourly_seed_10096,9181949d2c3bfa7f6d0eab4f865560a135235469cc592f43a9756664cbb58cb4,10096,rigid,True,False,1000,201.000783984,558.106928627,2.77664055614,544.240131801,1000,18444.3728327,297.87230421,18146.5005285,0,0,0,optimal
development,hourly_seed_10096,9181949d2c3bfa7f6d0eab4f865560a135235469cc592f43a9756664cbb58cb4,10096,flexible,True,True,1000,201.000783984,925.459488859,4.60425810544,544.240131801,1000,18444.3728327,15405.4898371,3038.88299563,982.775006286,886.954443173,0,optimal
development,hourly_seed_10096,9181949d2c3bfa7f6d0eab4f865560a135235469cc592f43a9756664cbb58cb4,10096,rigid,True,True,1000,201.000783984,657.61416536,3.27169950448,544.240131801,1000,18444.3728327,3988.05545212,14456.3173806,523.323511354,472.299468997,0,optimal
development,hourly_seed_10097,9505f61e21212decb7fbe5b1902752bf4c0d34d8598db0e7e4cd8a401f6c46c2,10097,flexible,False,False,1000,201.000783984,893.629283992,4.44589949492,572.955458189,1000,0,0,0,0,0,0,optimal
development,hourly_seed_10097,9505f61e21212decb7fbe5b1902752bf4c0d34d8598db0e7e4cd8a401f6c46c2,10097,rigid,False,False,1000,201.000783984,570.992469074,2.84074747251,572.955458189,1000,0,0,0,0,0,0,optimal
development,hourly_seed_10097,9505f61e21212decb7fbe5b1902752bf4c0d34d8598db0e7e4cd8a401f6c46c2,10097,flexible,False,True,1000,201.000783984,895.024367108,4.45284017986,572.955458189,1000,0,0,0,210.526315789,190,0,optimal
development,hourly_seed_10097,9505f61e21212decb7fbe5b1902752bf4c0d34d8598db0e7e4cd8a401f6c46c2,10097,rigid,False,True,1000,201.000783984,642.7191049,3.19759501511,572.955458189,1000,0,0,0,600.038800882,541.535017796,0,optimal
development,hourly_seed_10097,9505f61e21212decb7fbe5b1902752bf4c0d34d8598db0e7e4cd8a401f6c46c2,10097,flexible,True,False,1000,201.000783984,995.519403554,4.95281353546,572.955458189,1000,21422.3546101,16105.3453989,5317.00921122,0,0,0,optimal
development,hourly_seed_10097,9505f61e21212decb7fbe5b1902752bf4c0d34d8598db0e7e4cd8a401f6c46c2,10097,rigid,True,False,1000,201.000783984,581.5024818,2.89303588908,572.955458189,1000,21422.3546101,1082.58690502,20339.7677051,0,0,0,optimal
development,hourly_seed_10097,9505f61e21212decb7fbe5b1902752bf4c0d34d8598db0e7e4cd8a401f6c46c2,10097,flexible,True,True,1000,201.000783984,1004.11918725,4.9955983621,572.955458189,1000,21422.3546101,16455.1154445,4967.23916561,1114.47511741,1005.81379346,0,optimal
development,hourly_seed_10097,9505f61e21212decb7fbe5b1902752bf4c0d34d8598db0e7e4cd8a401f6c46c2,10097,rigid,True,True,1000,201.000783984,681.15987417,3.38884187747,572.955458189,1000,21422.3546101,1649.01870342,19773.3359067,711.668277251,642.280620219,0,optimal
development,hourly_seed_10098,fa52eb5e2ac127beebd4975dfa445bf1cc115033ed6f9fe0d161ad4e4d072590,10098,flexible,False,False,1000,201.000783984,911.423522464,4.53442769923,632.899998625,1000,0,0,0,0,0,0,optimal
development,hourly_seed_10098,fa52eb5e2ac127beebd4975dfa445bf1cc115033ed6f9fe0d161ad4e4d072590,10098,rigid,False,False,1000,201.000783984,639.622850514,3.18219082451,632.899998625,1000,0,0,0,0,0,0,optimal
development,hourly_seed_10098,fa52eb5e2ac127beebd4975dfa445bf1cc115033ed6f9fe0d161ad4e4d072590,10098,flexible,False,True,1000,201.000783984,912.707086327,4.54081356419,632.899998625,1000,0,0,0,315.789473684,285,0,optimal
development,hourly_seed_10098,fa52eb5e2ac127beebd4975dfa445bf1cc115033ed6f9fe0d161ad4e4d072590,10098,rigid,False,True,1000,201.000783984,687.747602186,3.42161651589,632.899998625,1000,0,0,0,421.052631579,380,0,optimal
development,hourly_seed_10098,fa52eb5e2ac127beebd4975dfa445bf1cc115033ed6f9fe0d161ad4e4d072590,10098,flexible,True,False,1000,201.000783984,1017.45928265,5.06196673708,632.899998625,1000,21026.6578302,18744.7485867,2281.90924349,0,0,0,optimal
development,hourly_seed_10098,fa52eb5e2ac127beebd4975dfa445bf1cc115033ed6f9fe0d161ad4e4d072590,10098,rigid,True,False,1000,201.000783984,727.113747193,3.61746721968,632.899998625,1000,21026.6578302,5129.54131134,15897.1165188,0,0,0,optimal
development,hourly_seed_10098,fa52eb5e2ac127beebd4975dfa445bf1cc115033ed6f9fe0d161ad4e4d072590,10098,flexible,True,True,1000,201.000783984,1024.11150422,5.09506223766,632.899998625,1000,21026.6578302,17863.0364531,3163.62137712,956.745859094,863.463137832,0,optimal
development,hourly_seed_10098,fa52eb5e2ac127beebd4975dfa445bf1cc115033ed6f9fe0d161ad4e4d072590,10098,rigid,True,True,1000,201.000783984,828.903678777,4.12388281452,632.899998625,1000,21026.6578302,6540.95100717,14485.706823,950.151089061,857.511357877,0,optimal
development,hourly_seed_10099,583b23f571054a16e93eb0ef98b5dff69af1dba6bb8508480eec0f7c29435663,10099,flexible,False,False,1000,201.000783984,718.529308117,3.57475873415,394.091836323,1000,0,0,0,0,0,0,optimal
development,hourly_seed_10099,583b23f571054a16e93eb0ef98b5dff69af1dba6bb8508480eec0f7c29435663,10099,rigid,False,False,1000,201.000783984,417.998645114,2.07958713806,394.091836323,1000,0,0,0,0,0,0,optimal
development,hourly_seed_10099,583b23f571054a16e93eb0ef98b5dff69af1dba6bb8508480eec0f7c29435663,10099,flexible,False,True,1000,201.000783984,727.445309652,3.61911677772,394.091836323,1000,0,0,0,937.228786421,845.848979745,0,optimal
development,hourly_seed_10099,583b23f571054a16e93eb0ef98b5dff69af1dba6bb8508480eec0f7c29435663,10099,rigid,False,True,1000,201.000783984,468.134735407,2.32901945021,394.091836323,1000,0,0,0,657.294470506,593.208259631,0,optimal
development,hourly_seed_10099,583b23f571054a16e93eb0ef98b5dff69af1dba6bb8508480eec0f7c29435663,10099,flexible,True,False,1000,201.000783984,904.554323943,4.50025271551,394.091836323,1000,32470.6702756,32027.3961281,443.274147549,0,0,0,optimal
development,hourly_seed_10099,583b23f571054a16e93eb0ef98b5dff69af1dba6bb8508480eec0f7c29435663,10099,rigid,True,False,1000,201.000783984,498.361952734,2.47940302946,394.091836323,1000,32470.6702756,16819.8802878,15650.7899878,0,0,0,optimal
development,hourly_seed_10099,583b23f571054a16e93eb0ef98b5dff69af1dba6bb8508480eec0f7c29435663,10099,flexible,True,True,1000,201.000783984,907.483382464,4.51482508912,394.091836323,1000,32470.6702756,30006.256196,2464.41407958,473.187313259,427.051550217,0,optimal
development,hourly_seed_10099,583b23f571054a16e93eb0ef98b5dff69af1dba6bb8508480eec0f7c29435663,10099,rigid,True,True,1000,201.000783984,599.425997461,2.98220726099,394.091836323,1000,32470.6702756,14438.934192,18031.7360836,505.734544964,456.42542683,0,optimal
validation,hourly_seed_20000,c53ae573b0664487ef9674ac8f746f47e59c1e10b31f872f34607fdfd247e7e8,20000,flexible,False,False,1000,201.000783984,773.511725353,3.84830203157,427.229113711,1000,0,0,0,0,0,0,optimal
validation,hourly_seed_20000,c53ae573b0664487ef9674ac8f746f47e59c1e10b31f872f34607fdfd247e7e8,20000,rigid,False,False,1000,201.000783984,430.524599099,2.14190507403,427.229113711,1000,0,0,0,0,0,0,optimal
validation,hourly_seed_20000,c53ae573b0664487ef9674ac8f746f47e59c1e10b31f872f34607fdfd247e7e8,20000,flexible,False,True,1000,201.000783984,776.392809245,3.86263572637,427.229113711,1000,0,0,0,409.672353027,369.729298607,0,optimal
validation,hourly_seed_20000,c53ae573b0664487ef9674ac8f746f47e59c1e10b31f872f34607fdfd247e7e8,20000,rigid,False,True,1000,201.000783984,501.665203667,2.49583704961,427.229113711,1000,0,0,0,576.47181001,520.265808534,0,optimal
validation,hourly_seed_20000,c53ae573b0664487ef9674ac8f746f47e59c1e10b31f872f34607fdfd247e7e8,20000,flexible,True,False,1000,201.000783984,940.580395942,4.67948620547,427.229113711,1000,26018.2995639,25717.4603878,300.839176173,0,0,0,optimal
validation,hourly_seed_20000,c53ae573b0664487ef9674ac8f746f47e59c1e10b31f872f34607fdfd247e7e8,20000,rigid,True,False,1000,201.000783984,553.422158975,2.75333333535,427.229113711,1000,26018.2995639,11067.67679,14950.6227739,0,0,0,optimal
validation,hourly_seed_20000,c53ae573b0664487ef9674ac8f746f47e59c1e10b31f872f34607fdfd247e7e8,20000,flexible,True,True,1000,201.000783984,944.135320279,4.69717232722,427.229113711,1000,26018.2995639,26018.2995639,0,569.966900933,514.395128092,0,optimal
validation,hourly_seed_20000,c53ae573b0664487ef9674ac8f746f47e59c1e10b31f872f34607fdfd247e7e8,20000,rigid,True,True,1000,201.000783984,642.795513632,3.19797515657,427.229113711,1000,26018.2995639,9986.99755658,16031.3020073,617.41403727,557.216168636,0,optimal
validation,hourly_seed_20001,2f60cb23c7a2aa21eb5499cf86c679c5758a21d91c6b6ff59534e37ff1898942,20001,flexible,False,False,1000,201.000783984,770.618133824,3.83390610996,427.229113711,1000,0,0,0,0,0,0,optimal
validation,hourly_seed_20001,2f60cb23c7a2aa21eb5499cf86c679c5758a21d91c6b6ff59534e37ff1898942,20001,rigid,False,False,1000,201.000783984,429.300568669,2.13581539415,427.229113711,1000,0,0,0,0,0,0,optimal
validation,hourly_seed_20001,2f60cb23c7a2aa21eb5499cf86c679c5758a21d91c6b6ff59534e37ff1898942,20001,flexible,False,True,1000,201.000783984,773.774988509,3.84961179341,427.229113711,1000,0,0,0,389.027114447,351.096970789,0,optimal
validation,hourly_seed_20001,2f60cb23c7a2aa21eb5499cf86c679c5758a21d91c6b6ff59534e37ff1898942,20001,rigid,False,True,1000,201.000783984,485.848845662,2.41714900824,427.229113711,1000,0,0,0,619.815430416,559.38342595,0,optimal
validation,hourly_seed_20001,2f60cb23c7a2aa21eb5499cf86c679c5758a21d91c6b6ff59534e37ff1898942,20001,flexible,True,False,1000,201.000783984,936.040089033,4.65689770199,427.229113711,1000,26018.2995639,25600.6415709,417.657993003,0,0,0,optimal
validation,hourly_seed_20001,2f60cb23c7a2aa21eb5499cf86c679c5758a21d91c6b6ff59534e37ff1898942,20001,rigid,True,False,1000,201.000783984,542.798030538,2.70047718113,427.229113711,1000,26018.2995639,10974.4432639,15043.8563,0,0,0,optimal
validation,hourly_seed_20001,2f60cb23c7a2aa21eb5499cf86c679c5758a21d91c6b6ff59534e37ff1898942,20001,flexible,True,True,1000,201.000783984,940.442491618,4.67880011698,427.229113711,1000,26018.2995639,26018.2995639,0,593.372082986,535.518304895,0,optimal
validation,hourly_seed_20001,2f60cb23c7a2aa21eb5499cf86c679c5758a21d91c6b6ff59534e37ff1898942,20001,rigid,True,True,1000,201.000783984,626.675497336,3.11777638333,427.229113711,1000,26018.2995639,9343.85062117,16674.4489428,556.474730238,502.21844404,0,optimal
validation,hourly_seed_20002,543b98f9608afb8dd3b79273631996a4e6cee3584d59c35ec52dbfd0017343dc,20002,flexible,False,False,1000,201.000783984,750.4653662,3.73364397553,365.140145433,1000,0,0,0,0,0,0,optimal
validation,hourly_seed_20002,543b98f9608afb8dd3b79273631996a4e6cee3584d59c35ec52dbfd0017343dc,20002,rigid,False,False,1000,201.000783984,380.696794756,1.89400651684,365.140145433,1000,0,0,0,0,0,0,optimal
validation,hourly_seed_20002,543b98f9608afb8dd3b79273631996a4e6cee3584d59c35ec52dbfd0017343dc,20002,flexible,False,True,1000,201.000783984,753.225674059,3.74737679689,365.140145433,1000,0,0,0,315.789473684,285,0,optimal
validation,hourly_seed_20002,543b98f9608afb8dd3b79273631996a4e6cee3584d59c35ec52dbfd0017343dc,20002,rigid,False,True,1000,201.000783984,436.041474563,2.16935210858,365.140145433,1000,0,0,0,726.112790394,655.31679333,0,optimal
validation,hourly_seed_20002,543b98f9608afb8dd3b79273631996a4e6cee3584d59c35ec52dbfd0017343dc,20002,flexible,True,False,1000,201.000783984,912.321025154,4.53889286933,365.140145433,1000,24815.7887675,24815.7887675,0,0,0,0,optimal
validation,hourly_seed_20002,543b98f9608afb8dd3b79273631996a4e6cee3584d59c35ec52dbfd0017343dc,20002,rigid,True,False,1000,201.000783984,495.919163544,2.46724989681,365.140145433,1000,24815.7887675,9057.98246363,15757.8063039,0,0,0,optimal
validation,hourly_seed_20002,543b98f9608afb8dd3b79273631996a4e6cee3584d59c35ec52dbfd0017343dc,20002,flexible,True,True,1000,201.000783984,913.656173507,4.54553537253,365.140145433,1000,24815.7887675,22186.1556773,2629.6330902,210.526315789,190,0,optimal
validation,hourly_seed_20002,543b98f9608afb8dd3b79273631996a4e6cee3584d59c35ec52dbfd0017343dc,20002,rigid,True,True,1000,201.000783984,592.581345311,2.94815439804,365.140145433,1000,24815.7887675,12606.9929909,12208.7957766,629.43652305,568.066462052,0,optimal
validation,hourly_seed_20003,68c503bf49c743ad5976bad45c6adf02907306e39698ec783e5f14f11bc88bf5,20003,flexible,False,False,1000,201.000783984,723.732706849,3.60064618905,398.643991717,1000,0,0,0,0,0,0,optimal
validation,hourly_seed_20003,68c503bf49c743ad5976bad45c6adf02907306e39698ec783e5f14f11bc88bf5,20003,rigid,False,False,1000,201.000783984,409.367167533,2.03664463102,398.643991717,1000,0,0,0,0,0,0,optimal
validation,hourly_seed_20003,68c503bf49c743ad5976bad45c6adf02907306e39698ec783e5f14f11bc88bf5,20003,flexible,False,True,1000,201.000783984,729.72588013,3.63046285525,398.643991717,1000,0,0,0,660.290902359,595.912539379,0,optimal
validation,hourly_seed_20003,68c503bf49c743ad5976bad45c6adf02907306e39698ec783e5f14f11bc88bf5,20003,rigid,False,True,1000,201.000783984,466.208313217,2.31943529759,398.643991717,1000,0,0,0,434.433551968,392.076280651,0,optimal
validation,hourly_seed_20003,68c503bf49c743ad5976bad45c6adf02907306e39698ec783e5f14f11bc88bf5,20003,flexible,True,False,1000,201.000783984,895.360127701,4.45451062406,398.643991717,1000,28236.0195122,27371.1638913,864.855620872,0,0,0,optimal
validation,hourly_seed_20003,68c503bf49c743ad5976bad45c6adf02907306e39698ec783e5f14f11bc88bf5,20003,rigid,True,False,1000,201.000783984,512.725247978,2.55086193106,398.643991717,1000,28236.0195122,11295.3117446,16940.7077676,0,0,0,optimal
validation,hourly_seed_20003,68c503bf49c743ad5976bad45c6adf02907306e39698ec783e5f14f11bc88bf5,20003,flexible,True,True,1000,201.000783984,899.367148784,4.47444597457,398.643991717,1000,28236.0195122,25615.5406656,2620.4788466,564.096360858,509.096965674,0,optimal
validation,hourly_seed_20003,68c503bf49c743ad5976bad45c6adf02907306e39698ec783e5f14f11bc88bf5,20003,rigid,True,True,1000,201.000783984,613.688017388,3.05316230725,398.643991717,1000,28236.0195122,14144.3873331,14091.6321791,400.207133856,361.186938305,0,optimal
validation,hourly_seed_20004,24c5bbc6d431aa9062833bf977664a48973775f62bb95828c1db7026e1b0dc40,20004,flexible,False,False,1000,201.000783984,671.161316994,3.33909800594,364.185736642,1000,0,0,0,0,0,0,optimal
validation,hourly_seed_20004,24c5bbc6d431aa9062833bf977664a48973775f62bb95828c1db7026e1b0dc40,20004,rigid,False,False,1000,201.000783984,366.909846259,1.82541500081,364.185736642,1000,0,0,0,0,0,0,optimal
validation,hourly_seed_20004,24c5bbc6d431aa9062833bf977664a48973775f62bb95828c1db7026e1b0dc40,20004,flexible,False,True,1000,201.000783984,688.648395874,3.42609805904,364.185736642,1000,0,0,0,1555.72623211,1404.04292447,0,optimal
validation,hourly_seed_20004,24c5bbc6d431aa9062833bf977664a48973775f62bb95828c1db7026e1b0dc40,20004,rigid,False,True,1000,201.000783984,431.045797498,2.14449809077,364.185736642,1000,0,0,0,881.889815058,795.90555809,0,optimal
validation,hourly_seed_20004,24c5bbc6d431aa9062833bf977664a48973775f62bb95828c1db7026e1b0dc40,20004,flexible,True,False,1000,201.000783984,876.789777378,4.36212118182,364.185736642,1000,32248.6140063,31302.2016791,946.412327269,0,0,0,optimal
validation,hourly_seed_20004,24c5bbc6d431aa9062833bf977664a48973775f62bb95828c1db7026e1b0dc40,20004,rigid,True,False,1000,201.000783984,495.328792944,2.46431274111,364.185736642,1000,32248.6140063,18698.6087432,13550.0052632,0,0,0,optimal
validation,hourly_seed_20004,24c5bbc6d431aa9062833bf977664a48973775f62bb95828c1db7026e1b0dc40,20004,flexible,True,True,1000,201.000783984,881.998829662,4.38803676374,364.185736642,1000,32248.6140063,29837.5834957,2411.03051062,731.086881997,659.805911002,0,optimal
validation,hourly_seed_20004,24c5bbc6d431aa9062833bf977664a48973775f62bb95828c1db7026e1b0dc40,20004,rigid,True,True,1000,201.000783984,596.611868375,2.96820667338,364.185736642,1000,32248.6140063,15624.8395093,16623.7744971,671.232741238,605.787548968,0,optimal
validation,hourly_seed_20005,2ff7083b833a8bd214641c67e6d51a44824091e7705e6a00f39cbd3ef4c58b85,20005,flexible,False,False,1000,201.000783984,778.22377016,3.87174494912,450.821108886,1000,0,0,0,0,0,0,optimal
validation,hourly_seed_20005,2ff7083b833a8bd214641c67e6d51a44824091e7705e6a00f39cbd3ef4c58b85,20005,rigid,False,False,1000,201.000783984,453.575761867,2.25658702855,450.821108886,1000,0,0,0,0,0,0,optimal
validation,hourly_seed_20005,2ff7083b833a8bd214641c67e6d51a44824091e7705e6a00f39cbd3ef4c58b85,20005,flexible,False,True,1000,201.000783984,779.994348036,3.88055375992,450.821108886,1000,0,0,0,349.636320444,315.546779201,0,optimal
validation,hourly_seed_20005,2ff7083b833a8bd214641c67e6d51a44824091e7705e6a00f39cbd3ef4c58b85,20005,rigid,False,True,1000,201.000783984,503.435019246,2.50464206789,450.821108886,1000,0,0,0,445.391266057,401.965617617,0,optimal
validation,hourly_seed_20005,2ff7083b833a8bd214641c67e6d51a44824091e7705e6a00f39cbd3ef4c58b85,20005,flexible,True,False,1000,201.000783984,938.350023951,4.66838987069,450.821108886,1000,28488.8331931,27455.7664044,1033.06678869,0,0,0,optimal
validation,hourly_seed_20005,2ff7083b833a8bd214641c67e6d51a44824091e7705e6a00f39cbd3ef4c58b85,20005,rigid,True,False,1000,201.000783984,549.059276872,2.73162753891,450.821108886,1000,28488.8331931,9558.76967547,18930.0635176,0,0,0,optimal
validation,hourly_seed_20005,2ff7083b833a8bd214641c67e6d51a44824091e7705e6a00f39cbd3ef4c58b85,20005,flexible,True,True,1000,201.000783984,940.145387454,4.67732199258,450.821108886,1000,28488.8331931,24799.6364777,3689.19671539,271.33739728,244.882001045,0,optimal
validation,hourly_seed_20005,2ff7083b833a8bd214641c67e6d51a44824091e7705e6a00f39cbd3ef4c58b85,20005,rigid,True,True,1000,201.000783984,646.666027198,3.21723136786,450.821108886,1000,28488.8331931,9573.59462509,18915.238568,461.11632151,416.157480163,0,optimal
validation,hourly_seed_20006,20538feb278c0470c766f06c689d2a3dd425be3d63ab46475fb6600b2bbc2ab7,20006,flexible,False,False,1000,201.000783984,736.565059042,3.66448848827,364.185736642,1000,0,0,0,0,0,0,optimal
validation,hourly_seed_20006,20538feb278c0470c766f06c689d2a3dd425be3d63ab46475fb6600b2bbc2ab7,20006,rigid,False,False,1000,201.000783984,416.865421892,2.07394923358,364.185736642,1000,0,0,0,0,0,0,optimal
validation,hourly_seed_20006,20538feb278c0470c766f06c689d2a3dd425be3d63ab46475fb6600b2bbc2ab7,20006,flexible,False,True,1000,201.000783984,742.153315696,3.69229065174,364.185736642,1000,0,0,0,641.161376652,578.648142428,0,optimal
validation,hourly_seed_20006,20538feb278c0470c766f06c689d2a3dd425be3d63ab46475fb6600b2bbc2ab7,20006,rigid,False,True,1000,201.000783984,497.213662538,2.4736901652,364.185736642,1000,0,0,0,833.4658911,752.202966718,0,optimal
validation,hourly_seed_20006,20538feb278c0470c766f06c689d2a3dd425be3d63ab46475fb6600b2bbc2ab7,20006,flexible,True,False,1000,201.000783984,908.482705938,4.5197968283,364.185736642,1000,31160.9994888,29323.2897224,1837.70976636,0,0,0,optimal
validation,hourly_seed_20006,20538feb278c0470c766f06c689d2a3dd425be3d63ab46475fb6600b2bbc2ab7,20006,rigid,True,False,1000,201.000783984,571.121847964,2.84139114606,364.185736642,1000,31160.9994888,15583.7489498,15577.250539,0,0,0,optimal
validation,hourly_seed_20006,20538feb278c0470c766f06c689d2a3dd425be3d63ab46475fb6600b2bbc2ab7,20006,flexible,True,True,1000,201.000783984,915.79202857,4.55616147568,364.185736642,1000,31160.9994888,28049.0702217,3111.92926713,952.202882064,859.363101063,0,optimal
validation,hourly_seed_20006,20538feb278c0470c766f06c689d2a3dd425be3d63ab46475fb6600b2bbc2ab7,20006,rigid,True,True,1000,201.000783984,678.165259186,3.37394335358,364.185736642,1000,31160.9994888,14904.3278849,16256.6716039,822.397140612,742.213419403,0,optimal
validation,hourly_seed_20007,f829e9c34dde1c1ec1d1be2ee6fbc84597a7245a833550135a208c5c534cce6f,20007,flexible,False,False,1000,201.000783984,774.181721452,3.8516353325,380.724885376,1000,0,0,0,0,0,0,optimal
validation,hourly_seed_20007,f829e9c34dde1c1ec1d1be2ee6fbc84597a7245a833550135a208c5c534cce6f,20007,rigid,False,False,1000,201.000783984,457.893908403,2.27807026086,380.724885376,1000,0,0,0,0,0,0,optimal
validation,hourly_seed_20007,f829e9c34dde1c1ec1d1be2ee6fbc84597a7245a833550135a208c5c534cce6f,20007,flexible,False,True,1000,201.000783984,775.963795463,3.86050133777,380.724885376,1000,0,0,0,354.254625313,319.714799345,0,optimal
validation,hourly_seed_20007,f829e9c34dde1c1ec1d1be2ee6fbc84597a7245a833550135a208c5c534cce6f,20007,rigid,False,True,1000,201.000783984,535.798551995,2.66565404062,380.724885376,1000,0,0,0,727.594103818,656.653678695,0,optimal
validation,hourly_seed_20007,f829e9c34dde1c1ec1d1be2ee6fbc84597a7245a833550135a208c5c534cce6f,20007,flexible,True,False,1000,201.000783984,899.366182072,4.47444116508,380.724885376,1000,24293.9277134,24293.9277134,0,0,0,0,optimal
validation,hourly_seed_20007,f829e9c34dde1c1ec1d1be2ee6fbc84597a7245a833550135a208c5c534cce6f,20007,rigid,True,False,1000,201.000783984,579.449221993,2.88282070601,380.724885376,1000,24293.9277134,12315.2525542,11978.6751591,0,0,0,optimal
validation,hourly_seed_20007,f829e9c34dde1c1ec1d1be2ee6fbc84597a7245a833550135a208c5c534cce6f,20007,flexible,True,True,1000,201.000783984,900.766799104,4.48140938184,380.724885376,1000,24293.9277134,20628.0008268,3665.92688657,215.129116088,194.154027269,0,optimal
validation,hourly_seed_20007,f829e9c34dde1c1ec1d1be2ee6fbc84597a7245a833550135a208c5c534cce6f,20007,rigid,True,True,1000,201.000783984,680.032383351,3.38323249229,380.724885376,1000,24293.9277134,17145.5744493,7148.35326405,702.649832822,634.141474122,0,optimal
validation,hourly_seed_20008,740914c162e17be60f77ac5579a0598a3eb8571fb4731a6d50678d3e6c79cbac,20008,flexible,False,False,1000,201.000783984,706.188360328,3.51336122343,391.732261938,1000,0,0,0,0,0,0,optimal
validation,hourly_seed_20008,740914c162e17be60f77ac5579a0598a3eb8571fb4731a6d50678d3e6c79cbac,20008,rigid,False,False,1000,201.000783984,397.52801102,1.97774358458,391.732261938,1000,0,0,0,0,0,0,optimal
validation,hourly_seed_20008,740914c162e17be60f77ac5579a0598a3eb8571fb4731a6d50678d3e6c79cbac,20008,flexible,False,True,1000,201.000783984,717.299484208,3.5686402311,391.732261938,1000,0,0,0,1123.97592729,1014.38827438,0,optimal
validation,hourly_seed_20008,740914c162e17be60f77ac5579a0598a3eb8571fb4731a6d50678d3e6c79cbac,20008,rigid,False,True,1000,201.000783984,457.012235435,2.27368384529,391.732261938,1000,0,0,0,613.911679866,554.055291079,0,optimal
validation,hourly_seed_20008,740914c162e17be60f77ac5579a0598a3eb8571fb4731a6d50678d3e6c79cbac,20008,flexible,True,False,1000,201.000783984,884.133197898,4.39865546976,391.732261938,1000,29780.4316831,29528.4015985,252.0300846,0,0,0,optimal
validation,hourly_seed_20008,740914c162e17be60f77ac5579a0598a3eb8571fb4731a6d50678d3e6c79cbac,20008,rigid,True,False,1000,201.000783984,506.027269422,2.51753878463,391.732261938,1000,29780.4316831,14808.2469348,14972.1847482,0,0,0,optimal
validation,hourly_seed_20008,740914c162e17be60f77ac5579a0598a3eb8571fb4731a6d50678d3e6c79cbac,20008,flexible,True,True,1000,201.000783984,891.185146195,4.43373965281,391.732261938,1000,29780.4316831,27407.338654,2373.09302905,906.722447794,818.317009134,0,optimal
validation,hourly_seed_20008,740914c162e17be60f77ac5579a0598a3eb8571fb4731a6d50678d3e6c79cbac,20008,rigid,True,True,1000,201.000783984,606.41779996,3.01699221237,391.732261938,1000,29780.4316831,15341.7304774,14438.7012057,542.761543467,489.842292979,0,optimal
validation,hourly_seed_20009,8b94571a28818a8848ae7ab064f622baea7f13c3405976b167989267b691defd,20009,flexible,False,False,1000,201.000783984,770.476057737,3.83319926652,427.229113711,1000,0,0,0,0,0,0,optimal
validation,hourly_seed_20009,8b94571a28818a8848ae7ab064f622baea7f13c3405976b167989267b691defd,20009,rigid,False,False,1000,201.000783984,430.200669522,2.14029349038,427.229113711,1000,0,0,0,0,0,0,optimal
validation,hourly_seed_20009,8b94571a28818a8848ae7ab064f622baea7f13c3405976b167989267b691defd,20009,flexible,False,True,1000,201.000783984,773.007656234,3.84579423479,427.229113711,1000,0,0,0,374.055558576,337.585141615,0,optimal
validation,hourly_seed_20009,8b94571a28818a8848ae7ab064f622baea7f13c3405976b167989267b691defd,20009,rigid,False,True,1000,201.000783984,479.546393426,2.38579364678,427.229113711,1000,0,0,0,691.907609342,624.446617431,0,optimal
validation,hourly_seed_20009,8b94571a28818a8848ae7ab064f622baea7f13c3405976b167989267b691defd,20009,flexible,True,False,1000,201.000783984,915.97615303,4.5570775142,427.229113711,1000,24951.6282621,22968.8349373,1982.79332479,0,0,0,optimal
validation,hourly_seed_20009,8b94571a28818a8848ae7ab064f622baea7f13c3405976b167989267b691defd,20009,rigid,True,False,1000,201.000783984,519.223303414,2.58319043897,427.229113711,1000,24951.6282621,7167.64387008,17783.984392,0,0,0,optimal
validation,hourly_seed_20009,8b94571a28818a8848ae7ab064f622baea7f13c3405976b167989267b691defd,20009,flexible,True,True,1000,201.000783984,921.393657327,4.58403016677,427.229113711,1000,24951.6282621,21028.2413668,3923.38689533,754.218516404,680.682211054,0,optimal
validation,hourly_seed_20009,8b94571a28818a8848ae7ab064f622baea7f13c3405976b167989267b691defd,20009,rigid,True,True,1000,201.000783984,619.890019148,3.08401791705,427.229113711,1000,24951.6282621,9801.46446767,15150.1637944,664.329206111,599.557108515,0,optimal
validation,hourly_seed_20010,bfb77b8b64135e6dada6ed9d48b2a7da8c3e1939a8e7bd4c6ffa34abf6d8b8a3,20010,flexible,False,False,1000,201.000783984,821.720206948,4.0881442881,497.158694529,1000,0,0,0,0,0,0,optimal
validation,hourly_seed_20010,bfb77b8b64135e6dada6ed9d48b2a7da8c3e1939a8e7bd4c6ffa34abf6d8b8a3,20010,rigid,False,False,1000,201.000783984,498.04686217,2.47783542083,497.158694529,1000,0,0,0,0,0,0,optimal
validation,hourly_seed_20010,bfb77b8b64135e6dada6ed9d48b2a7da8c3e1939a8e7bd4c6ffa34abf6d8b8a3,20010,flexible,False,True,1000,201.000783984,823.425839367,4.09662998843,497.158694529,1000,0,0,0,315.789473684,285,0,optimal
validation,hourly_seed_20010,bfb77b8b64135e6dada6ed9d48b2a7da8c3e1939a8e7bd4c6ffa34abf6d8b8a3,20010,rigid,False,True,1000,201.000783984,542.625281115,2.69961773461,497.158694529,1000,0,0,0,429.593514158,387.708146527,0,optimal
validation,hourly_seed_20010,bfb77b8b64135e6dada6ed9d48b2a7da8c3e1939a8e7bd4c6ffa34abf6d8b8a3,20010,flexible,True,False,1000,201.000783984,966.471112673,4.80829523904,497.158694529,1000,25870.438597,23541.5861035,2328.85249347,0,0,0,optimal
validation,hourly_seed_20010,bfb77b8b64135e6dada6ed9d48b2a7da8c3e1939a8e7bd4c6ffa34abf6d8b8a3,20010,rigid,True,False,1000,201.000783984,609.171235384,3.03069084264,497.158694529,1000,25870.438597,7582.70838357,18287.7302134,0,0,0,optimal
validation,hourly_seed_20010,bfb77b8b64135e6dada6ed9d48b2a7da8c3e1939a8e7bd4c6ffa34abf6d8b8a3,20010,flexible,True,True,1000,201.000783984,967.396854498,4.8129009018,497.158694529,1000,25870.438597,21510.5470424,4359.8915545,128.675402494,116.129550751,0,optimal
validation,hourly_seed_20010,bfb77b8b64135e6dada6ed9d48b2a7da8c3e1939a8e7bd4c6ffa34abf6d8b8a3,20010,rigid,True,True,1000,201.000783984,709.738298602,3.53102253899,497.158694529,1000,25870.438597,10064.1877828,15806.2508142,450.798751707,406.845873416,0,optimal
validation,hourly_seed_20011,71ae138c0a49409767ff16ce1b47e6655ed41fe8f8cc82d7ca209a3a43de8f9f,20011,flexible,False,False,1000,201.000783984,776.595253403,3.86364290731,427.229113711,1000,0,0,0,0,0,0,optimal
validation,hourly_seed_20011,71ae138c0a49409767ff16ce1b47e6655ed41fe8f8cc82d7ca209a3a43de8f9f,20011,rigid,False,False,1000,201.000783984,441.06539351,2.19434663272,427.229113711,1000,0,0,0,0,0,0,optimal
validation,hourly_seed_20011,71ae138c0a49409767ff16ce1b47e6655ed41fe8f8cc82d7ca209a3a43de8f9f,20011,flexible,False,True,1000,201.000783984,778.998656921,3.8756000921,427.229113711,1000,0,0,0,381.71988333,344.502194705,0,optimal
validation,hourly_seed_20011,71ae138c0a49409767ff16ce1b47e6655ed41fe8f8cc82d7ca209a3a43de8f9f,20011,rigid,False,True,1000,201.000783984,499.021892949,2.48268630131,427.229113711,1000,0,0,0,727.259465646,656.351667746,0,optimal
validation,hourly_seed_20011,71ae138c0a49409767ff16ce1b47e6655ed41fe8f8cc82d7ca209a3a43de8f9f,20011,flexible,True,False,1000,201.000783984,943.126376736,4.69215272718,427.229113711,1000,27498.2480306,25858.8682653,1639.37976537,0,0,0,optimal
validation,hourly_seed_20011,71ae138c0a49409767ff16ce1b47e6655ed41fe8f8cc82d7ca209a3a43de8f9f,20011,rigid,True,False,1000,201.000783984,574.71835538,2.859284148,427.229113711,1000,27498.2480306,13610.7253011,13887.5227296,0,0,0,optimal
validation,hourly_seed_20011,71ae138c0a49409767ff16ce1b47e6655ed41fe8f8cc82d7ca209a3a43de8f9f,20011,flexible,True,True,1000,201.000783984,946.226102677,4.70757418912,427.229113711,1000,27498.2480306,25815.1744883,1683.07354238,566.486680854,511.254229471,0,optimal
validation,hourly_seed_20011,71ae138c0a49409767ff16ce1b47e6655ed41fe8f8cc82d7ca209a3a43de8f9f,20011,rigid,True,True,1000,201.000783984,653.14875523,3.24948362033,427.229113711,1000,27498.2480306,10276.7145893,17221.5334413,854.866586178,771.517094025,0,optimal
validation,hourly_seed_20012,324eb1bcc2dcdc9b97f8eb6f95b1ca7b82dd1341a5e54094787d8b2ea631180c,20012,flexible,False,False,1000,201.000783984,777.089952076,3.86610408514,427.229113711,1000,0,0,0,0,0,0,optimal
validation,hourly_seed_20012,324eb1bcc2dcdc9b97f8eb6f95b1ca7b82dd1341a5e54094787d8b2ea631180c,20012,rigid,False,False,1000,201.000783984,431.654758485,2.14752773561,427.229113711,1000,0,0,0,0,0,0,optimal
validation,hourly_seed_20012,324eb1bcc2dcdc9b97f8eb6f95b1ca7b82dd1341a5e54094787d8b2ea631180c,20012,flexible,False,True,1000,201.000783984,779.528754829,3.87823738484,427.229113711,1000,0,0,0,383.323179011,345.949169057,0,optimal
validation,hourly_seed_20012,324eb1bcc2dcdc9b97f8eb6f95b1ca7b82dd1341a5e54094787d8b2ea631180c,20012,rigid,False,True,1000,201.000783984,500.424904069,2.48966642891,427.229113711,1000,0,0,0,541.558487885,488.756535316,0,optimal
validation,hourly_seed_20012,324eb1bcc2dcdc9b97f8eb6f95b1ca7b82dd1341a5e54094787d8b2ea631180c,20012,flexible,True,False,1000,201.000783984,943.334793247,4.6931896212,427.229113711,1000,27498.2480306,25735.5030065,1762.74502411,0,0,0,optimal
validation,hourly_seed_20012,324eb1bcc2dcdc9b97f8eb6f95b1ca7b82dd1341a5e54094787d8b2ea631180c,20012,rigid,True,False,1000,201.000783984,553.850885754,2.75546629608,427.229113711,1000,27498.2480306,12506.1853671,14992.0626636,0,0,0,optimal
validation,hourly_seed_20012,324eb1bcc2dcdc9b97f8eb6f95b1ca7b82dd1341a5e54094787d8b2ea631180c,20012,flexible,True,True,1000,201.000783984,945.700382409,4.70495867561,427.229113711,1000,27498.2480306,25661.2640992,1836.98393144,405.383355162,365.858478034,0,optimal
validation,hourly_seed_20012,324eb1bcc2dcdc9b97f8eb6f95b1ca7b82dd1341a5e54094787d8b2ea631180c,20012,rigid,True,True,1000,201.000783984,655.159235214,3.2594859693,427.229113711,1000,27498.2480306,10512.2058265,16986.0422041,487.850106189,440.284720836,0,optimal
validation,hourly_seed_20013,46aa0a02d7df46a81923d5b5c333bacea143c01a96e21e86a18f9f4e0ba573bf,20013,flexible,False,False,1000,201.000783984,742.414234195,3.69358874866,365.140145433,1000,0,0,0,0,0,0,optimal
validation,hourly_seed_20013,46aa0a02d7df46a81923d5b5c333bacea143c01a96e21e86a18f9f4e0ba573bf,20013,rigid,False,False,1000,201.000783984,364.156670872,1.81171766425,365.140145433,1000,0,0,0,0,0,0,optimal
validation,hourly_seed_20013,46aa0a02d7df46a81923d5b5c333bacea143c01a96e21e86a18f9f4e0ba573bf,20013,flexible,False,True,1000,201.000783984,745.220637645,3.70755090042,365.140145433,1000,0,0,0,306.459073204,276.579313567,0,optimal
validation,hourly_seed_20013,46aa0a02d7df46a81923d5b5c333bacea143c01a96e21e86a18f9f4e0ba573bf,20013,rigid,False,True,1000,201.000783984,419.192474081,2.08552656249,365.140145433,1000,0,0,0,493.991477234,445.827308203,0,optimal
validation,hourly_seed_20013,46aa0a02d7df46a81923d5b5c333bacea143c01a96e21e86a18f9f4e0ba573bf,20013,flexible,True,False,1000,201.000783984,904.743533399,4.50119405241,365.140145433,1000,24815.7887675,24815.7887675,0,0,0,0,optimal
validation,hourly_seed_20013,46aa0a02d7df46a81923d5b5c333bacea143c01a96e21e86a18f9f4e0ba573bf,20013,rigid,True,False,1000,201.000783984,524.064229805,2.60727455594,365.140145433,1000,24815.7887675,10690.3447068,14125.4440607,0,0,0,optimal
validation,hourly_seed_20013,46aa0a02d7df46a81923d5b5c333bacea143c01a96e21e86a18f9f4e0ba573bf,20013,flexible,True,True,1000,201.000783984,906.160490696,4.50824356371,365.140145433,1000,24815.7887675,22186.1556773,2629.6330902,220.9667162,199.422461371,0,optimal
validation,hourly_seed_20013,46aa0a02d7df46a81923d5b5c333bacea143c01a96e21e86a18f9f4e0ba573bf,20013,rigid,True,True,1000,201.000783984,624.957870531,3.10923100967,365.140145433,1000,24815.7887675,12973.5492922,11842.2394753,550.09661882,496.462198485,0,optimal
validation,hourly_seed_20014,13a5bd2d3c56f52b07c16191357b778eb418d90756c8d14b00e08fd27a8caf22,20014,flexible,False,False,1000,201.000783984,782.487831597,3.89295910239,427.229113711,1000,0,0,0,0,0,0,optimal
validation,hourly_seed_20014,13a5bd2d3c56f52b07c16191357b778eb418d90756c8d14b00e08fd27a8caf22,20014,rigid,False,False,1000,201.000783984,427.446981273,2.12659360228,427.229113711,1000,0,0,0,0,0,0,optimal
validation,hourly_seed_20014,13a5bd2d3c56f52b07c16191357b778eb418d90756c8d14b00e08fd27a8caf22,20014,flexible,False,True,1000,201.000783984,785.169381961,3.90630009694,427.229113711,1000,0,0,0,539.926999674,487.284117206,0,optimal
validation,hourly_seed_20014,13a5bd2d3c56f52b07c16191357b778eb418d90756c8d14b00e08fd27a8caf22,20014,rigid,False,True,1000,201.000783984,501.228877631,2.49366628178,427.229113711,1000,0,0,0,678.503799565,612.349679107,0,optimal
validation,hourly_seed_20014,13a5bd2d3c56f52b07c16191357b778eb418d90756c8d14b00e08fd27a8caf22,20014,flexible,True,False,1000,201.000783984,944.631254186,4.69963965046,427.229113711,1000,27300.7475834,25243.2799613,2057.46762215,0,0,0,optimal
validation,hourly_seed_20014,13a5bd2d3c56f52b07c16191357b778eb418d90756c8d14b00e08fd27a8caf22,20014,rigid,True,False,1000,201.000783984,572.844912132,2.84996357118,427.229113711,1000,27300.7475834,13975.0139978,13325.7335856,0,0,0,optimal
validation,hourly_seed_20014,13a5bd2d3c56f52b07c16191357b778eb418d90756c8d14b00e08fd27a8caf22,20014,flexible,True,True,1000,201.000783984,947.893709909,4.71587071016,427.229113711,1000,27300.7475834,23710.2095438,3590.53803965,486.081230089,438.688310155,0,optimal
validation,hourly_seed_20014,13a5bd2d3c56f52b07c16191357b778eb418d90756c8d14b00e08fd27a8caf22,20014,rigid,True,True,1000,201.000783984,672.495637521,3.34573639063,427.229113711,1000,27300.7475834,10512.2290844,16788.518499,674.220200664,608.483731099,0,optimal
validation,hourly_seed_20015,b88d99b8a9f62d7a26080c6b013b2ea8755a21ad6860ade485dbf6ad24c740c3,20015,flexible,False,False,1000,201.000783984,719.334448752,3.57876439332,393.510110093,1000,0,0,0,0,0,0,optimal
validation,hourly_seed_20015,b88d99b8a9f62d7a26080c6b013b2ea8755a21ad6860ade485dbf6ad24c740c3,20015,rigid,False,False,1000,201.000783984,392.349838802,1.95198163423,393.510110093,1000,0,0,0,0,0,0,optimal
validation,hourly_seed_20015,b88d99b8a9f62d7a26080c6b013b2ea8755a21ad6860ade485dbf6ad24c740c3,20015,flexible,False,True,1000,201.000783984,726.612323245,3.6149725829,393.510110093,1000,0,0,0,735.3157351,663.622450927,0,optimal
validation,hourly_seed_20015,b88d99b8a9f62d7a26080c6b013b2ea8755a21ad6860ade485dbf6ad24c740c3,20015,rigid,False,True,1000,201.000783984,450.757925985,2.24256799924,393.510110093,1000,0,0,0,502.093493203,453.139377615,0,optimal
validation,hourly_seed_20015,b88d99b8a9f62d7a26080c6b013b2ea8755a21ad6860ade485dbf6ad24c740c3,20015,flexible,True,False,1000,201.000783984,899.237980829,4.47380335044,393.510110093,1000,30304.4347678,29424.7616928,879.673075006,0,0,0,optimal
validation,hourly_seed_20015,b88d99b8a9f62d7a26080c6b013b2ea8755a21ad6860ade485dbf6ad24c740c3,20015,rigid,True,False,1000,201.000783984,553.158975117,2.75202396803,393.510110093,1000,30304.4347678,18041.2758666,12263.1589012,0,0,0,optimal
validation,hourly_seed_20015,b88d99b8a9f62d7a26080c6b013b2ea8755a21ad6860ade485dbf6ad24c740c3,20015,flexible,True,True,1000,201.000783984,903.251677441,4.49377191242,393.510110093,1000,30304.4347678,25895.4701964,4408.96457142,650.191082348,586.797451819,0,optimal
validation,hourly_seed_20015,b88d99b8a9f62d7a26080c6b013b2ea8755a21ad6860ade485dbf6ad24c740c3,20015,rigid,True,True,1000,201.000783984,643.687461105,3.20241268888,393.510110093,1000,30304.4347678,14951.1119256,15353.3228421,688.756620509,621.60285001,0,optimal
validation,hourly_seed_20016,fcdfbaffdb204e998fb10c34da1b43bcfcb11895d80984065066bb843205ec0f,20016,flexible,False,False,1000,201.000783984,672.928674038,3.34789079276,364.185736642,1000,0,0,0,0,0,0,optimal
validation,hourly_seed_20016,fcdfbaffdb204e998fb10c34da1b43bcfcb11895d80984065066bb843205ec0f,20016,rigid,False,False,1000,201.000783984,361.439300282,1.79819846032,364.185736642,1000,0,0,0,0,0,0,optimal
validation,hourly_seed_20016,fcdfbaffdb204e998fb10c34da1b43bcfcb11895d80984065066bb843205ec0f,20016,flexible,False,True,1000,201.000783984,689.847314399,3.43206280456,364.185736642,1000,0,0,0,1536.14140842,1386.3676211,0,optimal
validation,hourly_seed_20016,fcdfbaffdb204e998fb10c34da1b43bcfcb11895d80984065066bb843205ec0f,20016,rigid,False,True,1000,201.000783984,421.453138557,2.09677360557,364.185736642,1000,0,0,0,598.692292237,540.319793744,0,optimal
validation,hourly_seed_20016,fcdfbaffdb204e998fb10c34da1b43bcfcb11895d80984065066bb843205ec0f,20016,flexible,True,False,1000,201.000783984,879.859797868,4.37739485602,364.185736642,1000,32051.8876071,31693.3843335,358.503273552,0,0,0,optimal
validation,hourly_seed_20016,fcdfbaffdb204e998fb10c34da1b43bcfcb11895d80984065066bb843205ec0f,20016,rigid,True,False,1000,201.000783984,503.659014108,2.50575646584,364.185736642,1000,32051.8876071,17911.0481475,14140.8394595,0,0,0,optimal
validation,hourly_seed_20016,fcdfbaffdb204e998fb10c34da1b43bcfcb11895d80984065066bb843205ec0f,20016,flexible,True,True,1000,201.000783984,887.002631763,4.41293120446,364.185736642,1000,32051.8876071,31517.3767492,534.51085785,883.646446895,797.490918322,0,optimal
validation,hourly_seed_20016,fcdfbaffdb204e998fb10c34da1b43bcfcb11895d80984065066bb843205ec0f,20016,rigid,True,True,1000,201.000783984,601.126963707,2.99066974661,364.185736642,1000,32051.8876071,15309.3099018,16742.5777053,685.344939298,618.523807716,0,optimal
validation,hourly_seed_20017,2f5d41ef67d7b46fba35da20232abfb356853a55ca8813c568bcfb61789eb0b3,20017,flexible,False,False,1000,201.000783984,739.649798657,3.67983539167,364.185736642,1000,0,0,0,0,0,0,optimal
validation,hourly_seed_20017,2f5d41ef67d7b46fba35da20232abfb356853a55ca8813c568bcfb61789eb0b3,20017,rigid,False,False,1000,201.000783984,454.596080406,2.26166322039,364.185736642,1000,0,0,0,0,0,0,optimal
validation,hourly_seed_20017,2f5d41ef67d7b46fba35da20232abfb356853a55ca8813c568bcfb61789eb0b3,20017,flexible,False,True,1000,201.000783984,744.615573854,3.70454064455,364.185736642,1000,0,0,0,601.67933053,543.015595803,0,optimal
validation,hourly_seed_20017,2f5d41ef67d7b46fba35da20232abfb356853a55ca8813c568bcfb61789eb0b3,20017,rigid,False,True,1000,201.000783984,526.452398078,2.61915594379,364.185736642,1000,0,0,0,1311.86948881,1183.96221365,0,optimal
validation,hourly_seed_20017,2f5d41ef67d7b46fba35da20232abfb356853a55ca8813c568bcfb61789eb0b3,20017,flexible,True,False,1000,201.000783984,912.237575308,4.53847769758,364.185736642,1000,31160.9994888,29317.5058353,1843.49365346,0,0,0,optimal
validation,hourly_seed_20017,2f5d41ef67d7b46fba35da20232abfb356853a55ca8813c568bcfb61789eb0b3,20017,rigid,True,False,1000,201.000783984,562.884663132,2.80041028684,364.185736642,1000,31160.9994888,15958.2880267,15202.7114621,0,0,0,optimal
validation,hourly_seed_20017,2f5d41ef67d7b46fba35da20232abfb356853a55ca8813c568bcfb61789eb0b3,20017,flexible,True,True,1000,201.000783984,918.614661469,4.57020437065,364.185736642,1000,31160.9994888,28343.0544842,2817.94500462,846.931289721,764.355488973,0,optimal
validation,hourly_seed_20017,2f5d41ef67d7b46fba35da20232abfb356853a55ca8813c568bcfb61789eb0b3,20017,rigid,True,True,1000,201.000783984,663.987523608,3.30340763079,364.185736642,1000,31160.9994888,13698.3655206,17462.6339682,704.501851161,635.812920673,0,optimal
validation,hourly_seed_20018,8e763f3271a7a4097ce6d5765e7d72366ebd1a38bb9b8d4a77586cae7b5586a8,20018,flexible,False,False,1000,201.000783984,692.539568506,3.44545705135,364.185736642,1000,0,0,0,0,0,0,optimal
validation,hourly_seed_20018,8e763f3271a7a4097ce6d5765e7d72366ebd1a38bb9b8d4a77586cae7b5586a8,20018,rigid,False,False,1000,201.000783984,361.892865417,1.80045499447,364.185736642,1000,0,0,0,0,0,0,optimal
validation,hourly_seed_20018,8e763f3271a7a4097ce6d5765e7d72366ebd1a38bb9b8d4a77586cae7b5586a8,20018,flexible,False,True,1000,201.000783984,704.811225506,3.50650983313,364.185736642,1000,0,0,0,1188.42645914,1072.55487938,0,optimal
validation,hourly_seed_20018,8e763f3271a7a4097ce6d5765e7d72366ebd1a38bb9b8d4a77586cae7b5586a8,20018,rigid,False,True,1000,201.000783984,426.060610709,2.11969626319,364.185736642,1000,0,0,0,586.349741681,529.180641867,0,optimal
validation,hourly_seed_20018,8e763f3271a7a4097ce6d5765e7d72366ebd1a38bb9b8d4a77586cae7b5586a8,20018,flexible,True,False,1000,201.000783984,882.942876397,4.39273349534,364.185736642,1000,32520.3060582,31357.1431332,1163.16292495,0,0,0,optimal
validation,hourly_seed_20018,8e763f3271a7a4097ce6d5765e7d72366ebd1a38bb9b8d4a77586cae7b5586a8,20018,rigid,True,False,1000,201.000783984,460.582942202,2.29144848628,364.185736642,1000,32520.3060582,14966.2656028,17554.0404554,0,0,0,optimal
validation,hourly_seed_20018,8e763f3271a7a4097ce6d5765e7d72366ebd1a38bb9b8d4a77586cae7b5586a8,20018,flexible,True,True,1000,201.000783984,890.856547351,4.43210483906,364.185736642,1000,32520.3060582,29207.616077,3312.68998114,1110.63111014,1002.3445769,0,optimal
validation,hourly_seed_20018,8e763f3271a7a4097ce6d5765e7d72366ebd1a38bb9b8d4a77586cae7b5586a8,20018,rigid,True,True,1000,201.000783984,559.989466962,2.78600638198,364.185736642,1000,32520.3060582,14186.5964544,18333.7096038,513.863422064,463.761738412,0,optimal
validation,hourly_seed_20019,26b82610da5a7e89dd575868500cb0a5f1b0c96ed8feee76ef27a6a4055b6ad9,20019,flexible,False,False,1000,201.000783984,767.594576791,3.81886359633,427.229113711,1000,0,0,0,0,0,0,optimal
validation,hourly_seed_20019,26b82610da5a7e89dd575868500cb0a5f1b0c96ed8feee76ef27a6a4055b6ad9,20019,rigid,False,False,1000,201.000783984,427.792668526,2.12831343265,427.229113711,1000,0,0,0,0,0,0,optimal
validation,hourly_seed_20019,26b82610da5a7e89dd575868500cb0a5f1b0c96ed8feee76ef27a6a4055b6ad9,20019,flexible,False,True,1000,201.000783984,770.373334352,3.83268820689,427.229113711,1000,0,0,0,443.46836751,400.230201678,0,optimal
validation,hourly_seed_20019,26b82610da5a7e89dd575868500cb0a5f1b0c96ed8feee76ef27a6a4055b6ad9,20019,rigid,False,True,1000,201.000783984,486.639715268,2.42108366755,427.229113711,1000,0,0,0,559.750238715,505.17459044,0,optimal
validation,hourly_seed_20019,26b82610da5a7e89dd575868500cb0a5f1b0c96ed8feee76ef27a6a4055b6ad9,20019,flexible,True,False,1000,201.000783984,924.924887952,4.60159840981,427.229113711,1000,25460.0448199,24398.9099229,1061.13489697,0,0,0,optimal
validation,hourly_seed_20019,26b82610da5a7e89dd575868500cb0a5f1b0c96ed8feee76ef27a6a4055b6ad9,20019,rigid,True,False,1000,201.000783984,568.834462797,2.83001116474,427.229113711,1000,25460.0448199,12248.2904768,13211.7543431,0,0,0,optimal
validation,hourly_seed_20019,26b82610da5a7e89dd575868500cb0a5f1b0c96ed8feee76ef27a6a4055b6ad9,20019,flexible,True,True,1000,201.000783984,929.423728347,4.62398061303,427.229113711,1000,25460.0448199,23520.895263,1939.14955691,607.408322175,548.186010763,0,optimal
validation,hourly_seed_20019,26b82610da5a7e89dd575868500cb0a5f1b0c96ed8feee76ef27a6a4055b6ad9,20019,rigid,True,True,1000,201.000783984,640.964646002,3.18886639792,427.229113711,1000,25460.0448199,11153.6101103,14306.4347096,527.769307087,476.311799646,0,optimal
validation,hourly_seed_20020,e8342e9517614c5c3a851bc53a3fca9995119a1fd74439c9c7c25d2baa659cec,20020,flexible,False,False,1000,201.000783984,744.329542336,3.70311760771,393.510110093,1000,0,0,0,0,0,0,optimal
validation,hourly_seed_20020,e8342e9517614c5c3a851bc53a3fca9995119a1fd74439c9c7c25d2baa659cec,20020,rigid,False,False,1000,201.000783984,430.273672985,2.14065669027,393.510110093,1000,0,0,0,0,0,0,optimal
validation,hourly_seed_20020,e8342e9517614c5c3a851bc53a3fca9995119a1fd74439c9c7c25d2baa659cec,20020,flexible,False,True,1000,201.000783984,748.477942554,3.72375633427,393.510110093,1000,0,0,0,567.368418823,512.049997988,0,optimal
validation,hourly_seed_20020,e8342e9517614c5c3a851bc53a3fca9995119a1fd74439c9c7c25d2baa659cec,20020,rigid,False,True,1000,201.000783984,477.738918744,2.37680127049,393.510110093,1000,0,0,0,445.54355407,402.103057548,0,optimal
validation,hourly_seed_20020,e8342e9517614c5c3a851bc53a3fca9995119a1fd74439c9c7c25d2baa659cec,20020,flexible,True,False,1000,201.000783984,904.138612798,4.49818450892,393.510110093,1000,29314.6706128,29314.6706128,0,0,0,0,optimal
validation,hourly_seed_20020,e8342e9517614c5c3a851bc53a3fca9995119a1fd74439c9c7c25d2baa659cec,20020,rigid,True,False,1000,201.000783984,549.239626237,2.73252479593,393.510110093,1000,29314.6706128,11649.7947005,17664.8759124,0,0,0,optimal
validation,hourly_seed_20020,e8342e9517614c5c3a851bc53a3fca9995119a1fd74439c9c7c25d2baa659cec,20020,flexible,True,True,1000,201.000783984,904.910622144,4.50202533646,393.510110093,1000,29314.6706128,26223.716287,3090.95432583,123.535232221,111.490547079,0,optimal
validation,hourly_seed_20020,e8342e9517614c5c3a851bc53a3fca9995119a1fd74439c9c7c25d2baa659cec,20020,rigid,True,True,1000,201.000783984,649.762641607,3.23263734961,393.510110093,1000,29314.6706128,16155.417626,13159.2529868,541.672759438,488.859665392,0,optimal
validation,hourly_seed_20021,701ff2017db7951381fa4cef6045ac0dec51fbb4cca48ed63ba37009fa9f3cd0,20021,flexible,False,False,1000,201.000783984,840.699970948,4.18257060637,503.783081771,1000,0,0,0,0,0,0,optimal
validation,hourly_seed_20021,701ff2017db7951381fa4cef6045ac0dec51fbb4cca48ed63ba37009fa9f3cd0,20021,rigid,False,False,1000,201.000783984,504.530929723,2.51009433756,503.783081771,1000,0,0,0,0,0,0,optimal
validation,hourly_seed_20021,701ff2017db7951381fa4cef6045ac0dec51fbb4cca48ed63ba37009fa9f3cd0,20021,flexible,False,True,1000,201.000783984,842.149566927,4.18978249853,503.783081771,1000,0,0,0,210.526315789,190,0,optimal
validation,hourly_seed_20021,701ff2017db7951381fa4cef6045ac0dec51fbb4cca48ed63ba37009fa9f3cd0,20021,rigid,False,True,1000,201.000783984,587.11360678,2.92095182488,503.783081771,1000,0,0,0,421.052631579,380,0,optimal
validation,hourly_seed_20021,701ff2017db7951381fa4cef6045ac0dec51fbb4cca48ed63ba37009fa9f3cd0,20021,flexible,True,False,1000,201.000783984,983.950490806,4.89525698011,503.783081771,1000,26625.7647801,22373.0079235,4252.75685665,0,0,0,optimal
validation,hourly_seed_20021,701ff2017db7951381fa4cef6045ac0dec51fbb4cca48ed63ba37009fa9f3cd0,20021,rigid,True,False,1000,201.000783984,645.902127638,3.21343088736,503.783081771,1000,26625.7647801,11302.2689529,15323.4958272,0,0,0,optimal
validation,hourly_seed_20021,701ff2017db7951381fa4cef6045ac0dec51fbb4cca48ed63ba37009fa9f3cd0,20021,flexible,True,True,1000,201.000783984,986.497437508,4.90792830732,503.783081771,1000,26625.7647801,21410.1551057,5215.60967438,365.014180554,329.42529795,0,optimal
validation,hourly_seed_20021,701ff2017db7951381fa4cef6045ac0dec51fbb4cca48ed63ba37009fa9f3cd0,20021,rigid,True,True,1000,201.000783984,747.431798733,3.71855165895,503.783081771,1000,26625.7647801,10016.2346876,16609.5300925,586.334060668,529.166489753,0,optimal
validation,hourly_seed_20022,ff5ee2ebbe97b041c4f52690bebeea5c4791804519777c2b3465735aa7ea18bc,20022,flexible,False,False,1000,201.000783984,679.700368505,3.38158068358,372.005388909,1000,0,0,0,0,0,0,optimal
validation,hourly_seed_20022,ff5ee2ebbe97b041c4f52690bebeea5c4791804519777c2b3465735aa7ea18bc,20022,rigid,False,False,1000,201.000783984,373.759735661,1.85949391964,372.005388909,1000,0,0,0,0,0,0,optimal
validation,hourly_seed_20022,ff5ee2ebbe97b041c4f52690bebeea5c4791804519777c2b3465735aa7ea18bc,20022,flexible,False,True,1000,201.000783984,696.386266065,3.46459477551,372.005388909,1000,0,0,0,1525.72632806,1376.96801107,0,optimal
validation,hourly_seed_20022,ff5ee2ebbe97b041c4f52690bebeea5c4791804519777c2b3465735aa7ea18bc,20022,rigid,False,True,1000,201.000783984,431.309560804,2.14581034091,372.005388909,1000,0,0,0,722.961529613,652.472780476,0,optimal
validation,hourly_seed_20022,ff5ee2ebbe97b041c4f52690bebeea5c4791804519777c2b3465735aa7ea18bc,20022,flexible,True,False,1000,201.000783984,873.939516044,4.34794083248,372.005388909,1000,31093.0143281,30802.6657736,290.348554506,0,0,0,optimal
validation,hourly_seed_20022,ff5ee2ebbe97b041c4f52690bebeea5c4791804519777c2b3465735aa7ea18bc,20022,rigid,True,False,1000,201.000783984,509.521224722,2.53492157903,372.005388909,1000,31093.0143281,15097.9384717,15995.0758564,0,0,0,optimal
validation,hourly_seed_20022,ff5ee2ebbe97b041c4f52690bebeea5c4791804519777c2b3465735aa7ea18bc,20022,flexible,True,True,1000,201.000783984,881.472888366,4.38542015058,372.005388909,1000,31093.0143281,30289.463724,803.550604123,898.388573388,810.795687483,0,optimal
validation,hourly_seed_20022,ff5ee2ebbe97b041c4f52690bebeea5c4791804519777c2b3465735aa7ea18bc,20022,rigid,True,True,1000,201.000783984,609.825427722,3.03394551819,372.005388909,1000,31093.0143281,15504.5407614,15588.4735667,651.747864009,588.202447268,0,optimal
validation,hourly_seed_20023,23d215f649dc36ba5204172d21e77aec2dbf760dbdb812544d2d4f3531b50b4a,20023,flexible,False,False,1000,201.000783984,803.228270205,3.99614496165,427.229113711,1000,0,0,0,0,0,0,optimal
validation,hourly_seed_20023,23d215f649dc36ba5204172d21e77aec2dbf760dbdb812544d2d4f3531b50b4a,20023,rigid,False,False,1000,201.000783984,458.232280563,2.27975369787,427.229113711,1000,0,0,0,0,0,0,optimal
validation,hourly_seed_20023,23d215f649dc36ba5204172d21e77aec2dbf760dbdb812544d2d4f3531b50b4a,20023,flexible,False,True,1000,201.000783984,805.810600341,4.00899232515,427.229113711,1000,0,0,0,483.196244574,436.084610728,0,optimal
validation,hourly_seed_20023,23d215f649dc36ba5204172d21e77aec2dbf760dbdb812544d2d4f3531b50b4a,20023,rigid,False,True,1000,201.000783984,508.12952701,2.52799773682,427.229113711,1000,0,0,0,443.99424719,400.704808089,0,optimal
validation,hourly_seed_20023,23d215f649dc36ba5204172d21e77aec2dbf760dbdb812544d2d4f3531b50b4a,20023,flexible,True,False,1000,201.000783984,953.362519149,4.7430786102,427.229113711,1000,27228.3946734,26102.6537704,1125.740903,0,0,0,optimal
validation,hourly_seed_20023,23d215f649dc36ba5204172d21e77aec2dbf760dbdb812544d2d4f3531b50b4a,20023,rigid,True,False,1000,201.000783984,565.291234327,2.81238323116,427.229113711,1000,27228.3946734,11888.0844369,15340.3102365,0,0,0,optimal
validation,hourly_seed_20023,23d215f649dc36ba5204172d21e77aec2dbf760dbdb812544d2d4f3531b50b4a,20023,flexible,True,True,1000,201.000783984,956.261308312,4.75750039058,427.229113711,1000,27228.3946734,23597.3892681,3631.0054053,410.722741717,370.6772744,0,optimal
validation,hourly_seed_20023,23d215f649dc36ba5204172d21e77aec2dbf760dbdb812544d2d4f3531b50b4a,20023,rigid,True,True,1000,201.000783984,670.385592841,3.33523869685,427.229113711,1000,27228.3946734,9028.17917681,18200.2154966,519.440895579,468.79540826,0,optimal
validation,hourly_seed_20024,bfa1c712515b6b2871c9d0496b7089348376adcf5e92ff38c1db0aa37274c189,20024,flexible,False,False,1000,201.000783984,762.555532607,3.79379382256,365.140145433,1000,0,0,0,0,0,0,optimal
validation,hourly_seed_20024,bfa1c712515b6b2871c9d0496b7089348376adcf5e92ff38c1db0aa37274c189,20024,rigid,False,False,1000,201.000783984,368.018982265,1.83093306887,365.140145433,1000,0,0,0,0,0,0,optimal
validation,hourly_seed_20024,bfa1c712515b6b2871c9d0496b7089348376adcf5e92ff38c1db0aa37274c189,20024,flexible,False,True,1000,201.000783984,767.318259476,3.81748888868,365.140145433,1000,0,0,0,425.217046248,383.758384239,0,optimal
validation,hourly_seed_20024,bfa1c712515b6b2871c9d0496b7089348376adcf5e92ff38c1db0aa37274c189,20024,rigid,False,True,1000,201.000783984,432.445606655,2.15146228827,365.140145433,1000,0,0,0,552.546819577,498.673504668,0,optimal
validation,hourly_seed_20024,bfa1c712515b6b2871c9d0496b7089348376adcf5e92ff38c1db0aa37274c189,20024,flexible,True,False,1000,201.000783984,912.917148359,4.54185864485,365.140145433,1000,24330.9881006,22392.2235936,1938.764507,0,0,0,optimal
validation,hourly_seed_20024,bfa1c712515b6b2871c9d0496b7089348376adcf5e92ff38c1db0aa37274c189,20024,rigid,True,False,1000,201.000783984,494.836904683,2.46186554537,365.140145433,1000,24330.9881006,6574.31637828,17756.6717223,0,0,0,optimal
validation,hourly_seed_20024,bfa1c712515b6b2871c9d0496b7089348376adcf5e92ff38c1db0aa37274c189,20024,flexible,True,True,1000,201.000783984,914.814720234,4.55129926412,365.140145433,1000,24330.9881006,20355.609289,3975.3788116,303.959587862,274.323528045,0,optimal
validation,hourly_seed_20024,bfa1c712515b6b2871c9d0496b7089348376adcf5e92ff38c1db0aa37274c189,20024,rigid,True,True,1000,201.000783984,572.544093455,2.84846696668,365.140145433,1000,24330.9881006,11567.8997861,12763.0883145,437.739477531,395.059878472,0,optimal
validation,hourly_seed_20025,8b9c56a801f81f8d87fb1d59598d500fc4c6d3dd64f3eb57a3ae00627332af2e,20025,flexible,False,False,1000,201.000783984,671.741961092,3.34198677128,364.185736642,1000,0,0,0,0,0,0,optimal
validation,hourly_seed_20025,8b9c56a801f81f8d87fb1d59598d500fc4c6d3dd64f3eb57a3ae00627332af2e,20025,rigid,False,False,1000,201.000783984,366.186680405,1.82181717477,364.185736642,1000,0,0,0,0,0,0,optimal
validation,hourly_seed_20025,8b9c56a801f81f8d87fb1d59598d500fc4c6d3dd64f3eb57a3ae00627332af2e,20025,flexible,False,True,1000,201.000783984,688.734525694,3.42652656394,364.185736642,1000,0,0,0,1511.48224479,1364.11272593,0,optimal
validation,hourly_seed_20025,8b9c56a801f81f8d87fb1d59598d500fc4c6d3dd64f3eb57a3ae00627332af2e,20025,rigid,False,True,1000,201.000783984,418.636979219,2.08276291725,364.185736642,1000,0,0,0,587.183902399,529.933471915,0,optimal
validation,hourly_seed_20025,8b9c56a801f81f8d87fb1d59598d500fc4c6d3dd64f3eb57a3ae00627332af2e,20025,flexible,True,False,1000,201.000783984,881.201056936,4.38406776068,364.185736642,1000,32051.8876071,31711.0399621,340.847644972,0,0,0,optimal
validation,hourly_seed_20025,8b9c56a801f81f8d87fb1d59598d500fc4c6d3dd64f3eb57a3ae00627332af2e,20025,rigid,True,False,1000,201.000783984,475.305852254,2.3646965093,364.185736642,1000,32051.8876071,13998.8101528,18053.0774542,0,0,0,optimal
validation,hourly_seed_20025,8b9c56a801f81f8d87fb1d59598d500fc4c6d3dd64f3eb57a3ae00627332af2e,20025,flexible,True,True,1000,201.000783984,888.398901122,4.41987779109,364.185736642,1000,32051.8876071,31500.0428111,551.844795978,886.669305038,800.219047797,0,optimal
validation,hourly_seed_20025,8b9c56a801f81f8d87fb1d59598d500fc4c6d3dd64f3eb57a3ae00627332af2e,20025,rigid,True,True,1000,201.000783984,569.848719318,2.8350571974,364.185736642,1000,32051.8876071,13665.3894267,18386.4981804,433.386226471,391.13106939,0,optimal
validation,hourly_seed_20026,6e6e393e3da9889909b881d6cf110a2f75b727442ea9092b5c0f92694f251b83,20026,flexible,False,False,1000,201.000783984,703.571247873,3.50034081424,364.185736642,1000,0,0,0,0,0,0,optimal
validation,hourly_seed_20026,6e6e393e3da9889909b881d6cf110a2f75b727442ea9092b5c0f92694f251b83,20026,rigid,False,False,1000,201.000783984,364.909902397,1.81546507016,364.185736642,1000,0,0,0,0,0,0,optimal
validation,hourly_seed_20026,6e6e393e3da9889909b881d6cf110a2f75b727442ea9092b5c0f92694f251b83,20026,flexible,False,True,1000,201.000783984,715.992801981,3.56213934985,364.185736642,1000,0,0,0,1192.61970106,1076.33928021,0,optimal
validation,hourly_seed_20026,6e6e393e3da9889909b881d6cf110a2f75b727442ea9092b5c0f92694f251b83,20026,rigid,False,True,1000,201.000783984,419.138563583,2.08525835211,364.185736642,1000,0,0,0,600.80665619,542.228007211,0,optimal
validation,hourly_seed_20026,6e6e393e3da9889909b881d6cf110a2f75b727442ea9092b5c0f92694f251b83,20026,flexible,True,False,1000,201.000783984,891.995007388,4.43776879726,364.185736642,1000,32408.0552901,31348.7901366,1059.26515347,0,0,0,optimal
validation,hourly_seed_20026,6e6e393e3da9889909b881d6cf110a2f75b727442ea9092b5c0f92694f251b83,20026,rigid,True,False,1000,201.000783984,465.903681205,2.31791972136,364.185736642,1000,32408.0552901,15201.7370118,17206.3182783,0,0,0,optimal
validation,hourly_seed_20026,6e6e393e3da9889909b881d6cf110a2f75b727442ea9092b5c0f92694f251b83,20026,flexible,True,True,1000,201.000783984,901.44636979,4.48479031734,364.185736642,1000,32408.0552901,29866.2248623,2541.83042779,1197.92124095,1081.12391995,0,optimal
validation,hourly_seed_20026,6e6e393e3da9889909b881d6cf110a2f75b727442ea9092b5c0f92694f251b83,20026,rigid,True,True,1000,201.000783984,556.031531024,2.76631523521,364.185736642,1000,32408.0552901,13154.6154903,19253.4397997,631.893052011,570.28347944,0,optimal
validation,hourly_seed_20027,1ac90b35e11f1b160908c6ae12628886ef5fc616269d57f4e09c799e9df96110,20027,flexible,False,False,1000,201.000783984,710.506660444,3.53484521981,391.732261938,1000,0,0,0,0,0,0,optimal
validation,hourly_seed_20027,1ac90b35e11f1b160908c6ae12628886ef5fc616269d57f4e09c799e9df96110,20027,rigid,False,False,1000,201.000783984,393.72607227,1.9588285402,391.732261938,1000,0,0,0,0,0,0,optimal
validation,hourly_seed_20027,1ac90b35e11f1b160908c6ae12628886ef5fc616269d57f4e09c799e9df96110,20027,flexible,False,True,1000,201.000783984,720.320374992,3.58366947986,391.732261938,1000,0,0,0,1025.81764466,925.800424307,0,optimal
validation,hourly_seed_20027,1ac90b35e11f1b160908c6ae12628886ef5fc616269d57f4e09c799e9df96110,20027,rigid,False,True,1000,201.000783984,444.886705326,2.21335806014,391.732261938,1000,0,0,0,534.750743058,482.61254561,0,optimal
validation,hourly_seed_20027,1ac90b35e11f1b160908c6ae12628886ef5fc616269d57f4e09c799e9df96110,20027,flexible,True,False,1000,201.000783984,886.360385427,4.40973596152,391.732261938,1000,29780.4316831,29494.2662465,286.165436503,0,0,0,optimal
validation,hourly_seed_20027,1ac90b35e11f1b160908c6ae12628886ef5fc616269d57f4e09c799e9df96110,20027,rigid,True,False,1000,201.000783984,493.363678704,2.45453609148,391.732261938,1000,29780.4316831,10447.3570135,19333.0746695,0,0,0,optimal
validation,hourly_seed_20027,1ac90b35e11f1b160908c6ae12628886ef5fc616269d57f4e09c799e9df96110,20027,flexible,True,True,1000,201.000783984,892.908722794,4.44231462731,391.732261938,1000,29780.4316831,27602.218373,2178.21331008,863.243445918,779.077209941,0,optimal
validation,hourly_seed_20027,1ac90b35e11f1b160908c6ae12628886ef5fc616269d57f4e09c799e9df96110,20027,rigid,True,True,1000,201.000783984,591.359594369,2.94207605885,391.732261938,1000,29780.4316831,14438.0278081,15342.4038749,435.53447746,393.069865908,0,optimal
validation,hourly_seed_20028,f51e99eb46113ce586fa7af8b9757c8b754a2014a2e17f072a30c20fafd9aaee,20028,flexible,False,False,1000,201.000783984,714.434973739,3.55438899082,393.510110093,1000,0,0,0,0,0,0,optimal
validation,hourly_seed_20028,f51e99eb46113ce586fa7af8b9757c8b754a2014a2e17f072a30c20fafd9aaee,20028,rigid,False,False,1000,201.000783984,396.811415422,1.97417844625,393.510110093,1000,0,0,0,0,0,0,optimal
validation,hourly_seed_20028,f51e99eb46113ce586fa7af8b9757c8b754a2014a2e17f072a30c20fafd9aaee,20028,flexible,False,True,1000,201.000783984,722.886604488,3.59643674099,393.510110093,1000,0,0,0,960.873026982,867.187906852,0,optimal
validation,hourly_seed_20028,f51e99eb46113ce586fa7af8b9757c8b754a2014a2e17f072a30c20fafd9aaee,20028,rigid,False,True,1000,201.000783984,456.918765799,2.27321882404,393.510110093,1000,0,0,0,697.806048143,629.769958449,0,optimal
validation,hourly_seed_20028,f51e99eb46113ce586fa7af8b9757c8b754a2014a2e17f072a30c20fafd9aaee,20028,flexible,True,False,1000,201.000783984,892.132843445,4.43845454611,393.510110093,1000,30679.8204262,29224.0966379,1455.72378838,0,0,0,optimal
validation,hourly_seed_20028,f51e99eb46113ce586fa7af8b9757c8b754a2014a2e17f072a30c20fafd9aaee,20028,rigid,True,False,1000,201.000783984,568.325890791,2.82748096563,393.510110093,1000,30679.8204262,16654.4138297,14025.4065965,0,0,0,optimal
validation,hourly_seed_20028,f51e99eb46113ce586fa7af8b9757c8b754a2014a2e17f072a30c20fafd9aaee,20028,flexible,True,True,1000,201.000783984,895.686780199,4.45613575453,393.510110093,1000,30679.8204262,26260.7314496,4419.08897664,487.940850974,440.366618004,0,optimal
validation,hourly_seed_20028,f51e99eb46113ce586fa7af8b9757c8b754a2014a2e17f072a30c20fafd9aaee,20028,rigid,True,True,1000,201.000783984,668.892753122,3.32781166254,393.510110093,1000,30679.8204262,15471.9059934,15207.9144329,922.862756118,832.883637397,0,optimal
validation,hourly_seed_20029,e9ca373a34dde68a471af780189aead715d121ad1cbaf0cd7bb76e6ab85d203e,20029,flexible,False,False,1000,201.000783984,720.672723651,3.58542245143,393.510110093,1000,0,0,0,0,0,0,optimal
validation,hourly_seed_20029,e9ca373a34dde68a471af780189aead715d121ad1cbaf0cd7bb76e6ab85d203e,20029,rigid,False,False,1000,201.000783984,394.176674688,1.96107033453,393.510110093,1000,0,0,0,0,0,0,optimal
validation,hourly_seed_20029,e9ca373a34dde68a471af780189aead715d121ad1cbaf0cd7bb76e6ab85d203e,20029,flexible,False,True,1000,201.000783984,727.727525241,3.6205208299,393.510110093,1000,0,0,0,897.647441676,810.126816113,0,optimal
validation,hourly_seed_20029,e9ca373a34dde68a471af780189aead715d121ad1cbaf0cd7bb76e6ab85d203e,20029,rigid,False,True,1000,201.000783984,450.679559318,2.24217811685,393.510110093,1000,0,0,0,507.809627593,458.298188902,0,optimal
validation,hourly_seed_20029,e9ca373a34dde68a471af780189aead715d121ad1cbaf0cd7bb76e6ab85d203e,20029,flexible,True,False,1000,201.000783984,898.265912857,4.46896721024,393.510110093,1000,30304.4347678,29442.3352597,862.099508108,0,0,0,optimal
validation,hourly_seed_20029,e9ca373a34dde68a471af780189aead715d121ad1cbaf0cd7bb76e6ab85d203e,20029,rigid,True,False,1000,201.000783984,574.725759279,2.85932098317,393.510110093,1000,30304.4347678,19216.3753099,11088.0594578,0,0,0,optimal
validation,hourly_seed_20029,e9ca373a34dde68a471af780189aead715d121ad1cbaf0cd7bb76e6ab85d203e,20029,flexible,True,True,1000,201.000783984,901.991975092,4.487504761,393.510110093,1000,30304.4347678,25774.3587333,4530.07603444,592.984148106,535.168193666,0,optimal
validation,hourly_seed_20029,e9ca373a34dde68a471af780189aead715d121ad1cbaf0cd7bb76e6ab85d203e,20029,rigid,True,True,1000,201.000783984,658.158591404,3.2744080812,393.510110093,1000,30304.4347678,15811.4025907,14493.0321771,679.9333789,613.639874457,0,optimal
validation,hourly_seed_20030,d6def8624b176139301cda7379850cd4dcaaaa64a49b8e0e664d41c87c7f4d80,20030,flexible,False,False,1000,201.000783984,830.356796062,4.13111222555,503.783081771,1000,0,0,0,0,0,0,optimal
validation,hourly_seed_20030,d6def8624b176139301cda7379850cd4dcaaaa64a49b8e0e664d41c87c7f4d80,20030,rigid,False,False,1000,201.000783984,508.096418792,2.52783301996,503.783081771,1000,0,0,0,0,0,0,optimal
validation,hourly_seed_20030,d6def8624b176139301cda7379850cd4dcaaaa64a49b8e0e664d41c87c7f4d80,20030,flexible,False,True,1000,201.000783984,831.765923961,4.13812278477,503.783081771,1000,0,0,0,315.789473684,285,0,optimal
validation,hourly_seed_20030,d6def8624b176139301cda7379850cd4dcaaaa64a49b8e0e664d41c87c7f4d80,20030,rigid,False,True,1000,201.000783984,554.191054244,2.75715867003,503.783081771,1000,0,0,0,421.052631579,380,0,optimal
validation,hourly_seed_20030,d6def8624b176139301cda7379850cd4dcaaaa64a49b8e0e664d41c87c7f4d80,20030,flexible,True,False,1000,201.000783984,975.814488552,4.85477951484,503.783081771,1000,25938.2382294,23056.3845132,2881.8537162,0,0,0,optimal
validation,hourly_seed_20030,d6def8624b176139301cda7379850cd4dcaaaa64a49b8e0e664d41c87c7f4d80,20030,rigid,True,False,1000,201.000783984,582.866566864,2.89982235547,503.783081771,1000,25938.2382294,5332.06635376,20606.1718756,0,0,0,optimal
validation,hourly_seed_20030,d6def8624b176139301cda7379850cd4dcaaaa64a49b8e0e664d41c87c7f4d80,20030,flexible,True,True,1000,201.000783984,979.985710546,4.87553178212,503.783081771,1000,25938.2382294,21737.2204296,4201.01779981,584.980375902,527.944789251,0,optimal
validation,hourly_seed_20030,d6def8624b176139301cda7379850cd4dcaaaa64a49b8e0e664d41c87c7f4d80,20030,rigid,True,True,1000,201.000783984,682.772438886,3.39686455621,503.783081771,1000,25938.2382294,8114.86998583,17823.3682436,469.38890691,423.623488486,0,optimal
validation,hourly_seed_20031,8218cfabc0188dc50ee5cebacb0feab9bd0baaaf670c05a52f89e2c3fb07d8d6,20031,flexible,False,False,1000,201.000783984,726.381373663,3.61382358449,393.510110093,1000,0,0,0,0,0,0,optimal
validation,hourly_seed_20031,8218cfabc0188dc50ee5cebacb0feab9bd0baaaf670c05a52f89e2c3fb07d8d6,20031,rigid,False,False,1000,201.000783984,395.189640509,1.96610994582,393.510110093,1000,0,0,0,0,0,0,optimal
validation,hourly_seed_20031,8218cfabc0188dc50ee5cebacb0feab9bd0baaaf670c05a52f89e2c3fb07d8d6,20031,flexible,False,True,1000,201.000783984,733.077113123,3.64713559118,393.510110093,1000,0,0,0,784.912115187,708.383183956,0,optimal
validation,hourly_seed_20031,8218cfabc0188dc50ee5cebacb0feab9bd0baaaf670c05a52f89e2c3fb07d8d6,20031,rigid,False,True,1000,201.000783984,442.087645974,2.19943244604,393.510110093,1000,0,0,0,434.752246147,392.363902148,0,optimal
validation,hourly_seed_20031,8218cfabc0188dc50ee5cebacb0feab9bd0baaaf670c05a52f89e2c3fb07d8d6,20031,flexible,True,False,1000,201.000783984,897.637349772,4.46584004291,393.510110093,1000,30511.1009386,27748.7901301,2762.31080851,0,0,0,optimal
validation,hourly_seed_20031,8218cfabc0188dc50ee5cebacb0feab9bd0baaaf670c05a52f89e2c3fb07d8d6,20031,rigid,True,False,1000,201.000783984,491.25784995,2.44405937237,393.510110093,1000,30511.1009386,6996.15750103,23514.9434376,0,0,0,optimal
validation,hourly_seed_20031,8218cfabc0188dc50ee5cebacb0feab9bd0baaaf670c05a52f89e2c3fb07d8d6,20031,flexible,True,True,1000,201.000783984,900.078535472,4.47798519803,393.510110093,1000,30511.1009386,25374.6241848,5136.47675376,340.933843303,307.692793581,0,optimal
validation,hourly_seed_20031,8218cfabc0188dc50ee5cebacb0feab9bd0baaaf670c05a52f89e2c3fb07d8d6,20031,rigid,True,True,1000,201.000783984,572.544186385,2.84846742902,393.510110093,1000,30511.1009386,11806.3877083,18704.7132302,461.004688957,416.056731784,0,optimal
validation,hourly_seed_20032,2a8c9e9b61a659dfa5dcca71c1a5a5df728b1cf3b8d2476f82cc0d2bc74248a2,20032,flexible,False,False,1000,201.000783984,714.538359609,3.55490334638,365.140145433,1000,0,0,0,0,0,0,optimal
validation,hourly_seed_20032,2a8c9e9b61a659dfa5dcca71c1a5a5df728b1cf3b8d2476f82cc0d2bc74248a2,20032,rigid,False,False,1000,201.000783984,373.968242537,1.86053126324,365.140145433,1000,0,0,0,0,0,0,optimal
validation,hourly_seed_20032,2a8c9e9b61a659dfa5dcca71c1a5a5df728b1cf3b8d2476f82cc0d2bc74248a2,20032,flexible,False,True,1000,201.000783984,726.865605857,3.61623269049,365.140145433,1000,0,0,0,1199.68249502,1082.71345175,0,optimal
validation,hourly_seed_20032,2a8c9e9b61a659dfa5dcca71c1a5a5df728b1cf3b8d2476f82cc0d2bc74248a2,20032,rigid,False,True,1000,201.000783984,441.441614548,2.19621837188,365.140145433,1000,0,0,0,778.526039787,702.619750908,0,optimal
validation,hourly_seed_20032,2a8c9e9b61a659dfa5dcca71c1a5a5df728b1cf3b8d2476f82cc0d2bc74248a2,20032,flexible,True,False,1000,201.000783984,875.901571051,4.3577022621,365.140145433,1000,25178.6887515,25178.6887515,0,0,0,0,optimal
validation,hourly_seed_20032,2a8c9e9b61a659dfa5dcca71c1a5a5df728b1cf3b8d2476f82cc0d2bc74248a2,20032,rigid,True,False,1000,201.000783984,492.6625153,2.45104772994,365.140145433,1000,25178.6887515,12836.675872,12342.0128794,0,0,0,optimal
validation,hourly_seed_20032,2a8c9e9b61a659dfa5dcca71c1a5a5df728b1cf3b8d2476f82cc0d2bc74248a2,20032,flexible,True,True,1000,201.000783984,877.995730979,4.36812092757,365.140145433,1000,25178.6887515,24012.2582898,1166.43046169,338.20467907,305.22972286,0,optimal
validation,hourly_seed_20032,2a8c9e9b61a659dfa5dcca71c1a5a5df728b1cf3b8d2476f82cc0d2bc74248a2,20032,rigid,True,True,1000,201.000783984,574.162106089,2.85651674938,365.140145433,1000,25178.6887515,14635.9170557,10542.7716958,659.16067378,594.892508086,0,optimal
validation,hourly_seed_20033,355443adf5f22e18ca1f5d03b6750cd89f09743fb5231bd0a47f03540fe209c0,20033,flexible,False,False,1000,201.000783984,715.959703451,3.56197468119,398.643991717,1000,0,0,0,0,0,0,optimal
validation,hourly_seed_20033,355443adf5f22e18ca1f5d03b6750cd89f09743fb5231bd0a47f03540fe209c0,20033,rigid,False,False,1000,201.000783984,398.667317272,1.98341175278,398.643991717,1000,0,0,0,0,0,0,optimal
validation,hourly_seed_20033,355443adf5f22e18ca1f5d03b6750cd89f09743fb5231bd0a47f03540fe209c0,20033,flexible,False,True,1000,201.000783984,724.303913782,3.60348800351,398.643991717,1000,0,0,0,892.677397638,805.641351368,0,optimal
validation,hourly_seed_20033,355443adf5f22e18ca1f5d03b6750cd89f09743fb5231bd0a47f03540fe209c0,20033,rigid,False,True,1000,201.000783984,457.762639518,2.27741718438,398.643991717,1000,0,0,0,519.917351442,469.225409677,0,optimal
validation,hourly_seed_20033,355443adf5f22e18ca1f5d03b6750cd89f09743fb5231bd0a47f03540fe209c0,20033,flexible,True,False,1000,201.000783984,888.87113965,4.42222722733,398.643991717,1000,28856.7262045,28412.588072,444.138132459,0,0,0,optimal
validation,hourly_seed_20033,355443adf5f22e18ca1f5d03b6750cd89f09743fb5231bd0a47f03540fe209c0,20033,rigid,True,False,1000,201.000783984,509.161104581,2.53312994352,398.643991717,1000,28856.7262045,11945.380841,16911.3453635,0,0,0,optimal
validation,hourly_seed_20033,355443adf5f22e18ca1f5d03b6750cd89f09743fb5231bd0a47f03540fe209c0,20033,flexible,True,True,1000,201.000783984,894.374649566,4.44960776689,398.643991717,1000,28856.7262045,27275.4909677,1581.23523678,737.278933492,665.394237477,0,optimal
validation,hourly_seed_20033,355443adf5f22e18ca1f5d03b6750cd89f09743fb5231bd0a47f03540fe209c0,20033,rigid,True,True,1000,201.000783984,592.776162425,2.94912363363,398.643991717,1000,28856.7262045,14161.9022374,14694.8239671,576.360245715,520.165121757,0,optimal
validation,hourly_seed_20034,1156190aa6a251ea3537aeb663fb9aa5cfff75305d7fadc74c28863bab5e97ad,20034,flexible,False,False,1000,201.000783984,770.039557736,3.83102763319,427.229113711,1000,0,0,0,0,0,0,optimal
validation,hourly_seed_20034,1156190aa6a251ea3537aeb663fb9aa5cfff75305d7fadc74c28863bab5e97ad,20034,rigid,False,False,1000,201.000783984,427.338464329,2.12605371909,427.229113711,1000,0,0,0,0,0,0,optimal
validation,hourly_seed_20034,1156190aa6a251ea3537aeb663fb9aa5cfff75305d7fadc74c28863bab5e97ad,20034,flexible,False,True,1000,201.000783984,772.918882318,3.84535257524,427.229113711,1000,0,0,0,415.759063546,375.22255485,0,optimal
validation,hourly_seed_20034,1156190aa6a251ea3537aeb663fb9aa5cfff75305d7fadc74c28863bab5e97ad,20034,rigid,False,True,1000,201.000783984,481.636188203,2.39619059517,427.229113711,1000,0,0,0,488.641894119,440.999309443,0,optimal
validation,hourly_seed_20034,1156190aa6a251ea3537aeb663fb9aa5cfff75305d7fadc74c28863bab5e97ad,20034,flexible,True,False,1000,201.000783984,938.299138321,4.66813670934,427.229113711,1000,27498.2480306,25662.0198683,1836.2281623,0,0,0,optimal
validation,hourly_seed_20034,1156190aa6a251ea3537aeb663fb9aa5cfff75305d7fadc74c28863bab5e97ad,20034,rigid,True,False,1000,201.000783984,533.581999078,2.65462645718,427.229113711,1000,27498.2480306,10688.3864035,16809.8616271,0,0,0,optimal
validation,hourly_seed_20034,1156190aa6a251ea3537aeb663fb9aa5cfff75305d7fadc74c28863bab5e97ad,20034,flexible,True,True,1000,201.000783984,941.621174599,4.68466418854,427.229113711,1000,27498.2480306,25230.7221377,2267.52589296,563.977630606,508.989811622,0,optimal
validation,hourly_seed_20034,1156190aa6a251ea3537aeb663fb9aa5cfff75305d7fadc74c28863bab5e97ad,20034,rigid,True,True,1000,201.000783984,633.533570622,3.15189601784,427.229113711,1000,27498.2480306,9792.76632831,17705.4817023,540.398821055,487.709936003,0,optimal
validation,hourly_seed_20035,6b936443943e0cae5dcd30fb75d5e94008d975bc4ac207c6fe693553a0d0150e,20035,flexible,False,False,1000,201.000783984,730.676379857,3.63519169117,393.510110093,1000,0,0,0,0,0,0,optimal
validation,hourly_seed_20035,6b936443943e0cae5dcd30fb75d5e94008d975bc4ac207c6fe693553a0d0150e,20035,rigid,False,False,1000,201.000783984,405.527899944,2.01754387175,393.510110093,1000,0,0,0,0,0,0,optimal
validation,hourly_seed_20035,6b936443943e0cae5dcd30fb75d5e94008d975bc4ac207c6fe693553a0d0150e,20035,flexible,False,True,1000,201.000783984,739.89891777,3.6810747854,393.510110093,1000,0,0,0,962.927611312,869.042169209,0,optimal
validation,hourly_seed_20035,6b936443943e0cae5dcd30fb75d5e94008d975bc4ac207c6fe693553a0d0150e,20035,rigid,False,True,1000,201.000783984,499.108548285,2.4831174207,393.510110093,1000,0,0,0,814.521916644,735.106029771,0,optimal
validation,hourly_seed_20035,6b936443943e0cae5dcd30fb75d5e94008d975bc4ac207c6fe693553a0d0150e,20035,flexible,True,False,1000,201.000783984,896.749501943,4.46142290676,393.510110093,1000,29678.8860206,29678.8860206,0,0,0,0,optimal
validation,hourly_seed_20035,6b936443943e0cae5dcd30fb75d5e94008d975bc4ac207c6fe693553a0d0150e,20035,rigid,True,False,1000,201.000783984,540.175647365,2.68743054957,393.510110093,1000,29678.8860206,12572.941141,17105.9448796,0,0,0,optimal
validation,hourly_seed_20035,6b936443943e0cae5dcd30fb75d5e94008d975bc4ac207c6fe693553a0d0150e,20035,flexible,True,True,1000,201.000783984,899.142559623,4.47332861992,393.510110093,1000,29678.8860206,25979.8764659,3699.00955465,356.026180391,321.313627803,0,optimal
validation,hourly_seed_20035,6b936443943e0cae5dcd30fb75d5e94008d975bc4ac207c6fe693553a0d0150e,20035,rigid,True,True,1000,201.000783984,626.815000395,3.11847042569,393.510110093,1000,29678.8860206,15588.1220276,14090.763993,623.304986041,562.532749902,0,optimal
validation,hourly_seed_20036,f6f8ba79c6de944d4ce94904786d094d446d2341afa8bfdd94588c25ec51eb77,20036,flexible,False,False,1000,201.000783984,863.895492545,4.29797076122,526.733490668,1000,0,0,0,0,0,0,optimal
validation,hourly_seed_20036,f6f8ba79c6de944d4ce94904786d094d446d2341afa8bfdd94588c25ec51eb77,20036,rigid,False,False,1000,201.000783984,531.999369482,2.6467527088,526.733490668,1000,0,0,0,0,0,0,optimal
validation,hourly_seed_20036,f6f8ba79c6de944d4ce94904786d094d446d2341afa8bfdd94588c25ec51eb77,20036,flexible,False,True,1000,201.000783984,865.952792344,4.30820604368,526.733490668,1000,0,0,0,210.526315789,190,0,optimal
validation,hourly_seed_20036,f6f8ba79c6de944d4ce94904786d094d446d2341afa8bfdd94588c25ec51eb77,20036,rigid,False,True,1000,201.000783984,598.961090491,2.97989430001,526.733490668,1000,0,0,0,421.052631579,380,0,optimal
validation,hourly_seed_20036,f6f8ba79c6de944d4ce94904786d094d446d2341afa8bfdd94588c25ec51eb77,20036,flexible,True,False,1000,201.000783984,1003.15689186,4.99081084154,526.733490668,1000,24838.0571955,21207.0381855,3631.01900996,0,0,0,optimal
validation,hourly_seed_20036,f6f8ba79c6de944d4ce94904786d094d446d2341afa8bfdd94588c25ec51eb77,20036,rigid,True,False,1000,201.000783984,666.739281492,3.31709791512,526.733490668,1000,24838.0571955,5515.98288131,19322.0743141,0,0,0,optimal
validation,hourly_seed_20036,f6f8ba79c6de944d4ce94904786d094d446d2341afa8bfdd94588c25ec51eb77,20036,flexible,True,True,1000,201.000783984,1011.37600978,5.03170181597,526.733490668,1000,24838.0571955,20661.065055,4176.99214048,1104.94400015,997.211960135,0,optimal
validation,hourly_seed_20036,f6f8ba79c6de944d4ce94904786d094d446d2341afa8bfdd94588c25ec51eb77,20036,rigid,True,True,1000,201.000783984,768.575617441,3.82374437655,526.733490668,1000,24838.0571955,7628.98560617,17209.0715893,587.870987885,530.553566567,0,optimal
validation,hourly_seed_20037,29342d74c1a231a3b581cd394ff521244e0f66f6933b6b47cfd12bb523c484fc,20037,flexible,False,False,1000,201.000783984,722.603984109,3.59503067494,393.510110093,1000,0,0,0,0,0,0,optimal
validation,hourly_seed_20037,29342d74c1a231a3b581cd394ff521244e0f66f6933b6b47cfd12bb523c484fc,20037,rigid,False,False,1000,201.000783984,395.604887267,1.96817584203,393.510110093,1000,0,0,0,0,0,0,optimal
validation,hourly_seed_20037,29342d74c1a231a3b581cd394ff521244e0f66f6933b6b47cfd12bb523c484fc,20037,flexible,False,True,1000,201.000783984,729.460053504,3.62914033988,393.510110093,1000,0,0,0,846.647528382,764.099394365,0,optimal
validation,hourly_seed_20037,29342d74c1a231a3b581cd394ff521244e0f66f6933b6b47cfd12bb523c484fc,20037,rigid,False,True,1000,201.000783984,443.744038269,2.20767317158,393.510110093,1000,0,0,0,538.666412477,486.146437261,0,optimal
validation,hourly_seed_20037,29342d74c1a231a3b581cd394ff521244e0f66f6933b6b47cfd12bb523c484fc,20037,flexible,True,False,1000,201.000783984,897.675450345,4.46602959726,393.510110093,1000,30304.4347678,29433.6347299,870.80003785,0,0,0,optimal
validation,hourly_seed_20037,29342d74c1a231a3b581cd394ff521244e0f66f6933b6b47cfd12bb523c484fc,20037,rigid,True,False,1000,201.000783984,568.648211903,2.82908454699,393.510110093,1000,30304.4347678,18746.6169792,11557.8177885,0,0,0,optimal
validation,hourly_seed_20037,29342d74c1a231a3b581cd394ff521244e0f66f6933b6b47cfd12bb523c484fc,20037,flexible,True,True,1000,201.000783984,901.407092891,4.48459491065,393.510110093,1000,30304.4347678,25777.3160083,4527.11875949,528.439588521,476.91672864,0,optimal
validation,hourly_seed_20037,29342d74c1a231a3b581cd394ff521244e0f66f6933b6b47cfd12bb523c484fc,20037,rigid,True,True,1000,201.000783984,678.550084098,3.37585789791,393.510110093,1000,30304.4347678,16208.8971712,14095.5375965,851.577361459,768.548568717,0,optimal
validation,hourly_seed_20038,4fff07e0ff92b59f4b8533443116ca109bb36bcde77f51c07b960a2844c37ddf,20038,flexible,False,False,1000,201.000783984,813.380035561,4.04665105996,427.229113711,1000,0,0,0,0,0,0,optimal
validation,hourly_seed_20038,4fff07e0ff92b59f4b8533443116ca109bb36bcde77f51c07b960a2844c37ddf,20038,rigid,False,False,1000,201.000783984,482.749219408,2.40172804225,427.229113711,1000,0,0,0,0,0,0,optimal
validation,hourly_seed_20038,4fff07e0ff92b59f4b8533443116ca109bb36bcde77f51c07b960a2844c37ddf,20038,flexible,False,True,1000,201.000783984,814.831570672,4.05387259951,427.229113711,1000,0,0,0,315.789473684,285,0,optimal
validation,hourly_seed_20038,4fff07e0ff92b59f4b8533443116ca109bb36bcde77f51c07b960a2844c37ddf,20038,rigid,False,True,1000,201.000783984,528.177444023,2.62773822845,427.229113711,1000,0,0,0,500.317407393,451.536460172,0,optimal
validation,hourly_seed_20038,4fff07e0ff92b59f4b8533443116ca109bb36bcde77f51c07b960a2844c37ddf,20038,flexible,True,False,1000,201.000783984,944.126251085,4.69712720703,427.229113711,1000,22892.1728779,19143.9883246,3748.18455328,0,0,0,optimal
validation,hourly_seed_20038,4fff07e0ff92b59f4b8533443116ca109bb36bcde77f51c07b960a2844c37ddf,20038,rigid,True,False,1000,201.000783984,589.9319615,2.93497343546,427.229113711,1000,22892.1728779,6872.10914075,16020.0637371,0,0,0,optimal
validation,hourly_seed_20038,4fff07e0ff92b59f4b8533443116ca109bb36bcde77f51c07b960a2844c37ddf,20038,flexible,True,True,1000,201.000783984,947.764658177,4.71522866424,427.229113711,1000,22892.1728779,18428.2342434,4463.93863453,614.957300547,554.998963743,0,optimal
validation,hourly_seed_20038,4fff07e0ff92b59f4b8533443116ca109bb36bcde77f51c07b960a2844c37ddf,20038,rigid,True,True,1000,201.000783984,698.858116796,3.47689249238,427.229113711,1000,22892.1728779,9929.45281297,12962.7200649,746.080278709,673.337451535,0,optimal
validation,hourly_seed_20039,12a326cb640497b3ed0eda341a0dbc3528cfcebb0504ab156bd1f3a34b17036a,20039,flexible,False,False,1000,201.000783984,724.9097283,3.60650199433,393.510110093,1000,0,0,0,0,0,0,optimal
validation,hourly_seed_20039,12a326cb640497b3ed0eda341a0dbc3528cfcebb0504ab156bd1f3a34b17036a,20039,rigid,False,False,1000,201.000783984,422.889679963,2.10392054986,393.510110093,1000,0,0,0,0,0,0,optimal
validation,hourly_seed_20039,12a326cb640497b3ed0eda341a0dbc3528cfcebb0504ab156bd1f3a34b17036a,20039,flexible,False,True,1000,201.000783984,731.651660655,3.64004381551,393.510110093,1000,0,0,0,711.375354194,642.01625716,0,optimal
validation,hourly_seed_20039,12a326cb640497b3ed0eda341a0dbc3528cfcebb0504ab156bd1f3a34b17036a,20039,rigid,False,True,1000,201.000783984,478.423741335,2.38020833477,393.510110093,1000,0,0,0,702.588221458,634.085869866,0,optimal
validation,hourly_seed_20039,12a326cb640497b3ed0eda341a0dbc3528cfcebb0504ab156bd1f3a34b17036a,20039,flexible,True,False,1000,201.000783984,894.481375184,4.45013873804,393.510110093,1000,30511.1009386,27748.7901301,2762.31080851,0,0,0,optimal
validation,hourly_seed_20039,12a326cb640497b3ed0eda341a0dbc3528cfcebb0504ab156bd1f3a34b17036a,20039,rigid,True,False,1000,201.000783984,534.99175091,2.66164012053,393.510110093,1000,30511.1009386,11956.7982279,18554.3027107,0,0,0,optimal
validation,hourly_seed_20039,12a326cb640497b3ed0eda341a0dbc3528cfcebb0504ab156bd1f3a34b17036a,20039,flexible,True,True,1000,201.000783984,897.105043669,4.46319176417,393.510110093,1000,30511.1009386,25240.650468,5270.45047061,369.074855041,333.090056675,0,optimal
validation,hourly_seed_20039,12a326cb640497b3ed0eda341a0dbc3528cfcebb0504ab156bd1f3a34b17036a,20039,rigid,True,True,1000,201.000783984,641.234420808,3.1902085559,393.510110093,1000,30511.1009386,14040.5204771,16470.5804615,740.582885924,668.376054547,0,optimal
validation,hourly_seed_20040,7dd43c6f1f12bd9ec8b805004ea93f6916023767679320411afa6715df134e94,20040,flexible,False,False,1000,201.000783984,771.751398566,3.83954422102,380.724885376,1000,0,0,0,0,0,0,optimal
validation,hourly_seed_20040,7dd43c6f1f12bd9ec8b805004ea93f6916023767679320411afa6715df134e94,20040,rigid,False,False,1000,201.000783984,454.076217843,2.25907684957,380.724885376,1000,0,0,0,0,0,0,optimal
validation,hourly_seed_20040,7dd43c6f1f12bd9ec8b805004ea93f6916023767679320411afa6715df134e94,20040,flexible,False,True,1000,201.000783984,773.885981903,3.85016399719,380.724885376,1000,0,0,0,416.358160573,375.763239917,0,optimal
validation,hourly_seed_20040,7dd43c6f1f12bd9ec8b805004ea93f6916023767679320411afa6715df134e94,20040,rigid,False,True,1000,201.000783984,514.918846275,2.56177531286,380.724885376,1000,0,0,0,576.830552023,520.589573201,0,optimal
validation,hourly_seed_20040,7dd43c6f1f12bd9ec8b805004ea93f6916023767679320411afa6715df134e94,20040,flexible,True,False,1000,201.000783984,898.238644339,4.4688315465,380.724885376,1000,24293.9277134,24293.9277134,0,0,0,0,optimal
validation,hourly_seed_20040,7dd43c6f1f12bd9ec8b805004ea93f6916023767679320411afa6715df134e94,20040,rigid,True,False,1000,201.000783984,577.620156556,2.87372091346,380.724885376,1000,24293.9277134,12993.9301714,11299.9975419,0,0,0,optimal
validation,hourly_seed_20040,7dd43c6f1f12bd9ec8b805004ea93f6916023767679320411afa6715df134e94,20040,flexible,True,True,1000,201.000783984,899.689699258,4.47605069704,380.724885376,1000,24293.9277134,20587.1822363,3706.74547704,247.643311148,223.498088311,0,optimal
validation,hourly_seed_20040,7dd43c6f1f12bd9ec8b805004ea93f6916023767679320411afa6715df134e94,20040,rigid,True,True,1000,201.000783984,666.100880677,3.31392180405,380.724885376,1000,24293.9277134,16727.2759855,7566.65172792,804.163565467,725.757617834,0,optimal
validation,hourly_seed_20041,ef7439e52da1061cdc86c4edb66ca4e110608f7dbeb99df4f454878e1296e8b2,20041,flexible,False,False,1000,201.000783984,889.579812184,4.42575294758,622.645777627,1000,0,0,0,0,0,0,optimal
validation,hourly_seed_20041,ef7439e52da1061cdc86c4edb66ca4e110608f7dbeb99df4f454878e1296e8b2,20041,rigid,False,False,1000,201.000783984,628.525856813,3.12698211596,622.645777627,1000,0,0,0,0,0,0,optimal
validation,hourly_seed_20041,ef7439e52da1061cdc86c4edb66ca4e110608f7dbeb99df4f454878e1296e8b2,20041,flexible,False,True,1000,201.000783984,890.973864302,4.43268850321,622.645777627,1000,0,0,0,305.263157895,275.5,0,optimal
validation,hourly_seed_20041,ef7439e52da1061cdc86c4edb66ca4e110608f7dbeb99df4f454878e1296e8b2,20041,rigid,False,True,1000,201.000783984,659.543048743,3.28129590179,622.645777627,1000,0,0,0,545.936139612,492.707366,0,optimal
validation,hourly_seed_20041,ef7439e52da1061cdc86c4edb66ca4e110608f7dbeb99df4f454878e1296e8b2,20041,flexible,True,False,1000,201.000783984,1020.49614305,5.07707543633,622.645777627,1000,24017.4015279,21492.7421965,2524.65933149,0,0,0,optimal
validation,hourly_seed_20041,ef7439e52da1061cdc86c4edb66ca4e110608f7dbeb99df4f454878e1296e8b2,20041,rigid,True,False,1000,201.000783984,656.879134828,3.26804265042,622.645777627,1000,24017.4015279,2229.45446471,21787.9470632,0,0,0,optimal
validation,hourly_seed_20041,ef7439e52da1061cdc86c4edb66ca4e110608f7dbeb99df4f454878e1296e8b2,20041,flexible,True,True,1000,201.000783984,1026.98936055,5.10937987502,622.645777627,1000,24017.4015279,20949.0326693,3068.3688586,882.805362834,796.731839957,0,optimal
validation,hourly_seed_20041,ef7439e52da1061cdc86c4edb66ca4e110608f7dbeb99df4f454878e1296e8b2,20041,rigid,True,True,1000,201.000783984,753.33844029,3.74793782073,622.645777627,1000,24017.4015279,5914.86589318,18102.5356348,454.312198907,410.016759513,0,optimal
validation,hourly_seed_20042,b7cf3e21b665b0b754408f65935580abeb6ca27312fa71d7a17b3d359d2aa01b,20042,flexible,False,False,1000,201.000783984,765.746753893,3.80967048344,450.821108886,1000,0,0,0,0,0,0,optimal
validation,hourly_seed_20042,b7cf3e21b665b0b754408f65935580abeb6ca27312fa71d7a17b3d359d2aa01b,20042,rigid,False,False,1000,201.000783984,453.983238065,2.25861426541,450.821108886,1000,0,0,0,0,0,0,optimal
validation,hourly_seed_20042,b7cf3e21b665b0b754408f65935580abeb6ca27312fa71d7a17b3d359d2aa01b,20042,flexible,False,True,1000,201.000783984,768.901820136,3.8253672692,450.821108886,1000,0,0,0,528.6401182,477.097706675,0,optimal
validation,hourly_seed_20042,b7cf3e21b665b0b754408f65935580abeb6ca27312fa71d7a17b3d359d2aa01b,20042,rigid,False,True,1000,201.000783984,501.991708097,2.49746144342,450.821108886,1000,0,0,0,605.19632731,546.189685397,0,optimal
validation,hourly_seed_20042,b7cf3e21b665b0b754408f65935580abeb6ca27312fa71d7a17b3d359d2aa01b,20042,flexible,True,False,1000,201.000783984,930.766262584,4.6306598618,450.821108886,1000,28411.7435749,28264.4281652,147.315409688,0,0,0,optimal
validation,hourly_seed_20042,b7cf3e21b665b0b754408f65935580abeb6ca27312fa71d7a17b3d359d2aa01b,20042,rigid,True,False,1000,201.000783984,557.874207214,2.77548274269,450.821108886,1000,28411.7435749,12338.3277553,16073.4158196,0,0,0,optimal
validation,hourly_seed_20042,b7cf3e21b665b0b754408f65935580abeb6ca27312fa71d7a17b3d359d2aa01b,20042,flexible,True,True,1000,201.000783984,933.657544744,4.64504429405,450.821108886,1000,28411.7435749,25578.4229425,2833.32063242,391.976674307,353.758948562,0,optimal
validation,hourly_seed_20042,b7cf3e21b665b0b754408f65935580abeb6ca27312fa71d7a17b3d359d2aa01b,20042,rigid,True,True,1000,201.000783984,660.254719808,3.28483654004,450.821108886,1000,28411.7435749,11658.7444662,16752.9991087,511.432259008,461.567613754,0,optimal
validation,hourly_seed_20043,18d1346e309d182673fddd72ca4d5ed9abdc3dcb3b6ef36598a745fe42993152,20043,flexible,False,False,1000,201.000783984,806.349488833,4.01167335197,427.229113711,1000,0,0,0,0,0,0,optimal
validation,hourly_seed_20043,18d1346e309d182673fddd72ca4d5ed9abdc3dcb3b6ef36598a745fe42993152,20043,rigid,False,False,1000,201.000783984,428.512364648,2.1318939964,427.229113711,1000,0,0,0,0,0,0,optimal
validation,hourly_seed_20043,18d1346e309d182673fddd72ca4d5ed9abdc3dcb3b6ef36598a745fe42993152,20043,flexible,False,True,1000,201.000783984,807.767711155,4.01872915689,427.229113711,1000,0,0,0,210.526315789,190,0,optimal
validation,hourly_seed_20043,18d1346e309d182673fddd72ca4d5ed9abdc3dcb3b6ef36598a745fe42993152,20043,rigid,False,True,1000,201.000783984,478.733873617,2.38175127543,427.229113711,1000,0,0,0,521.052631579,470.25,0,optimal
validation,hourly_seed_20043,18d1346e309d182673fddd72ca4d5ed9abdc3dcb3b6ef36598a745fe42993152,20043,flexible,True,False,1000,201.000783984,934.287763539,4.64817969871,427.229113711,1000,22892.1728779,19018.1344823,3874.03839556,0,0,0,optimal
validation,hourly_seed_20043,18d1346e309d182673fddd72ca4d5ed9abdc3dcb3b6ef36598a745fe42993152,20043,rigid,True,False,1000,201.000783984,520.519736601,2.58964033017,427.229113711,1000,22892.1728779,3364.1498075,19528.0230704,0,0,0,optimal
validation,hourly_seed_20043,18d1346e309d182673fddd72ca4d5ed9abdc3dcb3b6ef36598a745fe42993152,20043,flexible,True,True,1000,201.000783984,938.643622586,4.66985055472,427.229113711,1000,22892.1728779,18326.5279313,4565.64494661,630.261783975,568.811260037,0,optimal
validation,hourly_seed_20043,18d1346e309d182673fddd72ca4d5ed9abdc3dcb3b6ef36598a745fe42993152,20043,rigid,True,True,1000,201.000783984,594.506029291,2.95772990287,427.229113711,1000,22892.1728779,7415.08796231,15477.0849156,521.052631579,470.25,0,optimal
validation,hourly_seed_20044,8e32e1dfa1a87e2e6c2f67a64f2c8563e4747c052b788d6229dd4159c24fbd61,20044,flexible,False,False,1000,201.000783984,837.47337152,4.1665179355,503.783081771,1000,0,0,0,0,0,0,optimal
validation,hourly_seed_20044,8e32e1dfa1a87e2e6c2f67a64f2c8563e4747c052b788d6229dd4159c24fbd61,20044,rigid,False,False,1000,201.000783984,504.101694588,2.5079588477,503.783081771,1000,0,0,0,0,0,0,optimal
validation,hourly_seed_20044,8e32e1dfa1a87e2e6c2f67a64f2c8563e4747c052b788d6229dd4159c24fbd61,20044,flexible,False,True,1000,201.000783984,838.886624388,4.17354901688,503.783081771,1000,0,0,0,315.789473684,285,0,optimal
validation,hourly_seed_20044,8e32e1dfa1a87e2e6c2f67a64f2c8563e4747c052b788d6229dd4159c24fbd61,20044,rigid,False,True,1000,201.000783984,554.986677477,2.76111697913,503.783081771,1000,0,0,0,521.052631579,470.25,0,optimal
validation,hourly_seed_20044,8e32e1dfa1a87e2e6c2f67a64f2c8563e4747c052b788d6229dd4159c24fbd61,20044,flexible,True,False,1000,201.000783984,980.238946559,4.87679165787,503.783081771,1000,26625.7647801,22095.5524931,4530.21228705,0,0,0,optimal
validation,hourly_seed_20044,8e32e1dfa1a87e2e6c2f67a64f2c8563e4747c052b788d6229dd4159c24fbd61,20044,rigid,True,False,1000,201.000783984,578.16554293,2.87643426792,503.783081771,1000,26625.7647801,6105.48947428,20520.2753058,0,0,0,optimal
validation,hourly_seed_20044,8e32e1dfa1a87e2e6c2f67a64f2c8563e4747c052b788d6229dd4159c24fbd61,20044,flexible,True,True,1000,201.000783984,983.806169588,4.8945389669,503.783081771,1000,26625.7647801,21400.7507512,5225.01402892,472.387493143,426.329712561,0,optimal
validation,hourly_seed_20044,8e32e1dfa1a87e2e6c2f67a64f2c8563e4747c052b788d6229dd4159c24fbd61,20044,rigid,True,True,1000,201.000783984,674.359071343,3.35500716951,503.783081771,1000,26625.7647801,7420.25696092,19205.5078192,421.052631579,380,0,optimal
validation,hourly_seed_20045,dbea8ecdac8bb4e0a8149e510a1d47fa5e05fa39098e7bff9d9b4d26d70df78a,20045,flexible,False,False,1000,201.000783984,678.724959493,3.37672792136,364.185736642,1000,0,0,0,0,0,0,optimal
validation,hourly_seed_20045,dbea8ecdac8bb4e0a8149e510a1d47fa5e05fa39098e7bff9d9b4d26d70df78a,20045,rigid,False,False,1000,201.000783984,364.30718168,1.81246647132,364.185736642,1000,0,0,0,0,0,0,optimal
validation,hourly_seed_20045,dbea8ecdac8bb4e0a8149e510a1d47fa5e05fa39098e7bff9d9b4d26d70df78a,20045,flexible,False,True,1000,201.000783984,694.171213173,3.45357465485,364.185736642,1000,0,0,0,1418.31097004,1280.02565046,0,optimal
validation,hourly_seed_20045,dbea8ecdac8bb4e0a8149e510a1d47fa5e05fa39098e7bff9d9b4d26d70df78a,20045,rigid,False,True,1000,201.000783984,442.967839262,2.20381150005,364.185736642,1000,0,0,0,821.993222203,741.848883038,0,optimal
validation,hourly_seed_20045,dbea8ecdac8bb4e0a8149e510a1d47fa5e05fa39098e7bff9d9b4d26d70df78a,20045,flexible,True,False,1000,201.000783984,872.181029082,4.33919217525,364.185736642,1000,32152.9262046,31173.7110284,979.215176186,0,0,0,optimal
validation,hourly_seed_20045,dbea8ecdac8bb4e0a8149e510a1d47fa5e05fa39098e7bff9d9b4d26d70df78a,20045,rigid,True,False,1000,201.000783984,530.428760558,2.63893876454,364.185736642,1000,32152.9262046,17018.1503745,15134.7758301,0,0,0,optimal
validation,hourly_seed_20045,dbea8ecdac8bb4e0a8149e510a1d47fa5e05fa39098e7bff9d9b4d26d70df78a,20045,flexible,True,True,1000,201.000783984,878.603498884,4.3711446367,364.185736642,1000,32152.9262046,28720.6472015,3432.27900312,868.443339129,783.770113564,0,optimal
validation,hourly_seed_20045,dbea8ecdac8bb4e0a8149e510a1d47fa5e05fa39098e7bff9d9b4d26d70df78a,20045,rigid,True,True,1000,201.000783984,614.149952236,3.05546048161,364.185736642,1000,32152.9262046,16589.186893,15563.7393116,813.584135064,734.259681896,0,optimal
validation,hourly_seed_20046,3225d8c020c9337176f87427c9c1f3838cf2e55e8c9ddab465abbb24ad1a199b,20046,flexible,False,False,1000,201.000783984,839.975660757,4.17896708713,503.783081771,1000,0,0,0,0,0,0,optimal
validation,hourly_seed_20046,3225d8c020c9337176f87427c9c1f3838cf2e55e8c9ddab465abbb24ad1a199b,20046,rigid,False,False,1000,201.000783984,511.049370898,2.54252426667,503.783081771,1000,0,0,0,0,0,0,optimal
validation,hourly_seed_20046,3225d8c020c9337176f87427c9c1f3838cf2e55e8c9ddab465abbb24ad1a199b,20046,flexible,False,True,1000,201.000783984,841.391512558,4.18601109847,503.783081771,1000,0,0,0,315.789473684,285,0,optimal
validation,hourly_seed_20046,3225d8c020c9337176f87427c9c1f3838cf2e55e8c9ddab465abbb24ad1a199b,20046,rigid,False,True,1000,201.000783984,567.774856088,2.82473951014,503.783081771,1000,0,0,0,421.052631579,380,0,optimal
validation,hourly_seed_20046,3225d8c020c9337176f87427c9c1f3838cf2e55e8c9ddab465abbb24ad1a199b,20046,flexible,True,False,1000,201.000783984,981.943039899,4.88526970112,503.783081771,1000,26625.7647801,22506.6710913,4119.09368885,0,0,0,optimal
validation,hourly_seed_20046,3225d8c020c9337176f87427c9c1f3838cf2e55e8c9ddab465abbb24ad1a199b,20046,rigid,True,False,1000,201.000783984,639.796353405,3.18305401961,503.783081771,1000,26625.7647801,9507.17345763,17118.5913225,0,0,0,optimal
validation,hourly_seed_20046,3225d8c020c9337176f87427c9c1f3838cf2e55e8c9ddab465abbb24ad1a199b,20046,flexible,True,True,1000,201.000783984,984.670713341,4.89884016283,503.783081771,1000,26625.7647801,21658.7302675,4967.0345126,408.866866563,369.002347073,0,optimal
validation,hourly_seed_20046,3225d8c020c9337176f87427c9c1f3838cf2e55e8c9ddab465abbb24ad1a199b,20046,rigid,True,True,1000,201.000783984,740.366254864,3.6833998365,503.783081771,1000,26625.7647801,9919.75071649,16706.0140636,615.170481812,555.191359835,0,optimal
validation,hourly_seed_20047,2b51966ae4d94276de11e9197a78ba2a4c3afc5cd69fa9654fc6d5dd7479db35,20047,flexible,False,False,1000,201.000783984,765.359912738,3.80774590809,427.229113711,1000,0,0,0,0,0,0,optimal
validation,hourly_seed_20047,2b51966ae4d94276de11e9197a78ba2a4c3afc5cd69fa9654fc6d5dd7479db35,20047,rigid,False,False,1000,201.000783984,425.816729685,2.11848292949,427.229113711,1000,0,0,0,0,0,0,optimal
validation,hourly_seed_20047,2b51966ae4d94276de11e9197a78ba2a4c3afc5cd69fa9654fc6d5dd7479db35,20047,flexible,False,True,1000,201.000783984,768.622582668,3.82397803348,427.229113711,1000,0,0,0,499.407523968,450.715290381,0,optimal
validation,hourly_seed_20047,2b51966ae4d94276de11e9197a78ba2a4c3afc5cd69fa9654fc6d5dd7479db35,20047,rigid,False,True,1000,201.000783984,479.372082018,2.38492642922,427.229113711,1000,0,0,0,480.89152037,434.004597134,0,optimal
validation,hourly_seed_20047,2b51966ae4d94276de11e9197a78ba2a4c3afc5cd69fa9654fc6d5dd7479db35,20047,flexible,True,False,1000,201.000783984,922.27532641,4.58841656301,427.229113711,1000,25460.0448199,24364.6557003,1095.38911963,0,0,0,optimal
validation,hourly_seed_20047,2b51966ae4d94276de11e9197a78ba2a4c3afc5cd69fa9654fc6d5dd7479db35,20047,rigid,True,False,1000,201.000783984,518.956592187,2.58186352262,427.229113711,1000,25460.0448199,10330.0178423,15130.0269776,0,0,0,optimal
validation,hourly_seed_20047,2b51966ae4d94276de11e9197a78ba2a4c3afc5cd69fa9654fc6d5dd7479db35,20047,flexible,True,True,1000,201.000783984,926.910846642,4.61147876277,427.229113711,1000,25460.0448199,23452.1414433,2007.90337658,678.466833875,612.316317572,0,optimal
validation,hourly_seed_20047,2b51966ae4d94276de11e9197a78ba2a4c3afc5cd69fa9654fc6d5dd7479db35,20047,rigid,True,True,1000,201.000783984,601.28047242,2.99143346857,427.229113711,1000,25460.0448199,10245.8042554,15214.2405645,534.792046096,482.649821602,0,optimal
validation,hourly_seed_20048,2be36db39ad8ac8ae1851bee97e387fa83f868a7356f51940de1ad5a2a75fccb,20048,flexible,False,False,1000,201.000783984,709.260405192,3.52864496911,364.185736642,1000,0,0,0,0,0,0,optimal
validation,hourly_seed_20048,2be36db39ad8ac8ae1851bee97e387fa83f868a7356f51940de1ad5a2a75fccb,20048,rigid,False,False,1000,201.000783984,374.112190916,1.86124742153,364.185736642,1000,0,0,0,0,0,0,optimal
validation,hourly_seed_20048,2be36db39ad8ac8ae1851bee97e387fa83f868a7356f51940de1ad5a2a75fccb,20048,flexible,False,True,1000,201.000783984,723.722289541,3.60059436185,364.185736642,1000,0,0,0,1377.16846611,1242.89454067,0,optimal
validation,hourly_seed_20048,2be36db39ad8ac8ae1851bee97e387fa83f868a7356f51940de1ad5a2a75fccb,20048,rigid,False,True,1000,201.000783984,426.354518574,2.12115848567,364.185736642,1000,0,0,0,455.406863529,411.004694335,0,optimal
validation,hourly_seed_20048,2be36db39ad8ac8ae1851bee97e387fa83f868a7356f51940de1ad5a2a75fccb,20048,flexible,True,False,1000,201.000783984,897.932496978,4.46730843124,364.185736642,1000,31894.9282315,31027.7997519,867.12847968,0,0,0,optimal
validation,hourly_seed_20048,2be36db39ad8ac8ae1851bee97e387fa83f868a7356f51940de1ad5a2a75fccb,20048,rigid,True,False,1000,201.000783984,508.325828085,2.52897435527,364.185736642,1000,31894.9282315,15160.3481112,16734.5801203,0,0,0,optimal
validation,hourly_seed_20048,2be36db39ad8ac8ae1851bee97e387fa83f868a7356f51940de1ad5a2a75fccb,20048,flexible,True,True,1000,201.000783984,905.832626811,4.50661240646,364.185736642,1000,31894.9282315,30953.2551718,941.673059705,1019.1873101,919.816547368,0,optimal
validation,hourly_seed_20048,2be36db39ad8ac8ae1851bee97e387fa83f868a7356f51940de1ad5a2a75fccb,20048,rigid,True,True,1000,201.000783984,608.293225108,3.02632264935,364.185736642,1000,31894.9282315,12985.2186693,18909.7095622,725.300285144,654.583507343,0,optimal
validation,hourly_seed_20049,7d6fd41478b0d5e487ea40133c8378c4af23fb318d26405a25a4bd305515cb5c,20049,flexible,False,False,1000,201.000783984,739.638261875,3.67977799497,365.140145433,1000,0,0,0,0,0,0,optimal
validation,hourly_seed_20049,7d6fd41478b0d5e487ea40133c8378c4af23fb318d26405a25a4bd305515cb5c,20049,rigid,False,False,1000,201.000783984,381.041075951,1.89571935193,365.140145433,1000,0,0,0,0,0,0,optimal
validation,hourly_seed_20049,7d6fd41478b0d5e487ea40133c8378c4af23fb318d26405a25a4bd305515cb5c,20049,flexible,False,True,1000,201.000783984,744.982558598,3.70636643217,365.140145433,1000,0,0,0,636.867352285,574.772785438,0,optimal
validation,hourly_seed_20049,7d6fd41478b0d5e487ea40133c8378c4af23fb318d26405a25a4bd305515cb5c,20049,rigid,False,True,1000,201.000783984,432.870635489,2.15357685134,365.140145433,1000,0,0,0,493.048281589,444.976074134,0,optimal
validation,hourly_seed_20049,7d6fd41478b0d5e487ea40133c8378c4af23fb318d26405a25a4bd305515cb5c,20049,flexible,True,False,1000,201.000783984,880.159761436,4.37888720626,365.140145433,1000,25706.1651718,25706.1651718,0,0,0,0,optimal
validation,hourly_seed_20049,7d6fd41478b0d5e487ea40133c8378c4af23fb318d26405a25a4bd305515cb5c,20049,rigid,True,False,1000,201.000783984,520.123356677,2.58766829844,365.140145433,1000,25706.1651718,12763.8097615,12942.3554103,0,0,0,optimal
validation,hourly_seed_20049,7d6fd41478b0d5e487ea40133c8378c4af23fb318d26405a25a4bd305515cb5c,20049,flexible,True,True,1000,201.000783984,881.721490523,4.38665697241,365.140145433,1000,25706.1651718,22790.6763405,2915.48883127,219.430105437,198.035670157,0,optimal
validation,hourly_seed_20049,7d6fd41478b0d5e487ea40133c8378c4af23fb318d26405a25a4bd305515cb5c,20049,rigid,True,True,1000,201.000783984,614.832298334,3.05885522507,365.140145433,1000,25706.1651718,16001.3370111,9704.82816074,744.606018636,672.006931819,0,optimal
validation,hourly_seed_20050,9766b3a858dff8130dd1060349c1267159bc80429e4a11c96c5aa79f678b990b,20050,flexible,False,False,1000,201.000783984,699.985049948,3.48249910311,365.140145433,1000,0,0,0,0,0,0,optimal
validation,hourly_seed_20050,9766b3a858dff8130dd1060349c1267159bc80429e4a11c96c5aa79f678b990b,20050,rigid,False,False,1000,201.000783984,366.724833781,1.82449454431,365.140145433,1000,0,0,0,0,0,0,optimal
validation,hourly_seed_20050,9766b3a858dff8130dd1060349c1267159bc80429e4a11c96c5aa79f678b990b,20050,flexible,False,True,1000,201.000783984,714.579216083,3.55510661162,365.140145433,1000,0,0,0,786.79241536,710.080154862,0,optimal
validation,hourly_seed_20050,9766b3a858dff8130dd1060349c1267159bc80429e4a11c96c5aa79f678b990b,20050,rigid,False,True,1000,201.000783984,427.158045651,2.12515611723,365.140145433,1000,0,0,0,718.172826387,648.150975814,0,optimal
validation,hourly_seed_20050,9766b3a858dff8130dd1060349c1267159bc80429e4a11c96c5aa79f678b990b,20050,flexible,True,False,1000,201.000783984,894.399664337,4.449732218,365.140145433,1000,25713.0510804,25713.0510804,0,0,0,0,optimal
validation,hourly_seed_20050,9766b3a858dff8130dd1060349c1267159bc80429e4a11c96c5aa79f678b990b,20050,rigid,True,False,1000,201.000783984,509.902855066,2.53682023004,365.140145433,1000,25713.0510804,11949.5583072,13763.4927733,0,0,0,optimal
validation,hourly_seed_20050,9766b3a858dff8130dd1060349c1267159bc80429e4a11c96c5aa79f678b990b,20050,flexible,True,True,1000,201.000783984,896.60262163,4.46069216178,365.140145433,1000,25713.0510804,24141.6736651,1571.37741534,276.922715145,249.922750419,0,optimal
validation,hourly_seed_20050,9766b3a858dff8130dd1060349c1267159bc80429e4a11c96c5aa79f678b990b,20050,rigid,True,True,1000,201.000783984,613.698975467,3.05321682485,365.140145433,1000,25713.0510804,13723.3466266,11989.7044538,617.719387017,557.491746783,0,optimal
validation,hourly_seed_20051,aaaa0aa1ea50f4ded09f89e0f44d93ab3a486c1de7130b267c2f16b2a2eac213,20051,flexible,False,False,1000,201.000783984,721.614954844,3.59011015052,393.510110093,1000,0,0,0,0,0,0,optimal
validation,hourly_seed_20051,aaaa0aa1ea50f4ded09f89e0f44d93ab3a486c1de7130b267c2f16b2a2eac213,20051,rigid,False,False,1000,201.000783984,424.060519463,2.10974559929,393.510110093,1000,0,0,0,0,0,0,optimal
validation,hourly_seed_20051,aaaa0aa1ea50f4ded09f89e0f44d93ab3a486c1de7130b267c2f16b2a2eac213,20051,flexible,False,True,1000,201.000783984,729.496007616,3.62931921536,393.510110093,1000,0,0,0,952.639426919,859.757082794,0,optimal
validation,hourly_seed_20051,aaaa0aa1ea50f4ded09f89e0f44d93ab3a486c1de7130b267c2f16b2a2eac213,20051,rigid,False,True,1000,201.000783984,477.170084444,2.37397126014,393.510110093,1000,0,0,0,636.328896787,574.28682935,0,optimal
validation,hourly_seed_20051,aaaa0aa1ea50f4ded09f89e0f44d93ab3a486c1de7130b267c2f16b2a2eac213,20051,flexible,True,False,1000,201.000783984,895.21582536,4.45379270476,393.510110093,1000,29458.9803335,28211.9977542,1246.98257926,0,0,0,optimal
validation,hourly_seed_20051,aaaa0aa1ea50f4ded09f89e0f44d93ab3a486c1de7130b267c2f16b2a2eac213,20051,rigid,True,False,1000,201.000783984,518.464064409,2.57941314523,393.510110093,1000,29458.9803335,18824.1467123,10634.8336212,0,0,0,optimal
validation,hourly_seed_20051,aaaa0aa1ea50f4ded09f89e0f44d93ab3a486c1de7130b267c2f16b2a2eac213,20051,flexible,True,True,1000,201.000783984,897.87415172,4.46701815746,393.510110093,1000,29458.9803335,25398.6006816,4060.37965186,443.17066115,399.961521688,0,optimal
validation,hourly_seed_20051,aaaa0aa1ea50f4ded09f89e0f44d93ab3a486c1de7130b267c2f16b2a2eac213,20051,rigid,True,True,1000,201.000783984,619.240010652,3.08078405655,393.510110093,1000,29458.9803335,14839.2062906,14619.7740428,594.548157964,536.579712563,0,optimal
validation,hourly_seed_20052,62891d4459c79b6a1f454bf798f60864e0e840ec8cb11aa79d1abfee0e4947e9,20052,flexible,False,False,1000,201.000783984,753.289296555,3.74769332549,450.821108886,1000,0,0,0,0,0,0,optimal
validation,hourly_seed_20052,62891d4459c79b6a1f454bf798f60864e0e840ec8cb11aa79d1abfee0e4947e9,20052,rigid,False,False,1000,201.000783984,458.369863477,2.28043818731,450.821108886,1000,0,0,0,0,0,0,optimal
validation,hourly_seed_20052,62891d4459c79b6a1f454bf798f60864e0e840ec8cb11aa79d1abfee0e4947e9,20052,flexible,False,True,1000,201.000783984,756.133941677,3.76184573358,450.821108886,1000,0,0,0,369.213706243,333.215369884,0,optimal
validation,hourly_seed_20052,62891d4459c79b6a1f454bf798f60864e0e840ec8cb11aa79d1abfee0e4947e9,20052,rigid,False,True,1000,201.000783984,509.746264992,2.53604117799,450.821108886,1000,0,0,0,700.743881971,632.421353479,0,optimal
validation,hourly_seed_20052,62891d4459c79b6a1f454bf798f60864e0e840ec8cb11aa79d1abfee0e4947e9,20052,flexible,True,False,1000,201.000783984,928.522218593,4.61949550737,450.821108886,1000,28411.7435749,28204.86757,206.876004832,0,0,0,optimal
validation,hourly_seed_20052,62891d4459c79b6a1f454bf798f60864e0e840ec8cb11aa79d1abfee0e4947e9,20052,rigid,True,False,1000,201.000783984,544.303808963,2.70796858686,450.821108886,1000,28411.7435749,9665.05084065,18746.6927342,0,0,0,optimal
validation,hourly_seed_20052,62891d4459c79b6a1f454bf798f60864e0e840ec8cb11aa79d1abfee0e4947e9,20052,flexible,True,True,1000,201.000783984,931.689576772,4.6352534468,450.821108886,1000,28411.7435749,25683.64565,2728.09792485,449.562627394,405.730271223,0,optimal
validation,hourly_seed_20052,62891d4459c79b6a1f454bf798f60864e0e840ec8cb11aa79d1abfee0e4947e9,20052,rigid,True,True,1000,201.000783984,622.08728784,3.09494955945,450.821108886,1000,28411.7435749,10106.0602578,18305.6833171,502.743004509,453.725561569,0,optimal
validation,hourly_seed_20053,c0941657cbbd8b985bcae7676d68c487d54780fb8b20b4aa9b567b58ddfb759a,20053,flexible,False,False,1000,201.000783984,836.767269479,4.16300500373,503.783081771,1000,0,0,0,0,0,0,optimal
validation,hourly_seed_20053,c0941657cbbd8b985bcae7676d68c487d54780fb8b20b4aa9b567b58ddfb759a,20053,rigid,False,False,1000,201.000783984,507.74970321,2.52610807354,503.783081771,1000,0,0,0,0,0,0,optimal
validation,hourly_seed_20053,c0941657cbbd8b985bcae7676d68c487d54780fb8b20b4aa9b567b58ddfb759a,20053,flexible,False,True,1000,201.000783984,838.200040813,4.17013319152,503.783081771,1000,0,0,0,315.789473684,285,0,optimal
validation,hourly_seed_20053,c0941657cbbd8b985bcae7676d68c487d54780fb8b20b4aa9b567b58ddfb759a,20053,rigid,False,True,1000,201.000783984,588.341953097,2.92706297675,503.783081771,1000,0,0,0,421.052631579,380,0,optimal
validation,hourly_seed_20053,c0941657cbbd8b985bcae7676d68c487d54780fb8b20b4aa9b567b58ddfb759a,20053,flexible,True,False,1000,201.000783984,980.480059836,4.87799122173,503.783081771,1000,26625.7647801,22138.3870552,4487.37772492,0,0,0,optimal
validation,hourly_seed_20053,c0941657cbbd8b985bcae7676d68c487d54780fb8b20b4aa9b567b58ddfb759a,20053,rigid,True,False,1000,201.000783984,637.828991412,3.17326618717,503.783081771,1000,26625.7647801,7843.10031115,18782.664469,0,0,0,optimal
validation,hourly_seed_20053,c0941657cbbd8b985bcae7676d68c487d54780fb8b20b4aa9b567b58ddfb759a,20053,flexible,True,True,1000,201.000783984,983.618749209,4.89360653084,503.783081771,1000,26625.7647801,21202.8163846,5422.94839549,447.034661971,403.448782429,0,optimal
validation,hourly_seed_20053,c0941657cbbd8b985bcae7676d68c487d54780fb8b20b4aa9b567b58ddfb759a,20053,rigid,True,True,1000,201.000783984,738.568322997,3.67445493673,503.783081771,1000,26625.7647801,9361.87592283,17263.8888573,805.50862505,726.971534107,0,optimal
validation,hourly_seed_20054,429c02e66b5f8ab38d8a01e09a41a57d9e8a89bb84e0f601684169480560c366,20054,flexible,False,False,1000,201.000783984,715.081052247,3.55760329922,393.510110093,1000,0,0,0,0,0,0,optimal
validation,hourly_seed_20054,429c02e66b5f8ab38d8a01e09a41a57d9e8a89bb84e0f601684169480560c366,20054,rigid,False,False,1000,201.000783984,405.19938215,2.01590946124,393.510110093,1000,0,0,0,0,0,0,optimal
validation,hourly_seed_20054,429c02e66b5f8ab38d8a01e09a41a57d9e8a89bb84e0f601684169480560c366,20054,flexible,False,True,1000,201.000783984,723.857307177,3.60126608876,393.510110093,1000,0,0,0,983.853349165,887.927647621,0,optimal
validation,hourly_seed_20054,429c02e66b5f8ab38d8a01e09a41a57d9e8a89bb84e0f601684169480560c366,20054,rigid,False,True,1000,201.000783984,455.743785238,2.26737317241,393.510110093,1000,0,0,0,498.352659155,449.763274887,0,optimal
validation,hourly_seed_20054,429c02e66b5f8ab38d8a01e09a41a57d9e8a89bb84e0f601684169480560c366,20054,flexible,True,False,1000,201.000783984,894.566999841,4.4505647297,393.510110093,1000,30304.4347678,29429.6996469,874.735120891,0,0,0,optimal
validation,hourly_seed_20054,429c02e66b5f8ab38d8a01e09a41a57d9e8a89bb84e0f601684169480560c366,20054,rigid,True,False,1000,201.000783984,549.802969909,2.73532748983,393.510110093,1000,30304.4347678,18288.2549571,12016.1798107,0,0,0,optimal
validation,hourly_seed_20054,429c02e66b5f8ab38d8a01e09a41a57d9e8a89bb84e0f601684169480560c366,20054,flexible,True,True,1000,201.000783984,898.480674153,4.47003567023,393.510110093,1000,30304.4347678,25721.1534319,4583.28133588,610.162703735,550.671840121,0,optimal
validation,hourly_seed_20054,429c02e66b5f8ab38d8a01e09a41a57d9e8a89bb84e0f601684169480560c366,20054,rigid,True,True,1000,201.000783984,621.372524213,3.09139353537,393.510110093,1000,30304.4347678,14463.3043324,15841.1304353,591.740860598,534.04612669,0,optimal
validation,hourly_seed_20055,a9379e529bfd55abf8c578a71b43863c68fdbda4836c43db0f717fbed91defec,20055,flexible,False,False,1000,201.000783984,785.342171251,3.90715974179,450.821108886,1000,0,0,0,0,0,0,optimal
validation,hourly_seed_20055,a9379e529bfd55abf8c578a71b43863c68fdbda4836c43db0f717fbed91defec,20055,rigid,False,False,1000,201.000783984,472.532354887,2.35089806876,450.821108886,1000,0,0,0,0,0,0,optimal
validation,hourly_seed_20055,a9379e529bfd55abf8c578a71b43863c68fdbda4836c43db0f717fbed91defec,20055,flexible,False,True,1000,201.000783984,786.757539771,3.91420134875,450.821108886,1000,0,0,0,315.789473684,285,0,optimal
validation,hourly_seed_20055,a9379e529bfd55abf8c578a71b43863c68fdbda4836c43db0f717fbed91defec,20055,rigid,False,True,1000,201.000783984,531.810624923,2.64581368481,450.821108886,1000,0,0,0,553.107223101,499.179268848,0,optimal
validation,hourly_seed_20055,a9379e529bfd55abf8c578a71b43863c68fdbda4836c43db0f717fbed91defec,20055,flexible,True,False,1000,201.000783984,938.34211697,4.66835053263,450.821108886,1000,27509.180269,26395.5862423,1113.59402665,0,0,0,optimal
validation,hourly_seed_20055,a9379e529bfd55abf8c578a71b43863c68fdbda4836c43db0f717fbed91defec,20055,rigid,True,False,1000,201.000783984,573.637258977,2.8539055799,450.821108886,1000,27509.180269,10269.3576993,17239.8225696,0,0,0,optimal
validation,hourly_seed_20055,a9379e529bfd55abf8c578a71b43863c68fdbda4836c43db0f717fbed91defec,20055,flexible,True,True,1000,201.000783984,940.541915453,4.679294761,450.821108886,1000,27509.180269,25907.619655,1601.56061394,334.2315978,301.644017015,0,optimal
validation,hourly_seed_20055,a9379e529bfd55abf8c578a71b43863c68fdbda4836c43db0f717fbed91defec,20055,rigid,True,True,1000,201.000783984,679.877660977,3.38246273224,450.821108886,1000,27509.180269,11109.0673245,16400.1129444,764.651384223,690.097874261,0,optimal
validation,hourly_seed_20056,d9835ea2d85267234740eda3563e2a87bd683e9beca1f28b55bf8ab9fbacf623,20056,flexible,False,False,1000,201.000783984,897.596202848,4.46563533264,622.645777627,1000,0,0,0,0,0,0,optimal
validation,hourly_seed_20056,d9835ea2d85267234740eda3563e2a87bd683e9beca1f28b55bf8ab9fbacf623,20056,rigid,False,False,1000,201.000783984,635.822625172,3.16328430452,622.645777627,1000,0,0,0,0,0,0,optimal
validation,hourly_seed_20056,d9835ea2d85267234740eda3563e2a87bd683e9beca1f28b55bf8ab9fbacf623,20056,flexible,False,True,1000,201.000783984,899.003365411,4.47263611411,622.645777627,1000,0,0,0,212.809277569,192.060373006,0,optimal
validation,hourly_seed_20056,d9835ea2d85267234740eda3563e2a87bd683e9beca1f28b55bf8ab9fbacf623,20056,rigid,False,True,1000,201.000783984,692.126480041,3.44340189288,622.645777627,1000,0,0,0,793.431025851,716.07150083,0,optimal
validation,hourly_seed_20056,d9835ea2d85267234740eda3563e2a87bd683e9beca1f28b55bf8ab9fbacf623,20056,flexible,True,False,1000,201.000783984,1032.47170138,5.13665509614,622.645777627,1000,25663.5695144,20962.5689203,4701.00059413,0,0,0,optimal
validation,hourly_seed_20056,d9835ea2d85267234740eda3563e2a87bd683e9beca1f28b55bf8ab9fbacf623,20056,rigid,True,False,1000,201.000783984,708.1435641,3.52308856744,622.645777627,1000,25663.5695144,4959.32727504,20704.2422394,0,0,0,optimal
validation,hourly_seed_20056,d9835ea2d85267234740eda3563e2a87bd683e9beca1f28b55bf8ab9fbacf623,20056,flexible,True,True,1000,201.000783984,1038.65901693,5.16743764052,622.645777627,1000,25663.5695144,21075.2064113,4588.3631031,847.731485846,765.077665976,0,optimal
validation,hourly_seed_20056,d9835ea2d85267234740eda3563e2a87bd683e9beca1f28b55bf8ab9fbacf623,20056,rigid,True,True,1000,201.000783984,798.487985111,3.9725615457,622.645777627,1000,25663.5695144,7120.79495567,18542.7745587,705.65465083,636.853322374,0,optimal
validation,hourly_seed_20057,7f5f5fe678790d4375a4234efa0faa61950c3962f07a94c79b1977bfe092a44b,20057,flexible,False,False,1000,201.000783984,677.049219601,3.36839093948,364.185736642,1000,0,0,0,0,0,0,optimal
validation,hourly_seed_20057,7f5f5fe678790d4375a4234efa0faa61950c3962f07a94c79b1977bfe092a44b,20057,rigid,False,False,1000,201.000783984,368.015841163,1.83091744156,364.185736642,1000,0,0,0,0,0,0,optimal
validation,hourly_seed_20057,7f5f5fe678790d4375a4234efa0faa61950c3962f07a94c79b1977bfe092a44b,20057,flexible,False,True,1000,201.000783984,692.75961078,3.44655178477,364.185736642,1000,0,0,0,1447.92863704,1306.75559493,0,optimal
validation,hourly_seed_20057,7f5f5fe678790d4375a4234efa0faa61950c3962f07a94c79b1977bfe092a44b,20057,rigid,False,True,1000,201.000783984,421.145695291,2.09524404305,364.185736642,1000,0,0,0,697.772311703,629.739511312,0,optimal
validation,hourly_seed_20057,7f5f5fe678790d4375a4234efa0faa61950c3962f07a94c79b1977bfe092a44b,20057,flexible,True,False,1000,201.000783984,869.532133255,4.32601364044,364.185736642,1000,32152.9262046,31092.9766037,1059.94960089,0,0,0,optimal
validation,hourly_seed_20057,7f5f5fe678790d4375a4234efa0faa61950c3962f07a94c79b1977bfe092a44b,20057,rigid,True,False,1000,201.000783984,507.232416643,2.52353451857,364.185736642,1000,32152.9262046,15953.3160247,16199.6101799,0,0,0,optimal
validation,hourly_seed_20057,7f5f5fe678790d4375a4234efa0faa61950c3962f07a94c79b1977bfe092a44b,20057,flexible,True,True,1000,201.000783984,875.099525593,4.35371200176,364.185736642,1000,32152.9262046,28247.1382607,3905.78794386,787.475542906,710.696677473,0,optimal
validation,hourly_seed_20057,7f5f5fe678790d4375a4234efa0faa61950c3962f07a94c79b1977bfe092a44b,20057,rigid,True,True,1000,201.000783984,603.756580922,3.0037523683,364.185736642,1000,32152.9262046,15693.5867236,16459.339481,1187.2198488,1071.46591354,0,optimal
validation,hourly_seed_20058,3b19dcd025fed92e2b9df406bdac3fd490acb60fc816a69a7a1a753d86ef2953,20058,flexible,False,False,1000,201.000783984,737.624873834,3.66976117811,365.140145433,1000,0,0,0,0,0,0,optimal
validation,hourly_seed_20058,3b19dcd025fed92e2b9df406bdac3fd490acb60fc816a69a7a1a753d86ef2953,20058,rigid,False,False,1000,201.000783984,378.356096719,1.8823612984,365.140145433,1000,0,0,0,0,0,0,optimal
validation,hourly_seed_20058,3b19dcd025fed92e2b9df406bdac3fd490acb60fc816a69a7a1a753d86ef2953,20058,flexible,False,True,1000,201.000783984,743.704476082,3.70000783749,365.140145433,1000,0,0,0,670.53148205,605.15466255,0,optimal
validation,hourly_seed_20058,3b19dcd025fed92e2b9df406bdac3fd490acb60fc816a69a7a1a753d86ef2953,20058,rigid,False,True,1000,201.000783984,456.643975121,2.27185171157,365.140145433,1000,0,0,0,556.447963688,502.194287229,0,optimal
validation,hourly_seed_20058,3b19dcd025fed92e2b9df406bdac3fd490acb60fc816a69a7a1a753d86ef2953,20058,flexible,True,False,1000,201.000783984,880.2038427,4.37910651517,365.140145433,1000,25706.1651718,25706.1651718,0,0,0,0,optimal
validation,hourly_seed_20058,3b19dcd025fed92e2b9df406bdac3fd490acb60fc816a69a7a1a753d86ef2953,20058,rigid,True,False,1000,201.000783984,518.019401283,2.57720089949,365.140145433,1000,25706.1651718,12660.5366515,13045.6285203,0,0,0,optimal
validation,hourly_seed_20058,3b19dcd025fed92e2b9df406bdac3fd490acb60fc816a69a7a1a753d86ef2953,20058,flexible,True,True,1000,201.000783984,881.640624925,4.38625465757,365.140145433,1000,25706.1651718,22861.3081389,2844.85703289,310.610127838,280.325640374,0,optimal
validation,hourly_seed_20058,3b19dcd025fed92e2b9df406bdac3fd490acb60fc816a69a7a1a753d86ef2953,20058,rigid,True,True,1000,201.000783984,623.467730532,3.10181740675,365.140145433,1000,25706.1651718,16019.6291854,9686.53598645,577.813032903,521.476262195,0,optimal
validation,hourly_seed_20059,ce0db05efd3aa119f985f8d2712e71654d4e0b08f8fbcf49c3a446e68320f812,20059,flexible,False,False,1000,201.000783984,773.350303495,3.84749894088,427.229113711,1000,0,0,0,0,0,0,optimal
validation,hourly_seed_20059,ce0db05efd3aa119f985f8d2712e71654d4e0b08f8fbcf49c3a446e68320f812,20059,rigid,False,False,1000,201.000783984,428.589979905,2.13228014045,427.229113711,1000,0,0,0,0,0,0,optimal
validation,hourly_seed_20059,ce0db05efd3aa119f985f8d2712e71654d4e0b08f8fbcf49c3a446e68320f812,20059,flexible,False,True,1000,201.000783984,775.482354952,3.85810612069,427.229113711,1000,0,0,0,381.119193543,343.960072172,0,optimal
validation,hourly_seed_20059,ce0db05efd3aa119f985f8d2712e71654d4e0b08f8fbcf49c3a446e68320f812,20059,rigid,False,True,1000,201.000783984,480.309688312,2.38959111896,427.229113711,1000,0,0,0,498.634650553,450.017772124,0,optimal
validation,hourly_seed_20059,ce0db05efd3aa119f985f8d2712e71654d4e0b08f8fbcf49c3a446e68320f812,20059,flexible,True,False,1000,201.000783984,916.747106902,4.56091309064,427.229113711,1000,24951.6282621,22931.5524571,2020.07580501,0,0,0,optimal
validation,hourly_seed_20059,ce0db05efd3aa119f985f8d2712e71654d4e0b08f8fbcf49c3a446e68320f812,20059,rigid,True,False,1000,201.000783984,519.667791818,2.58540181545,427.229113711,1000,24951.6282621,7576.61880249,17375.0094596,0,0,0,optimal
validation,hourly_seed_20059,ce0db05efd3aa119f985f8d2712e71654d4e0b08f8fbcf49c3a446e68320f812,20059,flexible,True,True,1000,201.000783984,922.268191772,4.58838106744,427.229113711,1000,24951.6282621,20962.1967324,3989.43152967,810.809715733,731.755768449,0,optimal
validation,hourly_seed_20059,ce0db05efd3aa119f985f8d2712e71654d4e0b08f8fbcf49c3a446e68320f812,20059,rigid,True,True,1000,201.000783984,597.785181478,2.97404402923,427.229113711,1000,24951.6282621,9850.19693184,15101.4313303,425.065274012,383.621409796,0,optimal
validation,hourly_seed_20060,f403425931b47c0f76036e87c66777518926625379eabc2b3dcab4eba39a3b37,20060,flexible,False,False,1000,201.000783984,838.189073905,4.17007863,456.151057838,1000,0,0,0,0,0,0,optimal
validation,hourly_seed_20060,f403425931b47c0f76036e87c66777518926625379eabc2b3dcab4eba39a3b37,20060,rigid,False,False,1000,201.000783984,510.509146288,2.53983659252,456.151057838,1000,0,0,0,0,0,0,optimal
validation,hourly_seed_20060,f403425931b47c0f76036e87c66777518926625379eabc2b3dcab4eba39a3b37,20060,flexible,False,True,1000,201.000783984,839.57705093,4.1769839614,456.151057838,1000,0,0,0,210.526315789,190,0,optimal
validation,hourly_seed_20060,f403425931b47c0f76036e87c66777518926625379eabc2b3dcab4eba39a3b37,20060,rigid,False,True,1000,201.000783984,596.654582424,2.96841918025,456.151057838,1000,0,0,0,568.521487229,513.090642224,0,optimal
validation,hourly_seed_20060,f403425931b47c0f76036e87c66777518926625379eabc2b3dcab4eba39a3b37,20060,flexible,True,False,1000,201.000783984,976.290605118,4.85714824473,456.151057838,1000,26179.4828923,24138.9150094,2040.56788293,0,0,0,optimal
validation,hourly_seed_20060,f403425931b47c0f76036e87c66777518926625379eabc2b3dcab4eba39a3b37,20060,rigid,True,False,1000,201.000783984,652.697227104,3.2472372205,456.151057838,1000,26179.4828923,8624.79654158,17554.6863508,0,0,0,optimal
validation,hourly_seed_20060,f403425931b47c0f76036e87c66777518926625379eabc2b3dcab4eba39a3b37,20060,flexible,True,True,1000,201.000783984,978.849249335,4.8698777683,456.151057838,1000,26179.4828923,22825.2036657,3354.27922666,396.726872816,358.046002717,0,optimal
validation,hourly_seed_20060,f403425931b47c0f76036e87c66777518926625379eabc2b3dcab4eba39a3b37,20060,rigid,True,True,1000,201.000783984,744.580078314,3.70436405051,456.151057838,1000,26179.4828923,9089.76603973,17089.7168526,620.086213657,559.627807825,0,optimal
validation,hourly_seed_20061,f57a86e655fa8158eb1af87b81d8d3c51ca5aaba19209fe18d760585bb594d4e,20061,flexible,False,False,1000,201.000783984,692.829461753,3.44689930069,364.185736642,1000,0,0,0,0,0,0,optimal
validation,hourly_seed_20061,f57a86e655fa8158eb1af87b81d8d3c51ca5aaba19209fe18d760585bb594d4e,20061,rigid,False,False,1000,201.000783984,363.189437263,1.80690557551,364.185736642,1000,0,0,0,0,0,0,optimal
validation,hourly_seed_20061,f57a86e655fa8158eb1af87b81d8d3c51ca5aaba19209fe18d760585bb594d4e,20061,flexible,False,True,1000,201.000783984,704.031838329,3.50263230011,364.185736642,1000,0,0,0,1126.22510763,1016.41815964,0,optimal
validation,hourly_seed_20061,f57a86e655fa8158eb1af87b81d8d3c51ca5aaba19209fe18d760585bb594d4e,20061,rigid,False,True,1000,201.000783984,429.577562355,2.13719346681,364.185736642,1000,0,0,0,633.578762461,571.804833121,0,optimal
validation,hourly_seed_20061,f57a86e655fa8158eb1af87b81d8d3c51ca5aaba19209fe18d760585bb594d4e,20061,flexible,True,False,1000,201.000783984,880.031546617,4.37824932407,364.185736642,1000,32520.3060582,31231.1823752,1289.12368302,0,0,0,optimal
validation,hourly_seed_20061,f57a86e655fa8158eb1af87b81d8d3c51ca5aaba19209fe18d760585bb594d4e,20061,rigid,True,False,1000,201.000783984,504.207657711,2.50848602536,364.185736642,1000,32520.3060582,15927.1795556,16593.1265025,0,0,0,optimal
validation,hourly_seed_20061,f57a86e655fa8158eb1af87b81d8d3c51ca5aaba19209fe18d760585bb594d4e,20061,flexible,True,True,1000,201.000783984,887.383463356,4.41482588161,364.185736642,1000,32520.3060582,28667.552895,3852.75316319,1052.63157895,950,0,optimal
validation,hourly_seed_20061,f57a86e655fa8158eb1af87b81d8d3c51ca5aaba19209fe18d760585bb594d4e,20061,rigid,True,True,1000,201.000783984,579.210797635,2.8816345198,364.185736642,1000,32520.3060582,14705.1591114,17815.1469468,619.238550355,558.862791695,0,optimal
validation,hourly_seed_20062,72797b12a2932b3ba6391f932965d8f0ee6b3bd1c217035eb48e3887bf29efaa,20062,flexible,False,False,1000,201.000783984,774.018350218,3.85082254346,427.229113711,1000,0,0,0,0,0,0,optimal
validation,hourly_seed_20062,72797b12a2932b3ba6391f932965d8f0ee6b3bd1c217035eb48e3887bf29efaa,20062,rigid,False,False,1000,201.000783984,428.158635602,2.13013415727,427.229113711,1000,0,0,0,0,0,0,optimal
validation,hourly_seed_20062,72797b12a2932b3ba6391f932965d8f0ee6b3bd1c217035eb48e3887bf29efaa,20062,flexible,False,True,1000,201.000783984,776.321899165,3.86228294128,427.229113711,1000,0,0,0,395.073427881,356.553768663,0,optimal
validation,hourly_seed_20062,72797b12a2932b3ba6391f932965d8f0ee6b3bd1c217035eb48e3887bf29efaa,20062,rigid,False,True,1000,201.000783984,479.344467902,2.3847890461,427.229113711,1000,0,0,0,471.023924721,425.099092061,0,optimal
validation,hourly_seed_20062,72797b12a2932b3ba6391f932965d8f0ee6b3bd1c217035eb48e3887bf29efaa,20062,flexible,True,False,1000,201.000783984,930.308153126,4.62838071915,427.229113711,1000,25460.0448199,24450.09081,1009.95400989,0,0,0,optimal
validation,hourly_seed_20062,72797b12a2932b3ba6391f932965d8f0ee6b3bd1c217035eb48e3887bf29efaa,20062,rigid,True,False,1000,201.000783984,521.538325957,2.59470791914,427.229113711,1000,25460.0448199,9964.58477878,15495.4600411,0,0,0,optimal
validation,hourly_seed_20062,72797b12a2932b3ba6391f932965d8f0ee6b3bd1c217035eb48e3887bf29efaa,20062,flexible,True,True,1000,201.000783984,933.927940204,4.64638953985,427.229113711,1000,25460.0448199,23520.895263,1939.14955691,502.594994243,453.591982304,0,optimal
validation,hourly_seed_20062,72797b12a2932b3ba6391f932965d8f0ee6b3bd1c217035eb48e3887bf29efaa,20062,rigid,True,True,1000,201.000783984,601.209651627,2.9910811277,427.229113711,1000,25460.0448199,10329.6651313,15130.3796886,465.048991392,419.706714731,0,optimal
validation,hourly_seed_20063,388fc08be887a53e5dc62857e53cb22e5d565018acabf9b9c5781df568eb427b,20063,flexible,False,False,1000,201.000783984,699.812804338,3.48164216311,391.732261938,1000,0,0,0,0,0,0,optimal
validation,hourly_seed_20063,388fc08be887a53e5dc62857e53cb22e5d565018acabf9b9c5781df568eb427b,20063,rigid,False,False,1000,201.000783984,394.726525519,1.96380590013,391.732261938,1000,0,0,0,0,0,0,optimal
validation,hourly_seed_20063,388fc08be887a53e5dc62857e53cb22e5d565018acabf9b9c5781df568eb427b,20063,flexible,False,True,1000,201.000783984,713.021534379,3.54735698163,391.732261938,1000,0,0,0,1295.14043525,1168.86424282,0,optimal
validation,hourly_seed_20063,388fc08be887a53e5dc62857e53cb22e5d565018acabf9b9c5781df568eb427b,20063,rigid,False,True,1000,201.000783984,455.53814514,2.26635009133,391.732261938,1000,0,0,0,705.894800469,637.070057424,0,optimal
validation,hourly_seed_20063,388fc08be887a53e5dc62857e53cb22e5d565018acabf9b9c5781df568eb427b,20063,flexible,True,False,1000,201.000783984,884.568802333,4.40082264755,391.732261938,1000,30477.8593946,30180.3536317,297.505762937,0,0,0,optimal
validation,hourly_seed_20063,388fc08be887a53e5dc62857e53cb22e5d565018acabf9b9c5781df568eb427b,20063,rigid,True,False,1000,201.000783984,575.783455995,2.86458313536,391.732261938,1000,30477.8593946,18959.1118725,11518.7475221,0,0,0,optimal
validation,hourly_seed_20063,388fc08be887a53e5dc62857e53cb22e5d565018acabf9b9c5781df568eb427b,20063,flexible,True,True,1000,201.000783984,891.09502354,4.43329128314,391.732261938,1000,30477.8593946,28973.9278241,1503.9315705,794.494582731,717.031360914,0,optimal
validation,hourly_seed_20063,388fc08be887a53e5dc62857e53cb22e5d565018acabf9b9c5781df568eb427b,20063,rigid,True,True,1000,201.000783984,651.106737982,3.23932437017,391.732261938,1000,30477.8593946,16426.2901175,14051.5692771,816.44985414,736.845993362,0,optimal
validation,hourly_seed_20064,5487d356ddfa218a61068e41d547d208227446ef99faf59992d5698020b93a49,20064,flexible,False,False,1000,201.000783984,842.949108669,4.19376030263,503.783081771,1000,0,0,0,0,0,0,optimal
validation,hourly_seed_20064,5487d356ddfa218a61068e41d547d208227446ef99faf59992d5698020b93a49,20064,rigid,False,False,1000,201.000783984,508.149608965,2.52809764665,503.783081771,1000,0,0,0,0,0,0,optimal
validation,hourly_seed_20064,5487d356ddfa218a61068e41d547d208227446ef99faf59992d5698020b93a49,20064,flexible,False,True,1000,201.000783984,844.371601952,4.20083735603,503.783081771,1000,0,0,0,315.789473684,285,0,optimal
validation,hourly_seed_20064,5487d356ddfa218a61068e41d547d208227446ef99faf59992d5698020b93a49,20064,rigid,False,True,1000,201.000783984,569.617654212,2.83390762425,503.783081771,1000,0,0,0,421.052631579,380,0,optimal
validation,hourly_seed_20064,5487d356ddfa218a61068e41d547d208227446ef99faf59992d5698020b93a49,20064,flexible,True,False,1000,201.000783984,985.053163515,4.90074289259,503.783081771,1000,26625.7647801,22573.9930773,4051.77170281,0,0,0,optimal
validation,hourly_seed_20064,5487d356ddfa218a61068e41d547d208227446ef99faf59992d5698020b93a49,20064,rigid,True,False,1000,201.000783984,643.138517622,3.19968163743,503.783081771,1000,26625.7647801,11981.1615792,14644.603201,0,0,0,optimal
validation,hourly_seed_20064,5487d356ddfa218a61068e41d547d208227446ef99faf59992d5698020b93a49,20064,flexible,True,True,1000,201.000783984,988.013056452,4.91546867066,503.783081771,1000,26625.7647801,21760.8915359,4864.87324423,445.084438825,401.688706039,0,optimal
validation,hourly_seed_20064,5487d356ddfa218a61068e41d547d208227446ef99faf59992d5698020b93a49,20064,rigid,True,True,1000,201.000783984,725.351057809,3.60869765496,503.783081771,1000,26625.7647801,9417.56695373,17208.1978264,487.426827258,439.9027116,0,optimal
validation,hourly_seed_20065,a8c62a567d8e5c243c40785e6e4a8c1c7eeacd2a584c37776bbff4f6f5b20b25,20065,flexible,False,False,1000,201.000783984,757.48311419,3.76855800846,365.140145433,1000,0,0,0,0,0,0,optimal
validation,hourly_seed_20065,a8c62a567d8e5c243c40785e6e4a8c1c7eeacd2a584c37776bbff4f6f5b20b25,20065,rigid,False,False,1000,201.000783984,434.652098474,2.16243981669,365.140145433,1000,0,0,0,0,0,0,optimal
validation,hourly_seed_20065,a8c62a567d8e5c243c40785e6e4a8c1c7eeacd2a584c37776bbff4f6f5b20b25,20065,flexible,False,True,1000,201.000783984,759.0507911,3.77635736565,365.140145433,1000,0,0,0,316.063871463,285.247643995,0,optimal
validation,hourly_seed_20065,a8c62a567d8e5c243c40785e6e4a8c1c7eeacd2a584c37776bbff4f6f5b20b25,20065,rigid,False,True,1000,201.000783984,492.575286033,2.45061375518,365.140145433,1000,0,0,0,602.013063175,543.316789515,0,optimal
validation,hourly_seed_20065,a8c62a567d8e5c243c40785e6e4a8c1c7eeacd2a584c37776bbff4f6f5b20b25,20065,flexible,True,False,1000,201.000783984,889.354740896,4.4246331943,365.140145433,1000,24661.8960258,24661.8960258,0,0,0,0,optimal
validation,hourly_seed_20065,a8c62a567d8e5c243c40785e6e4a8c1c7eeacd2a584c37776bbff4f6f5b20b25,20065,rigid,True,False,1000,201.000783984,519.872836695,2.58642193523,365.140145433,1000,24661.8960258,10741.2023935,13920.6936324,0,0,0,optimal
validation,hourly_seed_20065,a8c62a567d8e5c243c40785e6e4a8c1c7eeacd2a584c37776bbff4f6f5b20b25,20065,flexible,True,True,1000,201.000783984,890.728068145,4.43146564153,365.140145433,1000,24661.8960258,22105.306725,2556.58930089,210.526315789,190,0,optimal
validation,hourly_seed_20065,a8c62a567d8e5c243c40785e6e4a8c1c7eeacd2a584c37776bbff4f6f5b20b25,20065,rigid,True,True,1000,201.000783984,606.803505132,3.01891113609,365.140145433,1000,24661.8960258,15966.5937783,8695.30224754,633.898339968,572.093251821,0,optimal
validation,hourly_seed_20066,63476a397f5185ba1b9bd9b62d2f970cbe411730e60208ac80ce2f86714d0466,20066,flexible,False,False,1000,201.000783984,710.618671571,3.53540248692,364.185736642,1000,0,0,0,0,0,0,optimal
validation,hourly_seed_20066,63476a397f5185ba1b9bd9b62d2f970cbe411730e60208ac80ce2f86714d0466,20066,rigid,False,False,1000,201.000783984,375.67743199,1.86903466018,364.185736642,1000,0,0,0,0,0,0,optimal
validation,hourly_seed_20066,63476a397f5185ba1b9bd9b62d2f970cbe411730e60208ac80ce2f86714d0466,20066,flexible,False,True,1000,201.000783984,724.686383557,3.60539083079,364.185736642,1000,0,0,0,1337.57245684,1207.1591423,0,optimal
validation,hourly_seed_20066,63476a397f5185ba1b9bd9b62d2f970cbe411730e60208ac80ce2f86714d0466,20066,rigid,False,True,1000,201.000783984,440.490061755,2.19148429685,364.185736642,1000,0,0,0,496.273277962,447.88663336,0,optimal
validation,hourly_seed_20066,63476a397f5185ba1b9bd9b62d2f970cbe411730e60208ac80ce2f86714d0466,20066,flexible,True,False,1000,201.000783984,898.622113816,4.4707393474,364.185736642,1000,31894.9282315,31068.6936663,826.234565251,0,0,0,optimal
validation,hourly_seed_20066,63476a397f5185ba1b9bd9b62d2f970cbe411730e60208ac80ce2f86714d0466,20066,rigid,True,False,1000,201.000783984,513.456483744,2.55449990576,364.185736642,1000,31894.9282315,15860.0798726,16034.8483589,0,0,0,optimal
validation,hourly_seed_20066,63476a397f5185ba1b9bd9b62d2f970cbe411730e60208ac80ce2f86714d0466,20066,flexible,True,True,1000,201.000783984,906.505062485,4.50995784453,364.185736642,1000,31894.9282315,31032.9670918,861.961139731,1005.59504259,907.549525942,0,optimal
validation,hourly_seed_20066,63476a397f5185ba1b9bd9b62d2f970cbe411730e60208ac80ce2f86714d0466,20066,rigid,True,True,1000,201.000783984,622.750925198,3.09825122497,364.185736642,1000,31894.9282315,13625.9122503,18269.0159812,628.329441641,567.067321081,0,optimal
validation,hourly_seed_20067,c8bf5d3c0a2feffe7c3bcc29c499af41a0a45855a6427fa9d4f4dd551c837944,20067,flexible,False,False,1000,201.000783984,681.982015244,3.39293211562,372.005388909,1000,0,0,0,0,0,0,optimal
validation,hourly_seed_20067,c8bf5d3c0a2feffe7c3bcc29c499af41a0a45855a6427fa9d4f4dd551c837944,20067,rigid,False,False,1000,201.000783984,397.379488189,1.9770046679,372.005388909,1000,0,0,0,0,0,0,optimal
validation,hourly_seed_20067,c8bf5d3c0a2feffe7c3bcc29c499af41a0a45855a6427fa9d4f4dd551c837944,20067,flexible,False,True,1000,201.000783984,698.3846475,3.47453693293,372.005388909,1000,0,0,0,1515.42975834,1367.67535691,0,optimal
validation,hourly_seed_20067,c8bf5d3c0a2feffe7c3bcc29c499af41a0a45855a6427fa9d4f4dd551c837944,20067,rigid,False,True,1000,201.000783984,455.392418797,2.26562508748,372.005388909,1000,0,0,0,1028.88008081,928.564272935,0,optimal
validation,hourly_seed_20067,c8bf5d3c0a2feffe7c3bcc29c499af41a0a45855a6427fa9d4f4dd551c837944,20067,flexible,True,False,1000,201.000783984,876.686606945,4.36160789808,372.005388909,1000,31093.0143281,30781.7807327,311.233595466,0,0,0,optimal
validation,hourly_seed_20067,c8bf5d3c0a2feffe7c3bcc29c499af41a0a45855a6427fa9d4f4dd551c837944,20067,rigid,True,False,1000,201.000783984,511.213925425,2.54334294271,372.005388909,1000,31093.0143281,17054.0136233,14039.0007048,0,0,0,optimal
validation,hourly_seed_20067,c8bf5d3c0a2feffe7c3bcc29c499af41a0a45855a6427fa9d4f4dd551c837944,20067,flexible,True,True,1000,201.000783984,884.35125173,4.39974031047,372.005388909,1000,31093.0143281,30321.5965608,771.417767279,896.458788383,809.054056515,0,optimal
validation,hourly_seed_20067,c8bf5d3c0a2feffe7c3bcc29c499af41a0a45855a6427fa9d4f4dd551c837944,20067,rigid,True,True,1000,201.000783984,595.382062194,2.96208825853,372.005388909,1000,31093.0143281,15116.793215,15976.2211131,598.873135561,540.483004844,0,optimal
validation,hourly_seed_20068,21098b73b10aa9460220b09172c198eb3773953fe454c4f486485a610523e20f,20068,flexible,False,False,1000,201.000783984,873.648716007,4.34649407177,526.733490668,1000,0,0,0,0,0,0,optimal
validation,hourly_seed_20068,21098b73b10aa9460220b09172c198eb3773953fe454c4f486485a610523e20f,20068,rigid,False,False,1000,201.000783984,519.640194154,2.58526451417,526.733490668,1000,0,0,0,0,0,0,optimal
validation,hourly_seed_20068,21098b73b10aa9460220b09172c198eb3773953fe454c4f486485a610523e20f,20068,flexible,False,True,1000,201.000783984,875.98064836,4.35809568001,526.733490668,1000,0,0,0,232.03004774,209.407118085,0,optimal
validation,hourly_seed_20068,21098b73b10aa9460220b09172c198eb3773953fe454c4f486485a610523e20f,20068,rigid,False,True,1000,201.000783984,572.365683526,2.84757935855,526.733490668,1000,0,0,0,421.052631579,380,0,optimal
validation,hourly_seed_20068,21098b73b10aa9460220b09172c198eb3773953fe454c4f486485a610523e20f,20068,flexible,True,False,1000,201.000783984,1009.79363895,5.02382935497,526.733490668,1000,24838.0571955,21421.1436068,3416.91358868,0,0,0,optimal
validation,hourly_seed_20068,21098b73b10aa9460220b09172c198eb3773953fe454c4f486485a610523e20f,20068,rigid,True,False,1000,201.000783984,622.937701292,3.09918045564,526.733490668,1000,24838.0571955,3027.7995067,21810.2576888,0,0,0,optimal
validation,hourly_seed_20068,21098b73b10aa9460220b09172c198eb3773953fe454c4f486485a610523e20f,20068,flexible,True,True,1000,201.000783984,1016.43019801,5.05684693294,526.733490668,1000,24838.0571955,20819.0659734,4018.99122205,982.962911779,887.12402788,0,optimal
validation,hourly_seed_20068,21098b73b10aa9460220b09172c198eb3773953fe454c4f486485a610523e20f,20068,rigid,True,True,1000,201.000783984,723.506945485,3.59952300257,526.733490668,1000,24838.0571955,6116.0254999,18722.0316956,539.831704848,487.198113625,0,optimal
validation,hourly_seed_20069,bc981166a5bffd0fa78ad876c6f691923defd98b60475707cc548325aa0748e4,20069,flexible,False,False,1000,201.000783984,784.104789694,3.90100363865,450.821108886,1000,0,0,0,0,0,0,optimal
validation,hourly_seed_20069,bc981166a5bffd0fa78ad876c6f691923defd98b60475707cc548325aa0748e4,20069,rigid,False,False,1000,201.000783984,452.698385925,2.25222199114,450.821108886,1000,0,0,0,0,0,0,optimal
validation,hourly_seed_20069,bc981166a5bffd0fa78ad876c6f691923defd98b60475707cc548325aa0748e4,20069,flexible,False,True,1000,201.000783984,785.537363092,3.90813084169,450.821108886,1000,0,0,0,315.789473684,285,0,optimal
validation,hourly_seed_20069,bc981166a5bffd0fa78ad876c6f691923defd98b60475707cc548325aa0748e4,20069,rigid,False,True,1000,201.000783984,501.600655318,2.49551591479,450.821108886,1000,0,0,0,541.583601905,488.77920072,0,optimal
validation,hourly_seed_20069,bc981166a5bffd0fa78ad876c6f691923defd98b60475707cc548325aa0748e4,20069,flexible,True,False,1000,201.000783984,938.77349328,4.67049667505,450.821108886,1000,27509.180269,26374.9294864,1134.25078257,0,0,0,optimal
validation,hourly_seed_20069,bc981166a5bffd0fa78ad876c6f691923defd98b60475707cc548325aa0748e4,20069,rigid,True,False,1000,201.000783984,542.578768892,2.69938633142,450.821108886,1000,27509.180269,8364.67259954,19144.5076694,0,0,0,optimal
validation,hourly_seed_20069,bc981166a5bffd0fa78ad876c6f691923defd98b60475707cc548325aa0748e4,20069,flexible,True,True,1000,201.000783984,940.959361629,4.68137159955,450.821108886,1000,27509.180269,26065.4959929,1443.68427605,381.536105589,344.336335294,0,optimal
validation,hourly_seed_20069,bc981166a5bffd0fa78ad876c6f691923defd98b60475707cc548325aa0748e4,20069,rigid,True,True,1000,201.000783984,623.74235127,3.10318367375,450.821108886,1000,27509.180269,9677.03364585,17832.1466231,594.758758671,536.769779701,0,optimal
validation,hourly_seed_20070,a0da0ad0c3c46fc9b8b459c3c4d986c4a627fc69fb0b90767c178021500012c2,20070,flexible,False,False,1000,201.000783984,822.285521099,4.09095678535,427.229113711,1000,0,0,0,0,0,0,optimal
validation,hourly_seed_20070,a0da0ad0c3c46fc9b8b459c3c4d986c4a627fc69fb0b90767c178021500012c2,20070,rigid,False,False,1000,201.000783984,461.895580023,2.29797899724,427.229113711,1000,0,0,0,0,0,0,optimal
validation,hourly_seed_20070,a0da0ad0c3c46fc9b8b459c3c4d986c4a627fc69fb0b90767c178021500012c2,20070,flexible,False,True,1000,201.000783984,823.70602538,4.09802394325,427.229113711,1000,0,0,0,315.789473684,285,0,optimal
validation,hourly_seed_20070,a0da0ad0c3c46fc9b8b459c3c4d986c4a627fc69fb0b90767c178021500012c2,20070,rigid,False,True,1000,201.000783984,530.095197002,2.63727925083,427.229113711,1000,0,0,0,434.74686416,392.359044904,0,optimal
validation,hourly_seed_20070,a0da0ad0c3c46fc9b8b459c3c4d986c4a627fc69fb0b90767c178021500012c2,20070,flexible,True,False,1000,201.000783984,965.83282805,4.80511970604,427.229113711,1000,27326.8366661,25924.5332523,1402.30341377,0,0,0,optimal
validation,hourly_seed_20070,a0da0ad0c3c46fc9b8b459c3c4d986c4a627fc69fb0b90767c178021500012c2,20070,rigid,True,False,1000,201.000783984,602.571554809,2.99785673899,427.229113711,1000,27326.8366661,9846.01669493,17480.8199711,0,0,0,optimal
validation,hourly_seed_20070,a0da0ad0c3c46fc9b8b459c3c4d986c4a627fc69fb0b90767c178021500012c2,20070,flexible,True,True,1000,201.000783984,969.135132406,4.82154901686,427.229113711,1000,27326.8366661,23624.5613386,3702.27532749,525.479278275,474.245048643,0,optimal
validation,hourly_seed_20070,a0da0ad0c3c46fc9b8b459c3c4d986c4a627fc69fb0b90767c178021500012c2,20070,rigid,True,True,1000,201.000783984,691.582778396,3.44069692012,427.229113711,1000,27326.8366661,9031.01113785,18295.8255282,557.308544077,502.970961029,0,optimal
validation,hourly_seed_20071,07928f2b03bde6d81930ef740799c2ea3751497d5f65e49dc4949fd0d0638e5b,20071,flexible,False,False,1000,201.000783984,752.503094775,3.7437818891,365.140145433,1000,0,0,0,0,0,0,optimal
validation,hourly_seed_20071,07928f2b03bde6d81930ef740799c2ea3751497d5f65e49dc4949fd0d0638e5b,20071,rigid,False,False,1000,201.000783984,412.325037936,2.05136034678,365.140145433,1000,0,0,0,0,0,0,optimal
validation,hourly_seed_20071,07928f2b03bde6d81930ef740799c2ea3751497d5f65e49dc4949fd0d0638e5b,20071,flexible,False,True,1000,201.000783984,755.499876368,3.75869119211,365.140145433,1000,0,0,0,518.171814662,467.650062733,0,optimal
validation,hourly_seed_20071,07928f2b03bde6d81930ef740799c2ea3751497d5f65e49dc4949fd0d0638e5b,20071,rigid,False,True,1000,201.000783984,475.003240753,2.36319098532,365.140145433,1000,0,0,0,492.968073019,444.9036859,0,optimal
validation,hourly_seed_20071,07928f2b03bde6d81930ef740799c2ea3751497d5f65e49dc4949fd0d0638e5b,20071,flexible,True,False,1000,201.000783984,883.166444242,4.39384576884,365.140145433,1000,24661.8960258,24661.8960258,0,0,0,0,optimal
validation,hourly_seed_20071,07928f2b03bde6d81930ef740799c2ea3751497d5f65e49dc4949fd0d0638e5b,20071,rigid,True,False,1000,201.000783984,517.72598644,2.57574112985,365.140145433,1000,24661.8960258,11807.602427,12854.2935988,0,0,0,optimal
validation,hourly_seed_20071,07928f2b03bde6d81930ef740799c2ea3751497d5f65e49dc4949fd0d0638e5b,20071,flexible,True,True,1000,201.000783984,884.538627458,4.40067252438,365.140145433,1000,24661.8960258,21732.3069402,2929.5890856,305.263157895,275.5,0,optimal
validation,hourly_seed_20071,07928f2b03bde6d81930ef740799c2ea3751497d5f65e49dc4949fd0d0638e5b,20071,rigid,True,True,1000,201.000783984,603.365947966,3.00180892834,365.140145433,1000,24661.8960258,16172.3972394,8489.49878644,434.840891551,392.443904625,0,optimal
validation,hourly_seed_20072,203c6b0713616c90df01c8434720155cbf51c23f77e989700e779419e0b1b14a,20072,flexible,False,False,1000,201.000783984,725.788683373,3.61087488809,393.510110093,1000,0,0,0,0,0,0,optimal
validation,hourly_seed_20072,203c6b0713616c90df01c8434720155cbf51c23f77e989700e779419e0b1b14a,20072,rigid,False,False,1000,201.000783984,395.661503195,1.96845751222,393.510110093,1000,0,0,0,0,0,0,optimal
validation,hourly_seed_20072,203c6b0713616c90df01c8434720155cbf51c23f77e989700e779419e0b1b14a,20072,flexible,False,True,1000,201.000783984,731.103708723,3.63731769713,393.510110093,1000,0,0,0,687.7124447,620.660481342,0,optimal
validation,hourly_seed_20072,203c6b0713616c90df01c8434720155cbf51c23f77e989700e779419e0b1b14a,20072,rigid,False,True,1000,201.000783984,442.212376825,2.20005299512,393.510110093,1000,0,0,0,570.156306384,514.566066512,0,optimal
validation,hourly_seed_20072,203c6b0713616c90df01c8434720155cbf51c23f77e989700e779419e0b1b14a,20072,flexible,True,False,1000,201.000783984,901.311757738,4.48412060826,393.510110093,1000,30679.8204262,29236.2037349,1443.61669135,0,0,0,optimal
validation,hourly_seed_20072,203c6b0713616c90df01c8434720155cbf51c23f77e989700e779419e0b1b14a,20072,rigid,True,False,1000,201.000783984,510.416739165,2.53937685738,393.510110093,1000,30679.8204262,10413.9315462,20265.8888801,0,0,0,optimal
validation,hourly_seed_20072,203c6b0713616c90df01c8434720155cbf51c23f77e989700e779419e0b1b14a,20072,flexible,True,True,1000,201.000783984,903.935668689,4.49717484067,393.510110093,1000,30679.8204262,26685.6750644,3994.14536185,374.669345646,338.139084445,0,optimal
validation,hourly_seed_20072,203c6b0713616c90df01c8434720155cbf51c23f77e989700e779419e0b1b14a,20072,rigid,True,True,1000,201.000783984,610.215232074,3.03588483576,393.510110093,1000,30679.8204262,13219.0829428,17460.7374834,672.160905203,606.625216946,0,optimal
validation,hourly_seed_20073,91e4fcf968f3043022422db33fa7c58762fed9c602bde8f440ea51675525b74c,20073,flexible,False,False,1000,201.000783984,709.702819405,3.53084602626,398.643991717,1000,0,0,0,0,0,0,optimal
validation,hourly_seed_20073,91e4fcf968f3043022422db33fa7c58762fed9c602bde8f440ea51675525b74c,20073,rigid,False,False,1000,201.000783984,407.419619703,2.02695537613,398.643991717,1000,0,0,0,0,0,0,optimal
validation,hourly_seed_20073,91e4fcf968f3043022422db33fa7c58762fed9c602bde8f440ea51675525b74c,20073,flexible,False,True,1000,201.000783984,720.177645,3.58295938317,398.643991717,1000,0,0,0,1087.35679616,981.339508532,0,optimal
validation,hourly_seed_20073,91e4fcf968f3043022422db33fa7c58762fed9c602bde8f440ea51675525b74c,20073,rigid,False,True,1000,201.000783984,470.123223066,2.33891238506,398.643991717,1000,0,0,0,615.113404647,555.139847694,0,optimal
validation,hourly_seed_20073,91e4fcf968f3043022422db33fa7c58762fed9c602bde8f440ea51675525b74c,20073,flexible,True,False,1000,201.000783984,884.593908271,4.40094755223,398.643991717,1000,28856.7262045,28377.2503877,479.475816743,0,0,0,optimal
validation,hourly_seed_20073,91e4fcf968f3043022422db33fa7c58762fed9c602bde8f440ea51675525b74c,20073,rigid,True,False,1000,201.000783984,527.658108253,2.62515447848,398.643991717,1000,28856.7262045,13723.855424,15132.8707805,0,0,0,optimal
validation,hourly_seed_20073,91e4fcf968f3043022422db33fa7c58762fed9c602bde8f440ea51675525b74c,20073,flexible,True,True,1000,201.000783984,889.918792761,4.42743941154,398.643991717,1000,28856.7262045,27051.2482695,1805.477935,766.291469326,691.578051066,0,optimal
validation,hourly_seed_20073,91e4fcf968f3043022422db33fa7c58762fed9c602bde8f440ea51675525b74c,20073,rigid,True,True,1000,201.000783984,606.321926882,3.01651523374,398.643991717,1000,28856.7262045,14440.8567358,14415.8694687,746.204770611,673.449805477,0,optimal
validation,hourly_seed_20074,9a9e71bb1e4080073df4814d63e15cd038a367faaa3c485ee7659724559e6b68,20074,flexible,False,False,1000,201.000783984,846.122551277,4.20954851273,526.733490668,1000,0,0,0,0,0,0,optimal
validation,hourly_seed_20074,9a9e71bb1e4080073df4814d63e15cd038a367faaa3c485ee7659724559e6b68,20074,rigid,False,False,1000,201.000783984,526.846340993,2.62111585115,526.733490668,1000,0,0,0,0,0,0,optimal
validation,hourly_seed_20074,9a9e71bb1e4080073df4814d63e15cd038a367faaa3c485ee7659724559e6b68,20074,flexible,False,True,1000,201.000783984,848.232716328,4.22004680537,526.733490668,1000,0,0,0,255.86570656,230.918800171,0,optimal
validation,hourly_seed_20074,9a9e71bb1e4080073df4814d63e15cd038a367faaa3c485ee7659724559e6b68,20074,rigid,False,True,1000,201.000783984,571.952793997,2.8455251898,526.733490668,1000,0,0,0,527.780397001,476.321808293,0,optimal
validation,hourly_seed_20074,9a9e71bb1e4080073df4814d63e15cd038a367faaa3c485ee7659724559e6b68,20074,flexible,True,False,1000,201.000783984,982.639137389,4.88873285921,526.733490668,1000,25124.9493372,20006.9039948,5118.04534239,0,0,0,optimal
validation,hourly_seed_20074,9a9e71bb1e4080073df4814d63e15cd038a367faaa3c485ee7659724559e6b68,20074,rigid,True,False,1000,201.000783984,592.991108358,2.95019301221,526.733490668,1000,25124.9493372,3141.79845117,21983.1508861,0,0,0,optimal
validation,hourly_seed_20074,9a9e71bb1e4080073df4814d63e15cd038a367faaa3c485ee7659724559e6b68,20074,flexible,True,True,1000,201.000783984,990.353248821,4.92711137336,526.733490668,1000,25124.9493372,19379.120705,5745.82863219,863.695741085,779.485406329,0,optimal
validation,hourly_seed_20074,9a9e71bb1e4080073df4814d63e15cd038a367faaa3c485ee7659724559e6b68,20074,rigid,True,True,1000,201.000783984,670.581214262,3.33621193396,526.733490668,1000,25124.9493372,5589.5068184,19535.4425188,836.177849064,754.65050878,0,optimal
validation,hourly_seed_20075,940a4a520f01874b4beeb835e9e67431ba63c1859c56a51189fca8478938a854,20075,flexible,False,False,1000,201.000783984,736.500586457,3.66416773039,450.821108886,1000,0,0,0,0,0,0,optimal
validation,hourly_seed_20075,940a4a520f01874b4beeb835e9e67431ba63c1859c56a51189fca8478938a854,20075,rigid,False,False,1000,201.000783984,453.748764112,2.25744773288,450.821108886,1000,0,0,0,0,0,0,optimal
validation,hourly_seed_20075,940a4a520f01874b4beeb835e9e67431ba63c1859c56a51189fca8478938a854,20075,flexible,False,True,1000,201.000783984,740.14928659,3.68232039657,450.821108886,1000,0,0,0,548.859264994,495.345486657,0,optimal
validation,hourly_seed_20075,940a4a520f01874b4beeb835e9e67431ba63c1859c56a51189fca8478938a854,20075,rigid,False,True,1000,201.000783984,502.541433043,2.50019638273,450.821108886,1000,0,0,0,982.082170343,886.329158735,0,optimal
validation,hourly_seed_20075,940a4a520f01874b4beeb835e9e67431ba63c1859c56a51189fca8478938a854,20075,flexible,True,False,1000,201.000783984,895.118926444,4.45331062248,450.821108886,1000,26901.3078891,25838.3860622,1062.92182691,0,0,0,optimal
validation,hourly_seed_20075,940a4a520f01874b4beeb835e9e67431ba63c1859c56a51189fca8478938a854,20075,rigid,True,False,1000,201.000783984,571.115120743,2.84135767743,450.821108886,1000,26901.3078891,14679.7861173,12221.5217718,0,0,0,optimal
validation,hourly_seed_20075,940a4a520f01874b4beeb835e9e67431ba63c1859c56a51189fca8478938a854,20075,flexible,True,True,1000,201.000783984,896.825933338,4.46180316097,450.821108886,1000,26901.3078891,23890.1623585,3011.14553054,340.584729591,307.377718456,0,optimal
validation,hourly_seed_20075,940a4a520f01874b4beeb835e9e67431ba63c1859c56a51189fca8478938a854,20075,rigid,True,True,1000,201.000783984,653.488444624,3.25117361073,450.821108886,1000,26901.3078891,14215.4726946,12685.8351944,865.287611549,780.922069423,0,optimal
validation,hourly_seed_20076,c5892545d9ceec3123adf468e1dcce2b2aa8cf29f95b98844705c4408738c6d2,20076,flexible,False,False,1000,201.000783984,828.27555048,4.12075781031,495.000408925,1000,0,0,0,0,0,0,optimal
validation,hourly_seed_20076,c5892545d9ceec3123adf468e1dcce2b2aa8cf29f95b98844705c4408738c6d2,20076,rigid,False,False,1000,201.000783984,497.225793341,2.47375051721,495.000408925,1000,0,0,0,0,0,0,optimal
validation,hourly_seed_20076,c5892545d9ceec3123adf468e1dcce2b2aa8cf29f95b98844705c4408738c6d2,20076,flexible,False,True,1000,201.000783984,829.981146963,4.12924333185,495.000408925,1000,0,0,0,220.578448751,199.072049997,0,optimal
validation,hourly_seed_20076,c5892545d9ceec3123adf468e1dcce2b2aa8cf29f95b98844705c4408738c6d2,20076,rigid,False,True,1000,201.000783984,559.76473067,2.78488829533,495.000408925,1000,0,0,0,580.282626957,523.705070829,0,optimal
validation,hourly_seed_20076,c5892545d9ceec3123adf468e1dcce2b2aa8cf29f95b98844705c4408738c6d2,20076,flexible,True,False,1000,201.000783984,963.894733647,4.79547748293,495.000408925,1000,25350.4517335,19403.8441162,5946.60761732,0,0,0,optimal
validation,hourly_seed_20076,c5892545d9ceec3123adf468e1dcce2b2aa8cf29f95b98844705c4408738c6d2,20076,rigid,True,False,1000,201.000783984,616.210261323,3.06571073559,495.000408925,1000,25350.4517335,5617.52400948,19732.927724,0,0,0,optimal
validation,hourly_seed_20076,c5892545d9ceec3123adf468e1dcce2b2aa8cf29f95b98844705c4408738c6d2,20076,flexible,True,True,1000,201.000783984,971.42110174,4.83292195426,495.000408925,1000,25350.4517335,19567.8481158,5782.60361771,1000.30454383,902.774850802,0,optimal
validation,hourly_seed_20076,c5892545d9ceec3123adf468e1dcce2b2aa8cf29f95b98844705c4408738c6d2,20076,rigid,True,True,1000,201.000783984,714.889466083,3.55665013794,495.000408925,1000,25350.4517335,8089.71016909,17260.7415644,577.277777317,520.993194029,0,optimal
validation,hourly_seed_20077,52701b3cc61014c1e2fc3532c8a7328ba8282e0fd9c700afaaaaa1a5176bbc5a,20077,flexible,False,False,1000,201.000783984,798.641108023,3.97332334826,427.229113711,1000,0,0,0,0,0,0,optimal
validation,hourly_seed_20077,52701b3cc61014c1e2fc3532c8a7328ba8282e0fd9c700afaaaaa1a5176bbc5a,20077,rigid,False,False,1000,201.000783984,443.290035055,2.20541445793,427.229113711,1000,0,0,0,0,0,0,optimal
validation,hourly_seed_20077,52701b3cc61014c1e2fc3532c8a7328ba8282e0fd9c700afaaaaa1a5176bbc5a,20077,flexible,False,True,1000,201.000783984,801.331782581,3.98670973664,427.229113711,1000,0,0,0,315.789473684,285,0,optimal
validation,hourly_seed_20077,52701b3cc61014c1e2fc3532c8a7328ba8282e0fd9c700afaaaaa1a5176bbc5a,20077,rigid,False,True,1000,201.000783984,499.008399093,2.48261916795,427.229113711,1000,0,0,0,678.153949842,612.033939733,0,optimal
validation,hourly_seed_20077,52701b3cc61014c1e2fc3532c8a7328ba8282e0fd9c700afaaaaa1a5176bbc5a,20077,flexible,True,False,1000,201.000783984,953.652983085,4.74452369878,427.229113711,1000,27228.3946734,26045.4619855,1182.93268791,0,0,0,optimal
validation,hourly_seed_20077,52701b3cc61014c1e2fc3532c8a7328ba8282e0fd9c700afaaaaa1a5176bbc5a,20077,rigid,True,False,1000,201.000783984,580.230862618,2.88670945017,427.229113711,1000,27228.3946734,12781.790339,14446.6043344,0,0,0,optimal
validation,hourly_seed_20077,52701b3cc61014c1e2fc3532c8a7328ba8282e0fd9c700afaaaaa1a5176bbc5a,20077,flexible,True,True,1000,201.000783984,956.772811423,4.76004517226,427.229113711,1000,27228.3946734,24034.8640346,3193.53063876,454.114772199,409.83858191,0,optimal
validation,hourly_seed_20077,52701b3cc61014c1e2fc3532c8a7328ba8282e0fd9c700afaaaaa1a5176bbc5a,20077,rigid,True,True,1000,201.000783984,681.166430218,3.3888744945,427.229113711,1000,27228.3946734,9412.4997415,17815.8949319,670.280309199,604.927979052,0,optimal
validation,hourly_seed_20078,98ec86fe27691cab83dfbb2cb03893fce4c6d88ccbde7606473fce703a37a94a,20078,flexible,False,False,1000,201.000783984,732.678597197,3.64515293261,364.185736642,1000,0,0,0,0,0,0,optimal
validation,hourly_seed_20078,98ec86fe27691cab83dfbb2cb03893fce4c6d88ccbde7606473fce703a37a94a,20078,rigid,False,False,1000,201.000783984,415.229283158,2.06580927162,364.185736642,1000,0,0,0,0,0,0,optimal
validation,hourly_seed_20078,98ec86fe27691cab83dfbb2cb03893fce4c6d88ccbde7606473fce703a37a94a,20078,flexible,False,True,1000,201.000783984,739.344171765,3.6783148658,364.185736642,1000,0,0,0,851.262661667,768.264552155,0,optimal
validation,hourly_seed_20078,98ec86fe27691cab83dfbb2cb03893fce4c6d88ccbde7606473fce703a37a94a,20078,rigid,False,True,1000,201.000783984,474.399707533,2.36018834419,364.185736642,1000,0,0,0,635.069574157,573.150290677,0,optimal
validation,hourly_seed_20078,98ec86fe27691cab83dfbb2cb03893fce4c6d88ccbde7606473fce703a37a94a,20078,flexible,True,False,1000,201.000783984,915.872481135,4.55656173564,364.185736642,1000,31763.390064,31148.1020742,615.287989781,0,0,0,optimal
validation,hourly_seed_20078,98ec86fe27691cab83dfbb2cb03893fce4c6d88ccbde7606473fce703a37a94a,20078,rigid,True,False,1000,201.000783984,501.612403166,2.49557436157,364.185736642,1000,31763.390064,16048.2707534,15715.1193106,0,0,0,optimal
validation,hourly_seed_20078,98ec86fe27691cab83dfbb2cb03893fce4c6d88ccbde7606473fce703a37a94a,20078,flexible,True,True,1000,201.000783984,921.837654168,4.58623909766,364.185736642,1000,31763.390064,31408.4426328,354.947431202,770.719250459,695.574123539,0,optimal
validation,hourly_seed_20078,98ec86fe27691cab83dfbb2cb03893fce4c6d88ccbde7606473fce703a37a94a,20078,rigid,True,True,1000,201.000783984,597.112306062,2.9706964034,364.185736642,1000,31763.390064,12165.7555041,19597.6345599,510.25648446,460.506477225,0,optimal
validation,hourly_seed_20079,a56ca05f891c8d9dfa28435a0176e5e4e1965e6b4badb268343c2430a8b5771f,20079,flexible,False,False,1000,201.000783984,892.969201748,4.44261551646,622.645777627,1000,0,0,0,0,0,0,optimal
validation,hourly_seed_20079,a56ca05f891c8d9dfa28435a0176e5e4e1965e6b4badb268343c2430a8b5771f,20079,rigid,False,False,1000,201.000783984,625.837857696,3.11360903819,622.645777627,1000,0,0,0,0,0,0,optimal
validation,hourly_seed_20079,a56ca05f891c8d9dfa28435a0176e5e4e1965e6b4badb268343c2430a8b5771f,20079,flexible,False,True,1000,201.000783984,894.359147202,4.449530641,622.645777627,1000,0,0,0,210.526315789,190,0,optimal
validation,hourly_seed_20079,a56ca05f891c8d9dfa28435a0176e5e4e1965e6b4badb268343c2430a8b5771f,20079,rigid,False,True,1000,201.000783984,661.680728612,3.29193108353,622.645777627,1000,0,0,0,538.000907991,485.545819462,0,optimal
validation,hourly_seed_20079,a56ca05f891c8d9dfa28435a0176e5e4e1965e6b4badb268343c2430a8b5771f,20079,flexible,True,False,1000,201.000783984,1024.47539237,5.0968726194,622.645777627,1000,24017.4015279,21587.6355157,2429.76601223,0,0,0,optimal
validation,hourly_seed_20079,a56ca05f891c8d9dfa28435a0176e5e4e1965e6b4badb268343c2430a8b5771f,20079,rigid,True,False,1000,201.000783984,682.538968236,3.39570301522,622.645777627,1000,24017.4015279,3164.38218648,20853.0193415,0,0,0,optimal
validation,hourly_seed_20079,a56ca05f891c8d9dfa28435a0176e5e4e1965e6b4badb268343c2430a8b5771f,20079,flexible,True,True,1000,201.000783984,1031.45221613,5.13158305,622.645777627,1000,24017.4015279,20982.682667,3034.71886099,938.550077314,847.041444776,0,optimal
validation,hourly_seed_20079,a56ca05f891c8d9dfa28435a0176e5e4e1965e6b4badb268343c2430a8b5771f,20079,rigid,True,True,1000,201.000783984,783.937049597,3.90016911406,622.645777627,1000,24017.4015279,6798.8007463,17218.6007817,604.589303112,545.641846059,0,optimal
validation,hourly_seed_20080,0c35db19ad6b3d06bca35d7a6dabe07aa13780a2546380cb5889646a5266bf16,20080,flexible,False,False,1000,201.000783984,837.943714088,4.16885793916,443.111515744,1000,0,0,0,0,0,0,optimal
validation,hourly_seed_20080,0c35db19ad6b3d06bca35d7a6dabe07aa13780a2546380cb5889646a5266bf16,20080,rigid,False,False,1000,201.000783984,498.883417025,2.48199736905,443.111515744,1000,0,0,0,0,0,0,optimal
validation,hourly_seed_20080,0c35db19ad6b3d06bca35d7a6dabe07aa13780a2546380cb5889646a5266bf16,20080,flexible,False,True,1000,201.000783984,839.210658436,4.17516112028,443.111515744,1000,0,0,0,315.789473684,285,0,optimal
validation,hourly_seed_20080,0c35db19ad6b3d06bca35d7a6dabe07aa13780a2546380cb5889646a5266bf16,20080,rigid,False,True,1000,201.000783984,548.594653196,2.72931598734,443.111515744,1000,0,0,0,447.371823306,403.753070534,0,optimal
validation,hourly_seed_20080,0c35db19ad6b3d06bca35d7a6dabe07aa13780a2546380cb5889646a5266bf16,20080,flexible,True,False,1000,201.000783984,978.631820916,4.86879603909,443.111515744,1000,26768.9433398,24664.6666849,2104.27665481,0,0,0,optimal
validation,hourly_seed_20080,0c35db19ad6b3d06bca35d7a6dabe07aa13780a2546380cb5889646a5266bf16,20080,rigid,True,False,1000,201.000783984,569.599924815,2.83381941864,443.111515744,1000,26768.9433398,11425.5467887,15343.396551,0,0,0,optimal
validation,hourly_seed_20080,0c35db19ad6b3d06bca35d7a6dabe07aa13780a2546380cb5889646a5266bf16,20080,flexible,True,True,1000,201.000783984,980.936859384,4.88026384744,443.111515744,1000,26768.9433398,23465.9437904,3302.99954937,353.988452115,319.474578034,0,optimal
validation,hourly_seed_20080,0c35db19ad6b3d06bca35d7a6dabe07aa13780a2546380cb5889646a5266bf16,20080,rigid,True,True,1000,201.000783984,644.356094107,3.20573920825,443.111515744,1000,26768.9433398,6012.138295,20756.8050448,426.41797313,384.84222075,0,optimal
validation,hourly_seed_20081,b60b3e2c490bef59104f3c0708791c588482231a66fcc13f385127e2a99a57a9,20081,flexible,False,False,1000,201.000783984,718.68554105,3.57553600939,364.185736642,1000,0,0,0,0,0,0,optimal
validation,hourly_seed_20081,b60b3e2c490bef59104f3c0708791c588482231a66fcc13f385127e2a99a57a9,20081,rigid,False,False,1000,201.000783984,366.105232753,1.82141196415,364.185736642,1000,0,0,0,0,0,0,optimal
validation,hourly_seed_20081,b60b3e2c490bef59104f3c0708791c588482231a66fcc13f385127e2a99a57a9,20081,flexible,False,True,1000,201.000783984,728.991119444,3.62680734371,364.185736642,1000,0,0,0,1232.68740691,1112.50038474,0,optimal
validation,hourly_seed_20081,b60b3e2c490bef59104f3c0708791c588482231a66fcc13f385127e2a99a57a9,20081,rigid,False,True,1000,201.000783984,420.333677954,2.09120417156,364.185736642,1000,0,0,0,421.052631579,380,0,optimal
validation,hourly_seed_20081,b60b3e2c490bef59104f3c0708791c588482231a66fcc13f385127e2a99a57a9,20081,flexible,True,False,1000,201.000783984,904.981236747,4.50237665152,364.185736642,1000,31894.9282315,31107.5757019,787.352529688,0,0,0,optimal
validation,hourly_seed_20081,b60b3e2c490bef59104f3c0708791c588482231a66fcc13f385127e2a99a57a9,20081,rigid,True,False,1000,201.000783984,474.321205386,2.35979778777,364.185736642,1000,31894.9282315,17078.7362693,14816.1919622,0,0,0,optimal
validation,hourly_seed_20081,b60b3e2c490bef59104f3c0708791c588482231a66fcc13f385127e2a99a57a9,20081,flexible,True,True,1000,201.000783984,911.631365539,4.53546174034,364.185736642,1000,31894.9282315,31029.9532644,864.974967194,850.025651727,767.148150684,0,optimal
validation,hourly_seed_20081,b60b3e2c490bef59104f3c0708791c588482231a66fcc13f385127e2a99a57a9,20081,rigid,True,True,1000,201.000783984,563.983060546,2.80587492928,364.185736642,1000,31894.9282315,11833.5862703,20061.3419613,439.884838611,396.996066846,0,optimal
validation,hourly_seed_20082,59671b31239e3e5da518d97c39106541af079a9a7b24093c7a23c11e6778059b,20082,flexible,False,False,1000,201.000783984,724.171599775,3.60282972743,393.510110093,1000,0,0,0,0,0,0,optimal
validation,hourly_seed_20082,59671b31239e3e5da518d97c39106541af079a9a7b24093c7a23c11e6778059b,20082,rigid,False,False,1000,201.000783984,429.769324277,2.1381475025,393.510110093,1000,0,0,0,0,0,0,optimal
validation,hourly_seed_20082,59671b31239e3e5da518d97c39106541af079a9a7b24093c7a23c11e6778059b,20082,flexible,False,True,1000,201.000783984,730.118166206,3.63241451966,393.510110093,1000,0,0,0,753.971385946,680.459175816,0,optimal
validation,hourly_seed_20082,59671b31239e3e5da518d97c39106541af079a9a7b24093c7a23c11e6778059b,20082,rigid,False,True,1000,201.000783984,483.071283931,2.40333034706,393.510110093,1000,0,0,0,650.646167242,587.208165936,0,optimal
validation,hourly_seed_20082,59671b31239e3e5da518d97c39106541af079a9a7b24093c7a23c11e6778059b,20082,flexible,True,False,1000,201.000783984,900.357606644,4.4793736064,393.510110093,1000,30679.8204262,29235.1957903,1444.62463599,0,0,0,optimal
validation,hourly_seed_20082,59671b31239e3e5da518d97c39106541af079a9a7b24093c7a23c11e6778059b,20082,rigid,True,False,1000,201.000783984,563.319853754,2.80257540587,393.510110093,1000,30679.8204262,16626.7302379,14053.0901884,0,0,0,optimal
validation,hourly_seed_20082,59671b31239e3e5da518d97c39106541af079a9a7b24093c7a23c11e6778059b,20082,flexible,True,True,1000,201.000783984,903.052705185,4.49278200455,393.510110093,1000,30679.8204262,26252.4979385,4427.32248771,381.470359227,344.276999202,0,optimal
validation,hourly_seed_20082,59671b31239e3e5da518d97c39106541af079a9a7b24093c7a23c11e6778059b,20082,rigid,True,True,1000,201.000783984,649.39813395,3.23082388575,393.510110093,1000,30679.8204262,15124.9810031,15554.8394232,833.211384695,751.973274688,0,optimal
validation,hourly_seed_20083,0adb5defe37081f69dcab15096d7ceb8f36db8c69f6e1b3316c351f644f23900,20083,flexible,False,False,1000,201.000783984,741.252855878,3.68781076962,393.510110093,1000,0,0,0,0,0,0,optimal
validation,hourly_seed_20083,0adb5defe37081f69dcab15096d7ceb8f36db8c69f6e1b3316c351f644f23900,20083,rigid,False,False,1000,201.000783984,437.386923169,2.17604585663,393.510110093,1000,0,0,0,0,0,0,optimal
validation,hourly_seed_20083,0adb5defe37081f69dcab15096d7ceb8f36db8c69f6e1b3316c351f644f23900,20083,flexible,False,True,1000,201.000783984,746.625020427,3.71453785218,393.510110093,1000,0,0,0,661.933587981,597.395063153,0,optimal
validation,hourly_seed_20083,0adb5defe37081f69dcab15096d7ceb8f36db8c69f6e1b3316c351f644f23900,20083,rigid,False,True,1000,201.000783984,493.971567367,2.45756040139,393.510110093,1000,0,0,0,701.889353352,633.4551414,0,optimal
validation,hourly_seed_20083,0adb5defe37081f69dcab15096d7ceb8f36db8c69f6e1b3316c351f644f23900,20083,flexible,True,False,1000,201.000783984,905.306673094,4.50399573151,393.510110093,1000,29314.6706128,29314.6706128,0,0,0,0,optimal
validation,hourly_seed_20083,0adb5defe37081f69dcab15096d7ceb8f36db8c69f6e1b3316c351f644f23900,20083,rigid,True,False,1000,201.000783984,547.334488499,2.72304653569,393.510110093,1000,29314.6706128,14402.2984986,14912.3721142,0,0,0,optimal
validation,hourly_seed_20083,0adb5defe37081f69dcab15096d7ceb8f36db8c69f6e1b3316c351f644f23900,20083,flexible,True,True,1000,201.000783984,906.093338921,4.50790947658,393.510110093,1000,29314.6706128,26238.9437561,3075.72685677,119.787042732,108.107806066,0,optimal
validation,hourly_seed_20083,0adb5defe37081f69dcab15096d7ceb8f36db8c69f6e1b3316c351f644f23900,20083,rigid,True,True,1000,201.000783984,621.75507622,3.09329677177,393.510110093,1000,29314.6706128,16741.1268394,12573.5437734,579.35392054,522.866913288,0,optimal
validation,hourly_seed_20084,dbeb077d3d2ebb10ec90e4537d7fac780c872917e471b9184b766ccc67060b63,20084,flexible,False,False,1000,201.000783984,780.464244752,3.88289154541,450.821108886,1000,0,0,0,0,0,0,optimal
validation,hourly_seed_20084,dbeb077d3d2ebb10ec90e4537d7fac780c872917e471b9184b766ccc67060b63,20084,rigid,False,False,1000,201.000783984,450.54495063,2.24150842449,450.821108886,1000,0,0,0,0,0,0,optimal
validation,hourly_seed_20084,dbeb077d3d2ebb10ec90e4537d7fac780c872917e471b9184b766ccc67060b63,20084,flexible,False,True,1000,201.000783984,781.991577219,3.89049018476,450.821108886,1000,0,0,0,317.516301477,286.558462083,0,optimal
validation,hourly_seed_20084,dbeb077d3d2ebb10ec90e4537d7fac780c872917e471b9184b766ccc67060b63,20084,rigid,False,True,1000,201.000783984,511.433263149,2.54443417091,450.821108886,1000,0,0,0,759.837880692,685.753687324,0,optimal
validation,hourly_seed_20084,dbeb077d3d2ebb10ec90e4537d7fac780c872917e471b9184b766ccc67060b63,20084,flexible,True,False,1000,201.000783984,939.009894425,4.67167279556,450.821108886,1000,28488.8331931,27438.9321426,1049.90105049,0,0,0,optimal
validation,hourly_seed_20084,dbeb077d3d2ebb10ec90e4537d7fac780c872917e471b9184b766ccc67060b63,20084,rigid,True,False,1000,201.000783984,597.110899111,2.97068940367,450.821108886,1000,28488.8331931,12795.0827374,15693.7504557,0,0,0,optimal
validation,hourly_seed_20084,dbeb077d3d2ebb10ec90e4537d7fac780c872917e471b9184b766ccc67060b63,20084,flexible,True,True,1000,201.000783984,940.90955648,4.6811238137,450.821108886,1000,28488.8331931,24903.7169127,3585.11628044,269.315027217,243.056812064,0,optimal
validation,hourly_seed_20084,dbeb077d3d2ebb10ec90e4537d7fac780c872917e471b9184b766ccc67060b63,20084,rigid,True,True,1000,201.000783984,676.477126327,3.36554471539,450.821108886,1000,28488.8331931,10714.1347817,17774.6984114,506.320386591,456.954148898,0,optimal
validation,hourly_seed_20085,c9018e9cec7fea559e97252a042bc3088b062258108e5a0ec4d2e6ba70234052,20085,flexible,False,False,1000,201.000783984,840.103559193,4.17960339528,503.783081771,1000,0,0,0,0,0,0,optimal
validation,hourly_seed_20085,c9018e9cec7fea559e97252a042bc3088b062258108e5a0ec4d2e6ba70234052,20085,rigid,False,False,1000,201.000783984,507.463930282,2.52468632323,503.783081771,1000,0,0,0,0,0,0,optimal
validation,hourly_seed_20085,c9018e9cec7fea559e97252a042bc3088b062258108e5a0ec4d2e6ba70234052,20085,flexible,False,True,1000,201.000783984,841.522116567,4.18666086712,503.783081771,1000,0,0,0,237.079580189,213.964321121,0,optimal
validation,hourly_seed_20085,c9018e9cec7fea559e97252a042bc3088b062258108e5a0ec4d2e6ba70234052,20085,rigid,False,True,1000,201.000783984,567.241086221,2.82208394902,503.783081771,1000,0,0,0,521.052631579,470.25,0,optimal
validation,hourly_seed_20085,c9018e9cec7fea559e97252a042bc3088b062258108e5a0ec4d2e6ba70234052,20085,flexible,True,False,1000,201.000783984,980.557754074,4.87837775872,503.783081771,1000,26625.7647801,22138.5202463,4487.24453379,0,0,0,optimal
validation,hourly_seed_20085,c9018e9cec7fea559e97252a042bc3088b062258108e5a0ec4d2e6ba70234052,20085,rigid,True,False,1000,201.000783984,649.84413203,3.23304277301,503.783081771,1000,26625.7647801,9595.72895374,17030.0358264,0,0,0,optimal
validation,hourly_seed_20085,c9018e9cec7fea559e97252a042bc3088b062258108e5a0ec4d2e6ba70234052,20085,flexible,True,True,1000,201.000783984,983.577787874,4.8934027439,503.783081771,1000,26625.7647801,21206.7022344,5419.06254576,446.538341723,403.000853405,0,optimal
validation,hourly_seed_20085,c9018e9cec7fea559e97252a042bc3088b062258108e5a0ec4d2e6ba70234052,20085,rigid,True,True,1000,201.000783984,750.67360141,3.73467996757,503.783081771,1000,26625.7647801,9862.47979544,16763.2849847,738.394528575,666.401062039,0,optimal
validation,hourly_seed_20086,83874b05b19c75a6cb7727b0b3fdd946d0ed7f55b67a55a5bed05a6ff79e1d8a,20086,flexible,False,False,1000,201.000783984,721.554702699,3.58981038978,393.510110093,1000,0,0,0,0,0,0,optimal
validation,hourly_seed_20086,83874b05b19c75a6cb7727b0b3fdd946d0ed7f55b67a55a5bed05a6ff79e1d8a,20086,rigid,False,False,1000,201.000783984,391.893464657,1.94971112495,393.510110093,1000,0,0,0,0,0,0,optimal
validation,hourly_seed_20086,83874b05b19c75a6cb7727b0b3fdd946d0ed7f55b67a55a5bed05a6ff79e1d8a,20086,flexible,False,True,1000,201.000783984,728.060155934,3.62217570252,393.510110093,1000,0,0,0,799.732672187,721.758736648,0,optimal
validation,hourly_seed_20086,83874b05b19c75a6cb7727b0b3fdd946d0ed7f55b67a55a5bed05a6ff79e1d8a,20086,rigid,False,True,1000,201.000783984,441.93538686,2.19867494097,393.510110093,1000,0,0,0,463.075050744,417.925233296,0,optimal
validation,hourly_seed_20086,83874b05b19c75a6cb7727b0b3fdd946d0ed7f55b67a55a5bed05a6ff79e1d8a,20086,flexible,True,False,1000,201.000783984,905.166905913,4.50330037511,393.510110093,1000,31955.5784099,30813.84178,1141.73662984,0,0,0,optimal
validation,hourly_seed_20086,83874b05b19c75a6cb7727b0b3fdd946d0ed7f55b67a55a5bed05a6ff79e1d8a,20086,rigid,True,False,1000,201.000783984,562.541833893,2.79870467539,393.510110093,1000,31955.5784099,17353.5932152,14601.9851947,0,0,0,optimal
validation,hourly_seed_20086,83874b05b19c75a6cb7727b0b3fdd946d0ed7f55b67a55a5bed05a6ff79e1d8a,20086,flexible,True,True,1000,201.000783984,911.450174428,4.53456029555,393.510110093,1000,31955.5784099,27663.2047463,4292.37366354,856.819633131,773.279718901,0,optimal
validation,hourly_seed_20086,83874b05b19c75a6cb7727b0b3fdd946d0ed7f55b67a55a5bed05a6ff79e1d8a,20086,rigid,True,True,1000,201.000783984,643.543121977,3.20169458656,393.510110093,1000,31955.5784099,13831.9884763,18123.5899336,564.063031602,509.066886021,0,optimal
validation,hourly_seed_20087,0a82e57a588adfebf18250266a21ff36779f02eb710749a4704b125ca678b1a3,20087,flexible,False,False,1000,201.000783984,792.795119418,3.94423894128,427.229113711,1000,0,0,0,0,0,0,optimal
validation,hourly_seed_20087,0a82e57a588adfebf18250266a21ff36779f02eb710749a4704b125ca678b1a3,20087,rigid,False,False,1000,201.000783984,427.587879262,2.12729458456,427.229113711,1000,0,0,0,0,0,0,optimal
validation,hourly_seed_20087,0a82e57a588adfebf18250266a21ff36779f02eb710749a4704b125ca678b1a3,20087,flexible,False,True,1000,201.000783984,794.465798129,3.95255074325,427.229113711,1000,0,0,0,228.062161403,205.826100666,0,optimal
validation,hourly_seed_20087,0a82e57a588adfebf18250266a21ff36779f02eb710749a4704b125ca678b1a3,20087,rigid,False,True,1000,201.000783984,479.226889143,2.38420407943,427.229113711,1000,0,0,0,506.745492523,457.337807002,0,optimal
validation,hourly_seed_20087,0a82e57a588adfebf18250266a21ff36779f02eb710749a4704b125ca678b1a3,20087,flexible,True,False,1000,201.000783984,927.31597834,4.61349433549,427.229113711,1000,23945.819889,21183.3942642,2762.42562482,0,0,0,optimal
validation,hourly_seed_20087,0a82e57a588adfebf18250266a21ff36779f02eb710749a4704b125ca678b1a3,20087,rigid,True,False,1000,201.000783984,560.386982874,2.78798406537,427.229113711,1000,23945.819889,7329.3704196,16616.4494694,0,0,0,optimal
validation,hourly_seed_20087,0a82e57a588adfebf18250266a21ff36779f02eb710749a4704b125ca678b1a3,20087,flexible,True,True,1000,201.000783984,932.315314021,4.6383665553,427.229113711,1000,23945.819889,19677.5089026,4268.31098637,727.054133213,656.166355225,0,optimal
validation,hourly_seed_20087,0a82e57a588adfebf18250266a21ff36779f02eb710749a4704b125ca678b1a3,20087,rigid,True,True,1000,201.000783984,661.421643748,3.29064210914,427.229113711,1000,23945.819889,10092.462047,13853.357842,775.997385714,700.337640607,0,optimal
validation,hourly_seed_20088,6bd8d9b8398e6f230141c8874fa40552ba148ee26145986bcdcc9fe00853d086,20088,flexible,False,False,1000,201.000783984,833.134381747,4.14493100591,443.111515744,1000,0,0,0,0,0,0,optimal
validation,hourly_seed_20088,6bd8d9b8398e6f230141c8874fa40552ba148ee26145986bcdcc9fe00853d086,20088,rigid,False,False,1000,201.000783984,501.666132643,2.49584167136,443.111515744,1000,0,0,0,0,0,0,optimal
validation,hourly_seed_20088,6bd8d9b8398e6f230141c8874fa40552ba148ee26145986bcdcc9fe00853d086,20088,flexible,False,True,1000,201.000783984,834.531627705,4.15188245122,443.111515744,1000,0,0,0,268.064444302,241.928160982,0,optimal
validation,hourly_seed_20088,6bd8d9b8398e6f230141c8874fa40552ba148ee26145986bcdcc9fe00853d086,20088,rigid,False,True,1000,201.000783984,558.324752802,2.77772425428,443.111515744,1000,0,0,0,421.052631579,380,0,optimal
validation,hourly_seed_20088,6bd8d9b8398e6f230141c8874fa40552ba148ee26145986bcdcc9fe00853d086,20088,flexible,True,False,1000,201.000783984,971.689221409,4.83425587776,443.111515744,1000,26768.9433398,24122.8147374,2646.1286024,0,0,0,optimal
validation,hourly_seed_20088,6bd8d9b8398e6f230141c8874fa40552ba148ee26145986bcdcc9fe00853d086,20088,rigid,True,False,1000,201.000783984,652.588269951,3.24669514723,443.111515744,1000,26768.9433398,10416.8743811,16352.0689587,0,0,0,optimal
validation,hourly_seed_20088,6bd8d9b8398e6f230141c8874fa40552ba148ee26145986bcdcc9fe00853d086,20088,flexible,True,True,1000,201.000783984,974.911458767,4.85028684686,443.111515744,1000,26768.9433398,22783.4751221,3985.46821762,499.732644568,451.008711723,0,optimal
validation,hourly_seed_20088,6bd8d9b8398e6f230141c8874fa40552ba148ee26145986bcdcc9fe00853d086,20088,rigid,True,True,1000,201.000783984,737.348699745,3.66838718302,443.111515744,1000,26768.9433398,9321.2340933,17447.7092465,718.328827205,648.291766553,0,optimal
validation,hourly_seed_20089,19cd2c87e2848bdd3abb0f9867e96471eb569a2eb88100b5ec58b7f8e3a3a05c,20089,flexible,False,False,1000,201.000783984,668.33179734,3.32502084864,364.185736642,1000,0,0,0,0,0,0,optimal
validation,hourly_seed_20089,19cd2c87e2848bdd3abb0f9867e96471eb569a2eb88100b5ec58b7f8e3a3a05c,20089,rigid,False,False,1000,201.000783984,376.482138296,1.87303815853,364.185736642,1000,0,0,0,0,0,0,optimal
validation,hourly_seed_20089,19cd2c87e2848bdd3abb0f9867e96471eb569a2eb88100b5ec58b7f8e3a3a05c,20089,flexible,False,True,1000,201.000783984,685.837388133,3.41211300045,364.185736642,1000,0,0,0,1561.30753037,1409.08004616,0,optimal
validation,hourly_seed_20089,19cd2c87e2848bdd3abb0f9867e96471eb569a2eb88100b5ec58b7f8e3a3a05c,20089,rigid,False,True,1000,201.000783984,437.142730786,2.1748309739,364.185736642,1000,0,0,0,959.134529213,865.618912615,0,optimal
validation,hourly_seed_20089,19cd2c87e2848bdd3abb0f9867e96471eb569a2eb88100b5ec58b7f8e3a3a05c,20089,flexible,True,False,1000,201.000783984,873.283784985,4.34467850162,364.185736642,1000,33487.9141653,32143.0356021,1344.87856322,0,0,0,optimal
validation,hourly_seed_20089,19cd2c87e2848bdd3abb0f9867e96471eb569a2eb88100b5ec58b7f8e3a3a05c,20089,rigid,True,False,1000,201.000783984,472.621896678,2.35134354857,364.185736642,1000,33487.9141653,15245.8322863,18242.081879,0,0,0,optimal
validation,hourly_seed_20089,19cd2c87e2848bdd3abb0f9867e96471eb569a2eb88100b5ec58b7f8e3a3a05c,20089,flexible,True,True,1000,201.000783984,880.167231437,4.3789243703,364.185736642,1000,33487.9141653,28753.8929436,4734.02122171,909.7250502,821.026857806,0,optimal
validation,hourly_seed_20089,19cd2c87e2848bdd3abb0f9867e96471eb569a2eb88100b5ec58b7f8e3a3a05c,20089,rigid,True,True,1000,201.000783984,572.328801452,2.84739586636,364.185736642,1000,33487.9141653,14350.1614195,19137.7527458,382.934875171,345.598724842,0,optimal
validation,hourly_seed_20090,d9ed6d8ddc0dcf5d722a7ba5a6855cdb6f0889b741963345b8844988318ca035,20090,flexible,False,False,1000,201.000783984,708.328290224,3.52400759929,365.140145433,1000,0,0,0,0,0,0,optimal
validation,hourly_seed_20090,d9ed6d8ddc0dcf5d722a7ba5a6855cdb6f0889b741963345b8844988318ca035,20090,rigid,False,False,1000,201.000783984,368.150662376,1.83158819124,365.140145433,1000,0,0,0,0,0,0,optimal
validation,hourly_seed_20090,d9ed6d8ddc0dcf5d722a7ba5a6855cdb6f0889b741963345b8844988318ca035,20090,flexible,False,True,1000,201.000783984,720.549274353,3.58480827821,365.140145433,1000,0,0,0,840.714728201,758.745042201,0,optimal
validation,hourly_seed_20090,d9ed6d8ddc0dcf5d722a7ba5a6855cdb6f0889b741963345b8844988318ca035,20090,rigid,False,True,1000,201.000783984,419.031587585,2.08472613529,365.140145433,1000,0,0,0,438.951496257,396.153725372,0,optimal
validation,hourly_seed_20090,d9ed6d8ddc0dcf5d722a7ba5a6855cdb6f0889b741963345b8844988318ca035,20090,flexible,True,False,1000,201.000783984,894.099683014,4.44823977943,365.140145433,1000,24945.4923625,24945.4923625,0,0,0,0,optimal
validation,hourly_seed_20090,d9ed6d8ddc0dcf5d722a7ba5a6855cdb6f0889b741963345b8844988318ca035,20090,rigid,True,False,1000,201.000783984,476.70367691,2.3716508337,365.140145433,1000,24945.4923625,12254.4394213,12691.0529412,0,0,0,optimal
validation,hourly_seed_20090,d9ed6d8ddc0dcf5d722a7ba5a6855cdb6f0889b741963345b8844988318ca035,20090,flexible,True,True,1000,201.000783984,896.301039465,4.45919175886,365.140145433,1000,24945.4923625,23621.3803562,1324.1120063,409.983672674,370.010264588,0,optimal
validation,hourly_seed_20090,d9ed6d8ddc0dcf5d722a7ba5a6855cdb6f0889b741963345b8844988318ca035,20090,rigid,True,True,1000,201.000783984,577.762776865,2.87443046447,365.140145433,1000,24945.4923625,14474.1252149,10471.3671476,579.347581392,522.861192206,0,optimal
validation,hourly_seed_20091,6f315f1265aabbfa9e2fd862b9f6f9936956c75d315ad115b02ec858184838d3,20091,flexible,False,False,1000,201.000783984,871.874194383,4.33766564041,526.733490668,1000,0,0,0,0,0,0,optimal
validation,hourly_seed_20091,6f315f1265aabbfa9e2fd862b9f6f9936956c75d315ad115b02ec858184838d3,20091,rigid,False,False,1000,201.000783984,529.696968133,2.63529802041,526.733490668,1000,0,0,0,0,0,0,optimal
validation,hourly_seed_20091,6f315f1265aabbfa9e2fd862b9f6f9936956c75d315ad115b02ec858184838d3,20091,flexible,False,True,1000,201.000783984,873.549914698,4.34600252488,526.733490668,1000,0,0,0,298.172746762,269.100903953,0,optimal
validation,hourly_seed_20091,6f315f1265aabbfa9e2fd862b9f6f9936956c75d315ad115b02ec858184838d3,20091,rigid,False,True,1000,201.000783984,577.169036456,2.8714765436,526.733490668,1000,0,0,0,521.052631579,470.25,0,optimal
validation,hourly_seed_20091,6f315f1265aabbfa9e2fd862b9f6f9936956c75d315ad115b02ec858184838d3,20091,flexible,True,False,1000,201.000783984,1008.05414191,5.01517517461,526.733490668,1000,24838.0571955,21440.5572127,3397.49998275,0,0,0,optimal
validation,hourly_seed_20091,6f315f1265aabbfa9e2fd862b9f6f9936956c75d315ad115b02ec858184838d3,20091,rigid,True,False,1000,201.000783984,648.948439082,3.22858660658,526.733490668,1000,24838.0571955,4588.67445169,20249.3827438,0,0,0,optimal
validation,hourly_seed_20091,6f315f1265aabbfa9e2fd862b9f6f9936956c75d315ad115b02ec858184838d3,20091,flexible,True,True,1000,201.000783984,1014.8299511,5.04888553658,526.733490668,1000,24838.0571955,21024.3987678,3813.65842766,955.273843887,862.134644108,0,optimal
validation,hourly_seed_20091,6f315f1265aabbfa9e2fd862b9f6f9936956c75d315ad115b02ec858184838d3,20091,rigid,True,True,1000,201.000783984,725.691640105,3.61039208764,526.733490668,1000,24838.0571955,5899.37054348,18938.686652,541.021336422,488.27175612,0,optimal
validation,hourly_seed_20092,56dab90cf66501d67b49c7479c0b98a66651711af5c28c39deeb2997743e4dc0,20092,flexible,False,False,1000,201.000783984,832.672237997,4.14263179224,495.000408925,1000,0,0,0,0,0,0,optimal
validation,hourly_seed_20092,56dab90cf66501d67b49c7479c0b98a66651711af5c28c39deeb2997743e4dc0,20092,rigid,False,False,1000,201.000783984,492.782295339,2.45164364821,495.000408925,1000,0,0,0,0,0,0,optimal
validation,hourly_seed_20092,56dab90cf66501d67b49c7479c0b98a66651711af5c28c39deeb2997743e4dc0,20092,flexible,False,True,1000,201.000783984,834.343700388,4.15094749309,495.000408925,1000,0,0,0,210.526315789,190,0,optimal
validation,hourly_seed_20092,56dab90cf66501d67b49c7479c0b98a66651711af5c28c39deeb2997743e4dc0,20092,rigid,False,True,1000,201.000783984,551.947529589,2.74599689936,495.000408925,1000,0,0,0,445.842812292,402.373138093,0,optimal
validation,hourly_seed_20092,56dab90cf66501d67b49c7479c0b98a66651711af5c28c39deeb2997743e4dc0,20092,flexible,True,False,1000,201.000783984,969.602408687,4.82387376541,495.000408925,1000,25350.4517335,19660.9744017,5689.47733184,0,0,0,optimal
validation,hourly_seed_20092,56dab90cf66501d67b49c7479c0b98a66651711af5c28c39deeb2997743e4dc0,20092,rigid,True,False,1000,201.000783984,578.69076139,2.87904728489,495.000408925,1000,25350.4517335,3176.0364365,22174.415297,0,0,0,optimal
validation,hourly_seed_20092,56dab90cf66501d67b49c7479c0b98a66651711af5c28c39deeb2997743e4dc0,20092,flexible,True,True,1000,201.000783984,977.042791547,4.86089045118,495.000408925,1000,25350.4517335,19681.0618817,5669.38985187,946.520845902,854.235063426,0,optimal
validation,hourly_seed_20092,56dab90cf66501d67b49c7479c0b98a66651711af5c28c39deeb2997743e4dc0,20092,rigid,True,True,1000,201.000783984,679.283236837,3.37950540975,495.000408925,1000,25350.4517335,6730.0701612,18620.3815723,445.864219189,402.392457818,0,optimal
validation,hourly_seed_20093,67c45a8e8ca36f1d6f7ecac0b3afc215a559777304ef6e9c4ae866e1f859131e,20093,flexible,False,False,1000,201.000783984,838.243529379,4.1703495517,456.151057838,1000,0,0,0,0,0,0,optimal
validation,hourly_seed_20093,67c45a8e8ca36f1d6f7ecac0b3afc215a559777304ef6e9c4ae866e1f859131e,20093,rigid,False,False,1000,201.000783984,505.893520271,2.51687336857,456.151057838,1000,0,0,0,0,0,0,optimal
validation,hourly_seed_20093,67c45a8e8ca36f1d6f7ecac0b3afc215a559777304ef6e9c4ae866e1f859131e,20093,flexible,False,True,1000,201.000783984,839.641451767,4.17730436232,456.151057838,1000,0,0,0,315.789473684,285,0,optimal
validation,hourly_seed_20093,67c45a8e8ca36f1d6f7ecac0b3afc215a559777304ef6e9c4ae866e1f859131e,20093,rigid,False,True,1000,201.000783984,564.865057795,2.81026295818,456.151057838,1000,0,0,0,686.553376711,619.614422482,0,optimal
validation,hourly_seed_20093,67c45a8e8ca36f1d6f7ecac0b3afc215a559777304ef6e9c4ae866e1f859131e,20093,flexible,True,False,1000,201.000783984,977.732756916,4.86432310131,456.151057838,1000,26179.4828923,24148.0557578,2031.42713459,0,0,0,optimal
validation,hourly_seed_20093,67c45a8e8ca36f1d6f7ecac0b3afc215a559777304ef6e9c4ae866e1f859131e,20093,rigid,True,False,1000,201.000783984,589.7918179,2.93427620634,456.151057838,1000,26179.4828923,8397.47334638,17782.009546,0,0,0,optimal
validation,hourly_seed_20093,67c45a8e8ca36f1d6f7ecac0b3afc215a559777304ef6e9c4ae866e1f859131e,20093,flexible,True,True,1000,201.000783984,980.316765277,4.87717881416,456.151057838,1000,26179.4828923,22765.7703904,3413.71250194,393.073603268,354.74892695,0,optimal
validation,hourly_seed_20093,67c45a8e8ca36f1d6f7ecac0b3afc215a559777304ef6e9c4ae866e1f859131e,20093,rigid,True,True,1000,201.000783984,689.854652288,3.43209931133,456.151057838,1000,26179.4828923,7349.16864938,18830.314243,472.828867293,426.728052732,0,optimal
validation,hourly_seed_20094,b889bbac7bf67c390086d53f96c4539275467536499ac676142454fc1fc59c3e,20094,flexible,False,False,1000,201.000783984,741.825480246,3.69065963596,365.140145433,1000,0,0,0,0,0,0,optimal
validation,hourly_seed_20094,b889bbac7bf67c390086d53f96c4539275467536499ac676142454fc1fc59c3e,20094,rigid,False,False,1000,201.000783984,381.15067934,1.89626464029,365.140145433,1000,0,0,0,0,0,0,optimal
validation,hourly_seed_20094,b889bbac7bf67c390086d53f96c4539275467536499ac676142454fc1fc59c3e,20094,flexible,False,True,1000,201.000783984,746.079570308,3.71182418058,365.140145433,1000,0,0,0,506.919598574,457.494937713,0,optimal
validation,hourly_seed_20094,b889bbac7bf67c390086d53f96c4539275467536499ac676142454fc1fc59c3e,20094,rigid,False,True,1000,201.000783984,442.46847525,2.20132711167,365.140145433,1000,0,0,0,799.848774029,721.863518562,0,optimal
validation,hourly_seed_20094,b889bbac7bf67c390086d53f96c4539275467536499ac676142454fc1fc59c3e,20094,flexible,True,False,1000,201.000783984,901.314969322,4.48413658622,365.140145433,1000,24815.7887675,24815.7887675,0,0,0,0,optimal
validation,hourly_seed_20094,b889bbac7bf67c390086d53f96c4539275467536499ac676142454fc1fc59c3e,20094,rigid,True,False,1000,201.000783984,496.114711788,2.46822276986,365.140145433,1000,24815.7887675,8921.73069045,15894.0580771,0,0,0,optimal
validation,hourly_seed_20094,b889bbac7bf67c390086d53f96c4539275467536499ac676142454fc1fc59c3e,20094,flexible,True,True,1000,201.000783984,902.895889675,4.49200183093,365.140145433,1000,24815.7887675,22186.1556773,2629.6330902,278.255862064,251.125915512,0,optimal
validation,hourly_seed_20094,b889bbac7bf67c390086d53f96c4539275467536499ac676142454fc1fc59c3e,20094,rigid,True,True,1000,201.000783984,597.162739737,2.97094731623,365.140145433,1000,24815.7887675,12694.0392604,12121.7495071,581.163915676,524.500433897,0,optimal
validation,hourly_seed_20095,f7eacfc2d14adc02d34dd2db7a1fade056f2876f19045bc7500f8a3694666f13,20095,flexible,False,False,1000,201.000783984,744.91515982,3.70603111617,413.64869437,1000,0,0,0,0,0,0,optimal
validation,hourly_seed_20095,f7eacfc2d14adc02d34dd2db7a1fade056f2876f19045bc7500f8a3694666f13,20095,rigid,False,False,1000,201.000783984,436.714483536,2.17270039888,413.64869437,1000,0,0,0,0,0,0,optimal
validation,hourly_seed_20095,f7eacfc2d14adc02d34dd2db7a1fade056f2876f19045bc7500f8a3694666f13,20095,flexible,False,True,1000,201.000783984,748.241495445,3.72257998508,413.64869437,1000,0,0,0,480.38175784,433.54453645,0,optimal
validation,hourly_seed_20095,f7eacfc2d14adc02d34dd2db7a1fade056f2876f19045bc7500f8a3694666f13,20095,rigid,False,True,1000,201.000783984,499.319703214,2.48416793864,413.64869437,1000,0,0,0,646.609663144,583.565220988,0,optimal
validation,hourly_seed_20095,f7eacfc2d14adc02d34dd2db7a1fade056f2876f19045bc7500f8a3694666f13,20095,flexible,True,False,1000,201.000783984,913.209491811,4.54331308421,413.64869437,1000,30705.4231237,28443.781053,2261.64207071,0,0,0,optimal
validation,hourly_seed_20095,f7eacfc2d14adc02d34dd2db7a1fade056f2876f19045bc7500f8a3694666f13,20095,rigid,True,False,1000,201.000783984,552.546994073,2.7489792981,413.64869437,1000,30705.4231237,12067.8732877,18637.549836,0,0,0,optimal
validation,hourly_seed_20095,f7eacfc2d14adc02d34dd2db7a1fade056f2876f19045bc7500f8a3694666f13,20095,flexible,True,True,1000,201.000783984,917.241478057,4.56337263903,413.64869437,1000,30705.4231237,26215.9180634,4489.50506031,571.815310902,516.063318089,0,optimal
validation,hourly_seed_20095,f7eacfc2d14adc02d34dd2db7a1fade056f2876f19045bc7500f8a3694666f13,20095,rigid,True,True,1000,201.000783984,640.494784988,3.18652879005,413.64869437,1000,30705.4231237,11735.4469016,18969.9762221,734.376549132,662.774835592,0,optimal
validation,hourly_seed_20096,ae98f08954c2c4b20208ab156d5c08e88acdb8651cf6678764199fc337b07480,20096,flexible,False,False,1000,201.000783984,748.665760075,3.72469074616,450.821108886,1000,0,0,0,0,0,0,optimal
validation,hourly_seed_20096,ae98f08954c2c4b20208ab156d5c08e88acdb8651cf6678764199fc337b07480,20096,rigid,False,False,1000,201.000783984,453.536951743,2.25639394411,450.821108886,1000,0,0,0,0,0,0,optimal
validation,hourly_seed_20096,ae98f08954c2c4b20208ab156d5c08e88acdb8651cf6678764199fc337b07480,20096,flexible,False,True,1000,201.000783984,751.357371556,3.73808179582,450.821108886,1000,0,0,0,322.633689457,291.176904735,0,optimal
validation,hourly_seed_20096,ae98f08954c2c4b20208ab156d5c08e88acdb8651cf6678764199fc337b07480,20096,rigid,False,True,1000,201.000783984,506.919585055,2.52197814858,450.821108886,1000,0,0,0,781.962334446,705.721006837,0,optimal
validation,hourly_seed_20096,ae98f08954c2c4b20208ab156d5c08e88acdb8651cf6678764199fc337b07480,20096,flexible,True,False,1000,201.000783984,921.337258092,4.58374957465,450.821108886,1000,28477.5674298,28217.5177067,260.049723133,0,0,0,optimal
validation,hourly_seed_20096,ae98f08954c2c4b20208ab156d5c08e88acdb8651cf6678764199fc337b07480,20096,rigid,True,False,1000,201.000783984,586.337119042,2.91708871687,450.821108886,1000,28477.5674298,15517.2516576,12960.3157722,0,0,0,optimal
validation,hourly_seed_20096,ae98f08954c2c4b20208ab156d5c08e88acdb8651cf6678764199fc337b07480,20096,flexible,True,True,1000,201.000783984,924.483915056,4.59940452337,450.821108886,1000,28477.5674298,25202.2061934,3275.36123637,455.81918721,411.376816457,0,optimal
validation,hourly_seed_20096,ae98f08954c2c4b20208ab156d5c08e88acdb8651cf6678764199fc337b07480,20096,rigid,True,True,1000,201.000783984,683.829860787,3.40212534117,450.821108886,1000,28477.5674298,14125.0447269,14352.5227029,615.392231022,555.391488498,0,optimal
validation,hourly_seed_20097,5744d3c358898c5441deed2af54a391f80c2be2f1a3a23842c7cd56682f920b1,20097,flexible,False,False,1000,201.000783984,694.576913551,3.45559305682,364.185736642,1000,0,0,0,0,0,0,optimal
validation,hourly_seed_20097,5744d3c358898c5441deed2af54a391f80c2be2f1a3a23842c7cd56682f920b1,20097,rigid,False,False,1000,201.000783984,395.251604652,1.96641822394,364.185736642,1000,0,0,0,0,0,0,optimal
validation,hourly_seed_20097,5744d3c358898c5441deed2af54a391f80c2be2f1a3a23842c7cd56682f920b1,20097,flexible,False,True,1000,201.000783984,708.433930649,3.5245331715,364.185736642,1000,0,0,0,1305.68356408,1178.37941658,0,optimal
validation,hourly_seed_20097,5744d3c358898c5441deed2af54a391f80c2be2f1a3a23842c7cd56682f920b1,20097,rigid,False,True,1000,201.000783984,462.019011715,2.29859308286,364.185736642,1000,0,0,0,854.616381874,771.291284642,0,optimal
validation,hourly_seed_20097,5744d3c358898c5441deed2af54a391f80c2be2f1a3a23842c7cd56682f920b1,20097,flexible,True,False,1000,201.000783984,884.746689118,4.40170765298,364.185736642,1000,32408.0552901,31293.7693306,1114.28595949,0,0,0,optimal
validation,hourly_seed_20097,5744d3c358898c5441deed2af54a391f80c2be2f1a3a23842c7cd56682f920b1,20097,rigid,True,False,1000,201.000783984,502.941674207,2.50218762454,364.185736642,1000,32408.0552901,15474.1527659,16933.9025241,0,0,0,optimal
validation,hourly_seed_20097,5744d3c358898c5441deed2af54a391f80c2be2f1a3a23842c7cd56682f920b1,20097,flexible,True,True,1000,201.000783984,894.573009038,4.45059462609,364.185736642,1000,32408.0552901,29592.1150611,2815.94022892,1246.5822575,1125.0404874,0,optimal
validation,hourly_seed_20097,5744d3c358898c5441deed2af54a391f80c2be2f1a3a23842c7cd56682f920b1,20097,rigid,True,True,1000,201.000783984,598.486567879,2.9775335002,364.185736642,1000,32408.0552901,13968.46233,18439.5929601,652.054181369,588.478898685,0,optimal
validation,hourly_seed_20098,a2c3ff7b56d2d929619112720f40992dcdb9c7a71b80ca285e465be142bc7c62,20098,flexible,False,False,1000,201.000783984,773.037875791,3.84594458026,427.229113711,1000,0,0,0,0,0,0,optimal
validation,hourly_seed_20098,a2c3ff7b56d2d929619112720f40992dcdb9c7a71b80ca285e465be142bc7c62,20098,rigid,False,False,1000,201.000783984,432.466550656,2.15156648688,427.229113711,1000,0,0,0,0,0,0,optimal
validation,hourly_seed_20098,a2c3ff7b56d2d929619112720f40992dcdb9c7a71b80ca285e465be142bc7c62,20098,flexible,False,True,1000,201.000783984,776.126345173,3.86131003964,427.229113711,1000,0,0,0,503.364534081,454.286492008,0,optimal
validation,hourly_seed_20098,a2c3ff7b56d2d929619112720f40992dcdb9c7a71b80ca285e465be142bc7c62,20098,rigid,False,True,1000,201.000783984,481.785924963,2.39693555126,427.229113711,1000,0,0,0,458.547739366,413.839334778,0,optimal
validation,hourly_seed_20098,a2c3ff7b56d2d929619112720f40992dcdb9c7a71b80ca285e465be142bc7c62,20098,flexible,True,False,1000,201.000783984,939.660501697,4.67490963504,427.229113711,1000,26018.2995639,25678.4950694,339.804494509,0,0,0,optimal
validation,hourly_seed_20098,a2c3ff7b56d2d929619112720f40992dcdb9c7a71b80ca285e465be142bc7c62,20098,rigid,True,False,1000,201.000783984,545.566117102,2.71424870236,427.229113711,1000,26018.2995639,10083.743175,15934.5563889,0,0,0,optimal
validation,hourly_seed_20098,a2c3ff7b56d2d929619112720f40992dcdb9c7a71b80ca285e465be142bc7c62,20098,flexible,True,True,1000,201.000783984,943.57041968,4.69436188744,427.229113711,1000,26018.2995639,26018.2995639,0,550.292113142,496.638632111,0,optimal
validation,hourly_seed_20098,a2c3ff7b56d2d929619112720f40992dcdb9c7a71b80ca285e465be142bc7c62,20098,rigid,True,True,1000,201.000783984,629.460367657,3.13163140551,427.229113711,1000,26018.2995639,9569.10034121,16449.1992227,530.927885019,479.162416229,0,optimal
validation,hourly_seed_20099,c72ea566d27237735284736545b996c6db891e43c7ea6fdcd6bd254ace7ecdb0,20099,flexible,False,False,1000,201.000783984,726.555047069,3.61468762792,398.643991717,1000,0,0,0,0,0,0,optimal
validation,hourly_seed_20099,c72ea566d27237735284736545b996c6db891e43c7ea6fdcd6bd254ace7ecdb0,20099,rigid,False,False,1000,201.000783984,446.923096625,2.22348932062,398.643991717,1000,0,0,0,0,0,0,optimal
validation,hourly_seed_20099,c72ea566d27237735284736545b996c6db891e43c7ea6fdcd6bd254ace7ecdb0,20099,flexible,False,True,1000,201.000783984,731.511907949,3.63934853114,398.643991717,1000,0,0,0,584.206956372,527.246778125,0,optimal
validation,hourly_seed_20099,c72ea566d27237735284736545b996c6db891e43c7ea6fdcd6bd254ace7ecdb0,20099,rigid,False,True,1000,201.000783984,506.681989543,2.52079608596,398.643991717,1000,0,0,0,1171.6182136,1057.38543777,0,optimal
validation,hourly_seed_20099,c72ea566d27237735284736545b996c6db891e43c7ea6fdcd6bd254ace7ecdb0,20099,flexible,True,False,1000,201.000783984,895.315799866,4.45429008843,398.643991717,1000,28236.0195122,27357.7398825,878.279629737,0,0,0,optimal
validation,hourly_seed_20099,c72ea566d27237735284736545b996c6db891e43c7ea6fdcd6bd254ace7ecdb0,20099,rigid,True,False,1000,201.000783984,524.348481675,2.60868873883,398.643991717,1000,28236.0195122,12279.8086617,15956.2108505,0,0,0,optimal
validation,hourly_seed_20099,c72ea566d27237735284736545b996c6db891e43c7ea6fdcd6bd254ace7ecdb0,20099,flexible,True,True,1000,201.000783984,898.558133456,4.4704210384,398.643991717,1000,28236.0195122,25595.418725,2640.60078725,527.329257246,475.914654665,0,optimal
validation,hourly_seed_20099,c72ea566d27237735284736545b996c6db891e43c7ea6fdcd6bd254ace7ecdb0,20099,rigid,True,True,1000,201.000783984,627.600028297,3.12237602191,398.643991717,1000,28236.0195122,14119.927966,14116.0915462,711.840321013,642.435889714,0,optimal
