community_profile_case,profile_id,climate_zone,generation_seed,scenario_id,scenario_hash,duration_h,perfect_information_capacity_kw,perfect_information_status,paired_capacity_delta_kw,paired_capacity_ratio
climate_3c,eulp_mixed_3c,3C,10000,hourly_seed_10000,64167e1f2f287edcf775c67628bdb46af6b2b1c826c232a3167520b2643db575,1,111.874984178,optimal,0,1
climate_3c,eulp_mixed_3c,3C,10000,hourly_seed_10000,64167e1f2f287edcf775c67628bdb46af6b2b1c826c232a3167520b2643db575,2,97.9657571748,optimal,0,1
climate_3c,eulp_mixed_3c,3C,10000,hourly_seed_10000,64167e1f2f287edcf775c67628bdb46af6b2b1c826c232a3167520b2643db575,3,74.2409296943,optimal,0,1
climate_3c,eulp_mixed_3c,3C,10000,hourly_seed_10000,64167e1f2f287edcf775c67628bdb46af6b2b1c826c232a3167520b2643db575,4,50.3560416215,optimal,6.39488462184e-14,1
climate_3c,eulp_mixed_3c,3C,10000,hourly_seed_10000,64167e1f2f287edcf775c67628bdb46af6b2b1c826c232a3167520b2643db575,6,50.3560416215,optimal,6.39488462184e-14,1
climate_3c,eulp_mixed_3c,3C,10000,hourly_seed_10000,64167e1f2f287edcf775c67628bdb46af6b2b1c826c232a3167520b2643db575,8,50.3560416215,optimal,6.39488462184e-14,1
climate_3c,eulp_mixed_3c,3C,10001,hourly_seed_10001,d01631ea34d329166a0a2d87f618469bdd2203e70447f03a1155898ed86e0572,1,90.2253374506,optimal,5.68434188608e-14,1
climate_3c,eulp_mixed_3c,3C,10001,hourly_seed_10001,d01631ea34d329166a0a2d87f618469bdd2203e70447f03a1155898ed86e0572,2,79.3641146928,optimal,0,1
climate_3c,eulp_mixed_3c,3C,10001,hourly_seed_10001,d01631ea34d329166a0a2d87f618469bdd2203e70447f03a1155898ed86e0572,3,79.3641146928,optimal,0,1
climate_3c,eulp_mixed_3c,3C,10001,hourly_seed_10001,d01631ea34d329166a0a2d87f618469bdd2203e70447f03a1155898ed86e0572,4,55.0896685572,optimal,-6.39488462184e-14,1
climate_3c,eulp_mixed_3c,3C,10001,hourly_seed_10001,d01631ea34d329166a0a2d87f618469bdd2203e70447f03a1155898ed86e0572,6,55.0896685572,optimal,-6.39488462184e-14,1
climate_3c,eulp_mixed_3c,3C,10001,hourly_seed_10001,d01631ea34d329166a0a2d87f618469bdd2203e70447f03a1155898ed86e0572,8,55.0896685572,optimal,-6.39488462184e-14,1
climate_3c,eulp_mixed_3c,3C,10002,hourly_seed_10002,e0e55c228bb06104aafef25468c665d838520ffe955b2894041b3adc887e64f6,1,88.6744285035,optimal,0,1
climate_3c,eulp_mixed_3c,3C,10002,hourly_seed_10002,e0e55c228bb06104aafef25468c665d838520ffe955b2894041b3adc887e64f6,2,74.0548167307,optimal,5.68434188608e-14,1
climate_3c,eulp_mixed_3c,3C,10002,hourly_seed_10002,e0e55c228bb06104aafef25468c665d838520ffe955b2894041b3adc887e64f6,3,66.8619859469,optimal,0,1
climate_3c,eulp_mixed_3c,3C,10002,hourly_seed_10002,e0e55c228bb06104aafef25468c665d838520ffe955b2894041b3adc887e64f6,4,57.4434323498,optimal,5.68434188608e-14,1
climate_3c,eulp_mixed_3c,3C,10002,hourly_seed_10002,e0e55c228bb06104aafef25468c665d838520ffe955b2894041b3adc887e64f6,6,46.6956589499,optimal,5.68434188608e-14,1
climate_3c,eulp_mixed_3c,3C,10002,hourly_seed_10002,e0e55c228bb06104aafef25468c665d838520ffe955b2894041b3adc887e64f6,8,46.6956589499,optimal,5.68434188608e-14,1
climate_3c,eulp_mixed_3c,3C,10003,hourly_seed_10003,96421a3deff84b7a220b68acb43ca8eca077486126f154f7013968bcaefa4baf,1,102.044895115,optimal,0,1
climate_3c,eulp_mixed_3c,3C,10003,hourly_seed_10003,96421a3deff84b7a220b68acb43ca8eca077486126f154f7013968bcaefa4baf,2,102.044895115,optimal,0,1
climate_3c,eulp_mixed_3c,3C,10003,hourly_seed_10003,96421a3deff84b7a220b68acb43ca8eca077486126f154f7013968bcaefa4baf,3,44.0003270536,optimal,0,1
climate_3c,eulp_mixed_3c,3C,10003,hourly_seed_10003,96421a3deff84b7a220b68acb43ca8eca077486126f154f7013968bcaefa4baf,4,44.0003270536,optimal,0,1
climate_3c,eulp_mixed_3c,3C,10003,hourly_seed_10003,96421a3deff84b7a220b68acb43ca8eca077486126f154f7013968bcaefa4baf,6,44.0003270536,optimal,0,1
climate_3c,eulp_mixed_3c,3C,10003,hourly_seed_10003,96421a3deff84b7a220b68acb43ca8eca077486126f154f7013968bcaefa4baf,8,44.0003270536,optimal,0,1
climate_3c,eulp_mixed_3c,3C,10004,hourly_seed_10004,9f839b50b84b5c78a6430aa4f011ec91b131d686e9e6e62447226367fb823f71,1,68.2874036685,optimal,5.68434188608e-14,1
climate_3c,eulp_mixed_3c,3C,10004,hourly_seed_10004,9f839b50b84b5c78a6430aa4f011ec91b131d686e9e6e62447226367fb823f71,2,68.2874036685,optimal,5.68434188608e-14,1
climate_3c,eulp_mixed_3c,3C,10004,hourly_seed_10004,9f839b50b84b5c78a6430aa4f011ec91b131d686e9e6e62447226367fb823f71,3,45.2208200683,optimal,5.68434188608e-14,1
climate_3c,eulp_mixed_3c,3C,10004,hourly_seed_10004,9f839b50b84b5c78a6430aa4f011ec91b131d686e9e6e62447226367fb823f71,4,45.2208200683,optimal,5.68434188608e-14,1
climate_3c,eulp_mixed_3c,3C,10004,hourly_seed_10004,9f839b50b84b5c78a6430aa4f011ec91b131d686e9e6e62447226367fb823f71,6,45.2208200683,optimal,5.68434188608e-14,1
climate_3c,eulp_mixed_3c,3C,10004,hourly_seed_10004,9f839b50b84b5c78a6430aa4f011ec91b131d686e9e6e62447226367fb823f71,8,45.2208200683,optimal,5.68434188608e-14,1
climate_3c,eulp_mixed_3c,3C,10005,hourly_seed_10005,d3f6792408881f15b9ce701d25a968fef99b34e4937f3592842410753189b840,1,72.371323131,optimal,0,1
climate_3c,eulp_mixed_3c,3C,10005,hourly_seed_10005,d3f6792408881f15b9ce701d25a968fef99b34e4937f3592842410753189b840,2,62.4778763587,optimal,0,1
climate_3c,eulp_mixed_3c,3C,10005,hourly_seed_10005,d3f6792408881f15b9ce701d25a968fef99b34e4937f3592842410753189b840,3,62.4778763587,optimal,0,1
climate_3c,eulp_mixed_3c,3C,10005,hourly_seed_10005,d3f6792408881f15b9ce701d25a968fef99b34e4937f3592842410753189b840,4,62.4778763587,optimal,0,1
climate_3c,eulp_mixed_3c,3C,10005,hourly_seed_10005,d3f6792408881f15b9ce701d25a968fef99b34e4937f3592842410753189b840,6,57.6596246812,optimal,6.39488462184e-14,1
climate_3c,eulp_mixed_3c,3C,10005,hourly_seed_10005,d3f6792408881f15b9ce701d25a968fef99b34e4937f3592842410753189b840,8,57.6596246812,optimal,6.39488462184e-14,1
climate_3c,eulp_mixed_3c,3C,10006,hourly_seed_10006,e0321782e721e72e22d7a00d72ab9a2f623ce49dd5ca7fcab6f7e534673e1a4c,1,89.9733935045,optimal,5.68434188608e-14,1
climate_3c,eulp_mixed_3c,3C,10006,hourly_seed_10006,e0321782e721e72e22d7a00d72ab9a2f623ce49dd5ca7fcab6f7e534673e1a4c,2,63.8681265182,optimal,-5.68434188608e-14,1
climate_3c,eulp_mixed_3c,3C,10006,hourly_seed_10006,e0321782e721e72e22d7a00d72ab9a2f623ce49dd5ca7fcab6f7e534673e1a4c,3,57.1155823984,optimal,-6.39488462184e-14,1
climate_3c,eulp_mixed_3c,3C,10006,hourly_seed_10006,e0321782e721e72e22d7a00d72ab9a2f623ce49dd5ca7fcab6f7e534673e1a4c,4,57.1155823984,optimal,-6.39488462184e-14,1
climate_3c,eulp_mixed_3c,3C,10006,hourly_seed_10006,e0321782e721e72e22d7a00d72ab9a2f623ce49dd5ca7fcab6f7e534673e1a4c,6,43.4622952275,optimal,-5.68434188608e-14,1
climate_3c,eulp_mixed_3c,3C,10006,hourly_seed_10006,e0321782e721e72e22d7a00d72ab9a2f623ce49dd5ca7fcab6f7e534673e1a4c,8,43.4622952275,optimal,-5.68434188608e-14,1
climate_3c,eulp_mixed_3c,3C,10007,hourly_seed_10007,7234d7dc1b43118d210fdfe8cc27a406eda63436c15a965e37a3dbf17d6201c9,1,92.8441223918,optimal,5.68434188608e-14,1
climate_3c,eulp_mixed_3c,3C,10007,hourly_seed_10007,7234d7dc1b43118d210fdfe8cc27a406eda63436c15a965e37a3dbf17d6201c9,2,88.928046187,optimal,-5.68434188608e-14,1
climate_3c,eulp_mixed_3c,3C,10007,hourly_seed_10007,7234d7dc1b43118d210fdfe8cc27a406eda63436c15a965e37a3dbf17d6201c9,3,79.5739676202,optimal,0,1
climate_3c,eulp_mixed_3c,3C,10007,hourly_seed_10007,7234d7dc1b43118d210fdfe8cc27a406eda63436c15a965e37a3dbf17d6201c9,4,54.0025722817,optimal,0,1
climate_3c,eulp_mixed_3c,3C,10007,hourly_seed_10007,7234d7dc1b43118d210fdfe8cc27a406eda63436c15a965e37a3dbf17d6201c9,6,54.0025722817,optimal,0,1
climate_3c,eulp_mixed_3c,3C,10007,hourly_seed_10007,7234d7dc1b43118d210fdfe8cc27a406eda63436c15a965e37a3dbf17d6201c9,8,54.0025722817,optimal,0,1
climate_3c,eulp_mixed_3c,3C,10008,hourly_seed_10008,9baf929554ad5f86abbeee1ed7ba6d3963e5646d628e0014c6c6b8a746c4e1bc,1,83.5780896515,optimal,0,1
climate_3c,eulp_mixed_3c,3C,10008,hourly_seed_10008,9baf929554ad5f86abbeee1ed7ba6d3963e5646d628e0014c6c6b8a746c4e1bc,2,80.1669252418,optimal,-1.27897692437e-13,1
climate_3c,eulp_mixed_3c,3C,10008,hourly_seed_10008,9baf929554ad5f86abbeee1ed7ba6d3963e5646d628e0014c6c6b8a746c4e1bc,3,49.7563867487,optimal,0,1
climate_3c,eulp_mixed_3c,3C,10008,hourly_seed_10008,9baf929554ad5f86abbeee1ed7ba6d3963e5646d628e0014c6c6b8a746c4e1bc,4,49.7563867487,optimal,0,1
climate_3c,eulp_mixed_3c,3C,10008,hourly_seed_10008,9baf929554ad5f86abbeee1ed7ba6d3963e5646d628e0014c6c6b8a746c4e1bc,6,49.7563867487,optimal,0,1
climate_3c,eulp_mixed_3c,3C,10008,hourly_seed_10008,9baf929554ad5f86abbeee1ed7ba6d3963e5646d628e0014c6c6b8a746c4e1bc,8,49.7563867487,optimal,0,1
climate_3c,eulp_mixed_3c,3C,10009,hourly_seed_10009,30c65c16b38feb6ecd142d71bee362cb4127be2d545d1f47dc6a006dc29dc17b,1,40.146878193,optimal,0,1
climate_3c,eulp_mixed_3c,3C,10009,hourly_seed_10009,30c65c16b38feb6ecd142d71bee362cb4127be2d545d1f47dc6a006dc29dc17b,2,40.146878193,optimal,0,1
climate_3c,eulp_mixed_3c,3C,10009,hourly_seed_10009,30c65c16b38feb6ecd142d71bee362cb4127be2d545d1f47dc6a006dc29dc17b,3,40.146878193,optimal,0,1
climate_3c,eulp_mixed_3c,3C,10009,hourly_seed_10009,30c65c16b38feb6ecd142d71bee362cb4127be2d545d1f47dc6a006dc29dc17b,4,40.146878193,optimal,0,1
climate_3c,eulp_mixed_3c,3C,10009,hourly_seed_10009,30c65c16b38feb6ecd142d71bee362cb4127be2d545d1f47dc6a006dc29dc17b,6,40.146878193,optimal,0,1
climate_3c,eulp_mixed_3c,3C,10009,hourly_seed_10009,30c65c16b38feb6ecd142d71bee362cb4127be2d545d1f47dc6a006dc29dc17b,8,40.146878193,optimal,0,1
climate_3c,eulp_mixed_3c,3C,10010,hourly_seed_10010,02896fc9ada0a675cc072581340c260366e609aa4679460e9e9c951c1a6136a3,1,75.8939211633,optimal,0,1
climate_3c,eulp_mixed_3c,3C,10010,hourly_seed_10010,02896fc9ada0a675cc072581340c260366e609aa4679460e9e9c951c1a6136a3,2,75.8939211633,optimal,0,1
climate_3c,eulp_mixed_3c,3C,10010,hourly_seed_10010,02896fc9ada0a675cc072581340c260366e609aa4679460e9e9c951c1a6136a3,3,75.8939211633,optimal,0,1
climate_3c,eulp_mixed_3c,3C,10010,hourly_seed_10010,02896fc9ada0a675cc072581340c260366e609aa4679460e9e9c951c1a6136a3,4,75.8939211633,optimal,0,1
climate_3c,eulp_mixed_3c,3C,10010,hourly_seed_10010,02896fc9ada0a675cc072581340c260366e609aa4679460e9e9c951c1a6136a3,6,49.9727976899,optimal,0,1
climate_3c,eulp_mixed_3c,3C,10010,hourly_seed_10010,02896fc9ada0a675cc072581340c260366e609aa4679460e9e9c951c1a6136a3,8,35.9320310357,optimal,-5.68434188608e-14,1
climate_3c,eulp_mixed_3c,3C,10011,hourly_seed_10011,b1577c8315d0be45922593574d102b985e9bee6df721affdf172206ae982e07e,1,65.815535426,optimal,5.68434188608e-14,1
climate_3c,eulp_mixed_3c,3C,10011,hourly_seed_10011,b1577c8315d0be45922593574d102b985e9bee6df721affdf172206ae982e07e,2,65.815535426,optimal,5.68434188608e-14,1
climate_3c,eulp_mixed_3c,3C,10011,hourly_seed_10011,b1577c8315d0be45922593574d102b985e9bee6df721affdf172206ae982e07e,3,47.3376063613,optimal,0,1
climate_3c,eulp_mixed_3c,3C,10011,hourly_seed_10011,b1577c8315d0be45922593574d102b985e9bee6df721affdf172206ae982e07e,4,47.3376063613,optimal,0,1
climate_3c,eulp_mixed_3c,3C,10011,hourly_seed_10011,b1577c8315d0be45922593574d102b985e9bee6df721affdf172206ae982e07e,6,47.3376063613,optimal,0,1
climate_3c,eulp_mixed_3c,3C,10011,hourly_seed_10011,b1577c8315d0be45922593574d102b985e9bee6df721affdf172206ae982e07e,8,47.3376063613,optimal,0,1
climate_3c,eulp_mixed_3c,3C,10012,hourly_seed_10012,759d5dfb6a7ec935a8a589527e81394353add90a8393b8ed72eb21e6111758cb,1,87.1401130021,optimal,0,1
climate_3c,eulp_mixed_3c,3C,10012,hourly_seed_10012,759d5dfb6a7ec935a8a589527e81394353add90a8393b8ed72eb21e6111758cb,2,72.4849966927,optimal,0,1
climate_3c,eulp_mixed_3c,3C,10012,hourly_seed_10012,759d5dfb6a7ec935a8a589527e81394353add90a8393b8ed72eb21e6111758cb,3,72.4849966927,optimal,0,1
climate_3c,eulp_mixed_3c,3C,10012,hourly_seed_10012,759d5dfb6a7ec935a8a589527e81394353add90a8393b8ed72eb21e6111758cb,4,72.4849966927,optimal,0,1
climate_3c,eulp_mixed_3c,3C,10012,hourly_seed_10012,759d5dfb6a7ec935a8a589527e81394353add90a8393b8ed72eb21e6111758cb,6,64.6093926692,optimal,0,1
climate_3c,eulp_mixed_3c,3C,10012,hourly_seed_10012,759d5dfb6a7ec935a8a589527e81394353add90a8393b8ed72eb21e6111758cb,8,54.2555571707,optimal,0,1
climate_3c,eulp_mixed_3c,3C,10013,hourly_seed_10013,f4a00ecb6f0f8db032a1200ce646f8fd4a1c0f4717a5fe49b2cce1d5987c498b,1,112.23140492,optimal,-5.68434188608e-14,1
climate_3c,eulp_mixed_3c,3C,10013,hourly_seed_10013,f4a00ecb6f0f8db032a1200ce646f8fd4a1c0f4717a5fe49b2cce1d5987c498b,2,103.159183042,optimal,5.68434188608e-14,1
climate_3c,eulp_mixed_3c,3C,10013,hourly_seed_10013,f4a00ecb6f0f8db032a1200ce646f8fd4a1c0f4717a5fe49b2cce1d5987c498b,3,65.2397266965,optimal,-5.68434188608e-14,1
climate_3c,eulp_mixed_3c,3C,10013,hourly_seed_10013,f4a00ecb6f0f8db032a1200ce646f8fd4a1c0f4717a5fe49b2cce1d5987c498b,4,65.2397266965,optimal,-5.68434188608e-14,1
climate_3c,eulp_mixed_3c,3C,10013,hourly_seed_10013,f4a00ecb6f0f8db032a1200ce646f8fd4a1c0f4717a5fe49b2cce1d5987c498b,6,57.5963666956,optimal,1.20792265079e-13,1
climate_3c,eulp_mixed_3c,3C,10013,hourly_seed_10013,f4a00ecb6f0f8db032a1200ce646f8fd4a1c0f4717a5fe49b2cce1d5987c498b,8,54.8543788507,optimal,1.20792265079e-13,1
climate_3c,eulp_mixed_3c,3C,10014,hourly_seed_10014,35dea0183d0e1554fc9e54a6ded1c068f5c52ea2832d3ca99cffe7dea84f010d,1,110.823414795,optimal,0,1
climate_3c,eulp_mixed_3c,3C,10014,hourly_seed_10014,35dea0183d0e1554fc9e54a6ded1c068f5c52ea2832d3ca99cffe7dea84f010d,2,110.823414795,optimal,0,1
climate_3c,eulp_mixed_3c,3C,10014,hourly_seed_10014,35dea0183d0e1554fc9e54a6ded1c068f5c52ea2832d3ca99cffe7dea84f010d,3,108.940628493,optimal,-5.68434188608e-14,1
climate_3c,eulp_mixed_3c,3C,10014,hourly_seed_10014,35dea0183d0e1554fc9e54a6ded1c068f5c52ea2832d3ca99cffe7dea84f010d,4,72.8746721368,optimal,5.68434188608e-14,1
climate_3c,eulp_mixed_3c,3C,10014,hourly_seed_10014,35dea0183d0e1554fc9e54a6ded1c068f5c52ea2832d3ca99cffe7dea84f010d,6,59.7547445044,optimal,0,1
climate_3c,eulp_mixed_3c,3C,10014,hourly_seed_10014,35dea0183d0e1554fc9e54a6ded1c068f5c52ea2832d3ca99cffe7dea84f010d,8,59.7547445044,optimal,0,1
climate_3c,eulp_mixed_3c,3C,10015,hourly_seed_10015,bc805b6c55665d286bb450d265b380902c09e57053ecfc0c41465a2555963488,1,90.2558837335,optimal,-1.27897692437e-13,1
climate_3c,eulp_mixed_3c,3C,10015,hourly_seed_10015,bc805b6c55665d286bb450d265b380902c09e57053ecfc0c41465a2555963488,2,70.3561560768,optimal,7.1054273576e-14,1
climate_3c,eulp_mixed_3c,3C,10015,hourly_seed_10015,bc805b6c55665d286bb450d265b380902c09e57053ecfc0c41465a2555963488,3,70.0037304174,optimal,5.68434188608e-14,1
climate_3c,eulp_mixed_3c,3C,10015,hourly_seed_10015,bc805b6c55665d286bb450d265b380902c09e57053ecfc0c41465a2555963488,4,68.9636420431,optimal,0,1
climate_3c,eulp_mixed_3c,3C,10015,hourly_seed_10015,bc805b6c55665d286bb450d265b380902c09e57053ecfc0c41465a2555963488,6,58.1490303197,optimal,6.39488462184e-14,1
climate_3c,eulp_mixed_3c,3C,10015,hourly_seed_10015,bc805b6c55665d286bb450d265b380902c09e57053ecfc0c41465a2555963488,8,58.1490303197,optimal,6.39488462184e-14,1
climate_3c,eulp_mixed_3c,3C,10016,hourly_seed_10016,4f55e7f6444e69a1dda74330e91f2c9298ab461be173197f2f91ac19711e9392,1,112.925433052,optimal,-5.68434188608e-14,1
climate_3c,eulp_mixed_3c,3C,10016,hourly_seed_10016,4f55e7f6444e69a1dda74330e91f2c9298ab461be173197f2f91ac19711e9392,2,87.4480873436,optimal,0,1
climate_3c,eulp_mixed_3c,3C,10016,hourly_seed_10016,4f55e7f6444e69a1dda74330e91f2c9298ab461be173197f2f91ac19711e9392,3,84.3010304395,optimal,-5.68434188608e-14,1
climate_3c,eulp_mixed_3c,3C,10016,hourly_seed_10016,4f55e7f6444e69a1dda74330e91f2c9298ab461be173197f2f91ac19711e9392,4,78.1741428548,optimal,-1.13686837722e-13,1
climate_3c,eulp_mixed_3c,3C,10016,hourly_seed_10016,4f55e7f6444e69a1dda74330e91f2c9298ab461be173197f2f91ac19711e9392,6,72.8538526461,optimal,0,1
climate_3c,eulp_mixed_3c,3C,10016,hourly_seed_10016,4f55e7f6444e69a1dda74330e91f2c9298ab461be173197f2f91ac19711e9392,8,50.338979626,optimal,6.39488462184e-14,1
climate_3c,eulp_mixed_3c,3C,10017,hourly_seed_10017,43ddf8f7117dd1b015cb2aae8e3368f6b03e29dd38b515715ff31cb9baf29ec8,1,95.8703990173,optimal,0,1
climate_3c,eulp_mixed_3c,3C,10017,hourly_seed_10017,43ddf8f7117dd1b015cb2aae8e3368f6b03e29dd38b515715ff31cb9baf29ec8,2,78.9014357589,optimal,-1.13686837722e-13,1
climate_3c,eulp_mixed_3c,3C,10017,hourly_seed_10017,43ddf8f7117dd1b015cb2aae8e3368f6b03e29dd38b515715ff31cb9baf29ec8,3,60.1010262645,optimal,5.68434188608e-14,1
climate_3c,eulp_mixed_3c,3C,10017,hourly_seed_10017,43ddf8f7117dd1b015cb2aae8e3368f6b03e29dd38b515715ff31cb9baf29ec8,4,58.9741387167,optimal,5.68434188608e-14,1
climate_3c,eulp_mixed_3c,3C,10017,hourly_seed_10017,43ddf8f7117dd1b015cb2aae8e3368f6b03e29dd38b515715ff31cb9baf29ec8,6,50.3821496818,optimal,-6.39488462184e-14,1
climate_3c,eulp_mixed_3c,3C,10017,hourly_seed_10017,43ddf8f7117dd1b015cb2aae8e3368f6b03e29dd38b515715ff31cb9baf29ec8,8,50.3821496818,optimal,-6.39488462184e-14,1
climate_3c,eulp_mixed_3c,3C,10018,hourly_seed_10018,faaddd516ebb9ca57c28098d5f37d6cdbba8c981392d58e1bc72da6ba235730a,1,68.0054702474,optimal,-7.1054273576e-14,1
climate_3c,eulp_mixed_3c,3C,10018,hourly_seed_10018,faaddd516ebb9ca57c28098d5f37d6cdbba8c981392d58e1bc72da6ba235730a,2,68.0054702474,optimal,-7.1054273576e-14,1
climate_3c,eulp_mixed_3c,3C,10018,hourly_seed_10018,faaddd516ebb9ca57c28098d5f37d6cdbba8c981392d58e1bc72da6ba235730a,3,68.0054702474,optimal,-7.1054273576e-14,1
climate_3c,eulp_mixed_3c,3C,10018,hourly_seed_10018,faaddd516ebb9ca57c28098d5f37d6cdbba8c981392d58e1bc72da6ba235730a,4,68.0054702474,optimal,-7.1054273576e-14,1
climate_3c,eulp_mixed_3c,3C,10018,hourly_seed_10018,faaddd516ebb9ca57c28098d5f37d6cdbba8c981392d58e1bc72da6ba235730a,6,52.9791956268,optimal,-5.68434188608e-14,1
climate_3c,eulp_mixed_3c,3C,10018,hourly_seed_10018,faaddd516ebb9ca57c28098d5f37d6cdbba8c981392d58e1bc72da6ba235730a,8,52.9791956268,optimal,-5.68434188608e-14,1
climate_3c,eulp_mixed_3c,3C,10019,hourly_seed_10019,1b9fe1f49b7e5ed8bd3de7ed52cd46a9c1db1d5620d1b834dead2cd3f99e8fb0,1,88.2787643575,optimal,1.13686837722e-13,1
climate_3c,eulp_mixed_3c,3C,10019,hourly_seed_10019,1b9fe1f49b7e5ed8bd3de7ed52cd46a9c1db1d5620d1b834dead2cd3f99e8fb0,2,64.3510539961,optimal,0,1
climate_3c,eulp_mixed_3c,3C,10019,hourly_seed_10019,1b9fe1f49b7e5ed8bd3de7ed52cd46a9c1db1d5620d1b834dead2cd3f99e8fb0,3,51.3839822063,optimal,5.68434188608e-14,1
climate_3c,eulp_mixed_3c,3C,10019,hourly_seed_10019,1b9fe1f49b7e5ed8bd3de7ed52cd46a9c1db1d5620d1b834dead2cd3f99e8fb0,4,51.3839822063,optimal,5.68434188608e-14,1
climate_3c,eulp_mixed_3c,3C,10019,hourly_seed_10019,1b9fe1f49b7e5ed8bd3de7ed52cd46a9c1db1d5620d1b834dead2cd3f99e8fb0,6,51.3839822063,optimal,5.68434188608e-14,1
climate_3c,eulp_mixed_3c,3C,10019,hourly_seed_10019,1b9fe1f49b7e5ed8bd3de7ed52cd46a9c1db1d5620d1b834dead2cd3f99e8fb0,8,51.3839822063,optimal,5.68434188608e-14,1
climate_3c,eulp_mixed_3c,3C,10020,hourly_seed_10020,5db1cdf83718b786cf6e8d4f7de669420c3095320ff2319d3de0f677e0543883,1,97.9759934945,optimal,0,1
climate_3c,eulp_mixed_3c,3C,10020,hourly_seed_10020,5db1cdf83718b786cf6e8d4f7de669420c3095320ff2319d3de0f677e0543883,2,97.9759934945,optimal,0,1
climate_3c,eulp_mixed_3c,3C,10020,hourly_seed_10020,5db1cdf83718b786cf6e8d4f7de669420c3095320ff2319d3de0f677e0543883,3,97.9759934945,optimal,0,1
climate_3c,eulp_mixed_3c,3C,10020,hourly_seed_10020,5db1cdf83718b786cf6e8d4f7de669420c3095320ff2319d3de0f677e0543883,4,73.1748459381,optimal,-7.1054273576e-14,1
climate_3c,eulp_mixed_3c,3C,10020,hourly_seed_10020,5db1cdf83718b786cf6e8d4f7de669420c3095320ff2319d3de0f677e0543883,6,63.0725309822,optimal,0,1
climate_3c,eulp_mixed_3c,3C,10020,hourly_seed_10020,5db1cdf83718b786cf6e8d4f7de669420c3095320ff2319d3de0f677e0543883,8,47.7369739929,optimal,-6.39488462184e-14,1
climate_3c,eulp_mixed_3c,3C,10021,hourly_seed_10021,0d8c93e3c41fabdb55fabf341625aab4696a7883f4c43c5184f8a75326e15e40,1,80.667546345,optimal,1.13686837722e-13,1
climate_3c,eulp_mixed_3c,3C,10021,hourly_seed_10021,0d8c93e3c41fabdb55fabf341625aab4696a7883f4c43c5184f8a75326e15e40,2,69.8883077788,optimal,0,1
climate_3c,eulp_mixed_3c,3C,10021,hourly_seed_10021,0d8c93e3c41fabdb55fabf341625aab4696a7883f4c43c5184f8a75326e15e40,3,69.8883077788,optimal,0,1
climate_3c,eulp_mixed_3c,3C,10021,hourly_seed_10021,0d8c93e3c41fabdb55fabf341625aab4696a7883f4c43c5184f8a75326e15e40,4,46.1151139902,optimal,5.68434188608e-14,1
climate_3c,eulp_mixed_3c,3C,10021,hourly_seed_10021,0d8c93e3c41fabdb55fabf341625aab4696a7883f4c43c5184f8a75326e15e40,6,46.1151139902,optimal,5.68434188608e-14,1
climate_3c,eulp_mixed_3c,3C,10021,hourly_seed_10021,0d8c93e3c41fabdb55fabf341625aab4696a7883f4c43c5184f8a75326e15e40,8,46.1151139902,optimal,5.68434188608e-14,1
climate_3c,eulp_mixed_3c,3C,10022,hourly_seed_10022,84757efbca7d291867b9d8d90ad4d444c00da2b027bebb354b01b586ebe4f43a,1,112.852117818,optimal,0,1
climate_3c,eulp_mixed_3c,3C,10022,hourly_seed_10022,84757efbca7d291867b9d8d90ad4d444c00da2b027bebb354b01b586ebe4f43a,2,112.024304596,optimal,5.68434188608e-14,1
climate_3c,eulp_mixed_3c,3C,10022,hourly_seed_10022,84757efbca7d291867b9d8d90ad4d444c00da2b027bebb354b01b586ebe4f43a,3,89.3330165951,optimal,0,1
climate_3c,eulp_mixed_3c,3C,10022,hourly_seed_10022,84757efbca7d291867b9d8d90ad4d444c00da2b027bebb354b01b586ebe4f43a,4,63.9519631428,optimal,0,1
climate_3c,eulp_mixed_3c,3C,10022,hourly_seed_10022,84757efbca7d291867b9d8d90ad4d444c00da2b027bebb354b01b586ebe4f43a,6,63.9519631428,optimal,0,1
climate_3c,eulp_mixed_3c,3C,10022,hourly_seed_10022,84757efbca7d291867b9d8d90ad4d444c00da2b027bebb354b01b586ebe4f43a,8,59.2468863115,optimal,6.39488462184e-14,1
climate_3c,eulp_mixed_3c,3C,10023,hourly_seed_10023,f46925908462c13f3e73560d12325633cd3a7b08d4a445dc0cda52bcec151f24,1,112.212487183,optimal,0,1
climate_3c,eulp_mixed_3c,3C,10023,hourly_seed_10023,f46925908462c13f3e73560d12325633cd3a7b08d4a445dc0cda52bcec151f24,2,109.751749701,optimal,5.68434188608e-14,1
climate_3c,eulp_mixed_3c,3C,10023,hourly_seed_10023,f46925908462c13f3e73560d12325633cd3a7b08d4a445dc0cda52bcec151f24,3,59.2893436845,optimal,-1.20792265079e-13,1
climate_3c,eulp_mixed_3c,3C,10023,hourly_seed_10023,f46925908462c13f3e73560d12325633cd3a7b08d4a445dc0cda52bcec151f24,4,57.5707425963,optimal,0,1
climate_3c,eulp_mixed_3c,3C,10023,hourly_seed_10023,f46925908462c13f3e73560d12325633cd3a7b08d4a445dc0cda52bcec151f24,6,56.5490468572,optimal,0,1
climate_3c,eulp_mixed_3c,3C,10023,hourly_seed_10023,f46925908462c13f3e73560d12325633cd3a7b08d4a445dc0cda52bcec151f24,8,56.5490468572,optimal,0,1
climate_3c,eulp_mixed_3c,3C,10024,hourly_seed_10024,2b1b6fae6f7206d1edb2ea49ce93daf6dfd869547da9751ba57d73be6e40e58c,1,57.0850093024,optimal,0,1
climate_3c,eulp_mixed_3c,3C,10024,hourly_seed_10024,2b1b6fae6f7206d1edb2ea49ce93daf6dfd869547da9751ba57d73be6e40e58c,2,57.0850093024,optimal,0,1
climate_3c,eulp_mixed_3c,3C,10024,hourly_seed_10024,2b1b6fae6f7206d1edb2ea49ce93daf6dfd869547da9751ba57d73be6e40e58c,3,52.9113685123,optimal,-6.39488462184e-14,1
climate_3c,eulp_mixed_3c,3C,10024,hourly_seed_10024,2b1b6fae6f7206d1edb2ea49ce93daf6dfd869547da9751ba57d73be6e40e58c,4,52.9113685123,optimal,-6.39488462184e-14,1
climate_3c,eulp_mixed_3c,3C,10024,hourly_seed_10024,2b1b6fae6f7206d1edb2ea49ce93daf6dfd869547da9751ba57d73be6e40e58c,6,52.9113685123,optimal,-6.39488462184e-14,1
climate_3c,eulp_mixed_3c,3C,10024,hourly_seed_10024,2b1b6fae6f7206d1edb2ea49ce93daf6dfd869547da9751ba57d73be6e40e58c,8,52.9113685123,optimal,-6.39488462184e-14,1
climate_3c,eulp_mixed_3c,3C,10025,hourly_seed_10025,e68e9f52972b5179220c7698f0c666edf11966c9062433300ecd21f52257c215,1,112.195879838,optimal,0,1
climate_3c,eulp_mixed_3c,3C,10025,hourly_seed_10025,e68e9f52972b5179220c7698f0c666edf11966c9062433300ecd21f52257c215,2,111.3801443,optimal,1.13686837722e-13,1
climate_3c,eulp_mixed_3c,3C,10025,hourly_seed_10025,e68e9f52972b5179220c7698f0c666edf11966c9062433300ecd21f52257c215,3,66.2129859901,optimal,0,1
climate_3c,eulp_mixed_3c,3C,10025,hourly_seed_10025,e68e9f52972b5179220c7698f0c666edf11966c9062433300ecd21f52257c215,4,62.9276188489,optimal,0,1
climate_3c,eulp_mixed_3c,3C,10025,hourly_seed_10025,e68e9f52972b5179220c7698f0c666edf11966c9062433300ecd21f52257c215,6,45.4890215618,optimal,-6.39488462184e-14,1
climate_3c,eulp_mixed_3c,3C,10025,hourly_seed_10025,e68e9f52972b5179220c7698f0c666edf11966c9062433300ecd21f52257c215,8,45.4890215618,optimal,-6.39488462184e-14,1
climate_3c,eulp_mixed_3c,3C,10026,hourly_seed_10026,0d075e19c0154409e3adb21507dbfe989c704079a74373d7843d5cf16b8ed217,1,82.3614969944,optimal,0,1
climate_3c,eulp_mixed_3c,3C,10026,hourly_seed_10026,0d075e19c0154409e3adb21507dbfe989c704079a74373d7843d5cf16b8ed217,2,60.9042524418,optimal,0,1
climate_3c,eulp_mixed_3c,3C,10026,hourly_seed_10026,0d075e19c0154409e3adb21507dbfe989c704079a74373d7843d5cf16b8ed217,3,60.9042524418,optimal,0,1
climate_3c,eulp_mixed_3c,3C,10026,hourly_seed_10026,0d075e19c0154409e3adb21507dbfe989c704079a74373d7843d5cf16b8ed217,4,58.0710289053,optimal,0,1
climate_3c,eulp_mixed_3c,3C,10026,hourly_seed_10026,0d075e19c0154409e3adb21507dbfe989c704079a74373d7843d5cf16b8ed217,6,58.0710289053,optimal,0,1
climate_3c,eulp_mixed_3c,3C,10026,hourly_seed_10026,0d075e19c0154409e3adb21507dbfe989c704079a74373d7843d5cf16b8ed217,8,58.0710289053,optimal,0,1
climate_3c,eulp_mixed_3c,3C,10027,hourly_seed_10027,5014c36c21a2b45d6c73180bb3b567bf808910a987b4b9d53cfaab9ec74a7143,1,84.3763504777,optimal,5.68434188608e-14,1
climate_3c,eulp_mixed_3c,3C,10027,hourly_seed_10027,5014c36c21a2b45d6c73180bb3b567bf808910a987b4b9d53cfaab9ec74a7143,2,68.7407554183,optimal,5.68434188608e-14,1
climate_3c,eulp_mixed_3c,3C,10027,hourly_seed_10027,5014c36c21a2b45d6c73180bb3b567bf808910a987b4b9d53cfaab9ec74a7143,3,68.7407554183,optimal,5.68434188608e-14,1
climate_3c,eulp_mixed_3c,3C,10027,hourly_seed_10027,5014c36c21a2b45d6c73180bb3b567bf808910a987b4b9d53cfaab9ec74a7143,4,49.5193276421,optimal,-5.68434188608e-14,1
climate_3c,eulp_mixed_3c,3C,10027,hourly_seed_10027,5014c36c21a2b45d6c73180bb3b567bf808910a987b4b9d53cfaab9ec74a7143,6,49.5193276421,optimal,-5.68434188608e-14,1
climate_3c,eulp_mixed_3c,3C,10027,hourly_seed_10027,5014c36c21a2b45d6c73180bb3b567bf808910a987b4b9d53cfaab9ec74a7143,8,43.1516010853,optimal,0,1
climate_3c,eulp_mixed_3c,3C,10028,hourly_seed_10028,d24c94421a7f1e1060a48d048ddd5cf72ee19d5c3afdf4d4de502c2a0bddcc5a,1,57.0246044745,optimal,6.39488462184e-14,1
climate_3c,eulp_mixed_3c,3C,10028,hourly_seed_10028,d24c94421a7f1e1060a48d048ddd5cf72ee19d5c3afdf4d4de502c2a0bddcc5a,2,57.0246044745,optimal,6.39488462184e-14,1
climate_3c,eulp_mixed_3c,3C,10028,hourly_seed_10028,d24c94421a7f1e1060a48d048ddd5cf72ee19d5c3afdf4d4de502c2a0bddcc5a,3,57.0246044745,optimal,6.39488462184e-14,1
climate_3c,eulp_mixed_3c,3C,10028,hourly_seed_10028,d24c94421a7f1e1060a48d048ddd5cf72ee19d5c3afdf4d4de502c2a0bddcc5a,4,57.0246044745,optimal,6.39488462184e-14,1
climate_3c,eulp_mixed_3c,3C,10028,hourly_seed_10028,d24c94421a7f1e1060a48d048ddd5cf72ee19d5c3afdf4d4de502c2a0bddcc5a,6,57.0246044745,optimal,6.39488462184e-14,1
climate_3c,eulp_mixed_3c,3C,10028,hourly_seed_10028,d24c94421a7f1e1060a48d048ddd5cf72ee19d5c3afdf4d4de502c2a0bddcc5a,8,57.0246044745,optimal,6.39488462184e-14,1
climate_3c,eulp_mixed_3c,3C,10029,hourly_seed_10029,71fe405520d59f96196ae68eaf31d9ca469ede372b5b0f20b5e3560cb5335dc6,1,111.480945204,optimal,0,1
climate_3c,eulp_mixed_3c,3C,10029,hourly_seed_10029,71fe405520d59f96196ae68eaf31d9ca469ede372b5b0f20b5e3560cb5335dc6,2,102.401299523,optimal,0,1
climate_3c,eulp_mixed_3c,3C,10029,hourly_seed_10029,71fe405520d59f96196ae68eaf31d9ca469ede372b5b0f20b5e3560cb5335dc6,3,102.401299523,optimal,0,1
climate_3c,eulp_mixed_3c,3C,10029,hourly_seed_10029,71fe405520d59f96196ae68eaf31d9ca469ede372b5b0f20b5e3560cb5335dc6,4,84.3395276293,optimal,0,1
climate_3c,eulp_mixed_3c,3C,10029,hourly_seed_10029,71fe405520d59f96196ae68eaf31d9ca469ede372b5b0f20b5e3560cb5335dc6,6,61.0591758853,optimal,0,1
climate_3c,eulp_mixed_3c,3C,10029,hourly_seed_10029,71fe405520d59f96196ae68eaf31d9ca469ede372b5b0f20b5e3560cb5335dc6,8,61.0591758853,optimal,0,1
climate_3c,eulp_mixed_3c,3C,10030,hourly_seed_10030,cfbb5099563ee594d991ef228e6b377cf55438690633f3c9fe15fd7fa5c45179,1,111.069011546,optimal,5.68434188608e-14,1
climate_3c,eulp_mixed_3c,3C,10030,hourly_seed_10030,cfbb5099563ee594d991ef228e6b377cf55438690633f3c9fe15fd7fa5c45179,2,98.7806911758,optimal,0,1
climate_3c,eulp_mixed_3c,3C,10030,hourly_seed_10030,cfbb5099563ee594d991ef228e6b377cf55438690633f3c9fe15fd7fa5c45179,3,98.7806911758,optimal,0,1
climate_3c,eulp_mixed_3c,3C,10030,hourly_seed_10030,cfbb5099563ee594d991ef228e6b377cf55438690633f3c9fe15fd7fa5c45179,4,98.7806911758,optimal,0,1
climate_3c,eulp_mixed_3c,3C,10030,hourly_seed_10030,cfbb5099563ee594d991ef228e6b377cf55438690633f3c9fe15fd7fa5c45179,6,40.2902211553,optimal,0,1
climate_3c,eulp_mixed_3c,3C,10030,hourly_seed_10030,cfbb5099563ee594d991ef228e6b377cf55438690633f3c9fe15fd7fa5c45179,8,40.2902211553,optimal,0,1
climate_3c,eulp_mixed_3c,3C,10031,hourly_seed_10031,e66ce31aa4ecef0c460d796ae305ac66c1a37931e92f73f4c34f9584e2add877,1,112.328754437,optimal,0,1
climate_3c,eulp_mixed_3c,3C,10031,hourly_seed_10031,e66ce31aa4ecef0c460d796ae305ac66c1a37931e92f73f4c34f9584e2add877,2,111.032224867,optimal,5.68434188608e-14,1
climate_3c,eulp_mixed_3c,3C,10031,hourly_seed_10031,e66ce31aa4ecef0c460d796ae305ac66c1a37931e92f73f4c34f9584e2add877,3,97.372689167,optimal,5.68434188608e-14,1
climate_3c,eulp_mixed_3c,3C,10031,hourly_seed_10031,e66ce31aa4ecef0c460d796ae305ac66c1a37931e92f73f4c34f9584e2add877,4,75.5106019368,optimal,-7.1054273576e-14,1
climate_3c,eulp_mixed_3c,3C,10031,hourly_seed_10031,e66ce31aa4ecef0c460d796ae305ac66c1a37931e92f73f4c34f9584e2add877,6,62.5986654245,optimal,0,1
climate_3c,eulp_mixed_3c,3C,10031,hourly_seed_10031,e66ce31aa4ecef0c460d796ae305ac66c1a37931e92f73f4c34f9584e2add877,8,58.4450656904,optimal,0,1
climate_3c,eulp_mixed_3c,3C,10032,hourly_seed_10032,91a41d9142219841ff293b4de94f42c3a719bfedcdb300646b5eb135455b204a,1,114.367033196,optimal,0,1
climate_3c,eulp_mixed_3c,3C,10032,hourly_seed_10032,91a41d9142219841ff293b4de94f42c3a719bfedcdb300646b5eb135455b204a,2,112.641264833,optimal,-1.13686837722e-13,1
climate_3c,eulp_mixed_3c,3C,10032,hourly_seed_10032,91a41d9142219841ff293b4de94f42c3a719bfedcdb300646b5eb135455b204a,3,91.5174389871,optimal,1.27897692437e-13,1
climate_3c,eulp_mixed_3c,3C,10032,hourly_seed_10032,91a41d9142219841ff293b4de94f42c3a719bfedcdb300646b5eb135455b204a,4,61.4634049101,optimal,0,1
climate_3c,eulp_mixed_3c,3C,10032,hourly_seed_10032,91a41d9142219841ff293b4de94f42c3a719bfedcdb300646b5eb135455b204a,6,61.4634049101,optimal,0,1
climate_3c,eulp_mixed_3c,3C,10032,hourly_seed_10032,91a41d9142219841ff293b4de94f42c3a719bfedcdb300646b5eb135455b204a,8,48.9213151948,optimal,-5.68434188608e-14,1
climate_3c,eulp_mixed_3c,3C,10033,hourly_seed_10033,c342980a9139495433cb106a4b73a8e2d5601245974dfe2fbdd13fb9882a3c54,1,55.0658228873,optimal,0,1
climate_3c,eulp_mixed_3c,3C,10033,hourly_seed_10033,c342980a9139495433cb106a4b73a8e2d5601245974dfe2fbdd13fb9882a3c54,2,55.0658228873,optimal,0,1
climate_3c,eulp_mixed_3c,3C,10033,hourly_seed_10033,c342980a9139495433cb106a4b73a8e2d5601245974dfe2fbdd13fb9882a3c54,3,55.0658228873,optimal,0,1
climate_3c,eulp_mixed_3c,3C,10033,hourly_seed_10033,c342980a9139495433cb106a4b73a8e2d5601245974dfe2fbdd13fb9882a3c54,4,55.0658228873,optimal,0,1
climate_3c,eulp_mixed_3c,3C,10033,hourly_seed_10033,c342980a9139495433cb106a4b73a8e2d5601245974dfe2fbdd13fb9882a3c54,6,55.0658228873,optimal,0,1
climate_3c,eulp_mixed_3c,3C,10033,hourly_seed_10033,c342980a9139495433cb106a4b73a8e2d5601245974dfe2fbdd13fb9882a3c54,8,55.0658228873,optimal,0,1
climate_3c,eulp_mixed_3c,3C,10034,hourly_seed_10034,a8fa47c026a00b711f78112000992063eeca1e0e7826dbf86514cc9edbf87d51,1,101.830990946,optimal,5.68434188608e-14,1
climate_3c,eulp_mixed_3c,3C,10034,hourly_seed_10034,a8fa47c026a00b711f78112000992063eeca1e0e7826dbf86514cc9edbf87d51,2,94.8841525358,optimal,0,1
climate_3c,eulp_mixed_3c,3C,10034,hourly_seed_10034,a8fa47c026a00b711f78112000992063eeca1e0e7826dbf86514cc9edbf87d51,3,78.8598703461,optimal,0,1
climate_3c,eulp_mixed_3c,3C,10034,hourly_seed_10034,a8fa47c026a00b711f78112000992063eeca1e0e7826dbf86514cc9edbf87d51,4,68.0029374138,optimal,-5.68434188608e-14,1
climate_3c,eulp_mixed_3c,3C,10034,hourly_seed_10034,a8fa47c026a00b711f78112000992063eeca1e0e7826dbf86514cc9edbf87d51,6,53.369439977,optimal,0,1
climate_3c,eulp_mixed_3c,3C,10034,hourly_seed_10034,a8fa47c026a00b711f78112000992063eeca1e0e7826dbf86514cc9edbf87d51,8,53.369439977,optimal,0,1
climate_3c,eulp_mixed_3c,3C,10035,hourly_seed_10035,067a2a5210fe0af7d32485f72f1e4ae8c701f02e56f7dd3e56cf117cdc0d93bd,1,53.4901623195,optimal,0,1
climate_3c,eulp_mixed_3c,3C,10035,hourly_seed_10035,067a2a5210fe0af7d32485f72f1e4ae8c701f02e56f7dd3e56cf117cdc0d93bd,2,53.4901623195,optimal,0,1
climate_3c,eulp_mixed_3c,3C,10035,hourly_seed_10035,067a2a5210fe0af7d32485f72f1e4ae8c701f02e56f7dd3e56cf117cdc0d93bd,3,53.4901623195,optimal,0,1
climate_3c,eulp_mixed_3c,3C,10035,hourly_seed_10035,067a2a5210fe0af7d32485f72f1e4ae8c701f02e56f7dd3e56cf117cdc0d93bd,4,53.4901623195,optimal,0,1
climate_3c,eulp_mixed_3c,3C,10035,hourly_seed_10035,067a2a5210fe0af7d32485f72f1e4ae8c701f02e56f7dd3e56cf117cdc0d93bd,6,53.4901623195,optimal,0,1
climate_3c,eulp_mixed_3c,3C,10035,hourly_seed_10035,067a2a5210fe0af7d32485f72f1e4ae8c701f02e56f7dd3e56cf117cdc0d93bd,8,48.7107991511,optimal,6.39488462184e-14,1
climate_3c,eulp_mixed_3c,3C,10036,hourly_seed_10036,6c047e8ea8b881caff995d69a1ee7763ff0e533ae56642073a5a7adf9aeac777,1,82.5836359044,optimal,0,1
climate_3c,eulp_mixed_3c,3C,10036,hourly_seed_10036,6c047e8ea8b881caff995d69a1ee7763ff0e533ae56642073a5a7adf9aeac777,2,71.8193402969,optimal,7.1054273576e-14,1
climate_3c,eulp_mixed_3c,3C,10036,hourly_seed_10036,6c047e8ea8b881caff995d69a1ee7763ff0e533ae56642073a5a7adf9aeac777,3,69.0548172406,optimal,1.27897692437e-13,1
climate_3c,eulp_mixed_3c,3C,10036,hourly_seed_10036,6c047e8ea8b881caff995d69a1ee7763ff0e533ae56642073a5a7adf9aeac777,4,59.179670212,optimal,0,1
climate_3c,eulp_mixed_3c,3C,10036,hourly_seed_10036,6c047e8ea8b881caff995d69a1ee7763ff0e533ae56642073a5a7adf9aeac777,6,59.179670212,optimal,0,1
climate_3c,eulp_mixed_3c,3C,10036,hourly_seed_10036,6c047e8ea8b881caff995d69a1ee7763ff0e533ae56642073a5a7adf9aeac777,8,59.179670212,optimal,0,1
climate_3c,eulp_mixed_3c,3C,10037,hourly_seed_10037,a2ca74fe13b3284ab053469f5f13a37fd8bd4822dc419333e0400a7862de55f7,1,112.157887497,optimal,-5.68434188608e-14,1
climate_3c,eulp_mixed_3c,3C,10037,hourly_seed_10037,a2ca74fe13b3284ab053469f5f13a37fd8bd4822dc419333e0400a7862de55f7,2,110.604857247,optimal,-7.1054273576e-14,1
climate_3c,eulp_mixed_3c,3C,10037,hourly_seed_10037,a2ca74fe13b3284ab053469f5f13a37fd8bd4822dc419333e0400a7862de55f7,3,86.6034753756,optimal,0,1
climate_3c,eulp_mixed_3c,3C,10037,hourly_seed_10037,a2ca74fe13b3284ab053469f5f13a37fd8bd4822dc419333e0400a7862de55f7,4,86.6034753756,optimal,0,1
climate_3c,eulp_mixed_3c,3C,10037,hourly_seed_10037,a2ca74fe13b3284ab053469f5f13a37fd8bd4822dc419333e0400a7862de55f7,6,60.5212968671,optimal,0,1
climate_3c,eulp_mixed_3c,3C,10037,hourly_seed_10037,a2ca74fe13b3284ab053469f5f13a37fd8bd4822dc419333e0400a7862de55f7,8,53.8342242726,optimal,0,1
climate_3c,eulp_mixed_3c,3C,10038,hourly_seed_10038,bebdb000654af02b446e340f653feafbd4ea927085d6d4437438b514e1459b5a,1,69.1884617566,optimal,5.68434188608e-14,1
climate_3c,eulp_mixed_3c,3C,10038,hourly_seed_10038,bebdb000654af02b446e340f653feafbd4ea927085d6d4437438b514e1459b5a,2,69.1884617566,optimal,5.68434188608e-14,1
climate_3c,eulp_mixed_3c,3C,10038,hourly_seed_10038,bebdb000654af02b446e340f653feafbd4ea927085d6d4437438b514e1459b5a,3,54.9173325109,optimal,0,1
climate_3c,eulp_mixed_3c,3C,10038,hourly_seed_10038,bebdb000654af02b446e340f653feafbd4ea927085d6d4437438b514e1459b5a,4,54.9173325109,optimal,0,1
climate_3c,eulp_mixed_3c,3C,10038,hourly_seed_10038,bebdb000654af02b446e340f653feafbd4ea927085d6d4437438b514e1459b5a,6,54.9173325109,optimal,0,1
climate_3c,eulp_mixed_3c,3C,10038,hourly_seed_10038,bebdb000654af02b446e340f653feafbd4ea927085d6d4437438b514e1459b5a,8,54.9173325109,optimal,0,1
climate_3c,eulp_mixed_3c,3C,10039,hourly_seed_10039,da7fdb2f177ccc34555b041df3cd91e7c1b398645b48ea864db32bf4b84e17c0,1,67.0604107076,optimal,0,1
climate_3c,eulp_mixed_3c,3C,10039,hourly_seed_10039,da7fdb2f177ccc34555b041df3cd91e7c1b398645b48ea864db32bf4b84e17c0,2,67.0604107076,optimal,0,1
climate_3c,eulp_mixed_3c,3C,10039,hourly_seed_10039,da7fdb2f177ccc34555b041df3cd91e7c1b398645b48ea864db32bf4b84e17c0,3,66.6099516959,optimal,-1.13686837722e-13,1
climate_3c,eulp_mixed_3c,3C,10039,hourly_seed_10039,da7fdb2f177ccc34555b041df3cd91e7c1b398645b48ea864db32bf4b84e17c0,4,59.2140502247,optimal,0,1
climate_3c,eulp_mixed_3c,3C,10039,hourly_seed_10039,da7fdb2f177ccc34555b041df3cd91e7c1b398645b48ea864db32bf4b84e17c0,6,55.6475313976,optimal,0,1
climate_3c,eulp_mixed_3c,3C,10039,hourly_seed_10039,da7fdb2f177ccc34555b041df3cd91e7c1b398645b48ea864db32bf4b84e17c0,8,55.6475313976,optimal,0,1
climate_3c,eulp_mixed_3c,3C,10040,hourly_seed_10040,8400b5bb16284ed1460bca1b54b3bc7bf5a10975959d3eca6b89f513590de2d0,1,111.809388449,optimal,0,1
climate_3c,eulp_mixed_3c,3C,10040,hourly_seed_10040,8400b5bb16284ed1460bca1b54b3bc7bf5a10975959d3eca6b89f513590de2d0,2,72.949779586,optimal,-1.27897692437e-13,1
climate_3c,eulp_mixed_3c,3C,10040,hourly_seed_10040,8400b5bb16284ed1460bca1b54b3bc7bf5a10975959d3eca6b89f513590de2d0,3,53.0576261673,optimal,0,1
climate_3c,eulp_mixed_3c,3C,10040,hourly_seed_10040,8400b5bb16284ed1460bca1b54b3bc7bf5a10975959d3eca6b89f513590de2d0,4,53.0576261673,optimal,0,1
climate_3c,eulp_mixed_3c,3C,10040,hourly_seed_10040,8400b5bb16284ed1460bca1b54b3bc7bf5a10975959d3eca6b89f513590de2d0,6,53.0576261673,optimal,0,1
climate_3c,eulp_mixed_3c,3C,10040,hourly_seed_10040,8400b5bb16284ed1460bca1b54b3bc7bf5a10975959d3eca6b89f513590de2d0,8,53.0576261673,optimal,0,1
climate_3c,eulp_mixed_3c,3C,10041,hourly_seed_10041,261a9cf51b6b2130817e9482a3cfe2863abec154fe9d8c18bb31a996a7a14da7,1,74.2044675678,optimal,0,1
climate_3c,eulp_mixed_3c,3C,10041,hourly_seed_10041,261a9cf51b6b2130817e9482a3cfe2863abec154fe9d8c18bb31a996a7a14da7,2,58.6663805991,optimal,0,1
climate_3c,eulp_mixed_3c,3C,10041,hourly_seed_10041,261a9cf51b6b2130817e9482a3cfe2863abec154fe9d8c18bb31a996a7a14da7,3,58.6663805991,optimal,0,1
climate_3c,eulp_mixed_3c,3C,10041,hourly_seed_10041,261a9cf51b6b2130817e9482a3cfe2863abec154fe9d8c18bb31a996a7a14da7,4,45.4233250151,optimal,0,1
climate_3c,eulp_mixed_3c,3C,10041,hourly_seed_10041,261a9cf51b6b2130817e9482a3cfe2863abec154fe9d8c18bb31a996a7a14da7,6,45.4233250151,optimal,0,1
climate_3c,eulp_mixed_3c,3C,10041,hourly_seed_10041,261a9cf51b6b2130817e9482a3cfe2863abec154fe9d8c18bb31a996a7a14da7,8,45.4233250151,optimal,0,1
climate_3c,eulp_mixed_3c,3C,10042,hourly_seed_10042,d654b9a589dc3a11472d44b48ec85a75eb1e8d8e31f8e5d1e1c21c891b5fde5b,1,72.7232574597,optimal,5.68434188608e-14,1
climate_3c,eulp_mixed_3c,3C,10042,hourly_seed_10042,d654b9a589dc3a11472d44b48ec85a75eb1e8d8e31f8e5d1e1c21c891b5fde5b,2,67.271640286,optimal,-5.68434188608e-14,1
climate_3c,eulp_mixed_3c,3C,10042,hourly_seed_10042,d654b9a589dc3a11472d44b48ec85a75eb1e8d8e31f8e5d1e1c21c891b5fde5b,3,51.9151097054,optimal,0,1
climate_3c,eulp_mixed_3c,3C,10042,hourly_seed_10042,d654b9a589dc3a11472d44b48ec85a75eb1e8d8e31f8e5d1e1c21c891b5fde5b,4,51.9151097054,optimal,0,1
climate_3c,eulp_mixed_3c,3C,10042,hourly_seed_10042,d654b9a589dc3a11472d44b48ec85a75eb1e8d8e31f8e5d1e1c21c891b5fde5b,6,51.9151097054,optimal,0,1
climate_3c,eulp_mixed_3c,3C,10042,hourly_seed_10042,d654b9a589dc3a11472d44b48ec85a75eb1e8d8e31f8e5d1e1c21c891b5fde5b,8,51.9151097054,optimal,0,1
climate_3c,eulp_mixed_3c,3C,10043,hourly_seed_10043,ba7f25a7c03b9853b83a8e273f1328a2c0306e3564592dae64037c3f58d1f4ad,1,61.4593996302,optimal,-6.39488462184e-14,1
climate_3c,eulp_mixed_3c,3C,10043,hourly_seed_10043,ba7f25a7c03b9853b83a8e273f1328a2c0306e3564592dae64037c3f58d1f4ad,2,61.4593996302,optimal,-6.39488462184e-14,1
climate_3c,eulp_mixed_3c,3C,10043,hourly_seed_10043,ba7f25a7c03b9853b83a8e273f1328a2c0306e3564592dae64037c3f58d1f4ad,3,41.6790518929,optimal,0,1
climate_3c,eulp_mixed_3c,3C,10043,hourly_seed_10043,ba7f25a7c03b9853b83a8e273f1328a2c0306e3564592dae64037c3f58d1f4ad,4,41.6790518929,optimal,0,1
climate_3c,eulp_mixed_3c,3C,10043,hourly_seed_10043,ba7f25a7c03b9853b83a8e273f1328a2c0306e3564592dae64037c3f58d1f4ad,6,41.6790518929,optimal,0,1
climate_3c,eulp_mixed_3c,3C,10043,hourly_seed_10043,ba7f25a7c03b9853b83a8e273f1328a2c0306e3564592dae64037c3f58d1f4ad,8,41.6790518929,optimal,0,1
climate_3c,eulp_mixed_3c,3C,10044,hourly_seed_10044,f1600368e7262416016a7d86e31773f09c2ad917311c4a5c2ca18c0f1c769b25,1,65.0999637267,optimal,0,1
climate_3c,eulp_mixed_3c,3C,10044,hourly_seed_10044,f1600368e7262416016a7d86e31773f09c2ad917311c4a5c2ca18c0f1c769b25,2,65.0999637267,optimal,0,1
climate_3c,eulp_mixed_3c,3C,10044,hourly_seed_10044,f1600368e7262416016a7d86e31773f09c2ad917311c4a5c2ca18c0f1c769b25,3,63.7505795839,optimal,1.20792265079e-13,1
climate_3c,eulp_mixed_3c,3C,10044,hourly_seed_10044,f1600368e7262416016a7d86e31773f09c2ad917311c4a5c2ca18c0f1c769b25,4,63.7505795839,optimal,1.20792265079e-13,1
climate_3c,eulp_mixed_3c,3C,10044,hourly_seed_10044,f1600368e7262416016a7d86e31773f09c2ad917311c4a5c2ca18c0f1c769b25,6,63.7505795839,optimal,1.20792265079e-13,1
climate_3c,eulp_mixed_3c,3C,10044,hourly_seed_10044,f1600368e7262416016a7d86e31773f09c2ad917311c4a5c2ca18c0f1c769b25,8,63.7505795839,optimal,1.20792265079e-13,1
climate_3c,eulp_mixed_3c,3C,10045,hourly_seed_10045,704f48a43d7e747de4e8bca0c467738ea12633eb361705d9a49e8b88fa46f691,1,65.6470484286,optimal,0,1
climate_3c,eulp_mixed_3c,3C,10045,hourly_seed_10045,704f48a43d7e747de4e8bca0c467738ea12633eb361705d9a49e8b88fa46f691,2,65.6470484286,optimal,0,1
climate_3c,eulp_mixed_3c,3C,10045,hourly_seed_10045,704f48a43d7e747de4e8bca0c467738ea12633eb361705d9a49e8b88fa46f691,3,65.6470484286,optimal,0,1
climate_3c,eulp_mixed_3c,3C,10045,hourly_seed_10045,704f48a43d7e747de4e8bca0c467738ea12633eb361705d9a49e8b88fa46f691,4,65.6470484286,optimal,0,1
climate_3c,eulp_mixed_3c,3C,10045,hourly_seed_10045,704f48a43d7e747de4e8bca0c467738ea12633eb361705d9a49e8b88fa46f691,6,63.0399671199,optimal,0,1
climate_3c,eulp_mixed_3c,3C,10045,hourly_seed_10045,704f48a43d7e747de4e8bca0c467738ea12633eb361705d9a49e8b88fa46f691,8,57.5980160935,optimal,0,1
climate_3c,eulp_mixed_3c,3C,10046,hourly_seed_10046,dc8a401d74587358a593387438a8d6a5e41cedf53086ac4535fc48a0843c0d98,1,102.842257942,optimal,-8.54383155092,0.923295345139
climate_3c,eulp_mixed_3c,3C,10046,hourly_seed_10046,dc8a401d74587358a593387438a8d6a5e41cedf53086ac4535fc48a0843c0d98,2,100.181674904,optimal,-5.68434188608e-14,1
climate_3c,eulp_mixed_3c,3C,10046,hourly_seed_10046,dc8a401d74587358a593387438a8d6a5e41cedf53086ac4535fc48a0843c0d98,3,93.8537570747,optimal,5.68434188608e-14,1
climate_3c,eulp_mixed_3c,3C,10046,hourly_seed_10046,dc8a401d74587358a593387438a8d6a5e41cedf53086ac4535fc48a0843c0d98,4,54.4991362232,optimal,0,1
climate_3c,eulp_mixed_3c,3C,10046,hourly_seed_10046,dc8a401d74587358a593387438a8d6a5e41cedf53086ac4535fc48a0843c0d98,6,54.4991362232,optimal,0,1
climate_3c,eulp_mixed_3c,3C,10046,hourly_seed_10046,dc8a401d74587358a593387438a8d6a5e41cedf53086ac4535fc48a0843c0d98,8,37.7597540487,optimal,0,1
climate_3c,eulp_mixed_3c,3C,10047,hourly_seed_10047,f20ed83a0fa73ba8026cd6fb10219cc98e63105e54d32bddd192278b886756df,1,112.421629601,optimal,5.68434188608e-14,1
climate_3c,eulp_mixed_3c,3C,10047,hourly_seed_10047,f20ed83a0fa73ba8026cd6fb10219cc98e63105e54d32bddd192278b886756df,2,85.0141880201,optimal,-5.68434188608e-14,1
climate_3c,eulp_mixed_3c,3C,10047,hourly_seed_10047,f20ed83a0fa73ba8026cd6fb10219cc98e63105e54d32bddd192278b886756df,3,78.7965750688,optimal,5.68434188608e-14,1
climate_3c,eulp_mixed_3c,3C,10047,hourly_seed_10047,f20ed83a0fa73ba8026cd6fb10219cc98e63105e54d32bddd192278b886756df,4,54.5700429286,optimal,-6.39488462184e-14,1
climate_3c,eulp_mixed_3c,3C,10047,hourly_seed_10047,f20ed83a0fa73ba8026cd6fb10219cc98e63105e54d32bddd192278b886756df,6,54.5700429286,optimal,-6.39488462184e-14,1
climate_3c,eulp_mixed_3c,3C,10047,hourly_seed_10047,f20ed83a0fa73ba8026cd6fb10219cc98e63105e54d32bddd192278b886756df,8,41.7366666282,optimal,6.39488462184e-14,1
climate_3c,eulp_mixed_3c,3C,10048,hourly_seed_10048,d30f79f58f48be68d08fdaf22137202760c5e97fcd50b3ffe16d6247fb64b71f,1,113.259466505,optimal,-5.68434188608e-14,1
climate_3c,eulp_mixed_3c,3C,10048,hourly_seed_10048,d30f79f58f48be68d08fdaf22137202760c5e97fcd50b3ffe16d6247fb64b71f,2,111.01493239,optimal,7.1054273576e-14,1
climate_3c,eulp_mixed_3c,3C,10048,hourly_seed_10048,d30f79f58f48be68d08fdaf22137202760c5e97fcd50b3ffe16d6247fb64b71f,3,98.700428243,optimal,0,1
climate_3c,eulp_mixed_3c,3C,10048,hourly_seed_10048,d30f79f58f48be68d08fdaf22137202760c5e97fcd50b3ffe16d6247fb64b71f,4,63.2395918013,optimal,-5.68434188608e-14,1
climate_3c,eulp_mixed_3c,3C,10048,hourly_seed_10048,d30f79f58f48be68d08fdaf22137202760c5e97fcd50b3ffe16d6247fb64b71f,6,63.2395918013,optimal,-5.68434188608e-14,1
climate_3c,eulp_mixed_3c,3C,10048,hourly_seed_10048,d30f79f58f48be68d08fdaf22137202760c5e97fcd50b3ffe16d6247fb64b71f,8,51.7236237953,optimal,0,1
climate_3c,eulp_mixed_3c,3C,10049,hourly_seed_10049,360b43460ae63e7803e4c59a03559ea3b3842669ca835ac4099bfb6f8ead87e4,1,90.8308937765,optimal,0,1
climate_3c,eulp_mixed_3c,3C,10049,hourly_seed_10049,360b43460ae63e7803e4c59a03559ea3b3842669ca835ac4099bfb6f8ead87e4,2,61.3017126632,optimal,0,1
climate_3c,eulp_mixed_3c,3C,10049,hourly_seed_10049,360b43460ae63e7803e4c59a03559ea3b3842669ca835ac4099bfb6f8ead87e4,3,49.5106093608,optimal,5.68434188608e-14,1
climate_3c,eulp_mixed_3c,3C,10049,hourly_seed_10049,360b43460ae63e7803e4c59a03559ea3b3842669ca835ac4099bfb6f8ead87e4,4,49.5106093608,optimal,5.68434188608e-14,1
climate_3c,eulp_mixed_3c,3C,10049,hourly_seed_10049,360b43460ae63e7803e4c59a03559ea3b3842669ca835ac4099bfb6f8ead87e4,6,49.5106093608,optimal,5.68434188608e-14,1
climate_3c,eulp_mixed_3c,3C,10049,hourly_seed_10049,360b43460ae63e7803e4c59a03559ea3b3842669ca835ac4099bfb6f8ead87e4,8,47.5796857074,optimal,0,1
climate_3c,eulp_mixed_3c,3C,10050,hourly_seed_10050,3cdcdd1224fe683a4e46df48a3cfc1d44aa436fd851959c409f979707b5c9c00,1,58.3635623157,optimal,0,1
climate_3c,eulp_mixed_3c,3C,10050,hourly_seed_10050,3cdcdd1224fe683a4e46df48a3cfc1d44aa436fd851959c409f979707b5c9c00,2,45.1685704923,optimal,0,1
climate_3c,eulp_mixed_3c,3C,10050,hourly_seed_10050,3cdcdd1224fe683a4e46df48a3cfc1d44aa436fd851959c409f979707b5c9c00,3,45.1685704923,optimal,0,1
climate_3c,eulp_mixed_3c,3C,10050,hourly_seed_10050,3cdcdd1224fe683a4e46df48a3cfc1d44aa436fd851959c409f979707b5c9c00,4,45.1685704923,optimal,0,1
climate_3c,eulp_mixed_3c,3C,10050,hourly_seed_10050,3cdcdd1224fe683a4e46df48a3cfc1d44aa436fd851959c409f979707b5c9c00,6,45.1685704923,optimal,0,1
climate_3c,eulp_mixed_3c,3C,10050,hourly_seed_10050,3cdcdd1224fe683a4e46df48a3cfc1d44aa436fd851959c409f979707b5c9c00,8,45.1685704923,optimal,0,1
climate_3c,eulp_mixed_3c,3C,10051,hourly_seed_10051,305ff33a3df50a8dc386c4c60dc2059dbe0e8ddd4b4f901b18b338043c486eb0,1,98.0714128615,optimal,0,1
climate_3c,eulp_mixed_3c,3C,10051,hourly_seed_10051,305ff33a3df50a8dc386c4c60dc2059dbe0e8ddd4b4f901b18b338043c486eb0,2,77.3775963128,optimal,0,1
climate_3c,eulp_mixed_3c,3C,10051,hourly_seed_10051,305ff33a3df50a8dc386c4c60dc2059dbe0e8ddd4b4f901b18b338043c486eb0,3,77.3775963128,optimal,0,1
climate_3c,eulp_mixed_3c,3C,10051,hourly_seed_10051,305ff33a3df50a8dc386c4c60dc2059dbe0e8ddd4b4f901b18b338043c486eb0,4,67.8269368006,optimal,-1.27897692437e-13,1
climate_3c,eulp_mixed_3c,3C,10051,hourly_seed_10051,305ff33a3df50a8dc386c4c60dc2059dbe0e8ddd4b4f901b18b338043c486eb0,6,61.6639333835,optimal,0,1
climate_3c,eulp_mixed_3c,3C,10051,hourly_seed_10051,305ff33a3df50a8dc386c4c60dc2059dbe0e8ddd4b4f901b18b338043c486eb0,8,61.6639333835,optimal,0,1
climate_3c,eulp_mixed_3c,3C,10052,hourly_seed_10052,3504dd75d95051108e79873d01833f3f037ffe9263d38d631dc5378caf4b7ec3,1,63.7205325216,optimal,5.68434188608e-14,1
climate_3c,eulp_mixed_3c,3C,10052,hourly_seed_10052,3504dd75d95051108e79873d01833f3f037ffe9263d38d631dc5378caf4b7ec3,2,62.4093412326,optimal,-5.68434188608e-14,1
climate_3c,eulp_mixed_3c,3C,10052,hourly_seed_10052,3504dd75d95051108e79873d01833f3f037ffe9263d38d631dc5378caf4b7ec3,3,62.4093412326,optimal,-5.68434188608e-14,1
climate_3c,eulp_mixed_3c,3C,10052,hourly_seed_10052,3504dd75d95051108e79873d01833f3f037ffe9263d38d631dc5378caf4b7ec3,4,62.4093412326,optimal,-5.68434188608e-14,1
climate_3c,eulp_mixed_3c,3C,10052,hourly_seed_10052,3504dd75d95051108e79873d01833f3f037ffe9263d38d631dc5378caf4b7ec3,6,52.3000428283,optimal,-2.84217094304e-14,1
climate_3c,eulp_mixed_3c,3C,10052,hourly_seed_10052,3504dd75d95051108e79873d01833f3f037ffe9263d38d631dc5378caf4b7ec3,8,52.3000428283,optimal,-2.84217094304e-14,1
climate_3c,eulp_mixed_3c,3C,10053,hourly_seed_10053,c6e5f33f5c98f6e2895c1b0265976395311b8fdab1a3c1526b765b1850702cb0,1,107.652965812,optimal,-1.13686837722e-13,1
climate_3c,eulp_mixed_3c,3C,10053,hourly_seed_10053,c6e5f33f5c98f6e2895c1b0265976395311b8fdab1a3c1526b765b1850702cb0,2,80.8534288144,optimal,0,1
climate_3c,eulp_mixed_3c,3C,10053,hourly_seed_10053,c6e5f33f5c98f6e2895c1b0265976395311b8fdab1a3c1526b765b1850702cb0,3,63.6042871412,optimal,0,1
climate_3c,eulp_mixed_3c,3C,10053,hourly_seed_10053,c6e5f33f5c98f6e2895c1b0265976395311b8fdab1a3c1526b765b1850702cb0,4,63.6042871412,optimal,0,1
climate_3c,eulp_mixed_3c,3C,10053,hourly_seed_10053,c6e5f33f5c98f6e2895c1b0265976395311b8fdab1a3c1526b765b1850702cb0,6,63.6042871412,optimal,0,1
climate_3c,eulp_mixed_3c,3C,10053,hourly_seed_10053,c6e5f33f5c98f6e2895c1b0265976395311b8fdab1a3c1526b765b1850702cb0,8,58.2135619756,optimal,6.39488462184e-14,1
climate_3c,eulp_mixed_3c,3C,10054,hourly_seed_10054,93062a0293a90b1eb654432c80b27401531798b35d973cbd85faf6a9532609b2,1,96.008862184,optimal,5.68434188608e-14,1
climate_3c,eulp_mixed_3c,3C,10054,hourly_seed_10054,93062a0293a90b1eb654432c80b27401531798b35d973cbd85faf6a9532609b2,2,74.8526683544,optimal,0,1
climate_3c,eulp_mixed_3c,3C,10054,hourly_seed_10054,93062a0293a90b1eb654432c80b27401531798b35d973cbd85faf6a9532609b2,3,74.8526683544,optimal,0,1
climate_3c,eulp_mixed_3c,3C,10054,hourly_seed_10054,93062a0293a90b1eb654432c80b27401531798b35d973cbd85faf6a9532609b2,4,74.8526683544,optimal,0,1
climate_3c,eulp_mixed_3c,3C,10054,hourly_seed_10054,93062a0293a90b1eb654432c80b27401531798b35d973cbd85faf6a9532609b2,6,49.2458141119,optimal,0,1
climate_3c,eulp_mixed_3c,3C,10054,hourly_seed_10054,93062a0293a90b1eb654432c80b27401531798b35d973cbd85faf6a9532609b2,8,49.2458141119,optimal,0,1
climate_3c,eulp_mixed_3c,3C,10055,hourly_seed_10055,9a90f322f285f991f7589c80f621b4fbea97cd3f15ac745c679497cc1d5bf641,1,100.33684935,optimal,0,1
climate_3c,eulp_mixed_3c,3C,10055,hourly_seed_10055,9a90f322f285f991f7589c80f621b4fbea97cd3f15ac745c679497cc1d5bf641,2,79.2634905072,optimal,1.27897692437e-13,1
climate_3c,eulp_mixed_3c,3C,10055,hourly_seed_10055,9a90f322f285f991f7589c80f621b4fbea97cd3f15ac745c679497cc1d5bf641,3,71.2747444476,optimal,0,1
climate_3c,eulp_mixed_3c,3C,10055,hourly_seed_10055,9a90f322f285f991f7589c80f621b4fbea97cd3f15ac745c679497cc1d5bf641,4,66.2369514136,optimal,0,1
climate_3c,eulp_mixed_3c,3C,10055,hourly_seed_10055,9a90f322f285f991f7589c80f621b4fbea97cd3f15ac745c679497cc1d5bf641,6,62.1732537319,optimal,-1.20792265079e-13,1
climate_3c,eulp_mixed_3c,3C,10055,hourly_seed_10055,9a90f322f285f991f7589c80f621b4fbea97cd3f15ac745c679497cc1d5bf641,8,62.1732537319,optimal,-1.20792265079e-13,1
climate_3c,eulp_mixed_3c,3C,10056,hourly_seed_10056,691f196cfb38ab2096cac4d3418b3242bb30b6c43fc2bc4edbecf006c4d68fb6,1,108.355418852,optimal,0,1
climate_3c,eulp_mixed_3c,3C,10056,hourly_seed_10056,691f196cfb38ab2096cac4d3418b3242bb30b6c43fc2bc4edbecf006c4d68fb6,2,61.163456069,optimal,0,1
climate_3c,eulp_mixed_3c,3C,10056,hourly_seed_10056,691f196cfb38ab2096cac4d3418b3242bb30b6c43fc2bc4edbecf006c4d68fb6,3,61.163456069,optimal,0,1
climate_3c,eulp_mixed_3c,3C,10056,hourly_seed_10056,691f196cfb38ab2096cac4d3418b3242bb30b6c43fc2bc4edbecf006c4d68fb6,4,61.163456069,optimal,0,1
climate_3c,eulp_mixed_3c,3C,10056,hourly_seed_10056,691f196cfb38ab2096cac4d3418b3242bb30b6c43fc2bc4edbecf006c4d68fb6,6,61.163456069,optimal,0,1
climate_3c,eulp_mixed_3c,3C,10056,hourly_seed_10056,691f196cfb38ab2096cac4d3418b3242bb30b6c43fc2bc4edbecf006c4d68fb6,8,57.8878060453,optimal,0,1
climate_3c,eulp_mixed_3c,3C,10057,hourly_seed_10057,3201f2bd2354ce110becdf7d21ce686633a3cba8bde893ea4ea0c322f3b2fac2,1,111.453288697,optimal,0,1
climate_3c,eulp_mixed_3c,3C,10057,hourly_seed_10057,3201f2bd2354ce110becdf7d21ce686633a3cba8bde893ea4ea0c322f3b2fac2,2,108.431829451,optimal,0,1
climate_3c,eulp_mixed_3c,3C,10057,hourly_seed_10057,3201f2bd2354ce110becdf7d21ce686633a3cba8bde893ea4ea0c322f3b2fac2,3,52.3862200158,optimal,0,1
climate_3c,eulp_mixed_3c,3C,10057,hourly_seed_10057,3201f2bd2354ce110becdf7d21ce686633a3cba8bde893ea4ea0c322f3b2fac2,4,52.3862200158,optimal,0,1
climate_3c,eulp_mixed_3c,3C,10057,hourly_seed_10057,3201f2bd2354ce110becdf7d21ce686633a3cba8bde893ea4ea0c322f3b2fac2,6,52.3862200158,optimal,0,1
climate_3c,eulp_mixed_3c,3C,10057,hourly_seed_10057,3201f2bd2354ce110becdf7d21ce686633a3cba8bde893ea4ea0c322f3b2fac2,8,52.3862200158,optimal,0,1
climate_3c,eulp_mixed_3c,3C,10058,hourly_seed_10058,1edf502dc5a22e808302ef11ffd4c47beaf4acdebfc0756f2daa7acfa2dc503b,1,99.338246282,optimal,0,1
climate_3c,eulp_mixed_3c,3C,10058,hourly_seed_10058,1edf502dc5a22e808302ef11ffd4c47beaf4acdebfc0756f2daa7acfa2dc503b,2,66.106644446,optimal,5.68434188608e-14,1
climate_3c,eulp_mixed_3c,3C,10058,hourly_seed_10058,1edf502dc5a22e808302ef11ffd4c47beaf4acdebfc0756f2daa7acfa2dc503b,3,66.106644446,optimal,5.68434188608e-14,1
climate_3c,eulp_mixed_3c,3C,10058,hourly_seed_10058,1edf502dc5a22e808302ef11ffd4c47beaf4acdebfc0756f2daa7acfa2dc503b,4,48.1984638025,optimal,-6.39488462184e-14,1
climate_3c,eulp_mixed_3c,3C,10058,hourly_seed_10058,1edf502dc5a22e808302ef11ffd4c47beaf4acdebfc0756f2daa7acfa2dc503b,6,48.1984638025,optimal,-6.39488462184e-14,1
climate_3c,eulp_mixed_3c,3C,10058,hourly_seed_10058,1edf502dc5a22e808302ef11ffd4c47beaf4acdebfc0756f2daa7acfa2dc503b,8,48.1984638025,optimal,-6.39488462184e-14,1
climate_3c,eulp_mixed_3c,3C,10059,hourly_seed_10059,c9b586395440a3c6ead600dbf3e80648a012f95501b781d0fa596ba3f5f686f3,1,76.0771926086,optimal,0,1
climate_3c,eulp_mixed_3c,3C,10059,hourly_seed_10059,c9b586395440a3c6ead600dbf3e80648a012f95501b781d0fa596ba3f5f686f3,2,76.0771926086,optimal,0,1
climate_3c,eulp_mixed_3c,3C,10059,hourly_seed_10059,c9b586395440a3c6ead600dbf3e80648a012f95501b781d0fa596ba3f5f686f3,3,76.0771926086,optimal,0,1
climate_3c,eulp_mixed_3c,3C,10059,hourly_seed_10059,c9b586395440a3c6ead600dbf3e80648a012f95501b781d0fa596ba3f5f686f3,4,76.0771926086,optimal,0,1
climate_3c,eulp_mixed_3c,3C,10059,hourly_seed_10059,c9b586395440a3c6ead600dbf3e80648a012f95501b781d0fa596ba3f5f686f3,6,63.7084353802,optimal,6.39488462184e-14,1
climate_3c,eulp_mixed_3c,3C,10059,hourly_seed_10059,c9b586395440a3c6ead600dbf3e80648a012f95501b781d0fa596ba3f5f686f3,8,59.5915182608,optimal,0,1
climate_3c,eulp_mixed_3c,3C,10060,hourly_seed_10060,6d81da47fdda54f41b04945fe470f44340efb3fd3029e5aa0c55af30a5015ee4,1,111.720464317,optimal,5.68434188608e-14,1
climate_3c,eulp_mixed_3c,3C,10060,hourly_seed_10060,6d81da47fdda54f41b04945fe470f44340efb3fd3029e5aa0c55af30a5015ee4,2,110.294844158,optimal,0,1
climate_3c,eulp_mixed_3c,3C,10060,hourly_seed_10060,6d81da47fdda54f41b04945fe470f44340efb3fd3029e5aa0c55af30a5015ee4,3,110.294844158,optimal,0,1
climate_3c,eulp_mixed_3c,3C,10060,hourly_seed_10060,6d81da47fdda54f41b04945fe470f44340efb3fd3029e5aa0c55af30a5015ee4,4,105.237937126,optimal,0,1
climate_3c,eulp_mixed_3c,3C,10060,hourly_seed_10060,6d81da47fdda54f41b04945fe470f44340efb3fd3029e5aa0c55af30a5015ee4,6,64.8293061517,optimal,-1.27897692437e-13,1
climate_3c,eulp_mixed_3c,3C,10060,hourly_seed_10060,6d81da47fdda54f41b04945fe470f44340efb3fd3029e5aa0c55af30a5015ee4,8,64.8293061517,optimal,-1.27897692437e-13,1
climate_3c,eulp_mixed_3c,3C,10061,hourly_seed_10061,56d2f9b59e22f61a6bd4254a220368fe774e73028f447b76a7b2ef92cf52554a,1,68.6486292503,optimal,0,1
climate_3c,eulp_mixed_3c,3C,10061,hourly_seed_10061,56d2f9b59e22f61a6bd4254a220368fe774e73028f447b76a7b2ef92cf52554a,2,57.707045724,optimal,-5.68434188608e-14,1
climate_3c,eulp_mixed_3c,3C,10061,hourly_seed_10061,56d2f9b59e22f61a6bd4254a220368fe774e73028f447b76a7b2ef92cf52554a,3,57.707045724,optimal,-5.68434188608e-14,1
climate_3c,eulp_mixed_3c,3C,10061,hourly_seed_10061,56d2f9b59e22f61a6bd4254a220368fe774e73028f447b76a7b2ef92cf52554a,4,57.707045724,optimal,-5.68434188608e-14,1
climate_3c,eulp_mixed_3c,3C,10061,hourly_seed_10061,56d2f9b59e22f61a6bd4254a220368fe774e73028f447b76a7b2ef92cf52554a,6,57.707045724,optimal,-5.68434188608e-14,1
climate_3c,eulp_mixed_3c,3C,10061,hourly_seed_10061,56d2f9b59e22f61a6bd4254a220368fe774e73028f447b76a7b2ef92cf52554a,8,57.707045724,optimal,-5.68434188608e-14,1
climate_3c,eulp_mixed_3c,3C,10062,hourly_seed_10062,dd8559805448d2243d06498e1c765b6967dfaf3a9a1c1fc8a7b60480ad54e623,1,98.8856275351,optimal,-5.68434188608e-14,1
climate_3c,eulp_mixed_3c,3C,10062,hourly_seed_10062,dd8559805448d2243d06498e1c765b6967dfaf3a9a1c1fc8a7b60480ad54e623,2,64.8032078454,optimal,0,1
climate_3c,eulp_mixed_3c,3C,10062,hourly_seed_10062,dd8559805448d2243d06498e1c765b6967dfaf3a9a1c1fc8a7b60480ad54e623,3,64.8032078454,optimal,0,1
climate_3c,eulp_mixed_3c,3C,10062,hourly_seed_10062,dd8559805448d2243d06498e1c765b6967dfaf3a9a1c1fc8a7b60480ad54e623,4,60.6469101464,optimal,6.39488462184e-14,1
climate_3c,eulp_mixed_3c,3C,10062,hourly_seed_10062,dd8559805448d2243d06498e1c765b6967dfaf3a9a1c1fc8a7b60480ad54e623,6,49.8265053706,optimal,-6.39488462184e-14,1
climate_3c,eulp_mixed_3c,3C,10062,hourly_seed_10062,dd8559805448d2243d06498e1c765b6967dfaf3a9a1c1fc8a7b60480ad54e623,8,49.8265053706,optimal,-6.39488462184e-14,1
climate_3c,eulp_mixed_3c,3C,10063,hourly_seed_10063,c3d39a9803fb3b0e1b885467e354f08bc2fdb5a169821f653658af96e86799dd,1,96.6550678666,optimal,0,1
climate_3c,eulp_mixed_3c,3C,10063,hourly_seed_10063,c3d39a9803fb3b0e1b885467e354f08bc2fdb5a169821f653658af96e86799dd,2,95.0837499765,optimal,0,1
climate_3c,eulp_mixed_3c,3C,10063,hourly_seed_10063,c3d39a9803fb3b0e1b885467e354f08bc2fdb5a169821f653658af96e86799dd,3,95.0837499765,optimal,0,1
climate_3c,eulp_mixed_3c,3C,10063,hourly_seed_10063,c3d39a9803fb3b0e1b885467e354f08bc2fdb5a169821f653658af96e86799dd,4,62.8695181208,optimal,0,1
climate_3c,eulp_mixed_3c,3C,10063,hourly_seed_10063,c3d39a9803fb3b0e1b885467e354f08bc2fdb5a169821f653658af96e86799dd,6,62.8695181208,optimal,0,1
climate_3c,eulp_mixed_3c,3C,10063,hourly_seed_10063,c3d39a9803fb3b0e1b885467e354f08bc2fdb5a169821f653658af96e86799dd,8,58.29142815,optimal,6.39488462184e-14,1
climate_3c,eulp_mixed_3c,3C,10064,hourly_seed_10064,15f2f779c4cf9b633887f67cdf0764e652ae7edf16be09a548fca7332891abc9,1,69.14750815,optimal,0,1
climate_3c,eulp_mixed_3c,3C,10064,hourly_seed_10064,15f2f779c4cf9b633887f67cdf0764e652ae7edf16be09a548fca7332891abc9,2,69.14750815,optimal,0,1
climate_3c,eulp_mixed_3c,3C,10064,hourly_seed_10064,15f2f779c4cf9b633887f67cdf0764e652ae7edf16be09a548fca7332891abc9,3,63.4878191842,optimal,-1.20792265079e-13,1
climate_3c,eulp_mixed_3c,3C,10064,hourly_seed_10064,15f2f779c4cf9b633887f67cdf0764e652ae7edf16be09a548fca7332891abc9,4,46.0279725916,optimal,-6.39488462184e-14,1
climate_3c,eulp_mixed_3c,3C,10064,hourly_seed_10064,15f2f779c4cf9b633887f67cdf0764e652ae7edf16be09a548fca7332891abc9,6,46.0279725916,optimal,-6.39488462184e-14,1
climate_3c,eulp_mixed_3c,3C,10064,hourly_seed_10064,15f2f779c4cf9b633887f67cdf0764e652ae7edf16be09a548fca7332891abc9,8,46.0279725916,optimal,-6.39488462184e-14,1
climate_3c,eulp_mixed_3c,3C,10065,hourly_seed_10065,acf23d5bf75af9fa79d29abe91d70f31bd771a950fa6006a647b388118a0e286,1,99.0389829702,optimal,0,1
climate_3c,eulp_mixed_3c,3C,10065,hourly_seed_10065,acf23d5bf75af9fa79d29abe91d70f31bd771a950fa6006a647b388118a0e286,2,99.0389829702,optimal,0,1
climate_3c,eulp_mixed_3c,3C,10065,hourly_seed_10065,acf23d5bf75af9fa79d29abe91d70f31bd771a950fa6006a647b388118a0e286,3,99.0389829702,optimal,0,1
climate_3c,eulp_mixed_3c,3C,10065,hourly_seed_10065,acf23d5bf75af9fa79d29abe91d70f31bd771a950fa6006a647b388118a0e286,4,61.3116178264,optimal,0,1
climate_3c,eulp_mixed_3c,3C,10065,hourly_seed_10065,acf23d5bf75af9fa79d29abe91d70f31bd771a950fa6006a647b388118a0e286,6,61.3116178264,optimal,0,1
climate_3c,eulp_mixed_3c,3C,10065,hourly_seed_10065,acf23d5bf75af9fa79d29abe91d70f31bd771a950fa6006a647b388118a0e286,8,57.6663928108,optimal,0,1
climate_3c,eulp_mixed_3c,3C,10066,hourly_seed_10066,2592bde6ccfaaa6cdac390bf2b4ab9eb801605f971fdb8cfbc5869c60aac5336,1,89.4239836964,optimal,5.68434188608e-14,1
climate_3c,eulp_mixed_3c,3C,10066,hourly_seed_10066,2592bde6ccfaaa6cdac390bf2b4ab9eb801605f971fdb8cfbc5869c60aac5336,2,83.9131543921,optimal,0,1
climate_3c,eulp_mixed_3c,3C,10066,hourly_seed_10066,2592bde6ccfaaa6cdac390bf2b4ab9eb801605f971fdb8cfbc5869c60aac5336,3,63.3951580001,optimal,0,1
climate_3c,eulp_mixed_3c,3C,10066,hourly_seed_10066,2592bde6ccfaaa6cdac390bf2b4ab9eb801605f971fdb8cfbc5869c60aac5336,4,39.97071219,optimal,6.39488462184e-14,1
climate_3c,eulp_mixed_3c,3C,10066,hourly_seed_10066,2592bde6ccfaaa6cdac390bf2b4ab9eb801605f971fdb8cfbc5869c60aac5336,6,39.97071219,optimal,6.39488462184e-14,1
climate_3c,eulp_mixed_3c,3C,10066,hourly_seed_10066,2592bde6ccfaaa6cdac390bf2b4ab9eb801605f971fdb8cfbc5869c60aac5336,8,39.97071219,optimal,6.39488462184e-14,1
climate_3c,eulp_mixed_3c,3C,10067,hourly_seed_10067,bc5c06d44eac539c62dcba5f1ad8018798a741eaea3b51f1b1b009e691134423,1,84.1480273393,optimal,0,1
climate_3c,eulp_mixed_3c,3C,10067,hourly_seed_10067,bc5c06d44eac539c62dcba5f1ad8018798a741eaea3b51f1b1b009e691134423,2,84.1480273393,optimal,0,1
climate_3c,eulp_mixed_3c,3C,10067,hourly_seed_10067,bc5c06d44eac539c62dcba5f1ad8018798a741eaea3b51f1b1b009e691134423,3,84.1480273393,optimal,0,1
climate_3c,eulp_mixed_3c,3C,10067,hourly_seed_10067,bc5c06d44eac539c62dcba5f1ad8018798a741eaea3b51f1b1b009e691134423,4,69.3794923431,optimal,0,1
climate_3c,eulp_mixed_3c,3C,10067,hourly_seed_10067,bc5c06d44eac539c62dcba5f1ad8018798a741eaea3b51f1b1b009e691134423,6,52.7777176409,optimal,0,1
climate_3c,eulp_mixed_3c,3C,10067,hourly_seed_10067,bc5c06d44eac539c62dcba5f1ad8018798a741eaea3b51f1b1b009e691134423,8,47.5661517899,optimal,0,1
climate_3c,eulp_mixed_3c,3C,10068,hourly_seed_10068,07e85ff175dc9bc2ab9e201b9f1958ec8c65c382ad83a0ff32e1a92ba3c07d30,1,79.9373500401,optimal,-7.1054273576e-14,1
climate_3c,eulp_mixed_3c,3C,10068,hourly_seed_10068,07e85ff175dc9bc2ab9e201b9f1958ec8c65c382ad83a0ff32e1a92ba3c07d30,2,79.9373500401,optimal,-7.1054273576e-14,1
climate_3c,eulp_mixed_3c,3C,10068,hourly_seed_10068,07e85ff175dc9bc2ab9e201b9f1958ec8c65c382ad83a0ff32e1a92ba3c07d30,3,69.2471330228,optimal,0,1
climate_3c,eulp_mixed_3c,3C,10068,hourly_seed_10068,07e85ff175dc9bc2ab9e201b9f1958ec8c65c382ad83a0ff32e1a92ba3c07d30,4,53.7883181972,optimal,6.39488462184e-14,1
climate_3c,eulp_mixed_3c,3C,10068,hourly_seed_10068,07e85ff175dc9bc2ab9e201b9f1958ec8c65c382ad83a0ff32e1a92ba3c07d30,6,50.530803341,optimal,6.39488462184e-14,1
climate_3c,eulp_mixed_3c,3C,10068,hourly_seed_10068,07e85ff175dc9bc2ab9e201b9f1958ec8c65c382ad83a0ff32e1a92ba3c07d30,8,50.530803341,optimal,6.39488462184e-14,1
climate_3c,eulp_mixed_3c,3C,10069,hourly_seed_10069,3bbba0861aaec208fd6102526f01404045055a474651a96b6e1c9b2bb0601660,1,57.7230516026,optimal,0,1
climate_3c,eulp_mixed_3c,3C,10069,hourly_seed_10069,3bbba0861aaec208fd6102526f01404045055a474651a96b6e1c9b2bb0601660,2,57.7230516026,optimal,0,1
climate_3c,eulp_mixed_3c,3C,10069,hourly_seed_10069,3bbba0861aaec208fd6102526f01404045055a474651a96b6e1c9b2bb0601660,3,57.7230516026,optimal,0,1
climate_3c,eulp_mixed_3c,3C,10069,hourly_seed_10069,3bbba0861aaec208fd6102526f01404045055a474651a96b6e1c9b2bb0601660,4,57.7230516026,optimal,0,1
climate_3c,eulp_mixed_3c,3C,10069,hourly_seed_10069,3bbba0861aaec208fd6102526f01404045055a474651a96b6e1c9b2bb0601660,6,57.7230516026,optimal,0,1
climate_3c,eulp_mixed_3c,3C,10069,hourly_seed_10069,3bbba0861aaec208fd6102526f01404045055a474651a96b6e1c9b2bb0601660,8,57.7230516026,optimal,0,1
climate_3c,eulp_mixed_3c,3C,10070,hourly_seed_10070,97265267c1c9a178a418050290ff8b5b40b6c48497eac1eb542b8ff35673987c,1,106.229583951,optimal,-7.1054273576e-14,1
climate_3c,eulp_mixed_3c,3C,10070,hourly_seed_10070,97265267c1c9a178a418050290ff8b5b40b6c48497eac1eb542b8ff35673987c,2,44.4641470777,optimal,-6.39488462184e-14,1
climate_3c,eulp_mixed_3c,3C,10070,hourly_seed_10070,97265267c1c9a178a418050290ff8b5b40b6c48497eac1eb542b8ff35673987c,3,44.4641470777,optimal,-6.39488462184e-14,1
climate_3c,eulp_mixed_3c,3C,10070,hourly_seed_10070,97265267c1c9a178a418050290ff8b5b40b6c48497eac1eb542b8ff35673987c,4,44.4641470777,optimal,-6.39488462184e-14,1
climate_3c,eulp_mixed_3c,3C,10070,hourly_seed_10070,97265267c1c9a178a418050290ff8b5b40b6c48497eac1eb542b8ff35673987c,6,44.4641470777,optimal,-6.39488462184e-14,1
climate_3c,eulp_mixed_3c,3C,10070,hourly_seed_10070,97265267c1c9a178a418050290ff8b5b40b6c48497eac1eb542b8ff35673987c,8,44.4641470777,optimal,-6.39488462184e-14,1
climate_3c,eulp_mixed_3c,3C,10071,hourly_seed_10071,c4a1593ce66e1fb1ccf14f2a62bb472acf1f28567cb523537d24f7d27928ddd2,1,106.958542433,optimal,5.68434188608e-14,1
climate_3c,eulp_mixed_3c,3C,10071,hourly_seed_10071,c4a1593ce66e1fb1ccf14f2a62bb472acf1f28567cb523537d24f7d27928ddd2,2,105.341565046,optimal,5.68434188608e-14,1
climate_3c,eulp_mixed_3c,3C,10071,hourly_seed_10071,c4a1593ce66e1fb1ccf14f2a62bb472acf1f28567cb523537d24f7d27928ddd2,3,105.341565046,optimal,5.68434188608e-14,1
climate_3c,eulp_mixed_3c,3C,10071,hourly_seed_10071,c4a1593ce66e1fb1ccf14f2a62bb472acf1f28567cb523537d24f7d27928ddd2,4,92.0240542891,optimal,0,1
climate_3c,eulp_mixed_3c,3C,10071,hourly_seed_10071,c4a1593ce66e1fb1ccf14f2a62bb472acf1f28567cb523537d24f7d27928ddd2,6,77.3031093517,optimal,0,1
climate_3c,eulp_mixed_3c,3C,10071,hourly_seed_10071,c4a1593ce66e1fb1ccf14f2a62bb472acf1f28567cb523537d24f7d27928ddd2,8,62.525312277,optimal,5.68434188608e-14,1
climate_3c,eulp_mixed_3c,3C,10072,hourly_seed_10072,5232381878b55914f2c2cf315367ef1e9b9d2e8f87173099368148bfe5550e43,1,113.142393727,optimal,0,1
climate_3c,eulp_mixed_3c,3C,10072,hourly_seed_10072,5232381878b55914f2c2cf315367ef1e9b9d2e8f87173099368148bfe5550e43,2,91.9987708661,optimal,7.1054273576e-14,1
climate_3c,eulp_mixed_3c,3C,10072,hourly_seed_10072,5232381878b55914f2c2cf315367ef1e9b9d2e8f87173099368148bfe5550e43,3,77.6659317995,optimal,-7.1054273576e-14,1
climate_3c,eulp_mixed_3c,3C,10072,hourly_seed_10072,5232381878b55914f2c2cf315367ef1e9b9d2e8f87173099368148bfe5550e43,4,56.406894091,optimal,0,1
climate_3c,eulp_mixed_3c,3C,10072,hourly_seed_10072,5232381878b55914f2c2cf315367ef1e9b9d2e8f87173099368148bfe5550e43,6,55.1466808312,optimal,0,1
climate_3c,eulp_mixed_3c,3C,10072,hourly_seed_10072,5232381878b55914f2c2cf315367ef1e9b9d2e8f87173099368148bfe5550e43,8,45.3059950548,optimal,0,1
climate_3c,eulp_mixed_3c,3C,10073,hourly_seed_10073,b6baa389ad62acc631c361bd10356ce499df84ae5c998c095c2010851ca4c40c,1,110.92580993,optimal,0,1
climate_3c,eulp_mixed_3c,3C,10073,hourly_seed_10073,b6baa389ad62acc631c361bd10356ce499df84ae5c998c095c2010851ca4c40c,2,110.92580993,optimal,0,1
climate_3c,eulp_mixed_3c,3C,10073,hourly_seed_10073,b6baa389ad62acc631c361bd10356ce499df84ae5c998c095c2010851ca4c40c,3,110.92580993,optimal,0,1
climate_3c,eulp_mixed_3c,3C,10073,hourly_seed_10073,b6baa389ad62acc631c361bd10356ce499df84ae5c998c095c2010851ca4c40c,4,82.025515036,optimal,0,1
climate_3c,eulp_mixed_3c,3C,10073,hourly_seed_10073,b6baa389ad62acc631c361bd10356ce499df84ae5c998c095c2010851ca4c40c,6,61.1167509862,optimal,6.39488462184e-14,1
climate_3c,eulp_mixed_3c,3C,10073,hourly_seed_10073,b6baa389ad62acc631c361bd10356ce499df84ae5c998c095c2010851ca4c40c,8,58.0780378393,optimal,0,1
climate_3c,eulp_mixed_3c,3C,10074,hourly_seed_10074,d235536f9a5d995f303f01f8a0514e4b289be51d72acb4e53c086e4530b9b35d,1,63.282700811,optimal,-1.20792265079e-13,1
climate_3c,eulp_mixed_3c,3C,10074,hourly_seed_10074,d235536f9a5d995f303f01f8a0514e4b289be51d72acb4e53c086e4530b9b35d,2,63.282700811,optimal,-1.20792265079e-13,1
climate_3c,eulp_mixed_3c,3C,10074,hourly_seed_10074,d235536f9a5d995f303f01f8a0514e4b289be51d72acb4e53c086e4530b9b35d,3,63.282700811,optimal,-1.20792265079e-13,1
climate_3c,eulp_mixed_3c,3C,10074,hourly_seed_10074,d235536f9a5d995f303f01f8a0514e4b289be51d72acb4e53c086e4530b9b35d,4,63.282700811,optimal,-1.20792265079e-13,1
climate_3c,eulp_mixed_3c,3C,10074,hourly_seed_10074,d235536f9a5d995f303f01f8a0514e4b289be51d72acb4e53c086e4530b9b35d,6,63.282700811,optimal,-1.20792265079e-13,1
climate_3c,eulp_mixed_3c,3C,10074,hourly_seed_10074,d235536f9a5d995f303f01f8a0514e4b289be51d72acb4e53c086e4530b9b35d,8,50.6798062557,optimal,0,1
climate_3c,eulp_mixed_3c,3C,10075,hourly_seed_10075,b93f9c54d3d477972285d31056ee81344dd6241e3a85c429c9e8110ba4dd1c8e,1,112.379427444,optimal,-5.68434188608e-14,1
climate_3c,eulp_mixed_3c,3C,10075,hourly_seed_10075,b93f9c54d3d477972285d31056ee81344dd6241e3a85c429c9e8110ba4dd1c8e,2,112.033354697,optimal,0,1
climate_3c,eulp_mixed_3c,3C,10075,hourly_seed_10075,b93f9c54d3d477972285d31056ee81344dd6241e3a85c429c9e8110ba4dd1c8e,3,84.553991454,optimal,0,1
climate_3c,eulp_mixed_3c,3C,10075,hourly_seed_10075,b93f9c54d3d477972285d31056ee81344dd6241e3a85c429c9e8110ba4dd1c8e,4,84.553991454,optimal,0,1
climate_3c,eulp_mixed_3c,3C,10075,hourly_seed_10075,b93f9c54d3d477972285d31056ee81344dd6241e3a85c429c9e8110ba4dd1c8e,6,75.7816307019,optimal,-5.68434188608e-14,1
climate_3c,eulp_mixed_3c,3C,10075,hourly_seed_10075,b93f9c54d3d477972285d31056ee81344dd6241e3a85c429c9e8110ba4dd1c8e,8,58.2827347478,optimal,0,1
climate_3c,eulp_mixed_3c,3C,10076,hourly_seed_10076,a1a28de106796989c2e376d68dc8dca378875688b883a885624b7a22df9e6673,1,78.4749021282,optimal,0,1
climate_3c,eulp_mixed_3c,3C,10076,hourly_seed_10076,a1a28de106796989c2e376d68dc8dca378875688b883a885624b7a22df9e6673,2,53.274947791,optimal,-1.20792265079e-13,1
climate_3c,eulp_mixed_3c,3C,10076,hourly_seed_10076,a1a28de106796989c2e376d68dc8dca378875688b883a885624b7a22df9e6673,3,53.274947791,optimal,-1.20792265079e-13,1
climate_3c,eulp_mixed_3c,3C,10076,hourly_seed_10076,a1a28de106796989c2e376d68dc8dca378875688b883a885624b7a22df9e6673,4,53.2600930194,optimal,-5.68434188608e-14,1
climate_3c,eulp_mixed_3c,3C,10076,hourly_seed_10076,a1a28de106796989c2e376d68dc8dca378875688b883a885624b7a22df9e6673,6,53.2600930194,optimal,-5.68434188608e-14,1
climate_3c,eulp_mixed_3c,3C,10076,hourly_seed_10076,a1a28de106796989c2e376d68dc8dca378875688b883a885624b7a22df9e6673,8,53.2600930194,optimal,-5.68434188608e-14,1
climate_3c,eulp_mixed_3c,3C,10077,hourly_seed_10077,2f266e31636647c997672057cd5111d89fd9da3a3e74287e1d6e00ba09d21cc4,1,88.6018118263,optimal,0,1
climate_3c,eulp_mixed_3c,3C,10077,hourly_seed_10077,2f266e31636647c997672057cd5111d89fd9da3a3e74287e1d6e00ba09d21cc4,2,66.9166791179,optimal,0,1
climate_3c,eulp_mixed_3c,3C,10077,hourly_seed_10077,2f266e31636647c997672057cd5111d89fd9da3a3e74287e1d6e00ba09d21cc4,3,66.9166791179,optimal,0,1
climate_3c,eulp_mixed_3c,3C,10077,hourly_seed_10077,2f266e31636647c997672057cd5111d89fd9da3a3e74287e1d6e00ba09d21cc4,4,66.9166791179,optimal,0,1
climate_3c,eulp_mixed_3c,3C,10077,hourly_seed_10077,2f266e31636647c997672057cd5111d89fd9da3a3e74287e1d6e00ba09d21cc4,6,61.7086824206,optimal,5.68434188608e-14,1
climate_3c,eulp_mixed_3c,3C,10077,hourly_seed_10077,2f266e31636647c997672057cd5111d89fd9da3a3e74287e1d6e00ba09d21cc4,8,61.7086824206,optimal,5.68434188608e-14,1
climate_3c,eulp_mixed_3c,3C,10078,hourly_seed_10078,35e6e3f8a16acaffa1415ca8fb5266a3c374cb37c0e4adf8519c5296b19ac8bc,1,56.4243432627,optimal,0,1
climate_3c,eulp_mixed_3c,3C,10078,hourly_seed_10078,35e6e3f8a16acaffa1415ca8fb5266a3c374cb37c0e4adf8519c5296b19ac8bc,2,56.4243432627,optimal,0,1
climate_3c,eulp_mixed_3c,3C,10078,hourly_seed_10078,35e6e3f8a16acaffa1415ca8fb5266a3c374cb37c0e4adf8519c5296b19ac8bc,3,56.4243432627,optimal,0,1
climate_3c,eulp_mixed_3c,3C,10078,hourly_seed_10078,35e6e3f8a16acaffa1415ca8fb5266a3c374cb37c0e4adf8519c5296b19ac8bc,4,45.8199705777,optimal,0,1
climate_3c,eulp_mixed_3c,3C,10078,hourly_seed_10078,35e6e3f8a16acaffa1415ca8fb5266a3c374cb37c0e4adf8519c5296b19ac8bc,6,45.8199705777,optimal,0,1
climate_3c,eulp_mixed_3c,3C,10078,hourly_seed_10078,35e6e3f8a16acaffa1415ca8fb5266a3c374cb37c0e4adf8519c5296b19ac8bc,8,45.8199705777,optimal,0,1
climate_3c,eulp_mixed_3c,3C,10079,hourly_seed_10079,f75a03c05a54ec8d5c8f705fafcb28f8debaa57ca0087308ffe1c72cd7b8f17d,1,53.0050632979,optimal,0,1
climate_3c,eulp_mixed_3c,3C,10079,hourly_seed_10079,f75a03c05a54ec8d5c8f705fafcb28f8debaa57ca0087308ffe1c72cd7b8f17d,2,46.4717178151,optimal,5.68434188608e-14,1
climate_3c,eulp_mixed_3c,3C,10079,hourly_seed_10079,f75a03c05a54ec8d5c8f705fafcb28f8debaa57ca0087308ffe1c72cd7b8f17d,3,46.4717178151,optimal,5.68434188608e-14,1
climate_3c,eulp_mixed_3c,3C,10079,hourly_seed_10079,f75a03c05a54ec8d5c8f705fafcb28f8debaa57ca0087308ffe1c72cd7b8f17d,4,46.4717178151,optimal,5.68434188608e-14,1
climate_3c,eulp_mixed_3c,3C,10079,hourly_seed_10079,f75a03c05a54ec8d5c8f705fafcb28f8debaa57ca0087308ffe1c72cd7b8f17d,6,46.4717178151,optimal,5.68434188608e-14,1
climate_3c,eulp_mixed_3c,3C,10079,hourly_seed_10079,f75a03c05a54ec8d5c8f705fafcb28f8debaa57ca0087308ffe1c72cd7b8f17d,8,46.4717178151,optimal,5.68434188608e-14,1
climate_3c,eulp_mixed_3c,3C,10080,hourly_seed_10080,479ee36d1baa1cdb4e145030f6257ec41dd0b60c93602ff82305a117ef56d74b,1,73.9135384471,optimal,0,1
climate_3c,eulp_mixed_3c,3C,10080,hourly_seed_10080,479ee36d1baa1cdb4e145030f6257ec41dd0b60c93602ff82305a117ef56d74b,2,64.7442802868,optimal,7.1054273576e-14,1
climate_3c,eulp_mixed_3c,3C,10080,hourly_seed_10080,479ee36d1baa1cdb4e145030f6257ec41dd0b60c93602ff82305a117ef56d74b,3,64.7442802868,optimal,7.1054273576e-14,1
climate_3c,eulp_mixed_3c,3C,10080,hourly_seed_10080,479ee36d1baa1cdb4e145030f6257ec41dd0b60c93602ff82305a117ef56d74b,4,43.0051291549,optimal,0,1
climate_3c,eulp_mixed_3c,3C,10080,hourly_seed_10080,479ee36d1baa1cdb4e145030f6257ec41dd0b60c93602ff82305a117ef56d74b,6,43.0051291549,optimal,0,1
climate_3c,eulp_mixed_3c,3C,10080,hourly_seed_10080,479ee36d1baa1cdb4e145030f6257ec41dd0b60c93602ff82305a117ef56d74b,8,43.0051291549,optimal,0,1
climate_3c,eulp_mixed_3c,3C,10081,hourly_seed_10081,5949101fedefe41c31b1f015356790aa03302ebd3f71fd7604f5ed3a6e62345f,1,96.8004470475,optimal,1.27897692437e-13,1
climate_3c,eulp_mixed_3c,3C,10081,hourly_seed_10081,5949101fedefe41c31b1f015356790aa03302ebd3f71fd7604f5ed3a6e62345f,2,79.8552246686,optimal,0,1
climate_3c,eulp_mixed_3c,3C,10081,hourly_seed_10081,5949101fedefe41c31b1f015356790aa03302ebd3f71fd7604f5ed3a6e62345f,3,49.3777843413,optimal,0,1
climate_3c,eulp_mixed_3c,3C,10081,hourly_seed_10081,5949101fedefe41c31b1f015356790aa03302ebd3f71fd7604f5ed3a6e62345f,4,49.3777843413,optimal,0,1
climate_3c,eulp_mixed_3c,3C,10081,hourly_seed_10081,5949101fedefe41c31b1f015356790aa03302ebd3f71fd7604f5ed3a6e62345f,6,49.3777843413,optimal,0,1
climate_3c,eulp_mixed_3c,3C,10081,hourly_seed_10081,5949101fedefe41c31b1f015356790aa03302ebd3f71fd7604f5ed3a6e62345f,8,49.3777843413,optimal,0,1
climate_3c,eulp_mixed_3c,3C,10082,hourly_seed_10082,044bfb1d181d83c787f0a898006677f9e4cfdc35f9fe1ed31003062312572c1c,1,111.85286116,optimal,-1.27897692437e-13,1
climate_3c,eulp_mixed_3c,3C,10082,hourly_seed_10082,044bfb1d181d83c787f0a898006677f9e4cfdc35f9fe1ed31003062312572c1c,2,111.198084681,optimal,-5.68434188608e-14,1
climate_3c,eulp_mixed_3c,3C,10082,hourly_seed_10082,044bfb1d181d83c787f0a898006677f9e4cfdc35f9fe1ed31003062312572c1c,3,111.165064629,optimal,0,1
climate_3c,eulp_mixed_3c,3C,10082,hourly_seed_10082,044bfb1d181d83c787f0a898006677f9e4cfdc35f9fe1ed31003062312572c1c,4,111.165064629,optimal,0,1
climate_3c,eulp_mixed_3c,3C,10082,hourly_seed_10082,044bfb1d181d83c787f0a898006677f9e4cfdc35f9fe1ed31003062312572c1c,6,74.3138025622,optimal,0,1
climate_3c,eulp_mixed_3c,3C,10082,hourly_seed_10082,044bfb1d181d83c787f0a898006677f9e4cfdc35f9fe1ed31003062312572c1c,8,61.5762838244,optimal,0,1
climate_3c,eulp_mixed_3c,3C,10083,hourly_seed_10083,b7d6016898fe7b5abeba6a3bc87d8d580503b62153c96dfc910dbb133f3cc795,1,72.6121172312,optimal,0,1
climate_3c,eulp_mixed_3c,3C,10083,hourly_seed_10083,b7d6016898fe7b5abeba6a3bc87d8d580503b62153c96dfc910dbb133f3cc795,2,64.0089969988,optimal,1.27897692437e-13,1
climate_3c,eulp_mixed_3c,3C,10083,hourly_seed_10083,b7d6016898fe7b5abeba6a3bc87d8d580503b62153c96dfc910dbb133f3cc795,3,54.7803473409,optimal,5.68434188608e-14,1
climate_3c,eulp_mixed_3c,3C,10083,hourly_seed_10083,b7d6016898fe7b5abeba6a3bc87d8d580503b62153c96dfc910dbb133f3cc795,4,54.7803473409,optimal,5.68434188608e-14,1
climate_3c,eulp_mixed_3c,3C,10083,hourly_seed_10083,b7d6016898fe7b5abeba6a3bc87d8d580503b62153c96dfc910dbb133f3cc795,6,52.9730818981,optimal,0,1
climate_3c,eulp_mixed_3c,3C,10083,hourly_seed_10083,b7d6016898fe7b5abeba6a3bc87d8d580503b62153c96dfc910dbb133f3cc795,8,52.9730818981,optimal,0,1
climate_3c,eulp_mixed_3c,3C,10084,hourly_seed_10084,99a3763dc95695e90079d379a26e6f4b739c20ddb7121f782a7309e048f2d5c9,1,65.6952027635,optimal,0,1
climate_3c,eulp_mixed_3c,3C,10084,hourly_seed_10084,99a3763dc95695e90079d379a26e6f4b739c20ddb7121f782a7309e048f2d5c9,2,65.6952027635,optimal,0,1
climate_3c,eulp_mixed_3c,3C,10084,hourly_seed_10084,99a3763dc95695e90079d379a26e6f4b739c20ddb7121f782a7309e048f2d5c9,3,65.6952027635,optimal,0,1
climate_3c,eulp_mixed_3c,3C,10084,hourly_seed_10084,99a3763dc95695e90079d379a26e6f4b739c20ddb7121f782a7309e048f2d5c9,4,65.6952027635,optimal,0,1
climate_3c,eulp_mixed_3c,3C,10084,hourly_seed_10084,99a3763dc95695e90079d379a26e6f4b739c20ddb7121f782a7309e048f2d5c9,6,65.6952027635,optimal,0,1
climate_3c,eulp_mixed_3c,3C,10084,hourly_seed_10084,99a3763dc95695e90079d379a26e6f4b739c20ddb7121f782a7309e048f2d5c9,8,62.2129901014,optimal,0,1
climate_3c,eulp_mixed_3c,3C,10085,hourly_seed_10085,c3ae4dcdde0c527391e3d399738e9b164d35d575658332a2a8e258e1292cf5ae,1,74.717291408,optimal,0,1
climate_3c,eulp_mixed_3c,3C,10085,hourly_seed_10085,c3ae4dcdde0c527391e3d399738e9b164d35d575658332a2a8e258e1292cf5ae,2,74.717291408,optimal,0,1
climate_3c,eulp_mixed_3c,3C,10085,hourly_seed_10085,c3ae4dcdde0c527391e3d399738e9b164d35d575658332a2a8e258e1292cf5ae,3,52.9330612291,optimal,-5.68434188608e-14,1
climate_3c,eulp_mixed_3c,3C,10085,hourly_seed_10085,c3ae4dcdde0c527391e3d399738e9b164d35d575658332a2a8e258e1292cf5ae,4,52.9330612291,optimal,-5.68434188608e-14,1
climate_3c,eulp_mixed_3c,3C,10085,hourly_seed_10085,c3ae4dcdde0c527391e3d399738e9b164d35d575658332a2a8e258e1292cf5ae,6,52.9330612291,optimal,-5.68434188608e-14,1
climate_3c,eulp_mixed_3c,3C,10085,hourly_seed_10085,c3ae4dcdde0c527391e3d399738e9b164d35d575658332a2a8e258e1292cf5ae,8,52.9330612291,optimal,-5.68434188608e-14,1
climate_3c,eulp_mixed_3c,3C,10086,hourly_seed_10086,65d41c098938830fb3562b278137f494604ba69bb5a3b6b292bd82acaba0bb0c,1,103.690417214,optimal,-8.11676240699,0.927403924913
climate_3c,eulp_mixed_3c,3C,10086,hourly_seed_10086,65d41c098938830fb3562b278137f494604ba69bb5a3b6b292bd82acaba0bb0c,2,103.690417214,optimal,-8.11676240699,0.927403924913
climate_3c,eulp_mixed_3c,3C,10086,hourly_seed_10086,65d41c098938830fb3562b278137f494604ba69bb5a3b6b292bd82acaba0bb0c,3,91.4080632979,optimal,5.68434188608e-14,1
climate_3c,eulp_mixed_3c,3C,10086,hourly_seed_10086,65d41c098938830fb3562b278137f494604ba69bb5a3b6b292bd82acaba0bb0c,4,91.4080632979,optimal,5.68434188608e-14,1
climate_3c,eulp_mixed_3c,3C,10086,hourly_seed_10086,65d41c098938830fb3562b278137f494604ba69bb5a3b6b292bd82acaba0bb0c,6,56.3651219796,optimal,6.39488462184e-14,1
climate_3c,eulp_mixed_3c,3C,10086,hourly_seed_10086,65d41c098938830fb3562b278137f494604ba69bb5a3b6b292bd82acaba0bb0c,8,42.0208743646,optimal,-1.20792265079e-13,1
climate_3c,eulp_mixed_3c,3C,10087,hourly_seed_10087,7d29a71181b1a3a78750fb494bc9208a41789013cda9eb988d2484ad3870ad0a,1,74.7340505602,optimal,0,1
climate_3c,eulp_mixed_3c,3C,10087,hourly_seed_10087,7d29a71181b1a3a78750fb494bc9208a41789013cda9eb988d2484ad3870ad0a,2,70.7544124864,optimal,0,1
climate_3c,eulp_mixed_3c,3C,10087,hourly_seed_10087,7d29a71181b1a3a78750fb494bc9208a41789013cda9eb988d2484ad3870ad0a,3,70.7544124864,optimal,0,1
climate_3c,eulp_mixed_3c,3C,10087,hourly_seed_10087,7d29a71181b1a3a78750fb494bc9208a41789013cda9eb988d2484ad3870ad0a,4,61.4576819324,optimal,-5.68434188608e-14,1
climate_3c,eulp_mixed_3c,3C,10087,hourly_seed_10087,7d29a71181b1a3a78750fb494bc9208a41789013cda9eb988d2484ad3870ad0a,6,61.4576819324,optimal,-5.68434188608e-14,1
climate_3c,eulp_mixed_3c,3C,10087,hourly_seed_10087,7d29a71181b1a3a78750fb494bc9208a41789013cda9eb988d2484ad3870ad0a,8,61.4576819324,optimal,-5.68434188608e-14,1
climate_3c,eulp_mixed_3c,3C,10088,hourly_seed_10088,5c1d676c31c169716e310f41dd5ff5d97417a34361c01fed6e38123a830e47e8,1,88.4497260416,optimal,0,1
climate_3c,eulp_mixed_3c,3C,10088,hourly_seed_10088,5c1d676c31c169716e310f41dd5ff5d97417a34361c01fed6e38123a830e47e8,2,59.1506804883,optimal,5.68434188608e-14,1
climate_3c,eulp_mixed_3c,3C,10088,hourly_seed_10088,5c1d676c31c169716e310f41dd5ff5d97417a34361c01fed6e38123a830e47e8,3,59.1506804883,optimal,5.68434188608e-14,1
climate_3c,eulp_mixed_3c,3C,10088,hourly_seed_10088,5c1d676c31c169716e310f41dd5ff5d97417a34361c01fed6e38123a830e47e8,4,59.1506804883,optimal,5.68434188608e-14,1
climate_3c,eulp_mixed_3c,3C,10088,hourly_seed_10088,5c1d676c31c169716e310f41dd5ff5d97417a34361c01fed6e38123a830e47e8,6,43.2548007984,optimal,6.39488462184e-14,1
climate_3c,eulp_mixed_3c,3C,10088,hourly_seed_10088,5c1d676c31c169716e310f41dd5ff5d97417a34361c01fed6e38123a830e47e8,8,43.2548007984,optimal,6.39488462184e-14,1
climate_3c,eulp_mixed_3c,3C,10089,hourly_seed_10089,ba8de066ba3d5a4925ad2e843b1af28494e7bb417937e8aff69c83ea9278e50a,1,113.489621015,optimal,0,1
climate_3c,eulp_mixed_3c,3C,10089,hourly_seed_10089,ba8de066ba3d5a4925ad2e843b1af28494e7bb417937e8aff69c83ea9278e50a,2,86.1515364973,optimal,-5.68434188608e-14,1
climate_3c,eulp_mixed_3c,3C,10089,hourly_seed_10089,ba8de066ba3d5a4925ad2e843b1af28494e7bb417937e8aff69c83ea9278e50a,3,79.2637648135,optimal,0,1
climate_3c,eulp_mixed_3c,3C,10089,hourly_seed_10089,ba8de066ba3d5a4925ad2e843b1af28494e7bb417937e8aff69c83ea9278e50a,4,79.2637648135,optimal,0,1
climate_3c,eulp_mixed_3c,3C,10089,hourly_seed_10089,ba8de066ba3d5a4925ad2e843b1af28494e7bb417937e8aff69c83ea9278e50a,6,51.7498163067,optimal,1.20792265079e-13,1
climate_3c,eulp_mixed_3c,3C,10089,hourly_seed_10089,ba8de066ba3d5a4925ad2e843b1af28494e7bb417937e8aff69c83ea9278e50a,8,51.7498163067,optimal,1.20792265079e-13,1
climate_3c,eulp_mixed_3c,3C,10090,hourly_seed_10090,e8368344f7b2205e1d5d413244ec4dad312d3f8e8744d35a3ba609663a226e68,1,72.6942227409,optimal,0,1
climate_3c,eulp_mixed_3c,3C,10090,hourly_seed_10090,e8368344f7b2205e1d5d413244ec4dad312d3f8e8744d35a3ba609663a226e68,2,72.6942227409,optimal,0,1
climate_3c,eulp_mixed_3c,3C,10090,hourly_seed_10090,e8368344f7b2205e1d5d413244ec4dad312d3f8e8744d35a3ba609663a226e68,3,72.6942227409,optimal,0,1
climate_3c,eulp_mixed_3c,3C,10090,hourly_seed_10090,e8368344f7b2205e1d5d413244ec4dad312d3f8e8744d35a3ba609663a226e68,4,72.6942227409,optimal,0,1
climate_3c,eulp_mixed_3c,3C,10090,hourly_seed_10090,e8368344f7b2205e1d5d413244ec4dad312d3f8e8744d35a3ba609663a226e68,6,61.5703387505,optimal,0,1
climate_3c,eulp_mixed_3c,3C,10090,hourly_seed_10090,e8368344f7b2205e1d5d413244ec4dad312d3f8e8744d35a3ba609663a226e68,8,57.860053402,optimal,5.68434188608e-14,1
climate_3c,eulp_mixed_3c,3C,10091,hourly_seed_10091,90022e621faaf26a10c72794fc5865bda41ed233dcebd20ace545c68537e523e,1,65.7235404938,optimal,0,1
climate_3c,eulp_mixed_3c,3C,10091,hourly_seed_10091,90022e621faaf26a10c72794fc5865bda41ed233dcebd20ace545c68537e523e,2,65.7235404938,optimal,0,1
climate_3c,eulp_mixed_3c,3C,10091,hourly_seed_10091,90022e621faaf26a10c72794fc5865bda41ed233dcebd20ace545c68537e523e,3,65.7235404938,optimal,0,1
climate_3c,eulp_mixed_3c,3C,10091,hourly_seed_10091,90022e621faaf26a10c72794fc5865bda41ed233dcebd20ace545c68537e523e,4,60.9561196341,optimal,6.39488462184e-14,1
climate_3c,eulp_mixed_3c,3C,10091,hourly_seed_10091,90022e621faaf26a10c72794fc5865bda41ed233dcebd20ace545c68537e523e,6,56.8359649266,optimal,0,1
climate_3c,eulp_mixed_3c,3C,10091,hourly_seed_10091,90022e621faaf26a10c72794fc5865bda41ed233dcebd20ace545c68537e523e,8,56.8359649266,optimal,0,1
climate_3c,eulp_mixed_3c,3C,10092,hourly_seed_10092,4089817d8cbd5272f43371da56c480b3632543ef7b81f9155e99f9015a03f563,1,55.9760946717,optimal,0,1
climate_3c,eulp_mixed_3c,3C,10092,hourly_seed_10092,4089817d8cbd5272f43371da56c480b3632543ef7b81f9155e99f9015a03f563,2,55.9760946717,optimal,0,1
climate_3c,eulp_mixed_3c,3C,10092,hourly_seed_10092,4089817d8cbd5272f43371da56c480b3632543ef7b81f9155e99f9015a03f563,3,55.9760946717,optimal,0,1
climate_3c,eulp_mixed_3c,3C,10092,hourly_seed_10092,4089817d8cbd5272f43371da56c480b3632543ef7b81f9155e99f9015a03f563,4,55.9760946717,optimal,0,1
climate_3c,eulp_mixed_3c,3C,10092,hourly_seed_10092,4089817d8cbd5272f43371da56c480b3632543ef7b81f9155e99f9015a03f563,6,55.9760946717,optimal,0,1
climate_3c,eulp_mixed_3c,3C,10092,hourly_seed_10092,4089817d8cbd5272f43371da56c480b3632543ef7b81f9155e99f9015a03f563,8,55.9760946717,optimal,0,1
climate_3c,eulp_mixed_3c,3C,10093,hourly_seed_10093,04667111be351de8826f29b9947ab67f9f2ce5d205eb9ddc0de90c45eb91ba9c,1,84.7026374951,optimal,0,1
climate_3c,eulp_mixed_3c,3C,10093,hourly_seed_10093,04667111be351de8826f29b9947ab67f9f2ce5d205eb9ddc0de90c45eb91ba9c,2,75.3590404145,optimal,0,1
climate_3c,eulp_mixed_3c,3C,10093,hourly_seed_10093,04667111be351de8826f29b9947ab67f9f2ce5d205eb9ddc0de90c45eb91ba9c,3,61.8683381227,optimal,0,1
climate_3c,eulp_mixed_3c,3C,10093,hourly_seed_10093,04667111be351de8826f29b9947ab67f9f2ce5d205eb9ddc0de90c45eb91ba9c,4,61.8683381227,optimal,0,1
climate_3c,eulp_mixed_3c,3C,10093,hourly_seed_10093,04667111be351de8826f29b9947ab67f9f2ce5d205eb9ddc0de90c45eb91ba9c,6,61.8683381227,optimal,0,1
climate_3c,eulp_mixed_3c,3C,10093,hourly_seed_10093,04667111be351de8826f29b9947ab67f9f2ce5d205eb9ddc0de90c45eb91ba9c,8,61.8683381227,optimal,0,1
climate_3c,eulp_mixed_3c,3C,10094,hourly_seed_10094,f1edb33fb6bf7280283b755caa168ad885667e6e4487755f02e2e85b2ad78162,1,95.8170654368,optimal,0,1
climate_3c,eulp_mixed_3c,3C,10094,hourly_seed_10094,f1edb33fb6bf7280283b755caa168ad885667e6e4487755f02e2e85b2ad78162,2,77.6889553058,optimal,5.68434188608e-14,1
climate_3c,eulp_mixed_3c,3C,10094,hourly_seed_10094,f1edb33fb6bf7280283b755caa168ad885667e6e4487755f02e2e85b2ad78162,3,69.7301732176,optimal,5.68434188608e-14,1
climate_3c,eulp_mixed_3c,3C,10094,hourly_seed_10094,f1edb33fb6bf7280283b755caa168ad885667e6e4487755f02e2e85b2ad78162,4,69.7301732176,optimal,5.68434188608e-14,1
climate_3c,eulp_mixed_3c,3C,10094,hourly_seed_10094,f1edb33fb6bf7280283b755caa168ad885667e6e4487755f02e2e85b2ad78162,6,58.6513197596,optimal,0,1
climate_3c,eulp_mixed_3c,3C,10094,hourly_seed_10094,f1edb33fb6bf7280283b755caa168ad885667e6e4487755f02e2e85b2ad78162,8,52.3623163267,optimal,6.39488462184e-14,1
climate_3c,eulp_mixed_3c,3C,10095,hourly_seed_10095,748ed3b0d30321d96ec2aae4a3959de5d8d5a22b17a00a4a3c4ade97b010fbe8,1,107.474807454,optimal,-4.72105991597,0.957921267275
climate_3c,eulp_mixed_3c,3C,10095,hourly_seed_10095,748ed3b0d30321d96ec2aae4a3959de5d8d5a22b17a00a4a3c4ade97b010fbe8,2,79.0308201757,optimal,0,1
climate_3c,eulp_mixed_3c,3C,10095,hourly_seed_10095,748ed3b0d30321d96ec2aae4a3959de5d8d5a22b17a00a4a3c4ade97b010fbe8,3,75.2619274343,optimal,-1.13686837722e-13,1
climate_3c,eulp_mixed_3c,3C,10095,hourly_seed_10095,748ed3b0d30321d96ec2aae4a3959de5d8d5a22b17a00a4a3c4ade97b010fbe8,4,67.7468214864,optimal,1.13686837722e-13,1
climate_3c,eulp_mixed_3c,3C,10095,hourly_seed_10095,748ed3b0d30321d96ec2aae4a3959de5d8d5a22b17a00a4a3c4ade97b010fbe8,6,56.5657417224,optimal,-5.68434188608e-14,1
climate_3c,eulp_mixed_3c,3C,10095,hourly_seed_10095,748ed3b0d30321d96ec2aae4a3959de5d8d5a22b17a00a4a3c4ade97b010fbe8,8,56.5657417224,optimal,-5.68434188608e-14,1
climate_3c,eulp_mixed_3c,3C,10096,hourly_seed_10096,5588e7bcd315549521c0a43ad094688c4739b9b2c0e3780d4240d2967cb08a7d,1,112.494942592,optimal,-5.68434188608e-14,1
climate_3c,eulp_mixed_3c,3C,10096,hourly_seed_10096,5588e7bcd315549521c0a43ad094688c4739b9b2c0e3780d4240d2967cb08a7d,2,111.361674391,optimal,-7.1054273576e-14,1
climate_3c,eulp_mixed_3c,3C,10096,hourly_seed_10096,5588e7bcd315549521c0a43ad094688c4739b9b2c0e3780d4240d2967cb08a7d,3,103.369038283,optimal,0,1
climate_3c,eulp_mixed_3c,3C,10096,hourly_seed_10096,5588e7bcd315549521c0a43ad094688c4739b9b2c0e3780d4240d2967cb08a7d,4,91.4860321129,optimal,1.13686837722e-13,1
climate_3c,eulp_mixed_3c,3C,10096,hourly_seed_10096,5588e7bcd315549521c0a43ad094688c4739b9b2c0e3780d4240d2967cb08a7d,6,77.9128331066,optimal,1.13686837722e-13,1
climate_3c,eulp_mixed_3c,3C,10096,hourly_seed_10096,5588e7bcd315549521c0a43ad094688c4739b9b2c0e3780d4240d2967cb08a7d,8,62.8295568378,optimal,6.39488462184e-14,1
climate_3c,eulp_mixed_3c,3C,10097,hourly_seed_10097,df04be44f56d18ed3349ff3088735a86de55b061c354f2e3e7c61ccca33a008c,1,109.274314256,optimal,0,1
climate_3c,eulp_mixed_3c,3C,10097,hourly_seed_10097,df04be44f56d18ed3349ff3088735a86de55b061c354f2e3e7c61ccca33a008c,2,109.274314256,optimal,0,1
climate_3c,eulp_mixed_3c,3C,10097,hourly_seed_10097,df04be44f56d18ed3349ff3088735a86de55b061c354f2e3e7c61ccca33a008c,3,90.3288354139,optimal,-5.68434188608e-14,1
climate_3c,eulp_mixed_3c,3C,10097,hourly_seed_10097,df04be44f56d18ed3349ff3088735a86de55b061c354f2e3e7c61ccca33a008c,4,62.2827353491,optimal,0,1
climate_3c,eulp_mixed_3c,3C,10097,hourly_seed_10097,df04be44f56d18ed3349ff3088735a86de55b061c354f2e3e7c61ccca33a008c,6,62.2827353491,optimal,0,1
climate_3c,eulp_mixed_3c,3C,10097,hourly_seed_10097,df04be44f56d18ed3349ff3088735a86de55b061c354f2e3e7c61ccca33a008c,8,57.9034828113,optimal,5.68434188608e-14,1
climate_3c,eulp_mixed_3c,3C,10098,hourly_seed_10098,5c4c552a810ca95eded1bdde5190c9b73ae022ab6bdb7f972e49d1e81aa910c1,1,83.6111380194,optimal,0,1
climate_3c,eulp_mixed_3c,3C,10098,hourly_seed_10098,5c4c552a810ca95eded1bdde5190c9b73ae022ab6bdb7f972e49d1e81aa910c1,2,72.4441318528,optimal,-5.68434188608e-14,1
climate_3c,eulp_mixed_3c,3C,10098,hourly_seed_10098,5c4c552a810ca95eded1bdde5190c9b73ae022ab6bdb7f972e49d1e81aa910c1,3,41.1908168229,optimal,-5.68434188608e-14,1
climate_3c,eulp_mixed_3c,3C,10098,hourly_seed_10098,5c4c552a810ca95eded1bdde5190c9b73ae022ab6bdb7f972e49d1e81aa910c1,4,41.1908168229,optimal,-5.68434188608e-14,1
climate_3c,eulp_mixed_3c,3C,10098,hourly_seed_10098,5c4c552a810ca95eded1bdde5190c9b73ae022ab6bdb7f972e49d1e81aa910c1,6,41.1908168229,optimal,-5.68434188608e-14,1
climate_3c,eulp_mixed_3c,3C,10098,hourly_seed_10098,5c4c552a810ca95eded1bdde5190c9b73ae022ab6bdb7f972e49d1e81aa910c1,8,41.1908168229,optimal,-5.68434188608e-14,1
climate_3c,eulp_mixed_3c,3C,10099,hourly_seed_10099,4536d132a4d034b43f2efe9971d3db448dac1d8e97e192279054db22ce71f978,1,67.7466122157,optimal,0,1
climate_3c,eulp_mixed_3c,3C,10099,hourly_seed_10099,4536d132a4d034b43f2efe9971d3db448dac1d8e97e192279054db22ce71f978,2,58.2538632254,optimal,-1.20792265079e-13,1
climate_3c,eulp_mixed_3c,3C,10099,hourly_seed_10099,4536d132a4d034b43f2efe9971d3db448dac1d8e97e192279054db22ce71f978,3,58.2538632254,optimal,-1.20792265079e-13,1
climate_3c,eulp_mixed_3c,3C,10099,hourly_seed_10099,4536d132a4d034b43f2efe9971d3db448dac1d8e97e192279054db22ce71f978,4,58.2538632254,optimal,-1.20792265079e-13,1
climate_3c,eulp_mixed_3c,3C,10099,hourly_seed_10099,4536d132a4d034b43f2efe9971d3db448dac1d8e97e192279054db22ce71f978,6,51.4781721169,optimal,0,1
climate_3c,eulp_mixed_3c,3C,10099,hourly_seed_10099,4536d132a4d034b43f2efe9971d3db448dac1d8e97e192279054db22ce71f978,8,51.4781721169,optimal,0,1
climate_5a,eulp_mixed_5a,5A,10000,hourly_seed_10000,80e91940922428c185bffdffbd38e1d321f17a3b5d2fe7b2b292472f342d1541,1,111.874984178,optimal,0,1
climate_5a,eulp_mixed_5a,5A,10000,hourly_seed_10000,80e91940922428c185bffdffbd38e1d321f17a3b5d2fe7b2b292472f342d1541,2,97.9657571748,optimal,0,1
climate_5a,eulp_mixed_5a,5A,10000,hourly_seed_10000,80e91940922428c185bffdffbd38e1d321f17a3b5d2fe7b2b292472f342d1541,3,74.2409296943,optimal,0,1
climate_5a,eulp_mixed_5a,5A,10000,hourly_seed_10000,80e91940922428c185bffdffbd38e1d321f17a3b5d2fe7b2b292472f342d1541,4,50.3560416215,optimal,0,1
climate_5a,eulp_mixed_5a,5A,10000,hourly_seed_10000,80e91940922428c185bffdffbd38e1d321f17a3b5d2fe7b2b292472f342d1541,6,50.3560416215,optimal,0,1
climate_5a,eulp_mixed_5a,5A,10000,hourly_seed_10000,80e91940922428c185bffdffbd38e1d321f17a3b5d2fe7b2b292472f342d1541,8,50.3560416215,optimal,0,1
climate_5a,eulp_mixed_5a,5A,10001,hourly_seed_10001,82a8266852eda81e066af6700af689f68083c04f5a83b3ffcc10d850f9341d41,1,90.2253374506,optimal,0,1
climate_5a,eulp_mixed_5a,5A,10001,hourly_seed_10001,82a8266852eda81e066af6700af689f68083c04f5a83b3ffcc10d850f9341d41,2,79.3641146928,optimal,0,1
climate_5a,eulp_mixed_5a,5A,10001,hourly_seed_10001,82a8266852eda81e066af6700af689f68083c04f5a83b3ffcc10d850f9341d41,3,79.3641146928,optimal,0,1
climate_5a,eulp_mixed_5a,5A,10001,hourly_seed_10001,82a8266852eda81e066af6700af689f68083c04f5a83b3ffcc10d850f9341d41,4,55.0896685572,optimal,0,1
climate_5a,eulp_mixed_5a,5A,10001,hourly_seed_10001,82a8266852eda81e066af6700af689f68083c04f5a83b3ffcc10d850f9341d41,6,55.0896685572,optimal,0,1
climate_5a,eulp_mixed_5a,5A,10001,hourly_seed_10001,82a8266852eda81e066af6700af689f68083c04f5a83b3ffcc10d850f9341d41,8,55.0896685572,optimal,0,1
climate_5a,eulp_mixed_5a,5A,10002,hourly_seed_10002,eaeb4a311252379bb3eb7cd4e4abf2714cf1b69ff4758361f0354b223026758d,1,88.6744285035,optimal,0,1
climate_5a,eulp_mixed_5a,5A,10002,hourly_seed_10002,eaeb4a311252379bb3eb7cd4e4abf2714cf1b69ff4758361f0354b223026758d,2,74.0548167307,optimal,-5.68434188608e-14,1
climate_5a,eulp_mixed_5a,5A,10002,hourly_seed_10002,eaeb4a311252379bb3eb7cd4e4abf2714cf1b69ff4758361f0354b223026758d,3,66.8619859469,optimal,0,1
climate_5a,eulp_mixed_5a,5A,10002,hourly_seed_10002,eaeb4a311252379bb3eb7cd4e4abf2714cf1b69ff4758361f0354b223026758d,4,57.4434323498,optimal,-6.39488462184e-14,1
climate_5a,eulp_mixed_5a,5A,10002,hourly_seed_10002,eaeb4a311252379bb3eb7cd4e4abf2714cf1b69ff4758361f0354b223026758d,6,46.6956589499,optimal,5.68434188608e-14,1
climate_5a,eulp_mixed_5a,5A,10002,hourly_seed_10002,eaeb4a311252379bb3eb7cd4e4abf2714cf1b69ff4758361f0354b223026758d,8,46.6956589499,optimal,5.68434188608e-14,1
climate_5a,eulp_mixed_5a,5A,10003,hourly_seed_10003,9de16ca34f95e01e22074da69476049bd8778e292733bc77da17056bb28cc855,1,102.044895115,optimal,0,1
climate_5a,eulp_mixed_5a,5A,10003,hourly_seed_10003,9de16ca34f95e01e22074da69476049bd8778e292733bc77da17056bb28cc855,2,102.044895115,optimal,0,1
climate_5a,eulp_mixed_5a,5A,10003,hourly_seed_10003,9de16ca34f95e01e22074da69476049bd8778e292733bc77da17056bb28cc855,3,44.0003270536,optimal,1.20792265079e-13,1
climate_5a,eulp_mixed_5a,5A,10003,hourly_seed_10003,9de16ca34f95e01e22074da69476049bd8778e292733bc77da17056bb28cc855,4,44.0003270536,optimal,1.20792265079e-13,1
climate_5a,eulp_mixed_5a,5A,10003,hourly_seed_10003,9de16ca34f95e01e22074da69476049bd8778e292733bc77da17056bb28cc855,6,44.0003270536,optimal,1.20792265079e-13,1
climate_5a,eulp_mixed_5a,5A,10003,hourly_seed_10003,9de16ca34f95e01e22074da69476049bd8778e292733bc77da17056bb28cc855,8,44.0003270536,optimal,1.20792265079e-13,1
climate_5a,eulp_mixed_5a,5A,10004,hourly_seed_10004,5d02d8c9913bd14551f5e6a07fe3bf9adafb8f3b09ab210edc38bdc80eb4d4c5,1,68.2874036685,optimal,5.68434188608e-14,1
climate_5a,eulp_mixed_5a,5A,10004,hourly_seed_10004,5d02d8c9913bd14551f5e6a07fe3bf9adafb8f3b09ab210edc38bdc80eb4d4c5,2,68.2874036685,optimal,5.68434188608e-14,1
climate_5a,eulp_mixed_5a,5A,10004,hourly_seed_10004,5d02d8c9913bd14551f5e6a07fe3bf9adafb8f3b09ab210edc38bdc80eb4d4c5,3,45.2208200683,optimal,5.68434188608e-14,1
climate_5a,eulp_mixed_5a,5A,10004,hourly_seed_10004,5d02d8c9913bd14551f5e6a07fe3bf9adafb8f3b09ab210edc38bdc80eb4d4c5,4,45.2208200683,optimal,5.68434188608e-14,1
climate_5a,eulp_mixed_5a,5A,10004,hourly_seed_10004,5d02d8c9913bd14551f5e6a07fe3bf9adafb8f3b09ab210edc38bdc80eb4d4c5,6,45.2208200683,optimal,5.68434188608e-14,1
climate_5a,eulp_mixed_5a,5A,10004,hourly_seed_10004,5d02d8c9913bd14551f5e6a07fe3bf9adafb8f3b09ab210edc38bdc80eb4d4c5,8,45.2208200683,optimal,5.68434188608e-14,1
climate_5a,eulp_mixed_5a,5A,10005,hourly_seed_10005,789eb4982b446d77901db2a5fc95fb0b46b946ba37ef8ce693fa126f16f48781,1,72.371323131,optimal,1.27897692437e-13,1
climate_5a,eulp_mixed_5a,5A,10005,hourly_seed_10005,789eb4982b446d77901db2a5fc95fb0b46b946ba37ef8ce693fa126f16f48781,2,62.4778763587,optimal,1.20792265079e-13,1
climate_5a,eulp_mixed_5a,5A,10005,hourly_seed_10005,789eb4982b446d77901db2a5fc95fb0b46b946ba37ef8ce693fa126f16f48781,3,62.4778763587,optimal,1.20792265079e-13,1
climate_5a,eulp_mixed_5a,5A,10005,hourly_seed_10005,789eb4982b446d77901db2a5fc95fb0b46b946ba37ef8ce693fa126f16f48781,4,62.4778763587,optimal,1.20792265079e-13,1
climate_5a,eulp_mixed_5a,5A,10005,hourly_seed_10005,789eb4982b446d77901db2a5fc95fb0b46b946ba37ef8ce693fa126f16f48781,6,57.6596246812,optimal,6.39488462184e-14,1
climate_5a,eulp_mixed_5a,5A,10005,hourly_seed_10005,789eb4982b446d77901db2a5fc95fb0b46b946ba37ef8ce693fa126f16f48781,8,57.6596246812,optimal,6.39488462184e-14,1
climate_5a,eulp_mixed_5a,5A,10006,hourly_seed_10006,5d1cbe05b157346cb36d85385d0c0a7674a5390c8b8ea7c9ad9c9593815afde9,1,89.9733935045,optimal,0,1
climate_5a,eulp_mixed_5a,5A,10006,hourly_seed_10006,5d1cbe05b157346cb36d85385d0c0a7674a5390c8b8ea7c9ad9c9593815afde9,2,63.8681265182,optimal,-5.68434188608e-14,1
climate_5a,eulp_mixed_5a,5A,10006,hourly_seed_10006,5d1cbe05b157346cb36d85385d0c0a7674a5390c8b8ea7c9ad9c9593815afde9,3,57.1155823984,optimal,-6.39488462184e-14,1
climate_5a,eulp_mixed_5a,5A,10006,hourly_seed_10006,5d1cbe05b157346cb36d85385d0c0a7674a5390c8b8ea7c9ad9c9593815afde9,4,57.1155823984,optimal,-6.39488462184e-14,1
climate_5a,eulp_mixed_5a,5A,10006,hourly_seed_10006,5d1cbe05b157346cb36d85385d0c0a7674a5390c8b8ea7c9ad9c9593815afde9,6,43.4622952275,optimal,-5.68434188608e-14,1
climate_5a,eulp_mixed_5a,5A,10006,hourly_seed_10006,5d1cbe05b157346cb36d85385d0c0a7674a5390c8b8ea7c9ad9c9593815afde9,8,43.4622952275,optimal,-5.68434188608e-14,1
climate_5a,eulp_mixed_5a,5A,10007,hourly_seed_10007,ca5df65821fe53c566d62fce2bbf1918f79be79ac102f473af803fd28283a2f7,1,92.8441223918,optimal,1.13686837722e-13,1
climate_5a,eulp_mixed_5a,5A,10007,hourly_seed_10007,ca5df65821fe53c566d62fce2bbf1918f79be79ac102f473af803fd28283a2f7,2,88.928046187,optimal,0,1
climate_5a,eulp_mixed_5a,5A,10007,hourly_seed_10007,ca5df65821fe53c566d62fce2bbf1918f79be79ac102f473af803fd28283a2f7,3,79.5739676202,optimal,0,1
climate_5a,eulp_mixed_5a,5A,10007,hourly_seed_10007,ca5df65821fe53c566d62fce2bbf1918f79be79ac102f473af803fd28283a2f7,4,54.0025722817,optimal,1.20792265079e-13,1
climate_5a,eulp_mixed_5a,5A,10007,hourly_seed_10007,ca5df65821fe53c566d62fce2bbf1918f79be79ac102f473af803fd28283a2f7,6,54.0025722817,optimal,1.20792265079e-13,1
climate_5a,eulp_mixed_5a,5A,10007,hourly_seed_10007,ca5df65821fe53c566d62fce2bbf1918f79be79ac102f473af803fd28283a2f7,8,54.0025722817,optimal,1.20792265079e-13,1
climate_5a,eulp_mixed_5a,5A,10008,hourly_seed_10008,c0aa3cbddc4b3bb6b63fcfe644b3171c068e543b5562c30c64abea5f56ef7720,1,83.5780896515,optimal,0,1
climate_5a,eulp_mixed_5a,5A,10008,hourly_seed_10008,c0aa3cbddc4b3bb6b63fcfe644b3171c068e543b5562c30c64abea5f56ef7720,2,80.1669252418,optimal,-1.27897692437e-13,1
climate_5a,eulp_mixed_5a,5A,10008,hourly_seed_10008,c0aa3cbddc4b3bb6b63fcfe644b3171c068e543b5562c30c64abea5f56ef7720,3,49.7563867487,optimal,5.68434188608e-14,1
climate_5a,eulp_mixed_5a,5A,10008,hourly_seed_10008,c0aa3cbddc4b3bb6b63fcfe644b3171c068e543b5562c30c64abea5f56ef7720,4,49.7563867487,optimal,5.68434188608e-14,1
climate_5a,eulp_mixed_5a,5A,10008,hourly_seed_10008,c0aa3cbddc4b3bb6b63fcfe644b3171c068e543b5562c30c64abea5f56ef7720,6,49.7563867487,optimal,5.68434188608e-14,1
climate_5a,eulp_mixed_5a,5A,10008,hourly_seed_10008,c0aa3cbddc4b3bb6b63fcfe644b3171c068e543b5562c30c64abea5f56ef7720,8,49.7563867487,optimal,5.68434188608e-14,1
climate_5a,eulp_mixed_5a,5A,10009,hourly_seed_10009,83ac6943ec133bf91db12703ece151ab41841a975b9a98630d4f0428be1d0a96,1,40.146878193,optimal,0,1
climate_5a,eulp_mixed_5a,5A,10009,hourly_seed_10009,83ac6943ec133bf91db12703ece151ab41841a975b9a98630d4f0428be1d0a96,2,40.146878193,optimal,0,1
climate_5a,eulp_mixed_5a,5A,10009,hourly_seed_10009,83ac6943ec133bf91db12703ece151ab41841a975b9a98630d4f0428be1d0a96,3,40.146878193,optimal,0,1
climate_5a,eulp_mixed_5a,5A,10009,hourly_seed_10009,83ac6943ec133bf91db12703ece151ab41841a975b9a98630d4f0428be1d0a96,4,40.146878193,optimal,0,1
climate_5a,eulp_mixed_5a,5A,10009,hourly_seed_10009,83ac6943ec133bf91db12703ece151ab41841a975b9a98630d4f0428be1d0a96,6,40.146878193,optimal,0,1
climate_5a,eulp_mixed_5a,5A,10009,hourly_seed_10009,83ac6943ec133bf91db12703ece151ab41841a975b9a98630d4f0428be1d0a96,8,40.146878193,optimal,0,1
climate_5a,eulp_mixed_5a,5A,10010,hourly_seed_10010,5d787530bb7ba2b9fd83b3d7f4b81f57050c42f3a530d2efcbf3257349f95143,1,75.8939211633,optimal,0,1
climate_5a,eulp_mixed_5a,5A,10010,hourly_seed_10010,5d787530bb7ba2b9fd83b3d7f4b81f57050c42f3a530d2efcbf3257349f95143,2,75.8939211633,optimal,0,1
climate_5a,eulp_mixed_5a,5A,10010,hourly_seed_10010,5d787530bb7ba2b9fd83b3d7f4b81f57050c42f3a530d2efcbf3257349f95143,3,75.8939211633,optimal,0,1
climate_5a,eulp_mixed_5a,5A,10010,hourly_seed_10010,5d787530bb7ba2b9fd83b3d7f4b81f57050c42f3a530d2efcbf3257349f95143,4,75.8939211633,optimal,0,1
climate_5a,eulp_mixed_5a,5A,10010,hourly_seed_10010,5d787530bb7ba2b9fd83b3d7f4b81f57050c42f3a530d2efcbf3257349f95143,6,49.9727976899,optimal,-5.68434188608e-14,1
climate_5a,eulp_mixed_5a,5A,10010,hourly_seed_10010,5d787530bb7ba2b9fd83b3d7f4b81f57050c42f3a530d2efcbf3257349f95143,8,35.9320310357,optimal,0,1
climate_5a,eulp_mixed_5a,5A,10011,hourly_seed_10011,082585d71e8c927857f4964e3bbf8cadb25bbede2968c69156e4f4b90081dbfe,1,65.815535426,optimal,5.68434188608e-14,1
climate_5a,eulp_mixed_5a,5A,10011,hourly_seed_10011,082585d71e8c927857f4964e3bbf8cadb25bbede2968c69156e4f4b90081dbfe,2,65.815535426,optimal,5.68434188608e-14,1
climate_5a,eulp_mixed_5a,5A,10011,hourly_seed_10011,082585d71e8c927857f4964e3bbf8cadb25bbede2968c69156e4f4b90081dbfe,3,47.3376063613,optimal,0,1
climate_5a,eulp_mixed_5a,5A,10011,hourly_seed_10011,082585d71e8c927857f4964e3bbf8cadb25bbede2968c69156e4f4b90081dbfe,4,47.3376063613,optimal,0,1
climate_5a,eulp_mixed_5a,5A,10011,hourly_seed_10011,082585d71e8c927857f4964e3bbf8cadb25bbede2968c69156e4f4b90081dbfe,6,47.3376063613,optimal,0,1
climate_5a,eulp_mixed_5a,5A,10011,hourly_seed_10011,082585d71e8c927857f4964e3bbf8cadb25bbede2968c69156e4f4b90081dbfe,8,47.3376063613,optimal,0,1
climate_5a,eulp_mixed_5a,5A,10012,hourly_seed_10012,508cebac03f43ce4bca0aee871eb7412338621216fef77d00e15111f952b24a1,1,87.1401130021,optimal,5.68434188608e-14,1
climate_5a,eulp_mixed_5a,5A,10012,hourly_seed_10012,508cebac03f43ce4bca0aee871eb7412338621216fef77d00e15111f952b24a1,2,72.4849966927,optimal,-5.68434188608e-14,1
climate_5a,eulp_mixed_5a,5A,10012,hourly_seed_10012,508cebac03f43ce4bca0aee871eb7412338621216fef77d00e15111f952b24a1,3,72.4849966927,optimal,-5.68434188608e-14,1
climate_5a,eulp_mixed_5a,5A,10012,hourly_seed_10012,508cebac03f43ce4bca0aee871eb7412338621216fef77d00e15111f952b24a1,4,72.4849966927,optimal,-5.68434188608e-14,1
climate_5a,eulp_mixed_5a,5A,10012,hourly_seed_10012,508cebac03f43ce4bca0aee871eb7412338621216fef77d00e15111f952b24a1,6,64.6093926692,optimal,5.68434188608e-14,1
climate_5a,eulp_mixed_5a,5A,10012,hourly_seed_10012,508cebac03f43ce4bca0aee871eb7412338621216fef77d00e15111f952b24a1,8,54.2555571707,optimal,0,1
climate_5a,eulp_mixed_5a,5A,10013,hourly_seed_10013,5952d09490e34147ee7af06f9a36159ebe3ec06fc2f501655f4e3dcc01e8a350,1,112.23140492,optimal,0,1
climate_5a,eulp_mixed_5a,5A,10013,hourly_seed_10013,5952d09490e34147ee7af06f9a36159ebe3ec06fc2f501655f4e3dcc01e8a350,2,103.159183042,optimal,0,1
climate_5a,eulp_mixed_5a,5A,10013,hourly_seed_10013,5952d09490e34147ee7af06f9a36159ebe3ec06fc2f501655f4e3dcc01e8a350,3,65.2397266965,optimal,0,1
climate_5a,eulp_mixed_5a,5A,10013,hourly_seed_10013,5952d09490e34147ee7af06f9a36159ebe3ec06fc2f501655f4e3dcc01e8a350,4,65.2397266965,optimal,0,1
climate_5a,eulp_mixed_5a,5A,10013,hourly_seed_10013,5952d09490e34147ee7af06f9a36159ebe3ec06fc2f501655f4e3dcc01e8a350,6,57.5963666956,optimal,0,1
climate_5a,eulp_mixed_5a,5A,10013,hourly_seed_10013,5952d09490e34147ee7af06f9a36159ebe3ec06fc2f501655f4e3dcc01e8a350,8,54.8543788507,optimal,1.20792265079e-13,1
climate_5a,eulp_mixed_5a,5A,10014,hourly_seed_10014,f38cfe70822099b65208e9e80443525b02f69b1afbb73737a396dcc7b08d5186,1,110.823414795,optimal,5.68434188608e-14,1
climate_5a,eulp_mixed_5a,5A,10014,hourly_seed_10014,f38cfe70822099b65208e9e80443525b02f69b1afbb73737a396dcc7b08d5186,2,110.823414795,optimal,5.68434188608e-14,1
climate_5a,eulp_mixed_5a,5A,10014,hourly_seed_10014,f38cfe70822099b65208e9e80443525b02f69b1afbb73737a396dcc7b08d5186,3,108.940628493,optimal,0,1
climate_5a,eulp_mixed_5a,5A,10014,hourly_seed_10014,f38cfe70822099b65208e9e80443525b02f69b1afbb73737a396dcc7b08d5186,4,72.8746721368,optimal,-5.68434188608e-14,1
climate_5a,eulp_mixed_5a,5A,10014,hourly_seed_10014,f38cfe70822099b65208e9e80443525b02f69b1afbb73737a396dcc7b08d5186,6,59.7547445044,optimal,0,1
climate_5a,eulp_mixed_5a,5A,10014,hourly_seed_10014,f38cfe70822099b65208e9e80443525b02f69b1afbb73737a396dcc7b08d5186,8,59.7547445044,optimal,0,1
climate_5a,eulp_mixed_5a,5A,10015,hourly_seed_10015,c267be2fcfd3f80e523944d180eadb2b6a24e7e5e86c7b886e0b56a66a5b4caf,1,90.2558837335,optimal,-5.68434188608e-14,1
climate_5a,eulp_mixed_5a,5A,10015,hourly_seed_10015,c267be2fcfd3f80e523944d180eadb2b6a24e7e5e86c7b886e0b56a66a5b4caf,2,70.3561560768,optimal,0,1
climate_5a,eulp_mixed_5a,5A,10015,hourly_seed_10015,c267be2fcfd3f80e523944d180eadb2b6a24e7e5e86c7b886e0b56a66a5b4caf,3,70.0037304174,optimal,0,1
climate_5a,eulp_mixed_5a,5A,10015,hourly_seed_10015,c267be2fcfd3f80e523944d180eadb2b6a24e7e5e86c7b886e0b56a66a5b4caf,4,68.9636420431,optimal,-5.68434188608e-14,1
climate_5a,eulp_mixed_5a,5A,10015,hourly_seed_10015,c267be2fcfd3f80e523944d180eadb2b6a24e7e5e86c7b886e0b56a66a5b4caf,6,58.1490303197,optimal,0,1
climate_5a,eulp_mixed_5a,5A,10015,hourly_seed_10015,c267be2fcfd3f80e523944d180eadb2b6a24e7e5e86c7b886e0b56a66a5b4caf,8,58.1490303197,optimal,0,1
climate_5a,eulp_mixed_5a,5A,10016,hourly_seed_10016,5ef53ddc579b14184cfbc0bf401933c551b111039b23c4a94f08cbe82928970e,1,112.925433052,optimal,0,1
climate_5a,eulp_mixed_5a,5A,10016,hourly_seed_10016,5ef53ddc579b14184cfbc0bf401933c551b111039b23c4a94f08cbe82928970e,2,87.4480873436,optimal,0,1
climate_5a,eulp_mixed_5a,5A,10016,hourly_seed_10016,5ef53ddc579b14184cfbc0bf401933c551b111039b23c4a94f08cbe82928970e,3,84.3010304395,optimal,0,1
climate_5a,eulp_mixed_5a,5A,10016,hourly_seed_10016,5ef53ddc579b14184cfbc0bf401933c551b111039b23c4a94f08cbe82928970e,4,78.1741428548,optimal,-5.68434188608e-14,1
climate_5a,eulp_mixed_5a,5A,10016,hourly_seed_10016,5ef53ddc579b14184cfbc0bf401933c551b111039b23c4a94f08cbe82928970e,6,72.8538526461,optimal,-5.68434188608e-14,1
climate_5a,eulp_mixed_5a,5A,10016,hourly_seed_10016,5ef53ddc579b14184cfbc0bf401933c551b111039b23c4a94f08cbe82928970e,8,50.338979626,optimal,0,1
climate_5a,eulp_mixed_5a,5A,10017,hourly_seed_10017,0d3e7e0f18a5e11883ccf7cdd5acbfb4418b747c7989d68766ce4d3e2d6288f3,1,95.8703990173,optimal,0,1
climate_5a,eulp_mixed_5a,5A,10017,hourly_seed_10017,0d3e7e0f18a5e11883ccf7cdd5acbfb4418b747c7989d68766ce4d3e2d6288f3,2,78.9014357589,optimal,-1.13686837722e-13,1
climate_5a,eulp_mixed_5a,5A,10017,hourly_seed_10017,0d3e7e0f18a5e11883ccf7cdd5acbfb4418b747c7989d68766ce4d3e2d6288f3,3,60.1010262645,optimal,5.68434188608e-14,1
climate_5a,eulp_mixed_5a,5A,10017,hourly_seed_10017,0d3e7e0f18a5e11883ccf7cdd5acbfb4418b747c7989d68766ce4d3e2d6288f3,4,58.9741387167,optimal,-6.39488462184e-14,1
climate_5a,eulp_mixed_5a,5A,10017,hourly_seed_10017,0d3e7e0f18a5e11883ccf7cdd5acbfb4418b747c7989d68766ce4d3e2d6288f3,6,50.3821496818,optimal,0,1
climate_5a,eulp_mixed_5a,5A,10017,hourly_seed_10017,0d3e7e0f18a5e11883ccf7cdd5acbfb4418b747c7989d68766ce4d3e2d6288f3,8,50.3821496818,optimal,0,1
climate_5a,eulp_mixed_5a,5A,10018,hourly_seed_10018,c5b21f449dd4f58a3f7feda2d88b8a703e23f893a5dbe23843a76b1ad613f7b5,1,68.0054702474,optimal,5.68434188608e-14,1
climate_5a,eulp_mixed_5a,5A,10018,hourly_seed_10018,c5b21f449dd4f58a3f7feda2d88b8a703e23f893a5dbe23843a76b1ad613f7b5,2,68.0054702474,optimal,5.68434188608e-14,1
climate_5a,eulp_mixed_5a,5A,10018,hourly_seed_10018,c5b21f449dd4f58a3f7feda2d88b8a703e23f893a5dbe23843a76b1ad613f7b5,3,68.0054702474,optimal,5.68434188608e-14,1
climate_5a,eulp_mixed_5a,5A,10018,hourly_seed_10018,c5b21f449dd4f58a3f7feda2d88b8a703e23f893a5dbe23843a76b1ad613f7b5,4,68.0054702474,optimal,5.68434188608e-14,1
climate_5a,eulp_mixed_5a,5A,10018,hourly_seed_10018,c5b21f449dd4f58a3f7feda2d88b8a703e23f893a5dbe23843a76b1ad613f7b5,6,52.9791956268,optimal,0,1
climate_5a,eulp_mixed_5a,5A,10018,hourly_seed_10018,c5b21f449dd4f58a3f7feda2d88b8a703e23f893a5dbe23843a76b1ad613f7b5,8,52.9791956268,optimal,0,1
climate_5a,eulp_mixed_5a,5A,10019,hourly_seed_10019,78d89510cd02ffbe7e01e9f6e88a1152970f5b0c1d1e6493e8b3bab54a3c00ea,1,88.2787643575,optimal,1.13686837722e-13,1
climate_5a,eulp_mixed_5a,5A,10019,hourly_seed_10019,78d89510cd02ffbe7e01e9f6e88a1152970f5b0c1d1e6493e8b3bab54a3c00ea,2,64.3510539961,optimal,0,1
climate_5a,eulp_mixed_5a,5A,10019,hourly_seed_10019,78d89510cd02ffbe7e01e9f6e88a1152970f5b0c1d1e6493e8b3bab54a3c00ea,3,51.3839822063,optimal,5.68434188608e-14,1
climate_5a,eulp_mixed_5a,5A,10019,hourly_seed_10019,78d89510cd02ffbe7e01e9f6e88a1152970f5b0c1d1e6493e8b3bab54a3c00ea,4,51.3839822063,optimal,5.68434188608e-14,1
climate_5a,eulp_mixed_5a,5A,10019,hourly_seed_10019,78d89510cd02ffbe7e01e9f6e88a1152970f5b0c1d1e6493e8b3bab54a3c00ea,6,51.3839822063,optimal,5.68434188608e-14,1
climate_5a,eulp_mixed_5a,5A,10019,hourly_seed_10019,78d89510cd02ffbe7e01e9f6e88a1152970f5b0c1d1e6493e8b3bab54a3c00ea,8,51.3839822063,optimal,5.68434188608e-14,1
climate_5a,eulp_mixed_5a,5A,10020,hourly_seed_10020,6ece7380e06a3634b4dc5ed3c93474f73f28b146c6b713de3630fa7170cbd54b,1,97.9759934945,optimal,0,1
climate_5a,eulp_mixed_5a,5A,10020,hourly_seed_10020,6ece7380e06a3634b4dc5ed3c93474f73f28b146c6b713de3630fa7170cbd54b,2,97.9759934945,optimal,0,1
climate_5a,eulp_mixed_5a,5A,10020,hourly_seed_10020,6ece7380e06a3634b4dc5ed3c93474f73f28b146c6b713de3630fa7170cbd54b,3,97.9759934945,optimal,0,1
climate_5a,eulp_mixed_5a,5A,10020,hourly_seed_10020,6ece7380e06a3634b4dc5ed3c93474f73f28b146c6b713de3630fa7170cbd54b,4,73.1748459381,optimal,-7.1054273576e-14,1
climate_5a,eulp_mixed_5a,5A,10020,hourly_seed_10020,6ece7380e06a3634b4dc5ed3c93474f73f28b146c6b713de3630fa7170cbd54b,6,63.0725309822,optimal,0,1
climate_5a,eulp_mixed_5a,5A,10020,hourly_seed_10020,6ece7380e06a3634b4dc5ed3c93474f73f28b146c6b713de3630fa7170cbd54b,8,47.7369739929,optimal,0,1
climate_5a,eulp_mixed_5a,5A,10021,hourly_seed_10021,e3e575a5e09afdb26c70cc715ade6cc429eb0ddc16ef60c30ccfaf633e149905,1,80.667546345,optimal,0,1
climate_5a,eulp_mixed_5a,5A,10021,hourly_seed_10021,e3e575a5e09afdb26c70cc715ade6cc429eb0ddc16ef60c30ccfaf633e149905,2,69.8883077788,optimal,0,1
climate_5a,eulp_mixed_5a,5A,10021,hourly_seed_10021,e3e575a5e09afdb26c70cc715ade6cc429eb0ddc16ef60c30ccfaf633e149905,3,69.8883077788,optimal,0,1
climate_5a,eulp_mixed_5a,5A,10021,hourly_seed_10021,e3e575a5e09afdb26c70cc715ade6cc429eb0ddc16ef60c30ccfaf633e149905,4,46.1151139902,optimal,5.68434188608e-14,1
climate_5a,eulp_mixed_5a,5A,10021,hourly_seed_10021,e3e575a5e09afdb26c70cc715ade6cc429eb0ddc16ef60c30ccfaf633e149905,6,46.1151139902,optimal,5.68434188608e-14,1
climate_5a,eulp_mixed_5a,5A,10021,hourly_seed_10021,e3e575a5e09afdb26c70cc715ade6cc429eb0ddc16ef60c30ccfaf633e149905,8,46.1151139902,optimal,5.68434188608e-14,1
climate_5a,eulp_mixed_5a,5A,10022,hourly_seed_10022,28384d97c6d1a7305a2c780c04d34a09f56c3e5fd5090057c928244646c3cceb,1,112.852117818,optimal,0,1
climate_5a,eulp_mixed_5a,5A,10022,hourly_seed_10022,28384d97c6d1a7305a2c780c04d34a09f56c3e5fd5090057c928244646c3cceb,2,112.024304596,optimal,0,1
climate_5a,eulp_mixed_5a,5A,10022,hourly_seed_10022,28384d97c6d1a7305a2c780c04d34a09f56c3e5fd5090057c928244646c3cceb,3,89.3330165951,optimal,1.13686837722e-13,1
climate_5a,eulp_mixed_5a,5A,10022,hourly_seed_10022,28384d97c6d1a7305a2c780c04d34a09f56c3e5fd5090057c928244646c3cceb,4,63.9519631428,optimal,0,1
climate_5a,eulp_mixed_5a,5A,10022,hourly_seed_10022,28384d97c6d1a7305a2c780c04d34a09f56c3e5fd5090057c928244646c3cceb,6,63.9519631428,optimal,0,1
climate_5a,eulp_mixed_5a,5A,10022,hourly_seed_10022,28384d97c6d1a7305a2c780c04d34a09f56c3e5fd5090057c928244646c3cceb,8,59.2468863115,optimal,0,1
climate_5a,eulp_mixed_5a,5A,10023,hourly_seed_10023,6ce643a7b9ba5c37439af53cdeb2303e47dda318811d7f0a514bd382c6a5500a,1,112.212487183,optimal,0,1
climate_5a,eulp_mixed_5a,5A,10023,hourly_seed_10023,6ce643a7b9ba5c37439af53cdeb2303e47dda318811d7f0a514bd382c6a5500a,2,109.751749701,optimal,0,1
climate_5a,eulp_mixed_5a,5A,10023,hourly_seed_10023,6ce643a7b9ba5c37439af53cdeb2303e47dda318811d7f0a514bd382c6a5500a,3,59.2893436845,optimal,-1.20792265079e-13,1
climate_5a,eulp_mixed_5a,5A,10023,hourly_seed_10023,6ce643a7b9ba5c37439af53cdeb2303e47dda318811d7f0a514bd382c6a5500a,4,57.5707425963,optimal,0,1
climate_5a,eulp_mixed_5a,5A,10023,hourly_seed_10023,6ce643a7b9ba5c37439af53cdeb2303e47dda318811d7f0a514bd382c6a5500a,6,56.5490468572,optimal,0,1
climate_5a,eulp_mixed_5a,5A,10023,hourly_seed_10023,6ce643a7b9ba5c37439af53cdeb2303e47dda318811d7f0a514bd382c6a5500a,8,56.5490468572,optimal,0,1
climate_5a,eulp_mixed_5a,5A,10024,hourly_seed_10024,5b878876efbb0f3b6a7036d2f30924a6787fe2a9bf841dd7bd476a4cffb012cc,1,57.0850093024,optimal,0,1
climate_5a,eulp_mixed_5a,5A,10024,hourly_seed_10024,5b878876efbb0f3b6a7036d2f30924a6787fe2a9bf841dd7bd476a4cffb012cc,2,57.0850093024,optimal,0,1
climate_5a,eulp_mixed_5a,5A,10024,hourly_seed_10024,5b878876efbb0f3b6a7036d2f30924a6787fe2a9bf841dd7bd476a4cffb012cc,3,52.9113685123,optimal,5.68434188608e-14,1
climate_5a,eulp_mixed_5a,5A,10024,hourly_seed_10024,5b878876efbb0f3b6a7036d2f30924a6787fe2a9bf841dd7bd476a4cffb012cc,4,52.9113685123,optimal,5.68434188608e-14,1
climate_5a,eulp_mixed_5a,5A,10024,hourly_seed_10024,5b878876efbb0f3b6a7036d2f30924a6787fe2a9bf841dd7bd476a4cffb012cc,6,52.9113685123,optimal,5.68434188608e-14,1
climate_5a,eulp_mixed_5a,5A,10024,hourly_seed_10024,5b878876efbb0f3b6a7036d2f30924a6787fe2a9bf841dd7bd476a4cffb012cc,8,52.9113685123,optimal,5.68434188608e-14,1
climate_5a,eulp_mixed_5a,5A,10025,hourly_seed_10025,e69520b58001c933d08af4a5efb6294345e8b429500f754517f6747b5d678c20,1,112.195879838,optimal,0,1
climate_5a,eulp_mixed_5a,5A,10025,hourly_seed_10025,e69520b58001c933d08af4a5efb6294345e8b429500f754517f6747b5d678c20,2,111.3801443,optimal,0,1
climate_5a,eulp_mixed_5a,5A,10025,hourly_seed_10025,e69520b58001c933d08af4a5efb6294345e8b429500f754517f6747b5d678c20,3,66.2129859901,optimal,0,1
climate_5a,eulp_mixed_5a,5A,10025,hourly_seed_10025,e69520b58001c933d08af4a5efb6294345e8b429500f754517f6747b5d678c20,4,62.9276188489,optimal,0,1
climate_5a,eulp_mixed_5a,5A,10025,hourly_seed_10025,e69520b58001c933d08af4a5efb6294345e8b429500f754517f6747b5d678c20,6,45.4890215618,optimal,-6.39488462184e-14,1
climate_5a,eulp_mixed_5a,5A,10025,hourly_seed_10025,e69520b58001c933d08af4a5efb6294345e8b429500f754517f6747b5d678c20,8,45.4890215618,optimal,-6.39488462184e-14,1
climate_5a,eulp_mixed_5a,5A,10026,hourly_seed_10026,dfbe0d5440df9d01b088fbaaa7db9519dffe0e03d51a08a7769dafdf785c151b,1,82.3614969944,optimal,0,1
climate_5a,eulp_mixed_5a,5A,10026,hourly_seed_10026,dfbe0d5440df9d01b088fbaaa7db9519dffe0e03d51a08a7769dafdf785c151b,2,60.9042524418,optimal,0,1
climate_5a,eulp_mixed_5a,5A,10026,hourly_seed_10026,dfbe0d5440df9d01b088fbaaa7db9519dffe0e03d51a08a7769dafdf785c151b,3,60.9042524418,optimal,0,1
climate_5a,eulp_mixed_5a,5A,10026,hourly_seed_10026,dfbe0d5440df9d01b088fbaaa7db9519dffe0e03d51a08a7769dafdf785c151b,4,58.0710289053,optimal,0,1
climate_5a,eulp_mixed_5a,5A,10026,hourly_seed_10026,dfbe0d5440df9d01b088fbaaa7db9519dffe0e03d51a08a7769dafdf785c151b,6,58.0710289053,optimal,0,1
climate_5a,eulp_mixed_5a,5A,10026,hourly_seed_10026,dfbe0d5440df9d01b088fbaaa7db9519dffe0e03d51a08a7769dafdf785c151b,8,58.0710289053,optimal,0,1
climate_5a,eulp_mixed_5a,5A,10027,hourly_seed_10027,df35744a6406bb48ed8266ec3b6cec87fd29597d0281502ffbc7068e42c4e074,1,84.3763504777,optimal,1.13686837722e-13,1
climate_5a,eulp_mixed_5a,5A,10027,hourly_seed_10027,df35744a6406bb48ed8266ec3b6cec87fd29597d0281502ffbc7068e42c4e074,2,68.7407554183,optimal,0,1
climate_5a,eulp_mixed_5a,5A,10027,hourly_seed_10027,df35744a6406bb48ed8266ec3b6cec87fd29597d0281502ffbc7068e42c4e074,3,68.7407554183,optimal,0,1
climate_5a,eulp_mixed_5a,5A,10027,hourly_seed_10027,df35744a6406bb48ed8266ec3b6cec87fd29597d0281502ffbc7068e42c4e074,4,49.5193276421,optimal,-5.68434188608e-14,1
climate_5a,eulp_mixed_5a,5A,10027,hourly_seed_10027,df35744a6406bb48ed8266ec3b6cec87fd29597d0281502ffbc7068e42c4e074,6,49.5193276421,optimal,-5.68434188608e-14,1
climate_5a,eulp_mixed_5a,5A,10027,hourly_seed_10027,df35744a6406bb48ed8266ec3b6cec87fd29597d0281502ffbc7068e42c4e074,8,43.1516010853,optimal,0,1
climate_5a,eulp_mixed_5a,5A,10028,hourly_seed_10028,5dca71e897ec9b99ec603bd0be81d683b2a27832b186a8340bce16f3680e3a99,1,57.0246044745,optimal,0,1
climate_5a,eulp_mixed_5a,5A,10028,hourly_seed_10028,5dca71e897ec9b99ec603bd0be81d683b2a27832b186a8340bce16f3680e3a99,2,57.0246044745,optimal,0,1
climate_5a,eulp_mixed_5a,5A,10028,hourly_seed_10028,5dca71e897ec9b99ec603bd0be81d683b2a27832b186a8340bce16f3680e3a99,3,57.0246044745,optimal,0,1
climate_5a,eulp_mixed_5a,5A,10028,hourly_seed_10028,5dca71e897ec9b99ec603bd0be81d683b2a27832b186a8340bce16f3680e3a99,4,57.0246044745,optimal,0,1
climate_5a,eulp_mixed_5a,5A,10028,hourly_seed_10028,5dca71e897ec9b99ec603bd0be81d683b2a27832b186a8340bce16f3680e3a99,6,57.0246044745,optimal,0,1
climate_5a,eulp_mixed_5a,5A,10028,hourly_seed_10028,5dca71e897ec9b99ec603bd0be81d683b2a27832b186a8340bce16f3680e3a99,8,57.0246044745,optimal,0,1
climate_5a,eulp_mixed_5a,5A,10029,hourly_seed_10029,389ed6093d012a14a739edc849f59187e29338742d8225452cb6ed1ba1e116e4,1,111.480945204,optimal,-5.68434188608e-14,1
climate_5a,eulp_mixed_5a,5A,10029,hourly_seed_10029,389ed6093d012a14a739edc849f59187e29338742d8225452cb6ed1ba1e116e4,2,102.401299523,optimal,5.68434188608e-14,1
climate_5a,eulp_mixed_5a,5A,10029,hourly_seed_10029,389ed6093d012a14a739edc849f59187e29338742d8225452cb6ed1ba1e116e4,3,102.401299523,optimal,5.68434188608e-14,1
climate_5a,eulp_mixed_5a,5A,10029,hourly_seed_10029,389ed6093d012a14a739edc849f59187e29338742d8225452cb6ed1ba1e116e4,4,84.3395276293,optimal,0,1
climate_5a,eulp_mixed_5a,5A,10029,hourly_seed_10029,389ed6093d012a14a739edc849f59187e29338742d8225452cb6ed1ba1e116e4,6,61.0591758853,optimal,0,1
climate_5a,eulp_mixed_5a,5A,10029,hourly_seed_10029,389ed6093d012a14a739edc849f59187e29338742d8225452cb6ed1ba1e116e4,8,61.0591758853,optimal,0,1
climate_5a,eulp_mixed_5a,5A,10030,hourly_seed_10030,0346b8f767c62dda046f470fd69afc97d4991cb139e0ffa2b85443e0bb804fbd,1,111.069011546,optimal,5.68434188608e-14,1
climate_5a,eulp_mixed_5a,5A,10030,hourly_seed_10030,0346b8f767c62dda046f470fd69afc97d4991cb139e0ffa2b85443e0bb804fbd,2,98.7806911758,optimal,0,1
climate_5a,eulp_mixed_5a,5A,10030,hourly_seed_10030,0346b8f767c62dda046f470fd69afc97d4991cb139e0ffa2b85443e0bb804fbd,3,98.7806911758,optimal,0,1
climate_5a,eulp_mixed_5a,5A,10030,hourly_seed_10030,0346b8f767c62dda046f470fd69afc97d4991cb139e0ffa2b85443e0bb804fbd,4,98.7806911758,optimal,0,1
climate_5a,eulp_mixed_5a,5A,10030,hourly_seed_10030,0346b8f767c62dda046f470fd69afc97d4991cb139e0ffa2b85443e0bb804fbd,6,40.2902211553,optimal,0,1
climate_5a,eulp_mixed_5a,5A,10030,hourly_seed_10030,0346b8f767c62dda046f470fd69afc97d4991cb139e0ffa2b85443e0bb804fbd,8,40.2902211553,optimal,0,1
climate_5a,eulp_mixed_5a,5A,10031,hourly_seed_10031,bb9c43b843e43b105f45e22516714391be874d712863d6da168da3143458c040,1,112.328754437,optimal,0,1
climate_5a,eulp_mixed_5a,5A,10031,hourly_seed_10031,bb9c43b843e43b105f45e22516714391be874d712863d6da168da3143458c040,2,111.032224867,optimal,0,1
climate_5a,eulp_mixed_5a,5A,10031,hourly_seed_10031,bb9c43b843e43b105f45e22516714391be874d712863d6da168da3143458c040,3,97.372689167,optimal,0,1
climate_5a,eulp_mixed_5a,5A,10031,hourly_seed_10031,bb9c43b843e43b105f45e22516714391be874d712863d6da168da3143458c040,4,75.5106019368,optimal,0,1
climate_5a,eulp_mixed_5a,5A,10031,hourly_seed_10031,bb9c43b843e43b105f45e22516714391be874d712863d6da168da3143458c040,6,62.5986654245,optimal,0,1
climate_5a,eulp_mixed_5a,5A,10031,hourly_seed_10031,bb9c43b843e43b105f45e22516714391be874d712863d6da168da3143458c040,8,58.4450656904,optimal,0,1
climate_5a,eulp_mixed_5a,5A,10032,hourly_seed_10032,f3474c604ad09e51c5a32894437a468c80e9d6f3d443ece33e413ee324d445b4,1,114.367033196,optimal,-5.68434188608e-14,1
climate_5a,eulp_mixed_5a,5A,10032,hourly_seed_10032,f3474c604ad09e51c5a32894437a468c80e9d6f3d443ece33e413ee324d445b4,2,112.641264833,optimal,-1.13686837722e-13,1
climate_5a,eulp_mixed_5a,5A,10032,hourly_seed_10032,f3474c604ad09e51c5a32894437a468c80e9d6f3d443ece33e413ee324d445b4,3,91.5174389871,optimal,5.68434188608e-14,1
climate_5a,eulp_mixed_5a,5A,10032,hourly_seed_10032,f3474c604ad09e51c5a32894437a468c80e9d6f3d443ece33e413ee324d445b4,4,61.4634049101,optimal,0,1
climate_5a,eulp_mixed_5a,5A,10032,hourly_seed_10032,f3474c604ad09e51c5a32894437a468c80e9d6f3d443ece33e413ee324d445b4,6,61.4634049101,optimal,0,1
climate_5a,eulp_mixed_5a,5A,10032,hourly_seed_10032,f3474c604ad09e51c5a32894437a468c80e9d6f3d443ece33e413ee324d445b4,8,48.9213151948,optimal,0,1
climate_5a,eulp_mixed_5a,5A,10033,hourly_seed_10033,2fe80dacc03be274020fdb0cbddf2dcbb2f835a74507449c16e20034f92b7c1f,1,55.0658228873,optimal,0,1
climate_5a,eulp_mixed_5a,5A,10033,hourly_seed_10033,2fe80dacc03be274020fdb0cbddf2dcbb2f835a74507449c16e20034f92b7c1f,2,55.0658228873,optimal,0,1
climate_5a,eulp_mixed_5a,5A,10033,hourly_seed_10033,2fe80dacc03be274020fdb0cbddf2dcbb2f835a74507449c16e20034f92b7c1f,3,55.0658228873,optimal,0,1
climate_5a,eulp_mixed_5a,5A,10033,hourly_seed_10033,2fe80dacc03be274020fdb0cbddf2dcbb2f835a74507449c16e20034f92b7c1f,4,55.0658228873,optimal,0,1
climate_5a,eulp_mixed_5a,5A,10033,hourly_seed_10033,2fe80dacc03be274020fdb0cbddf2dcbb2f835a74507449c16e20034f92b7c1f,6,55.0658228873,optimal,0,1
climate_5a,eulp_mixed_5a,5A,10033,hourly_seed_10033,2fe80dacc03be274020fdb0cbddf2dcbb2f835a74507449c16e20034f92b7c1f,8,55.0658228873,optimal,0,1
climate_5a,eulp_mixed_5a,5A,10034,hourly_seed_10034,5802272475cdc5cda87b65cdea294643f214924057cc254ce2b7d01c4b79eab6,1,101.830990946,optimal,5.68434188608e-14,1
climate_5a,eulp_mixed_5a,5A,10034,hourly_seed_10034,5802272475cdc5cda87b65cdea294643f214924057cc254ce2b7d01c4b79eab6,2,94.8841525358,optimal,5.68434188608e-14,1
climate_5a,eulp_mixed_5a,5A,10034,hourly_seed_10034,5802272475cdc5cda87b65cdea294643f214924057cc254ce2b7d01c4b79eab6,3,78.8598703461,optimal,0,1
climate_5a,eulp_mixed_5a,5A,10034,hourly_seed_10034,5802272475cdc5cda87b65cdea294643f214924057cc254ce2b7d01c4b79eab6,4,68.0029374138,optimal,0,1
climate_5a,eulp_mixed_5a,5A,10034,hourly_seed_10034,5802272475cdc5cda87b65cdea294643f214924057cc254ce2b7d01c4b79eab6,6,53.369439977,optimal,0,1
climate_5a,eulp_mixed_5a,5A,10034,hourly_seed_10034,5802272475cdc5cda87b65cdea294643f214924057cc254ce2b7d01c4b79eab6,8,53.369439977,optimal,0,1
climate_5a,eulp_mixed_5a,5A,10035,hourly_seed_10035,3b8a91f0b87d91df3b6887602bc2cfd177563945b76dc87e695ece422359c700,1,53.4901623195,optimal,1.20792265079e-13,1
climate_5a,eulp_mixed_5a,5A,10035,hourly_seed_10035,3b8a91f0b87d91df3b6887602bc2cfd177563945b76dc87e695ece422359c700,2,53.4901623195,optimal,1.20792265079e-13,1
climate_5a,eulp_mixed_5a,5A,10035,hourly_seed_10035,3b8a91f0b87d91df3b6887602bc2cfd177563945b76dc87e695ece422359c700,3,53.4901623195,optimal,1.20792265079e-13,1
climate_5a,eulp_mixed_5a,5A,10035,hourly_seed_10035,3b8a91f0b87d91df3b6887602bc2cfd177563945b76dc87e695ece422359c700,4,53.4901623195,optimal,1.20792265079e-13,1
climate_5a,eulp_mixed_5a,5A,10035,hourly_seed_10035,3b8a91f0b87d91df3b6887602bc2cfd177563945b76dc87e695ece422359c700,6,53.4901623195,optimal,1.20792265079e-13,1
climate_5a,eulp_mixed_5a,5A,10035,hourly_seed_10035,3b8a91f0b87d91df3b6887602bc2cfd177563945b76dc87e695ece422359c700,8,48.7107991511,optimal,6.39488462184e-14,1
climate_5a,eulp_mixed_5a,5A,10036,hourly_seed_10036,e756481c9bf944ada333f66c973d85c720a6fa2096a1d52d89bf243759ab7403,1,82.5836359044,optimal,0,1
climate_5a,eulp_mixed_5a,5A,10036,hourly_seed_10036,e756481c9bf944ada333f66c973d85c720a6fa2096a1d52d89bf243759ab7403,2,71.8193402969,optimal,-5.68434188608e-14,1
climate_5a,eulp_mixed_5a,5A,10036,hourly_seed_10036,e756481c9bf944ada333f66c973d85c720a6fa2096a1d52d89bf243759ab7403,3,69.0548172406,optimal,0,1
climate_5a,eulp_mixed_5a,5A,10036,hourly_seed_10036,e756481c9bf944ada333f66c973d85c720a6fa2096a1d52d89bf243759ab7403,4,59.179670212,optimal,6.39488462184e-14,1
climate_5a,eulp_mixed_5a,5A,10036,hourly_seed_10036,e756481c9bf944ada333f66c973d85c720a6fa2096a1d52d89bf243759ab7403,6,59.179670212,optimal,6.39488462184e-14,1
climate_5a,eulp_mixed_5a,5A,10036,hourly_seed_10036,e756481c9bf944ada333f66c973d85c720a6fa2096a1d52d89bf243759ab7403,8,59.179670212,optimal,6.39488462184e-14,1
climate_5a,eulp_mixed_5a,5A,10037,hourly_seed_10037,cfa89fe25bbaaf6100e758fd9cc074830921d5b9c18066a3ddf3fa652bce7b8c,1,112.157887497,optimal,-5.68434188608e-14,1
climate_5a,eulp_mixed_5a,5A,10037,hourly_seed_10037,cfa89fe25bbaaf6100e758fd9cc074830921d5b9c18066a3ddf3fa652bce7b8c,2,110.604857247,optimal,0,1
climate_5a,eulp_mixed_5a,5A,10037,hourly_seed_10037,cfa89fe25bbaaf6100e758fd9cc074830921d5b9c18066a3ddf3fa652bce7b8c,3,86.6034753756,optimal,0,1
climate_5a,eulp_mixed_5a,5A,10037,hourly_seed_10037,cfa89fe25bbaaf6100e758fd9cc074830921d5b9c18066a3ddf3fa652bce7b8c,4,86.6034753756,optimal,0,1
climate_5a,eulp_mixed_5a,5A,10037,hourly_seed_10037,cfa89fe25bbaaf6100e758fd9cc074830921d5b9c18066a3ddf3fa652bce7b8c,6,60.5212968671,optimal,0,1
climate_5a,eulp_mixed_5a,5A,10037,hourly_seed_10037,cfa89fe25bbaaf6100e758fd9cc074830921d5b9c18066a3ddf3fa652bce7b8c,8,53.8342242726,optimal,0,1
climate_5a,eulp_mixed_5a,5A,10038,hourly_seed_10038,04ecc78762dbb5abd3f3560ce09600261213420b75b8eb5de8a99870ac160888,1,69.1884617566,optimal,0,1
climate_5a,eulp_mixed_5a,5A,10038,hourly_seed_10038,04ecc78762dbb5abd3f3560ce09600261213420b75b8eb5de8a99870ac160888,2,69.1884617566,optimal,0,1
climate_5a,eulp_mixed_5a,5A,10038,hourly_seed_10038,04ecc78762dbb5abd3f3560ce09600261213420b75b8eb5de8a99870ac160888,3,54.9173325109,optimal,0,1
climate_5a,eulp_mixed_5a,5A,10038,hourly_seed_10038,04ecc78762dbb5abd3f3560ce09600261213420b75b8eb5de8a99870ac160888,4,54.9173325109,optimal,0,1
climate_5a,eulp_mixed_5a,5A,10038,hourly_seed_10038,04ecc78762dbb5abd3f3560ce09600261213420b75b8eb5de8a99870ac160888,6,54.9173325109,optimal,0,1
climate_5a,eulp_mixed_5a,5A,10038,hourly_seed_10038,04ecc78762dbb5abd3f3560ce09600261213420b75b8eb5de8a99870ac160888,8,54.9173325109,optimal,0,1
climate_5a,eulp_mixed_5a,5A,10039,hourly_seed_10039,1bdc6f6718ce480e14872abf8c817ca7f2474c925421164d37dcd81ef7bbdf7f,1,67.0604107076,optimal,7.1054273576e-14,1
climate_5a,eulp_mixed_5a,5A,10039,hourly_seed_10039,1bdc6f6718ce480e14872abf8c817ca7f2474c925421164d37dcd81ef7bbdf7f,2,67.0604107076,optimal,7.1054273576e-14,1
climate_5a,eulp_mixed_5a,5A,10039,hourly_seed_10039,1bdc6f6718ce480e14872abf8c817ca7f2474c925421164d37dcd81ef7bbdf7f,3,66.6099516959,optimal,-1.13686837722e-13,1
climate_5a,eulp_mixed_5a,5A,10039,hourly_seed_10039,1bdc6f6718ce480e14872abf8c817ca7f2474c925421164d37dcd81ef7bbdf7f,4,59.2140502247,optimal,-6.39488462184e-14,1
climate_5a,eulp_mixed_5a,5A,10039,hourly_seed_10039,1bdc6f6718ce480e14872abf8c817ca7f2474c925421164d37dcd81ef7bbdf7f,6,55.6475313976,optimal,0,1
climate_5a,eulp_mixed_5a,5A,10039,hourly_seed_10039,1bdc6f6718ce480e14872abf8c817ca7f2474c925421164d37dcd81ef7bbdf7f,8,55.6475313976,optimal,0,1
climate_5a,eulp_mixed_5a,5A,10040,hourly_seed_10040,858dd48d04360e8d2e31a8cd39a5239c5ee8d7b0796a19e2d33fe60a4ca14ce4,1,111.809388449,optimal,1.13686837722e-13,1
climate_5a,eulp_mixed_5a,5A,10040,hourly_seed_10040,858dd48d04360e8d2e31a8cd39a5239c5ee8d7b0796a19e2d33fe60a4ca14ce4,2,72.949779586,optimal,0,1
climate_5a,eulp_mixed_5a,5A,10040,hourly_seed_10040,858dd48d04360e8d2e31a8cd39a5239c5ee8d7b0796a19e2d33fe60a4ca14ce4,3,53.0576261673,optimal,-5.68434188608e-14,1
climate_5a,eulp_mixed_5a,5A,10040,hourly_seed_10040,858dd48d04360e8d2e31a8cd39a5239c5ee8d7b0796a19e2d33fe60a4ca14ce4,4,53.0576261673,optimal,-5.68434188608e-14,1
climate_5a,eulp_mixed_5a,5A,10040,hourly_seed_10040,858dd48d04360e8d2e31a8cd39a5239c5ee8d7b0796a19e2d33fe60a4ca14ce4,6,53.0576261673,optimal,-5.68434188608e-14,1
climate_5a,eulp_mixed_5a,5A,10040,hourly_seed_10040,858dd48d04360e8d2e31a8cd39a5239c5ee8d7b0796a19e2d33fe60a4ca14ce4,8,53.0576261673,optimal,-5.68434188608e-14,1
climate_5a,eulp_mixed_5a,5A,10041,hourly_seed_10041,58649b802fc94f6b4ee9db9a8d42003776b5e17dbf838fce05ed038d133919e7,1,74.2044675678,optimal,5.68434188608e-14,1
climate_5a,eulp_mixed_5a,5A,10041,hourly_seed_10041,58649b802fc94f6b4ee9db9a8d42003776b5e17dbf838fce05ed038d133919e7,2,58.6663805991,optimal,0,1
climate_5a,eulp_mixed_5a,5A,10041,hourly_seed_10041,58649b802fc94f6b4ee9db9a8d42003776b5e17dbf838fce05ed038d133919e7,3,58.6663805991,optimal,0,1
climate_5a,eulp_mixed_5a,5A,10041,hourly_seed_10041,58649b802fc94f6b4ee9db9a8d42003776b5e17dbf838fce05ed038d133919e7,4,45.4233250151,optimal,0,1
climate_5a,eulp_mixed_5a,5A,10041,hourly_seed_10041,58649b802fc94f6b4ee9db9a8d42003776b5e17dbf838fce05ed038d133919e7,6,45.4233250151,optimal,0,1
climate_5a,eulp_mixed_5a,5A,10041,hourly_seed_10041,58649b802fc94f6b4ee9db9a8d42003776b5e17dbf838fce05ed038d133919e7,8,45.4233250151,optimal,0,1
climate_5a,eulp_mixed_5a,5A,10042,hourly_seed_10042,8d502e688d80bbd81a07bdc7c4bd8dd84cf715115253661221f806591a7a8522,1,72.7232574597,optimal,0,1
climate_5a,eulp_mixed_5a,5A,10042,hourly_seed_10042,8d502e688d80bbd81a07bdc7c4bd8dd84cf715115253661221f806591a7a8522,2,67.271640286,optimal,-5.68434188608e-14,1
climate_5a,eulp_mixed_5a,5A,10042,hourly_seed_10042,8d502e688d80bbd81a07bdc7c4bd8dd84cf715115253661221f806591a7a8522,3,51.9151097054,optimal,0,1
climate_5a,eulp_mixed_5a,5A,10042,hourly_seed_10042,8d502e688d80bbd81a07bdc7c4bd8dd84cf715115253661221f806591a7a8522,4,51.9151097054,optimal,0,1
climate_5a,eulp_mixed_5a,5A,10042,hourly_seed_10042,8d502e688d80bbd81a07bdc7c4bd8dd84cf715115253661221f806591a7a8522,6,51.9151097054,optimal,0,1
climate_5a,eulp_mixed_5a,5A,10042,hourly_seed_10042,8d502e688d80bbd81a07bdc7c4bd8dd84cf715115253661221f806591a7a8522,8,51.9151097054,optimal,0,1
climate_5a,eulp_mixed_5a,5A,10043,hourly_seed_10043,9431fc2639e65d1e99e455b4fb24513ced37bfd7ce419dedaa8f28e406ed5957,1,61.4593996302,optimal,-6.39488462184e-14,1
climate_5a,eulp_mixed_5a,5A,10043,hourly_seed_10043,9431fc2639e65d1e99e455b4fb24513ced37bfd7ce419dedaa8f28e406ed5957,2,61.4593996302,optimal,-6.39488462184e-14,1
climate_5a,eulp_mixed_5a,5A,10043,hourly_seed_10043,9431fc2639e65d1e99e455b4fb24513ced37bfd7ce419dedaa8f28e406ed5957,3,41.6790518929,optimal,-5.68434188608e-14,1
climate_5a,eulp_mixed_5a,5A,10043,hourly_seed_10043,9431fc2639e65d1e99e455b4fb24513ced37bfd7ce419dedaa8f28e406ed5957,4,41.6790518929,optimal,-5.68434188608e-14,1
climate_5a,eulp_mixed_5a,5A,10043,hourly_seed_10043,9431fc2639e65d1e99e455b4fb24513ced37bfd7ce419dedaa8f28e406ed5957,6,41.6790518929,optimal,-5.68434188608e-14,1
climate_5a,eulp_mixed_5a,5A,10043,hourly_seed_10043,9431fc2639e65d1e99e455b4fb24513ced37bfd7ce419dedaa8f28e406ed5957,8,41.6790518929,optimal,-5.68434188608e-14,1
climate_5a,eulp_mixed_5a,5A,10044,hourly_seed_10044,5c45aed9168d9c8b9173c8a7d303140cb584413e8c7d45afcdea8fa9086719a1,1,65.0999637267,optimal,0,1
climate_5a,eulp_mixed_5a,5A,10044,hourly_seed_10044,5c45aed9168d9c8b9173c8a7d303140cb584413e8c7d45afcdea8fa9086719a1,2,65.0999637267,optimal,0,1
climate_5a,eulp_mixed_5a,5A,10044,hourly_seed_10044,5c45aed9168d9c8b9173c8a7d303140cb584413e8c7d45afcdea8fa9086719a1,3,63.7505795839,optimal,6.39488462184e-14,1
climate_5a,eulp_mixed_5a,5A,10044,hourly_seed_10044,5c45aed9168d9c8b9173c8a7d303140cb584413e8c7d45afcdea8fa9086719a1,4,63.7505795839,optimal,6.39488462184e-14,1
climate_5a,eulp_mixed_5a,5A,10044,hourly_seed_10044,5c45aed9168d9c8b9173c8a7d303140cb584413e8c7d45afcdea8fa9086719a1,6,63.7505795839,optimal,6.39488462184e-14,1
climate_5a,eulp_mixed_5a,5A,10044,hourly_seed_10044,5c45aed9168d9c8b9173c8a7d303140cb584413e8c7d45afcdea8fa9086719a1,8,63.7505795839,optimal,6.39488462184e-14,1
climate_5a,eulp_mixed_5a,5A,10045,hourly_seed_10045,818b81e624aa23a795f5e924d989041f266048226b8d5aa71a7be30ac3a5ef2d,1,65.6470484286,optimal,0,1
climate_5a,eulp_mixed_5a,5A,10045,hourly_seed_10045,818b81e624aa23a795f5e924d989041f266048226b8d5aa71a7be30ac3a5ef2d,2,65.6470484286,optimal,0,1
climate_5a,eulp_mixed_5a,5A,10045,hourly_seed_10045,818b81e624aa23a795f5e924d989041f266048226b8d5aa71a7be30ac3a5ef2d,3,65.6470484286,optimal,0,1
climate_5a,eulp_mixed_5a,5A,10045,hourly_seed_10045,818b81e624aa23a795f5e924d989041f266048226b8d5aa71a7be30ac3a5ef2d,4,65.6470484286,optimal,0,1
climate_5a,eulp_mixed_5a,5A,10045,hourly_seed_10045,818b81e624aa23a795f5e924d989041f266048226b8d5aa71a7be30ac3a5ef2d,6,63.0399671199,optimal,-5.68434188608e-14,1
climate_5a,eulp_mixed_5a,5A,10045,hourly_seed_10045,818b81e624aa23a795f5e924d989041f266048226b8d5aa71a7be30ac3a5ef2d,8,57.5980160935,optimal,-6.39488462184e-14,1
climate_5a,eulp_mixed_5a,5A,10046,hourly_seed_10046,a45100502d10189d9ae99cac51b265f44fbfa6c14346be8d7c86c1ed757717f4,1,111.386089493,optimal,5.68434188608e-14,1
climate_5a,eulp_mixed_5a,5A,10046,hourly_seed_10046,a45100502d10189d9ae99cac51b265f44fbfa6c14346be8d7c86c1ed757717f4,2,100.181674904,optimal,-5.68434188608e-14,1
climate_5a,eulp_mixed_5a,5A,10046,hourly_seed_10046,a45100502d10189d9ae99cac51b265f44fbfa6c14346be8d7c86c1ed757717f4,3,93.8537570747,optimal,0,1
climate_5a,eulp_mixed_5a,5A,10046,hourly_seed_10046,a45100502d10189d9ae99cac51b265f44fbfa6c14346be8d7c86c1ed757717f4,4,54.4991362232,optimal,-5.68434188608e-14,1
climate_5a,eulp_mixed_5a,5A,10046,hourly_seed_10046,a45100502d10189d9ae99cac51b265f44fbfa6c14346be8d7c86c1ed757717f4,6,54.4991362232,optimal,-5.68434188608e-14,1
climate_5a,eulp_mixed_5a,5A,10046,hourly_seed_10046,a45100502d10189d9ae99cac51b265f44fbfa6c14346be8d7c86c1ed757717f4,8,37.7597540487,optimal,0,1
climate_5a,eulp_mixed_5a,5A,10047,hourly_seed_10047,7a4d63a72d60ac802d8f1dcb24f69eda3f2f8d7116d9d855eb3f3fcdcc52feb4,1,112.421629601,optimal,0,1
climate_5a,eulp_mixed_5a,5A,10047,hourly_seed_10047,7a4d63a72d60ac802d8f1dcb24f69eda3f2f8d7116d9d855eb3f3fcdcc52feb4,2,85.0141880201,optimal,0,1
climate_5a,eulp_mixed_5a,5A,10047,hourly_seed_10047,7a4d63a72d60ac802d8f1dcb24f69eda3f2f8d7116d9d855eb3f3fcdcc52feb4,3,78.7965750688,optimal,5.68434188608e-14,1
climate_5a,eulp_mixed_5a,5A,10047,hourly_seed_10047,7a4d63a72d60ac802d8f1dcb24f69eda3f2f8d7116d9d855eb3f3fcdcc52feb4,4,54.5700429286,optimal,-6.39488462184e-14,1
climate_5a,eulp_mixed_5a,5A,10047,hourly_seed_10047,7a4d63a72d60ac802d8f1dcb24f69eda3f2f8d7116d9d855eb3f3fcdcc52feb4,6,54.5700429286,optimal,-6.39488462184e-14,1
climate_5a,eulp_mixed_5a,5A,10047,hourly_seed_10047,7a4d63a72d60ac802d8f1dcb24f69eda3f2f8d7116d9d855eb3f3fcdcc52feb4,8,41.7366666282,optimal,0,1
climate_5a,eulp_mixed_5a,5A,10048,hourly_seed_10048,08c6c9a5b9e533fd81182e964b2481b2529ee8c7cc89b6b25bd30d96ace863a7,1,113.259466505,optimal,-5.68434188608e-14,1
climate_5a,eulp_mixed_5a,5A,10048,hourly_seed_10048,08c6c9a5b9e533fd81182e964b2481b2529ee8c7cc89b6b25bd30d96ace863a7,2,111.01493239,optimal,0,1
climate_5a,eulp_mixed_5a,5A,10048,hourly_seed_10048,08c6c9a5b9e533fd81182e964b2481b2529ee8c7cc89b6b25bd30d96ace863a7,3,98.700428243,optimal,0,1
climate_5a,eulp_mixed_5a,5A,10048,hourly_seed_10048,08c6c9a5b9e533fd81182e964b2481b2529ee8c7cc89b6b25bd30d96ace863a7,4,63.2395918013,optimal,-5.68434188608e-14,1
climate_5a,eulp_mixed_5a,5A,10048,hourly_seed_10048,08c6c9a5b9e533fd81182e964b2481b2529ee8c7cc89b6b25bd30d96ace863a7,6,63.2395918013,optimal,-5.68434188608e-14,1
climate_5a,eulp_mixed_5a,5A,10048,hourly_seed_10048,08c6c9a5b9e533fd81182e964b2481b2529ee8c7cc89b6b25bd30d96ace863a7,8,51.7236237953,optimal,0,1
climate_5a,eulp_mixed_5a,5A,10049,hourly_seed_10049,2e149e84d83198e6a7d9b057b74e16057eb3c4e01eea1f278a1e5ccad974147f,1,90.8308937765,optimal,-1.13686837722e-13,1
climate_5a,eulp_mixed_5a,5A,10049,hourly_seed_10049,2e149e84d83198e6a7d9b057b74e16057eb3c4e01eea1f278a1e5ccad974147f,2,61.3017126632,optimal,0,1
climate_5a,eulp_mixed_5a,5A,10049,hourly_seed_10049,2e149e84d83198e6a7d9b057b74e16057eb3c4e01eea1f278a1e5ccad974147f,3,49.5106093608,optimal,5.68434188608e-14,1
climate_5a,eulp_mixed_5a,5A,10049,hourly_seed_10049,2e149e84d83198e6a7d9b057b74e16057eb3c4e01eea1f278a1e5ccad974147f,4,49.5106093608,optimal,5.68434188608e-14,1
climate_5a,eulp_mixed_5a,5A,10049,hourly_seed_10049,2e149e84d83198e6a7d9b057b74e16057eb3c4e01eea1f278a1e5ccad974147f,6,49.5106093608,optimal,5.68434188608e-14,1
climate_5a,eulp_mixed_5a,5A,10049,hourly_seed_10049,2e149e84d83198e6a7d9b057b74e16057eb3c4e01eea1f278a1e5ccad974147f,8,47.5796857074,optimal,0,1
climate_5a,eulp_mixed_5a,5A,10050,hourly_seed_10050,3f1e3c0800abf2a21bed2dcfc6b00e0ddc6ab240e88274c36dc3278c93fc98c1,1,58.3635623157,optimal,1.13686837722e-13,1
climate_5a,eulp_mixed_5a,5A,10050,hourly_seed_10050,3f1e3c0800abf2a21bed2dcfc6b00e0ddc6ab240e88274c36dc3278c93fc98c1,2,45.1685704923,optimal,0,1
climate_5a,eulp_mixed_5a,5A,10050,hourly_seed_10050,3f1e3c0800abf2a21bed2dcfc6b00e0ddc6ab240e88274c36dc3278c93fc98c1,3,45.1685704923,optimal,0,1
climate_5a,eulp_mixed_5a,5A,10050,hourly_seed_10050,3f1e3c0800abf2a21bed2dcfc6b00e0ddc6ab240e88274c36dc3278c93fc98c1,4,45.1685704923,optimal,0,1
climate_5a,eulp_mixed_5a,5A,10050,hourly_seed_10050,3f1e3c0800abf2a21bed2dcfc6b00e0ddc6ab240e88274c36dc3278c93fc98c1,6,45.1685704923,optimal,0,1
climate_5a,eulp_mixed_5a,5A,10050,hourly_seed_10050,3f1e3c0800abf2a21bed2dcfc6b00e0ddc6ab240e88274c36dc3278c93fc98c1,8,45.1685704923,optimal,0,1
climate_5a,eulp_mixed_5a,5A,10051,hourly_seed_10051,584a08081dc8cb515cac059f51ce456813aa13a9e26d148b368a44aaa9330d25,1,98.0714128615,optimal,0,1
climate_5a,eulp_mixed_5a,5A,10051,hourly_seed_10051,584a08081dc8cb515cac059f51ce456813aa13a9e26d148b368a44aaa9330d25,2,77.3775963128,optimal,1.27897692437e-13,1
climate_5a,eulp_mixed_5a,5A,10051,hourly_seed_10051,584a08081dc8cb515cac059f51ce456813aa13a9e26d148b368a44aaa9330d25,3,77.3775963128,optimal,1.27897692437e-13,1
climate_5a,eulp_mixed_5a,5A,10051,hourly_seed_10051,584a08081dc8cb515cac059f51ce456813aa13a9e26d148b368a44aaa9330d25,4,67.8269368006,optimal,-1.27897692437e-13,1
climate_5a,eulp_mixed_5a,5A,10051,hourly_seed_10051,584a08081dc8cb515cac059f51ce456813aa13a9e26d148b368a44aaa9330d25,6,61.6639333835,optimal,0,1
climate_5a,eulp_mixed_5a,5A,10051,hourly_seed_10051,584a08081dc8cb515cac059f51ce456813aa13a9e26d148b368a44aaa9330d25,8,61.6639333835,optimal,0,1
climate_5a,eulp_mixed_5a,5A,10052,hourly_seed_10052,5f9e53953fc3701c9b7e98bc1515a7cef3993c799976f7b7b30383629a82427e,1,63.7205325216,optimal,-5.68434188608e-14,1
climate_5a,eulp_mixed_5a,5A,10052,hourly_seed_10052,5f9e53953fc3701c9b7e98bc1515a7cef3993c799976f7b7b30383629a82427e,2,62.4093412326,optimal,-5.68434188608e-14,1
climate_5a,eulp_mixed_5a,5A,10052,hourly_seed_10052,5f9e53953fc3701c9b7e98bc1515a7cef3993c799976f7b7b30383629a82427e,3,62.4093412326,optimal,-5.68434188608e-14,1
climate_5a,eulp_mixed_5a,5A,10052,hourly_seed_10052,5f9e53953fc3701c9b7e98bc1515a7cef3993c799976f7b7b30383629a82427e,4,62.4093412326,optimal,-5.68434188608e-14,1
climate_5a,eulp_mixed_5a,5A,10052,hourly_seed_10052,5f9e53953fc3701c9b7e98bc1515a7cef3993c799976f7b7b30383629a82427e,6,52.3000428283,optimal,-2.84217094304e-14,1
climate_5a,eulp_mixed_5a,5A,10052,hourly_seed_10052,5f9e53953fc3701c9b7e98bc1515a7cef3993c799976f7b7b30383629a82427e,8,52.3000428283,optimal,-2.84217094304e-14,1
climate_5a,eulp_mixed_5a,5A,10053,hourly_seed_10053,8e9900935bbd3637b8351e970e3cc3b0e76990341b5922934e8d0275b0e46a16,1,107.652965812,optimal,-1.13686837722e-13,1
climate_5a,eulp_mixed_5a,5A,10053,hourly_seed_10053,8e9900935bbd3637b8351e970e3cc3b0e76990341b5922934e8d0275b0e46a16,2,80.8534288144,optimal,0,1
climate_5a,eulp_mixed_5a,5A,10053,hourly_seed_10053,8e9900935bbd3637b8351e970e3cc3b0e76990341b5922934e8d0275b0e46a16,3,63.6042871412,optimal,0,1
climate_5a,eulp_mixed_5a,5A,10053,hourly_seed_10053,8e9900935bbd3637b8351e970e3cc3b0e76990341b5922934e8d0275b0e46a16,4,63.6042871412,optimal,0,1
climate_5a,eulp_mixed_5a,5A,10053,hourly_seed_10053,8e9900935bbd3637b8351e970e3cc3b0e76990341b5922934e8d0275b0e46a16,6,63.6042871412,optimal,0,1
climate_5a,eulp_mixed_5a,5A,10053,hourly_seed_10053,8e9900935bbd3637b8351e970e3cc3b0e76990341b5922934e8d0275b0e46a16,8,58.2135619756,optimal,0,1
climate_5a,eulp_mixed_5a,5A,10054,hourly_seed_10054,bda7e2a370e8c0b09e07e33a9ddefad75453c21f7f93c7d678e72157be42199f,1,96.008862184,optimal,5.68434188608e-14,1
climate_5a,eulp_mixed_5a,5A,10054,hourly_seed_10054,bda7e2a370e8c0b09e07e33a9ddefad75453c21f7f93c7d678e72157be42199f,2,74.8526683544,optimal,-5.68434188608e-14,1
climate_5a,eulp_mixed_5a,5A,10054,hourly_seed_10054,bda7e2a370e8c0b09e07e33a9ddefad75453c21f7f93c7d678e72157be42199f,3,74.8526683544,optimal,-5.68434188608e-14,1
climate_5a,eulp_mixed_5a,5A,10054,hourly_seed_10054,bda7e2a370e8c0b09e07e33a9ddefad75453c21f7f93c7d678e72157be42199f,4,74.8526683544,optimal,-5.68434188608e-14,1
climate_5a,eulp_mixed_5a,5A,10054,hourly_seed_10054,bda7e2a370e8c0b09e07e33a9ddefad75453c21f7f93c7d678e72157be42199f,6,49.2458141119,optimal,0,1
climate_5a,eulp_mixed_5a,5A,10054,hourly_seed_10054,bda7e2a370e8c0b09e07e33a9ddefad75453c21f7f93c7d678e72157be42199f,8,49.2458141119,optimal,0,1
climate_5a,eulp_mixed_5a,5A,10055,hourly_seed_10055,560504d97ebfcda306bad71fb13a2396cf0e14a74dbb7771c44f41061d39d323,1,100.33684935,optimal,-1.13686837722e-13,1
climate_5a,eulp_mixed_5a,5A,10055,hourly_seed_10055,560504d97ebfcda306bad71fb13a2396cf0e14a74dbb7771c44f41061d39d323,2,79.2634905072,optimal,0,1
climate_5a,eulp_mixed_5a,5A,10055,hourly_seed_10055,560504d97ebfcda306bad71fb13a2396cf0e14a74dbb7771c44f41061d39d323,3,71.2747444476,optimal,0,1
climate_5a,eulp_mixed_5a,5A,10055,hourly_seed_10055,560504d97ebfcda306bad71fb13a2396cf0e14a74dbb7771c44f41061d39d323,4,66.2369514136,optimal,0,1
climate_5a,eulp_mixed_5a,5A,10055,hourly_seed_10055,560504d97ebfcda306bad71fb13a2396cf0e14a74dbb7771c44f41061d39d323,6,62.1732537319,optimal,-1.20792265079e-13,1
climate_5a,eulp_mixed_5a,5A,10055,hourly_seed_10055,560504d97ebfcda306bad71fb13a2396cf0e14a74dbb7771c44f41061d39d323,8,62.1732537319,optimal,-1.20792265079e-13,1
climate_5a,eulp_mixed_5a,5A,10056,hourly_seed_10056,66111a8ccb8de58718925d8068c0ce7328442d4a51001e4b2f24c287d90b50db,1,108.355418852,optimal,0,1
climate_5a,eulp_mixed_5a,5A,10056,hourly_seed_10056,66111a8ccb8de58718925d8068c0ce7328442d4a51001e4b2f24c287d90b50db,2,61.163456069,optimal,0,1
climate_5a,eulp_mixed_5a,5A,10056,hourly_seed_10056,66111a8ccb8de58718925d8068c0ce7328442d4a51001e4b2f24c287d90b50db,3,61.163456069,optimal,0,1
climate_5a,eulp_mixed_5a,5A,10056,hourly_seed_10056,66111a8ccb8de58718925d8068c0ce7328442d4a51001e4b2f24c287d90b50db,4,61.163456069,optimal,0,1
climate_5a,eulp_mixed_5a,5A,10056,hourly_seed_10056,66111a8ccb8de58718925d8068c0ce7328442d4a51001e4b2f24c287d90b50db,6,61.163456069,optimal,0,1
climate_5a,eulp_mixed_5a,5A,10056,hourly_seed_10056,66111a8ccb8de58718925d8068c0ce7328442d4a51001e4b2f24c287d90b50db,8,57.8878060453,optimal,0,1
climate_5a,eulp_mixed_5a,5A,10057,hourly_seed_10057,c0d4899e51c546d776f5b738a1ae3ab8624a9b49783a469de8d241f140286788,1,111.453288697,optimal,5.68434188608e-14,1
climate_5a,eulp_mixed_5a,5A,10057,hourly_seed_10057,c0d4899e51c546d776f5b738a1ae3ab8624a9b49783a469de8d241f140286788,2,108.431829451,optimal,0,1
climate_5a,eulp_mixed_5a,5A,10057,hourly_seed_10057,c0d4899e51c546d776f5b738a1ae3ab8624a9b49783a469de8d241f140286788,3,52.3862200158,optimal,0,1
climate_5a,eulp_mixed_5a,5A,10057,hourly_seed_10057,c0d4899e51c546d776f5b738a1ae3ab8624a9b49783a469de8d241f140286788,4,52.3862200158,optimal,0,1
climate_5a,eulp_mixed_5a,5A,10057,hourly_seed_10057,c0d4899e51c546d776f5b738a1ae3ab8624a9b49783a469de8d241f140286788,6,52.3862200158,optimal,0,1
climate_5a,eulp_mixed_5a,5A,10057,hourly_seed_10057,c0d4899e51c546d776f5b738a1ae3ab8624a9b49783a469de8d241f140286788,8,52.3862200158,optimal,0,1
climate_5a,eulp_mixed_5a,5A,10058,hourly_seed_10058,bab2371bda7c584de698714d07d73b6e6761745bc33ddda7958c836cf89489b0,1,99.338246282,optimal,0,1
climate_5a,eulp_mixed_5a,5A,10058,hourly_seed_10058,bab2371bda7c584de698714d07d73b6e6761745bc33ddda7958c836cf89489b0,2,66.106644446,optimal,0,1
climate_5a,eulp_mixed_5a,5A,10058,hourly_seed_10058,bab2371bda7c584de698714d07d73b6e6761745bc33ddda7958c836cf89489b0,3,66.106644446,optimal,0,1
climate_5a,eulp_mixed_5a,5A,10058,hourly_seed_10058,bab2371bda7c584de698714d07d73b6e6761745bc33ddda7958c836cf89489b0,4,48.1984638025,optimal,-6.39488462184e-14,1
climate_5a,eulp_mixed_5a,5A,10058,hourly_seed_10058,bab2371bda7c584de698714d07d73b6e6761745bc33ddda7958c836cf89489b0,6,48.1984638025,optimal,-6.39488462184e-14,1
climate_5a,eulp_mixed_5a,5A,10058,hourly_seed_10058,bab2371bda7c584de698714d07d73b6e6761745bc33ddda7958c836cf89489b0,8,48.1984638025,optimal,-6.39488462184e-14,1
climate_5a,eulp_mixed_5a,5A,10059,hourly_seed_10059,1dafc7e3271aeb67754adcb79a5ba3c329928d1919cf2c29f887492aec4fa8ba,1,76.0771926086,optimal,0,1
climate_5a,eulp_mixed_5a,5A,10059,hourly_seed_10059,1dafc7e3271aeb67754adcb79a5ba3c329928d1919cf2c29f887492aec4fa8ba,2,76.0771926086,optimal,0,1
climate_5a,eulp_mixed_5a,5A,10059,hourly_seed_10059,1dafc7e3271aeb67754adcb79a5ba3c329928d1919cf2c29f887492aec4fa8ba,3,76.0771926086,optimal,0,1
climate_5a,eulp_mixed_5a,5A,10059,hourly_seed_10059,1dafc7e3271aeb67754adcb79a5ba3c329928d1919cf2c29f887492aec4fa8ba,4,76.0771926086,optimal,0,1
climate_5a,eulp_mixed_5a,5A,10059,hourly_seed_10059,1dafc7e3271aeb67754adcb79a5ba3c329928d1919cf2c29f887492aec4fa8ba,6,63.7084353802,optimal,6.39488462184e-14,1
climate_5a,eulp_mixed_5a,5A,10059,hourly_seed_10059,1dafc7e3271aeb67754adcb79a5ba3c329928d1919cf2c29f887492aec4fa8ba,8,59.5915182608,optimal,-5.68434188608e-14,1
climate_5a,eulp_mixed_5a,5A,10060,hourly_seed_10060,fccc4ca1913d6f6ca5c41d9251905803bb29e007e2fdc340da64ec1a2ad36a0e,1,111.720464317,optimal,0,1
climate_5a,eulp_mixed_5a,5A,10060,hourly_seed_10060,fccc4ca1913d6f6ca5c41d9251905803bb29e007e2fdc340da64ec1a2ad36a0e,2,110.294844158,optimal,5.68434188608e-14,1
climate_5a,eulp_mixed_5a,5A,10060,hourly_seed_10060,fccc4ca1913d6f6ca5c41d9251905803bb29e007e2fdc340da64ec1a2ad36a0e,3,110.294844158,optimal,5.68434188608e-14,1
climate_5a,eulp_mixed_5a,5A,10060,hourly_seed_10060,fccc4ca1913d6f6ca5c41d9251905803bb29e007e2fdc340da64ec1a2ad36a0e,4,105.237937126,optimal,0,1
climate_5a,eulp_mixed_5a,5A,10060,hourly_seed_10060,fccc4ca1913d6f6ca5c41d9251905803bb29e007e2fdc340da64ec1a2ad36a0e,6,64.8293061517,optimal,0,1
climate_5a,eulp_mixed_5a,5A,10060,hourly_seed_10060,fccc4ca1913d6f6ca5c41d9251905803bb29e007e2fdc340da64ec1a2ad36a0e,8,64.8293061517,optimal,0,1
climate_5a,eulp_mixed_5a,5A,10061,hourly_seed_10061,24aad2942b55a318f7beac4afe9d48693fa5d1ccceadf94adfc664de69175cd4,1,68.6486292503,optimal,0,1
climate_5a,eulp_mixed_5a,5A,10061,hourly_seed_10061,24aad2942b55a318f7beac4afe9d48693fa5d1ccceadf94adfc664de69175cd4,2,57.707045724,optimal,0,1
climate_5a,eulp_mixed_5a,5A,10061,hourly_seed_10061,24aad2942b55a318f7beac4afe9d48693fa5d1ccceadf94adfc664de69175cd4,3,57.707045724,optimal,0,1
climate_5a,eulp_mixed_5a,5A,10061,hourly_seed_10061,24aad2942b55a318f7beac4afe9d48693fa5d1ccceadf94adfc664de69175cd4,4,57.707045724,optimal,0,1
climate_5a,eulp_mixed_5a,5A,10061,hourly_seed_10061,24aad2942b55a318f7beac4afe9d48693fa5d1ccceadf94adfc664de69175cd4,6,57.707045724,optimal,0,1
climate_5a,eulp_mixed_5a,5A,10061,hourly_seed_10061,24aad2942b55a318f7beac4afe9d48693fa5d1ccceadf94adfc664de69175cd4,8,57.707045724,optimal,0,1
climate_5a,eulp_mixed_5a,5A,10062,hourly_seed_10062,f4d9e3bdd99df6b50d4f6561ac91c6faca816b3bea41f85290db73d6005f4cd8,1,98.8856275351,optimal,-5.68434188608e-14,1
climate_5a,eulp_mixed_5a,5A,10062,hourly_seed_10062,f4d9e3bdd99df6b50d4f6561ac91c6faca816b3bea41f85290db73d6005f4cd8,2,64.8032078454,optimal,0,1
climate_5a,eulp_mixed_5a,5A,10062,hourly_seed_10062,f4d9e3bdd99df6b50d4f6561ac91c6faca816b3bea41f85290db73d6005f4cd8,3,64.8032078454,optimal,0,1
climate_5a,eulp_mixed_5a,5A,10062,hourly_seed_10062,f4d9e3bdd99df6b50d4f6561ac91c6faca816b3bea41f85290db73d6005f4cd8,4,60.6469101464,optimal,0,1
climate_5a,eulp_mixed_5a,5A,10062,hourly_seed_10062,f4d9e3bdd99df6b50d4f6561ac91c6faca816b3bea41f85290db73d6005f4cd8,6,49.8265053706,optimal,0,1
climate_5a,eulp_mixed_5a,5A,10062,hourly_seed_10062,f4d9e3bdd99df6b50d4f6561ac91c6faca816b3bea41f85290db73d6005f4cd8,8,49.8265053706,optimal,0,1
climate_5a,eulp_mixed_5a,5A,10063,hourly_seed_10063,bdcc8fb7976cdca0d4d4cf046e211941d0781810dfb102c17a30beaa1172f29f,1,96.6550678666,optimal,0,1
climate_5a,eulp_mixed_5a,5A,10063,hourly_seed_10063,bdcc8fb7976cdca0d4d4cf046e211941d0781810dfb102c17a30beaa1172f29f,2,95.0837499765,optimal,0,1
climate_5a,eulp_mixed_5a,5A,10063,hourly_seed_10063,bdcc8fb7976cdca0d4d4cf046e211941d0781810dfb102c17a30beaa1172f29f,3,95.0837499765,optimal,0,1
climate_5a,eulp_mixed_5a,5A,10063,hourly_seed_10063,bdcc8fb7976cdca0d4d4cf046e211941d0781810dfb102c17a30beaa1172f29f,4,62.8695181208,optimal,-5.68434188608e-14,1
climate_5a,eulp_mixed_5a,5A,10063,hourly_seed_10063,bdcc8fb7976cdca0d4d4cf046e211941d0781810dfb102c17a30beaa1172f29f,6,62.8695181208,optimal,-5.68434188608e-14,1
climate_5a,eulp_mixed_5a,5A,10063,hourly_seed_10063,bdcc8fb7976cdca0d4d4cf046e211941d0781810dfb102c17a30beaa1172f29f,8,58.29142815,optimal,-5.68434188608e-14,1
climate_5a,eulp_mixed_5a,5A,10064,hourly_seed_10064,8d0c640c992ca94699f8eebe0bda3ea847a02dc05a501f1f0d848fbb801887df,1,69.14750815,optimal,0,1
climate_5a,eulp_mixed_5a,5A,10064,hourly_seed_10064,8d0c640c992ca94699f8eebe0bda3ea847a02dc05a501f1f0d848fbb801887df,2,69.14750815,optimal,0,1
climate_5a,eulp_mixed_5a,5A,10064,hourly_seed_10064,8d0c640c992ca94699f8eebe0bda3ea847a02dc05a501f1f0d848fbb801887df,3,63.4878191842,optimal,-1.20792265079e-13,1
climate_5a,eulp_mixed_5a,5A,10064,hourly_seed_10064,8d0c640c992ca94699f8eebe0bda3ea847a02dc05a501f1f0d848fbb801887df,4,46.0279725916,optimal,-6.39488462184e-14,1
climate_5a,eulp_mixed_5a,5A,10064,hourly_seed_10064,8d0c640c992ca94699f8eebe0bda3ea847a02dc05a501f1f0d848fbb801887df,6,46.0279725916,optimal,-6.39488462184e-14,1
climate_5a,eulp_mixed_5a,5A,10064,hourly_seed_10064,8d0c640c992ca94699f8eebe0bda3ea847a02dc05a501f1f0d848fbb801887df,8,46.0279725916,optimal,-6.39488462184e-14,1
climate_5a,eulp_mixed_5a,5A,10065,hourly_seed_10065,1a974b37cd153c59e161df4b2a65962c11c21b4415eb5f703a9a5957aafb9483,1,99.0389829702,optimal,0,1
climate_5a,eulp_mixed_5a,5A,10065,hourly_seed_10065,1a974b37cd153c59e161df4b2a65962c11c21b4415eb5f703a9a5957aafb9483,2,99.0389829702,optimal,0,1
climate_5a,eulp_mixed_5a,5A,10065,hourly_seed_10065,1a974b37cd153c59e161df4b2a65962c11c21b4415eb5f703a9a5957aafb9483,3,99.0389829702,optimal,0,1
climate_5a,eulp_mixed_5a,5A,10065,hourly_seed_10065,1a974b37cd153c59e161df4b2a65962c11c21b4415eb5f703a9a5957aafb9483,4,61.3116178264,optimal,0,1
climate_5a,eulp_mixed_5a,5A,10065,hourly_seed_10065,1a974b37cd153c59e161df4b2a65962c11c21b4415eb5f703a9a5957aafb9483,6,61.3116178264,optimal,0,1
climate_5a,eulp_mixed_5a,5A,10065,hourly_seed_10065,1a974b37cd153c59e161df4b2a65962c11c21b4415eb5f703a9a5957aafb9483,8,57.6663928108,optimal,6.39488462184e-14,1
climate_5a,eulp_mixed_5a,5A,10066,hourly_seed_10066,4bde87612a980e79817a46d6626b5efc1268e7a22931102c4aed01d68fe06b8b,1,89.4239836964,optimal,5.68434188608e-14,1
climate_5a,eulp_mixed_5a,5A,10066,hourly_seed_10066,4bde87612a980e79817a46d6626b5efc1268e7a22931102c4aed01d68fe06b8b,2,83.9131543921,optimal,-7.1054273576e-14,1
climate_5a,eulp_mixed_5a,5A,10066,hourly_seed_10066,4bde87612a980e79817a46d6626b5efc1268e7a22931102c4aed01d68fe06b8b,3,63.3951580001,optimal,0,1
climate_5a,eulp_mixed_5a,5A,10066,hourly_seed_10066,4bde87612a980e79817a46d6626b5efc1268e7a22931102c4aed01d68fe06b8b,4,39.97071219,optimal,0,1
climate_5a,eulp_mixed_5a,5A,10066,hourly_seed_10066,4bde87612a980e79817a46d6626b5efc1268e7a22931102c4aed01d68fe06b8b,6,39.97071219,optimal,0,1
climate_5a,eulp_mixed_5a,5A,10066,hourly_seed_10066,4bde87612a980e79817a46d6626b5efc1268e7a22931102c4aed01d68fe06b8b,8,39.97071219,optimal,0,1
climate_5a,eulp_mixed_5a,5A,10067,hourly_seed_10067,fe78f784e16461fd76bc028ef0238fef05d4612eb59736f378049a7e8cc4b35e,1,84.1480273393,optimal,0,1
climate_5a,eulp_mixed_5a,5A,10067,hourly_seed_10067,fe78f784e16461fd76bc028ef0238fef05d4612eb59736f378049a7e8cc4b35e,2,84.1480273393,optimal,0,1
climate_5a,eulp_mixed_5a,5A,10067,hourly_seed_10067,fe78f784e16461fd76bc028ef0238fef05d4612eb59736f378049a7e8cc4b35e,3,84.1480273393,optimal,0,1
climate_5a,eulp_mixed_5a,5A,10067,hourly_seed_10067,fe78f784e16461fd76bc028ef0238fef05d4612eb59736f378049a7e8cc4b35e,4,69.3794923431,optimal,0,1
climate_5a,eulp_mixed_5a,5A,10067,hourly_seed_10067,fe78f784e16461fd76bc028ef0238fef05d4612eb59736f378049a7e8cc4b35e,6,52.7777176409,optimal,-5.68434188608e-14,1
climate_5a,eulp_mixed_5a,5A,10067,hourly_seed_10067,fe78f784e16461fd76bc028ef0238fef05d4612eb59736f378049a7e8cc4b35e,8,47.5661517899,optimal,6.39488462184e-14,1
climate_5a,eulp_mixed_5a,5A,10068,hourly_seed_10068,1b2f3aa9a74656e044fb031fbd0c0ced0d85994c33df3bb3e6c8ab70c6faefa3,1,79.9373500401,optimal,-7.1054273576e-14,1
climate_5a,eulp_mixed_5a,5A,10068,hourly_seed_10068,1b2f3aa9a74656e044fb031fbd0c0ced0d85994c33df3bb3e6c8ab70c6faefa3,2,79.9373500401,optimal,-7.1054273576e-14,1
climate_5a,eulp_mixed_5a,5A,10068,hourly_seed_10068,1b2f3aa9a74656e044fb031fbd0c0ced0d85994c33df3bb3e6c8ab70c6faefa3,3,69.2471330228,optimal,0,1
climate_5a,eulp_mixed_5a,5A,10068,hourly_seed_10068,1b2f3aa9a74656e044fb031fbd0c0ced0d85994c33df3bb3e6c8ab70c6faefa3,4,53.7883181972,optimal,-5.68434188608e-14,1
climate_5a,eulp_mixed_5a,5A,10068,hourly_seed_10068,1b2f3aa9a74656e044fb031fbd0c0ced0d85994c33df3bb3e6c8ab70c6faefa3,6,50.530803341,optimal,0,1
climate_5a,eulp_mixed_5a,5A,10068,hourly_seed_10068,1b2f3aa9a74656e044fb031fbd0c0ced0d85994c33df3bb3e6c8ab70c6faefa3,8,50.530803341,optimal,0,1
climate_5a,eulp_mixed_5a,5A,10069,hourly_seed_10069,1039c08851d655c19f14f659d9d0df0ea5c9a9a7c5deb9be3a8344a1d60563f6,1,57.7230516026,optimal,1.20792265079e-13,1
climate_5a,eulp_mixed_5a,5A,10069,hourly_seed_10069,1039c08851d655c19f14f659d9d0df0ea5c9a9a7c5deb9be3a8344a1d60563f6,2,57.7230516026,optimal,1.20792265079e-13,1
climate_5a,eulp_mixed_5a,5A,10069,hourly_seed_10069,1039c08851d655c19f14f659d9d0df0ea5c9a9a7c5deb9be3a8344a1d60563f6,3,57.7230516026,optimal,1.20792265079e-13,1
climate_5a,eulp_mixed_5a,5A,10069,hourly_seed_10069,1039c08851d655c19f14f659d9d0df0ea5c9a9a7c5deb9be3a8344a1d60563f6,4,57.7230516026,optimal,1.20792265079e-13,1
climate_5a,eulp_mixed_5a,5A,10069,hourly_seed_10069,1039c08851d655c19f14f659d9d0df0ea5c9a9a7c5deb9be3a8344a1d60563f6,6,57.7230516026,optimal,1.20792265079e-13,1
climate_5a,eulp_mixed_5a,5A,10069,hourly_seed_10069,1039c08851d655c19f14f659d9d0df0ea5c9a9a7c5deb9be3a8344a1d60563f6,8,57.7230516026,optimal,1.20792265079e-13,1
climate_5a,eulp_mixed_5a,5A,10070,hourly_seed_10070,41289b3835c9085282200944342b81d92e7b9a78e80bc46cef337b5f627e1c76,1,106.229583951,optimal,-7.1054273576e-14,1
climate_5a,eulp_mixed_5a,5A,10070,hourly_seed_10070,41289b3835c9085282200944342b81d92e7b9a78e80bc46cef337b5f627e1c76,2,44.4641470777,optimal,-6.39488462184e-14,1
climate_5a,eulp_mixed_5a,5A,10070,hourly_seed_10070,41289b3835c9085282200944342b81d92e7b9a78e80bc46cef337b5f627e1c76,3,44.4641470777,optimal,-6.39488462184e-14,1
climate_5a,eulp_mixed_5a,5A,10070,hourly_seed_10070,41289b3835c9085282200944342b81d92e7b9a78e80bc46cef337b5f627e1c76,4,44.4641470777,optimal,-6.39488462184e-14,1
climate_5a,eulp_mixed_5a,5A,10070,hourly_seed_10070,41289b3835c9085282200944342b81d92e7b9a78e80bc46cef337b5f627e1c76,6,44.4641470777,optimal,-6.39488462184e-14,1
climate_5a,eulp_mixed_5a,5A,10070,hourly_seed_10070,41289b3835c9085282200944342b81d92e7b9a78e80bc46cef337b5f627e1c76,8,44.4641470777,optimal,-6.39488462184e-14,1
climate_5a,eulp_mixed_5a,5A,10071,hourly_seed_10071,19cc6c13ca0027eb9c4ebcc9b805d09727dbfd84425085565ba4e4fcb2176c2e,1,106.958542433,optimal,0,1
climate_5a,eulp_mixed_5a,5A,10071,hourly_seed_10071,19cc6c13ca0027eb9c4ebcc9b805d09727dbfd84425085565ba4e4fcb2176c2e,2,105.341565046,optimal,0,1
climate_5a,eulp_mixed_5a,5A,10071,hourly_seed_10071,19cc6c13ca0027eb9c4ebcc9b805d09727dbfd84425085565ba4e4fcb2176c2e,3,105.341565046,optimal,0,1
climate_5a,eulp_mixed_5a,5A,10071,hourly_seed_10071,19cc6c13ca0027eb9c4ebcc9b805d09727dbfd84425085565ba4e4fcb2176c2e,4,92.0240542891,optimal,0,1
climate_5a,eulp_mixed_5a,5A,10071,hourly_seed_10071,19cc6c13ca0027eb9c4ebcc9b805d09727dbfd84425085565ba4e4fcb2176c2e,6,77.3031093517,optimal,0,1
climate_5a,eulp_mixed_5a,5A,10071,hourly_seed_10071,19cc6c13ca0027eb9c4ebcc9b805d09727dbfd84425085565ba4e4fcb2176c2e,8,62.525312277,optimal,0,1
climate_5a,eulp_mixed_5a,5A,10072,hourly_seed_10072,5a30c5cf27d258818da8793a841b95f3e01ed56057f9022fdfe1916c691505a3,1,106.30820443,optimal,-6.83418929693,0.939596564366
climate_5a,eulp_mixed_5a,5A,10072,hourly_seed_10072,5a30c5cf27d258818da8793a841b95f3e01ed56057f9022fdfe1916c691505a3,2,91.9987708661,optimal,7.1054273576e-14,1
climate_5a,eulp_mixed_5a,5A,10072,hourly_seed_10072,5a30c5cf27d258818da8793a841b95f3e01ed56057f9022fdfe1916c691505a3,3,77.6659317995,optimal,0,1
climate_5a,eulp_mixed_5a,5A,10072,hourly_seed_10072,5a30c5cf27d258818da8793a841b95f3e01ed56057f9022fdfe1916c691505a3,4,56.406894091,optimal,0,1
climate_5a,eulp_mixed_5a,5A,10072,hourly_seed_10072,5a30c5cf27d258818da8793a841b95f3e01ed56057f9022fdfe1916c691505a3,6,55.1466808312,optimal,0,1
climate_5a,eulp_mixed_5a,5A,10072,hourly_seed_10072,5a30c5cf27d258818da8793a841b95f3e01ed56057f9022fdfe1916c691505a3,8,45.3059950548,optimal,0,1
climate_5a,eulp_mixed_5a,5A,10073,hourly_seed_10073,b5eacf78e4d1018bfdf5e040be16138401fbaca393a30f7cbdca52c528821dd2,1,110.92580993,optimal,-5.68434188608e-14,1
climate_5a,eulp_mixed_5a,5A,10073,hourly_seed_10073,b5eacf78e4d1018bfdf5e040be16138401fbaca393a30f7cbdca52c528821dd2,2,110.92580993,optimal,-5.68434188608e-14,1
climate_5a,eulp_mixed_5a,5A,10073,hourly_seed_10073,b5eacf78e4d1018bfdf5e040be16138401fbaca393a30f7cbdca52c528821dd2,3,110.92580993,optimal,-5.68434188608e-14,1
climate_5a,eulp_mixed_5a,5A,10073,hourly_seed_10073,b5eacf78e4d1018bfdf5e040be16138401fbaca393a30f7cbdca52c528821dd2,4,82.025515036,optimal,0,1
climate_5a,eulp_mixed_5a,5A,10073,hourly_seed_10073,b5eacf78e4d1018bfdf5e040be16138401fbaca393a30f7cbdca52c528821dd2,6,61.1167509862,optimal,6.39488462184e-14,1
climate_5a,eulp_mixed_5a,5A,10073,hourly_seed_10073,b5eacf78e4d1018bfdf5e040be16138401fbaca393a30f7cbdca52c528821dd2,8,58.0780378392,optimal,-6.39488462184e-14,1
climate_5a,eulp_mixed_5a,5A,10074,hourly_seed_10074,e240197d3323f5b4498c1d41d8437da98415503b63d7957c745ae77c1ba1173c,1,63.282700811,optimal,-5.68434188608e-14,1
climate_5a,eulp_mixed_5a,5A,10074,hourly_seed_10074,e240197d3323f5b4498c1d41d8437da98415503b63d7957c745ae77c1ba1173c,2,63.282700811,optimal,-5.68434188608e-14,1
climate_5a,eulp_mixed_5a,5A,10074,hourly_seed_10074,e240197d3323f5b4498c1d41d8437da98415503b63d7957c745ae77c1ba1173c,3,63.282700811,optimal,-5.68434188608e-14,1
climate_5a,eulp_mixed_5a,5A,10074,hourly_seed_10074,e240197d3323f5b4498c1d41d8437da98415503b63d7957c745ae77c1ba1173c,4,63.282700811,optimal,-5.68434188608e-14,1
climate_5a,eulp_mixed_5a,5A,10074,hourly_seed_10074,e240197d3323f5b4498c1d41d8437da98415503b63d7957c745ae77c1ba1173c,6,63.282700811,optimal,-5.68434188608e-14,1
climate_5a,eulp_mixed_5a,5A,10074,hourly_seed_10074,e240197d3323f5b4498c1d41d8437da98415503b63d7957c745ae77c1ba1173c,8,50.6798062557,optimal,6.39488462184e-14,1
climate_5a,eulp_mixed_5a,5A,10075,hourly_seed_10075,0dc37fad33d34179ce22d96f539537bb8d17ed0af747838ced0f9daadb980e25,1,112.379427444,optimal,-5.68434188608e-14,1
climate_5a,eulp_mixed_5a,5A,10075,hourly_seed_10075,0dc37fad33d34179ce22d96f539537bb8d17ed0af747838ced0f9daadb980e25,2,112.033354697,optimal,0,1
climate_5a,eulp_mixed_5a,5A,10075,hourly_seed_10075,0dc37fad33d34179ce22d96f539537bb8d17ed0af747838ced0f9daadb980e25,3,84.553991454,optimal,0,1
climate_5a,eulp_mixed_5a,5A,10075,hourly_seed_10075,0dc37fad33d34179ce22d96f539537bb8d17ed0af747838ced0f9daadb980e25,4,84.553991454,optimal,0,1
climate_5a,eulp_mixed_5a,5A,10075,hourly_seed_10075,0dc37fad33d34179ce22d96f539537bb8d17ed0af747838ced0f9daadb980e25,6,75.7816307019,optimal,0,1
climate_5a,eulp_mixed_5a,5A,10075,hourly_seed_10075,0dc37fad33d34179ce22d96f539537bb8d17ed0af747838ced0f9daadb980e25,8,58.2827347478,optimal,-5.68434188608e-14,1
climate_5a,eulp_mixed_5a,5A,10076,hourly_seed_10076,c6f7d4354d1e2ebfc5234f5bb58d3d56a414b158cecc0a01f18d1ea4f4e2c950,1,78.4749021282,optimal,0,1
climate_5a,eulp_mixed_5a,5A,10076,hourly_seed_10076,c6f7d4354d1e2ebfc5234f5bb58d3d56a414b158cecc0a01f18d1ea4f4e2c950,2,53.274947791,optimal,-5.68434188608e-14,1
climate_5a,eulp_mixed_5a,5A,10076,hourly_seed_10076,c6f7d4354d1e2ebfc5234f5bb58d3d56a414b158cecc0a01f18d1ea4f4e2c950,3,53.274947791,optimal,-5.68434188608e-14,1
climate_5a,eulp_mixed_5a,5A,10076,hourly_seed_10076,c6f7d4354d1e2ebfc5234f5bb58d3d56a414b158cecc0a01f18d1ea4f4e2c950,4,53.2600930194,optimal,0,1
climate_5a,eulp_mixed_5a,5A,10076,hourly_seed_10076,c6f7d4354d1e2ebfc5234f5bb58d3d56a414b158cecc0a01f18d1ea4f4e2c950,6,53.2600930194,optimal,0,1
climate_5a,eulp_mixed_5a,5A,10076,hourly_seed_10076,c6f7d4354d1e2ebfc5234f5bb58d3d56a414b158cecc0a01f18d1ea4f4e2c950,8,53.2600930194,optimal,0,1
climate_5a,eulp_mixed_5a,5A,10077,hourly_seed_10077,675202eda83407432e4701db9e9fb5ec847fb23dfd409dae6bed71e220fc80d8,1,88.6018118263,optimal,1.13686837722e-13,1
climate_5a,eulp_mixed_5a,5A,10077,hourly_seed_10077,675202eda83407432e4701db9e9fb5ec847fb23dfd409dae6bed71e220fc80d8,2,66.9166791179,optimal,0,1
climate_5a,eulp_mixed_5a,5A,10077,hourly_seed_10077,675202eda83407432e4701db9e9fb5ec847fb23dfd409dae6bed71e220fc80d8,3,66.9166791179,optimal,0,1
climate_5a,eulp_mixed_5a,5A,10077,hourly_seed_10077,675202eda83407432e4701db9e9fb5ec847fb23dfd409dae6bed71e220fc80d8,4,66.9166791179,optimal,0,1
climate_5a,eulp_mixed_5a,5A,10077,hourly_seed_10077,675202eda83407432e4701db9e9fb5ec847fb23dfd409dae6bed71e220fc80d8,6,61.7086824206,optimal,5.68434188608e-14,1
climate_5a,eulp_mixed_5a,5A,10077,hourly_seed_10077,675202eda83407432e4701db9e9fb5ec847fb23dfd409dae6bed71e220fc80d8,8,61.7086824206,optimal,5.68434188608e-14,1
climate_5a,eulp_mixed_5a,5A,10078,hourly_seed_10078,d974622b035a13eeb0d6c4acd0d7f800d23206ce1b527fccc319919c8698a288,1,56.4243432627,optimal,0,1
climate_5a,eulp_mixed_5a,5A,10078,hourly_seed_10078,d974622b035a13eeb0d6c4acd0d7f800d23206ce1b527fccc319919c8698a288,2,56.4243432627,optimal,0,1
climate_5a,eulp_mixed_5a,5A,10078,hourly_seed_10078,d974622b035a13eeb0d6c4acd0d7f800d23206ce1b527fccc319919c8698a288,3,56.4243432627,optimal,0,1
climate_5a,eulp_mixed_5a,5A,10078,hourly_seed_10078,d974622b035a13eeb0d6c4acd0d7f800d23206ce1b527fccc319919c8698a288,4,45.8199705777,optimal,0,1
climate_5a,eulp_mixed_5a,5A,10078,hourly_seed_10078,d974622b035a13eeb0d6c4acd0d7f800d23206ce1b527fccc319919c8698a288,6,45.8199705777,optimal,0,1
climate_5a,eulp_mixed_5a,5A,10078,hourly_seed_10078,d974622b035a13eeb0d6c4acd0d7f800d23206ce1b527fccc319919c8698a288,8,45.8199705777,optimal,0,1
climate_5a,eulp_mixed_5a,5A,10079,hourly_seed_10079,b29ad71caa1457909fd3a66890a18aa1d67e99beeb9d780a7fa3c4abbf923360,1,53.0050632979,optimal,6.39488462184e-14,1
climate_5a,eulp_mixed_5a,5A,10079,hourly_seed_10079,b29ad71caa1457909fd3a66890a18aa1d67e99beeb9d780a7fa3c4abbf923360,2,46.4717178151,optimal,5.68434188608e-14,1
climate_5a,eulp_mixed_5a,5A,10079,hourly_seed_10079,b29ad71caa1457909fd3a66890a18aa1d67e99beeb9d780a7fa3c4abbf923360,3,46.4717178151,optimal,5.68434188608e-14,1
climate_5a,eulp_mixed_5a,5A,10079,hourly_seed_10079,b29ad71caa1457909fd3a66890a18aa1d67e99beeb9d780a7fa3c4abbf923360,4,46.4717178151,optimal,5.68434188608e-14,1
climate_5a,eulp_mixed_5a,5A,10079,hourly_seed_10079,b29ad71caa1457909fd3a66890a18aa1d67e99beeb9d780a7fa3c4abbf923360,6,46.4717178151,optimal,5.68434188608e-14,1
climate_5a,eulp_mixed_5a,5A,10079,hourly_seed_10079,b29ad71caa1457909fd3a66890a18aa1d67e99beeb9d780a7fa3c4abbf923360,8,46.4717178151,optimal,5.68434188608e-14,1
climate_5a,eulp_mixed_5a,5A,10080,hourly_seed_10080,453ef8e3c0698a691921f7dc7810aa7775e75b60b293a55db827efab6fa8156a,1,73.9135384471,optimal,0,1
climate_5a,eulp_mixed_5a,5A,10080,hourly_seed_10080,453ef8e3c0698a691921f7dc7810aa7775e75b60b293a55db827efab6fa8156a,2,64.7442802868,optimal,7.1054273576e-14,1
climate_5a,eulp_mixed_5a,5A,10080,hourly_seed_10080,453ef8e3c0698a691921f7dc7810aa7775e75b60b293a55db827efab6fa8156a,3,64.7442802868,optimal,7.1054273576e-14,1
climate_5a,eulp_mixed_5a,5A,10080,hourly_seed_10080,453ef8e3c0698a691921f7dc7810aa7775e75b60b293a55db827efab6fa8156a,4,43.0051291549,optimal,0,1
climate_5a,eulp_mixed_5a,5A,10080,hourly_seed_10080,453ef8e3c0698a691921f7dc7810aa7775e75b60b293a55db827efab6fa8156a,6,43.0051291549,optimal,0,1
climate_5a,eulp_mixed_5a,5A,10080,hourly_seed_10080,453ef8e3c0698a691921f7dc7810aa7775e75b60b293a55db827efab6fa8156a,8,43.0051291549,optimal,0,1
climate_5a,eulp_mixed_5a,5A,10081,hourly_seed_10081,58000da95bf22679ef3f122b978c646f658641292194fd8f3f044d2d49fafadc,1,96.8004470475,optimal,7.1054273576e-14,1
climate_5a,eulp_mixed_5a,5A,10081,hourly_seed_10081,58000da95bf22679ef3f122b978c646f658641292194fd8f3f044d2d49fafadc,2,79.8552246686,optimal,5.68434188608e-14,1
climate_5a,eulp_mixed_5a,5A,10081,hourly_seed_10081,58000da95bf22679ef3f122b978c646f658641292194fd8f3f044d2d49fafadc,3,49.3777843413,optimal,0,1
climate_5a,eulp_mixed_5a,5A,10081,hourly_seed_10081,58000da95bf22679ef3f122b978c646f658641292194fd8f3f044d2d49fafadc,4,49.3777843413,optimal,0,1
climate_5a,eulp_mixed_5a,5A,10081,hourly_seed_10081,58000da95bf22679ef3f122b978c646f658641292194fd8f3f044d2d49fafadc,6,49.3777843413,optimal,0,1
climate_5a,eulp_mixed_5a,5A,10081,hourly_seed_10081,58000da95bf22679ef3f122b978c646f658641292194fd8f3f044d2d49fafadc,8,49.3777843413,optimal,0,1
climate_5a,eulp_mixed_5a,5A,10082,hourly_seed_10082,2b66ae05d1dde4b644124733ec2bc8edc6f72635ce5752c65ee042b475b01da7,1,111.85286116,optimal,-1.27897692437e-13,1
climate_5a,eulp_mixed_5a,5A,10082,hourly_seed_10082,2b66ae05d1dde4b644124733ec2bc8edc6f72635ce5752c65ee042b475b01da7,2,111.198084681,optimal,0,1
climate_5a,eulp_mixed_5a,5A,10082,hourly_seed_10082,2b66ae05d1dde4b644124733ec2bc8edc6f72635ce5752c65ee042b475b01da7,3,111.165064629,optimal,1.13686837722e-13,1
climate_5a,eulp_mixed_5a,5A,10082,hourly_seed_10082,2b66ae05d1dde4b644124733ec2bc8edc6f72635ce5752c65ee042b475b01da7,4,111.165064629,optimal,1.13686837722e-13,1
climate_5a,eulp_mixed_5a,5A,10082,hourly_seed_10082,2b66ae05d1dde4b644124733ec2bc8edc6f72635ce5752c65ee042b475b01da7,6,74.3138025622,optimal,0,1
climate_5a,eulp_mixed_5a,5A,10082,hourly_seed_10082,2b66ae05d1dde4b644124733ec2bc8edc6f72635ce5752c65ee042b475b01da7,8,61.5762838244,optimal,0,1
climate_5a,eulp_mixed_5a,5A,10083,hourly_seed_10083,1cf26da80653f8b90a97cff34374c07207edc2ae150acf03f1a9a4b93d4f3cf1,1,72.6121172312,optimal,0,1
climate_5a,eulp_mixed_5a,5A,10083,hourly_seed_10083,1cf26da80653f8b90a97cff34374c07207edc2ae150acf03f1a9a4b93d4f3cf1,2,64.0089969988,optimal,0,1
climate_5a,eulp_mixed_5a,5A,10083,hourly_seed_10083,1cf26da80653f8b90a97cff34374c07207edc2ae150acf03f1a9a4b93d4f3cf1,3,54.7803473409,optimal,-6.39488462184e-14,1
climate_5a,eulp_mixed_5a,5A,10083,hourly_seed_10083,1cf26da80653f8b90a97cff34374c07207edc2ae150acf03f1a9a4b93d4f3cf1,4,54.7803473409,optimal,-6.39488462184e-14,1
climate_5a,eulp_mixed_5a,5A,10083,hourly_seed_10083,1cf26da80653f8b90a97cff34374c07207edc2ae150acf03f1a9a4b93d4f3cf1,6,52.9730818981,optimal,0,1
climate_5a,eulp_mixed_5a,5A,10083,hourly_seed_10083,1cf26da80653f8b90a97cff34374c07207edc2ae150acf03f1a9a4b93d4f3cf1,8,52.9730818981,optimal,0,1
climate_5a,eulp_mixed_5a,5A,10084,hourly_seed_10084,70fba7753984fc3bd5aa0f531a65006bf542f020986e3818694210aa380322b9,1,65.6952027635,optimal,0,1
climate_5a,eulp_mixed_5a,5A,10084,hourly_seed_10084,70fba7753984fc3bd5aa0f531a65006bf542f020986e3818694210aa380322b9,2,65.6952027635,optimal,0,1
climate_5a,eulp_mixed_5a,5A,10084,hourly_seed_10084,70fba7753984fc3bd5aa0f531a65006bf542f020986e3818694210aa380322b9,3,65.6952027635,optimal,0,1
climate_5a,eulp_mixed_5a,5A,10084,hourly_seed_10084,70fba7753984fc3bd5aa0f531a65006bf542f020986e3818694210aa380322b9,4,65.6952027635,optimal,0,1
climate_5a,eulp_mixed_5a,5A,10084,hourly_seed_10084,70fba7753984fc3bd5aa0f531a65006bf542f020986e3818694210aa380322b9,6,65.6952027635,optimal,0,1
climate_5a,eulp_mixed_5a,5A,10084,hourly_seed_10084,70fba7753984fc3bd5aa0f531a65006bf542f020986e3818694210aa380322b9,8,62.2129901014,optimal,0,1
climate_5a,eulp_mixed_5a,5A,10085,hourly_seed_10085,14941ab8dc10fbd8e760c453ac187e1e76c53177d710a7e0367e5837c7b6fd20,1,74.717291408,optimal,0,1
climate_5a,eulp_mixed_5a,5A,10085,hourly_seed_10085,14941ab8dc10fbd8e760c453ac187e1e76c53177d710a7e0367e5837c7b6fd20,2,74.717291408,optimal,0,1
climate_5a,eulp_mixed_5a,5A,10085,hourly_seed_10085,14941ab8dc10fbd8e760c453ac187e1e76c53177d710a7e0367e5837c7b6fd20,3,52.9330612291,optimal,-5.68434188608e-14,1
climate_5a,eulp_mixed_5a,5A,10085,hourly_seed_10085,14941ab8dc10fbd8e760c453ac187e1e76c53177d710a7e0367e5837c7b6fd20,4,52.9330612291,optimal,-5.68434188608e-14,1
climate_5a,eulp_mixed_5a,5A,10085,hourly_seed_10085,14941ab8dc10fbd8e760c453ac187e1e76c53177d710a7e0367e5837c7b6fd20,6,52.9330612291,optimal,-5.68434188608e-14,1
climate_5a,eulp_mixed_5a,5A,10085,hourly_seed_10085,14941ab8dc10fbd8e760c453ac187e1e76c53177d710a7e0367e5837c7b6fd20,8,52.9330612291,optimal,-5.68434188608e-14,1
climate_5a,eulp_mixed_5a,5A,10086,hourly_seed_10086,d951ef5081f24d928a65e98838046bd2796369f4226b02cf544517a713f44b03,1,111.807179621,optimal,0,1
climate_5a,eulp_mixed_5a,5A,10086,hourly_seed_10086,d951ef5081f24d928a65e98838046bd2796369f4226b02cf544517a713f44b03,2,111.807179621,optimal,0,1
climate_5a,eulp_mixed_5a,5A,10086,hourly_seed_10086,d951ef5081f24d928a65e98838046bd2796369f4226b02cf544517a713f44b03,3,91.4080632979,optimal,0,1
climate_5a,eulp_mixed_5a,5A,10086,hourly_seed_10086,d951ef5081f24d928a65e98838046bd2796369f4226b02cf544517a713f44b03,4,91.4080632979,optimal,0,1
climate_5a,eulp_mixed_5a,5A,10086,hourly_seed_10086,d951ef5081f24d928a65e98838046bd2796369f4226b02cf544517a713f44b03,6,56.3651219796,optimal,-5.68434188608e-14,1
climate_5a,eulp_mixed_5a,5A,10086,hourly_seed_10086,d951ef5081f24d928a65e98838046bd2796369f4226b02cf544517a713f44b03,8,42.0208743646,optimal,-5.68434188608e-14,1
climate_5a,eulp_mixed_5a,5A,10087,hourly_seed_10087,80cdecf175ef4dc140d9c349d8f05133ea0afb38162bff051934b923d99ab059,1,74.7340505602,optimal,0,1
climate_5a,eulp_mixed_5a,5A,10087,hourly_seed_10087,80cdecf175ef4dc140d9c349d8f05133ea0afb38162bff051934b923d99ab059,2,70.7544124864,optimal,0,1
climate_5a,eulp_mixed_5a,5A,10087,hourly_seed_10087,80cdecf175ef4dc140d9c349d8f05133ea0afb38162bff051934b923d99ab059,3,70.7544124864,optimal,0,1
climate_5a,eulp_mixed_5a,5A,10087,hourly_seed_10087,80cdecf175ef4dc140d9c349d8f05133ea0afb38162bff051934b923d99ab059,4,61.4576819324,optimal,0,1
climate_5a,eulp_mixed_5a,5A,10087,hourly_seed_10087,80cdecf175ef4dc140d9c349d8f05133ea0afb38162bff051934b923d99ab059,6,61.4576819324,optimal,0,1
climate_5a,eulp_mixed_5a,5A,10087,hourly_seed_10087,80cdecf175ef4dc140d9c349d8f05133ea0afb38162bff051934b923d99ab059,8,61.4576819324,optimal,0,1
climate_5a,eulp_mixed_5a,5A,10088,hourly_seed_10088,9b96f35408fd38f51bdff65d08e894fe4185197e39ee59584c4bbc1ecb0587ad,1,88.4497260416,optimal,0,1
climate_5a,eulp_mixed_5a,5A,10088,hourly_seed_10088,9b96f35408fd38f51bdff65d08e894fe4185197e39ee59584c4bbc1ecb0587ad,2,59.1506804883,optimal,5.68434188608e-14,1
climate_5a,eulp_mixed_5a,5A,10088,hourly_seed_10088,9b96f35408fd38f51bdff65d08e894fe4185197e39ee59584c4bbc1ecb0587ad,3,59.1506804883,optimal,5.68434188608e-14,1
climate_5a,eulp_mixed_5a,5A,10088,hourly_seed_10088,9b96f35408fd38f51bdff65d08e894fe4185197e39ee59584c4bbc1ecb0587ad,4,59.1506804883,optimal,5.68434188608e-14,1
climate_5a,eulp_mixed_5a,5A,10088,hourly_seed_10088,9b96f35408fd38f51bdff65d08e894fe4185197e39ee59584c4bbc1ecb0587ad,6,43.2548007984,optimal,0,1
climate_5a,eulp_mixed_5a,5A,10088,hourly_seed_10088,9b96f35408fd38f51bdff65d08e894fe4185197e39ee59584c4bbc1ecb0587ad,8,43.2548007984,optimal,0,1
climate_5a,eulp_mixed_5a,5A,10089,hourly_seed_10089,1644f812ea692d3a96c13cc4cbcfc660f672b8f40d4649b669bdefd054817be0,1,113.489621015,optimal,0,1
climate_5a,eulp_mixed_5a,5A,10089,hourly_seed_10089,1644f812ea692d3a96c13cc4cbcfc660f672b8f40d4649b669bdefd054817be0,2,86.1515364973,optimal,5.68434188608e-14,1
climate_5a,eulp_mixed_5a,5A,10089,hourly_seed_10089,1644f812ea692d3a96c13cc4cbcfc660f672b8f40d4649b669bdefd054817be0,3,79.2637648135,optimal,0,1
climate_5a,eulp_mixed_5a,5A,10089,hourly_seed_10089,1644f812ea692d3a96c13cc4cbcfc660f672b8f40d4649b669bdefd054817be0,4,79.2637648135,optimal,0,1
climate_5a,eulp_mixed_5a,5A,10089,hourly_seed_10089,1644f812ea692d3a96c13cc4cbcfc660f672b8f40d4649b669bdefd054817be0,6,51.7498163067,optimal,1.20792265079e-13,1
climate_5a,eulp_mixed_5a,5A,10089,hourly_seed_10089,1644f812ea692d3a96c13cc4cbcfc660f672b8f40d4649b669bdefd054817be0,8,51.7498163067,optimal,1.20792265079e-13,1
climate_5a,eulp_mixed_5a,5A,10090,hourly_seed_10090,cdc228b36861d56c920b20a75e2c071a6b8c251eb353c25bca1575de249d05cf,1,72.6942227409,optimal,-5.68434188608e-14,1
climate_5a,eulp_mixed_5a,5A,10090,hourly_seed_10090,cdc228b36861d56c920b20a75e2c071a6b8c251eb353c25bca1575de249d05cf,2,72.6942227409,optimal,-5.68434188608e-14,1
climate_5a,eulp_mixed_5a,5A,10090,hourly_seed_10090,cdc228b36861d56c920b20a75e2c071a6b8c251eb353c25bca1575de249d05cf,3,72.6942227409,optimal,-5.68434188608e-14,1
climate_5a,eulp_mixed_5a,5A,10090,hourly_seed_10090,cdc228b36861d56c920b20a75e2c071a6b8c251eb353c25bca1575de249d05cf,4,72.6942227409,optimal,-5.68434188608e-14,1
climate_5a,eulp_mixed_5a,5A,10090,hourly_seed_10090,cdc228b36861d56c920b20a75e2c071a6b8c251eb353c25bca1575de249d05cf,6,61.5703387505,optimal,0,1
climate_5a,eulp_mixed_5a,5A,10090,hourly_seed_10090,cdc228b36861d56c920b20a75e2c071a6b8c251eb353c25bca1575de249d05cf,8,57.860053402,optimal,0,1
climate_5a,eulp_mixed_5a,5A,10091,hourly_seed_10091,50513985b22fe9257fe236a0a6f8b46ef9d595d2678308914deb030043a78b40,1,65.7235404938,optimal,0,1
climate_5a,eulp_mixed_5a,5A,10091,hourly_seed_10091,50513985b22fe9257fe236a0a6f8b46ef9d595d2678308914deb030043a78b40,2,65.7235404938,optimal,0,1
climate_5a,eulp_mixed_5a,5A,10091,hourly_seed_10091,50513985b22fe9257fe236a0a6f8b46ef9d595d2678308914deb030043a78b40,3,65.7235404938,optimal,0,1
climate_5a,eulp_mixed_5a,5A,10091,hourly_seed_10091,50513985b22fe9257fe236a0a6f8b46ef9d595d2678308914deb030043a78b40,4,60.9561196341,optimal,0,1
climate_5a,eulp_mixed_5a,5A,10091,hourly_seed_10091,50513985b22fe9257fe236a0a6f8b46ef9d595d2678308914deb030043a78b40,6,56.8359649266,optimal,0,1
climate_5a,eulp_mixed_5a,5A,10091,hourly_seed_10091,50513985b22fe9257fe236a0a6f8b46ef9d595d2678308914deb030043a78b40,8,56.8359649266,optimal,0,1
climate_5a,eulp_mixed_5a,5A,10092,hourly_seed_10092,7ece1eb2be8778a700f427be3a6f7cab3623d9c752ea339a0bc88929d5f5919a,1,55.9760946717,optimal,0,1
climate_5a,eulp_mixed_5a,5A,10092,hourly_seed_10092,7ece1eb2be8778a700f427be3a6f7cab3623d9c752ea339a0bc88929d5f5919a,2,55.9760946717,optimal,0,1
climate_5a,eulp_mixed_5a,5A,10092,hourly_seed_10092,7ece1eb2be8778a700f427be3a6f7cab3623d9c752ea339a0bc88929d5f5919a,3,55.9760946717,optimal,0,1
climate_5a,eulp_mixed_5a,5A,10092,hourly_seed_10092,7ece1eb2be8778a700f427be3a6f7cab3623d9c752ea339a0bc88929d5f5919a,4,55.9760946717,optimal,0,1
climate_5a,eulp_mixed_5a,5A,10092,hourly_seed_10092,7ece1eb2be8778a700f427be3a6f7cab3623d9c752ea339a0bc88929d5f5919a,6,55.9760946717,optimal,0,1
climate_5a,eulp_mixed_5a,5A,10092,hourly_seed_10092,7ece1eb2be8778a700f427be3a6f7cab3623d9c752ea339a0bc88929d5f5919a,8,55.9760946717,optimal,0,1
climate_5a,eulp_mixed_5a,5A,10093,hourly_seed_10093,aff53da1f08dc5a95e387cd166c029bc9b12d369978c177d3092e7e637bbfc9d,1,84.7026374951,optimal,-7.1054273576e-14,1
climate_5a,eulp_mixed_5a,5A,10093,hourly_seed_10093,aff53da1f08dc5a95e387cd166c029bc9b12d369978c177d3092e7e637bbfc9d,2,75.3590404145,optimal,-5.68434188608e-14,1
climate_5a,eulp_mixed_5a,5A,10093,hourly_seed_10093,aff53da1f08dc5a95e387cd166c029bc9b12d369978c177d3092e7e637bbfc9d,3,61.8683381227,optimal,0,1
climate_5a,eulp_mixed_5a,5A,10093,hourly_seed_10093,aff53da1f08dc5a95e387cd166c029bc9b12d369978c177d3092e7e637bbfc9d,4,61.8683381227,optimal,0,1
climate_5a,eulp_mixed_5a,5A,10093,hourly_seed_10093,aff53da1f08dc5a95e387cd166c029bc9b12d369978c177d3092e7e637bbfc9d,6,61.8683381227,optimal,0,1
climate_5a,eulp_mixed_5a,5A,10093,hourly_seed_10093,aff53da1f08dc5a95e387cd166c029bc9b12d369978c177d3092e7e637bbfc9d,8,61.8683381227,optimal,0,1
climate_5a,eulp_mixed_5a,5A,10094,hourly_seed_10094,add61140b0482f4f380a5516990c054d99c7705cdc9efbf81ef21e3b4918148a,1,95.8170654368,optimal,0,1
climate_5a,eulp_mixed_5a,5A,10094,hourly_seed_10094,add61140b0482f4f380a5516990c054d99c7705cdc9efbf81ef21e3b4918148a,2,77.6889553058,optimal,5.68434188608e-14,1
climate_5a,eulp_mixed_5a,5A,10094,hourly_seed_10094,add61140b0482f4f380a5516990c054d99c7705cdc9efbf81ef21e3b4918148a,3,69.7301732176,optimal,5.68434188608e-14,1
climate_5a,eulp_mixed_5a,5A,10094,hourly_seed_10094,add61140b0482f4f380a5516990c054d99c7705cdc9efbf81ef21e3b4918148a,4,69.7301732176,optimal,5.68434188608e-14,1
climate_5a,eulp_mixed_5a,5A,10094,hourly_seed_10094,add61140b0482f4f380a5516990c054d99c7705cdc9efbf81ef21e3b4918148a,6,58.6513197596,optimal,0,1
climate_5a,eulp_mixed_5a,5A,10094,hourly_seed_10094,add61140b0482f4f380a5516990c054d99c7705cdc9efbf81ef21e3b4918148a,8,52.3623163267,optimal,-5.68434188608e-14,1
climate_5a,eulp_mixed_5a,5A,10095,hourly_seed_10095,e7a60a28dbb096c9fe37ac4179f297d8c76c7856f0cedffd538b8f50398eacdc,1,112.19586737,optimal,7.1054273576e-14,1
climate_5a,eulp_mixed_5a,5A,10095,hourly_seed_10095,e7a60a28dbb096c9fe37ac4179f297d8c76c7856f0cedffd538b8f50398eacdc,2,79.0308201757,optimal,0,1
climate_5a,eulp_mixed_5a,5A,10095,hourly_seed_10095,e7a60a28dbb096c9fe37ac4179f297d8c76c7856f0cedffd538b8f50398eacdc,3,75.2619274343,optimal,-5.68434188608e-14,1
climate_5a,eulp_mixed_5a,5A,10095,hourly_seed_10095,e7a60a28dbb096c9fe37ac4179f297d8c76c7856f0cedffd538b8f50398eacdc,4,67.7468214864,optimal,0,1
climate_5a,eulp_mixed_5a,5A,10095,hourly_seed_10095,e7a60a28dbb096c9fe37ac4179f297d8c76c7856f0cedffd538b8f50398eacdc,6,56.5657417224,optimal,0,1
climate_5a,eulp_mixed_5a,5A,10095,hourly_seed_10095,e7a60a28dbb096c9fe37ac4179f297d8c76c7856f0cedffd538b8f50398eacdc,8,56.5657417224,optimal,0,1
climate_5a,eulp_mixed_5a,5A,10096,hourly_seed_10096,e875575c578fcffa7f26141aba4d0cf68548dec500aaa865bf54c036373b7c83,1,112.494942592,optimal,-5.68434188608e-14,1
climate_5a,eulp_mixed_5a,5A,10096,hourly_seed_10096,e875575c578fcffa7f26141aba4d0cf68548dec500aaa865bf54c036373b7c83,2,111.361674391,optimal,-7.1054273576e-14,1
climate_5a,eulp_mixed_5a,5A,10096,hourly_seed_10096,e875575c578fcffa7f26141aba4d0cf68548dec500aaa865bf54c036373b7c83,3,103.369038283,optimal,5.68434188608e-14,1
climate_5a,eulp_mixed_5a,5A,10096,hourly_seed_10096,e875575c578fcffa7f26141aba4d0cf68548dec500aaa865bf54c036373b7c83,4,91.4860321129,optimal,0,1
climate_5a,eulp_mixed_5a,5A,10096,hourly_seed_10096,e875575c578fcffa7f26141aba4d0cf68548dec500aaa865bf54c036373b7c83,6,77.9128331066,optimal,0,1
climate_5a,eulp_mixed_5a,5A,10096,hourly_seed_10096,e875575c578fcffa7f26141aba4d0cf68548dec500aaa865bf54c036373b7c83,8,62.8295568378,optimal,6.39488462184e-14,1
climate_5a,eulp_mixed_5a,5A,10097,hourly_seed_10097,bda148421447b236db227093d2067f436281e5b531fee777886d7ca26b815cc3,1,109.274314256,optimal,5.68434188608e-14,1
climate_5a,eulp_mixed_5a,5A,10097,hourly_seed_10097,bda148421447b236db227093d2067f436281e5b531fee777886d7ca26b815cc3,2,109.274314256,optimal,5.68434188608e-14,1
climate_5a,eulp_mixed_5a,5A,10097,hourly_seed_10097,bda148421447b236db227093d2067f436281e5b531fee777886d7ca26b815cc3,3,90.3288354139,optimal,5.68434188608e-14,1
climate_5a,eulp_mixed_5a,5A,10097,hourly_seed_10097,bda148421447b236db227093d2067f436281e5b531fee777886d7ca26b815cc3,4,62.2827353491,optimal,0,1
climate_5a,eulp_mixed_5a,5A,10097,hourly_seed_10097,bda148421447b236db227093d2067f436281e5b531fee777886d7ca26b815cc3,6,62.2827353491,optimal,0,1
climate_5a,eulp_mixed_5a,5A,10097,hourly_seed_10097,bda148421447b236db227093d2067f436281e5b531fee777886d7ca26b815cc3,8,57.9034828113,optimal,5.68434188608e-14,1
climate_5a,eulp_mixed_5a,5A,10098,hourly_seed_10098,314a9f405e7e459d5201eb915ef9e0b1a46abe0aa628f430a3ce075a45458a3f,1,83.6111380194,optimal,0,1
climate_5a,eulp_mixed_5a,5A,10098,hourly_seed_10098,314a9f405e7e459d5201eb915ef9e0b1a46abe0aa628f430a3ce075a45458a3f,2,72.4441318528,optimal,-5.68434188608e-14,1
climate_5a,eulp_mixed_5a,5A,10098,hourly_seed_10098,314a9f405e7e459d5201eb915ef9e0b1a46abe0aa628f430a3ce075a45458a3f,3,41.1908168229,optimal,0,1
climate_5a,eulp_mixed_5a,5A,10098,hourly_seed_10098,314a9f405e7e459d5201eb915ef9e0b1a46abe0aa628f430a3ce075a45458a3f,4,41.1908168229,optimal,0,1
climate_5a,eulp_mixed_5a,5A,10098,hourly_seed_10098,314a9f405e7e459d5201eb915ef9e0b1a46abe0aa628f430a3ce075a45458a3f,6,41.1908168229,optimal,0,1
climate_5a,eulp_mixed_5a,5A,10098,hourly_seed_10098,314a9f405e7e459d5201eb915ef9e0b1a46abe0aa628f430a3ce075a45458a3f,8,41.1908168229,optimal,0,1
climate_5a,eulp_mixed_5a,5A,10099,hourly_seed_10099,2937fa78d3e279017172d640838656a4c1d8fc3baef5142ea249716f5c496852,1,67.7466122157,optimal,0,1
climate_5a,eulp_mixed_5a,5A,10099,hourly_seed_10099,2937fa78d3e279017172d640838656a4c1d8fc3baef5142ea249716f5c496852,2,58.2538632254,optimal,-1.20792265079e-13,1
climate_5a,eulp_mixed_5a,5A,10099,hourly_seed_10099,2937fa78d3e279017172d640838656a4c1d8fc3baef5142ea249716f5c496852,3,58.2538632254,optimal,-1.20792265079e-13,1
climate_5a,eulp_mixed_5a,5A,10099,hourly_seed_10099,2937fa78d3e279017172d640838656a4c1d8fc3baef5142ea249716f5c496852,4,58.2538632254,optimal,-1.20792265079e-13,1
climate_5a,eulp_mixed_5a,5A,10099,hourly_seed_10099,2937fa78d3e279017172d640838656a4c1d8fc3baef5142ea249716f5c496852,6,51.4781721169,optimal,0,1
climate_5a,eulp_mixed_5a,5A,10099,hourly_seed_10099,2937fa78d3e279017172d640838656a4c1d8fc3baef5142ea249716f5c496852,8,51.4781721169,optimal,0,1
reference_3a,eulp_mixed_3a,3A,10000,hourly_seed_10000,23bb2d2adc4bd754ac7af9be55583ba8ebf3a5a09a6389551a845f400b536a22,1,111.874984178,optimal,0,1
reference_3a,eulp_mixed_3a,3A,10000,hourly_seed_10000,23bb2d2adc4bd754ac7af9be55583ba8ebf3a5a09a6389551a845f400b536a22,2,97.9657571748,optimal,0,1
reference_3a,eulp_mixed_3a,3A,10000,hourly_seed_10000,23bb2d2adc4bd754ac7af9be55583ba8ebf3a5a09a6389551a845f400b536a22,3,74.2409296943,optimal,0,1
reference_3a,eulp_mixed_3a,3A,10000,hourly_seed_10000,23bb2d2adc4bd754ac7af9be55583ba8ebf3a5a09a6389551a845f400b536a22,4,50.3560416215,optimal,0,1
reference_3a,eulp_mixed_3a,3A,10000,hourly_seed_10000,23bb2d2adc4bd754ac7af9be55583ba8ebf3a5a09a6389551a845f400b536a22,6,50.3560416215,optimal,0,1
reference_3a,eulp_mixed_3a,3A,10000,hourly_seed_10000,23bb2d2adc4bd754ac7af9be55583ba8ebf3a5a09a6389551a845f400b536a22,8,50.3560416215,optimal,0,1
reference_3a,eulp_mixed_3a,3A,10001,hourly_seed_10001,e85ce1bf3ac0ee1f68e76277dd22db72b69168b87151a4530fddade8d18ce9ec,1,90.2253374506,optimal,0,1
reference_3a,eulp_mixed_3a,3A,10001,hourly_seed_10001,e85ce1bf3ac0ee1f68e76277dd22db72b69168b87151a4530fddade8d18ce9ec,2,79.3641146928,optimal,0,1
reference_3a,eulp_mixed_3a,3A,10001,hourly_seed_10001,e85ce1bf3ac0ee1f68e76277dd22db72b69168b87151a4530fddade8d18ce9ec,3,79.3641146928,optimal,0,1
reference_3a,eulp_mixed_3a,3A,10001,hourly_seed_10001,e85ce1bf3ac0ee1f68e76277dd22db72b69168b87151a4530fddade8d18ce9ec,4,55.0896685572,optimal,0,1
reference_3a,eulp_mixed_3a,3A,10001,hourly_seed_10001,e85ce1bf3ac0ee1f68e76277dd22db72b69168b87151a4530fddade8d18ce9ec,6,55.0896685572,optimal,0,1
reference_3a,eulp_mixed_3a,3A,10001,hourly_seed_10001,e85ce1bf3ac0ee1f68e76277dd22db72b69168b87151a4530fddade8d18ce9ec,8,55.0896685572,optimal,0,1
reference_3a,eulp_mixed_3a,3A,10002,hourly_seed_10002,988c482a04fa06adb6357b532267a700eeff055e88130fa057bc6a037a38e7d5,1,88.6744285035,optimal,0,1
reference_3a,eulp_mixed_3a,3A,10002,hourly_seed_10002,988c482a04fa06adb6357b532267a700eeff055e88130fa057bc6a037a38e7d5,2,74.0548167307,optimal,0,1
reference_3a,eulp_mixed_3a,3A,10002,hourly_seed_10002,988c482a04fa06adb6357b532267a700eeff055e88130fa057bc6a037a38e7d5,3,66.8619859469,optimal,0,1
reference_3a,eulp_mixed_3a,3A,10002,hourly_seed_10002,988c482a04fa06adb6357b532267a700eeff055e88130fa057bc6a037a38e7d5,4,57.4434323498,optimal,0,1
reference_3a,eulp_mixed_3a,3A,10002,hourly_seed_10002,988c482a04fa06adb6357b532267a700eeff055e88130fa057bc6a037a38e7d5,6,46.6956589499,optimal,0,1
reference_3a,eulp_mixed_3a,3A,10002,hourly_seed_10002,988c482a04fa06adb6357b532267a700eeff055e88130fa057bc6a037a38e7d5,8,46.6956589499,optimal,0,1
reference_3a,eulp_mixed_3a,3A,10003,hourly_seed_10003,0abd78d9e8cc0783cc0acb1e280a8565a4f3562413249c40bef21827477dbf98,1,102.044895115,optimal,0,1
reference_3a,eulp_mixed_3a,3A,10003,hourly_seed_10003,0abd78d9e8cc0783cc0acb1e280a8565a4f3562413249c40bef21827477dbf98,2,102.044895115,optimal,0,1
reference_3a,eulp_mixed_3a,3A,10003,hourly_seed_10003,0abd78d9e8cc0783cc0acb1e280a8565a4f3562413249c40bef21827477dbf98,3,44.0003270536,optimal,0,1
reference_3a,eulp_mixed_3a,3A,10003,hourly_seed_10003,0abd78d9e8cc0783cc0acb1e280a8565a4f3562413249c40bef21827477dbf98,4,44.0003270536,optimal,0,1
reference_3a,eulp_mixed_3a,3A,10003,hourly_seed_10003,0abd78d9e8cc0783cc0acb1e280a8565a4f3562413249c40bef21827477dbf98,6,44.0003270536,optimal,0,1
reference_3a,eulp_mixed_3a,3A,10003,hourly_seed_10003,0abd78d9e8cc0783cc0acb1e280a8565a4f3562413249c40bef21827477dbf98,8,44.0003270536,optimal,0,1
reference_3a,eulp_mixed_3a,3A,10004,hourly_seed_10004,6162f3c4e1b092f5ceb47c58c737ca3d3b3900661f31ff07b031313b0a2bd150,1,68.2874036685,optimal,0,1
reference_3a,eulp_mixed_3a,3A,10004,hourly_seed_10004,6162f3c4e1b092f5ceb47c58c737ca3d3b3900661f31ff07b031313b0a2bd150,2,68.2874036685,optimal,0,1
reference_3a,eulp_mixed_3a,3A,10004,hourly_seed_10004,6162f3c4e1b092f5ceb47c58c737ca3d3b3900661f31ff07b031313b0a2bd150,3,45.2208200683,optimal,0,1
reference_3a,eulp_mixed_3a,3A,10004,hourly_seed_10004,6162f3c4e1b092f5ceb47c58c737ca3d3b3900661f31ff07b031313b0a2bd150,4,45.2208200683,optimal,0,1
reference_3a,eulp_mixed_3a,3A,10004,hourly_seed_10004,6162f3c4e1b092f5ceb47c58c737ca3d3b3900661f31ff07b031313b0a2bd150,6,45.2208200683,optimal,0,1
reference_3a,eulp_mixed_3a,3A,10004,hourly_seed_10004,6162f3c4e1b092f5ceb47c58c737ca3d3b3900661f31ff07b031313b0a2bd150,8,45.2208200683,optimal,0,1
reference_3a,eulp_mixed_3a,3A,10005,hourly_seed_10005,849d0b0bf18e372022ae1f5c87a156f33d015a347f7c0f70a751dfca19141fb9,1,72.371323131,optimal,0,1
reference_3a,eulp_mixed_3a,3A,10005,hourly_seed_10005,849d0b0bf18e372022ae1f5c87a156f33d015a347f7c0f70a751dfca19141fb9,2,62.4778763587,optimal,0,1
reference_3a,eulp_mixed_3a,3A,10005,hourly_seed_10005,849d0b0bf18e372022ae1f5c87a156f33d015a347f7c0f70a751dfca19141fb9,3,62.4778763587,optimal,0,1
reference_3a,eulp_mixed_3a,3A,10005,hourly_seed_10005,849d0b0bf18e372022ae1f5c87a156f33d015a347f7c0f70a751dfca19141fb9,4,62.4778763587,optimal,0,1
reference_3a,eulp_mixed_3a,3A,10005,hourly_seed_10005,849d0b0bf18e372022ae1f5c87a156f33d015a347f7c0f70a751dfca19141fb9,6,57.6596246812,optimal,0,1
reference_3a,eulp_mixed_3a,3A,10005,hourly_seed_10005,849d0b0bf18e372022ae1f5c87a156f33d015a347f7c0f70a751dfca19141fb9,8,57.6596246812,optimal,0,1
reference_3a,eulp_mixed_3a,3A,10006,hourly_seed_10006,33d988c6d3de5766db403aa91517c0009b69d4b51efe1ede77c44e1b0f8cebb0,1,89.9733935045,optimal,0,1
reference_3a,eulp_mixed_3a,3A,10006,hourly_seed_10006,33d988c6d3de5766db403aa91517c0009b69d4b51efe1ede77c44e1b0f8cebb0,2,63.8681265182,optimal,0,1
reference_3a,eulp_mixed_3a,3A,10006,hourly_seed_10006,33d988c6d3de5766db403aa91517c0009b69d4b51efe1ede77c44e1b0f8cebb0,3,57.1155823984,optimal,0,1
reference_3a,eulp_mixed_3a,3A,10006,hourly_seed_10006,33d988c6d3de5766db403aa91517c0009b69d4b51efe1ede77c44e1b0f8cebb0,4,57.1155823984,optimal,0,1
reference_3a,eulp_mixed_3a,3A,10006,hourly_seed_10006,33d988c6d3de5766db403aa91517c0009b69d4b51efe1ede77c44e1b0f8cebb0,6,43.4622952275,optimal,0,1
reference_3a,eulp_mixed_3a,3A,10006,hourly_seed_10006,33d988c6d3de5766db403aa91517c0009b69d4b51efe1ede77c44e1b0f8cebb0,8,43.4622952275,optimal,0,1
reference_3a,eulp_mixed_3a,3A,10007,hourly_seed_10007,8a9ad5db079867384e413c9864eb49fe8ef9f5b0d842423020d81bf3dd722a1f,1,92.8441223918,optimal,0,1
reference_3a,eulp_mixed_3a,3A,10007,hourly_seed_10007,8a9ad5db079867384e413c9864eb49fe8ef9f5b0d842423020d81bf3dd722a1f,2,88.928046187,optimal,0,1
reference_3a,eulp_mixed_3a,3A,10007,hourly_seed_10007,8a9ad5db079867384e413c9864eb49fe8ef9f5b0d842423020d81bf3dd722a1f,3,79.5739676202,optimal,0,1
reference_3a,eulp_mixed_3a,3A,10007,hourly_seed_10007,8a9ad5db079867384e413c9864eb49fe8ef9f5b0d842423020d81bf3dd722a1f,4,54.0025722817,optimal,0,1
reference_3a,eulp_mixed_3a,3A,10007,hourly_seed_10007,8a9ad5db079867384e413c9864eb49fe8ef9f5b0d842423020d81bf3dd722a1f,6,54.0025722817,optimal,0,1
reference_3a,eulp_mixed_3a,3A,10007,hourly_seed_10007,8a9ad5db079867384e413c9864eb49fe8ef9f5b0d842423020d81bf3dd722a1f,8,54.0025722817,optimal,0,1
reference_3a,eulp_mixed_3a,3A,10008,hourly_seed_10008,c7d43d7bb5e14e5747f1c8598a69239c64c575134d8322404a615fc6777a7f34,1,83.5780896515,optimal,0,1
reference_3a,eulp_mixed_3a,3A,10008,hourly_seed_10008,c7d43d7bb5e14e5747f1c8598a69239c64c575134d8322404a615fc6777a7f34,2,80.1669252418,optimal,0,1
reference_3a,eulp_mixed_3a,3A,10008,hourly_seed_10008,c7d43d7bb5e14e5747f1c8598a69239c64c575134d8322404a615fc6777a7f34,3,49.7563867487,optimal,0,1
reference_3a,eulp_mixed_3a,3A,10008,hourly_seed_10008,c7d43d7bb5e14e5747f1c8598a69239c64c575134d8322404a615fc6777a7f34,4,49.7563867487,optimal,0,1
reference_3a,eulp_mixed_3a,3A,10008,hourly_seed_10008,c7d43d7bb5e14e5747f1c8598a69239c64c575134d8322404a615fc6777a7f34,6,49.7563867487,optimal,0,1
reference_3a,eulp_mixed_3a,3A,10008,hourly_seed_10008,c7d43d7bb5e14e5747f1c8598a69239c64c575134d8322404a615fc6777a7f34,8,49.7563867487,optimal,0,1
reference_3a,eulp_mixed_3a,3A,10009,hourly_seed_10009,7abdfa644d2de2bb3ab267cd780b5b9e79c0c763448b9cb2937608d503ab4ab5,1,40.146878193,optimal,0,1
reference_3a,eulp_mixed_3a,3A,10009,hourly_seed_10009,7abdfa644d2de2bb3ab267cd780b5b9e79c0c763448b9cb2937608d503ab4ab5,2,40.146878193,optimal,0,1
reference_3a,eulp_mixed_3a,3A,10009,hourly_seed_10009,7abdfa644d2de2bb3ab267cd780b5b9e79c0c763448b9cb2937608d503ab4ab5,3,40.146878193,optimal,0,1
reference_3a,eulp_mixed_3a,3A,10009,hourly_seed_10009,7abdfa644d2de2bb3ab267cd780b5b9e79c0c763448b9cb2937608d503ab4ab5,4,40.146878193,optimal,0,1
reference_3a,eulp_mixed_3a,3A,10009,hourly_seed_10009,7abdfa644d2de2bb3ab267cd780b5b9e79c0c763448b9cb2937608d503ab4ab5,6,40.146878193,optimal,0,1
reference_3a,eulp_mixed_3a,3A,10009,hourly_seed_10009,7abdfa644d2de2bb3ab267cd780b5b9e79c0c763448b9cb2937608d503ab4ab5,8,40.146878193,optimal,0,1
reference_3a,eulp_mixed_3a,3A,10010,hourly_seed_10010,13003ea189532d5e50e578de72b80fa20844181d79028263809b13edd75af302,1,75.8939211633,optimal,0,1
reference_3a,eulp_mixed_3a,3A,10010,hourly_seed_10010,13003ea189532d5e50e578de72b80fa20844181d79028263809b13edd75af302,2,75.8939211633,optimal,0,1
reference_3a,eulp_mixed_3a,3A,10010,hourly_seed_10010,13003ea189532d5e50e578de72b80fa20844181d79028263809b13edd75af302,3,75.8939211633,optimal,0,1
reference_3a,eulp_mixed_3a,3A,10010,hourly_seed_10010,13003ea189532d5e50e578de72b80fa20844181d79028263809b13edd75af302,4,75.8939211633,optimal,0,1
reference_3a,eulp_mixed_3a,3A,10010,hourly_seed_10010,13003ea189532d5e50e578de72b80fa20844181d79028263809b13edd75af302,6,49.9727976899,optimal,0,1
reference_3a,eulp_mixed_3a,3A,10010,hourly_seed_10010,13003ea189532d5e50e578de72b80fa20844181d79028263809b13edd75af302,8,35.9320310357,optimal,0,1
reference_3a,eulp_mixed_3a,3A,10011,hourly_seed_10011,f2fc96d1fee5dfd9c191005c434f8999302b18b7a8632ab95e6e12eb59d393dc,1,65.815535426,optimal,0,1
reference_3a,eulp_mixed_3a,3A,10011,hourly_seed_10011,f2fc96d1fee5dfd9c191005c434f8999302b18b7a8632ab95e6e12eb59d393dc,2,65.815535426,optimal,0,1
reference_3a,eulp_mixed_3a,3A,10011,hourly_seed_10011,f2fc96d1fee5dfd9c191005c434f8999302b18b7a8632ab95e6e12eb59d393dc,3,47.3376063613,optimal,0,1
reference_3a,eulp_mixed_3a,3A,10011,hourly_seed_10011,f2fc96d1fee5dfd9c191005c434f8999302b18b7a8632ab95e6e12eb59d393dc,4,47.3376063613,optimal,0,1
reference_3a,eulp_mixed_3a,3A,10011,hourly_seed_10011,f2fc96d1fee5dfd9c191005c434f8999302b18b7a8632ab95e6e12eb59d393dc,6,47.3376063613,optimal,0,1
reference_3a,eulp_mixed_3a,3A,10011,hourly_seed_10011,f2fc96d1fee5dfd9c191005c434f8999302b18b7a8632ab95e6e12eb59d393dc,8,47.3376063613,optimal,0,1
reference_3a,eulp_mixed_3a,3A,10012,hourly_seed_10012,6f62acab267b58b6987e379a936043d7be2e2cf9db16980f8154ccfd88471b9f,1,87.1401130021,optimal,0,1
reference_3a,eulp_mixed_3a,3A,10012,hourly_seed_10012,6f62acab267b58b6987e379a936043d7be2e2cf9db16980f8154ccfd88471b9f,2,72.4849966927,optimal,0,1
reference_3a,eulp_mixed_3a,3A,10012,hourly_seed_10012,6f62acab267b58b6987e379a936043d7be2e2cf9db16980f8154ccfd88471b9f,3,72.4849966927,optimal,0,1
reference_3a,eulp_mixed_3a,3A,10012,hourly_seed_10012,6f62acab267b58b6987e379a936043d7be2e2cf9db16980f8154ccfd88471b9f,4,72.4849966927,optimal,0,1
reference_3a,eulp_mixed_3a,3A,10012,hourly_seed_10012,6f62acab267b58b6987e379a936043d7be2e2cf9db16980f8154ccfd88471b9f,6,64.6093926692,optimal,0,1
reference_3a,eulp_mixed_3a,3A,10012,hourly_seed_10012,6f62acab267b58b6987e379a936043d7be2e2cf9db16980f8154ccfd88471b9f,8,54.2555571707,optimal,0,1
reference_3a,eulp_mixed_3a,3A,10013,hourly_seed_10013,98dce060be963f0786309975c5a06ffc86371d1c28e09f1cdc531703a403970b,1,112.23140492,optimal,0,1
reference_3a,eulp_mixed_3a,3A,10013,hourly_seed_10013,98dce060be963f0786309975c5a06ffc86371d1c28e09f1cdc531703a403970b,2,103.159183042,optimal,0,1
reference_3a,eulp_mixed_3a,3A,10013,hourly_seed_10013,98dce060be963f0786309975c5a06ffc86371d1c28e09f1cdc531703a403970b,3,65.2397266965,optimal,0,1
reference_3a,eulp_mixed_3a,3A,10013,hourly_seed_10013,98dce060be963f0786309975c5a06ffc86371d1c28e09f1cdc531703a403970b,4,65.2397266965,optimal,0,1
reference_3a,eulp_mixed_3a,3A,10013,hourly_seed_10013,98dce060be963f0786309975c5a06ffc86371d1c28e09f1cdc531703a403970b,6,57.5963666956,optimal,0,1
reference_3a,eulp_mixed_3a,3A,10013,hourly_seed_10013,98dce060be963f0786309975c5a06ffc86371d1c28e09f1cdc531703a403970b,8,54.8543788507,optimal,0,1
reference_3a,eulp_mixed_3a,3A,10014,hourly_seed_10014,d9808ee4fbb01cb358711bb44b7de7697febf0739599aae704de7520751fbe35,1,110.823414795,optimal,0,1
reference_3a,eulp_mixed_3a,3A,10014,hourly_seed_10014,d9808ee4fbb01cb358711bb44b7de7697febf0739599aae704de7520751fbe35,2,110.823414795,optimal,0,1
reference_3a,eulp_mixed_3a,3A,10014,hourly_seed_10014,d9808ee4fbb01cb358711bb44b7de7697febf0739599aae704de7520751fbe35,3,108.940628493,optimal,0,1
reference_3a,eulp_mixed_3a,3A,10014,hourly_seed_10014,d9808ee4fbb01cb358711bb44b7de7697febf0739599aae704de7520751fbe35,4,72.8746721368,optimal,0,1
reference_3a,eulp_mixed_3a,3A,10014,hourly_seed_10014,d9808ee4fbb01cb358711bb44b7de7697febf0739599aae704de7520751fbe35,6,59.7547445044,optimal,0,1
reference_3a,eulp_mixed_3a,3A,10014,hourly_seed_10014,d9808ee4fbb01cb358711bb44b7de7697febf0739599aae704de7520751fbe35,8,59.7547445044,optimal,0,1
reference_3a,eulp_mixed_3a,3A,10015,hourly_seed_10015,49ff93ab12489dd3781ed4aebe9e35a2ea4dedddf6f71658bcb6e62d5a6cfd0c,1,90.2558837335,optimal,0,1
reference_3a,eulp_mixed_3a,3A,10015,hourly_seed_10015,49ff93ab12489dd3781ed4aebe9e35a2ea4dedddf6f71658bcb6e62d5a6cfd0c,2,70.3561560768,optimal,0,1
reference_3a,eulp_mixed_3a,3A,10015,hourly_seed_10015,49ff93ab12489dd3781ed4aebe9e35a2ea4dedddf6f71658bcb6e62d5a6cfd0c,3,70.0037304174,optimal,0,1
reference_3a,eulp_mixed_3a,3A,10015,hourly_seed_10015,49ff93ab12489dd3781ed4aebe9e35a2ea4dedddf6f71658bcb6e62d5a6cfd0c,4,68.9636420431,optimal,0,1
reference_3a,eulp_mixed_3a,3A,10015,hourly_seed_10015,49ff93ab12489dd3781ed4aebe9e35a2ea4dedddf6f71658bcb6e62d5a6cfd0c,6,58.1490303197,optimal,0,1
reference_3a,eulp_mixed_3a,3A,10015,hourly_seed_10015,49ff93ab12489dd3781ed4aebe9e35a2ea4dedddf6f71658bcb6e62d5a6cfd0c,8,58.1490303197,optimal,0,1
reference_3a,eulp_mixed_3a,3A,10016,hourly_seed_10016,82b6ff5e40549ba26c8cfb8ab7320a14163a682169df7f7025bfdb4bb10e3a35,1,112.925433052,optimal,0,1
reference_3a,eulp_mixed_3a,3A,10016,hourly_seed_10016,82b6ff5e40549ba26c8cfb8ab7320a14163a682169df7f7025bfdb4bb10e3a35,2,87.4480873436,optimal,0,1
reference_3a,eulp_mixed_3a,3A,10016,hourly_seed_10016,82b6ff5e40549ba26c8cfb8ab7320a14163a682169df7f7025bfdb4bb10e3a35,3,84.3010304395,optimal,0,1
reference_3a,eulp_mixed_3a,3A,10016,hourly_seed_10016,82b6ff5e40549ba26c8cfb8ab7320a14163a682169df7f7025bfdb4bb10e3a35,4,78.1741428548,optimal,0,1
reference_3a,eulp_mixed_3a,3A,10016,hourly_seed_10016,82b6ff5e40549ba26c8cfb8ab7320a14163a682169df7f7025bfdb4bb10e3a35,6,72.8538526461,optimal,0,1
reference_3a,eulp_mixed_3a,3A,10016,hourly_seed_10016,82b6ff5e40549ba26c8cfb8ab7320a14163a682169df7f7025bfdb4bb10e3a35,8,50.338979626,optimal,0,1
reference_3a,eulp_mixed_3a,3A,10017,hourly_seed_10017,24ec889a0faf8c6c58fd3c12b1fda57f28f41fd9fe3c653022d8e4c93342d7fd,1,95.8703990173,optimal,0,1
reference_3a,eulp_mixed_3a,3A,10017,hourly_seed_10017,24ec889a0faf8c6c58fd3c12b1fda57f28f41fd9fe3c653022d8e4c93342d7fd,2,78.9014357589,optimal,0,1
reference_3a,eulp_mixed_3a,3A,10017,hourly_seed_10017,24ec889a0faf8c6c58fd3c12b1fda57f28f41fd9fe3c653022d8e4c93342d7fd,3,60.1010262645,optimal,0,1
reference_3a,eulp_mixed_3a,3A,10017,hourly_seed_10017,24ec889a0faf8c6c58fd3c12b1fda57f28f41fd9fe3c653022d8e4c93342d7fd,4,58.9741387167,optimal,0,1
reference_3a,eulp_mixed_3a,3A,10017,hourly_seed_10017,24ec889a0faf8c6c58fd3c12b1fda57f28f41fd9fe3c653022d8e4c93342d7fd,6,50.3821496818,optimal,0,1
reference_3a,eulp_mixed_3a,3A,10017,hourly_seed_10017,24ec889a0faf8c6c58fd3c12b1fda57f28f41fd9fe3c653022d8e4c93342d7fd,8,50.3821496818,optimal,0,1
reference_3a,eulp_mixed_3a,3A,10018,hourly_seed_10018,1e5095f0d045371330ff4865f4cba03d37b83da47607f615b0369c9bef487174,1,68.0054702474,optimal,0,1
reference_3a,eulp_mixed_3a,3A,10018,hourly_seed_10018,1e5095f0d045371330ff4865f4cba03d37b83da47607f615b0369c9bef487174,2,68.0054702474,optimal,0,1
reference_3a,eulp_mixed_3a,3A,10018,hourly_seed_10018,1e5095f0d045371330ff4865f4cba03d37b83da47607f615b0369c9bef487174,3,68.0054702474,optimal,0,1
reference_3a,eulp_mixed_3a,3A,10018,hourly_seed_10018,1e5095f0d045371330ff4865f4cba03d37b83da47607f615b0369c9bef487174,4,68.0054702474,optimal,0,1
reference_3a,eulp_mixed_3a,3A,10018,hourly_seed_10018,1e5095f0d045371330ff4865f4cba03d37b83da47607f615b0369c9bef487174,6,52.9791956268,optimal,0,1
reference_3a,eulp_mixed_3a,3A,10018,hourly_seed_10018,1e5095f0d045371330ff4865f4cba03d37b83da47607f615b0369c9bef487174,8,52.9791956268,optimal,0,1
reference_3a,eulp_mixed_3a,3A,10019,hourly_seed_10019,337ef3affc4bd048cb404cadebcdeb4d1776efa7e07686d0a3ce07e119d5d0ec,1,88.2787643575,optimal,0,1
reference_3a,eulp_mixed_3a,3A,10019,hourly_seed_10019,337ef3affc4bd048cb404cadebcdeb4d1776efa7e07686d0a3ce07e119d5d0ec,2,64.3510539961,optimal,0,1
reference_3a,eulp_mixed_3a,3A,10019,hourly_seed_10019,337ef3affc4bd048cb404cadebcdeb4d1776efa7e07686d0a3ce07e119d5d0ec,3,51.3839822063,optimal,0,1
reference_3a,eulp_mixed_3a,3A,10019,hourly_seed_10019,337ef3affc4bd048cb404cadebcdeb4d1776efa7e07686d0a3ce07e119d5d0ec,4,51.3839822063,optimal,0,1
reference_3a,eulp_mixed_3a,3A,10019,hourly_seed_10019,337ef3affc4bd048cb404cadebcdeb4d1776efa7e07686d0a3ce07e119d5d0ec,6,51.3839822063,optimal,0,1
reference_3a,eulp_mixed_3a,3A,10019,hourly_seed_10019,337ef3affc4bd048cb404cadebcdeb4d1776efa7e07686d0a3ce07e119d5d0ec,8,51.3839822063,optimal,0,1
reference_3a,eulp_mixed_3a,3A,10020,hourly_seed_10020,b48e8bdcdb7a575555b4dffe2a05b0a6e0af403de970678fc010b2c0e44fc18d,1,97.9759934945,optimal,0,1
reference_3a,eulp_mixed_3a,3A,10020,hourly_seed_10020,b48e8bdcdb7a575555b4dffe2a05b0a6e0af403de970678fc010b2c0e44fc18d,2,97.9759934945,optimal,0,1
reference_3a,eulp_mixed_3a,3A,10020,hourly_seed_10020,b48e8bdcdb7a575555b4dffe2a05b0a6e0af403de970678fc010b2c0e44fc18d,3,97.9759934945,optimal,0,1
reference_3a,eulp_mixed_3a,3A,10020,hourly_seed_10020,b48e8bdcdb7a575555b4dffe2a05b0a6e0af403de970678fc010b2c0e44fc18d,4,73.1748459381,optimal,0,1
reference_3a,eulp_mixed_3a,3A,10020,hourly_seed_10020,b48e8bdcdb7a575555b4dffe2a05b0a6e0af403de970678fc010b2c0e44fc18d,6,63.0725309822,optimal,0,1
reference_3a,eulp_mixed_3a,3A,10020,hourly_seed_10020,b48e8bdcdb7a575555b4dffe2a05b0a6e0af403de970678fc010b2c0e44fc18d,8,47.7369739929,optimal,0,1
reference_3a,eulp_mixed_3a,3A,10021,hourly_seed_10021,6c91e375b62e0dc0630909ed414703fce481e08a685ff5f0de34766dea437234,1,80.667546345,optimal,0,1
reference_3a,eulp_mixed_3a,3A,10021,hourly_seed_10021,6c91e375b62e0dc0630909ed414703fce481e08a685ff5f0de34766dea437234,2,69.8883077788,optimal,0,1
reference_3a,eulp_mixed_3a,3A,10021,hourly_seed_10021,6c91e375b62e0dc0630909ed414703fce481e08a685ff5f0de34766dea437234,3,69.8883077788,optimal,0,1
reference_3a,eulp_mixed_3a,3A,10021,hourly_seed_10021,6c91e375b62e0dc0630909ed414703fce481e08a685ff5f0de34766dea437234,4,46.1151139902,optimal,0,1
reference_3a,eulp_mixed_3a,3A,10021,hourly_seed_10021,6c91e375b62e0dc0630909ed414703fce481e08a685ff5f0de34766dea437234,6,46.1151139902,optimal,0,1
reference_3a,eulp_mixed_3a,3A,10021,hourly_seed_10021,6c91e375b62e0dc0630909ed414703fce481e08a685ff5f0de34766dea437234,8,46.1151139902,optimal,0,1
reference_3a,eulp_mixed_3a,3A,10022,hourly_seed_10022,e57848058481cc6d107048f3bd9eb1cbb4e24d90f814c7c8a20edd0908584f10,1,112.852117818,optimal,0,1
reference_3a,eulp_mixed_3a,3A,10022,hourly_seed_10022,e57848058481cc6d107048f3bd9eb1cbb4e24d90f814c7c8a20edd0908584f10,2,112.024304596,optimal,0,1
reference_3a,eulp_mixed_3a,3A,10022,hourly_seed_10022,e57848058481cc6d107048f3bd9eb1cbb4e24d90f814c7c8a20edd0908584f10,3,89.3330165951,optimal,0,1
reference_3a,eulp_mixed_3a,3A,10022,hourly_seed_10022,e57848058481cc6d107048f3bd9eb1cbb4e24d90f814c7c8a20edd0908584f10,4,63.9519631428,optimal,0,1
reference_3a,eulp_mixed_3a,3A,10022,hourly_seed_10022,e57848058481cc6d107048f3bd9eb1cbb4e24d90f814c7c8a20edd0908584f10,6,63.9519631428,optimal,0,1
reference_3a,eulp_mixed_3a,3A,10022,hourly_seed_10022,e57848058481cc6d107048f3bd9eb1cbb4e24d90f814c7c8a20edd0908584f10,8,59.2468863115,optimal,0,1
reference_3a,eulp_mixed_3a,3A,10023,hourly_seed_10023,9ade65db594c2b10b71d3bbdc4769e8bf5261a6a0e5e9c709c7bf7853fbf278b,1,112.212487183,optimal,0,1
reference_3a,eulp_mixed_3a,3A,10023,hourly_seed_10023,9ade65db594c2b10b71d3bbdc4769e8bf5261a6a0e5e9c709c7bf7853fbf278b,2,109.751749701,optimal,0,1
reference_3a,eulp_mixed_3a,3A,10023,hourly_seed_10023,9ade65db594c2b10b71d3bbdc4769e8bf5261a6a0e5e9c709c7bf7853fbf278b,3,59.2893436845,optimal,0,1
reference_3a,eulp_mixed_3a,3A,10023,hourly_seed_10023,9ade65db594c2b10b71d3bbdc4769e8bf5261a6a0e5e9c709c7bf7853fbf278b,4,57.5707425963,optimal,0,1
reference_3a,eulp_mixed_3a,3A,10023,hourly_seed_10023,9ade65db594c2b10b71d3bbdc4769e8bf5261a6a0e5e9c709c7bf7853fbf278b,6,56.5490468572,optimal,0,1
reference_3a,eulp_mixed_3a,3A,10023,hourly_seed_10023,9ade65db594c2b10b71d3bbdc4769e8bf5261a6a0e5e9c709c7bf7853fbf278b,8,56.5490468572,optimal,0,1
reference_3a,eulp_mixed_3a,3A,10024,hourly_seed_10024,a764b506e968af1812232efb2bb4371797fde6049448ad10f1547abe876988f4,1,57.0850093024,optimal,0,1
reference_3a,eulp_mixed_3a,3A,10024,hourly_seed_10024,a764b506e968af1812232efb2bb4371797fde6049448ad10f1547abe876988f4,2,57.0850093024,optimal,0,1
reference_3a,eulp_mixed_3a,3A,10024,hourly_seed_10024,a764b506e968af1812232efb2bb4371797fde6049448ad10f1547abe876988f4,3,52.9113685123,optimal,0,1
reference_3a,eulp_mixed_3a,3A,10024,hourly_seed_10024,a764b506e968af1812232efb2bb4371797fde6049448ad10f1547abe876988f4,4,52.9113685123,optimal,0,1
reference_3a,eulp_mixed_3a,3A,10024,hourly_seed_10024,a764b506e968af1812232efb2bb4371797fde6049448ad10f1547abe876988f4,6,52.9113685123,optimal,0,1
reference_3a,eulp_mixed_3a,3A,10024,hourly_seed_10024,a764b506e968af1812232efb2bb4371797fde6049448ad10f1547abe876988f4,8,52.9113685123,optimal,0,1
reference_3a,eulp_mixed_3a,3A,10025,hourly_seed_10025,4186aeb393e8ffa834b68fea9842a850b74bc4eb7b19f528e8375d19a91e2da2,1,112.195879838,optimal,0,1
reference_3a,eulp_mixed_3a,3A,10025,hourly_seed_10025,4186aeb393e8ffa834b68fea9842a850b74bc4eb7b19f528e8375d19a91e2da2,2,111.3801443,optimal,0,1
reference_3a,eulp_mixed_3a,3A,10025,hourly_seed_10025,4186aeb393e8ffa834b68fea9842a850b74bc4eb7b19f528e8375d19a91e2da2,3,66.2129859901,optimal,0,1
reference_3a,eulp_mixed_3a,3A,10025,hourly_seed_10025,4186aeb393e8ffa834b68fea9842a850b74bc4eb7b19f528e8375d19a91e2da2,4,62.9276188489,optimal,0,1
reference_3a,eulp_mixed_3a,3A,10025,hourly_seed_10025,4186aeb393e8ffa834b68fea9842a850b74bc4eb7b19f528e8375d19a91e2da2,6,45.4890215618,optimal,0,1
reference_3a,eulp_mixed_3a,3A,10025,hourly_seed_10025,4186aeb393e8ffa834b68fea9842a850b74bc4eb7b19f528e8375d19a91e2da2,8,45.4890215618,optimal,0,1
reference_3a,eulp_mixed_3a,3A,10026,hourly_seed_10026,5c5d8947163b17e2732849c06f86998d32bf29bb4b1992d409587cf944deda5d,1,82.3614969944,optimal,0,1
reference_3a,eulp_mixed_3a,3A,10026,hourly_seed_10026,5c5d8947163b17e2732849c06f86998d32bf29bb4b1992d409587cf944deda5d,2,60.9042524418,optimal,0,1
reference_3a,eulp_mixed_3a,3A,10026,hourly_seed_10026,5c5d8947163b17e2732849c06f86998d32bf29bb4b1992d409587cf944deda5d,3,60.9042524418,optimal,0,1
reference_3a,eulp_mixed_3a,3A,10026,hourly_seed_10026,5c5d8947163b17e2732849c06f86998d32bf29bb4b1992d409587cf944deda5d,4,58.0710289053,optimal,0,1
reference_3a,eulp_mixed_3a,3A,10026,hourly_seed_10026,5c5d8947163b17e2732849c06f86998d32bf29bb4b1992d409587cf944deda5d,6,58.0710289053,optimal,0,1
reference_3a,eulp_mixed_3a,3A,10026,hourly_seed_10026,5c5d8947163b17e2732849c06f86998d32bf29bb4b1992d409587cf944deda5d,8,58.0710289053,optimal,0,1
reference_3a,eulp_mixed_3a,3A,10027,hourly_seed_10027,7c197c02dd758fbd52372d1f5790f46612e50126caf8424134f10189092e16e7,1,84.3763504777,optimal,0,1
reference_3a,eulp_mixed_3a,3A,10027,hourly_seed_10027,7c197c02dd758fbd52372d1f5790f46612e50126caf8424134f10189092e16e7,2,68.7407554183,optimal,0,1
reference_3a,eulp_mixed_3a,3A,10027,hourly_seed_10027,7c197c02dd758fbd52372d1f5790f46612e50126caf8424134f10189092e16e7,3,68.7407554183,optimal,0,1
reference_3a,eulp_mixed_3a,3A,10027,hourly_seed_10027,7c197c02dd758fbd52372d1f5790f46612e50126caf8424134f10189092e16e7,4,49.5193276421,optimal,0,1
reference_3a,eulp_mixed_3a,3A,10027,hourly_seed_10027,7c197c02dd758fbd52372d1f5790f46612e50126caf8424134f10189092e16e7,6,49.5193276421,optimal,0,1
reference_3a,eulp_mixed_3a,3A,10027,hourly_seed_10027,7c197c02dd758fbd52372d1f5790f46612e50126caf8424134f10189092e16e7,8,43.1516010853,optimal,0,1
reference_3a,eulp_mixed_3a,3A,10028,hourly_seed_10028,64d2eb5e11ae24e34eaa047b9df04b9157f8dc2c72f9ad5508a69d8c50968e9b,1,57.0246044745,optimal,0,1
reference_3a,eulp_mixed_3a,3A,10028,hourly_seed_10028,64d2eb5e11ae24e34eaa047b9df04b9157f8dc2c72f9ad5508a69d8c50968e9b,2,57.0246044745,optimal,0,1
reference_3a,eulp_mixed_3a,3A,10028,hourly_seed_10028,64d2eb5e11ae24e34eaa047b9df04b9157f8dc2c72f9ad5508a69d8c50968e9b,3,57.0246044745,optimal,0,1
reference_3a,eulp_mixed_3a,3A,10028,hourly_seed_10028,64d2eb5e11ae24e34eaa047b9df04b9157f8dc2c72f9ad5508a69d8c50968e9b,4,57.0246044745,optimal,0,1
reference_3a,eulp_mixed_3a,3A,10028,hourly_seed_10028,64d2eb5e11ae24e34eaa047b9df04b9157f8dc2c72f9ad5508a69d8c50968e9b,6,57.0246044745,optimal,0,1
reference_3a,eulp_mixed_3a,3A,10028,hourly_seed_10028,64d2eb5e11ae24e34eaa047b9df04b9157f8dc2c72f9ad5508a69d8c50968e9b,8,57.0246044745,optimal,0,1
reference_3a,eulp_mixed_3a,3A,10029,hourly_seed_10029,c4c09f55696bc3c10a3994fedeba68977f8b36133ea400fbac28c1bd60e9583d,1,111.480945204,optimal,0,1
reference_3a,eulp_mixed_3a,3A,10029,hourly_seed_10029,c4c09f55696bc3c10a3994fedeba68977f8b36133ea400fbac28c1bd60e9583d,2,102.401299523,optimal,0,1
reference_3a,eulp_mixed_3a,3A,10029,hourly_seed_10029,c4c09f55696bc3c10a3994fedeba68977f8b36133ea400fbac28c1bd60e9583d,3,102.401299523,optimal,0,1
reference_3a,eulp_mixed_3a,3A,10029,hourly_seed_10029,c4c09f55696bc3c10a3994fedeba68977f8b36133ea400fbac28c1bd60e9583d,4,84.3395276293,optimal,0,1
reference_3a,eulp_mixed_3a,3A,10029,hourly_seed_10029,c4c09f55696bc3c10a3994fedeba68977f8b36133ea400fbac28c1bd60e9583d,6,61.0591758853,optimal,0,1
reference_3a,eulp_mixed_3a,3A,10029,hourly_seed_10029,c4c09f55696bc3c10a3994fedeba68977f8b36133ea400fbac28c1bd60e9583d,8,61.0591758853,optimal,0,1
reference_3a,eulp_mixed_3a,3A,10030,hourly_seed_10030,f1279498ef5d4bfd7a56ec4c42f0a60fc2fffc7a598809742cc08394e9177120,1,111.069011546,optimal,0,1
reference_3a,eulp_mixed_3a,3A,10030,hourly_seed_10030,f1279498ef5d4bfd7a56ec4c42f0a60fc2fffc7a598809742cc08394e9177120,2,98.7806911758,optimal,0,1
reference_3a,eulp_mixed_3a,3A,10030,hourly_seed_10030,f1279498ef5d4bfd7a56ec4c42f0a60fc2fffc7a598809742cc08394e9177120,3,98.7806911758,optimal,0,1
reference_3a,eulp_mixed_3a,3A,10030,hourly_seed_10030,f1279498ef5d4bfd7a56ec4c42f0a60fc2fffc7a598809742cc08394e9177120,4,98.7806911758,optimal,0,1
reference_3a,eulp_mixed_3a,3A,10030,hourly_seed_10030,f1279498ef5d4bfd7a56ec4c42f0a60fc2fffc7a598809742cc08394e9177120,6,40.2902211553,optimal,0,1
reference_3a,eulp_mixed_3a,3A,10030,hourly_seed_10030,f1279498ef5d4bfd7a56ec4c42f0a60fc2fffc7a598809742cc08394e9177120,8,40.2902211553,optimal,0,1
reference_3a,eulp_mixed_3a,3A,10031,hourly_seed_10031,58e051c9b173100f73f54836042f66f8a8885e9544068819557b2e1c0b97a7d2,1,112.328754437,optimal,0,1
reference_3a,eulp_mixed_3a,3A,10031,hourly_seed_10031,58e051c9b173100f73f54836042f66f8a8885e9544068819557b2e1c0b97a7d2,2,111.032224867,optimal,0,1
reference_3a,eulp_mixed_3a,3A,10031,hourly_seed_10031,58e051c9b173100f73f54836042f66f8a8885e9544068819557b2e1c0b97a7d2,3,97.372689167,optimal,0,1
reference_3a,eulp_mixed_3a,3A,10031,hourly_seed_10031,58e051c9b173100f73f54836042f66f8a8885e9544068819557b2e1c0b97a7d2,4,75.5106019368,optimal,0,1
reference_3a,eulp_mixed_3a,3A,10031,hourly_seed_10031,58e051c9b173100f73f54836042f66f8a8885e9544068819557b2e1c0b97a7d2,6,62.5986654245,optimal,0,1
reference_3a,eulp_mixed_3a,3A,10031,hourly_seed_10031,58e051c9b173100f73f54836042f66f8a8885e9544068819557b2e1c0b97a7d2,8,58.4450656904,optimal,0,1
reference_3a,eulp_mixed_3a,3A,10032,hourly_seed_10032,265a6b3a42e33a2d8eca1ecb03f689e5bcbf0a8ddc78f41646a6a1c1e850f943,1,114.367033196,optimal,0,1
reference_3a,eulp_mixed_3a,3A,10032,hourly_seed_10032,265a6b3a42e33a2d8eca1ecb03f689e5bcbf0a8ddc78f41646a6a1c1e850f943,2,112.641264833,optimal,0,1
reference_3a,eulp_mixed_3a,3A,10032,hourly_seed_10032,265a6b3a42e33a2d8eca1ecb03f689e5bcbf0a8ddc78f41646a6a1c1e850f943,3,91.5174389871,optimal,0,1
reference_3a,eulp_mixed_3a,3A,10032,hourly_seed_10032,265a6b3a42e33a2d8eca1ecb03f689e5bcbf0a8ddc78f41646a6a1c1e850f943,4,61.4634049101,optimal,0,1
reference_3a,eulp_mixed_3a,3A,10032,hourly_seed_10032,265a6b3a42e33a2d8eca1ecb03f689e5bcbf0a8ddc78f41646a6a1c1e850f943,6,61.4634049101,optimal,0,1
reference_3a,eulp_mixed_3a,3A,10032,hourly_seed_10032,265a6b3a42e33a2d8eca1ecb03f689e5bcbf0a8ddc78f41646a6a1c1e850f943,8,48.9213151948,optimal,0,1
reference_3a,eulp_mixed_3a,3A,10033,hourly_seed_10033,b35c754bd64293160747f3483b500220ea9ec0e9fa11dfc55793ebc57361ef08,1,55.0658228873,optimal,0,1
reference_3a,eulp_mixed_3a,3A,10033,hourly_seed_10033,b35c754bd64293160747f3483b500220ea9ec0e9fa11dfc55793ebc57361ef08,2,55.0658228873,optimal,0,1
reference_3a,eulp_mixed_3a,3A,10033,hourly_seed_10033,b35c754bd64293160747f3483b500220ea9ec0e9fa11dfc55793ebc57361ef08,3,55.0658228873,optimal,0,1
reference_3a,eulp_mixed_3a,3A,10033,hourly_seed_10033,b35c754bd64293160747f3483b500220ea9ec0e9fa11dfc55793ebc57361ef08,4,55.0658228873,optimal,0,1
reference_3a,eulp_mixed_3a,3A,10033,hourly_seed_10033,b35c754bd64293160747f3483b500220ea9ec0e9fa11dfc55793ebc57361ef08,6,55.0658228873,optimal,0,1
reference_3a,eulp_mixed_3a,3A,10033,hourly_seed_10033,b35c754bd64293160747f3483b500220ea9ec0e9fa11dfc55793ebc57361ef08,8,55.0658228873,optimal,0,1
reference_3a,eulp_mixed_3a,3A,10034,hourly_seed_10034,c7955d0c94bae9c4d0d8b0168db970e48734369343be510a142560fd27b65140,1,101.830990946,optimal,0,1
reference_3a,eulp_mixed_3a,3A,10034,hourly_seed_10034,c7955d0c94bae9c4d0d8b0168db970e48734369343be510a142560fd27b65140,2,94.8841525358,optimal,0,1
reference_3a,eulp_mixed_3a,3A,10034,hourly_seed_10034,c7955d0c94bae9c4d0d8b0168db970e48734369343be510a142560fd27b65140,3,78.8598703461,optimal,0,1
reference_3a,eulp_mixed_3a,3A,10034,hourly_seed_10034,c7955d0c94bae9c4d0d8b0168db970e48734369343be510a142560fd27b65140,4,68.0029374138,optimal,0,1
reference_3a,eulp_mixed_3a,3A,10034,hourly_seed_10034,c7955d0c94bae9c4d0d8b0168db970e48734369343be510a142560fd27b65140,6,53.369439977,optimal,0,1
reference_3a,eulp_mixed_3a,3A,10034,hourly_seed_10034,c7955d0c94bae9c4d0d8b0168db970e48734369343be510a142560fd27b65140,8,53.369439977,optimal,0,1
reference_3a,eulp_mixed_3a,3A,10035,hourly_seed_10035,6cf3b749830aed9e751e022e581e705f951fefe76a2519297520f7b4c1f80b92,1,53.4901623195,optimal,0,1
reference_3a,eulp_mixed_3a,3A,10035,hourly_seed_10035,6cf3b749830aed9e751e022e581e705f951fefe76a2519297520f7b4c1f80b92,2,53.4901623195,optimal,0,1
reference_3a,eulp_mixed_3a,3A,10035,hourly_seed_10035,6cf3b749830aed9e751e022e581e705f951fefe76a2519297520f7b4c1f80b92,3,53.4901623195,optimal,0,1
reference_3a,eulp_mixed_3a,3A,10035,hourly_seed_10035,6cf3b749830aed9e751e022e581e705f951fefe76a2519297520f7b4c1f80b92,4,53.4901623195,optimal,0,1
reference_3a,eulp_mixed_3a,3A,10035,hourly_seed_10035,6cf3b749830aed9e751e022e581e705f951fefe76a2519297520f7b4c1f80b92,6,53.4901623195,optimal,0,1
reference_3a,eulp_mixed_3a,3A,10035,hourly_seed_10035,6cf3b749830aed9e751e022e581e705f951fefe76a2519297520f7b4c1f80b92,8,48.7107991511,optimal,0,1
reference_3a,eulp_mixed_3a,3A,10036,hourly_seed_10036,52fa7ff353f0658030ad7ab8d089bd8834bab4d355ef5ba746c78a3502b8176a,1,82.5836359044,optimal,0,1
reference_3a,eulp_mixed_3a,3A,10036,hourly_seed_10036,52fa7ff353f0658030ad7ab8d089bd8834bab4d355ef5ba746c78a3502b8176a,2,71.8193402969,optimal,0,1
reference_3a,eulp_mixed_3a,3A,10036,hourly_seed_10036,52fa7ff353f0658030ad7ab8d089bd8834bab4d355ef5ba746c78a3502b8176a,3,69.0548172406,optimal,0,1
reference_3a,eulp_mixed_3a,3A,10036,hourly_seed_10036,52fa7ff353f0658030ad7ab8d089bd8834bab4d355ef5ba746c78a3502b8176a,4,59.179670212,optimal,0,1
reference_3a,eulp_mixed_3a,3A,10036,hourly_seed_10036,52fa7ff353f0658030ad7ab8d089bd8834bab4d355ef5ba746c78a3502b8176a,6,59.179670212,optimal,0,1
reference_3a,eulp_mixed_3a,3A,10036,hourly_seed_10036,52fa7ff353f0658030ad7ab8d089bd8834bab4d355ef5ba746c78a3502b8176a,8,59.179670212,optimal,0,1
reference_3a,eulp_mixed_3a,3A,10037,hourly_seed_10037,7a3317b211daca52520c9302b427e5b2bd02c1fd93b5cc32344b0c753d6fca70,1,112.157887497,optimal,0,1
reference_3a,eulp_mixed_3a,3A,10037,hourly_seed_10037,7a3317b211daca52520c9302b427e5b2bd02c1fd93b5cc32344b0c753d6fca70,2,110.604857247,optimal,0,1
reference_3a,eulp_mixed_3a,3A,10037,hourly_seed_10037,7a3317b211daca52520c9302b427e5b2bd02c1fd93b5cc32344b0c753d6fca70,3,86.6034753756,optimal,0,1
reference_3a,eulp_mixed_3a,3A,10037,hourly_seed_10037,7a3317b211daca52520c9302b427e5b2bd02c1fd93b5cc32344b0c753d6fca70,4,86.6034753756,optimal,0,1
reference_3a,eulp_mixed_3a,3A,10037,hourly_seed_10037,7a3317b211daca52520c9302b427e5b2bd02c1fd93b5cc32344b0c753d6fca70,6,60.5212968671,optimal,0,1
reference_3a,eulp_mixed_3a,3A,10037,hourly_seed_10037,7a3317b211daca52520c9302b427e5b2bd02c1fd93b5cc32344b0c753d6fca70,8,53.8342242726,optimal,0,1
reference_3a,eulp_mixed_3a,3A,10038,hourly_seed_10038,23c04f9e31daaa3f8c727105bde7de16a3ab04ae9adf269cafe344a164b2be55,1,69.1884617566,optimal,0,1
reference_3a,eulp_mixed_3a,3A,10038,hourly_seed_10038,23c04f9e31daaa3f8c727105bde7de16a3ab04ae9adf269cafe344a164b2be55,2,69.1884617566,optimal,0,1
reference_3a,eulp_mixed_3a,3A,10038,hourly_seed_10038,23c04f9e31daaa3f8c727105bde7de16a3ab04ae9adf269cafe344a164b2be55,3,54.9173325109,optimal,0,1
reference_3a,eulp_mixed_3a,3A,10038,hourly_seed_10038,23c04f9e31daaa3f8c727105bde7de16a3ab04ae9adf269cafe344a164b2be55,4,54.9173325109,optimal,0,1
reference_3a,eulp_mixed_3a,3A,10038,hourly_seed_10038,23c04f9e31daaa3f8c727105bde7de16a3ab04ae9adf269cafe344a164b2be55,6,54.9173325109,optimal,0,1
reference_3a,eulp_mixed_3a,3A,10038,hourly_seed_10038,23c04f9e31daaa3f8c727105bde7de16a3ab04ae9adf269cafe344a164b2be55,8,54.9173325109,optimal,0,1
reference_3a,eulp_mixed_3a,3A,10039,hourly_seed_10039,cc254def383659cbe2d293565b7c7816ec157cefd6fab9e10ffe7a0e7f8ef146,1,67.0604107076,optimal,0,1
reference_3a,eulp_mixed_3a,3A,10039,hourly_seed_10039,cc254def383659cbe2d293565b7c7816ec157cefd6fab9e10ffe7a0e7f8ef146,2,67.0604107076,optimal,0,1
reference_3a,eulp_mixed_3a,3A,10039,hourly_seed_10039,cc254def383659cbe2d293565b7c7816ec157cefd6fab9e10ffe7a0e7f8ef146,3,66.6099516959,optimal,0,1
reference_3a,eulp_mixed_3a,3A,10039,hourly_seed_10039,cc254def383659cbe2d293565b7c7816ec157cefd6fab9e10ffe7a0e7f8ef146,4,59.2140502247,optimal,0,1
reference_3a,eulp_mixed_3a,3A,10039,hourly_seed_10039,cc254def383659cbe2d293565b7c7816ec157cefd6fab9e10ffe7a0e7f8ef146,6,55.6475313976,optimal,0,1
reference_3a,eulp_mixed_3a,3A,10039,hourly_seed_10039,cc254def383659cbe2d293565b7c7816ec157cefd6fab9e10ffe7a0e7f8ef146,8,55.6475313976,optimal,0,1
reference_3a,eulp_mixed_3a,3A,10040,hourly_seed_10040,444988d3dc3b6a061f32ae3d4a9095b586310422b02c365e2ecaecb084b5adb6,1,111.809388449,optimal,0,1
reference_3a,eulp_mixed_3a,3A,10040,hourly_seed_10040,444988d3dc3b6a061f32ae3d4a9095b586310422b02c365e2ecaecb084b5adb6,2,72.949779586,optimal,0,1
reference_3a,eulp_mixed_3a,3A,10040,hourly_seed_10040,444988d3dc3b6a061f32ae3d4a9095b586310422b02c365e2ecaecb084b5adb6,3,53.0576261673,optimal,0,1
reference_3a,eulp_mixed_3a,3A,10040,hourly_seed_10040,444988d3dc3b6a061f32ae3d4a9095b586310422b02c365e2ecaecb084b5adb6,4,53.0576261673,optimal,0,1
reference_3a,eulp_mixed_3a,3A,10040,hourly_seed_10040,444988d3dc3b6a061f32ae3d4a9095b586310422b02c365e2ecaecb084b5adb6,6,53.0576261673,optimal,0,1
reference_3a,eulp_mixed_3a,3A,10040,hourly_seed_10040,444988d3dc3b6a061f32ae3d4a9095b586310422b02c365e2ecaecb084b5adb6,8,53.0576261673,optimal,0,1
reference_3a,eulp_mixed_3a,3A,10041,hourly_seed_10041,7372c278909c393cced930195e33034665c9392ab65e668ecb05d33a0989896d,1,74.2044675678,optimal,0,1
reference_3a,eulp_mixed_3a,3A,10041,hourly_seed_10041,7372c278909c393cced930195e33034665c9392ab65e668ecb05d33a0989896d,2,58.6663805991,optimal,0,1
reference_3a,eulp_mixed_3a,3A,10041,hourly_seed_10041,7372c278909c393cced930195e33034665c9392ab65e668ecb05d33a0989896d,3,58.6663805991,optimal,0,1
reference_3a,eulp_mixed_3a,3A,10041,hourly_seed_10041,7372c278909c393cced930195e33034665c9392ab65e668ecb05d33a0989896d,4,45.4233250151,optimal,0,1
reference_3a,eulp_mixed_3a,3A,10041,hourly_seed_10041,7372c278909c393cced930195e33034665c9392ab65e668ecb05d33a0989896d,6,45.4233250151,optimal,0,1
reference_3a,eulp_mixed_3a,3A,10041,hourly_seed_10041,7372c278909c393cced930195e33034665c9392ab65e668ecb05d33a0989896d,8,45.4233250151,optimal,0,1
reference_3a,eulp_mixed_3a,3A,10042,hourly_seed_10042,77626cb25b30baeb58ab6e7f38210bedaed96491096cf629bb8b9969b77747c8,1,72.7232574597,optimal,0,1
reference_3a,eulp_mixed_3a,3A,10042,hourly_seed_10042,77626cb25b30baeb58ab6e7f38210bedaed96491096cf629bb8b9969b77747c8,2,67.271640286,optimal,0,1
reference_3a,eulp_mixed_3a,3A,10042,hourly_seed_10042,77626cb25b30baeb58ab6e7f38210bedaed96491096cf629bb8b9969b77747c8,3,51.9151097054,optimal,0,1
reference_3a,eulp_mixed_3a,3A,10042,hourly_seed_10042,77626cb25b30baeb58ab6e7f38210bedaed96491096cf629bb8b9969b77747c8,4,51.9151097054,optimal,0,1
reference_3a,eulp_mixed_3a,3A,10042,hourly_seed_10042,77626cb25b30baeb58ab6e7f38210bedaed96491096cf629bb8b9969b77747c8,6,51.9151097054,optimal,0,1
reference_3a,eulp_mixed_3a,3A,10042,hourly_seed_10042,77626cb25b30baeb58ab6e7f38210bedaed96491096cf629bb8b9969b77747c8,8,51.9151097054,optimal,0,1
reference_3a,eulp_mixed_3a,3A,10043,hourly_seed_10043,d491cdcfdbfb29a0c15bfc52b403eb5260cdf00bfb7887e5029b17e796a77d2f,1,61.4593996302,optimal,0,1
reference_3a,eulp_mixed_3a,3A,10043,hourly_seed_10043,d491cdcfdbfb29a0c15bfc52b403eb5260cdf00bfb7887e5029b17e796a77d2f,2,61.4593996302,optimal,0,1
reference_3a,eulp_mixed_3a,3A,10043,hourly_seed_10043,d491cdcfdbfb29a0c15bfc52b403eb5260cdf00bfb7887e5029b17e796a77d2f,3,41.6790518929,optimal,0,1
reference_3a,eulp_mixed_3a,3A,10043,hourly_seed_10043,d491cdcfdbfb29a0c15bfc52b403eb5260cdf00bfb7887e5029b17e796a77d2f,4,41.6790518929,optimal,0,1
reference_3a,eulp_mixed_3a,3A,10043,hourly_seed_10043,d491cdcfdbfb29a0c15bfc52b403eb5260cdf00bfb7887e5029b17e796a77d2f,6,41.6790518929,optimal,0,1
reference_3a,eulp_mixed_3a,3A,10043,hourly_seed_10043,d491cdcfdbfb29a0c15bfc52b403eb5260cdf00bfb7887e5029b17e796a77d2f,8,41.6790518929,optimal,0,1
reference_3a,eulp_mixed_3a,3A,10044,hourly_seed_10044,3b2d4f13559e030f38c98c04f958a37280c42b817356d04f5bf72cd73b404192,1,65.0999637267,optimal,0,1
reference_3a,eulp_mixed_3a,3A,10044,hourly_seed_10044,3b2d4f13559e030f38c98c04f958a37280c42b817356d04f5bf72cd73b404192,2,65.0999637267,optimal,0,1
reference_3a,eulp_mixed_3a,3A,10044,hourly_seed_10044,3b2d4f13559e030f38c98c04f958a37280c42b817356d04f5bf72cd73b404192,3,63.7505795839,optimal,0,1
reference_3a,eulp_mixed_3a,3A,10044,hourly_seed_10044,3b2d4f13559e030f38c98c04f958a37280c42b817356d04f5bf72cd73b404192,4,63.7505795839,optimal,0,1
reference_3a,eulp_mixed_3a,3A,10044,hourly_seed_10044,3b2d4f13559e030f38c98c04f958a37280c42b817356d04f5bf72cd73b404192,6,63.7505795839,optimal,0,1
reference_3a,eulp_mixed_3a,3A,10044,hourly_seed_10044,3b2d4f13559e030f38c98c04f958a37280c42b817356d04f5bf72cd73b404192,8,63.7505795839,optimal,0,1
reference_3a,eulp_mixed_3a,3A,10045,hourly_seed_10045,62c7f22a94426a86830302815edd1128ce9d2ce76c8506d338982d3e46318dad,1,65.6470484286,optimal,0,1
reference_3a,eulp_mixed_3a,3A,10045,hourly_seed_10045,62c7f22a94426a86830302815edd1128ce9d2ce76c8506d338982d3e46318dad,2,65.6470484286,optimal,0,1
reference_3a,eulp_mixed_3a,3A,10045,hourly_seed_10045,62c7f22a94426a86830302815edd1128ce9d2ce76c8506d338982d3e46318dad,3,65.6470484286,optimal,0,1
reference_3a,eulp_mixed_3a,3A,10045,hourly_seed_10045,62c7f22a94426a86830302815edd1128ce9d2ce76c8506d338982d3e46318dad,4,65.6470484286,optimal,0,1
reference_3a,eulp_mixed_3a,3A,10045,hourly_seed_10045,62c7f22a94426a86830302815edd1128ce9d2ce76c8506d338982d3e46318dad,6,63.0399671199,optimal,0,1
reference_3a,eulp_mixed_3a,3A,10045,hourly_seed_10045,62c7f22a94426a86830302815edd1128ce9d2ce76c8506d338982d3e46318dad,8,57.5980160935,optimal,0,1
reference_3a,eulp_mixed_3a,3A,10046,hourly_seed_10046,7f21374be67a0d6d456943ec2ad104cfb3886ae409841743d38a4d6dc0582482,1,111.386089493,optimal,0,1
reference_3a,eulp_mixed_3a,3A,10046,hourly_seed_10046,7f21374be67a0d6d456943ec2ad104cfb3886ae409841743d38a4d6dc0582482,2,100.181674904,optimal,0,1
reference_3a,eulp_mixed_3a,3A,10046,hourly_seed_10046,7f21374be67a0d6d456943ec2ad104cfb3886ae409841743d38a4d6dc0582482,3,93.8537570747,optimal,0,1
reference_3a,eulp_mixed_3a,3A,10046,hourly_seed_10046,7f21374be67a0d6d456943ec2ad104cfb3886ae409841743d38a4d6dc0582482,4,54.4991362232,optimal,0,1
reference_3a,eulp_mixed_3a,3A,10046,hourly_seed_10046,7f21374be67a0d6d456943ec2ad104cfb3886ae409841743d38a4d6dc0582482,6,54.4991362232,optimal,0,1
reference_3a,eulp_mixed_3a,3A,10046,hourly_seed_10046,7f21374be67a0d6d456943ec2ad104cfb3886ae409841743d38a4d6dc0582482,8,37.7597540487,optimal,0,1
reference_3a,eulp_mixed_3a,3A,10047,hourly_seed_10047,f64d1a04f0c570637f6f2a29ec5a97f47c96244df1fde1e2df7901a8e08ce13f,1,112.421629601,optimal,0,1
reference_3a,eulp_mixed_3a,3A,10047,hourly_seed_10047,f64d1a04f0c570637f6f2a29ec5a97f47c96244df1fde1e2df7901a8e08ce13f,2,85.0141880201,optimal,0,1
reference_3a,eulp_mixed_3a,3A,10047,hourly_seed_10047,f64d1a04f0c570637f6f2a29ec5a97f47c96244df1fde1e2df7901a8e08ce13f,3,78.7965750688,optimal,0,1
reference_3a,eulp_mixed_3a,3A,10047,hourly_seed_10047,f64d1a04f0c570637f6f2a29ec5a97f47c96244df1fde1e2df7901a8e08ce13f,4,54.5700429286,optimal,0,1
reference_3a,eulp_mixed_3a,3A,10047,hourly_seed_10047,f64d1a04f0c570637f6f2a29ec5a97f47c96244df1fde1e2df7901a8e08ce13f,6,54.5700429286,optimal,0,1
reference_3a,eulp_mixed_3a,3A,10047,hourly_seed_10047,f64d1a04f0c570637f6f2a29ec5a97f47c96244df1fde1e2df7901a8e08ce13f,8,41.7366666282,optimal,0,1
reference_3a,eulp_mixed_3a,3A,10048,hourly_seed_10048,2df65a5fd7c356beb2fda1e8d9b4ae1e799c2556d8a9e2d93efc8ccabe378510,1,113.259466505,optimal,0,1
reference_3a,eulp_mixed_3a,3A,10048,hourly_seed_10048,2df65a5fd7c356beb2fda1e8d9b4ae1e799c2556d8a9e2d93efc8ccabe378510,2,111.01493239,optimal,0,1
reference_3a,eulp_mixed_3a,3A,10048,hourly_seed_10048,2df65a5fd7c356beb2fda1e8d9b4ae1e799c2556d8a9e2d93efc8ccabe378510,3,98.700428243,optimal,0,1
reference_3a,eulp_mixed_3a,3A,10048,hourly_seed_10048,2df65a5fd7c356beb2fda1e8d9b4ae1e799c2556d8a9e2d93efc8ccabe378510,4,63.2395918013,optimal,0,1
reference_3a,eulp_mixed_3a,3A,10048,hourly_seed_10048,2df65a5fd7c356beb2fda1e8d9b4ae1e799c2556d8a9e2d93efc8ccabe378510,6,63.2395918013,optimal,0,1
reference_3a,eulp_mixed_3a,3A,10048,hourly_seed_10048,2df65a5fd7c356beb2fda1e8d9b4ae1e799c2556d8a9e2d93efc8ccabe378510,8,51.7236237953,optimal,0,1
reference_3a,eulp_mixed_3a,3A,10049,hourly_seed_10049,042f95f69d3edb9f6a3dcdbdca73b0c2198250371e729611a26ff5a4fa33d6ec,1,90.8308937765,optimal,0,1
reference_3a,eulp_mixed_3a,3A,10049,hourly_seed_10049,042f95f69d3edb9f6a3dcdbdca73b0c2198250371e729611a26ff5a4fa33d6ec,2,61.3017126632,optimal,0,1
reference_3a,eulp_mixed_3a,3A,10049,hourly_seed_10049,042f95f69d3edb9f6a3dcdbdca73b0c2198250371e729611a26ff5a4fa33d6ec,3,49.5106093608,optimal,0,1
reference_3a,eulp_mixed_3a,3A,10049,hourly_seed_10049,042f95f69d3edb9f6a3dcdbdca73b0c2198250371e729611a26ff5a4fa33d6ec,4,49.5106093608,optimal,0,1
reference_3a,eulp_mixed_3a,3A,10049,hourly_seed_10049,042f95f69d3edb9f6a3dcdbdca73b0c2198250371e729611a26ff5a4fa33d6ec,6,49.5106093608,optimal,0,1
reference_3a,eulp_mixed_3a,3A,10049,hourly_seed_10049,042f95f69d3edb9f6a3dcdbdca73b0c2198250371e729611a26ff5a4fa33d6ec,8,47.5796857074,optimal,0,1
reference_3a,eulp_mixed_3a,3A,10050,hourly_seed_10050,1f406bb8a1fa36e06d36c36997c6b4d32523d279c1e323e0e5e376103e9f784a,1,58.3635623157,optimal,0,1
reference_3a,eulp_mixed_3a,3A,10050,hourly_seed_10050,1f406bb8a1fa36e06d36c36997c6b4d32523d279c1e323e0e5e376103e9f784a,2,45.1685704923,optimal,0,1
reference_3a,eulp_mixed_3a,3A,10050,hourly_seed_10050,1f406bb8a1fa36e06d36c36997c6b4d32523d279c1e323e0e5e376103e9f784a,3,45.1685704923,optimal,0,1
reference_3a,eulp_mixed_3a,3A,10050,hourly_seed_10050,1f406bb8a1fa36e06d36c36997c6b4d32523d279c1e323e0e5e376103e9f784a,4,45.1685704923,optimal,0,1
reference_3a,eulp_mixed_3a,3A,10050,hourly_seed_10050,1f406bb8a1fa36e06d36c36997c6b4d32523d279c1e323e0e5e376103e9f784a,6,45.1685704923,optimal,0,1
reference_3a,eulp_mixed_3a,3A,10050,hourly_seed_10050,1f406bb8a1fa36e06d36c36997c6b4d32523d279c1e323e0e5e376103e9f784a,8,45.1685704923,optimal,0,1
reference_3a,eulp_mixed_3a,3A,10051,hourly_seed_10051,a9fc96b24912801e4a3f2981d5b691c722073ebe88decd4308b6e00bf2778455,1,98.0714128615,optimal,0,1
reference_3a,eulp_mixed_3a,3A,10051,hourly_seed_10051,a9fc96b24912801e4a3f2981d5b691c722073ebe88decd4308b6e00bf2778455,2,77.3775963128,optimal,0,1
reference_3a,eulp_mixed_3a,3A,10051,hourly_seed_10051,a9fc96b24912801e4a3f2981d5b691c722073ebe88decd4308b6e00bf2778455,3,77.3775963128,optimal,0,1
reference_3a,eulp_mixed_3a,3A,10051,hourly_seed_10051,a9fc96b24912801e4a3f2981d5b691c722073ebe88decd4308b6e00bf2778455,4,67.8269368006,optimal,0,1
reference_3a,eulp_mixed_3a,3A,10051,hourly_seed_10051,a9fc96b24912801e4a3f2981d5b691c722073ebe88decd4308b6e00bf2778455,6,61.6639333835,optimal,0,1
reference_3a,eulp_mixed_3a,3A,10051,hourly_seed_10051,a9fc96b24912801e4a3f2981d5b691c722073ebe88decd4308b6e00bf2778455,8,61.6639333835,optimal,0,1
reference_3a,eulp_mixed_3a,3A,10052,hourly_seed_10052,5b8fbe2bd56b40042c84a90a80291651028ea20974ec19abc68403c979cbb6fc,1,63.7205325216,optimal,0,1
reference_3a,eulp_mixed_3a,3A,10052,hourly_seed_10052,5b8fbe2bd56b40042c84a90a80291651028ea20974ec19abc68403c979cbb6fc,2,62.4093412326,optimal,0,1
reference_3a,eulp_mixed_3a,3A,10052,hourly_seed_10052,5b8fbe2bd56b40042c84a90a80291651028ea20974ec19abc68403c979cbb6fc,3,62.4093412326,optimal,0,1
reference_3a,eulp_mixed_3a,3A,10052,hourly_seed_10052,5b8fbe2bd56b40042c84a90a80291651028ea20974ec19abc68403c979cbb6fc,4,62.4093412326,optimal,0,1
reference_3a,eulp_mixed_3a,3A,10052,hourly_seed_10052,5b8fbe2bd56b40042c84a90a80291651028ea20974ec19abc68403c979cbb6fc,6,52.3000428283,optimal,0,1
reference_3a,eulp_mixed_3a,3A,10052,hourly_seed_10052,5b8fbe2bd56b40042c84a90a80291651028ea20974ec19abc68403c979cbb6fc,8,52.3000428283,optimal,0,1
reference_3a,eulp_mixed_3a,3A,10053,hourly_seed_10053,37135abfe8de62b3827dfdcd8d267a0b78bccf2094d5bd2df946863faab261b8,1,107.652965812,optimal,0,1
reference_3a,eulp_mixed_3a,3A,10053,hourly_seed_10053,37135abfe8de62b3827dfdcd8d267a0b78bccf2094d5bd2df946863faab261b8,2,80.8534288144,optimal,0,1
reference_3a,eulp_mixed_3a,3A,10053,hourly_seed_10053,37135abfe8de62b3827dfdcd8d267a0b78bccf2094d5bd2df946863faab261b8,3,63.6042871412,optimal,0,1
reference_3a,eulp_mixed_3a,3A,10053,hourly_seed_10053,37135abfe8de62b3827dfdcd8d267a0b78bccf2094d5bd2df946863faab261b8,4,63.6042871412,optimal,0,1
reference_3a,eulp_mixed_3a,3A,10053,hourly_seed_10053,37135abfe8de62b3827dfdcd8d267a0b78bccf2094d5bd2df946863faab261b8,6,63.6042871412,optimal,0,1
reference_3a,eulp_mixed_3a,3A,10053,hourly_seed_10053,37135abfe8de62b3827dfdcd8d267a0b78bccf2094d5bd2df946863faab261b8,8,58.2135619756,optimal,0,1
reference_3a,eulp_mixed_3a,3A,10054,hourly_seed_10054,61a9f614800ba65a7147f9b95bfa1600d8ecd49fed1a83a85a9e627c07beeee5,1,96.008862184,optimal,0,1
reference_3a,eulp_mixed_3a,3A,10054,hourly_seed_10054,61a9f614800ba65a7147f9b95bfa1600d8ecd49fed1a83a85a9e627c07beeee5,2,74.8526683544,optimal,0,1
reference_3a,eulp_mixed_3a,3A,10054,hourly_seed_10054,61a9f614800ba65a7147f9b95bfa1600d8ecd49fed1a83a85a9e627c07beeee5,3,74.8526683544,optimal,0,1
reference_3a,eulp_mixed_3a,3A,10054,hourly_seed_10054,61a9f614800ba65a7147f9b95bfa1600d8ecd49fed1a83a85a9e627c07beeee5,4,74.8526683544,optimal,0,1
reference_3a,eulp_mixed_3a,3A,10054,hourly_seed_10054,61a9f614800ba65a7147f9b95bfa1600d8ecd49fed1a83a85a9e627c07beeee5,6,49.2458141119,optimal,0,1
reference_3a,eulp_mixed_3a,3A,10054,hourly_seed_10054,61a9f614800ba65a7147f9b95bfa1600d8ecd49fed1a83a85a9e627c07beeee5,8,49.2458141119,optimal,0,1
reference_3a,eulp_mixed_3a,3A,10055,hourly_seed_10055,48624d2f0feab9ae3cc60aea85624d35e89b8289929f223fb3a13b20622c70ca,1,100.33684935,optimal,0,1
reference_3a,eulp_mixed_3a,3A,10055,hourly_seed_10055,48624d2f0feab9ae3cc60aea85624d35e89b8289929f223fb3a13b20622c70ca,2,79.2634905072,optimal,0,1
reference_3a,eulp_mixed_3a,3A,10055,hourly_seed_10055,48624d2f0feab9ae3cc60aea85624d35e89b8289929f223fb3a13b20622c70ca,3,71.2747444476,optimal,0,1
reference_3a,eulp_mixed_3a,3A,10055,hourly_seed_10055,48624d2f0feab9ae3cc60aea85624d35e89b8289929f223fb3a13b20622c70ca,4,66.2369514136,optimal,0,1
reference_3a,eulp_mixed_3a,3A,10055,hourly_seed_10055,48624d2f0feab9ae3cc60aea85624d35e89b8289929f223fb3a13b20622c70ca,6,62.173253732,optimal,0,1
reference_3a,eulp_mixed_3a,3A,10055,hourly_seed_10055,48624d2f0feab9ae3cc60aea85624d35e89b8289929f223fb3a13b20622c70ca,8,62.173253732,optimal,0,1
reference_3a,eulp_mixed_3a,3A,10056,hourly_seed_10056,612bb082d2bd3aebd3ae91daa6751192eeb482c1e75279dce8c59d7d30233863,1,108.355418852,optimal,0,1
reference_3a,eulp_mixed_3a,3A,10056,hourly_seed_10056,612bb082d2bd3aebd3ae91daa6751192eeb482c1e75279dce8c59d7d30233863,2,61.163456069,optimal,0,1
reference_3a,eulp_mixed_3a,3A,10056,hourly_seed_10056,612bb082d2bd3aebd3ae91daa6751192eeb482c1e75279dce8c59d7d30233863,3,61.163456069,optimal,0,1
reference_3a,eulp_mixed_3a,3A,10056,hourly_seed_10056,612bb082d2bd3aebd3ae91daa6751192eeb482c1e75279dce8c59d7d30233863,4,61.163456069,optimal,0,1
reference_3a,eulp_mixed_3a,3A,10056,hourly_seed_10056,612bb082d2bd3aebd3ae91daa6751192eeb482c1e75279dce8c59d7d30233863,6,61.163456069,optimal,0,1
reference_3a,eulp_mixed_3a,3A,10056,hourly_seed_10056,612bb082d2bd3aebd3ae91daa6751192eeb482c1e75279dce8c59d7d30233863,8,57.8878060453,optimal,0,1
reference_3a,eulp_mixed_3a,3A,10057,hourly_seed_10057,24684aad406e782cc707e354349776ec95545c3644ece90707848f958847ddbd,1,111.453288697,optimal,0,1
reference_3a,eulp_mixed_3a,3A,10057,hourly_seed_10057,24684aad406e782cc707e354349776ec95545c3644ece90707848f958847ddbd,2,108.431829451,optimal,0,1
reference_3a,eulp_mixed_3a,3A,10057,hourly_seed_10057,24684aad406e782cc707e354349776ec95545c3644ece90707848f958847ddbd,3,52.3862200158,optimal,0,1
reference_3a,eulp_mixed_3a,3A,10057,hourly_seed_10057,24684aad406e782cc707e354349776ec95545c3644ece90707848f958847ddbd,4,52.3862200158,optimal,0,1
reference_3a,eulp_mixed_3a,3A,10057,hourly_seed_10057,24684aad406e782cc707e354349776ec95545c3644ece90707848f958847ddbd,6,52.3862200158,optimal,0,1
reference_3a,eulp_mixed_3a,3A,10057,hourly_seed_10057,24684aad406e782cc707e354349776ec95545c3644ece90707848f958847ddbd,8,52.3862200158,optimal,0,1
reference_3a,eulp_mixed_3a,3A,10058,hourly_seed_10058,e3f562cbea4c5b295f57b632b19fa797f1beafbb132f27f9883245f59e431cd9,1,99.338246282,optimal,0,1
reference_3a,eulp_mixed_3a,3A,10058,hourly_seed_10058,e3f562cbea4c5b295f57b632b19fa797f1beafbb132f27f9883245f59e431cd9,2,66.106644446,optimal,0,1
reference_3a,eulp_mixed_3a,3A,10058,hourly_seed_10058,e3f562cbea4c5b295f57b632b19fa797f1beafbb132f27f9883245f59e431cd9,3,66.106644446,optimal,0,1
reference_3a,eulp_mixed_3a,3A,10058,hourly_seed_10058,e3f562cbea4c5b295f57b632b19fa797f1beafbb132f27f9883245f59e431cd9,4,48.1984638025,optimal,0,1
reference_3a,eulp_mixed_3a,3A,10058,hourly_seed_10058,e3f562cbea4c5b295f57b632b19fa797f1beafbb132f27f9883245f59e431cd9,6,48.1984638025,optimal,0,1
reference_3a,eulp_mixed_3a,3A,10058,hourly_seed_10058,e3f562cbea4c5b295f57b632b19fa797f1beafbb132f27f9883245f59e431cd9,8,48.1984638025,optimal,0,1
reference_3a,eulp_mixed_3a,3A,10059,hourly_seed_10059,fae9ac8765f2beace6eabe9e31d3ddc0d91075ad5c50bbc149590fe1a199be85,1,76.0771926086,optimal,0,1
reference_3a,eulp_mixed_3a,3A,10059,hourly_seed_10059,fae9ac8765f2beace6eabe9e31d3ddc0d91075ad5c50bbc149590fe1a199be85,2,76.0771926086,optimal,0,1
reference_3a,eulp_mixed_3a,3A,10059,hourly_seed_10059,fae9ac8765f2beace6eabe9e31d3ddc0d91075ad5c50bbc149590fe1a199be85,3,76.0771926086,optimal,0,1
reference_3a,eulp_mixed_3a,3A,10059,hourly_seed_10059,fae9ac8765f2beace6eabe9e31d3ddc0d91075ad5c50bbc149590fe1a199be85,4,76.0771926086,optimal,0,1
reference_3a,eulp_mixed_3a,3A,10059,hourly_seed_10059,fae9ac8765f2beace6eabe9e31d3ddc0d91075ad5c50bbc149590fe1a199be85,6,63.7084353802,optimal,0,1
reference_3a,eulp_mixed_3a,3A,10059,hourly_seed_10059,fae9ac8765f2beace6eabe9e31d3ddc0d91075ad5c50bbc149590fe1a199be85,8,59.5915182608,optimal,0,1
reference_3a,eulp_mixed_3a,3A,10060,hourly_seed_10060,2ef9cea40019500efc0aca2084cbd54c5c99c70c9f26d536c3f862716da35b00,1,111.720464317,optimal,0,1
reference_3a,eulp_mixed_3a,3A,10060,hourly_seed_10060,2ef9cea40019500efc0aca2084cbd54c5c99c70c9f26d536c3f862716da35b00,2,110.294844158,optimal,0,1
reference_3a,eulp_mixed_3a,3A,10060,hourly_seed_10060,2ef9cea40019500efc0aca2084cbd54c5c99c70c9f26d536c3f862716da35b00,3,110.294844158,optimal,0,1
reference_3a,eulp_mixed_3a,3A,10060,hourly_seed_10060,2ef9cea40019500efc0aca2084cbd54c5c99c70c9f26d536c3f862716da35b00,4,105.237937126,optimal,0,1
reference_3a,eulp_mixed_3a,3A,10060,hourly_seed_10060,2ef9cea40019500efc0aca2084cbd54c5c99c70c9f26d536c3f862716da35b00,6,64.8293061517,optimal,0,1
reference_3a,eulp_mixed_3a,3A,10060,hourly_seed_10060,2ef9cea40019500efc0aca2084cbd54c5c99c70c9f26d536c3f862716da35b00,8,64.8293061517,optimal,0,1
reference_3a,eulp_mixed_3a,3A,10061,hourly_seed_10061,e500e0e6f24f7612b51aee9809cca8856a556b9620e225a00cc636dac1a8d7c5,1,68.6486292503,optimal,0,1
reference_3a,eulp_mixed_3a,3A,10061,hourly_seed_10061,e500e0e6f24f7612b51aee9809cca8856a556b9620e225a00cc636dac1a8d7c5,2,57.707045724,optimal,0,1
reference_3a,eulp_mixed_3a,3A,10061,hourly_seed_10061,e500e0e6f24f7612b51aee9809cca8856a556b9620e225a00cc636dac1a8d7c5,3,57.707045724,optimal,0,1
reference_3a,eulp_mixed_3a,3A,10061,hourly_seed_10061,e500e0e6f24f7612b51aee9809cca8856a556b9620e225a00cc636dac1a8d7c5,4,57.707045724,optimal,0,1
reference_3a,eulp_mixed_3a,3A,10061,hourly_seed_10061,e500e0e6f24f7612b51aee9809cca8856a556b9620e225a00cc636dac1a8d7c5,6,57.707045724,optimal,0,1
reference_3a,eulp_mixed_3a,3A,10061,hourly_seed_10061,e500e0e6f24f7612b51aee9809cca8856a556b9620e225a00cc636dac1a8d7c5,8,57.707045724,optimal,0,1
reference_3a,eulp_mixed_3a,3A,10062,hourly_seed_10062,1d21213c2358ee2a8ce98354b1c6aabdbcff7850af25684b9a9c814763f3ecd8,1,98.8856275351,optimal,0,1
reference_3a,eulp_mixed_3a,3A,10062,hourly_seed_10062,1d21213c2358ee2a8ce98354b1c6aabdbcff7850af25684b9a9c814763f3ecd8,2,64.8032078454,optimal,0,1
reference_3a,eulp_mixed_3a,3A,10062,hourly_seed_10062,1d21213c2358ee2a8ce98354b1c6aabdbcff7850af25684b9a9c814763f3ecd8,3,64.8032078454,optimal,0,1
reference_3a,eulp_mixed_3a,3A,10062,hourly_seed_10062,1d21213c2358ee2a8ce98354b1c6aabdbcff7850af25684b9a9c814763f3ecd8,4,60.6469101464,optimal,0,1
reference_3a,eulp_mixed_3a,3A,10062,hourly_seed_10062,1d21213c2358ee2a8ce98354b1c6aabdbcff7850af25684b9a9c814763f3ecd8,6,49.8265053706,optimal,0,1
reference_3a,eulp_mixed_3a,3A,10062,hourly_seed_10062,1d21213c2358ee2a8ce98354b1c6aabdbcff7850af25684b9a9c814763f3ecd8,8,49.8265053706,optimal,0,1
reference_3a,eulp_mixed_3a,3A,10063,hourly_seed_10063,04f1e0b1757334488a161700f7ec4703628e7a0c9dd5aa30d7015646e3f79e50,1,96.6550678666,optimal,0,1
reference_3a,eulp_mixed_3a,3A,10063,hourly_seed_10063,04f1e0b1757334488a161700f7ec4703628e7a0c9dd5aa30d7015646e3f79e50,2,95.0837499765,optimal,0,1
reference_3a,eulp_mixed_3a,3A,10063,hourly_seed_10063,04f1e0b1757334488a161700f7ec4703628e7a0c9dd5aa30d7015646e3f79e50,3,95.0837499765,optimal,0,1
reference_3a,eulp_mixed_3a,3A,10063,hourly_seed_10063,04f1e0b1757334488a161700f7ec4703628e7a0c9dd5aa30d7015646e3f79e50,4,62.8695181208,optimal,0,1
reference_3a,eulp_mixed_3a,3A,10063,hourly_seed_10063,04f1e0b1757334488a161700f7ec4703628e7a0c9dd5aa30d7015646e3f79e50,6,62.8695181208,optimal,0,1
reference_3a,eulp_mixed_3a,3A,10063,hourly_seed_10063,04f1e0b1757334488a161700f7ec4703628e7a0c9dd5aa30d7015646e3f79e50,8,58.29142815,optimal,0,1
reference_3a,eulp_mixed_3a,3A,10064,hourly_seed_10064,c22f97ef7c6192453e8099834f002420965dd55ff00e77ca29699904a13ec3a9,1,69.14750815,optimal,0,1
reference_3a,eulp_mixed_3a,3A,10064,hourly_seed_10064,c22f97ef7c6192453e8099834f002420965dd55ff00e77ca29699904a13ec3a9,2,69.14750815,optimal,0,1
reference_3a,eulp_mixed_3a,3A,10064,hourly_seed_10064,c22f97ef7c6192453e8099834f002420965dd55ff00e77ca29699904a13ec3a9,3,63.4878191842,optimal,0,1
reference_3a,eulp_mixed_3a,3A,10064,hourly_seed_10064,c22f97ef7c6192453e8099834f002420965dd55ff00e77ca29699904a13ec3a9,4,46.0279725916,optimal,0,1
reference_3a,eulp_mixed_3a,3A,10064,hourly_seed_10064,c22f97ef7c6192453e8099834f002420965dd55ff00e77ca29699904a13ec3a9,6,46.0279725916,optimal,0,1
reference_3a,eulp_mixed_3a,3A,10064,hourly_seed_10064,c22f97ef7c6192453e8099834f002420965dd55ff00e77ca29699904a13ec3a9,8,46.0279725916,optimal,0,1
reference_3a,eulp_mixed_3a,3A,10065,hourly_seed_10065,74b202f07a1d46219b6e4ad2a1c0d8c1b63a436cb0cd942b713b71583a5575f2,1,99.0389829702,optimal,0,1
reference_3a,eulp_mixed_3a,3A,10065,hourly_seed_10065,74b202f07a1d46219b6e4ad2a1c0d8c1b63a436cb0cd942b713b71583a5575f2,2,99.0389829702,optimal,0,1
reference_3a,eulp_mixed_3a,3A,10065,hourly_seed_10065,74b202f07a1d46219b6e4ad2a1c0d8c1b63a436cb0cd942b713b71583a5575f2,3,99.0389829702,optimal,0,1
reference_3a,eulp_mixed_3a,3A,10065,hourly_seed_10065,74b202f07a1d46219b6e4ad2a1c0d8c1b63a436cb0cd942b713b71583a5575f2,4,61.3116178264,optimal,0,1
reference_3a,eulp_mixed_3a,3A,10065,hourly_seed_10065,74b202f07a1d46219b6e4ad2a1c0d8c1b63a436cb0cd942b713b71583a5575f2,6,61.3116178264,optimal,0,1
reference_3a,eulp_mixed_3a,3A,10065,hourly_seed_10065,74b202f07a1d46219b6e4ad2a1c0d8c1b63a436cb0cd942b713b71583a5575f2,8,57.6663928108,optimal,0,1
reference_3a,eulp_mixed_3a,3A,10066,hourly_seed_10066,504248a7e1ac652379ce38ac19bbb858f7d1171226655e65e5ee55162bb21a90,1,89.4239836964,optimal,0,1
reference_3a,eulp_mixed_3a,3A,10066,hourly_seed_10066,504248a7e1ac652379ce38ac19bbb858f7d1171226655e65e5ee55162bb21a90,2,83.9131543921,optimal,0,1
reference_3a,eulp_mixed_3a,3A,10066,hourly_seed_10066,504248a7e1ac652379ce38ac19bbb858f7d1171226655e65e5ee55162bb21a90,3,63.3951580001,optimal,0,1
reference_3a,eulp_mixed_3a,3A,10066,hourly_seed_10066,504248a7e1ac652379ce38ac19bbb858f7d1171226655e65e5ee55162bb21a90,4,39.97071219,optimal,0,1
reference_3a,eulp_mixed_3a,3A,10066,hourly_seed_10066,504248a7e1ac652379ce38ac19bbb858f7d1171226655e65e5ee55162bb21a90,6,39.97071219,optimal,0,1
reference_3a,eulp_mixed_3a,3A,10066,hourly_seed_10066,504248a7e1ac652379ce38ac19bbb858f7d1171226655e65e5ee55162bb21a90,8,39.97071219,optimal,0,1
reference_3a,eulp_mixed_3a,3A,10067,hourly_seed_10067,5b894950cd896b09c9ce2597730fa3bcfbdfe4bba24037a69e762ccb08de6357,1,84.1480273393,optimal,0,1
reference_3a,eulp_mixed_3a,3A,10067,hourly_seed_10067,5b894950cd896b09c9ce2597730fa3bcfbdfe4bba24037a69e762ccb08de6357,2,84.1480273393,optimal,0,1
reference_3a,eulp_mixed_3a,3A,10067,hourly_seed_10067,5b894950cd896b09c9ce2597730fa3bcfbdfe4bba24037a69e762ccb08de6357,3,84.1480273393,optimal,0,1
reference_3a,eulp_mixed_3a,3A,10067,hourly_seed_10067,5b894950cd896b09c9ce2597730fa3bcfbdfe4bba24037a69e762ccb08de6357,4,69.3794923431,optimal,0,1
reference_3a,eulp_mixed_3a,3A,10067,hourly_seed_10067,5b894950cd896b09c9ce2597730fa3bcfbdfe4bba24037a69e762ccb08de6357,6,52.7777176409,optimal,0,1
reference_3a,eulp_mixed_3a,3A,10067,hourly_seed_10067,5b894950cd896b09c9ce2597730fa3bcfbdfe4bba24037a69e762ccb08de6357,8,47.5661517899,optimal,0,1
reference_3a,eulp_mixed_3a,3A,10068,hourly_seed_10068,c08b5d41399858aba6edc9603e9b8eaa161ddc8815b980af608251f7fbf25ad5,1,79.9373500401,optimal,0,1
reference_3a,eulp_mixed_3a,3A,10068,hourly_seed_10068,c08b5d41399858aba6edc9603e9b8eaa161ddc8815b980af608251f7fbf25ad5,2,79.9373500401,optimal,0,1
reference_3a,eulp_mixed_3a,3A,10068,hourly_seed_10068,c08b5d41399858aba6edc9603e9b8eaa161ddc8815b980af608251f7fbf25ad5,3,69.2471330228,optimal,0,1
reference_3a,eulp_mixed_3a,3A,10068,hourly_seed_10068,c08b5d41399858aba6edc9603e9b8eaa161ddc8815b980af608251f7fbf25ad5,4,53.7883181972,optimal,0,1
reference_3a,eulp_mixed_3a,3A,10068,hourly_seed_10068,c08b5d41399858aba6edc9603e9b8eaa161ddc8815b980af608251f7fbf25ad5,6,50.530803341,optimal,0,1
reference_3a,eulp_mixed_3a,3A,10068,hourly_seed_10068,c08b5d41399858aba6edc9603e9b8eaa161ddc8815b980af608251f7fbf25ad5,8,50.530803341,optimal,0,1
reference_3a,eulp_mixed_3a,3A,10069,hourly_seed_10069,1658fc3e3ff11cc69841857fd44970b22a61fa633870e625ae9dde072d9e03e0,1,57.7230516026,optimal,0,1
reference_3a,eulp_mixed_3a,3A,10069,hourly_seed_10069,1658fc3e3ff11cc69841857fd44970b22a61fa633870e625ae9dde072d9e03e0,2,57.7230516026,optimal,0,1
reference_3a,eulp_mixed_3a,3A,10069,hourly_seed_10069,1658fc3e3ff11cc69841857fd44970b22a61fa633870e625ae9dde072d9e03e0,3,57.7230516026,optimal,0,1
reference_3a,eulp_mixed_3a,3A,10069,hourly_seed_10069,1658fc3e3ff11cc69841857fd44970b22a61fa633870e625ae9dde072d9e03e0,4,57.7230516026,optimal,0,1
reference_3a,eulp_mixed_3a,3A,10069,hourly_seed_10069,1658fc3e3ff11cc69841857fd44970b22a61fa633870e625ae9dde072d9e03e0,6,57.7230516026,optimal,0,1
reference_3a,eulp_mixed_3a,3A,10069,hourly_seed_10069,1658fc3e3ff11cc69841857fd44970b22a61fa633870e625ae9dde072d9e03e0,8,57.7230516026,optimal,0,1
reference_3a,eulp_mixed_3a,3A,10070,hourly_seed_10070,5fb169816a00290e8507c86cc10e3e208cebdd88448ea3f8b9f507997fbb1bc9,1,106.229583951,optimal,0,1
reference_3a,eulp_mixed_3a,3A,10070,hourly_seed_10070,5fb169816a00290e8507c86cc10e3e208cebdd88448ea3f8b9f507997fbb1bc9,2,44.4641470777,optimal,0,1
reference_3a,eulp_mixed_3a,3A,10070,hourly_seed_10070,5fb169816a00290e8507c86cc10e3e208cebdd88448ea3f8b9f507997fbb1bc9,3,44.4641470777,optimal,0,1
reference_3a,eulp_mixed_3a,3A,10070,hourly_seed_10070,5fb169816a00290e8507c86cc10e3e208cebdd88448ea3f8b9f507997fbb1bc9,4,44.4641470777,optimal,0,1
reference_3a,eulp_mixed_3a,3A,10070,hourly_seed_10070,5fb169816a00290e8507c86cc10e3e208cebdd88448ea3f8b9f507997fbb1bc9,6,44.4641470777,optimal,0,1
reference_3a,eulp_mixed_3a,3A,10070,hourly_seed_10070,5fb169816a00290e8507c86cc10e3e208cebdd88448ea3f8b9f507997fbb1bc9,8,44.4641470777,optimal,0,1
reference_3a,eulp_mixed_3a,3A,10071,hourly_seed_10071,d42a8f306f492ab85189653453ad8450c4cf69f6cbc3cb74f9430ad5cc61fe8b,1,106.958542433,optimal,0,1
reference_3a,eulp_mixed_3a,3A,10071,hourly_seed_10071,d42a8f306f492ab85189653453ad8450c4cf69f6cbc3cb74f9430ad5cc61fe8b,2,105.341565046,optimal,0,1
reference_3a,eulp_mixed_3a,3A,10071,hourly_seed_10071,d42a8f306f492ab85189653453ad8450c4cf69f6cbc3cb74f9430ad5cc61fe8b,3,105.341565046,optimal,0,1
reference_3a,eulp_mixed_3a,3A,10071,hourly_seed_10071,d42a8f306f492ab85189653453ad8450c4cf69f6cbc3cb74f9430ad5cc61fe8b,4,92.0240542891,optimal,0,1
reference_3a,eulp_mixed_3a,3A,10071,hourly_seed_10071,d42a8f306f492ab85189653453ad8450c4cf69f6cbc3cb74f9430ad5cc61fe8b,6,77.3031093517,optimal,0,1
reference_3a,eulp_mixed_3a,3A,10071,hourly_seed_10071,d42a8f306f492ab85189653453ad8450c4cf69f6cbc3cb74f9430ad5cc61fe8b,8,62.525312277,optimal,0,1
reference_3a,eulp_mixed_3a,3A,10072,hourly_seed_10072,b60fd09307c9b28fee8dfdb8b65ed5bf70607ab9888d674d6cfb8a9a954101c7,1,113.142393727,optimal,0,1
reference_3a,eulp_mixed_3a,3A,10072,hourly_seed_10072,b60fd09307c9b28fee8dfdb8b65ed5bf70607ab9888d674d6cfb8a9a954101c7,2,91.9987708661,optimal,0,1
reference_3a,eulp_mixed_3a,3A,10072,hourly_seed_10072,b60fd09307c9b28fee8dfdb8b65ed5bf70607ab9888d674d6cfb8a9a954101c7,3,77.6659317995,optimal,0,1
reference_3a,eulp_mixed_3a,3A,10072,hourly_seed_10072,b60fd09307c9b28fee8dfdb8b65ed5bf70607ab9888d674d6cfb8a9a954101c7,4,56.406894091,optimal,0,1
reference_3a,eulp_mixed_3a,3A,10072,hourly_seed_10072,b60fd09307c9b28fee8dfdb8b65ed5bf70607ab9888d674d6cfb8a9a954101c7,6,55.1466808312,optimal,0,1
reference_3a,eulp_mixed_3a,3A,10072,hourly_seed_10072,b60fd09307c9b28fee8dfdb8b65ed5bf70607ab9888d674d6cfb8a9a954101c7,8,45.3059950548,optimal,0,1
reference_3a,eulp_mixed_3a,3A,10073,hourly_seed_10073,e47a1de70fd86d215073bbd14a59d6956c7be8883c60c17410c20f85f8761f8f,1,110.92580993,optimal,0,1
reference_3a,eulp_mixed_3a,3A,10073,hourly_seed_10073,e47a1de70fd86d215073bbd14a59d6956c7be8883c60c17410c20f85f8761f8f,2,110.92580993,optimal,0,1
reference_3a,eulp_mixed_3a,3A,10073,hourly_seed_10073,e47a1de70fd86d215073bbd14a59d6956c7be8883c60c17410c20f85f8761f8f,3,110.92580993,optimal,0,1
reference_3a,eulp_mixed_3a,3A,10073,hourly_seed_10073,e47a1de70fd86d215073bbd14a59d6956c7be8883c60c17410c20f85f8761f8f,4,82.025515036,optimal,0,1
reference_3a,eulp_mixed_3a,3A,10073,hourly_seed_10073,e47a1de70fd86d215073bbd14a59d6956c7be8883c60c17410c20f85f8761f8f,6,61.1167509862,optimal,0,1
reference_3a,eulp_mixed_3a,3A,10073,hourly_seed_10073,e47a1de70fd86d215073bbd14a59d6956c7be8883c60c17410c20f85f8761f8f,8,58.0780378393,optimal,0,1
reference_3a,eulp_mixed_3a,3A,10074,hourly_seed_10074,b8227f431f205431267f046c4ace80a8559aaa1976b811b19173a2f047dfb159,1,63.282700811,optimal,0,1
reference_3a,eulp_mixed_3a,3A,10074,hourly_seed_10074,b8227f431f205431267f046c4ace80a8559aaa1976b811b19173a2f047dfb159,2,63.282700811,optimal,0,1
reference_3a,eulp_mixed_3a,3A,10074,hourly_seed_10074,b8227f431f205431267f046c4ace80a8559aaa1976b811b19173a2f047dfb159,3,63.282700811,optimal,0,1
reference_3a,eulp_mixed_3a,3A,10074,hourly_seed_10074,b8227f431f205431267f046c4ace80a8559aaa1976b811b19173a2f047dfb159,4,63.282700811,optimal,0,1
reference_3a,eulp_mixed_3a,3A,10074,hourly_seed_10074,b8227f431f205431267f046c4ace80a8559aaa1976b811b19173a2f047dfb159,6,63.282700811,optimal,0,1
reference_3a,eulp_mixed_3a,3A,10074,hourly_seed_10074,b8227f431f205431267f046c4ace80a8559aaa1976b811b19173a2f047dfb159,8,50.6798062557,optimal,0,1
reference_3a,eulp_mixed_3a,3A,10075,hourly_seed_10075,b76deace361090c918f477717f0c21c6d2626e190f0e626cc71fc7d242431f39,1,112.379427444,optimal,0,1
reference_3a,eulp_mixed_3a,3A,10075,hourly_seed_10075,b76deace361090c918f477717f0c21c6d2626e190f0e626cc71fc7d242431f39,2,112.033354697,optimal,0,1
reference_3a,eulp_mixed_3a,3A,10075,hourly_seed_10075,b76deace361090c918f477717f0c21c6d2626e190f0e626cc71fc7d242431f39,3,84.553991454,optimal,0,1
reference_3a,eulp_mixed_3a,3A,10075,hourly_seed_10075,b76deace361090c918f477717f0c21c6d2626e190f0e626cc71fc7d242431f39,4,84.553991454,optimal,0,1
reference_3a,eulp_mixed_3a,3A,10075,hourly_seed_10075,b76deace361090c918f477717f0c21c6d2626e190f0e626cc71fc7d242431f39,6,75.7816307019,optimal,0,1
reference_3a,eulp_mixed_3a,3A,10075,hourly_seed_10075,b76deace361090c918f477717f0c21c6d2626e190f0e626cc71fc7d242431f39,8,58.2827347478,optimal,0,1
reference_3a,eulp_mixed_3a,3A,10076,hourly_seed_10076,8a7c7900b3e5fd179bbd6cf0c2cbaeb3c111b2fb232dbde54bd10c87acc3c7de,1,78.4749021282,optimal,0,1
reference_3a,eulp_mixed_3a,3A,10076,hourly_seed_10076,8a7c7900b3e5fd179bbd6cf0c2cbaeb3c111b2fb232dbde54bd10c87acc3c7de,2,53.274947791,optimal,0,1
reference_3a,eulp_mixed_3a,3A,10076,hourly_seed_10076,8a7c7900b3e5fd179bbd6cf0c2cbaeb3c111b2fb232dbde54bd10c87acc3c7de,3,53.274947791,optimal,0,1
reference_3a,eulp_mixed_3a,3A,10076,hourly_seed_10076,8a7c7900b3e5fd179bbd6cf0c2cbaeb3c111b2fb232dbde54bd10c87acc3c7de,4,53.2600930194,optimal,0,1
reference_3a,eulp_mixed_3a,3A,10076,hourly_seed_10076,8a7c7900b3e5fd179bbd6cf0c2cbaeb3c111b2fb232dbde54bd10c87acc3c7de,6,53.2600930194,optimal,0,1
reference_3a,eulp_mixed_3a,3A,10076,hourly_seed_10076,8a7c7900b3e5fd179bbd6cf0c2cbaeb3c111b2fb232dbde54bd10c87acc3c7de,8,53.2600930194,optimal,0,1
reference_3a,eulp_mixed_3a,3A,10077,hourly_seed_10077,dc4556cb5df9b2b7da486dfc2887d014ed607d6d21c9987d571d6a6c46d42f1d,1,88.6018118263,optimal,0,1
reference_3a,eulp_mixed_3a,3A,10077,hourly_seed_10077,dc4556cb5df9b2b7da486dfc2887d014ed607d6d21c9987d571d6a6c46d42f1d,2,66.9166791179,optimal,0,1
reference_3a,eulp_mixed_3a,3A,10077,hourly_seed_10077,dc4556cb5df9b2b7da486dfc2887d014ed607d6d21c9987d571d6a6c46d42f1d,3,66.9166791179,optimal,0,1
reference_3a,eulp_mixed_3a,3A,10077,hourly_seed_10077,dc4556cb5df9b2b7da486dfc2887d014ed607d6d21c9987d571d6a6c46d42f1d,4,66.9166791179,optimal,0,1
reference_3a,eulp_mixed_3a,3A,10077,hourly_seed_10077,dc4556cb5df9b2b7da486dfc2887d014ed607d6d21c9987d571d6a6c46d42f1d,6,61.7086824205,optimal,0,1
reference_3a,eulp_mixed_3a,3A,10077,hourly_seed_10077,dc4556cb5df9b2b7da486dfc2887d014ed607d6d21c9987d571d6a6c46d42f1d,8,61.7086824205,optimal,0,1
reference_3a,eulp_mixed_3a,3A,10078,hourly_seed_10078,6dc0b7927895ad3926e4c9327001c3e192c5e816c572bf411d061d5edf197518,1,56.4243432627,optimal,0,1
reference_3a,eulp_mixed_3a,3A,10078,hourly_seed_10078,6dc0b7927895ad3926e4c9327001c3e192c5e816c572bf411d061d5edf197518,2,56.4243432627,optimal,0,1
reference_3a,eulp_mixed_3a,3A,10078,hourly_seed_10078,6dc0b7927895ad3926e4c9327001c3e192c5e816c572bf411d061d5edf197518,3,56.4243432627,optimal,0,1
reference_3a,eulp_mixed_3a,3A,10078,hourly_seed_10078,6dc0b7927895ad3926e4c9327001c3e192c5e816c572bf411d061d5edf197518,4,45.8199705777,optimal,0,1
reference_3a,eulp_mixed_3a,3A,10078,hourly_seed_10078,6dc0b7927895ad3926e4c9327001c3e192c5e816c572bf411d061d5edf197518,6,45.8199705777,optimal,0,1
reference_3a,eulp_mixed_3a,3A,10078,hourly_seed_10078,6dc0b7927895ad3926e4c9327001c3e192c5e816c572bf411d061d5edf197518,8,45.8199705777,optimal,0,1
reference_3a,eulp_mixed_3a,3A,10079,hourly_seed_10079,15037a349087ac82155430b2ac8d764dc09dcc11110595a08071267d662420ac,1,53.0050632979,optimal,0,1
reference_3a,eulp_mixed_3a,3A,10079,hourly_seed_10079,15037a349087ac82155430b2ac8d764dc09dcc11110595a08071267d662420ac,2,46.4717178151,optimal,0,1
reference_3a,eulp_mixed_3a,3A,10079,hourly_seed_10079,15037a349087ac82155430b2ac8d764dc09dcc11110595a08071267d662420ac,3,46.4717178151,optimal,0,1
reference_3a,eulp_mixed_3a,3A,10079,hourly_seed_10079,15037a349087ac82155430b2ac8d764dc09dcc11110595a08071267d662420ac,4,46.4717178151,optimal,0,1
reference_3a,eulp_mixed_3a,3A,10079,hourly_seed_10079,15037a349087ac82155430b2ac8d764dc09dcc11110595a08071267d662420ac,6,46.4717178151,optimal,0,1
reference_3a,eulp_mixed_3a,3A,10079,hourly_seed_10079,15037a349087ac82155430b2ac8d764dc09dcc11110595a08071267d662420ac,8,46.4717178151,optimal,0,1
reference_3a,eulp_mixed_3a,3A,10080,hourly_seed_10080,1e93a556ecb92fc0cab8145e633f28187a7371350d442397e50e5c6494832fa3,1,73.9135384471,optimal,0,1
reference_3a,eulp_mixed_3a,3A,10080,hourly_seed_10080,1e93a556ecb92fc0cab8145e633f28187a7371350d442397e50e5c6494832fa3,2,64.7442802868,optimal,0,1
reference_3a,eulp_mixed_3a,3A,10080,hourly_seed_10080,1e93a556ecb92fc0cab8145e633f28187a7371350d442397e50e5c6494832fa3,3,64.7442802868,optimal,0,1
reference_3a,eulp_mixed_3a,3A,10080,hourly_seed_10080,1e93a556ecb92fc0cab8145e633f28187a7371350d442397e50e5c6494832fa3,4,43.0051291549,optimal,0,1
reference_3a,eulp_mixed_3a,3A,10080,hourly_seed_10080,1e93a556ecb92fc0cab8145e633f28187a7371350d442397e50e5c6494832fa3,6,43.0051291549,optimal,0,1
reference_3a,eulp_mixed_3a,3A,10080,hourly_seed_10080,1e93a556ecb92fc0cab8145e633f28187a7371350d442397e50e5c6494832fa3,8,43.0051291549,optimal,0,1
reference_3a,eulp_mixed_3a,3A,10081,hourly_seed_10081,e477739ba52dce56b83a9285ec61031f580f5b7db0c31786efb2ed7d6757b46e,1,96.8004470475,optimal,0,1
reference_3a,eulp_mixed_3a,3A,10081,hourly_seed_10081,e477739ba52dce56b83a9285ec61031f580f5b7db0c31786efb2ed7d6757b46e,2,79.8552246686,optimal,0,1
reference_3a,eulp_mixed_3a,3A,10081,hourly_seed_10081,e477739ba52dce56b83a9285ec61031f580f5b7db0c31786efb2ed7d6757b46e,3,49.3777843413,optimal,0,1
reference_3a,eulp_mixed_3a,3A,10081,hourly_seed_10081,e477739ba52dce56b83a9285ec61031f580f5b7db0c31786efb2ed7d6757b46e,4,49.3777843413,optimal,0,1
reference_3a,eulp_mixed_3a,3A,10081,hourly_seed_10081,e477739ba52dce56b83a9285ec61031f580f5b7db0c31786efb2ed7d6757b46e,6,49.3777843413,optimal,0,1
reference_3a,eulp_mixed_3a,3A,10081,hourly_seed_10081,e477739ba52dce56b83a9285ec61031f580f5b7db0c31786efb2ed7d6757b46e,8,49.3777843413,optimal,0,1
reference_3a,eulp_mixed_3a,3A,10082,hourly_seed_10082,a5ade23ab5701930be4a8f51f6e4817b0bbcad181b4ddca60e28eb64a5a315e8,1,111.85286116,optimal,0,1
reference_3a,eulp_mixed_3a,3A,10082,hourly_seed_10082,a5ade23ab5701930be4a8f51f6e4817b0bbcad181b4ddca60e28eb64a5a315e8,2,111.198084681,optimal,0,1
reference_3a,eulp_mixed_3a,3A,10082,hourly_seed_10082,a5ade23ab5701930be4a8f51f6e4817b0bbcad181b4ddca60e28eb64a5a315e8,3,111.165064629,optimal,0,1
reference_3a,eulp_mixed_3a,3A,10082,hourly_seed_10082,a5ade23ab5701930be4a8f51f6e4817b0bbcad181b4ddca60e28eb64a5a315e8,4,111.165064629,optimal,0,1
reference_3a,eulp_mixed_3a,3A,10082,hourly_seed_10082,a5ade23ab5701930be4a8f51f6e4817b0bbcad181b4ddca60e28eb64a5a315e8,6,74.3138025622,optimal,0,1
reference_3a,eulp_mixed_3a,3A,10082,hourly_seed_10082,a5ade23ab5701930be4a8f51f6e4817b0bbcad181b4ddca60e28eb64a5a315e8,8,61.5762838244,optimal,0,1
reference_3a,eulp_mixed_3a,3A,10083,hourly_seed_10083,b4db3e691c68af968b5e6474092d203d69e8433ed901520a58b2145f63bf5622,1,72.6121172312,optimal,0,1
reference_3a,eulp_mixed_3a,3A,10083,hourly_seed_10083,b4db3e691c68af968b5e6474092d203d69e8433ed901520a58b2145f63bf5622,2,64.0089969988,optimal,0,1
reference_3a,eulp_mixed_3a,3A,10083,hourly_seed_10083,b4db3e691c68af968b5e6474092d203d69e8433ed901520a58b2145f63bf5622,3,54.7803473409,optimal,0,1
reference_3a,eulp_mixed_3a,3A,10083,hourly_seed_10083,b4db3e691c68af968b5e6474092d203d69e8433ed901520a58b2145f63bf5622,4,54.7803473409,optimal,0,1
reference_3a,eulp_mixed_3a,3A,10083,hourly_seed_10083,b4db3e691c68af968b5e6474092d203d69e8433ed901520a58b2145f63bf5622,6,52.9730818981,optimal,0,1
reference_3a,eulp_mixed_3a,3A,10083,hourly_seed_10083,b4db3e691c68af968b5e6474092d203d69e8433ed901520a58b2145f63bf5622,8,52.9730818981,optimal,0,1
reference_3a,eulp_mixed_3a,3A,10084,hourly_seed_10084,e0529439ee73e4be63a9ba549554b4bd3dd962cc4c6b8b557c3ab3721e56f51f,1,65.6952027635,optimal,0,1
reference_3a,eulp_mixed_3a,3A,10084,hourly_seed_10084,e0529439ee73e4be63a9ba549554b4bd3dd962cc4c6b8b557c3ab3721e56f51f,2,65.6952027635,optimal,0,1
reference_3a,eulp_mixed_3a,3A,10084,hourly_seed_10084,e0529439ee73e4be63a9ba549554b4bd3dd962cc4c6b8b557c3ab3721e56f51f,3,65.6952027635,optimal,0,1
reference_3a,eulp_mixed_3a,3A,10084,hourly_seed_10084,e0529439ee73e4be63a9ba549554b4bd3dd962cc4c6b8b557c3ab3721e56f51f,4,65.6952027635,optimal,0,1
reference_3a,eulp_mixed_3a,3A,10084,hourly_seed_10084,e0529439ee73e4be63a9ba549554b4bd3dd962cc4c6b8b557c3ab3721e56f51f,6,65.6952027635,optimal,0,1
reference_3a,eulp_mixed_3a,3A,10084,hourly_seed_10084,e0529439ee73e4be63a9ba549554b4bd3dd962cc4c6b8b557c3ab3721e56f51f,8,62.2129901014,optimal,0,1
reference_3a,eulp_mixed_3a,3A,10085,hourly_seed_10085,aa3c5a56dba4369d398a54b6a4c51dadb85d69822cfc3f3c455abe7cff968c85,1,74.717291408,optimal,0,1
reference_3a,eulp_mixed_3a,3A,10085,hourly_seed_10085,aa3c5a56dba4369d398a54b6a4c51dadb85d69822cfc3f3c455abe7cff968c85,2,74.717291408,optimal,0,1
reference_3a,eulp_mixed_3a,3A,10085,hourly_seed_10085,aa3c5a56dba4369d398a54b6a4c51dadb85d69822cfc3f3c455abe7cff968c85,3,52.9330612291,optimal,0,1
reference_3a,eulp_mixed_3a,3A,10085,hourly_seed_10085,aa3c5a56dba4369d398a54b6a4c51dadb85d69822cfc3f3c455abe7cff968c85,4,52.9330612291,optimal,0,1
reference_3a,eulp_mixed_3a,3A,10085,hourly_seed_10085,aa3c5a56dba4369d398a54b6a4c51dadb85d69822cfc3f3c455abe7cff968c85,6,52.9330612291,optimal,0,1
reference_3a,eulp_mixed_3a,3A,10085,hourly_seed_10085,aa3c5a56dba4369d398a54b6a4c51dadb85d69822cfc3f3c455abe7cff968c85,8,52.9330612291,optimal,0,1
reference_3a,eulp_mixed_3a,3A,10086,hourly_seed_10086,3561cbdfd7823edb5291707bee97cd86c4eae9b649c72a9e4e56a767c520d926,1,111.807179621,optimal,0,1
reference_3a,eulp_mixed_3a,3A,10086,hourly_seed_10086,3561cbdfd7823edb5291707bee97cd86c4eae9b649c72a9e4e56a767c520d926,2,111.807179621,optimal,0,1
reference_3a,eulp_mixed_3a,3A,10086,hourly_seed_10086,3561cbdfd7823edb5291707bee97cd86c4eae9b649c72a9e4e56a767c520d926,3,91.4080632979,optimal,0,1
reference_3a,eulp_mixed_3a,3A,10086,hourly_seed_10086,3561cbdfd7823edb5291707bee97cd86c4eae9b649c72a9e4e56a767c520d926,4,91.4080632979,optimal,0,1
reference_3a,eulp_mixed_3a,3A,10086,hourly_seed_10086,3561cbdfd7823edb5291707bee97cd86c4eae9b649c72a9e4e56a767c520d926,6,56.3651219796,optimal,0,1
reference_3a,eulp_mixed_3a,3A,10086,hourly_seed_10086,3561cbdfd7823edb5291707bee97cd86c4eae9b649c72a9e4e56a767c520d926,8,42.0208743646,optimal,0,1
reference_3a,eulp_mixed_3a,3A,10087,hourly_seed_10087,69d1957dd15c239807831109cc6482e4a6c77dbaf942544eb498b8656a05a847,1,74.7340505602,optimal,0,1
reference_3a,eulp_mixed_3a,3A,10087,hourly_seed_10087,69d1957dd15c239807831109cc6482e4a6c77dbaf942544eb498b8656a05a847,2,70.7544124864,optimal,0,1
reference_3a,eulp_mixed_3a,3A,10087,hourly_seed_10087,69d1957dd15c239807831109cc6482e4a6c77dbaf942544eb498b8656a05a847,3,70.7544124864,optimal,0,1
reference_3a,eulp_mixed_3a,3A,10087,hourly_seed_10087,69d1957dd15c239807831109cc6482e4a6c77dbaf942544eb498b8656a05a847,4,61.4576819324,optimal,0,1
reference_3a,eulp_mixed_3a,3A,10087,hourly_seed_10087,69d1957dd15c239807831109cc6482e4a6c77dbaf942544eb498b8656a05a847,6,61.4576819324,optimal,0,1
reference_3a,eulp_mixed_3a,3A,10087,hourly_seed_10087,69d1957dd15c239807831109cc6482e4a6c77dbaf942544eb498b8656a05a847,8,61.4576819324,optimal,0,1
reference_3a,eulp_mixed_3a,3A,10088,hourly_seed_10088,0ef21090126cb50e722b14035343591398ff244011302b9494976d8a3df1a615,1,88.4497260416,optimal,0,1
reference_3a,eulp_mixed_3a,3A,10088,hourly_seed_10088,0ef21090126cb50e722b14035343591398ff244011302b9494976d8a3df1a615,2,59.1506804883,optimal,0,1
reference_3a,eulp_mixed_3a,3A,10088,hourly_seed_10088,0ef21090126cb50e722b14035343591398ff244011302b9494976d8a3df1a615,3,59.1506804883,optimal,0,1
reference_3a,eulp_mixed_3a,3A,10088,hourly_seed_10088,0ef21090126cb50e722b14035343591398ff244011302b9494976d8a3df1a615,4,59.1506804883,optimal,0,1
reference_3a,eulp_mixed_3a,3A,10088,hourly_seed_10088,0ef21090126cb50e722b14035343591398ff244011302b9494976d8a3df1a615,6,43.2548007984,optimal,0,1
reference_3a,eulp_mixed_3a,3A,10088,hourly_seed_10088,0ef21090126cb50e722b14035343591398ff244011302b9494976d8a3df1a615,8,43.2548007984,optimal,0,1
reference_3a,eulp_mixed_3a,3A,10089,hourly_seed_10089,8fdd777ea583b835d53fdb240c9cc02da19887da727d681d55b09263986755bb,1,113.489621015,optimal,0,1
reference_3a,eulp_mixed_3a,3A,10089,hourly_seed_10089,8fdd777ea583b835d53fdb240c9cc02da19887da727d681d55b09263986755bb,2,86.1515364973,optimal,0,1
reference_3a,eulp_mixed_3a,3A,10089,hourly_seed_10089,8fdd777ea583b835d53fdb240c9cc02da19887da727d681d55b09263986755bb,3,79.2637648135,optimal,0,1
reference_3a,eulp_mixed_3a,3A,10089,hourly_seed_10089,8fdd777ea583b835d53fdb240c9cc02da19887da727d681d55b09263986755bb,4,79.2637648135,optimal,0,1
reference_3a,eulp_mixed_3a,3A,10089,hourly_seed_10089,8fdd777ea583b835d53fdb240c9cc02da19887da727d681d55b09263986755bb,6,51.7498163067,optimal,0,1
reference_3a,eulp_mixed_3a,3A,10089,hourly_seed_10089,8fdd777ea583b835d53fdb240c9cc02da19887da727d681d55b09263986755bb,8,51.7498163067,optimal,0,1
reference_3a,eulp_mixed_3a,3A,10090,hourly_seed_10090,c3eaf4b611c0345983600bc6056a9d5920784717e56af39cf925abf2feba8b89,1,72.6942227409,optimal,0,1
reference_3a,eulp_mixed_3a,3A,10090,hourly_seed_10090,c3eaf4b611c0345983600bc6056a9d5920784717e56af39cf925abf2feba8b89,2,72.6942227409,optimal,0,1
reference_3a,eulp_mixed_3a,3A,10090,hourly_seed_10090,c3eaf4b611c0345983600bc6056a9d5920784717e56af39cf925abf2feba8b89,3,72.6942227409,optimal,0,1
reference_3a,eulp_mixed_3a,3A,10090,hourly_seed_10090,c3eaf4b611c0345983600bc6056a9d5920784717e56af39cf925abf2feba8b89,4,72.6942227409,optimal,0,1
reference_3a,eulp_mixed_3a,3A,10090,hourly_seed_10090,c3eaf4b611c0345983600bc6056a9d5920784717e56af39cf925abf2feba8b89,6,61.5703387505,optimal,0,1
reference_3a,eulp_mixed_3a,3A,10090,hourly_seed_10090,c3eaf4b611c0345983600bc6056a9d5920784717e56af39cf925abf2feba8b89,8,57.860053402,optimal,0,1
reference_3a,eulp_mixed_3a,3A,10091,hourly_seed_10091,02a9e6679254dc5f3f6391e5485becbf002989fad7775163b3657700ebfaa524,1,65.7235404938,optimal,0,1
reference_3a,eulp_mixed_3a,3A,10091,hourly_seed_10091,02a9e6679254dc5f3f6391e5485becbf002989fad7775163b3657700ebfaa524,2,65.7235404938,optimal,0,1
reference_3a,eulp_mixed_3a,3A,10091,hourly_seed_10091,02a9e6679254dc5f3f6391e5485becbf002989fad7775163b3657700ebfaa524,3,65.7235404938,optimal,0,1
reference_3a,eulp_mixed_3a,3A,10091,hourly_seed_10091,02a9e6679254dc5f3f6391e5485becbf002989fad7775163b3657700ebfaa524,4,60.9561196341,optimal,0,1
reference_3a,eulp_mixed_3a,3A,10091,hourly_seed_10091,02a9e6679254dc5f3f6391e5485becbf002989fad7775163b3657700ebfaa524,6,56.8359649266,optimal,0,1
reference_3a,eulp_mixed_3a,3A,10091,hourly_seed_10091,02a9e6679254dc5f3f6391e5485becbf002989fad7775163b3657700ebfaa524,8,56.8359649266,optimal,0,1
reference_3a,eulp_mixed_3a,3A,10092,hourly_seed_10092,d433abd5ffe1c0c2a3ac2bf4327539ea4ae549241bb88b00377fd9c0575af316,1,55.9760946717,optimal,0,1
reference_3a,eulp_mixed_3a,3A,10092,hourly_seed_10092,d433abd5ffe1c0c2a3ac2bf4327539ea4ae549241bb88b00377fd9c0575af316,2,55.9760946717,optimal,0,1
reference_3a,eulp_mixed_3a,3A,10092,hourly_seed_10092,d433abd5ffe1c0c2a3ac2bf4327539ea4ae549241bb88b00377fd9c0575af316,3,55.9760946717,optimal,0,1
reference_3a,eulp_mixed_3a,3A,10092,hourly_seed_10092,d433abd5ffe1c0c2a3ac2bf4327539ea4ae549241bb88b00377fd9c0575af316,4,55.9760946717,optimal,0,1
reference_3a,eulp_mixed_3a,3A,10092,hourly_seed_10092,d433abd5ffe1c0c2a3ac2bf4327539ea4ae549241bb88b00377fd9c0575af316,6,55.9760946717,optimal,0,1
reference_3a,eulp_mixed_3a,3A,10092,hourly_seed_10092,d433abd5ffe1c0c2a3ac2bf4327539ea4ae549241bb88b00377fd9c0575af316,8,55.9760946717,optimal,0,1
reference_3a,eulp_mixed_3a,3A,10093,hourly_seed_10093,dc3622227c593e0309224a5d08c15b95664475cce0866152743ac155435e89ec,1,84.7026374951,optimal,0,1
reference_3a,eulp_mixed_3a,3A,10093,hourly_seed_10093,dc3622227c593e0309224a5d08c15b95664475cce0866152743ac155435e89ec,2,75.3590404145,optimal,0,1
reference_3a,eulp_mixed_3a,3A,10093,hourly_seed_10093,dc3622227c593e0309224a5d08c15b95664475cce0866152743ac155435e89ec,3,61.8683381227,optimal,0,1
reference_3a,eulp_mixed_3a,3A,10093,hourly_seed_10093,dc3622227c593e0309224a5d08c15b95664475cce0866152743ac155435e89ec,4,61.8683381227,optimal,0,1
reference_3a,eulp_mixed_3a,3A,10093,hourly_seed_10093,dc3622227c593e0309224a5d08c15b95664475cce0866152743ac155435e89ec,6,61.8683381227,optimal,0,1
reference_3a,eulp_mixed_3a,3A,10093,hourly_seed_10093,dc3622227c593e0309224a5d08c15b95664475cce0866152743ac155435e89ec,8,61.8683381227,optimal,0,1
reference_3a,eulp_mixed_3a,3A,10094,hourly_seed_10094,976cfc8e2c6437f23bf85f38db5edf52e2c995a97a9bdf96a46229e1884423c9,1,95.8170654368,optimal,0,1
reference_3a,eulp_mixed_3a,3A,10094,hourly_seed_10094,976cfc8e2c6437f23bf85f38db5edf52e2c995a97a9bdf96a46229e1884423c9,2,77.6889553058,optimal,0,1
reference_3a,eulp_mixed_3a,3A,10094,hourly_seed_10094,976cfc8e2c6437f23bf85f38db5edf52e2c995a97a9bdf96a46229e1884423c9,3,69.7301732176,optimal,0,1
reference_3a,eulp_mixed_3a,3A,10094,hourly_seed_10094,976cfc8e2c6437f23bf85f38db5edf52e2c995a97a9bdf96a46229e1884423c9,4,69.7301732176,optimal,0,1
reference_3a,eulp_mixed_3a,3A,10094,hourly_seed_10094,976cfc8e2c6437f23bf85f38db5edf52e2c995a97a9bdf96a46229e1884423c9,6,58.6513197596,optimal,0,1
reference_3a,eulp_mixed_3a,3A,10094,hourly_seed_10094,976cfc8e2c6437f23bf85f38db5edf52e2c995a97a9bdf96a46229e1884423c9,8,52.3623163267,optimal,0,1
reference_3a,eulp_mixed_3a,3A,10095,hourly_seed_10095,8551f70d8919586ac76b62bddda218f67ee4caa24ff4bdbbea0a5460c3b535c7,1,112.19586737,optimal,0,1
reference_3a,eulp_mixed_3a,3A,10095,hourly_seed_10095,8551f70d8919586ac76b62bddda218f67ee4caa24ff4bdbbea0a5460c3b535c7,2,79.0308201757,optimal,0,1
reference_3a,eulp_mixed_3a,3A,10095,hourly_seed_10095,8551f70d8919586ac76b62bddda218f67ee4caa24ff4bdbbea0a5460c3b535c7,3,75.2619274343,optimal,0,1
reference_3a,eulp_mixed_3a,3A,10095,hourly_seed_10095,8551f70d8919586ac76b62bddda218f67ee4caa24ff4bdbbea0a5460c3b535c7,4,67.7468214864,optimal,0,1
reference_3a,eulp_mixed_3a,3A,10095,hourly_seed_10095,8551f70d8919586ac76b62bddda218f67ee4caa24ff4bdbbea0a5460c3b535c7,6,56.5657417224,optimal,0,1
reference_3a,eulp_mixed_3a,3A,10095,hourly_seed_10095,8551f70d8919586ac76b62bddda218f67ee4caa24ff4bdbbea0a5460c3b535c7,8,56.5657417224,optimal,0,1
reference_3a,eulp_mixed_3a,3A,10096,hourly_seed_10096,78c929049c1205640499205cdae35e866b17d98ed27673d95b5b39df86334636,1,112.494942592,optimal,0,1
reference_3a,eulp_mixed_3a,3A,10096,hourly_seed_10096,78c929049c1205640499205cdae35e866b17d98ed27673d95b5b39df86334636,2,111.361674391,optimal,0,1
reference_3a,eulp_mixed_3a,3A,10096,hourly_seed_10096,78c929049c1205640499205cdae35e866b17d98ed27673d95b5b39df86334636,3,103.369038283,optimal,0,1
reference_3a,eulp_mixed_3a,3A,10096,hourly_seed_10096,78c929049c1205640499205cdae35e866b17d98ed27673d95b5b39df86334636,4,91.4860321129,optimal,0,1
reference_3a,eulp_mixed_3a,3A,10096,hourly_seed_10096,78c929049c1205640499205cdae35e866b17d98ed27673d95b5b39df86334636,6,77.9128331066,optimal,0,1
reference_3a,eulp_mixed_3a,3A,10096,hourly_seed_10096,78c929049c1205640499205cdae35e866b17d98ed27673d95b5b39df86334636,8,62.8295568378,optimal,0,1
reference_3a,eulp_mixed_3a,3A,10097,hourly_seed_10097,07a3328181b037678b0aa326e9ac59e65ddd68ca235e0600bd3ca9b0554ec028,1,109.274314256,optimal,0,1
reference_3a,eulp_mixed_3a,3A,10097,hourly_seed_10097,07a3328181b037678b0aa326e9ac59e65ddd68ca235e0600bd3ca9b0554ec028,2,109.274314256,optimal,0,1
reference_3a,eulp_mixed_3a,3A,10097,hourly_seed_10097,07a3328181b037678b0aa326e9ac59e65ddd68ca235e0600bd3ca9b0554ec028,3,90.3288354139,optimal,0,1
reference_3a,eulp_mixed_3a,3A,10097,hourly_seed_10097,07a3328181b037678b0aa326e9ac59e65ddd68ca235e0600bd3ca9b0554ec028,4,62.2827353491,optimal,0,1
reference_3a,eulp_mixed_3a,3A,10097,hourly_seed_10097,07a3328181b037678b0aa326e9ac59e65ddd68ca235e0600bd3ca9b0554ec028,6,62.2827353491,optimal,0,1
reference_3a,eulp_mixed_3a,3A,10097,hourly_seed_10097,07a3328181b037678b0aa326e9ac59e65ddd68ca235e0600bd3ca9b0554ec028,8,57.9034828113,optimal,0,1
reference_3a,eulp_mixed_3a,3A,10098,hourly_seed_10098,991fc61222f478da737a881dfcf463a38e027a567ed4017259843afd87381ca2,1,83.6111380194,optimal,0,1
reference_3a,eulp_mixed_3a,3A,10098,hourly_seed_10098,991fc61222f478da737a881dfcf463a38e027a567ed4017259843afd87381ca2,2,72.4441318528,optimal,0,1
reference_3a,eulp_mixed_3a,3A,10098,hourly_seed_10098,991fc61222f478da737a881dfcf463a38e027a567ed4017259843afd87381ca2,3,41.1908168229,optimal,0,1
reference_3a,eulp_mixed_3a,3A,10098,hourly_seed_10098,991fc61222f478da737a881dfcf463a38e027a567ed4017259843afd87381ca2,4,41.1908168229,optimal,0,1
reference_3a,eulp_mixed_3a,3A,10098,hourly_seed_10098,991fc61222f478da737a881dfcf463a38e027a567ed4017259843afd87381ca2,6,41.1908168229,optimal,0,1
reference_3a,eulp_mixed_3a,3A,10098,hourly_seed_10098,991fc61222f478da737a881dfcf463a38e027a567ed4017259843afd87381ca2,8,41.1908168229,optimal,0,1
reference_3a,eulp_mixed_3a,3A,10099,hourly_seed_10099,9092b3cf248315bc24b3e04c472b0a83c55fff6783b34179e1ada3d85bb6d211,1,67.7466122157,optimal,0,1
reference_3a,eulp_mixed_3a,3A,10099,hourly_seed_10099,9092b3cf248315bc24b3e04c472b0a83c55fff6783b34179e1ada3d85bb6d211,2,58.2538632254,optimal,0,1
reference_3a,eulp_mixed_3a,3A,10099,hourly_seed_10099,9092b3cf248315bc24b3e04c472b0a83c55fff6783b34179e1ada3d85bb6d211,3,58.2538632254,optimal,0,1
reference_3a,eulp_mixed_3a,3A,10099,hourly_seed_10099,9092b3cf248315bc24b3e04c472b0a83c55fff6783b34179e1ada3d85bb6d211,4,58.2538632254,optimal,0,1
reference_3a,eulp_mixed_3a,3A,10099,hourly_seed_10099,9092b3cf248315bc24b3e04c472b0a83c55fff6783b34179e1ada3d85bb6d211,6,51.4781721169,optimal,0,1
reference_3a,eulp_mixed_3a,3A,10099,hourly_seed_10099,9092b3cf248315bc24b3e04c472b0a83c55fff6783b34179e1ada3d85bb6d211,8,51.4781721169,optimal,0,1
